/mmfs1/gscratch/scrubbed/sgvtc/E-graphs for Verifiability/alpha-beta-CROWN/.venv/lib/python3.11/site-packages/torch/jit/_script.py:1488: DeprecationWarning: `torch.jit.script` is deprecated. Please switch to `torch.compile` or `torch.export`.
  warnings.warn(
INFO     11:40:41     [tensor_storage.py:70] Hugepage enabled for branch-and-bound domains.
Configurations:

general:
  device: cuda
  seed: 100
  conv_mode: matrix
  deterministic: false
  double_fp: false
  loss_reduction_func: sum
  sparse_alpha: true
  sparse_interm: true
  save_adv_example: false
  verify_onnxruntime_output: false
  eval_adv_example: false
  onnx_adv_example: false
  show_adv_example: false
  precompile_jit: false
  reset_seed_after_precompile: false
  prepare_only: false
  complete_verifier: bab
  enable_incomplete_verification: true
  csv_name: null
  results_file: out.txt
  root_path: ''
  deterministic_opt: false
  graph_optimizer: 'Customized("custom_graph_optimizer", "default_optimizer")'
  buffer_has_batchdim: false
  save_output: false
  output_file: out.pkl
  return_optimized_model: false
  store_all_specs_on_cpu: false
  adhoc_tuning: null
model:
  name: null
  path: null
  onnx_path: ../../NNs/inception_mnist_convfused.onnx
  onnx_path_prefix: ''
  cache_onnx_conversion: false
  debug_onnx: false
  onnx_quirks: null
  input_shape: null
  onnx_loader: default_onnx_and_vnnlib_loader
  onnx_optimization_flags: []
  onnx_vnnlib_joint_optimization_flags: none
  check_optimized: false
  flatten_final_output: false
  optimize_graph: null
  with_jacobian: false
  bound_opts: null
data:
  start: 0
  end: 10
  select_instance: null
  num_outputs: 10
  mean: [0.0]
  std: [1.0]
  pkl_path: null
  dataset: MNIST
  data_filter_path: null
  data_idx_file: null
specification:
  type: lp
  robustness_type: verified-acc
  norm: .inf
  epsilon: 0.1
  epsilon_min: 0.0
  vnnlib_path: null
  vnnlib_path_prefix: ''
  shrink_eps: null
  rhs_offset: null
solver:
  batch_size: 2048
  auto_enlarge_batch_size: true
  batched_crown_auto_enlarge_max_vram_ratio: 0.9
  min_batch_size_ratio: 0.1
  use_float64_in_last_iteration: false
  early_stop_patience: 10
  start_save_best: 0.5
  bound_prop_method: alpha-crown
  init_bound_prop_method: same
  prune_after_crown: true
  optimize_disjuncts_separately: false
  build_batch_size: 1000000
  skip_with_refined_bound: true
  forward_before_compute_bounds: false
  crown:
    batch_size: 1000000000
    max_crown_size: 1000000000
    activation_bound_option: adaptive
    compare_crown_with_ibp: false
  alpha-crown:
    alpha: true
    lr_alpha: 0.1
    iteration: 100
    share_alphas: false
    lr_decay: 0.98
    full_conv_alpha: true
    max_coeff_mul: .inf
    matmul_share_alphas: false
    disable_optimization: []
    max_time: 1.0
    alpha_dtype: float16
    input_split_alpha_iteration: 5
    input_split_lr_alpha: 0.05
  invprop:
    apply_output_constraints_to: []
    tighten_input_bounds: false
    best_of_oc_and_no_oc: false
    directly_optimize: []
    oc_lr: 0.1
    share_gammas: false
  beta-crown:
    lr_alpha: 0.01
    lr_beta: 0.05
    lr_decay: 0.98
    optimizer: adam
    iteration: 20
    beta: true
    beta_warmup: true
    enable_opt_interm_bounds: false
    all_node_split_LP: false
  forward:
    refine: false
    max_dim: 10000
    reset_threshold: 1.0
  mip:
    unstable_neuron_threshold: 0
    parallel_solvers: null
    solver_threads: 1
    refine_neuron_timeout: 15
    refine_neuron_time_percentage: 0.8
    early_stop: true
    adv_warmup: true
    mip_solver: gurobi
    skip_unsafe: false
    topk_filter: 1.0
    sliding_window: -1
    extra_constraint: false
    refine_neuron_timeout_increasement: 0
    timeout_neuron_percentage: 0.3
    remaining_timeout_threshold: 1
    remove_unstable_neurons: false
    formulation: mip
    output_cut: false
bab:
  max_domains: .inf
  decision_thresh: 0
  timeout: 60
  timeout_scale: 1
  max_iterations: -1
  override_timeout: null
  get_upper_bound: false
  pruning_in_iteration: true
  pruning_in_iteration_ratio: 0.2
  sort_targets: false
  batched_domain_list: true
  optimized_interm: ''
  interm_transfer: true
  recompute_interm: false
  sort_domain_interval: -1
  tree_traversal: depth_first
  hugetensor_allocator: true
  cut:
    enabled: false
    cuts_path: null
    bab_cut: false
    lp_cut: false
    lr: 0.01
    lr_decay: 1.0
    iteration: 100
    bab_iteration: -1
    early_stop_patience: -1
    lr_beta: 0.02
    number_cuts: 50
    topk_cuts_in_filter: 1000
    batch_size_primal: 100
    max_num: 1000000000
    patches_cut: false
    cplex_cuts: false
    cplex_cuts_wait: 0
    cplex_cuts_revpickup: true
    cut_reference_bounds: true
    fix_intermediate_bounds: false
    manual_cuts: null
    record_cplex_cut_to: null
    read_cplex_cut_from: null
    biccos:
      enabled: false
      auto_param: true
      constraint_strengthening: true
      drop_ratio: 0.5
      max_infer_iter: 20
      max_domain: 10000.0
      heuristic: neuron_influence_score
      save_cuts: false
      multi_tree_branching:
        enabled: false
        restore_best_tree: true
        keep_n_best_domains: 50
        target_batch_size: 200
        iterations: 3
  clip_n_verify:
    rearrange_constraints: false
    alpha_crown: false
    prune: false
    final_layer: false
    clip_input_domain:
      enabled: false
      clip_type: relaxed
      clip_neuron_selection_type: ratio
      clip_neuron_selection_value: -1.0
      clip_iterations: 1
      clip_calculate_volume_metrics: false
    clip_interm_domain:
      enabled: false
      with_input: false
      clip_in_alpha_crown: false
      topk_objective: 20
  branching:
    method: kfsb
    candidates: 3
    reduceop: min
    enable_intermediate_bound_opt: false
    branching_input_and_activation: false
    branching_input_and_activation_order: [input, relu]
    branching_input_iterations: 30
    branching_relu_iterations: 50
    save_visited_domains_to: ''
    nonlinear_split:
      method: bbps
      disable: false
      branching_point_method: uniform
      num_branches: 2
      filter: false
      filter_beta: false
      filter_clamp: false
      filter_batch_size: 10000
      filter_iterations: 25
      relu_only: false
      loose_tanh_threshold: null
      branching_point:
        db_path: branching_points.pt
        num_iterations: 1000
        batch_size: 1000000
        range_l: -5.0
        range_u: 5.0
        log_interval: 100
        step_size_1d: 0.01
        step_size: 0.2
    input_split:
      split_hint: null
      enable: false
      reorder_bab: false
      input_dim_threshold: 20
      adv_check: 0
      split_partitions: 2
      sb_margin_weight: 1.0
      sb_sum: false
      sb_primary_spec: null
      bf_backup_thresh: -1
      bf_rhs_offset: 0
      bf_iters: 1000000000.0
      bf_batch_size: 100000
      bf_zero_crossing_score: false
      touch_zero_score: 0
      ibp_enhancement: true
      compare_with_old_bounds: true
      update_rhs_with_attack: false
      sb_coeff_thresh: 0.001
      sort_index: null
      sort_descending: true
      show_progress: false
      presplit_domains: null
      skip_getting_worst_domain: false
  branching_decision_precompute:
    enable: true
  attack:
    enabled: false
    beam_candidates: 8
    beam_depth: 7
    max_dive_fix_ratio: 0.8
    min_local_free_ratio: 0.2
    mip_start_iteration: 5
    mip_timeout: 30.0
    adv_pool_threshold: null
    refined_mip_attacker: false
    refined_batch_size: null
attack:
  general_attack: true
  pgd_order: skip
  pgd_steps: 100
  pgd_restarts: 50
  pgd_batch_size: 100000000
  pgd_early_stop: true
  pgd_lr_decay: 0.99
  pgd_alpha: auto
  pgd_alpha_scale: false
  pgd_loss_mode: null
  pgd_restart_when_stuck: false
  enable_mip_attack: false
  adv_saver: default_adv_saver
  adv_verifier: default_adv_verifier
  early_stop_condition: default_early_stop_condition
  adv_example_finalizer: default_adv_example_finalizer
  pgd_loss: default_pgd_loss
  cex_path: ./test_cex.txt
  attack_mode: PGD
  attack_tolerance: 0.0
  attack_func: attack_with_general_specs
  gama_lambda: 10.0
  gama_decay: 0.9
  input_split:
    pgd_steps: 100
    pgd_restarts: 30
    pgd_alpha: auto
  input_split_check_adv:
    enabled: auto
    pgd_steps: 5
    pgd_restarts: 5
    pgd_alpha: auto
    max_num_domains: 10
debug:
  view_model: false
  lp_test: null
  rescale_vnnlib_ptb: null
  test_optimized_bounds: false
  test_optimized_bounds_after_n_iterations: 0
  print_verbose_decisions: false
  biccos_mip_sanity_check: false
  sanity_check: 0
  z_split_enabled: false
  save_minimal_config: null
  save_minimal_config_omit_keys: []
solving:
  solving_mode: false
  obj_index: 0
/mmfs1/gscratch/scrubbed/sgvtc/E-graphs for Verifiability/alpha-beta-CROWN/.venv/lib/python3.11/site-packages/onnx2pytorch/convert/layer.py:31: UserWarning: The given NumPy array is not writable, and PyTorch does not support non-writable tensors. This means writing to this tensor will result in undefined behavior. You may want to copy the array to protect its data or make it writable before converting it to a tensor. This type of warning will be suppressed for the rest of this program. (Triggered internally at /pytorch/torch/csrc/utils/tensor_numpy.cpp:213.)
  layer.bias.data = torch.from_numpy(numpy_helper.to_array(bias))
/mmfs1/gscratch/scrubbed/sgvtc/E-graphs for Verifiability/alpha-beta-CROWN/.venv/lib/python3.11/site-packages/onnx2pytorch/convert/model.py:151: UserWarning: Using experimental implementation that allows 'batch_size > 1'.Batchnorm layers could potentially produce false outputs.
  warnings.warn(

Experiments at Sat Aug 29 11:40:41 2026 on g3113
Loading onnx ../../NNs/inception_mnist_convfused.onnx with quirks {}
Finished onnx model loading in 0.1961 seconds
ConvertModel(
  (Conv_Conv112_fwd0): Conv2d(1, 8, kernel_size=(3, 3), stride=(1, 1), padding=(1, 1))
  (Relu_Relu119_fwd0): ReLU()
  (Conv_wide_conv_out): Conv2d(8, 16, kernel_size=(3, 3), stride=(1, 1), padding=(1, 1))
  (Split_split_B): Split()
  (Add_Add124_fwd0): Add()
  (Relu_Relu125_fwd0): ReLU()
  (Reshape_Reshape126_fwd0): Reshape(shape=[  -1 6272])
  (Gemm_Add128_fwd0): Linear(in_features=64, out_features=6272, bias=True)
  (Relu_Relu129_fwd0): ReLU()
  (Gemm_Add131_fwd0): Linear(in_features=10, out_features=64, bias=True)
)
Parameters:
  Conv_Conv112_fwd0.weight: shape torch.Size([8, 1, 3, 3])
  Conv_Conv112_fwd0.bias: shape torch.Size([8])
  Conv_wide_conv_out.weight: shape torch.Size([16, 8, 3, 3])
  Conv_wide_conv_out.bias: shape torch.Size([16])
  Gemm_Add128_fwd0.weight: shape torch.Size([64, 6272])
  Gemm_Add128_fwd0.bias: shape torch.Size([64])
  Gemm_Add131_fwd0.weight: shape torch.Size([10, 64])
  Gemm_Add131_fwd0.bias: shape torch.Size([10])
Trying generic MNIST/CIFAR data loader.
/mmfs1/gscratch/scrubbed/sgvtc/E-graphs for Verifiability/alpha-beta-CROWN/complete_verifier/specifications.py:342: UserWarning: Creating a tensor from a list of numpy.ndarrays is extremely slow. Please consider converting the list to a single numpy.ndarray with numpy.array() before converting to a tensor. (Triggered internally at /pytorch/torch/csrc/utils/tensor_new.cpp:253.)
  x_range_list = torch.Tensor(x_range_list).to(dtype=dtype, device=device).view(input_shape + [2])
/mmfs1/gscratch/scrubbed/sgvtc/E-graphs for Verifiability/alpha-beta-CROWN/.venv/lib/python3.11/site-packages/onnx2pytorch/utils.py:21: TracerWarning: Converting a tensor to a Python boolean might cause the trace to be incorrect. We can't record the data flow of Python values, so this value will be treated as a constant in the future. This means that the trace might not generalize to other inputs!
  return value.ndim == 0 or value.shape == torch.Size([1])
/mmfs1/gscratch/scrubbed/sgvtc/E-graphs for Verifiability/alpha-beta-CROWN/.venv/lib/python3.11/site-packages/onnx2pytorch/operations/add.py:34: TracerWarning: Converting a tensor to a Python boolean might cause the trace to be incorrect. We can't record the data flow of Python values, so this value will be treated as a constant in the future. This means that the trace might not generalize to other inputs!
  elif all(x == 1 for x in input[0].shape):
/mmfs1/gscratch/scrubbed/sgvtc/E-graphs for Verifiability/alpha-beta-CROWN/.venv/lib/python3.11/site-packages/onnx2pytorch/operations/reshape.py:36: TracerWarning: Converting a tensor to a Python boolean might cause the trace to be incorrect. We can't record the data flow of Python values, so this value will be treated as a constant in the future. This means that the trace might not generalize to other inputs!
  if shape[0] == 1 and len(shape) in [2, 3, 4, 5] and self.quirks.get("fix_batch_size") is True:
/mmfs1/gscratch/scrubbed/sgvtc/E-graphs for Verifiability/alpha-beta-CROWN/.venv/lib/python3.11/site-packages/onnx2pytorch/operations/reshape.py:54: TracerWarning: torch.tensor results are registered as constants in the trace. You can safely ignore this warning if you use this function to create tensors out of constant variables that would be the same every time you call this function. In any other case, this might cause the trace to be incorrect.
  if (torch.prod(torch.tensor(input.shape)) != torch.prod(shape) and len(input.size()) == len(shape) + 1
/mmfs1/gscratch/scrubbed/sgvtc/E-graphs for Verifiability/alpha-beta-CROWN/.venv/lib/python3.11/site-packages/onnx2pytorch/operations/reshape.py:54: TracerWarning: Using len to get tensor shape might cause the trace to be incorrect. Recommended usage would be tensor.shape[0]. Passing a tensor of different shape might lead to errors or silently give incorrect results.
  if (torch.prod(torch.tensor(input.shape)) != torch.prod(shape) and len(input.size()) == len(shape) + 1
/mmfs1/gscratch/scrubbed/sgvtc/E-graphs for Verifiability/alpha-beta-CROWN/.venv/lib/python3.11/site-packages/onnx2pytorch/operations/reshape.py:58: TracerWarning: Iterating over a tensor might cause the trace to be incorrect. Passing a tensor of different shape won't change the number of iterations executed (and might lead to errors or silently give incorrect results).
  shape = [x if x != 0 else input.size(i) for i, x in enumerate(shape)]
/mmfs1/gscratch/scrubbed/sgvtc/E-graphs for Verifiability/alpha-beta-CROWN/complete_verifier/auto_LiRPA/operators/leaf.py:93: UserWarning: The "has_batchdim" option for BoundBuffers is deprecated. It may be removed from the next release.
  warnings.warn('The "has_batchdim" option for BoundBuffers is deprecated.'
Internal results will be saved to out.txt.

 %%%%%%%%%%%%%%%%%%%%%%%%%%%%%%%%%%% idx: 0, vnnlib ID: 0 %%%%%%%%%%%%%%%%%%%%%%%%%%%%%%%%%%%
Finished vnnlib processing in 0.218544 seconds
Model: BoundedModule(
  (/input-1): BoundInput(name=/input-1, inputs=[], perturbed=True)
  (/shape): BoundBuffers(name=/shape, inputs=[], perturbed=False)
  (/10): BoundParams(name=/10, inputs=[], perturbed=False)
  (/11): BoundParams(name=/11, inputs=[], perturbed=False)
  (/12): BoundParams(name=/12, inputs=[], perturbed=False)
  (/13): BoundParams(name=/13, inputs=[], perturbed=False)
  (/14): BoundParams(name=/14, inputs=[], perturbed=False)
  (/15): BoundParams(name=/15, inputs=[], perturbed=False)
  (/16): BoundParams(name=/16, inputs=[], perturbed=False)
  (/17): BoundParams(name=/17, inputs=[], perturbed=False)
  (/input): BoundConv(name=/input, inputs=[/input-1, /10, /11], perturbed=True)
  (/input-4): BoundRelu(name=/input-4, inputs=[/input], perturbed=True)
  (/tensor): BoundConv(name=/tensor, inputs=[/input-4, /12, /13], perturbed=True)
  (/21): BoundSplit(name=/21, inputs=[/tensor], perturbed=True)
  (/22): BoundSplit(name=/22, inputs=[/tensor], perturbed=True)
  (/23): BoundAdd(name=/23, inputs=[/21, /22], perturbed=True)
  (/24): BoundRelu(name=/24, inputs=[/23], perturbed=True)
  (/25): BoundSplit(name=/25, inputs=[/shape], perturbed=False)
  (/26): BoundSplit(name=/26, inputs=[/shape], perturbed=False)
  (/27): BoundConstant(name=/27, value=tensor([0], device='cuda:0'))
  (/28): BoundSqueeze(name=/28, inputs=[/25, /27], perturbed=False)
  (/29): BoundConstant(name=/29, value=tensor([0], device='cuda:0'))
  (/30): BoundSqueeze(name=/30, inputs=[/26, /29], perturbed=False)
  (/31): BoundConstant(name=/31, value=tensor([0], device='cuda:0'))
  (/32): BoundUnsqueeze(name=/32, inputs=[/28, /31], perturbed=False)
  (/33): BoundConstant(name=/33, value=tensor([0], device='cuda:0'))
  (/34): BoundUnsqueeze(name=/34, inputs=[/30, /33], perturbed=False)
  (/35): BoundConcat(name=/35, inputs=[/32, /34], perturbed=False)
  (/36): BoundReshape(name=/36, inputs=[/24, /35], perturbed=True)
  (/input-8): BoundLinear(name=/input-8, inputs=[/36, /14, /15], perturbed=True)
  (/38): BoundRelu(name=/38, inputs=[/input-8], perturbed=True)
  (/39): BoundLinear(name=/39, inputs=[/38, /16, /17], perturbed=True)
)
Original output in the first batch: tensor([[-0.51818854, -5.29885626, -0.67026603,  3.93763208,  1.77482486,
          1.43840575, -5.72659492, 11.47263718, -0.30722359,  5.09710073]],
       device='cuda:0')
Split layers:
Nonlinear functions:
   BoundRelu(name=/input-4, inputs=[/input], perturbed=True)
   BoundRelu(name=/24, inputs=[/23], perturbed=True)
   BoundRelu(name=/38, inputs=[/input-8], perturbed=True)
build batch [1/1]
layer /input-4 using sparse-features alpha with shape [1519]; unstable size 1519; total size 6272 ([1, 8, 28, 28])
layer /input-4 start_node /23 using full alpha [2, 6272, 1, 1519] with unstable size None total_size 6272 output_shape torch.Size([8, 28, 28])
layer /input-4 start_node /input-8 using sparse-spec alpha [2, 16, 1, 1519] with unstable size 15 total_size 64 output_shape torch.Size([64])
layer /input-4 start_node /39 using full alpha [2, 9, 1, 1519] with unstable size None total_size 9 output_shape 9
layer /24 using sparse-features alpha with shape [2110]; unstable size 2110; total size 6272 ([1, 8, 28, 28])
layer /24 start_node /input-8 using sparse-spec alpha [2, 16, 1, 2110] with unstable size 15 total_size 64 output_shape torch.Size([64])
layer /24 start_node /39 using full alpha [2, 9, 1, 2110] with unstable size None total_size 9 output_shape 9
layer /38 using sparse-features alpha with shape [15]; unstable size 15; total size 64 ([1, 64])
layer /38 start_node /39 using full alpha [2, 9, 1, 15] with unstable size None total_size 9 output_shape 9
Optimizable variables initialized.
initial CROWN bounds (first 10 items): [5.4501142501831055, 10.351957321166992, 5.003351211547852, 2.3763275146484375, 4.800887584686279, 4.336333751678467, 8.899930000305176, 5.691235065460205, 2.312366485595703]
Verified with initial CROWN!
verified with init bound!
Result: safe-incomplete in 2.7806 seconds

 %%%%%%%%%%%%%%%%%%%%%%%%%%%%%%%%%%% idx: 1, vnnlib ID: 1 %%%%%%%%%%%%%%%%%%%%%%%%%%%%%%%%%%%
Finished vnnlib processing in 0.001349 seconds
Model: BoundedModule(
  (/input-1): BoundInput(name=/input-1, inputs=[], perturbed=True)
  (/shape): BoundBuffers(name=/shape, inputs=[], perturbed=False)
  (/10): BoundParams(name=/10, inputs=[], perturbed=False)
  (/11): BoundParams(name=/11, inputs=[], perturbed=False)
  (/12): BoundParams(name=/12, inputs=[], perturbed=False)
  (/13): BoundParams(name=/13, inputs=[], perturbed=False)
  (/14): BoundParams(name=/14, inputs=[], perturbed=False)
  (/15): BoundParams(name=/15, inputs=[], perturbed=False)
  (/16): BoundParams(name=/16, inputs=[], perturbed=False)
  (/17): BoundParams(name=/17, inputs=[], perturbed=False)
  (/input): BoundConv(name=/input, inputs=[/input-1, /10, /11], perturbed=True)
  (/input-4): BoundRelu(name=/input-4, inputs=[/input], perturbed=True)
  (/tensor): BoundConv(name=/tensor, inputs=[/input-4, /12, /13], perturbed=True)
  (/21): BoundSplit(name=/21, inputs=[/tensor], perturbed=True)
  (/22): BoundSplit(name=/22, inputs=[/tensor], perturbed=True)
  (/23): BoundAdd(name=/23, inputs=[/21, /22], perturbed=True)
  (/24): BoundRelu(name=/24, inputs=[/23], perturbed=True)
  (/25): BoundSplit(name=/25, inputs=[/shape], perturbed=False)
  (/26): BoundSplit(name=/26, inputs=[/shape], perturbed=False)
  (/27): BoundConstant(name=/27, value=tensor([0], device='cuda:0'))
  (/28): BoundSqueeze(name=/28, inputs=[/25, /27], perturbed=False)
  (/29): BoundConstant(name=/29, value=tensor([0], device='cuda:0'))
  (/30): BoundSqueeze(name=/30, inputs=[/26, /29], perturbed=False)
  (/31): BoundConstant(name=/31, value=tensor([0], device='cuda:0'))
  (/32): BoundUnsqueeze(name=/32, inputs=[/28, /31], perturbed=False)
  (/33): BoundConstant(name=/33, value=tensor([0], device='cuda:0'))
  (/34): BoundUnsqueeze(name=/34, inputs=[/30, /33], perturbed=False)
  (/35): BoundConcat(name=/35, inputs=[/32, /34], perturbed=False)
  (/36): BoundReshape(name=/36, inputs=[/24, /35], perturbed=True)
  (/input-8): BoundLinear(name=/input-8, inputs=[/36, /14, /15], perturbed=True)
  (/38): BoundRelu(name=/38, inputs=[/input-8], perturbed=True)
  (/39): BoundLinear(name=/39, inputs=[/38, /16, /17], perturbed=True)
)
Original output in the first batch: tensor([[ 2.39697909, -3.40589261,  8.44154739,  1.25479317, -4.92703009,
          3.14737725,  4.14441681, -6.58302593,  1.36930418, -7.11728144]],
       device='cuda:0')
Split layers:
Nonlinear functions:
   BoundRelu(name=/input-4, inputs=[/input], perturbed=True)
   BoundRelu(name=/24, inputs=[/23], perturbed=True)
   BoundRelu(name=/38, inputs=[/input-8], perturbed=True)
build batch [1/1]
layer /input-4 using sparse-features alpha with shape [1446]; unstable size 1446; total size 6272 ([1, 8, 28, 28])
layer /input-4 start_node /23 using full alpha [2, 6272, 1, 1446] with unstable size None total_size 6272 output_shape torch.Size([8, 28, 28])
layer /input-4 start_node /input-8 using sparse-spec alpha [2, 6, 1, 1446] with unstable size 5 total_size 64 output_shape torch.Size([64])
layer /input-4 start_node /39 using full alpha [2, 9, 1, 1446] with unstable size None total_size 9 output_shape 9
layer /24 using sparse-features alpha with shape [1807]; unstable size 1807; total size 6272 ([1, 8, 28, 28])
layer /24 start_node /input-8 using sparse-spec alpha [2, 6, 1, 1807] with unstable size 5 total_size 64 output_shape torch.Size([64])
layer /24 start_node /39 using full alpha [2, 9, 1, 1807] with unstable size None total_size 9 output_shape 9
layer /38 using sparse-features alpha with shape [5]; unstable size 5; total size 64 ([1, 64])
layer /38 start_node /39 using full alpha [2, 9, 1, 5] with unstable size None total_size 9 output_shape 9
Optimizable variables initialized.
/mmfs1/gscratch/scrubbed/sgvtc/E-graphs for Verifiability/alpha-beta-CROWN/complete_verifier/auto_LiRPA/bound_general.py:1020: UserWarning: Creating an identity matrix with size 6272x6272 for node BoundAdd(name=/23, inputs=[/21, /22], perturbed=True). This may indicate poor performance for bound computation. If you see this message on a small network please submit a bug report.
  sparse_C = self.get_sparse_C(node, ref_intermediate)
initial CROWN bounds (first 10 items): [0.823125958442688, 6.548271179199219, 2.423210620880127, 8.453779220581055, -0.07873845100402832, -0.9741687774658203, 9.673555374145508, 1.6778361797332764, 9.744492530822754]
prune_after_crown optimization in use
  original spec size = torch.Size([1, 9])
  pruned spec size = torch.Size([1, 2])
Using alpha-CROWN to initialize bounds.
best_l after optimization: -0.5012285709381104
alpha/beta optimization time: 6.652559280395508
initial alpha-crown bounds (first 10 items): [0.1702289581298828, -0.6714575290679932]
Global lower bound: -0.6714575290679932
8 / 9 OR specs are verified.
Verified OR indices (first 10 items): [0, 1, 2, 3, 4, 6, 7, 8]
Verified OR lbs (first 10 items): [[inf], [inf], [inf], [inf], [0.1702289581298828], [inf], [inf], [inf]]
Unverified OR indices (first 10 items): [5]
Unverified OR lbs (first 10 items): [[-0.6714575290679932]]
###### Verifying property Instance 1 ######
Batch size: 1
First 10 spec matrices
C: tensor([[[ 0.,  0.,  1.,  0.,  0.,  0., -1.,  0.,  0.,  0.]]], device='cuda:0')
RHS: tensor([[0.]], device='cuda:0')
OR spec sizes: tensor([1], device='cuda:0', dtype=torch.int32)
Remaining timeout: 52.90687608718872
Model prediction is: tensor([ 2.39697909, -3.40589261,  8.44154739,  1.25479317, -4.92703009,
         3.14737725,  4.14441681, -6.58302593,  1.36930418, -7.11728144],
       device='cuda:0')
Activation BaB batch 1/1 
build_with_refined_bounds batch [1/1]
Optimizable variables initialized.
all alpha initialized
directly get lb and ub from refined bounds
c shape: torch.Size([1, 1, 10])
lA shapes: [torch.Size([1, 1, 8, 28, 28]), torch.Size([1, 1, 8, 28, 28]), torch.Size([1, 1, 64])]
(alpha-)CROWN with fixed intermediate bounds: tensor([[-0.67145753]], device='cuda:0') tensor([[inf]], device='cuda:0')
Intermediate layers: /input,/23,/input-8
Keeping alphas for these layers: ['/39']
Node /input-4 input 0: size torch.Size([8, 28, 28]) unstable 1446
Node /24 input 0: size torch.Size([8, 28, 28]) unstable 1801
Node /38 input 0: size torch.Size([64]) unstable 5
-----------------
# of unstable neurons: 3252
-----------------

BaB round 1
batch: 1
splitting decisions: 
split level 0: [/input-8, 36] 
split level 1: [/input-8, 14] 
split level 2: [/input-8, 53] 
split level 3: [/input-8, 28] 
split level 4: [/input, 5835] 
split level 5: [/input, 4211] 
split level 6: [/input, 2947] 
best_l after optimization: -0.4320984482765198
beta sum per layer: [8.222500801086426, 0.0, 0.01744118519127369]
alpha/beta optimization time: 0.6758975982666016
pruning_in_iteration open status: True
ratio of positive domain = 119 / 128 = 0.9296875
pruning-in-iteration extra time: 0.007987260818481445
Time: get_branching_decision.update_bounds 0.1588    pickout 0.0012    branching_decision 0.0001    decision 0.0001    set_bounds 0.0086    prepare 0.0020    transfer 0.0001    finalize 0.0010    func 0.7077    
Accumulated time: get_branching_decision.update_bounds 0.1588    bab_iteration 0.0000    pickout 0.0012    decision 0.0001    branching_decision 0.0001    set_bounds 0.0086    solve 0.0000    func 0.7077    prepare 0.0020    transfer 0.0001    finalize 0.0010    
max lb 9.999999747378752e-05 min lb -0.09250783920288086
Number of Verified Splits: 119 of 128
Current worst splitting domains lb-rhs (depth):
-0.09251 (7), -0.07601 (7), -0.06109 (7), -0.06018 (7), -0.04952 (7), -0.04291 (7), -0.02986 (7), -0.01829 (7), -0.01360 (7), 
Current (lb-rhs): -0.09250783920288086
128 domains visited
Length of domains: 9
Cumulative time: 1.1343696117401123

BaB round 2
batch: 9
splitting decisions: 
split level 0: [/input, 5834] [/input, 5834] [/input, 5834] [/input, 5834] [/input, 5834] [/input, 5834] [/input, 5834] [/input, 5834] [/input, 5834] 
split level 1: [/input, 3993] [/input, 3993] [/input, 3993] [/input, 3993] [/input, 3993] [/input, 3993] [/input, 3993] [/input, 3993] [/input, 4293] 
split level 2: [/input, 3429] [/input, 3429] [/input, 3429] [/input, 3429] [/input, 3429] [/input, 3429] [/input, 3429] [/input, 3429] [/input, 3993] 
split level 3: [/23, 3182] [/23, 3182] [/23, 3182] [/23, 3182] [/23, 3182] [/23, 3182] [/23, 3182] [/23, 3182] [/input, 5561] 
best_l after optimization: -0.9299073219299316
beta sum per layer: [143.10977172851562, 0.5624828934669495, 0.2578622102737427]
alpha/beta optimization time: 0.1977226734161377
pruning_in_iteration open status: True
ratio of positive domain = 110 / 144 = 0.7638888888888888
pruning-in-iteration extra time: 0.005509376525878906
Time: get_branching_decision.update_bounds 0.1588    pickout 0.0034    branching_decision 0.0001    decision 0.0001    set_bounds 0.0075    prepare 0.0040    transfer 0.0000    finalize 0.0029    func 0.2272    solve 0.7077    add 0.0460    bab_iteration 0.7639    
Accumulated time: get_branching_decision.update_bounds 0.1588    bab_iteration 0.7639    pickout 0.0047    decision 0.0002    branching_decision 0.0002    set_bounds 0.0161    solve 0.7077    func 0.9349    prepare 0.0061    transfer 0.0001    finalize 0.0039    add 0.0460    
max lb 9.999999747378752e-05 min lb -0.08228802680969238
Number of Verified Splits: 110 of 144
Current worst splitting domains lb-rhs (depth):
-0.08229 (11), -0.06695 (11), -0.06486 (11), -0.05869 (11), -0.05076 (11), -0.04959 (11), -0.04957 (11), -0.04719 (11), -0.04379 (11), -0.03578 (11), -0.03540 (11), -0.03448 (11), -0.03419 (11), -0.03229 (11), -0.03210 (11), -0.02599 (11), -0.02195 (11), -0.02040 (11), -0.02009 (11), -0.01959 (11), 
Current (lb-rhs): -0.08228802680969238
272 domains visited
Length of domains: 34
Cumulative time: 1.373917818069458

BaB round 3
batch: 34
splitting decisions: 
split level 0: [/input, 4293] [/input, 4293] [/input, 4293] [/input, 4293] [/input, 4293] [/input, 4293] [/input, 4293] [/input, 4293] [/input, 4293] [/input, 4293] 
split level 1: [/input, 3374] [/input, 3374] [/input, 3374] [/input, 3374] [/input, 3374] [/input, 3374] [/input, 3374] [/input, 3374] [/input, 3374] [/input, 3374] 
best_l after optimization: -2.5174002647399902
beta sum per layer: [184.94290161132812, 0.0, 0.0]
alpha/beta optimization time: 0.1806199550628662
pruning_in_iteration open status: True
ratio of positive domain = 36 / 136 = 0.2647058823529411
pruning-in-iteration extra time: 0.004288434982299805
Time: get_branching_decision.update_bounds 0.1588    pickout 0.0054    branching_decision 0.0001    decision 0.0001    set_bounds 0.0044    prepare 0.0038    transfer 0.0000    finalize 0.0065    func 0.2177    solve 0.2273    add 0.0010    bab_iteration 0.2395    
Accumulated time: get_branching_decision.update_bounds 0.1588    bab_iteration 1.0034    pickout 0.0101    decision 0.0003    branching_decision 0.0003    set_bounds 0.0206    solve 0.9350    func 1.1526    prepare 0.0099    transfer 0.0001    finalize 0.0104    add 0.0470    
max lb 9.999999747378752e-05 min lb -0.07632255554199219
Number of Verified Splits: 36 of 136
Current worst splitting domains lb-rhs (depth):
-0.07632 (13), -0.07179 (13), -0.07139 (13), -0.06686 (13), -0.06101 (13), -0.05883 (13), -0.05650 (13), -0.05600 (13), -0.05430 (13), -0.05390 (13), -0.05211 (13), -0.05150 (13), -0.04937 (13), -0.04917 (13), -0.04718 (13), -0.04424 (13), -0.04414 (13), -0.04351 (13), -0.04332 (13), -0.04016 (13), 
Current (lb-rhs): -0.07632255554199219
408 domains visited
Length of domains: 100
Cumulative time: 1.6034138202667236

BaB round 4
batch: 100
splitting decisions: 
split level 0: [/input, 4965] [/input, 4965] [/input, 4965] [/input, 4965] [/input, 4965] [/input, 4965] [/input, 4965] [/input, 4965] [/input, 4965] [/input, 4965] 
best_l after optimization: -3.3964407444000244
beta sum per layer: [281.5430908203125, 0.0, 0.0]
alpha/beta optimization time: 0.1546764373779297
pruning_in_iteration open status: True
ratio of positive domain = 47 / 200 = 0.235
pruning-in-iteration extra time: 0.0012061595916748047
Time: get_branching_decision.update_bounds 0.1588    pickout 0.0115    branching_decision 0.0001    decision 0.0001    set_bounds 0.0048    prepare 0.0053    transfer 0.0000    finalize 0.0084    func 0.1979    solve 0.2178    add 0.0016    bab_iteration 0.2295    
Accumulated time: get_branching_decision.update_bounds 0.1588    bab_iteration 1.2329    pickout 0.0216    decision 0.0004    branching_decision 0.0004    set_bounds 0.0254    solve 1.1528    func 1.3505    prepare 0.0152    transfer 0.0002    finalize 0.0187    add 0.0486    
max lb 0.0003070831298828125 min lb -0.07160210609436035
Number of Verified Splits: 47 of 200
Current worst splitting domains lb-rhs (depth):
-0.07160 (14), -0.06681 (14), -0.06646 (14), -0.06246 (14), -0.06167 (14), -0.05758 (14), -0.05749 (14), -0.05629 (14), -0.05408 (14), -0.05269 (14), -0.05147 (14), -0.05123 (14), -0.04929 (14), -0.04894 (14), -0.04740 (14), -0.04728 (14), -0.04640 (14), -0.04507 (14), -0.04415 (14), -0.04408 (14), 
Current (lb-rhs): -0.07160210609436035
608 domains visited
Length of domains: 153
Cumulative time: 1.8194246292114258

BaB round 5
batch: 153
splitting decisions: 
split level 0: [/input, 3456] [/input, 3456] [/input, 3456] [/input, 3456] [/input, 3456] [/input, 3456] [/input, 3456] [/input, 3456] [/input, 3456] [/input, 3456] 
best_l after optimization: -3.4550700187683105
beta sum per layer: [435.8490905761719, 0.0, 0.0]
alpha/beta optimization time: 0.20180821418762207
pruning_in_iteration open status: True
ratio of positive domain = 120 / 306 = 0.3921568627450981
pruning-in-iteration extra time: 0.00436091423034668
Time: get_branching_decision.update_bounds 0.1588    pickout 0.0164    branching_decision 0.0001    decision 0.0001    set_bounds 0.0070    prepare 0.0078    transfer 0.0000    finalize 0.0099    func 0.2637    solve 0.1980    add 0.0015    bab_iteration 0.2160    
Accumulated time: get_branching_decision.update_bounds 0.1588    bab_iteration 1.4489    pickout 0.0380    decision 0.0006    branching_decision 0.0005    set_bounds 0.0324    solve 1.3507    func 1.6143    prepare 0.0230    transfer 0.0002    finalize 0.0286    add 0.0501    
max lb 9.999999747378752e-05 min lb -0.06741929054260254
Number of Verified Splits: 120 of 306
Current worst splitting domains lb-rhs (depth):
-0.06742 (15), -0.06258 (15), -0.06219 (15), -0.05807 (15), -0.05735 (15), -0.05327 (15), -0.05249 (15), -0.05200 (15), -0.05005 (15), -0.04765 (15), -0.04750 (15), -0.04685 (15), -0.04521 (15), -0.04483 (15), -0.04326 (15), -0.04236 (15), -0.04227 (15), -0.04055 (15), -0.04014 (15), -0.04009 (15), 
Current (lb-rhs): -0.06741929054260254
914 domains visited
Length of domains: 186
Cumulative time: 2.108424186706543

BaB round 6
batch: 186
splitting decisions: 
split level 0: [/input, 5561] [/input, 5561] [/input, 5561] [/input, 5561] [/input, 5561] [/input, 5561] [/input, 5561] [/input, 5561] [/input, 5561] [/input, 5561] 
best_l after optimization: -3.3755416870117188
beta sum per layer: [525.19580078125, 0.0, 0.0]
alpha/beta optimization time: 0.19166350364685059
pruning_in_iteration open status: True
ratio of positive domain = 175 / 372 = 0.47043010752688175
pruning-in-iteration extra time: 0.004687070846557617
Time: get_branching_decision.update_bounds 0.1588    pickout 0.0190    branching_decision 0.0001    decision 0.0001    set_bounds 0.0084    prepare 0.0093    transfer 0.0001    finalize 0.0101    func 0.2448    solve 0.2638    add 0.0015    bab_iteration 0.2890    
Accumulated time: get_branching_decision.update_bounds 0.1588    bab_iteration 1.7379    pickout 0.0569    decision 0.0007    branching_decision 0.0006    set_bounds 0.0408    solve 1.6145    func 1.8590    prepare 0.0323    transfer 0.0003    finalize 0.0387    add 0.0516    
max lb 0.0004996061325073242 min lb -0.06509995460510254
Number of Verified Splits: 175 of 372
Current worst splitting domains lb-rhs (depth):
-0.06510 (16), -0.06055 (16), -0.05987 (16), -0.05563 (16), -0.05533 (16), -0.05079 (16), -0.05018 (16), -0.04826 (16), -0.04782 (16), -0.04568 (16), -0.04344 (16), -0.04305 (16), -0.04304 (16), -0.04234 (16), -0.04090 (16), -0.03866 (16), -0.03821 (16), -0.03814 (16), -0.03782 (16), -0.03753 (16), 
Current (lb-rhs): -0.06509995460510254
1286 domains visited
Length of domains: 197
Cumulative time: 2.3825438022613525

BaB round 7
batch: 197
splitting decisions: 
split level 0: [/input, 2649] [/input, 2649] [/input, 2649] [/input, 2649] [/input, 2649] [/input, 2649] [/input, 2649] [/input, 2649] [/input, 2649] [/input, 2649] 
best_l after optimization: -4.000872611999512
beta sum per layer: [547.0291748046875, 0.0, 0.0]
alpha/beta optimization time: 0.18587636947631836
pruning_in_iteration open status: True
ratio of positive domain = 145 / 394 = 0.36802030456852797
pruning-in-iteration extra time: 0.0049288272857666016
Time: get_branching_decision.update_bounds 0.1588    pickout 0.0202    branching_decision 0.0001    decision 0.0001    set_bounds 0.0089    prepare 0.0098    transfer 0.0000    finalize 0.0126    func 0.2550    solve 0.2448    add 0.0016    bab_iteration 0.2741    
Accumulated time: get_branching_decision.update_bounds 0.1588    bab_iteration 2.0121    pickout 0.0771    decision 0.0008    branching_decision 0.0007    set_bounds 0.0497    solve 1.8594    func 2.1140    prepare 0.0421    transfer 0.0004    finalize 0.0513    add 0.0532    
max lb 9.999999747378752e-05 min lb -0.06389570236206055
Number of Verified Splits: 145 of 394
Current worst splitting domains lb-rhs (depth):
-0.06390 (17), -0.05918 (17), -0.05864 (17), -0.05415 (17), -0.05408 (17), -0.04942 (17), -0.04913 (17), -0.04676 (17), -0.04646 (17), -0.04645 (17), -0.04427 (17), -0.04229 (17), -0.04178 (17), -0.04169 (17), -0.04160 (17), -0.04152 (17), -0.04120 (17), -0.03963 (17), -0.03712 (17), -0.03701 (17), 
Current (lb-rhs): -0.06389570236206055
1680 domains visited
Length of domains: 249
Cumulative time: 2.6690847873687744

BaB round 8
batch: 249
splitting decisions: 
split level 0: [/input, 2566] [/input, 2566] [/input, 2566] [/input, 2566] [/input, 2566] [/input, 2566] [/input, 2566] [/input, 2566] [/input, 2566] [/input, 2566] 
best_l after optimization: -4.052768707275391
beta sum per layer: [654.223388671875, 0.0, 0.0]
alpha/beta optimization time: 0.18968558311462402
pruning_in_iteration open status: True
ratio of positive domain = 234 / 498 = 0.4698795180722891
pruning-in-iteration extra time: 0.004846334457397461
Time: get_branching_decision.update_bounds 0.1588    pickout 0.0253    branching_decision 0.0002    decision 0.0002    set_bounds 0.0117    prepare 0.0126    transfer 0.0001    finalize 0.0133    func 0.2553    solve 0.2550    add 0.0021    bab_iteration 0.2865    
Accumulated time: get_branching_decision.update_bounds 0.1588    bab_iteration 2.2986    pickout 0.1024    decision 0.0010    branching_decision 0.0009    set_bounds 0.0614    solve 2.1144    func 2.3693    prepare 0.0547    transfer 0.0004    finalize 0.0646    add 0.0553    
max lb 9.999999747378752e-05 min lb -0.06341743469238281
Number of Verified Splits: 234 of 498
Current worst splitting domains lb-rhs (depth):
-0.06342 (18), -0.05866 (18), -0.05817 (18), -0.05367 (18), -0.05335 (18), -0.04885 (18), -0.04843 (18), -0.04624 (18), -0.04587 (18), -0.04537 (18), -0.04360 (18), -0.04138 (18), -0.04121 (18), -0.04112 (18), -0.04075 (18), -0.04047 (18), -0.04026 (18), -0.03917 (18), -0.03659 (18), -0.03628 (18), 
Current (lb-rhs): -0.06341743469238281
2178 domains visited
Length of domains: 264
Cumulative time: 2.9638819694519043

BaB round 9
batch: 264
splitting decisions: 
split level 0: [/input, 5560] [/input, 5560] [/input, 5560] [/input, 5560] [/input, 5560] [/input, 5560] [/input, 5560] [/input, 5560] [/input, 5560] [/input, 5560] 
best_l after optimization: -5.092629432678223
beta sum per layer: [690.2620849609375, 0.0, 0.0]
alpha/beta optimization time: 0.19594693183898926
pruning_in_iteration open status: True
ratio of positive domain = 175 / 528 = 0.3314393939393939
pruning-in-iteration extra time: 0.004868507385253906
Time: get_branching_decision.update_bounds 0.1588    pickout 0.0270    branching_decision 0.0002    decision 0.0002    set_bounds 0.0122    prepare 0.0136    transfer 0.0001    finalize 0.0178    func 0.2814    solve 0.2553    add 0.0020    bab_iteration 0.2948    
Accumulated time: get_branching_decision.update_bounds 0.1588    bab_iteration 2.5934    pickout 0.1294    decision 0.0012    branching_decision 0.0011    set_bounds 0.0737    solve 2.3697    func 2.6507    prepare 0.0682    transfer 0.0005    finalize 0.0824    add 0.0573    
max lb 9.999999747378752e-05 min lb -0.06223177909851074
Number of Verified Splits: 175 of 528
Current worst splitting domains lb-rhs (depth):
-0.06223 (19), -0.05745 (19), -0.05697 (19), -0.05249 (19), -0.05208 (19), -0.05001 (19), -0.04767 (19), -0.04727 (19), -0.04572 (19), -0.04565 (19), -0.04497 (19), -0.04471 (19), -0.04404 (19), -0.04243 (19), -0.04118 (19), -0.04074 (19), -0.04053 (19), -0.04037 (19), -0.04004 (19), -0.03943 (19), 
Current (lb-rhs): -0.06223177909851074
2706 domains visited
Length of domains: 353
Cumulative time: 3.2893242835998535

BaB round 10
batch: 353
splitting decisions: 
split level 0: [/23, 3450] [/23, 3450] [/23, 3450] [/23, 3450] [/23, 3450] [/23, 3450] [/23, 3450] [/23, 3450] [/23, 3450] [/23, 3450] 
best_l after optimization: -4.712920665740967
beta sum per layer: [871.96875, 0.0, 0.0]
alpha/beta optimization time: 0.1955573558807373
pruning_in_iteration open status: True
ratio of positive domain = 377 / 706 = 0.5339943342776203
pruning-in-iteration extra time: 0.005549430847167969
Time: get_branching_decision.update_bounds 0.1588    pickout 0.0356    branching_decision 0.0002    decision 0.0002    set_bounds 0.0154    prepare 0.0176    transfer 0.0000    finalize 0.0157    func 0.2761    solve 0.2814    add 0.0043    bab_iteration 0.3254    
Accumulated time: get_branching_decision.update_bounds 0.1588    bab_iteration 2.9188    pickout 0.1650    decision 0.0014    branching_decision 0.0012    set_bounds 0.0891    solve 2.6511    func 2.9267    prepare 0.0858    transfer 0.0005    finalize 0.0981    add 0.0617    
max lb 9.999999747378752e-05 min lb -0.061422109603881836
Number of Verified Splits: 377 of 706
Current worst splitting domains lb-rhs (depth):
-0.06142 (20), -0.05661 (20), -0.05616 (20), -0.05172 (20), -0.05129 (20), -0.04921 (20), -0.04690 (20), -0.04651 (20), -0.04470 (20), -0.04447 (20), -0.04396 (20), -0.04392 (20), -0.04307 (20), -0.04167 (20), -0.04039 (20), -0.03940 (20), -0.03939 (20), -0.03929 (20), -0.03925 (20), -0.03864 (20), 
Current (lb-rhs): -0.061422109603881836
3412 domains visited
Length of domains: 329
Cumulative time: 3.618732452392578

BaB round 11
batch: 329
splitting decisions: 
split level 0: [/23, 342] [/23, 342] [/23, 342] [/23, 342] [/23, 342] [/23, 342] [/23, 342] [/23, 342] [/23, 342] [/23, 342] 
best_l after optimization: -4.605864524841309
beta sum per layer: [791.706787109375, 0.0, 0.0]
alpha/beta optimization time: 0.18991541862487793
pruning_in_iteration open status: True
ratio of positive domain = 338 / 658 = 0.5136778115501519
pruning-in-iteration extra time: 0.005579948425292969
Time: get_branching_decision.update_bounds 0.1588    pickout 0.0330    branching_decision 0.0002    decision 0.0002    set_bounds 0.0149    prepare 0.0162    transfer 0.0000    finalize 0.0153    func 0.2672    solve 0.2761    add 0.0018    bab_iteration 0.3294    
Accumulated time: get_branching_decision.update_bounds 0.1588    bab_iteration 3.2482    pickout 0.1980    decision 0.0016    branching_decision 0.0014    set_bounds 0.1040    solve 2.9273    func 3.1939    prepare 0.1020    transfer 0.0006    finalize 0.1135    add 0.0635    
max lb 0.0001245737075805664 min lb -0.06119239330291748
Number of Verified Splits: 338 of 658
Current worst splitting domains lb-rhs (depth):
-0.06119 (21), -0.05631 (21), -0.05594 (21), -0.05149 (21), -0.05107 (21), -0.04887 (21), -0.04662 (21), -0.04629 (21), -0.04447 (21), -0.04424 (21), -0.04370 (21), -0.04367 (21), -0.04269 (21), -0.04145 (21), -0.03975 (21), -0.03918 (21), -0.03916 (21), -0.03907 (21), -0.03890 (21), -0.03842 (21), 
Current (lb-rhs): -0.06119239330291748
4070 domains visited
Length of domains: 320
Cumulative time: 3.9366962909698486

BaB round 12
batch: 320
splitting decisions: 
split level 0: [/23, 3183] [/23, 3183] [/23, 3183] [/23, 3183] [/23, 3183] [/23, 3183] [/23, 3183] [/23, 3183] [/23, 3183] [/23, 3183] 
best_l after optimization: -4.381856918334961
beta sum per layer: [767.3372802734375, 0.0, 0.0]
alpha/beta optimization time: 0.17928504943847656
pruning_in_iteration open status: True
ratio of positive domain = 337 / 640 = 0.5265625
pruning-in-iteration extra time: 0.005486249923706055
Time: get_branching_decision.update_bounds 0.1588    pickout 0.0327    branching_decision 0.0002    decision 0.0002    set_bounds 0.0150    prepare 0.0166    transfer 0.0001    finalize 0.0150    func 0.2558    solve 0.2672    add 0.0024    bab_iteration 0.3180    
Accumulated time: get_branching_decision.update_bounds 0.1588    bab_iteration 3.5662    pickout 0.2307    decision 0.0018    branching_decision 0.0016    set_bounds 0.1190    solve 3.1945    func 3.4497    prepare 0.1185    transfer 0.0006    finalize 0.1285    add 0.0659    
max lb 9.999999747378752e-05 min lb -0.06054031848907471
Number of Verified Splits: 337 of 640
Current worst splitting domains lb-rhs (depth):
-0.06054 (22), -0.05567 (22), -0.05526 (22), -0.05083 (22), -0.05036 (22), -0.04818 (22), -0.04598 (22), -0.04564 (22), -0.04379 (22), -0.04354 (22), -0.04306 (22), -0.04303 (22), -0.04190 (22), -0.04081 (22), -0.03891 (22), -0.03854 (22), -0.03848 (22), -0.03843 (22), -0.03826 (22), -0.03778 (22), 
Current (lb-rhs): -0.06054031848907471
4710 domains visited
Length of domains: 303
Cumulative time: 4.242628574371338

BaB round 13
batch: 303
splitting decisions: 
split level 0: [/23, 343] [/23, 343] [/23, 343] [/23, 343] [/23, 343] [/23, 343] [/23, 343] [/23, 343] [/23, 343] [/23, 343] 
best_l after optimization: -4.3021769523620605
beta sum per layer: [716.804931640625, 0.0, 0.0]
alpha/beta optimization time: 0.185713529586792
pruning_in_iteration open status: True
ratio of positive domain = 307 / 606 = 0.5066006600660067
pruning-in-iteration extra time: 0.005578517913818359
Time: get_branching_decision.update_bounds 0.1588    pickout 0.0313    branching_decision 0.0002    decision 0.0002    set_bounds 0.0137    prepare 0.0151    transfer 0.0000    finalize 0.0188    func 0.2631    solve 0.2559    add 0.0019    bab_iteration 0.3059    
Accumulated time: get_branching_decision.update_bounds 0.1588    bab_iteration 3.8721    pickout 0.2620    decision 0.0020    branching_decision 0.0017    set_bounds 0.1327    solve 3.4504    func 3.7128    prepare 0.1336    transfer 0.0007    finalize 0.1473    add 0.0678    
max lb 9.999999747378752e-05 min lb -0.06034970283508301
Number of Verified Splits: 307 of 606
Current worst splitting domains lb-rhs (depth):
-0.06035 (23), -0.05544 (23), -0.05504 (23), -0.05064 (23), -0.05014 (23), -0.04804 (23), -0.04580 (23), -0.04546 (23), -0.04358 (23), -0.04317 (23), -0.04288 (23), -0.04285 (23), -0.04160 (23), -0.04063 (23), -0.03872 (23), -0.03835 (23), -0.03826 (23), -0.03825 (23), -0.03795 (23), -0.03760 (23), 
Current (lb-rhs): -0.06034970283508301
5316 domains visited
Length of domains: 299
Cumulative time: 4.5531556606292725

BaB round 14
batch: 299
splitting decisions: 
split level 0: [/input, 2471] [/input, 2471] [/input, 2471] [/input, 2471] [/input, 2471] [/input, 2471] [/input, 2471] [/input, 2471] [/input, 2471] [/input, 2471] 
best_l after optimization: -4.424473762512207
beta sum per layer: [722.710693359375, 0.0, 0.0]
alpha/beta optimization time: 0.17778921127319336
pruning_in_iteration open status: True
ratio of positive domain = 275 / 598 = 0.459866220735786
pruning-in-iteration extra time: 0.004830837249755859
Time: get_branching_decision.update_bounds 0.1588    pickout 0.0304    branching_decision 0.0002    decision 0.0002    set_bounds 0.0148    prepare 0.0153    transfer 0.0001    finalize 0.0163    func 0.2559    solve 0.2631    add 0.0019    bab_iteration 0.3105    
Accumulated time: get_branching_decision.update_bounds 0.1588    bab_iteration 4.1826    pickout 0.2924    decision 0.0021    branching_decision 0.0019    set_bounds 0.1475    solve 3.7135    func 3.9687    prepare 0.1489    transfer 0.0007    finalize 0.1636    add 0.0697    
max lb 9.999999747378752e-05 min lb -0.05997598171234131
Number of Verified Splits: 275 of 598
Current worst splitting domains lb-rhs (depth):
-0.05998 (24), -0.05507 (24), -0.05467 (24), -0.05027 (24), -0.04977 (24), -0.04762 (24), -0.04543 (24), -0.04509 (24), -0.04317 (24), -0.04284 (24), -0.04251 (24), -0.04248 (24), -0.04102 (24), -0.04026 (24), -0.03835 (24), -0.03798 (24), -0.03788 (24), -0.03785 (24), -0.03757 (24), -0.03723 (24), 
Current (lb-rhs): -0.05997598171234131
5914 domains visited
Length of domains: 323
Cumulative time: 4.856955528259277

BaB round 15
batch: 323
splitting decisions: 
split level 0: [/input, 4993] [/input, 4993] [/input, 4993] [/input, 4993] [/input, 4993] [/input, 4993] [/input, 4993] [/input, 4993] [/input, 4993] [/input, 4993] 
best_l after optimization: -4.774436950683594
beta sum per layer: [820.5, 0.0, 0.0]
alpha/beta optimization time: 0.20170974731445312
pruning_in_iteration open status: True
ratio of positive domain = 273 / 646 = 0.42260061919504643
pruning-in-iteration extra time: 0.004663705825805664
Time: get_branching_decision.update_bounds 0.1588    pickout 0.0345    branching_decision 0.0002    decision 0.0002    set_bounds 0.0148    prepare 0.0162    transfer 0.0000    finalize 0.0185    func 0.2928    solve 0.2559    add 0.0022    bab_iteration 0.3038    
Accumulated time: get_branching_decision.update_bounds 0.1588    bab_iteration 4.4864    pickout 0.3269    decision 0.0023    branching_decision 0.0021    set_bounds 0.1623    solve 3.9694    func 4.2615    prepare 0.1652    transfer 0.0008    finalize 0.1821    add 0.0720    
max lb 0.00010609626770019531 min lb -0.05835151672363281
Number of Verified Splits: 273 of 646
Current worst splitting domains lb-rhs (depth):
-0.05835 (25), -0.05345 (25), -0.05305 (25), -0.04916 (25), -0.04815 (25), -0.04598 (25), -0.04425 (25), -0.04393 (25), -0.04151 (25), -0.04112 (25), -0.04089 (25), -0.04086 (25), -0.03934 (25), -0.03903 (25), -0.03674 (25), -0.03673 (25), -0.03636 (25), -0.03626 (25), -0.03617 (25), -0.03596 (25), 
Current (lb-rhs): -0.05835151672363281
6560 domains visited
Length of domains: 373
Cumulative time: 5.2027904987335205

BaB round 16
batch: 373
splitting decisions: 
split level 0: [/input, 5889] [/input, 5889] [/input, 5889] [/input, 5889] [/input, 5889] [/input, 5889] [/input, 5889] [/input, 5889] [/input, 5889] [/input, 5889] 
best_l after optimization: -7.146782875061035
beta sum per layer: [1031.056396484375, 0.0, 0.0]
alpha/beta optimization time: 0.1740880012512207
pruning_in_iteration open status: True
ratio of positive domain = 173 / 746 = 0.23190348525469173
pruning-in-iteration extra time: 0.0025641918182373047
Time: get_branching_decision.update_bounds 0.1588    pickout 0.0373    branching_decision 0.0002    decision 0.0002    set_bounds 0.0171    prepare 0.0188    transfer 0.0001    finalize 0.0298    func 0.2986    solve 0.2929    add 0.0032    bab_iteration 0.3458    
Accumulated time: get_branching_decision.update_bounds 0.1588    bab_iteration 4.8323    pickout 0.3642    decision 0.0025    branching_decision 0.0023    set_bounds 0.1794    solve 4.2623    func 4.5602    prepare 0.1840    transfer 0.0009    finalize 0.2119    add 0.0752    
max lb 0.00014138221740722656 min lb -0.05605912208557129
Number of Verified Splits: 173 of 746
Current worst splitting domains lb-rhs (depth):
-0.05606 (26), -0.05406 (26), -0.05107 (26), -0.05076 (26), -0.04977 (26), -0.04885 (26), -0.04686 (26), -0.04586 (26), -0.04511 (26), -0.04470 (26), -0.04350 (26), -0.04196 (26), -0.04183 (26), -0.04164 (26), -0.04073 (26), -0.03996 (26), -0.03920 (26), -0.03883 (26), -0.03860 (26), -0.03857 (26), 
Current (lb-rhs): -0.05605912208557129
7306 domains visited
Length of domains: 573
Cumulative time: 5.560164928436279

BaB round 17
batch: 573
splitting decisions: 
split level 0: [/23, 316] [/23, 316] [/23, 316] [/23, 316] [/23, 316] [/23, 316] [/23, 316] [/23, 316] [/23, 316] [/23, 316] 
best_l after optimization: -6.8069305419921875
beta sum per layer: [1523.3612060546875, 0.0, 0.0]
alpha/beta optimization time: 0.21051645278930664
pruning_in_iteration open status: True
ratio of positive domain = 595 / 1146 = 0.5191972076788831
pruning-in-iteration extra time: 0.005500316619873047
Time: get_branching_decision.update_bounds 0.1588    pickout 0.0570    branching_decision 0.0002    decision 0.0002    set_bounds 0.0249    prepare 0.0283    transfer 0.0001    finalize 0.0262    func 0.3404    solve 0.2987    add 0.0039    bab_iteration 0.3574    
Accumulated time: get_branching_decision.update_bounds 0.1588    bab_iteration 5.1896    pickout 0.4212    decision 0.0028    branching_decision 0.0025    set_bounds 0.2043    solve 4.5610    func 4.9005    prepare 0.2124    transfer 0.0009    finalize 0.2381    add 0.0791    
max lb 0.00021708011627197266 min lb -0.055824875831604004
Number of Verified Splits: 595 of 1146
Current worst splitting domains lb-rhs (depth):
-0.05582 (27), -0.05382 (27), -0.05084 (27), -0.05053 (27), -0.04962 (27), -0.04862 (27), -0.04665 (27), -0.04563 (27), -0.04484 (27), -0.04446 (27), -0.04327 (27), -0.04171 (27), -0.04155 (27), -0.04143 (27), -0.04045 (27), -0.03966 (27), -0.03894 (27), -0.03860 (27), -0.03837 (27), -0.03834 (27), 
Current (lb-rhs): -0.055824875831604004
8452 domains visited
Length of domains: 551
Cumulative time: 5.985941410064697

BaB round 18
batch: 551
splitting decisions: 
split level 0: [/input, 5780] [/input, 5780] [/input, 5780] [/input, 5780] [/input, 5780] [/input, 5780] [/input, 5780] [/input, 5780] [/input, 5780] [/input, 5780] 
best_l after optimization: -7.09037971496582
beta sum per layer: [1524.204345703125, 0.0, 0.0]
alpha/beta optimization time: 0.2119450569152832
pruning_in_iteration open status: True
ratio of positive domain = 486 / 1102 = 0.441016333938294
pruning-in-iteration extra time: 0.004645586013793945
Time: get_branching_decision.update_bounds 0.1588    pickout 0.0594    branching_decision 0.0003    decision 0.0003    set_bounds 0.0260    prepare 0.0294    transfer 0.0001    finalize 0.0336    func 0.3591    solve 0.3404    add 0.0029    bab_iteration 0.4258    
Accumulated time: get_branching_decision.update_bounds 0.1588    bab_iteration 5.6154    pickout 0.4806    decision 0.0031    branching_decision 0.0028    set_bounds 0.2303    solve 4.9014    func 5.2596    prepare 0.2418    transfer 0.0010    finalize 0.2718    add 0.0820    
max lb 0.00015676021575927734 min lb -0.054396629333496094
Number of Verified Splits: 486 of 1102
Current worst splitting domains lb-rhs (depth):
-0.05440 (28), -0.05240 (28), -0.04941 (28), -0.04910 (28), -0.04819 (28), -0.04719 (28), -0.04522 (28), -0.04420 (28), -0.04325 (28), -0.04304 (28), -0.04184 (28), -0.04026 (28), -0.04013 (28), -0.04001 (28), -0.03905 (28), -0.03824 (28), -0.03748 (28), -0.03718 (28), -0.03691 (28), -0.03625 (28), 
Current (lb-rhs): -0.054396629333496094
9554 domains visited
Length of domains: 616
Cumulative time: 6.435306787490845

BaB round 19
batch: 616
splitting decisions: 
split level 0: [/23, 3181] [/23, 3181] [/23, 3181] [/23, 3181] [/23, 3181] [/23, 3181] [/23, 3181] [/23, 3181] [/23, 3181] [/23, 3181] 
best_l after optimization: -6.55755615234375
beta sum per layer: [1608.837646484375, 0.0, 0.0]
alpha/beta optimization time: 0.20058059692382812
pruning_in_iteration open status: True
ratio of positive domain = 651 / 1232 = 0.5284090909090908
pruning-in-iteration extra time: 0.005377054214477539
Time: get_branching_decision.update_bounds 0.1588    pickout 0.0616    branching_decision 0.0003    decision 0.0003    set_bounds 0.0271    prepare 0.0324    transfer 0.0001    finalize 0.0337    func 0.4910    solve 0.3591    add 0.0041    bab_iteration 0.4494    
Accumulated time: get_branching_decision.update_bounds 0.1588    bab_iteration 6.0648    pickout 0.5422    decision 0.0034    branching_decision 0.0031    set_bounds 0.2574    solve 5.2605    func 5.7506    prepare 0.2742    transfer 0.0010    finalize 0.3055    add 0.0862    
max lb 9.999999747378752e-05 min lb -0.053852200508117676
Number of Verified Splits: 651 of 1232
Current worst splitting domains lb-rhs (depth):
-0.05385 (29), -0.05185 (29), -0.04886 (29), -0.04855 (29), -0.04765 (29), -0.04665 (29), -0.04468 (29), -0.04366 (29), -0.04271 (29), -0.04249 (29), -0.04124 (29), -0.03968 (29), -0.03952 (29), -0.03946 (29), -0.03851 (29), -0.03743 (29), -0.03685 (29), -0.03657 (29), -0.03631 (29), -0.03570 (29), 
Current (lb-rhs): -0.053852200508117676
10786 domains visited
Length of domains: 581
Cumulative time: 7.019013166427612

BaB round 20
batch: 581
splitting decisions: 
split level 0: [/23, 3422] [/23, 3422] [/23, 3422] [/23, 3422] [/23, 3422] [/23, 3422] [/23, 3422] [/23, 3422] [/23, 3422] [/23, 3422] 
best_l after optimization: -6.210716724395752
beta sum per layer: [1508.7611083984375, 0.0, 0.0]
alpha/beta optimization time: 0.19057178497314453
pruning_in_iteration open status: True
ratio of positive domain = 612 / 1162 = 0.5266781411359724
pruning-in-iteration extra time: 0.0054204463958740234
Time: get_branching_decision.update_bounds 0.1588    pickout 0.0627    branching_decision 0.0003    decision 0.0004    set_bounds 0.0266    prepare 0.0292    transfer 0.0001    finalize 0.0294    func 0.3272    solve 0.4911    add 0.0033    bab_iteration 0.5837    
Accumulated time: get_branching_decision.update_bounds 0.1588    bab_iteration 6.6485    pickout 0.6049    decision 0.0038    branching_decision 0.0034    set_bounds 0.2841    solve 5.7516    func 6.0778    prepare 0.3033    transfer 0.0011    finalize 0.3349    add 0.0895    
max lb 9.999999747378752e-05 min lb -0.05325198173522949
Number of Verified Splits: 612 of 1162
Current worst splitting domains lb-rhs (depth):
-0.05325 (30), -0.05126 (30), -0.04827 (30), -0.04796 (30), -0.04705 (30), -0.04605 (30), -0.04414 (30), -0.04306 (30), -0.04218 (30), -0.04190 (30), -0.04064 (30), -0.03915 (30), -0.03893 (30), -0.03893 (30), -0.03800 (30), -0.03690 (30), -0.03620 (30), -0.03598 (30), -0.03572 (30), -0.03511 (30), 
Current (lb-rhs): -0.05325198173522949
11948 domains visited
Length of domains: 550
Cumulative time: 7.440744876861572

BaB round 21
batch: 550
splitting decisions: 
split level 0: [/23, 3449] [/23, 3449] [/23, 3449] [/23, 3449] [/23, 3449] [/23, 3449] [/23, 3449] [/23, 3449] [/23, 3449] [/23, 3449] 
best_l after optimization: -5.74195671081543
beta sum per layer: [1413.5087890625, 0.0, 0.0]
alpha/beta optimization time: 0.19144296646118164
pruning_in_iteration open status: True
ratio of positive domain = 587 / 1100 = 0.5336363636363637
pruning-in-iteration extra time: 0.0055217742919921875
Time: get_branching_decision.update_bounds 0.1588    pickout 0.0583    branching_decision 0.0002    decision 0.0003    set_bounds 0.0251    prepare 0.0282    transfer 0.0001    finalize 0.0263    func 0.3178    solve 0.3273    add 0.0035    bab_iteration 0.4217    
Accumulated time: get_branching_decision.update_bounds 0.1588    bab_iteration 7.0702    pickout 0.6632    decision 0.0040    branching_decision 0.0036    set_bounds 0.3092    solve 6.0788    func 6.3956    prepare 0.3315    transfer 0.0012    finalize 0.3612    add 0.0930    
max lb 9.999999747378752e-05 min lb -0.05238211154937744
Number of Verified Splits: 587 of 1100
Current worst splitting domains lb-rhs (depth):
-0.05238 (31), -0.05039 (31), -0.04740 (31), -0.04709 (31), -0.04618 (31), -0.04518 (31), -0.04328 (31), -0.04219 (31), -0.04131 (31), -0.04103 (31), -0.03978 (31), -0.03829 (31), -0.03807 (31), -0.03806 (31), -0.03713 (31), -0.03603 (31), -0.03531 (31), -0.03511 (31), -0.03485 (31), -0.03424 (31), 
Current (lb-rhs): -0.05238211154937744
13048 domains visited
Length of domains: 513
Cumulative time: 7.846893548965454

BaB round 22
batch: 513
splitting decisions: 
split level 0: [/input, 5018] [/input, 5018] [/input, 5018] [/input, 5018] [/input, 5018] [/input, 5018] [/input, 5018] [/input, 5018] [/input, 5018] [/input, 5018] 
best_l after optimization: -5.8546953201293945
beta sum per layer: [1343.96435546875, 0.0, 0.0]
alpha/beta optimization time: 0.1966261863708496
pruning_in_iteration open status: True
ratio of positive domain = 486 / 1026 = 0.4736842105263158
pruning-in-iteration extra time: 0.005496025085449219
Time: get_branching_decision.update_bounds 0.1588    pickout 0.0542    branching_decision 0.0003    decision 0.0003    set_bounds 0.0245    prepare 0.0270    transfer 0.0001    finalize 0.0307    func 0.3283    solve 0.3178    add 0.0043    bab_iteration 0.4061    
Accumulated time: get_branching_decision.update_bounds 0.1588    bab_iteration 7.4763    pickout 0.7174    decision 0.0043    branching_decision 0.0039    set_bounds 0.3338    solve 6.3966    func 6.7239    prepare 0.3585    transfer 0.0012    finalize 0.3919    add 0.0973    
max lb 9.999999747378752e-05 min lb -0.05081939697265625
Number of Verified Splits: 486 of 1026
Current worst splitting domains lb-rhs (depth):
-0.05082 (32), -0.04883 (32), -0.04584 (32), -0.04553 (32), -0.04462 (32), -0.04362 (32), -0.04171 (32), -0.04063 (32), -0.03975 (32), -0.03947 (32), -0.03821 (32), -0.03672 (32), -0.03650 (32), -0.03650 (32), -0.03557 (32), -0.03447 (32), -0.03375 (32), -0.03355 (32), -0.03329 (32), -0.03268 (32), 
Current (lb-rhs): -0.05081939697265625
14074 domains visited
Length of domains: 540
Cumulative time: 8.25826621055603

BaB round 23
batch: 540
splitting decisions: 
split level 0: [/23, 2590] [/23, 2590] [/23, 2590] [/23, 2590] [/23, 2590] [/23, 2590] [/23, 2590] [/23, 2590] [/23, 2590] [/23, 2590] 
best_l after optimization: -6.348804473876953
beta sum per layer: [1323.442626953125, 53.94818115234375, 0.0]
alpha/beta optimization time: 0.19698739051818848
pruning_in_iteration open status: True
ratio of positive domain = 468 / 1080 = 0.43333333333333335
pruning-in-iteration extra time: 0.004818439483642578
Time: get_branching_decision.update_bounds 0.1588    pickout 0.0552    branching_decision 0.0003    decision 0.0003    set_bounds 0.0261    prepare 0.0270    transfer 0.0001    finalize 0.0293    func 0.3373    solve 0.3283    add 0.0038    bab_iteration 0.4114    
Accumulated time: get_branching_decision.update_bounds 0.1588    bab_iteration 7.8877    pickout 0.7726    decision 0.0046    branching_decision 0.0042    set_bounds 0.3599    solve 6.7250    func 7.0611    prepare 0.3855    transfer 0.0013    finalize 0.4211    add 0.1011    
max lb 0.00018072128295898438 min lb -0.04957687854766846
Number of Verified Splits: 468 of 1080
Current worst splitting domains lb-rhs (depth):
-0.04958 (33), -0.04759 (33), -0.04460 (33), -0.04393 (33), -0.04338 (33), -0.04194 (33), -0.04047 (33), -0.03910 (33), -0.03851 (33), -0.03783 (33), -0.03697 (33), -0.03548 (33), -0.03526 (33), -0.03499 (33), -0.03433 (33), -0.03284 (33), -0.03279 (33), -0.03268 (33), -0.03251 (33), -0.03231 (33), 
Current (lb-rhs): -0.04957687854766846
15154 domains visited
Length of domains: 612
Cumulative time: 8.681750535964966

BaB round 24
batch: 612
splitting decisions: 
split level 0: [/input, 5019] [/input, 5019] [/input, 5019] [/input, 5019] [/input, 5019] [/input, 5019] [/input, 5019] [/input, 5019] [/input, 5019] [/input, 5019] 
best_l after optimization: -5.895428657531738
beta sum per layer: [1427.820068359375, 108.3339614868164, 0.0]
alpha/beta optimization time: 0.2131485939025879
pruning_in_iteration open status: True
ratio of positive domain = 619 / 1224 = 0.505718954248366
pruning-in-iteration extra time: 0.0054590702056884766
Time: get_branching_decision.update_bounds 0.1588    pickout 0.0636    branching_decision 0.0003    decision 0.0003    set_bounds 0.0276    prepare 0.0303    transfer 0.0001    finalize 0.0315    func 0.3570    solve 0.3373    add 0.0035    bab_iteration 0.4235    
Accumulated time: get_branching_decision.update_bounds 0.1588    bab_iteration 8.3112    pickout 0.8361    decision 0.0049    branching_decision 0.0044    set_bounds 0.3875    solve 7.0623    func 7.4181    prepare 0.4159    transfer 0.0013    finalize 0.4526    add 0.1045    
max lb 0.000316619873046875 min lb -0.048038601875305176
Number of Verified Splits: 619 of 1224
Current worst splitting domains lb-rhs (depth):
-0.04804 (34), -0.04605 (34), -0.04306 (34), -0.04238 (34), -0.04184 (34), -0.04040 (34), -0.03893 (34), -0.03736 (34), -0.03697 (34), -0.03630 (34), -0.03544 (34), -0.03394 (34), -0.03372 (34), -0.03338 (34), -0.03279 (34), -0.03125 (34), -0.03097 (34), -0.03077 (34), -0.03007 (34), -0.02994 (34), 
Current (lb-rhs): -0.048038601875305176
16378 domains visited
Length of domains: 605
Cumulative time: 9.134738683700562

BaB round 25
batch: 605
splitting decisions: 
split level 0: [/input, 2881] [/input, 2881] [/input, 2881] [/input, 2881] [/input, 2881] [/input, 2881] [/input, 2881] [/input, 2881] [/input, 2881] [/input, 2881] 
best_l after optimization: -5.491063594818115
beta sum per layer: [1294.09521484375, 122.9080810546875, 0.0]
alpha/beta optimization time: 0.19318008422851562
pruning_in_iteration open status: True
ratio of positive domain = 642 / 1210 = 0.5305785123966942
pruning-in-iteration extra time: 0.005434274673461914
Time: get_branching_decision.update_bounds 0.1588    pickout 0.0626    branching_decision 0.0002    decision 0.0003    set_bounds 0.0276    prepare 0.0308    transfer 0.0001    finalize 0.0276    func 0.3286    solve 0.3570    add 0.0042    bab_iteration 0.4530    
Accumulated time: get_branching_decision.update_bounds 0.1588    bab_iteration 8.7642    pickout 0.8987    decision 0.0052    branching_decision 0.0047    set_bounds 0.4151    solve 7.4193    func 7.7468    prepare 0.4466    transfer 0.0014    finalize 0.4802    add 0.1087    
max lb 0.00011587142944335938 min lb -0.047722697257995605
Number of Verified Splits: 642 of 1210
Current worst splitting domains lb-rhs (depth):
-0.04772 (35), -0.04574 (35), -0.04275 (35), -0.04204 (35), -0.04153 (35), -0.04009 (35), -0.03862 (35), -0.03704 (35), -0.03666 (35), -0.03598 (35), -0.03512 (35), -0.03363 (35), -0.03341 (35), -0.03305 (35), -0.03248 (35), -0.03094 (35), -0.03066 (35), -0.03046 (35), -0.02976 (35), -0.02962 (35), 
Current (lb-rhs): -0.047722697257995605
17588 domains visited
Length of domains: 568
Cumulative time: 9.558122158050537

BaB round 26
batch: 568
splitting decisions: 
split level 0: [/23, 5830] [/23, 5830] [/23, 5830] [/23, 5830] [/23, 5830] [/23, 5830] [/23, 5830] [/23, 5830] [/23, 5830] [/23, 5830] 
best_l after optimization: -5.1961669921875
beta sum per layer: [1202.9649658203125, 106.12812805175781, 0.0]
alpha/beta optimization time: 0.19189882278442383
pruning_in_iteration open status: True
ratio of positive domain = 593 / 1136 = 0.5220070422535211
pruning-in-iteration extra time: 0.0054204463958740234
Time: get_branching_decision.update_bounds 0.1588    pickout 0.0592    branching_decision 0.0002    decision 0.0003    set_bounds 0.0270    prepare 0.0302    transfer 0.0001    finalize 0.0279    func 0.3265    solve 0.3287    add 0.0030    bab_iteration 0.4234    
Accumulated time: get_branching_decision.update_bounds 0.1588    bab_iteration 9.1875    pickout 0.9580    decision 0.0055    branching_decision 0.0049    set_bounds 0.4420    solve 7.7480    func 8.0732    prepare 0.4768    transfer 0.0014    finalize 0.5081    add 0.1117    
max lb 9.999999747378752e-05 min lb -0.04718506336212158
Number of Verified Splits: 593 of 1136
Current worst splitting domains lb-rhs (depth):
-0.04719 (36), -0.04520 (36), -0.04221 (36), -0.04148 (36), -0.04099 (36), -0.03955 (36), -0.03808 (36), -0.03647 (36), -0.03612 (36), -0.03545 (36), -0.03458 (36), -0.03309 (36), -0.03287 (36), -0.03251 (36), -0.03186 (36), -0.03040 (36), -0.03012 (36), -0.02992 (36), -0.02922 (36), -0.02912 (36), 
Current (lb-rhs): -0.04718506336212158
18724 domains visited
Length of domains: 543
Cumulative time: 9.97561526298523

BaB round 27
batch: 543
splitting decisions: 
split level 0: [/23, 3478] [/23, 3478] [/23, 3478] [/23, 3478] [/23, 3478] [/23, 3478] [/23, 3478] [/23, 3478] [/23, 3478] [/23, 3478] 
best_l after optimization: -4.86024284362793
beta sum per layer: [1130.175537109375, 103.05023193359375, 0.0]
alpha/beta optimization time: 0.17714548110961914
pruning_in_iteration open status: True
ratio of positive domain = 579 / 1086 = 0.5331491712707183
pruning-in-iteration extra time: 0.0053331851959228516
Time: get_branching_decision.update_bounds 0.1588    pickout 0.0566    branching_decision 0.0003    decision 0.0003    set_bounds 0.0245    prepare 0.0276    transfer 0.0001    finalize 0.1904    func 0.4657    solve 0.3265    add 0.0041    bab_iteration 0.4175    
Accumulated time: get_branching_decision.update_bounds 0.1588    bab_iteration 9.6050    pickout 1.0146    decision 0.0057    branching_decision 0.0052    set_bounds 0.4666    solve 8.0745    func 8.5389    prepare 0.5044    transfer 0.0015    finalize 0.6985    add 0.1159    
max lb 9.999999747378752e-05 min lb -0.04654574394226074
Number of Verified Splits: 579 of 1086
Current worst splitting domains lb-rhs (depth):
-0.04655 (37), -0.04456 (37), -0.04151 (37), -0.04083 (37), -0.04027 (37), -0.03891 (37), -0.03745 (37), -0.03581 (37), -0.03548 (37), -0.03481 (37), -0.03395 (37), -0.03243 (37), -0.03223 (37), -0.03187 (37), -0.03105 (37), -0.02976 (37), -0.02948 (37), -0.02928 (37), -0.02858 (37), -0.02842 (37), 
Current (lb-rhs): -0.04654574394226074
19810 domains visited
Length of domains: 507
Cumulative time: 10.52749490737915

BaB round 28
batch: 507
splitting decisions: 
split level 0: [/input, 5021] [/input, 5021] [/input, 5021] [/input, 5021] [/input, 5021] [/input, 5021] [/input, 5021] [/input, 5021] [/input, 5021] [/input, 5021] 
best_l after optimization: -4.37476921081543
beta sum per layer: [1073.9395751953125, 97.30261993408203, 0.0]
alpha/beta optimization time: 0.20672059059143066
pruning_in_iteration open status: True
ratio of positive domain = 543 / 1014 = 0.5355029585798816
pruning-in-iteration extra time: 0.00536656379699707
Time: get_branching_decision.update_bounds 0.1588    pickout 0.0533    branching_decision 0.0002    decision 0.0002    set_bounds 0.0230    prepare 0.0257    transfer 0.0001    finalize 0.0228    func 0.3216    solve 0.4658    add 0.0044    bab_iteration 0.5519    
Accumulated time: get_branching_decision.update_bounds 0.1588    bab_iteration 10.1569    pickout 1.0679    decision 0.0060    branching_decision 0.0054    set_bounds 0.4895    solve 8.5403    func 8.8605    prepare 0.5301    transfer 0.0015    finalize 0.7214    add 0.1202    
max lb 0.0010104179382324219 min lb -0.04506492614746094
Number of Verified Splits: 543 of 1014
Current worst splitting domains lb-rhs (depth):
-0.04506 (38), -0.04308 (38), -0.04002 (38), -0.03933 (38), -0.03879 (38), -0.03743 (38), -0.03596 (38), -0.03433 (38), -0.03400 (38), -0.03333 (38), -0.03246 (38), -0.03092 (38), -0.03075 (38), -0.03039 (38), -0.02957 (38), -0.02828 (38), -0.02800 (38), -0.02780 (38), -0.02710 (38), -0.02694 (38), 
Current (lb-rhs): -0.04506492614746094
20824 domains visited
Length of domains: 471
Cumulative time: 10.928298234939575

BaB round 29
batch: 471
splitting decisions: 
split level 0: [/input, 5046] [/input, 5046] [/input, 5046] [/input, 5046] [/input, 5046] [/input, 5046] [/input, 5046] [/input, 5046] [/input, 5046] [/input, 5046] 
best_l after optimization: -3.7896363735198975
beta sum per layer: [981.4710693359375, 89.39059448242188, 0.0]
alpha/beta optimization time: 0.19492888450622559
pruning_in_iteration open status: True
ratio of positive domain = 522 / 942 = 0.554140127388535
pruning-in-iteration extra time: 0.005437135696411133
Time: get_branching_decision.update_bounds 0.1588    pickout 0.0502    branching_decision 0.0002    decision 0.0003    set_bounds 0.0215    prepare 0.0241    transfer 0.0001    finalize 0.0217    func 0.3003    solve 0.3216    add 0.0024    bab_iteration 0.4008    
Accumulated time: get_branching_decision.update_bounds 0.1588    bab_iteration 10.5577    pickout 1.1181    decision 0.0062    branching_decision 0.0056    set_bounds 0.5110    solve 8.8619    func 9.1608    prepare 0.5542    transfer 0.0016    finalize 0.7431    add 0.1226    
max lb 0.001195669174194336 min lb -0.04358673095703125
Number of Verified Splits: 522 of 942
Current worst splitting domains lb-rhs (depth):
-0.04359 (39), -0.04160 (39), -0.03855 (39), -0.03785 (39), -0.03731 (39), -0.03595 (39), -0.03449 (39), -0.03285 (39), -0.03252 (39), -0.03185 (39), -0.03099 (39), -0.02944 (39), -0.02927 (39), -0.02891 (39), -0.02809 (39), -0.02680 (39), -0.02652 (39), -0.02632 (39), -0.02562 (39), -0.02557 (39), 
Current (lb-rhs): -0.04358673095703125
21766 domains visited
Length of domains: 420
Cumulative time: 11.303401708602905

BaB round 30
batch: 420
splitting decisions: 
split level 0: [/input, 5753] [/input, 5021] [/input, 5021] [/input, 5021] [/input, 5021] [/input, 5021] [/input, 5021] [/input, 5753] [/input, 5021] [/input, 5021] 
best_l after optimization: -3.5590898990631104
beta sum per layer: [819.188232421875, 76.29671478271484, 0.0]
alpha/beta optimization time: 0.194105863571167
pruning_in_iteration open status: True
ratio of positive domain = 448 / 840 = 0.5333333333333333
pruning-in-iteration extra time: 0.005335569381713867
Time: get_branching_decision.update_bounds 0.1588    pickout 0.0440    branching_decision 0.0002    decision 0.0002    set_bounds 0.0193    prepare 0.0215    transfer 0.0001    finalize 0.0251    func 0.2972    solve 0.3003    add 0.0026    bab_iteration 0.3751    
Accumulated time: get_branching_decision.update_bounds 0.1588    bab_iteration 10.9328    pickout 1.1621    decision 0.0065    branching_decision 0.0058    set_bounds 0.5303    solve 9.1622    func 9.4580    prepare 0.5757    transfer 0.0017    finalize 0.7681    add 0.1252    
max lb 9.999999747378752e-05 min lb -0.04340958595275879
Number of Verified Splits: 448 of 840
Current worst splitting domains lb-rhs (depth):
-0.04341 (40), -0.04142 (40), -0.03837 (40), -0.03766 (40), -0.03714 (40), -0.03578 (40), -0.03431 (40), -0.03268 (40), -0.03234 (40), -0.03167 (40), -0.03081 (40), -0.02926 (40), -0.02909 (40), -0.02873 (40), -0.02791 (40), -0.02663 (40), -0.02634 (40), -0.02614 (40), -0.02544 (40), -0.02528 (40), 
Current (lb-rhs): -0.04340958595275879
22606 domains visited
Length of domains: 392
Cumulative time: 11.666630983352661

BaB round 31
batch: 392
splitting decisions: 
split level 0: [/input, 5021] [/input, 5021] [/input, 5021] [/23, 3211] [/23, 3211] [/input, 4994] [/23, 315] [/23, 3211] [/input, 4994] [/23, 315] 
best_l after optimization: -3.3611130714416504
beta sum per layer: [755.8155517578125, 65.95819091796875, 0.0]
alpha/beta optimization time: 0.18013477325439453
pruning_in_iteration open status: True
ratio of positive domain = 407 / 784 = 0.5191326530612245
pruning-in-iteration extra time: 0.005307912826538086
Time: get_branching_decision.update_bounds 0.1588    pickout 0.0417    branching_decision 0.0002    decision 0.0002    set_bounds 0.0178    prepare 0.0200    transfer 0.0001    finalize 0.0192    func 0.2740    solve 0.2972    add 0.0022    bab_iteration 0.3632    
Accumulated time: get_branching_decision.update_bounds 0.1588    bab_iteration 11.2960    pickout 1.2038    decision 0.0067    branching_decision 0.0060    set_bounds 0.5481    solve 9.4595    func 9.7320    prepare 0.5957    transfer 0.0017    finalize 0.7873    add 0.1274    
max lb 9.999999747378752e-05 min lb -0.04287540912628174
Number of Verified Splits: 407 of 784
Current worst splitting domains lb-rhs (depth):
-0.04288 (41), -0.04089 (41), -0.03783 (41), -0.03712 (41), -0.03660 (41), -0.03524 (41), -0.03378 (41), -0.03214 (41), -0.03181 (41), -0.03114 (41), -0.03028 (41), -0.02873 (41), -0.02856 (41), -0.02820 (41), -0.02738 (41), -0.02609 (41), -0.02581 (41), -0.02561 (41), -0.02491 (41), -0.02475 (41), 
Current (lb-rhs): -0.04287540912628174
23390 domains visited
Length of domains: 377
Cumulative time: 12.002994060516357

BaB round 32
batch: 377
splitting decisions: 
split level 0: [/23, 288] [/input, 4750] [/23, 75] [/input, 5021] [/23, 75] [/23, 75] [/input, 4750] [/23, 75] [/23, 75] [/input, 4750] 
best_l after optimization: -3.2428677082061768
beta sum per layer: [721.4471435546875, 63.45464324951172, 0.0]
alpha/beta optimization time: 0.16871905326843262
pruning_in_iteration open status: True
ratio of positive domain = 388 / 754 = 0.5145888594164456
pruning-in-iteration extra time: 0.005335569381713867
Time: get_branching_decision.update_bounds 0.1588    pickout 0.0405    branching_decision 0.0002    decision 0.0002    set_bounds 0.0171    prepare 0.0194    transfer 0.0001    finalize 0.0179    func 0.2587    solve 0.2741    add 0.0023    bab_iteration 0.3364    
Accumulated time: get_branching_decision.update_bounds 0.1588    bab_iteration 11.6324    pickout 1.2443    decision 0.0069    branching_decision 0.0062    set_bounds 0.5652    solve 9.7335    func 9.9906    prepare 0.6151    transfer 0.0018    finalize 0.8051    add 0.1296    
max lb 9.999999747378752e-05 min lb -0.04270648956298828
Number of Verified Splits: 388 of 754
Current worst splitting domains lb-rhs (depth):
-0.04271 (42), -0.04072 (42), -0.03767 (42), -0.03695 (42), -0.03643 (42), -0.03508 (42), -0.03339 (42), -0.03197 (42), -0.03145 (42), -0.03097 (42), -0.03011 (42), -0.02839 (42), -0.02836 (42), -0.02784 (42), -0.02702 (42), -0.02573 (42), -0.02564 (42), -0.02544 (42), -0.02474 (42), -0.02458 (42), 
Current (lb-rhs): -0.04270648956298828
24144 domains visited
Length of domains: 366
Cumulative time: 12.321800231933594

BaB round 33
batch: 366
splitting decisions: 
split level 0: [/23, 3477] [/input, 4750] [/input, 4750] [/input, 4750] [/23, 3477] [/input, 4750] [/input, 4750] [/input, 4750] [/input, 4750] [/input, 4750] 
best_l after optimization: -3.494246006011963
beta sum per layer: [749.56884765625, 59.01515197753906, 0.0]
alpha/beta optimization time: 0.1875605583190918
pruning_in_iteration open status: True
ratio of positive domain = 329 / 732 = 0.4494535519125683
pruning-in-iteration extra time: 0.0053997039794921875
Time: get_branching_decision.update_bounds 0.1588    pickout 0.0391    branching_decision 0.0002    decision 0.0002    set_bounds 0.0168    prepare 0.0187    transfer 0.0000    finalize 0.0199    func 0.2827    solve 0.2587    add 0.0020    bab_iteration 0.3188    
Accumulated time: get_branching_decision.update_bounds 0.1588    bab_iteration 11.9512    pickout 1.2834    decision 0.0071    branching_decision 0.0064    set_bounds 0.5820    solve 9.9922    func 10.2734    prepare 0.6337    transfer 0.0018    finalize 0.8251    add 0.1316    
max lb 9.999999747378752e-05 min lb -0.04124617576599121
Number of Verified Splits: 329 of 732
Current worst splitting domains lb-rhs (depth):
-0.04125 (43), -0.03926 (43), -0.03620 (43), -0.03548 (43), -0.03497 (43), -0.03361 (43), -0.03194 (43), -0.03051 (43), -0.02999 (43), -0.02951 (43), -0.02875 (43), -0.02865 (43), -0.02693 (43), -0.02690 (43), -0.02688 (43), -0.02633 (43), -0.02556 (43), -0.02427 (43), -0.02418 (43), -0.02410 (43), 
Current (lb-rhs): -0.04124617576599121
24876 domains visited
Length of domains: 403
Cumulative time: 12.663444995880127

BaB round 34
batch: 403
splitting decisions: 
split level 0: [/23, 3451] [/23, 3451] [/23, 3451] [/23, 3451] [/23, 3451] [/23, 3451] [/23, 3477] [/23, 3477] [/23, 3477] [/23, 3477] 
best_l after optimization: -3.14663028717041
beta sum per layer: [801.7913818359375, 58.69849395751953, 0.0]
alpha/beta optimization time: 0.172454833984375
pruning_in_iteration open status: True
ratio of positive domain = 435 / 806 = 0.5397022332506203
pruning-in-iteration extra time: 0.0053179264068603516
Time: get_branching_decision.update_bounds 0.1588    pickout 0.0437    branching_decision 0.0002    decision 0.0002    set_bounds 0.0188    prepare 0.0208    transfer 0.0001    finalize 0.0184    func 0.2666    solve 0.2828    add 0.0026    bab_iteration 0.3416    
Accumulated time: get_branching_decision.update_bounds 0.1588    bab_iteration 12.2928    pickout 1.3271    decision 0.0073    branching_decision 0.0066    set_bounds 0.6008    solve 10.2750    func 10.5400    prepare 0.6546    transfer 0.0019    finalize 0.8434    add 0.1342    
max lb 9.999999747378752e-05 min lb -0.040587425231933594
Number of Verified Splits: 435 of 806
Current worst splitting domains lb-rhs (depth):
-0.04059 (44), -0.03860 (44), -0.03555 (44), -0.03481 (44), -0.03431 (44), -0.03296 (44), -0.03128 (44), -0.02985 (44), -0.02933 (44), -0.02885 (44), -0.02799 (44), -0.02700 (44), -0.02627 (44), -0.02625 (44), -0.02565 (44), -0.02505 (44), -0.02490 (44), -0.02361 (44), -0.02352 (44), -0.02332 (44), 
Current (lb-rhs): -0.040587425231933594
25682 domains visited
Length of domains: 371
Cumulative time: 12.99534797668457

BaB round 35
batch: 371
splitting decisions: 
split level 0: [/23, 75] [/23, 75] [/23, 75] [/23, 75] [/23, 75] [/23, 3451] [/23, 3451] [/23, 3451] [/23, 75] [/23, 75] 
best_l after optimization: -2.9039549827575684
beta sum per layer: [714.415283203125, 58.7009162902832, 0.0]
alpha/beta optimization time: 0.16968297958374023
pruning_in_iteration open status: True
ratio of positive domain = 394 / 742 = 0.5309973045822103
pruning-in-iteration extra time: 0.005381345748901367
Time: get_branching_decision.update_bounds 0.1588    pickout 0.0398    branching_decision 0.0002    decision 0.0002    set_bounds 0.0171    prepare 0.0190    transfer 0.0000    finalize 0.0172    func 0.2564    solve 0.2667    add 0.0023    bab_iteration 0.3319    
Accumulated time: get_branching_decision.update_bounds 0.1588    bab_iteration 12.6247    pickout 1.3668    decision 0.0075    branching_decision 0.0068    set_bounds 0.6178    solve 10.5417    func 10.7964    prepare 0.6736    transfer 0.0019    finalize 0.8606    add 0.1365    
max lb 9.999999747378752e-05 min lb -0.03994572162628174
Number of Verified Splits: 394 of 742
Current worst splitting domains lb-rhs (depth):
-0.03995 (45), -0.03796 (45), -0.03491 (45), -0.03416 (45), -0.03367 (45), -0.03231 (45), -0.03060 (45), -0.02921 (45), -0.02865 (45), -0.02821 (45), -0.02735 (45), -0.02631 (45), -0.02563 (45), -0.02562 (45), -0.02498 (45), -0.02441 (45), -0.02422 (45), -0.02293 (45), -0.02288 (45), -0.02268 (45), 
Current (lb-rhs): -0.03994572162628174
26424 domains visited
Length of domains: 348
Cumulative time: 13.310999155044556

BaB round 36
batch: 348
splitting decisions: 
split level 0: [/input, 4750] [/input, 4750] [/input, 4750] [/input, 4750] [/input, 4750] [/23, 288] [/23, 288] [/23, 288] [/input, 4750] [/input, 4750] 
best_l after optimization: -2.801764965057373
beta sum per layer: [668.60107421875, 52.034725189208984, 0.0]
alpha/beta optimization time: 0.17366456985473633
pruning_in_iteration open status: True
ratio of positive domain = 364 / 696 = 0.5229885057471264
pruning-in-iteration extra time: 0.005452156066894531
Time: get_branching_decision.update_bounds 0.1588    pickout 0.0368    branching_decision 0.0002    decision 0.0002    set_bounds 0.0163    prepare 0.0180    transfer 0.0000    finalize 0.0164    func 0.2566    solve 0.2564    add 0.0019    bab_iteration 0.3156    
Accumulated time: get_branching_decision.update_bounds 0.1588    bab_iteration 12.9404    pickout 1.4036    decision 0.0077    branching_decision 0.0070    set_bounds 0.6341    solve 10.7981    func 11.0530    prepare 0.6916    transfer 0.0020    finalize 0.8771    add 0.1384    
max lb 9.999999747378752e-05 min lb -0.03978443145751953
Number of Verified Splits: 364 of 696
Current worst splitting domains lb-rhs (depth):
-0.03978 (46), -0.03780 (46), -0.03474 (46), -0.03400 (46), -0.03351 (46), -0.03215 (46), -0.03042 (46), -0.02905 (46), -0.02849 (46), -0.02804 (46), -0.02718 (46), -0.02613 (46), -0.02547 (46), -0.02544 (46), -0.02479 (46), -0.02424 (46), -0.02405 (46), -0.02277 (46), -0.02272 (46), -0.02252 (46), 
Current (lb-rhs): -0.03978443145751953
27120 domains visited
Length of domains: 332
Cumulative time: 13.623072147369385

BaB round 37
batch: 332
splitting decisions: 
split level 0: [/23, 3452] [/23, 3452] [/23, 3452] [/23, 3452] [/23, 3452] [/23, 3452] [/23, 3452] [/23, 3452] [/23, 3452] [/23, 3452] 
best_l after optimization: -2.616529941558838
beta sum per layer: [635.21875, 48.184837341308594, 0.0]
alpha/beta optimization time: 0.16963434219360352
pruning_in_iteration open status: True
ratio of positive domain = 355 / 664 = 0.5346385542168675
pruning-in-iteration extra time: 0.0053768157958984375
Time: get_branching_decision.update_bounds 0.1588    pickout 0.0356    branching_decision 0.0002    decision 0.0002    set_bounds 0.0152    prepare 0.0170    transfer 0.0000    finalize 0.0153    func 0.2475    solve 0.2567    add 0.0019    bab_iteration 0.3121    
Accumulated time: get_branching_decision.update_bounds 0.1588    bab_iteration 13.2524    pickout 1.4392    decision 0.0079    branching_decision 0.0071    set_bounds 0.6493    solve 11.0548    func 11.3005    prepare 0.7086    transfer 0.0020    finalize 0.8924    add 0.1403    
max lb 9.999999747378752e-05 min lb -0.03918170928955078
Number of Verified Splits: 355 of 664
Current worst splitting domains lb-rhs (depth):
-0.03918 (47), -0.03720 (47), -0.03414 (47), -0.03340 (47), -0.03291 (47), -0.03155 (47), -0.02975 (47), -0.02845 (47), -0.02787 (47), -0.02744 (47), -0.02658 (47), -0.02553 (47), -0.02487 (47), -0.02477 (47), -0.02408 (47), -0.02364 (47), -0.02338 (47), -0.02212 (47), -0.02210 (47), -0.02192 (47), 
Current (lb-rhs): -0.03918170928955078
27784 domains visited
Length of domains: 309
Cumulative time: 13.923625469207764

BaB round 38
batch: 309
splitting decisions: 
split level 0: [/input, 4991] [/input, 4991] [/input, 4991] [/input, 4991] [/input, 4991] [/input, 4991] [/input, 4991] [/input, 4991] [/input, 4991] [/input, 4991] 
best_l after optimization: -2.932481288909912
beta sum per layer: [620.123779296875, 44.1992073059082, 0.0]
alpha/beta optimization time: 0.18737316131591797
pruning_in_iteration open status: True
ratio of positive domain = 253 / 618 = 0.4093851132686084
pruning-in-iteration extra time: 0.0054891109466552734
Time: get_branching_decision.update_bounds 0.1588    pickout 0.0329    branching_decision 0.0002    decision 0.0002    set_bounds 0.0142    prepare 0.0157    transfer 0.0000    finalize 0.0179    func 0.2724    solve 0.2475    add 0.0018    bab_iteration 0.3005    
Accumulated time: get_branching_decision.update_bounds 0.1588    bab_iteration 13.5530    pickout 1.4721    decision 0.0081    branching_decision 0.0073    set_bounds 0.6635    solve 11.3023    func 11.5729    prepare 0.7243    transfer 0.0021    finalize 0.9102    add 0.1422    
max lb 9.999999747378752e-05 min lb -0.038179874420166016
Number of Verified Splits: 253 of 618
Current worst splitting domains lb-rhs (depth):
-0.03818 (48), -0.03619 (48), -0.03314 (48), -0.03240 (48), -0.03191 (48), -0.03055 (48), -0.02878 (48), -0.02745 (48), -0.02688 (48), -0.02664 (48), -0.02644 (48), -0.02558 (48), -0.02498 (48), -0.02452 (48), -0.02387 (48), -0.02381 (48), -0.02310 (48), -0.02264 (48), -0.02241 (48), -0.02209 (48), 
Current (lb-rhs): -0.038179874420166016
28402 domains visited
Length of domains: 365
Cumulative time: 14.245740175247192

BaB round 39
batch: 365
splitting decisions: 
split level 0: [/23, 314] [/23, 314] [/23, 314] [/23, 314] [/23, 314] [/23, 314] [/23, 314] [/23, 314] [/23, 314] [/23, 314] 
best_l after optimization: -2.7958290576934814
beta sum per layer: [720.30908203125, 40.5535888671875, 0.0]
alpha/beta optimization time: 0.17804908752441406
pruning_in_iteration open status: True
ratio of positive domain = 377 / 730 = 0.5164383561643835
pruning-in-iteration extra time: 0.005499601364135742
Time: get_branching_decision.update_bounds 0.1588    pickout 0.2152    branching_decision 0.0003    decision 0.0003    set_bounds 0.0182    prepare 0.0205    transfer 0.0001    finalize 0.0174    func 0.2672    solve 0.2725    add 0.0021    bab_iteration 0.3221    
Accumulated time: get_branching_decision.update_bounds 0.1588    bab_iteration 13.8751    pickout 1.6873    decision 0.0084    branching_decision 0.0076    set_bounds 0.6816    solve 11.5748    func 11.8401    prepare 0.7448    transfer 0.0021    finalize 0.9277    add 0.1442    
max lb 9.999999747378752e-05 min lb -0.038030385971069336
Number of Verified Splits: 377 of 730
Current worst splitting domains lb-rhs (depth):
-0.03803 (49), -0.03604 (49), -0.03299 (49), -0.03225 (49), -0.03176 (49), -0.03040 (49), -0.02863 (49), -0.02730 (49), -0.02673 (49), -0.02629 (49), -0.02623 (49), -0.02543 (49), -0.02434 (49), -0.02433 (49), -0.02372 (49), -0.02366 (49), -0.02295 (49), -0.02246 (49), -0.02226 (49), -0.02125 (49), 
Current (lb-rhs): -0.038030385971069336
29132 domains visited
Length of domains: 353
Cumulative time: 14.748908996582031

BaB round 40
batch: 353
splitting decisions: 
split level 0: [/23, 313] [/23, 313] [/23, 313] [/23, 313] [/23, 313] [/23, 313] [/23, 313] [/23, 313] [/23, 313] [/23, 313] 
best_l after optimization: -2.681874990463257
beta sum per layer: [678.2655029296875, 44.2845344543457, 0.0]
alpha/beta optimization time: 0.17256712913513184
pruning_in_iteration open status: True
ratio of positive domain = 366 / 706 = 0.518413597733711
pruning-in-iteration extra time: 0.005408763885498047
Time: get_branching_decision.update_bounds 0.1588    pickout 0.0376    branching_decision 0.0002    decision 0.0003    set_bounds 0.0168    prepare 0.0189    transfer 0.0001    finalize 0.0338    func 0.2753    solve 0.2672    add 0.0020    bab_iteration 0.5032    
Accumulated time: get_branching_decision.update_bounds 0.1588    bab_iteration 14.3783    pickout 1.7249    decision 0.0087    branching_decision 0.0079    set_bounds 0.6985    solve 11.8420    func 12.1154    prepare 0.7637    transfer 0.0022    finalize 0.9615    add 0.1462    
max lb 9.999999747378752e-05 min lb -0.03777170181274414
Number of Verified Splits: 366 of 706
Current worst splitting domains lb-rhs (depth):
-0.03777 (50), -0.03578 (50), -0.03273 (50), -0.03199 (50), -0.03150 (50), -0.03014 (50), -0.02837 (50), -0.02704 (50), -0.02647 (50), -0.02603 (50), -0.02583 (50), -0.02517 (50), -0.02408 (50), -0.02380 (50), -0.02346 (50), -0.02340 (50), -0.02269 (50), -0.02220 (50), -0.02201 (50), -0.02084 (50), 
Current (lb-rhs): -0.03777170181274414
29838 domains visited
Length of domains: 340
Cumulative time: 15.240245819091797

BaB round 41
batch: 340
splitting decisions: 
split level 0: [/input, 4348] [/input, 4348] [/input, 4348] [/input, 4348] [/input, 4348] [/input, 4348] [/input, 4348] [/input, 4348] [/input, 4348] [/input, 4348] 
best_l after optimization: -2.830162286758423
beta sum per layer: [668.697998046875, 43.68760299682617, 0.0]
alpha/beta optimization time: 0.16940593719482422
pruning_in_iteration open status: True
ratio of positive domain = 310 / 680 = 0.4558823529411765
pruning-in-iteration extra time: 0.005052804946899414
Time: get_branching_decision.update_bounds 0.1588    pickout 0.0585    branching_decision 0.0003    decision 0.0003    set_bounds 0.0183    prepare 0.0179    transfer 0.0001    finalize 0.0348    func 0.2750    solve 0.2754    add 0.1504    bab_iteration 0.4913    
Accumulated time: get_branching_decision.update_bounds 0.1588    bab_iteration 14.8696    pickout 1.7835    decision 0.0089    branching_decision 0.0081    set_bounds 0.7168    solve 12.1174    func 12.3904    prepare 0.7816    transfer 0.0023    finalize 0.9963    add 0.2967    
max lb 9.999999747378752e-05 min lb -0.03730010986328125
Number of Verified Splits: 310 of 680
Current worst splitting domains lb-rhs (depth):
-0.03730 (51), -0.03531 (51), -0.03215 (51), -0.03152 (51), -0.03078 (51), -0.02967 (51), -0.02790 (51), -0.02657 (51), -0.02600 (51), -0.02541 (51), -0.02530 (51), -0.02470 (51), -0.02361 (51), -0.02333 (51), -0.02289 (51), -0.02275 (51), -0.02222 (51), -0.02173 (51), -0.02153 (51), -0.02065 (51), 
Current (lb-rhs): -0.03730010986328125
30518 domains visited
Length of domains: 370
Cumulative time: 15.785674333572388

BaB round 42
batch: 370
splitting decisions: 
split level 0: [/input, 5020] [/input, 5020] [/input, 5020] [/input, 5020] [/input, 5020] [/input, 5020] [/input, 5020] [/input, 5020] [/input, 5020] [/input, 5020] 
best_l after optimization: -2.359057664871216
beta sum per layer: [721.5906982421875, 40.14292907714844, 0.0]
alpha/beta optimization time: 0.18227314949035645
pruning_in_iteration open status: True
ratio of positive domain = 423 / 740 = 0.5716216216216217
pruning-in-iteration extra time: 0.0054035186767578125
Time: get_branching_decision.update_bounds 0.1588    pickout 0.0605    branching_decision 0.0002    decision 0.0002    set_bounds 0.0171    prepare 0.0185    transfer 0.0001    finalize 0.0321    func 0.2798    solve 0.2751    add 0.1825    bab_iteration 0.5454    
Accumulated time: get_branching_decision.update_bounds 0.1588    bab_iteration 15.4150    pickout 1.8440    decision 0.0092    branching_decision 0.0083    set_bounds 0.7338    solve 12.3925    func 12.6702    prepare 0.8002    transfer 0.0024    finalize 1.0284    add 0.4792    
max lb 0.0010743141174316406 min lb -0.035853028297424316
Number of Verified Splits: 423 of 740
Current worst splitting domains lb-rhs (depth):
-0.03585 (52), -0.03387 (52), -0.03064 (52), -0.03007 (52), -0.02933 (52), -0.02822 (52), -0.02645 (52), -0.02512 (52), -0.02455 (52), -0.02396 (52), -0.02379 (52), -0.02325 (52), -0.02216 (52), -0.02189 (52), -0.02144 (52), -0.02127 (52), -0.02077 (52), -0.02028 (52), -0.02009 (52), -0.01889 (52), 
Current (lb-rhs): -0.035853028297424316
31258 domains visited
Length of domains: 317
Cumulative time: 16.216995239257812

BaB round 43
batch: 317
splitting decisions: 
split level 0: [/input, 5020] [/input, 5020] [/input, 5020] [/input, 5020] [/input, 5020] [/input, 5020] [/input, 4348] [/input, 4050] [/input, 4050] [/input, 4050] 
best_l after optimization: -3.2561492919921875
beta sum per layer: [589.5136108398438, 36.510284423828125, 0.0]
alpha/beta optimization time: 0.20026731491088867
pruning_in_iteration open status: True
ratio of positive domain = 192 / 634 = 0.3028391167192429
pruning-in-iteration extra time: 0.005568981170654297
Time: get_branching_decision.update_bounds 0.1588    pickout 0.0340    branching_decision 0.0002    decision 0.0002    set_bounds 0.0151    prepare 0.0163    transfer 0.0001    finalize 0.0237    func 0.3011    solve 0.2798    add 0.0733    bab_iteration 0.4313    
Accumulated time: get_branching_decision.update_bounds 0.1588    bab_iteration 15.8463    pickout 1.8780    decision 0.0094    branching_decision 0.0085    set_bounds 0.7489    solve 12.6723    func 12.9713    prepare 0.8164    transfer 0.0024    finalize 1.0521    add 0.5525    
max lb 9.999999747378752e-05 min lb -0.03404808044433594
Number of Verified Splits: 192 of 634
Current worst splitting domains lb-rhs (depth):
-0.03405 (53), -0.03243 (53), -0.03206 (53), -0.03055 (53), -0.02884 (53), -0.02827 (53), -0.02753 (53), -0.02725 (53), -0.02670 (53), -0.02642 (53), -0.02622 (53), -0.02505 (53), -0.02464 (53), -0.02332 (53), -0.02304 (53), -0.02275 (53), -0.02216 (53), -0.02197 (53), -0.02172 (53), -0.02145 (53), 
Current (lb-rhs): -0.03404808044433594
31892 domains visited
Length of domains: 442
Cumulative time: 16.570415019989014

BaB round 44
batch: 442
splitting decisions: 
split level 0: [/input, 5020] [/input, 4348] [/input, 4348] [/input, 4348] [/input, 4348] [/input, 4348] [/input, 5020] [/input, 4994] [/input, 4994] [/input, 4994] 
best_l after optimization: -2.95383882522583
beta sum per layer: [836.61279296875, 29.857378005981445, 0.0]
alpha/beta optimization time: 0.1877148151397705
pruning_in_iteration open status: True
ratio of positive domain = 461 / 884 = 0.5214932126696832
pruning-in-iteration extra time: 0.005413532257080078
Time: get_branching_decision.update_bounds 0.1588    pickout 0.0455    branching_decision 0.0003    decision 0.0003    set_bounds 0.0208    prepare 0.0245    transfer 0.0001    finalize 0.0214    func 0.2956    solve 0.3012    add 0.0027    bab_iteration 0.3534    
Accumulated time: get_branching_decision.update_bounds 0.1588    bab_iteration 16.1998    pickout 1.9235    decision 0.0096    branching_decision 0.0088    set_bounds 0.7697    solve 12.9735    func 13.2670    prepare 0.8409    transfer 0.0025    finalize 1.0735    add 0.5552    
max lb 9.999999747378752e-05 min lb -0.03261089324951172
Number of Verified Splits: 461 of 884
Current worst splitting domains lb-rhs (depth):
-0.03261 (54), -0.03100 (54), -0.03062 (54), -0.02896 (54), -0.02740 (54), -0.02683 (54), -0.02609 (54), -0.02581 (54), -0.02522 (54), -0.02498 (54), -0.02478 (54), -0.02327 (54), -0.02321 (54), -0.02188 (54), -0.02160 (54), -0.02131 (54), -0.02072 (54), -0.02053 (54), -0.02019 (54), -0.02001 (54), 
Current (lb-rhs): -0.03261089324951172
32776 domains visited
Length of domains: 423
Cumulative time: 16.93563961982727

BaB round 45
batch: 423
splitting decisions: 
split level 0: [/input, 5020] [/input, 5020] [/input, 5020] [/input, 5020] [/input, 5020] [/23, 5775] [/23, 5775] [/23, 5775] [/23, 5775] [/23, 5775] 
best_l after optimization: -2.620847225189209
beta sum per layer: [746.4232177734375, 36.47825241088867, 0.0]
alpha/beta optimization time: 0.16747689247131348
pruning_in_iteration open status: True
ratio of positive domain = 465 / 846 = 0.549645390070922
pruning-in-iteration extra time: 0.0054395198822021484
Time: get_branching_decision.update_bounds 0.1588    pickout 0.0455    branching_decision 0.0002    decision 0.0002    set_bounds 0.0191    prepare 0.0218    transfer 0.0001    finalize 0.0188    func 0.2647    solve 0.2957    add 0.0026    bab_iteration 0.3652    
Accumulated time: get_branching_decision.update_bounds 0.1588    bab_iteration 16.5650    pickout 1.9691    decision 0.0098    branching_decision 0.0090    set_bounds 0.7888    solve 13.2692    func 13.5317    prepare 0.8627    transfer 0.0025    finalize 1.0923    add 0.5578    
max lb 9.999999747378752e-05 min lb -0.03212451934814453
Number of Verified Splits: 465 of 846
Current worst splitting domains lb-rhs (depth):
-0.03212 (55), -0.03051 (55), -0.03014 (55), -0.02848 (55), -0.02691 (55), -0.02634 (55), -0.02560 (55), -0.02533 (55), -0.02471 (55), -0.02449 (55), -0.02430 (55), -0.02278 (55), -0.02250 (55), -0.02139 (55), -0.02089 (55), -0.02060 (55), -0.02023 (55), -0.01970 (55), -0.01961 (55), -0.01952 (55), 
Current (lb-rhs): -0.03212451934814453
33622 domains visited
Length of domains: 381
Cumulative time: 17.26774001121521

BaB round 46
batch: 381
splitting decisions: 
split level 0: [/23, 3423] [/23, 3423] [/23, 3423] [/23, 3423] [/23, 3423] [/23, 3423] [/23, 3423] [/23, 3423] [/23, 3423] [/23, 3423] 
best_l after optimization: -2.326608657836914
beta sum per layer: [661.2864990234375, 29.991497039794922, 0.0]
alpha/beta optimization time: 0.17196440696716309
pruning_in_iteration open status: True
ratio of positive domain = 417 / 762 = 0.547244094488189
pruning-in-iteration extra time: 0.0055577754974365234
Time: get_branching_decision.update_bounds 0.1588    pickout 0.0405    branching_decision 0.0002    decision 0.0002    set_bounds 0.0174    prepare 0.0196    transfer 0.0001    finalize 0.0171    func 0.2591    solve 0.2648    add 0.0021    bab_iteration 0.3321    
Accumulated time: get_branching_decision.update_bounds 0.1588    bab_iteration 16.8971    pickout 2.0095    decision 0.0100    branching_decision 0.0091    set_bounds 0.8062    solve 13.5340    func 13.7908    prepare 0.8823    transfer 0.0026    finalize 1.1094    add 0.5599    
max lb 9.999999747378752e-05 min lb -0.031229734420776367
Number of Verified Splits: 417 of 762
Current worst splitting domains lb-rhs (depth):
-0.03123 (56), -0.02961 (56), -0.02924 (56), -0.02758 (56), -0.02602 (56), -0.02545 (56), -0.02471 (56), -0.02443 (56), -0.02382 (56), -0.02360 (56), -0.02340 (56), -0.02189 (56), -0.02151 (56), -0.02050 (56), -0.01990 (56), -0.01950 (56), -0.01934 (56), -0.01905 (56), -0.01881 (56), -0.01863 (56), 
Current (lb-rhs): -0.031229734420776367
34384 domains visited
Length of domains: 345
Cumulative time: 17.587183475494385

BaB round 47
batch: 345
splitting decisions: 
split level 0: [/input, 4992] [/input, 4992] [/input, 4992] [/input, 4992] [/input, 4992] [/input, 4992] [/input, 4992] [/input, 4992] [/input, 4992] [/input, 4992] 
best_l after optimization: -2.073965072631836
beta sum per layer: [607.963134765625, 29.521591186523438, 0.0]
alpha/beta optimization time: 0.16220355033874512
pruning_in_iteration open status: True
ratio of positive domain = 371 / 690 = 0.5376811594202899
pruning-in-iteration extra time: 0.0053598880767822266
Time: get_branching_decision.update_bounds 0.1588    pickout 0.0372    branching_decision 0.0003    decision 0.0003    set_bounds 0.0183    prepare 0.0191    transfer 0.0001    finalize 0.0163    func 0.2456    solve 0.2592    add 0.0020    bab_iteration 0.3194    
Accumulated time: get_branching_decision.update_bounds 0.1588    bab_iteration 17.2165    pickout 2.0467    decision 0.0104    branching_decision 0.0094    set_bounds 0.8245    solve 13.7932    func 14.0365    prepare 0.9014    transfer 0.0027    finalize 1.1258    add 0.5619    
max lb 9.999999747378752e-05 min lb -0.0298154354095459
Number of Verified Splits: 371 of 690
Current worst splitting domains lb-rhs (depth):
-0.02982 (57), -0.02820 (57), -0.02783 (57), -0.02617 (57), -0.02461 (57), -0.02403 (57), -0.02330 (57), -0.02302 (57), -0.02240 (57), -0.02218 (57), -0.02199 (57), -0.02047 (57), -0.01979 (57), -0.01908 (57), -0.01823 (57), -0.01809 (57), -0.01792 (57), -0.01790 (57), -0.01739 (57), -0.01722 (57), 
Current (lb-rhs): -0.0298154354095459
35074 domains visited
Length of domains: 319
Cumulative time: 17.891063690185547

BaB round 48
batch: 319
splitting decisions: 
split level 0: [/input, 4751] [/input, 4751] [/input, 4751] [/input, 4751] [/input, 4751] [/input, 4751] [/input, 4751] [/input, 4751] [/input, 4751] [/input, 4751] 
best_l after optimization: -1.8353285789489746
beta sum per layer: [564.7320556640625, 27.047836303710938, 0.0]
alpha/beta optimization time: 0.18717622756958008
pruning_in_iteration open status: True
ratio of positive domain = 341 / 638 = 0.5344827586206897
pruning-in-iteration extra time: 0.005526542663574219
Time: get_branching_decision.update_bounds 0.1588    pickout 0.0350    branching_decision 0.0002    decision 0.0002    set_bounds 0.0151    prepare 0.0170    transfer 0.0001    finalize 0.0150    func 0.2635    solve 0.2457    add 0.0021    bab_iteration 0.3039    
Accumulated time: get_branching_decision.update_bounds 0.1588    bab_iteration 17.5204    pickout 2.0817    decision 0.0105    branching_decision 0.0096    set_bounds 0.8396    solve 14.0388    func 14.3000    prepare 0.9184    transfer 0.0027    finalize 1.1407    add 0.5640    
max lb 9.999999747378752e-05 min lb -0.028406381607055664
Number of Verified Splits: 341 of 638
Current worst splitting domains lb-rhs (depth):
-0.02841 (58), -0.02679 (58), -0.02642 (58), -0.02476 (58), -0.02320 (58), -0.02262 (58), -0.02189 (58), -0.02161 (58), -0.02099 (58), -0.02077 (58), -0.02058 (58), -0.01906 (58), -0.01837 (58), -0.01767 (58), -0.01682 (58), -0.01663 (58), -0.01651 (58), -0.01649 (58), -0.01632 (58), -0.01599 (58), 
Current (lb-rhs): -0.028406381607055664
35712 domains visited
Length of domains: 297
Cumulative time: 18.20736575126648

BaB round 49
batch: 297
splitting decisions: 
split level 0: [/23, 3423] [/input, 4992] [/input, 4751] [/input, 4751] [/input, 4751] [/input, 4751] [/input, 4751] [/input, 4751] [/input, 4751] [/input, 4751] 
best_l after optimization: -1.407522439956665
beta sum per layer: [502.5477294921875, 26.05478286743164, 0.0]
alpha/beta optimization time: 0.19030356407165527
pruning_in_iteration open status: True
ratio of positive domain = 340 / 594 = 0.5723905723905724
pruning-in-iteration extra time: 0.00567936897277832
Time: get_branching_decision.update_bounds 0.1588    pickout 0.0317    branching_decision 0.0002    decision 0.0002    set_bounds 0.0141    prepare 0.0158    transfer 0.0000    finalize 0.0129    func 0.2598    solve 0.2636    add 0.0022    bab_iteration 0.3163    
Accumulated time: get_branching_decision.update_bounds 0.1588    bab_iteration 17.8367    pickout 2.1134    decision 0.0108    branching_decision 0.0098    set_bounds 0.8536    solve 14.3024    func 14.5598    prepare 0.9343    transfer 0.0028    finalize 1.1536    add 0.5662    
max lb 0.0002377033233642578 min lb -0.026960372924804688
Number of Verified Splits: 340 of 594
Current worst splitting domains lb-rhs (depth):
-0.02696 (59), -0.02535 (59), -0.02497 (59), -0.02331 (59), -0.02175 (59), -0.02118 (59), -0.02044 (59), -0.02016 (59), -0.01955 (59), -0.01933 (59), -0.01913 (59), -0.01762 (59), -0.01691 (59), -0.01623 (59), -0.01537 (59), -0.01522 (59), -0.01507 (59), -0.01505 (59), -0.01454 (59), -0.01436 (59), 
Current (lb-rhs): -0.026960372924804688
36306 domains visited
Length of domains: 254
Cumulative time: 18.51505160331726

BaB round 50
batch: 254
splitting decisions: 
split level 0: [/input, 4992] [/23, 260] [/23, 260] [/23, 260] [/23, 260] [/23, 260] [/23, 260] [/23, 260] [/23, 260] [/23, 260] 
best_l after optimization: -1.1642314195632935
beta sum per layer: [415.51263427734375, 19.203590393066406, 0.0]
alpha/beta optimization time: 0.17853760719299316
pruning_in_iteration open status: True
ratio of positive domain = 299 / 508 = 0.5885826771653544
pruning-in-iteration extra time: 0.005550861358642578
Time: get_branching_decision.update_bounds 0.1588    pickout 0.0274    branching_decision 0.0002    decision 0.0002    set_bounds 0.0117    prepare 0.0133    transfer 0.0000    finalize 0.0107    func 0.2377    solve 0.2598    add 0.0016    bab_iteration 0.3077    
Accumulated time: get_branching_decision.update_bounds 0.1588    bab_iteration 18.1444    pickout 2.1409    decision 0.0110    branching_decision 0.0100    set_bounds 0.8654    solve 14.5623    func 14.7975    prepare 0.9476    transfer 0.0028    finalize 1.1643    add 0.5679    
max lb 9.999999747378752e-05 min lb -0.025946617126464844
Number of Verified Splits: 299 of 508
Current worst splitting domains lb-rhs (depth):
-0.02595 (60), -0.02433 (60), -0.02396 (60), -0.02230 (60), -0.02074 (60), -0.02016 (60), -0.01943 (60), -0.01915 (60), -0.01854 (60), -0.01832 (60), -0.01812 (60), -0.01660 (60), -0.01617 (60), -0.01521 (60), -0.01462 (60), -0.01413 (60), -0.01412 (60), -0.01406 (60), -0.01353 (60), -0.01335 (60), 
Current (lb-rhs): -0.025946617126464844
36814 domains visited
Length of domains: 209
Cumulative time: 18.79388403892517

BaB round 51
batch: 209
splitting decisions: 
split level 0: [/23, 74] [/23, 74] [/23, 74] [/23, 74] [/23, 74] [/23, 74] [/23, 74] [/23, 74] [/23, 74] [/23, 74] 
best_l after optimization: -1.0896635055541992
beta sum per layer: [327.04205322265625, 13.932408332824707, 0.0]
alpha/beta optimization time: 0.1584150791168213
pruning_in_iteration open status: True
ratio of positive domain = 218 / 418 = 0.5215311004784688
pruning-in-iteration extra time: 0.005433320999145508
Time: get_branching_decision.update_bounds 0.1588    pickout 0.0229    branching_decision 0.0001    decision 0.0002    set_bounds 0.0099    prepare 0.0110    transfer 0.0000    finalize 0.0103    func 0.2138    solve 0.2378    add 0.0014    bab_iteration 0.2788    
Accumulated time: get_branching_decision.update_bounds 0.1588    bab_iteration 18.4232    pickout 2.1637    decision 0.0111    branching_decision 0.0101    set_bounds 0.8752    solve 14.8001    func 15.0113    prepare 0.9586    transfer 0.0028    finalize 1.1747    add 0.5693    
max lb 9.999999747378752e-05 min lb -0.02563190460205078
Number of Verified Splits: 218 of 418
Current worst splitting domains lb-rhs (depth):
-0.02563 (61), -0.02402 (61), -0.02364 (61), -0.02199 (61), -0.02042 (61), -0.01985 (61), -0.01911 (61), -0.01883 (61), -0.01822 (61), -0.01800 (61), -0.01780 (61), -0.01629 (61), -0.01585 (61), -0.01490 (61), -0.01430 (61), -0.01381 (61), -0.01380 (61), -0.01374 (61), -0.01321 (61), -0.01303 (61), 
Current (lb-rhs): -0.02563190460205078
37232 domains visited
Length of domains: 200
Cumulative time: 19.042274713516235

BaB round 52
batch: 200
splitting decisions: 
split level 0: [/23, 287] [/23, 287] [/23, 287] [/23, 287] [/23, 287] [/23, 287] [/23, 287] [/23, 287] [/23, 287] [/23, 287] 
best_l after optimization: -1.0363833904266357
beta sum per layer: [308.78436279296875, 12.61412239074707, 0.0]
alpha/beta optimization time: 0.16239666938781738
pruning_in_iteration open status: True
ratio of positive domain = 214 / 400 = 0.5349999999999999
pruning-in-iteration extra time: 0.0055010318756103516
Time: get_branching_decision.update_bounds 0.1588    pickout 0.0221    branching_decision 0.0001    decision 0.0001    set_bounds 0.0094    prepare 0.0106    transfer 0.0000    finalize 0.0096    func 0.2143    solve 0.2139    add 0.0014    bab_iteration 0.2484    
Accumulated time: get_branching_decision.update_bounds 0.1588    bab_iteration 18.6716    pickout 2.1858    decision 0.0112    branching_decision 0.0102    set_bounds 0.8847    solve 15.0139    func 15.2257    prepare 0.9692    transfer 0.0029    finalize 1.1843    add 0.5707    
max lb 9.999999747378752e-05 min lb -0.025414466857910156
Number of Verified Splits: 214 of 400
Current worst splitting domains lb-rhs (depth):
-0.02541 (62), -0.02380 (62), -0.02343 (62), -0.02177 (62), -0.02021 (62), -0.01963 (62), -0.01889 (62), -0.01862 (62), -0.01800 (62), -0.01778 (62), -0.01759 (62), -0.01607 (62), -0.01564 (62), -0.01468 (62), -0.01407 (62), -0.01359 (62), -0.01352 (62), -0.01339 (62), -0.01299 (62), -0.01282 (62), 
Current (lb-rhs): -0.025414466857910156
37632 domains visited
Length of domains: 186
Cumulative time: 19.289917945861816

BaB round 53
batch: 186
splitting decisions: 
split level 0: [/23, 5564] [/23, 5564] [/23, 5564] [/23, 5564] [/23, 5564] [/23, 5564] [/23, 5564] [/23, 5564] [/23, 5564] [/23, 5564] 
best_l after optimization: -0.9497098922729492
beta sum per layer: [284.6442565917969, 9.45192813873291, 0.0]
alpha/beta optimization time: 0.1700901985168457
pruning_in_iteration open status: True
ratio of positive domain = 203 / 372 = 0.5456989247311828
pruning-in-iteration extra time: 0.005450725555419922
Time: get_branching_decision.update_bounds 0.1588    pickout 0.0205    branching_decision 0.0001    decision 0.0001    set_bounds 0.0088    prepare 0.0099    transfer 0.0000    finalize 0.0088    func 0.2203    solve 0.2144    add 0.0014    bab_iteration 0.2476    
Accumulated time: get_branching_decision.update_bounds 0.1588    bab_iteration 18.9192    pickout 2.2063    decision 0.0114    branching_decision 0.0104    set_bounds 0.8934    solve 15.2283    func 15.4460    prepare 0.9790    transfer 0.0029    finalize 1.1931    add 0.5721    
max lb 9.999999747378752e-05 min lb -0.02491474151611328
Number of Verified Splits: 203 of 372
Current worst splitting domains lb-rhs (depth):
-0.02491 (63), -0.02330 (63), -0.02293 (63), -0.02127 (63), -0.01970 (63), -0.01913 (63), -0.01839 (63), -0.01812 (63), -0.01750 (63), -0.01728 (63), -0.01709 (63), -0.01557 (63), -0.01514 (63), -0.01418 (63), -0.01354 (63), -0.01309 (63), -0.01302 (63), -0.01287 (63), -0.01249 (63), -0.01231 (63), 
Current (lb-rhs): -0.02491474151611328
38004 domains visited
Length of domains: 169
Cumulative time: 19.541136741638184

BaB round 54
batch: 169
splitting decisions: 
split level 0: [/23, 341] [/23, 341] [/23, 341] [/23, 341] [/23, 341] [/23, 341] [/23, 341] [/23, 341] [/23, 341] [/23, 341] 
best_l after optimization: -0.9239916801452637
beta sum per layer: [248.60562133789062, 9.795221328735352, 0.0]
alpha/beta optimization time: 0.1734457015991211
pruning_in_iteration open status: True
ratio of positive domain = 171 / 338 = 0.5059171597633136
pruning-in-iteration extra time: 0.0054361820220947266
Time: get_branching_decision.update_bounds 0.1588    pickout 0.0189    branching_decision 0.0001    decision 0.0001    set_bounds 0.0080    prepare 0.0090    transfer 0.0001    finalize 0.0087    func 0.2235    solve 0.2204    add 0.0013    bab_iteration 0.2512    
Accumulated time: get_branching_decision.update_bounds 0.1588    bab_iteration 19.1704    pickout 2.2253    decision 0.0115    branching_decision 0.0105    set_bounds 0.9015    solve 15.4487    func 15.6695    prepare 0.9881    transfer 0.0030    finalize 1.2018    add 0.5734    
max lb 9.999999747378752e-05 min lb -0.024771451950073242
Number of Verified Splits: 171 of 338
Current worst splitting domains lb-rhs (depth):
-0.02477 (64), -0.02316 (64), -0.02278 (64), -0.02112 (64), -0.01956 (64), -0.01899 (64), -0.01825 (64), -0.01797 (64), -0.01736 (64), -0.01714 (64), -0.01694 (64), -0.01543 (64), -0.01499 (64), -0.01404 (64), -0.01339 (64), -0.01295 (64), -0.01288 (64), -0.01270 (64), -0.01235 (64), -0.01217 (64), 
Current (lb-rhs): -0.024771451950073242
38342 domains visited
Length of domains: 167
Cumulative time: 19.793301820755005

BaB round 55
batch: 167
splitting decisions: 
split level 0: [/input, 180] [/input, 180] [/input, 180] [/input, 180] [/input, 180] [/input, 180] [/input, 180] [/input, 180] [/input, 180] [/input, 180] 
best_l after optimization: -0.7246369123458862
beta sum per layer: [253.92709350585938, 8.597393035888672, 0.0]
alpha/beta optimization time: 0.21257472038269043
pruning_in_iteration open status: True
ratio of positive domain = 199 / 334 = 0.5958083832335329
pruning-in-iteration extra time: 0.0055866241455078125
Time: get_branching_decision.update_bounds 0.1588    pickout 0.0189    branching_decision 0.0001    decision 0.0001    set_bounds 0.0084    prepare 0.0087    transfer 0.0000    finalize 0.0072    func 0.2550    solve 0.2236    add 0.0013    bab_iteration 0.2522    
Accumulated time: get_branching_decision.update_bounds 0.1588    bab_iteration 19.4226    pickout 2.2441    decision 0.0117    branching_decision 0.0106    set_bounds 0.9099    solve 15.6722    func 15.9245    prepare 0.9968    transfer 0.0030    finalize 1.2090    add 0.5747    
max lb 0.0008156299591064453 min lb -0.02336907386779785
Number of Verified Splits: 199 of 334
Current worst splitting domains lb-rhs (depth):
-0.02337 (65), -0.02174 (65), -0.02134 (65), -0.01976 (65), -0.01816 (65), -0.01759 (65), -0.01683 (65), -0.01662 (65), -0.01601 (65), -0.01570 (65), -0.01542 (65), -0.01417 (65), -0.01361 (65), -0.01247 (65), -0.01202 (65), -0.01161 (65), -0.01142 (65), -0.01130 (65), -0.01096 (65), -0.01062 (65), 
Current (lb-rhs): -0.02336907386779785
38676 domains visited
Length of domains: 135
Cumulative time: 20.07733726501465

BaB round 56
batch: 135
splitting decisions: 
split level 0: [/23, 386] [/23, 386] [/23, 386] [/23, 386] [/23, 386] [/23, 386] [/23, 386] [/23, 386] [/23, 386] [/23, 386] 
best_l after optimization: -0.696427583694458
beta sum per layer: [191.14520263671875, 8.250097274780273, 0.0]
alpha/beta optimization time: 0.1606900691986084
pruning_in_iteration open status: True
ratio of positive domain = 143 / 270 = 0.5296296296296297
pruning-in-iteration extra time: 0.005415201187133789
Time: get_branching_decision.update_bounds 0.1588    pickout 0.0162    branching_decision 0.0002    decision 0.0002    set_bounds 0.0069    prepare 0.0076    transfer 0.0000    finalize 0.0068    func 0.2022    solve 0.2551    add 0.0013    bab_iteration 0.2840    
Accumulated time: get_branching_decision.update_bounds 0.1588    bab_iteration 19.7066    pickout 2.2604    decision 0.0118    branching_decision 0.0107    set_bounds 0.9168    solve 15.9273    func 16.1267    prepare 1.0044    transfer 0.0031    finalize 1.2158    add 0.5760    
max lb 9.999999747378752e-05 min lb -0.023194313049316406
Number of Verified Splits: 143 of 270
Current worst splitting domains lb-rhs (depth):
-0.02319 (66), -0.02156 (66), -0.02117 (66), -0.01954 (66), -0.01798 (66), -0.01739 (66), -0.01663 (66), -0.01643 (66), -0.01583 (66), -0.01560 (66), -0.01525 (66), -0.01399 (66), -0.01339 (66), -0.01226 (66), -0.01176 (66), -0.01144 (66), -0.01112 (66), -0.01098 (66), -0.01078 (66), -0.01045 (66), 
Current (lb-rhs): -0.023194313049316406
38946 domains visited
Length of domains: 127
Cumulative time: 20.304508447647095

BaB round 57
batch: 127
splitting decisions: 
split level 0: [/input, 4749] [/input, 4749] [/input, 4749] [/input, 4749] [/input, 4749] [/input, 4749] [/input, 4749] [/input, 4749] [/input, 4749] [/input, 4749] 
best_l after optimization: -0.6107279062271118
beta sum per layer: [194.46766662597656, 4.917130947113037, 0.0]
alpha/beta optimization time: 0.19772648811340332
pruning_in_iteration open status: True
ratio of positive domain = 129 / 254 = 0.5078740157480315
pruning-in-iteration extra time: 0.0055963993072509766
Time: get_branching_decision.update_bounds 0.1588    pickout 0.0150    branching_decision 0.0001    decision 0.0001    set_bounds 0.0062    prepare 0.0068    transfer 0.0001    finalize 0.0070    func 0.2421    solve 0.2022    add 0.0014    bab_iteration 0.2272    
Accumulated time: get_branching_decision.update_bounds 0.1588    bab_iteration 19.9338    pickout 2.2754    decision 0.0119    branching_decision 0.0109    set_bounds 0.9230    solve 16.1296    func 16.3688    prepare 1.0112    transfer 0.0031    finalize 1.2228    add 0.5775    
max lb 9.999999747378752e-05 min lb -0.02181720733642578
Number of Verified Splits: 129 of 254
Current worst splitting domains lb-rhs (depth):
-0.02182 (67), -0.02018 (67), -0.01979 (67), -0.01817 (67), -0.01661 (67), -0.01600 (67), -0.01525 (67), -0.01505 (67), -0.01446 (67), -0.01422 (67), -0.01387 (67), -0.01261 (67), -0.01201 (67), -0.01088 (67), -0.01071 (67), -0.01038 (67), -0.01006 (67), -0.00974 (67), -0.00961 (67), -0.00959 (67), 
Current (lb-rhs): -0.02181720733642578
39200 domains visited
Length of domains: 125
Cumulative time: 20.76048254966736

BaB round 58
batch: 125
splitting decisions: 
split level 0: [/23, 5857] [/23, 5857] [/23, 5857] [/23, 5857] [/23, 5857] [/23, 5857] [/23, 5857] [/23, 5857] [/23, 5857] [/23, 5857] 
best_l after optimization: -0.5431622862815857
beta sum per layer: [181.3924560546875, 3.7233047485351562, 0.0]
alpha/beta optimization time: 0.16988849639892578
pruning_in_iteration open status: True
ratio of positive domain = 141 / 250 = 0.5640000000000001
pruning-in-iteration extra time: 0.005435466766357422
Time: get_branching_decision.update_bounds 0.1588    pickout 0.0164    branching_decision 0.0002    decision 0.0002    set_bounds 0.0064    prepare 0.0070    transfer 0.0000    finalize 0.0061    func 0.2084    solve 0.2422    add 0.1922    bab_iteration 0.4560    
Accumulated time: get_branching_decision.update_bounds 0.1588    bab_iteration 20.3898    pickout 2.2918    decision 0.0121    branching_decision 0.0110    set_bounds 0.9294    solve 16.3717    func 16.5772    prepare 1.0181    transfer 0.0032    finalize 1.2290    add 0.7697    
max lb 9.999999747378752e-05 min lb -0.02131795883178711
Number of Verified Splits: 141 of 250
Current worst splitting domains lb-rhs (depth):
-0.02132 (68), -0.01969 (68), -0.01929 (68), -0.01767 (68), -0.01611 (68), -0.01549 (68), -0.01475 (68), -0.01455 (68), -0.01396 (68), -0.01372 (68), -0.01338 (68), -0.01211 (68), -0.01152 (68), -0.01038 (68), -0.01013 (68), -0.00988 (68), -0.00956 (68), -0.00924 (68), -0.00911 (68), -0.00891 (68), 
Current (lb-rhs): -0.02131795883178711
39450 domains visited
Length of domains: 109
Cumulative time: 20.993257522583008

BaB round 59
batch: 109
splitting decisions: 
split level 0: [/23, 314] [/23, 314] [/23, 314] [/23, 314] [/23, 314] [/23, 314] [/23, 314] [/23, 314] [/23, 314] [/23, 314] 
best_l after optimization: -0.5298389792442322
beta sum per layer: [156.72947692871094, 0.8463200926780701, 0.0]
alpha/beta optimization time: 0.1480712890625
pruning_in_iteration open status: True
ratio of positive domain = 112 / 218 = 0.5137614678899083
pruning-in-iteration extra time: 0.0051915645599365234
Time: get_branching_decision.update_bounds 0.1588    pickout 0.0130    branching_decision 0.0001    decision 0.0001    set_bounds 0.0054    prepare 0.0060    transfer 0.0000    finalize 0.0061    func 0.1852    solve 0.2084    add 0.0012    bab_iteration 0.2328    
Accumulated time: get_branching_decision.update_bounds 0.1588    bab_iteration 20.6225    pickout 2.3048    decision 0.0122    branching_decision 0.0111    set_bounds 0.9347    solve 16.5801    func 16.7623    prepare 1.0241    transfer 0.0032    finalize 1.2351    add 0.7709    
max lb 9.999999747378752e-05 min lb -0.021177291870117188
Number of Verified Splits: 112 of 218
Current worst splitting domains lb-rhs (depth):
-0.02118 (69), -0.01955 (69), -0.01915 (69), -0.01753 (69), -0.01596 (69), -0.01534 (69), -0.01461 (69), -0.01441 (69), -0.01382 (69), -0.01358 (69), -0.01324 (69), -0.01197 (69), -0.01138 (69), -0.01037 (69), -0.01000 (69), -0.00974 (69), -0.00942 (69), -0.00909 (69), -0.00897 (69), -0.00877 (69), 
Current (lb-rhs): -0.021177291870117188
39668 domains visited
Length of domains: 106
Cumulative time: 21.198587656021118

BaB round 60
batch: 106
splitting decisions: 
split level 0: [/23, 3421] [/23, 3421] [/23, 3421] [/23, 3421] [/23, 3421] [/23, 3421] [/23, 3421] [/23, 3421] [/23, 3421] [/23, 3421] 
best_l after optimization: -0.45875445008277893
beta sum per layer: [150.07855224609375, 0.8463200926780701, 0.0]
alpha/beta optimization time: 0.16673994064331055
pruning_in_iteration open status: True
ratio of positive domain = 117 / 212 = 0.5518867924528301
pruning-in-iteration extra time: 0.005255222320556641
Time: get_branching_decision.update_bounds 0.1588    pickout 0.0133    branching_decision 0.0001    decision 0.0002    set_bounds 0.0056    prepare 0.0060    transfer 0.0000    finalize 0.0053    func 0.2015    solve 0.1852    add 0.0014    bab_iteration 0.2053    
Accumulated time: get_branching_decision.update_bounds 0.1588    bab_iteration 20.8279    pickout 2.3181    decision 0.0124    branching_decision 0.0113    set_bounds 0.9403    solve 16.7653    func 16.9638    prepare 1.0301    transfer 0.0033    finalize 1.2404    add 0.7723    
max lb 9.999999747378752e-05 min lb -0.02050042152404785
Number of Verified Splits: 117 of 212
Current worst splitting domains lb-rhs (depth):
-0.02050 (70), -0.01887 (70), -0.01845 (70), -0.01681 (70), -0.01530 (70), -0.01466 (70), -0.01387 (70), -0.01363 (70), -0.01314 (70), -0.01272 (70), -0.01256 (70), -0.01106 (70), -0.01070 (70), -0.00957 (70), -0.00931 (70), -0.00908 (70), -0.00864 (70), -0.00845 (70), -0.00829 (70), -0.00809 (70), 
Current (lb-rhs): -0.02050042152404785
39880 domains visited
Length of domains: 95
Cumulative time: 21.420772314071655

BaB round 61
batch: 95
splitting decisions: 
split level 0: [/23, 5802] [/23, 5802] [/23, 5802] [/23, 5802] [/23, 5802] [/23, 5802] [/23, 5802] [/23, 5802] [/23, 5802] [/23, 5802] 
best_l after optimization: -0.4044017791748047
beta sum per layer: [131.30291748046875, 0.8463200926780701, 0.0]
alpha/beta optimization time: 0.16116094589233398
pruning_in_iteration open status: True
ratio of positive domain = 105 / 190 = 0.5526315789473684
pruning-in-iteration extra time: 0.005379438400268555
Time: get_branching_decision.update_bounds 0.1588    pickout 0.0116    branching_decision 0.0001    decision 0.0001    set_bounds 0.0049    prepare 0.0055    transfer 0.0000    finalize 0.0048    func 0.1946    solve 0.2016    add 0.0014    bab_iteration 0.2222    
Accumulated time: get_branching_decision.update_bounds 0.1588    bab_iteration 21.0500    pickout 2.3297    decision 0.0125    branching_decision 0.0113    set_bounds 0.9452    solve 16.9669    func 17.1584    prepare 1.0356    transfer 0.0033    finalize 1.2453    add 0.7737    
max lb 9.999999747378752e-05 min lb -0.019872188568115234
Number of Verified Splits: 105 of 190
Current worst splitting domains lb-rhs (depth):
-0.01987 (71), -0.01824 (71), -0.01782 (71), -0.01618 (71), -0.01466 (71), -0.01403 (71), -0.01324 (71), -0.01300 (71), -0.01251 (71), -0.01209 (71), -0.01193 (71), -0.01043 (71), -0.01007 (71), -0.00887 (71), -0.00867 (71), -0.00838 (71), -0.00801 (71), -0.00786 (71), -0.00766 (71), -0.00746 (71), 
Current (lb-rhs): -0.019872188568115234
40070 domains visited
Length of domains: 85
Cumulative time: 21.633131742477417

BaB round 62
batch: 85
splitting decisions: 
split level 0: [/23, 1912] [/23, 1912] [/23, 1912] [/23, 1912] [/23, 1912] [/23, 1912] [/23, 1912] [/23, 1912] [/23, 1912] [/23, 1912] 
best_l after optimization: -0.3595394492149353
beta sum per layer: [114.0067138671875, 0.0, 0.0]
alpha/beta optimization time: 0.1648390293121338
pruning_in_iteration open status: True
ratio of positive domain = 95 / 170 = 0.5588235294117647
pruning-in-iteration extra time: 0.005445957183837891
Time: get_branching_decision.update_bounds 0.1588    pickout 0.0103    branching_decision 0.0001    decision 0.0001    set_bounds 0.0043    prepare 0.0046    transfer 0.0001    finalize 0.0043    func 0.1961    solve 0.1946    add 0.0010    bab_iteration 0.2124    
Accumulated time: get_branching_decision.update_bounds 0.1588    bab_iteration 21.2624    pickout 2.3400    decision 0.0126    branching_decision 0.0114    set_bounds 0.9495    solve 17.1615    func 17.3544    prepare 1.0402    transfer 0.0034    finalize 1.2495    add 0.7747    
max lb 9.999999747378752e-05 min lb -0.01930105686187744
Number of Verified Splits: 95 of 170
Current worst splitting domains lb-rhs (depth):
-0.01930 (72), -0.01767 (72), -0.01725 (72), -0.01561 (72), -0.01406 (72), -0.01346 (72), -0.01265 (72), -0.01242 (72), -0.01194 (72), -0.01152 (72), -0.01135 (72), -0.00986 (72), -0.00950 (72), -0.00829 (72), -0.00810 (72), -0.00781 (72), -0.00744 (72), -0.00730 (72), -0.00704 (72), -0.00688 (72), 
Current (lb-rhs): -0.01930105686187744
40240 domains visited
Length of domains: 75
Cumulative time: 21.845050811767578

BaB round 63
batch: 75
splitting decisions: 
split level 0: [/23, 3213] [/23, 3213] [/23, 3213] [/23, 3213] [/23, 3213] [/23, 3213] [/23, 3213] [/23, 3213] [/23, 3213] [/23, 3213] 
best_l after optimization: -0.3239898681640625
beta sum per layer: [98.9482421875, 0.0, 0.0]
alpha/beta optimization time: 0.16405129432678223
pruning_in_iteration open status: True
ratio of positive domain = 86 / 150 = 0.5733333333333333
pruning-in-iteration extra time: 0.0053863525390625
Time: get_branching_decision.update_bounds 0.1588    pickout 0.0094    branching_decision 0.0001    decision 0.0001    set_bounds 0.0041    prepare 0.0043    transfer 0.0000    finalize 0.0037    func 0.1938    solve 0.1961    add 0.0010    bab_iteration 0.2119    
Accumulated time: get_branching_decision.update_bounds 0.1588    bab_iteration 21.4743    pickout 2.3494    decision 0.0127    branching_decision 0.0115    set_bounds 0.9536    solve 17.3577    func 17.5482    prepare 1.0445    transfer 0.0034    finalize 1.2533    add 0.7757    
max lb 9.999999747378752e-05 min lb -0.018773913383483887
Number of Verified Splits: 86 of 150
Current worst splitting domains lb-rhs (depth):
-0.01877 (73), -0.01714 (73), -0.01673 (73), -0.01502 (73), -0.01353 (73), -0.01297 (73), -0.01217 (73), -0.01184 (73), -0.01136 (73), -0.01106 (73), -0.01082 (73), -0.00933 (73), -0.00900 (73), -0.00776 (73), -0.00759 (73), -0.00747 (73), -0.00696 (73), -0.00679 (73), -0.00670 (73), -0.00635 (73), 
Current (lb-rhs): -0.018773913383483887
40390 domains visited
Length of domains: 64
Cumulative time: 22.053555488586426

BaB round 64
batch: 64
splitting decisions: 
split level 0: [/23, 105] [/23, 105] [/23, 105] [/23, 105] [/23, 105] [/23, 105] [/23, 105] [/23, 105] [/23, 105] [/23, 105] 
best_l after optimization: -0.3161187767982483
beta sum per layer: [80.12369537353516, 0.0, 0.0]
alpha/beta optimization time: 0.15342044830322266
pruning_in_iteration open status: True
ratio of positive domain = 67 / 128 = 0.5234375
pruning-in-iteration extra time: 0.005264759063720703
Time: get_branching_decision.update_bounds 0.1588    pickout 0.0086    branching_decision 0.0001    decision 0.0001    set_bounds 0.0034    prepare 0.0037    transfer 0.0000    finalize 0.0037    func 0.1844    solve 0.1938    add 0.0009    bab_iteration 0.2085    
Accumulated time: get_branching_decision.update_bounds 0.1588    bab_iteration 21.6828    pickout 2.3580    decision 0.0128    branching_decision 0.0116    set_bounds 0.9570    solve 17.5515    func 17.7326    prepare 1.0482    transfer 0.0035    finalize 1.2570    add 0.7766    
max lb 9.999999747378752e-05 min lb -0.018622636795043945
Number of Verified Splits: 67 of 128
Current worst splitting domains lb-rhs (depth):
-0.01862 (74), -0.01699 (74), -0.01658 (74), -0.01487 (74), -0.01338 (74), -0.01281 (74), -0.01202 (74), -0.01169 (74), -0.01121 (74), -0.01091 (74), -0.01067 (74), -0.00918 (74), -0.00885 (74), -0.00761 (74), -0.00743 (74), -0.00732 (74), -0.00681 (74), -0.00663 (74), -0.00647 (74), -0.00620 (74), 
Current (lb-rhs): -0.018622636795043945
40518 domains visited
Length of domains: 61
Cumulative time: 22.25124740600586

BaB round 65
batch: 61
splitting decisions: 
split level 0: [/input, 4780] [/input, 4780] [/input, 4780] [/input, 4780] [/input, 4780] [/input, 4780] [/input, 4780] [/input, 4780] [/input, 4780] [/input, 4780] 
best_l after optimization: -0.24202860891819
beta sum per layer: [75.98389434814453, 0.0, 0.0]
alpha/beta optimization time: 0.17813968658447266
pruning_in_iteration open status: True
ratio of positive domain = 73 / 122 = 0.5983606557377049
pruning-in-iteration extra time: 0.005352973937988281
Time: get_branching_decision.update_bounds 0.1588    pickout 0.0082    branching_decision 0.0001    decision 0.0001    set_bounds 0.0032    prepare 0.0035    transfer 0.0000    finalize 0.0031    func 0.2084    solve 0.1844    add 0.0010    bab_iteration 0.1977    
Accumulated time: get_branching_decision.update_bounds 0.1588    bab_iteration 21.8805    pickout 2.3662    decision 0.0129    branching_decision 0.0117    set_bounds 0.9602    solve 17.7359    func 17.9410    prepare 1.0517    transfer 0.0035    finalize 1.2601    add 0.7776    
max lb 9.999999747378752e-05 min lb -0.01727283000946045
Number of Verified Splits: 73 of 122
Current worst splitting domains lb-rhs (depth):
-0.01727 (75), -0.01563 (75), -0.01523 (75), -0.01359 (75), -0.01203 (75), -0.01144 (75), -0.01064 (75), -0.01035 (75), -0.00977 (75), -0.00958 (75), -0.00943 (75), -0.00784 (75), -0.00747 (75), -0.00641 (75), -0.00608 (75), -0.00602 (75), -0.00549 (75), -0.00528 (75), -0.00505 (75), -0.00485 (75), 
Current (lb-rhs): -0.01727283000946045
40640 domains visited
Length of domains: 49
Cumulative time: 22.472228050231934

BaB round 66
batch: 49
splitting decisions: 
split level 0: [/input, 4748] [/input, 4748] [/input, 4748] [/input, 4748] [/input, 4748] [/input, 4748] [/input, 4748] [/input, 4748] [/input, 4748] [/input, 4748] 
split level 1: [/23, 104] [/23, 104] [/23, 104] [/23, 104] [/23, 104] [/23, 104] [/23, 104] [/23, 104] [/23, 104] [/23, 104] 
best_l after optimization: -0.20587247610092163
beta sum per layer: [119.17823028564453, 0.0, 0.0]
alpha/beta optimization time: 0.16035223007202148
pruning_in_iteration open status: True
ratio of positive domain = 147 / 196 = 0.75
pruning-in-iteration extra time: 0.0053234100341796875
Time: get_branching_decision.update_bounds 0.1588    pickout 0.0074    branching_decision 0.0001    decision 0.0001    set_bounds 0.0092    prepare 0.0055    transfer 0.0000    finalize 0.0030    func 0.1915    solve 0.2084    add 0.0009    bab_iteration 0.2210    
Accumulated time: get_branching_decision.update_bounds 0.1588    bab_iteration 22.1015    pickout 2.3736    decision 0.0130    branching_decision 0.0118    set_bounds 0.9694    solve 17.9443    func 18.1325    prepare 1.0572    transfer 0.0035    finalize 1.2632    add 0.7785    
max lb 9.999999747378752e-05 min lb -0.015749335289001465
Number of Verified Splits: 147 of 196
Current worst splitting domains lb-rhs (depth):
-0.01575 (77), -0.01407 (77), -0.01371 (77), -0.01207 (77), -0.01050 (77), -0.00991 (77), -0.00926 (77), -0.00882 (77), -0.00821 (77), -0.00806 (77), -0.00784 (77), -0.00755 (77), -0.00675 (77), -0.00632 (77), -0.00627 (77), -0.00595 (77), -0.00489 (77), -0.00489 (77), -0.00448 (77), -0.00441 (77), 
Current (lb-rhs): -0.015749335289001465
40836 domains visited
Length of domains: 49
Cumulative time: 22.681496381759644

BaB round 67
batch: 49
splitting decisions: 
split level 0: [/input, 4781] [/input, 4781] [/input, 4781] [/input, 4781] [/input, 4781] [/input, 4781] [/input, 4781] [/input, 4781] [/input, 4781] [/input, 4781] 
split level 1: [/input, 5049] [/input, 5049] [/input, 5049] [/input, 5049] [/input, 5049] [/input, 5049] [/input, 5049] [/input, 5049] [/input, 5049] [/input, 5049] 
best_l after optimization: -0.10504062473773956
beta sum per layer: [112.12311553955078, 0.0, 0.0]
alpha/beta optimization time: 0.17282748222351074
pruning_in_iteration open status: True
ratio of positive domain = 169 / 196 = 0.8622448979591837
pruning-in-iteration extra time: 0.005500078201293945
Time: get_branching_decision.update_bounds 0.1588    pickout 0.0069    branching_decision 0.0001    decision 0.0001    set_bounds 0.0063    prepare 0.0051    transfer 0.0000    finalize 0.0020    func 0.2010    solve 0.1915    add 0.0009    bab_iteration 0.2093    
Accumulated time: get_branching_decision.update_bounds 0.1588    bab_iteration 22.3108    pickout 2.3804    decision 0.0131    branching_decision 0.0119    set_bounds 0.9757    solve 18.1358    func 18.3335    prepare 1.0624    transfer 0.0036    finalize 1.2652    add 0.7794    
max lb 9.999999747378752e-05 min lb -0.013231158256530762
Number of Verified Splits: 169 of 196
Current worst splitting domains lb-rhs (depth):
-0.01323 (79), -0.01153 (79), -0.01117 (79), -0.00955 (79), -0.00799 (79), -0.00739 (79), -0.00663 (79), -0.00632 (79), -0.00569 (79), -0.00542 (79), -0.00527 (79), -0.00502 (79), -0.00380 (79), -0.00357 (79), -0.00345 (79), -0.00322 (79), -0.00222 (79), -0.00196 (79), -0.00190 (79), -0.00155 (79), 
Current (lb-rhs): -0.013231158256530762
41032 domains visited
Length of domains: 27
Cumulative time: 22.896753311157227

BaB round 68
batch: 27
splitting decisions: 
split level 0: [/23, 3424] [/23, 3424] [/23, 3424] [/23, 3424] [/23, 3424] [/23, 3424] [/23, 3424] [/23, 3424] [/23, 3424] [/23, 3424] 
split level 1: [/23, 414] [/23, 414] [/23, 414] [/23, 414] [/23, 414] [/23, 414] [/23, 414] [/23, 414] [/23, 414] [/23, 414] 
best_l after optimization: -0.08847032487392426
beta sum per layer: [46.24696731567383, 0.0, 0.0]
alpha/beta optimization time: 0.15691733360290527
pruning_in_iteration open status: True
ratio of positive domain = 85 / 108 = 0.787037037037037
pruning-in-iteration extra time: 0.00548553466796875
Time: get_branching_decision.update_bounds 0.1588    pickout 0.0048    branching_decision 0.0001    decision 0.0001    set_bounds 0.0038    prepare 0.0032    transfer 0.0000    finalize 0.0018    func 0.1827    solve 0.2010    add 0.0008    bab_iteration 0.2153    
Accumulated time: get_branching_decision.update_bounds 0.1588    bab_iteration 22.5260    pickout 2.3852    decision 0.0132    branching_decision 0.0119    set_bounds 0.9795    solve 18.3369    func 18.5161    prepare 1.0656    transfer 0.0036    finalize 1.2670    add 0.7802    
max lb 9.999999747378752e-05 min lb -0.012194633483886719
Number of Verified Splits: 85 of 108
Current worst splitting domains lb-rhs (depth):
-0.01219 (81), -0.01048 (81), -0.01014 (81), -0.00852 (81), -0.00694 (81), -0.00635 (81), -0.00560 (81), -0.00529 (81), -0.00466 (81), -0.00439 (81), -0.00424 (81), -0.00393 (81), -0.00277 (81), -0.00255 (81), -0.00249 (81), -0.00219 (81), -0.00120 (81), -0.00106 (81), -0.00084 (81), -0.00052 (81), 
Current (lb-rhs): -0.012194633483886719
41140 domains visited
Length of domains: 23
Cumulative time: 23.089072227478027

BaB round 69
batch: 23
splitting decisions: 
split level 0: [/input, 4966] [/input, 4966] [/input, 4966] [/input, 4966] [/input, 4966] [/input, 4966] [/input, 4966] [/input, 4966] [/input, 4966] [/input, 4966] 
split level 1: [/input, 5890] [/input, 5890] [/input, 5890] [/input, 5890] [/input, 5890] [/input, 5890] [/input, 5890] [/input, 5890] [/input, 5890] [/input, 5890] 
split level 2: [/23, 358] [/23, 358] [/23, 358] [/23, 358] [/23, 358] [/23, 358] [/23, 358] [/23, 358] [/23, 358] [/23, 358] 
best_l after optimization: -0.07406754791736603
beta sum per layer: [77.79344177246094, 0.0, 0.0]
alpha/beta optimization time: 0.16288518905639648
pruning_in_iteration open status: True
ratio of positive domain = 162 / 184 = 0.8804347826086957
pruning-in-iteration extra time: 0.005300045013427734
Time: get_branching_decision.update_bounds 0.1588    pickout 0.0044    branching_decision 0.0001    decision 0.0001    set_bounds 0.0098    prepare 0.0051    transfer 0.0000    finalize 0.0018    func 0.1933    solve 0.1827    add 0.0008    bab_iteration 0.1923    
Accumulated time: get_branching_decision.update_bounds 0.1588    bab_iteration 22.7183    pickout 2.3896    decision 0.0133    branching_decision 0.0120    set_bounds 0.9892    solve 18.5196    func 18.7094    prepare 1.0707    transfer 0.0037    finalize 1.2688    add 0.7810    
max lb 9.999999747378752e-05 min lb -0.010816574096679688
Number of Verified Splits: 162 of 184
Current worst splitting domains lb-rhs (depth):
-0.01082 (84), -0.00911 (84), -0.00877 (84), -0.00725 (84), -0.00620 (84), -0.00558 (84), -0.00498 (84), -0.00470 (84), -0.00425 (84), -0.00414 (84), -0.00392 (84), -0.00329 (84), -0.00296 (84), -0.00286 (84), -0.00282 (84), -0.00256 (84), -0.00131 (84), -0.00116 (84), -0.00115 (84), -0.00109 (84), 
Current (lb-rhs): -0.010816574096679688
41324 domains visited
Length of domains: 22
Cumulative time: 23.2975811958313

BaB round 70
batch: 22
splitting decisions: 
split level 0: [/23, 3212] [/23, 3212] [/23, 3212] [/23, 3212] [/23, 3212] [/23, 3212] [/23, 3212] [/23, 3212] [/23, 3212] [/23, 3212] 
split level 1: [/23, 3184] [/23, 3184] [/23, 3184] [/23, 3184] [/23, 3184] [/23, 3184] [/23, 3184] [/23, 3184] [/23, 3184] [/23, 3184] 
split level 2: [/23, 45] [/23, 45] [/23, 45] [/23, 45] [/23, 45] [/23, 45] [/23, 45] [/23, 45] [/23, 45] [/23, 45] 
best_l after optimization: -0.04682805389165878
beta sum per layer: [64.83782958984375, 0.0, 0.0]
alpha/beta optimization time: 0.1615748405456543
pruning_in_iteration open status: True
ratio of positive domain = 159 / 176 = 0.9034090909090909
pruning-in-iteration extra time: 0.005339622497558594
Time: get_branching_decision.update_bounds 0.1588    pickout 0.0043    branching_decision 0.0001    decision 0.0001    set_bounds 0.0069    prepare 0.0047    transfer 0.0000    finalize 0.0015    func 0.1896    solve 0.1933    add 0.0008    bab_iteration 0.2085    
Accumulated time: get_branching_decision.update_bounds 0.1588    bab_iteration 22.9268    pickout 2.3940    decision 0.0134    branching_decision 0.0121    set_bounds 0.9962    solve 18.7129    func 18.8990    prepare 1.0754    transfer 0.0037    finalize 1.2703    add 0.7818    
max lb 9.999999747378752e-05 min lb -0.009480118751525879
Number of Verified Splits: 159 of 176
Current worst splitting domains lb-rhs (depth):
-0.00948 (87), -0.00777 (87), -0.00742 (87), -0.00592 (87), -0.00474 (87), -0.00423 (87), -0.00368 (87), -0.00317 (87), -0.00307 (87), -0.00280 (87), -0.00258 (87), -0.00195 (87), -0.00162 (87), -0.00144 (87), -0.00139 (87), -0.00121 (87), -0.00025 (87), 
Current (lb-rhs): -0.009480118751525879
41500 domains visited
Length of domains: 17
Cumulative time: 23.49979257583618

BaB round 71
batch: 17
splitting decisions: 
split level 0: [/23, 340] [/23, 340] [/23, 340] [/23, 340] [/23, 340] [/23, 340] [/23, 340] [/23, 340] [/23, 340] [/23, 340] 
split level 1: [/23, 368] [/23, 368] [/23, 368] [/23, 368] [/23, 368] [/23, 368] [/23, 368] [/23, 368] [/23, 368] [/23, 368] 
split level 2: [/23, 357] [/23, 357] [/23, 357] [/23, 357] [/23, 357] [/23, 357] [/23, 357] [/23, 357] [/23, 357] [/23, 357] 
best_l after optimization: -0.041255202144384384
beta sum per layer: [43.24645233154297, 0.0, 0.0]
alpha/beta optimization time: 0.1559741497039795
pruning_in_iteration open status: True
ratio of positive domain = 120 / 136 = 0.8823529411764706
pruning-in-iteration extra time: 0.005518913269042969
Time: get_branching_decision.update_bounds 0.1588    pickout 0.0038    branching_decision 0.0001    decision 0.0001    set_bounds 0.0055    prepare 0.0038    transfer 0.0000    finalize 0.0015    func 0.1818    solve 0.1897    add 0.0007    bab_iteration 0.2022    
Accumulated time: get_branching_decision.update_bounds 0.1588    bab_iteration 23.1290    pickout 2.3978    decision 0.0135    branching_decision 0.0122    set_bounds 1.0017    solve 18.9026    func 19.0808    prepare 1.0792    transfer 0.0038    finalize 1.2717    add 0.7825    
max lb 9.999999747378752e-05 min lb -0.008922934532165527
Number of Verified Splits: 120 of 136
Current worst splitting domains lb-rhs (depth):
-0.00892 (90), -0.00725 (90), -0.00687 (90), -0.00520 (90), -0.00421 (90), -0.00368 (90), -0.00313 (90), -0.00265 (90), -0.00241 (90), -0.00222 (90), -0.00206 (90), -0.00143 (90), -0.00116 (90), -0.00084 (90), -0.00069 (90), -0.00052 (90), 
Current (lb-rhs): -0.008922934532165527
41636 domains visited
Length of domains: 16
Cumulative time: 23.691904067993164

BaB round 72
batch: 16
splitting decisions: 
split level 0: [/input, 4964] [/input, 4964] [/input, 4964] [/input, 4964] [/input, 4964] [/input, 4964] [/input, 4964] [/input, 4964] [/input, 4964] [/input, 4964] 
split level 1: [/23, 369] [/23, 369] [/23, 369] [/23, 369] [/23, 369] [/23, 369] [/23, 369] [/23, 369] [/23, 369] [/23, 369] 
split level 2: [/23, 359] [/23, 359] [/23, 359] [/23, 359] [/23, 359] [/23, 359] [/23, 359] [/23, 359] [/23, 359] [/23, 359] 
best_l after optimization: -0.017587697133421898
beta sum per layer: [40.72230529785156, 0.0, 0.0]
alpha/beta optimization time: 0.15165233612060547
pruning_in_iteration open status: True
ratio of positive domain = 117 / 128 = 0.9140625
pruning-in-iteration extra time: 0.00535893440246582
Time: get_branching_decision.update_bounds 0.1588    pickout 0.0037    branching_decision 0.0001    decision 0.0001    set_bounds 0.0070    prepare 0.0037    transfer 0.0000    finalize 0.0012    func 0.1805    solve 0.1818    add 0.0007    bab_iteration 0.1921    
Accumulated time: get_branching_decision.update_bounds 0.1588    bab_iteration 23.3211    pickout 2.4015    decision 0.0136    branching_decision 0.0122    set_bounds 1.0087    solve 19.0844    func 19.2613    prepare 1.0829    transfer 0.0038    finalize 1.2729    add 0.7832    
max lb 9.999999747378752e-05 min lb -0.00718379020690918
Number of Verified Splits: 117 of 128
Current worst splitting domains lb-rhs (depth):
-0.00718 (93), -0.00552 (93), -0.00515 (93), -0.00348 (93), -0.00242 (93), -0.00194 (93), -0.00138 (93), -0.00088 (93), -0.00055 (93), -0.00045 (93), -0.00034 (93), 
Current (lb-rhs): -0.00718379020690918
41764 domains visited
Length of domains: 11
Cumulative time: 23.884099006652832

BaB round 73
batch: 11
splitting decisions: 
split level 0: [/input, 4990] [/input, 4990] [/input, 4990] [/input, 4990] [/input, 4990] [/input, 4990] [/input, 4990] [/input, 4990] [/input, 4990] [/input, 4990] 
split level 1: [/input, 4752] [/input, 4752] [/input, 4752] [/input, 4752] [/input, 4752] [/input, 4752] [/input, 4752] [/input, 4752] [/input, 4752] [/input, 4752] 
split level 2: [/input, 3660] [/input, 3660] [/input, 3660] [/input, 3660] [/input, 3660] [/input, 3660] [/input, 3660] [/input, 3660] [/input, 3660] [/input, 3660] 
split level 3: [/23, 1940] [/23, 1940] [/23, 1940] [/23, 1940] [/23, 1940] [/23, 1940] [/23, 1940] [/23, 1940] [/23, 1940] [/23, 1940] 
best_l after optimization: 0.010022033005952835
beta sum per layer: [50.04747009277344, 0.0, 0.0]
alpha/beta optimization time: 0.1656336784362793
pruning_in_iteration open status: True
ratio of positive domain = 173 / 176 = 0.9829545454545454
pruning-in-iteration extra time: 0.005299091339111328
Time: get_branching_decision.update_bounds 0.1588    pickout 0.0031    branching_decision 0.0001    decision 0.0001    set_bounds 0.0103    prepare 0.0048    transfer 0.0000    finalize 0.0008    func 0.2039    solve 0.1805    add 0.0007    bab_iteration 0.1922    
Accumulated time: get_branching_decision.update_bounds 0.1588    bab_iteration 23.5133    pickout 2.4046    decision 0.0137    branching_decision 0.0123    set_bounds 1.0190    solve 19.2649    func 19.4651    prepare 1.0878    transfer 0.0038    finalize 1.2737    add 0.7839    
max lb 9.999999747378752e-05 min lb -0.0036802291870117188
Number of Verified Splits: 173 of 176
Current worst splitting domains lb-rhs (depth):
-0.00368 (97), -0.00199 (97), -0.00160 (97), 
Current (lb-rhs): -0.0036802291870117188
41940 domains visited
Length of domains: 3
Cumulative time: 24.10226273536682

BaB round 74
batch: 3
splitting decisions: 
split level 0: [/input, 5618] [/input, 5618] [/input, 5618] 
split level 1: [/23, 5875] [/23, 5875] [/23, 5875] 
split level 2: [/23, 3185] [/23, 3185] [/23, 3185] 
split level 3: [/23, 5563] [/23, 5563] [/23, 5563] 
split level 4: [/23, 387] [/23, 387] [/23, 387] 
split level 5: [/23, 412] [/23, 412] [/23, 412] 
best_l after optimization: 0.01823906973004341
beta sum per layer: [24.51736831665039, 0.0, 0.0]
alpha/beta optimization time: 0.174086332321167
pruning_in_iteration open status: True
ratio of positive domain = 191 / 192 = 0.9947916666666666
pruning-in-iteration extra time: 0.005227327346801758
Time: get_branching_decision.update_bounds 0.1588    pickout 0.0022    branching_decision 0.0001    decision 0.0001    set_bounds 0.0139    prepare 0.0052    transfer 0.0000    finalize 0.0008    func 0.2167    solve 0.2039    add 0.0006    bab_iteration 0.2182    
Accumulated time: get_branching_decision.update_bounds 0.1588    bab_iteration 23.7315    pickout 2.4069    decision 0.0138    branching_decision 0.0124    set_bounds 1.0329    solve 19.4688    func 19.6818    prepare 1.0930    transfer 0.0039    finalize 1.2745    add 0.7845    
max lb 9.999999747378752e-05 min lb -0.0008609294891357422
Number of Verified Splits: 191 of 192
Current worst splitting domains lb-rhs (depth):
-0.00086 (103), 
Current (lb-rhs): -0.0008609294891357422
42132 domains visited
Length of domains: 1
Cumulative time: 24.335935831069946

BaB round 75
batch: 1
splitting decisions: 
split level 0: [/input, 4779] 
split level 1: [/23, 5903] 
split level 2: [/23, 3506] 
split level 3: [/23, 1885] 
split level 4: [/23, 286] 
split level 5: [/23, 5829] 
split level 6: [/23, 1911] 

all verified at 0th iter
best_l after optimization: 3.0176515579223633
beta sum per layer: [0.0, 0.0, 0.0]
alpha/beta optimization time: 0.004767894744873047
pruning_in_iteration open status: False
ratio of positive domain = 128 / 128 = 1.0
pruning-in-iteration extra time: 5.602836608886719e-05
Time: get_branching_decision.update_bounds 0.1588    pickout 0.0021    branching_decision 0.0001    decision 0.0001    set_bounds 0.0106    prepare 0.0037    transfer 0.0000    finalize 0.0004    func 0.0121    solve 0.2167    add 0.0005    bab_iteration 0.2337    
Accumulated time: get_branching_decision.update_bounds 0.1588    bab_iteration 23.9652    pickout 2.4089    decision 0.0139    branching_decision 0.0124    set_bounds 1.0435    solve 19.6856    func 19.6940    prepare 1.0967    transfer 0.0039    finalize 1.2749    add 0.7850    
max lb 0.04427528381347656 min lb 0.0029184818267822266
Number of Verified Splits: 128 of 128
Current (lb-rhs): 1.0000000116860974e-07
42260 domains visited
Length of domains: 0
Cumulative time: 24.360950708389282

Result: safe in 31.4569 seconds

 %%%%%%%%%%%%%%%%%%%%%%%%%%%%%%%%%%% idx: 2, vnnlib ID: 2 %%%%%%%%%%%%%%%%%%%%%%%%%%%%%%%%%%%
Finished vnnlib processing in 0.001393 seconds
Model: BoundedModule(
  (/input-1): BoundInput(name=/input-1, inputs=[], perturbed=True)
  (/shape): BoundBuffers(name=/shape, inputs=[], perturbed=False)
  (/10): BoundParams(name=/10, inputs=[], perturbed=False)
  (/11): BoundParams(name=/11, inputs=[], perturbed=False)
  (/12): BoundParams(name=/12, inputs=[], perturbed=False)
  (/13): BoundParams(name=/13, inputs=[], perturbed=False)
  (/14): BoundParams(name=/14, inputs=[], perturbed=False)
  (/15): BoundParams(name=/15, inputs=[], perturbed=False)
  (/16): BoundParams(name=/16, inputs=[], perturbed=False)
  (/17): BoundParams(name=/17, inputs=[], perturbed=False)
  (/input): BoundConv(name=/input, inputs=[/input-1, /10, /11], perturbed=True)
  (/input-4): BoundRelu(name=/input-4, inputs=[/input], perturbed=True)
  (/tensor): BoundConv(name=/tensor, inputs=[/input-4, /12, /13], perturbed=True)
  (/21): BoundSplit(name=/21, inputs=[/tensor], perturbed=True)
  (/22): BoundSplit(name=/22, inputs=[/tensor], perturbed=True)
  (/23): BoundAdd(name=/23, inputs=[/21, /22], perturbed=True)
  (/24): BoundRelu(name=/24, inputs=[/23], perturbed=True)
  (/25): BoundSplit(name=/25, inputs=[/shape], perturbed=False)
  (/26): BoundSplit(name=/26, inputs=[/shape], perturbed=False)
  (/27): BoundConstant(name=/27, value=tensor([0], device='cuda:0'))
  (/28): BoundSqueeze(name=/28, inputs=[/25, /27], perturbed=False)
  (/29): BoundConstant(name=/29, value=tensor([0], device='cuda:0'))
  (/30): BoundSqueeze(name=/30, inputs=[/26, /29], perturbed=False)
  (/31): BoundConstant(name=/31, value=tensor([0], device='cuda:0'))
  (/32): BoundUnsqueeze(name=/32, inputs=[/28, /31], perturbed=False)
  (/33): BoundConstant(name=/33, value=tensor([0], device='cuda:0'))
  (/34): BoundUnsqueeze(name=/34, inputs=[/30, /33], perturbed=False)
  (/35): BoundConcat(name=/35, inputs=[/32, /34], perturbed=False)
  (/36): BoundReshape(name=/36, inputs=[/24, /35], perturbed=True)
  (/input-8): BoundLinear(name=/input-8, inputs=[/36, /14, /15], perturbed=True)
  (/38): BoundRelu(name=/38, inputs=[/input-8], perturbed=True)
  (/39): BoundLinear(name=/39, inputs=[/38, /16, /17], perturbed=True)
)
Original output in the first batch: tensor([[-4.01014233,  4.31233358,  0.73387587, -0.85888243, -1.85305274,
         -0.55965620,  0.55245036, -0.92031461, -0.36660531, -2.92427611]],
       device='cuda:0')
Split layers:
Nonlinear functions:
   BoundRelu(name=/input-4, inputs=[/input], perturbed=True)
   BoundRelu(name=/24, inputs=[/23], perturbed=True)
   BoundRelu(name=/38, inputs=[/input-8], perturbed=True)
build batch [1/1]
layer /input-4 using sparse-features alpha with shape [1544]; unstable size 1544; total size 6272 ([1, 8, 28, 28])
layer /input-4 start_node /23 using full alpha [2, 6272, 1, 1544] with unstable size None total_size 6272 output_shape torch.Size([8, 28, 28])
layer /input-4 start_node /input-8 using sparse-spec alpha [2, 20, 1, 1544] with unstable size 19 total_size 64 output_shape torch.Size([64])
layer /input-4 start_node /39 using full alpha [2, 9, 1, 1544] with unstable size None total_size 9 output_shape 9
layer /24 using sparse-features alpha with shape [2406]; unstable size 2406; total size 6272 ([1, 8, 28, 28])
layer /24 start_node /input-8 using sparse-spec alpha [2, 20, 1, 2406] with unstable size 19 total_size 64 output_shape torch.Size([64])
layer /24 start_node /39 using full alpha [2, 9, 1, 2406] with unstable size None total_size 9 output_shape 9
layer /38 using sparse-features alpha with shape [19]; unstable size 19; total size 64 ([1, 64])
layer /38 start_node /39 using full alpha [2, 9, 1, 19] with unstable size None total_size 9 output_shape 9
Optimizable variables initialized.
initial CROWN bounds (first 10 items): [0.6823858022689819, -2.600661277770996, -2.0639755725860596, 0.32500147819519043, -0.8832871913909912, -2.6282334327697754, -1.7581701278686523, -0.31422853469848633, 0.419736385345459]
prune_after_crown optimization in use
  original spec size = torch.Size([1, 9])
  pruned spec size = torch.Size([1, 6])
Using alpha-CROWN to initialize bounds.
best_l after optimization: -8.385644912719727
alpha/beta optimization time: 5.492445945739746
initial alpha-crown bounds (first 10 items): [-2.3265175819396973, -1.7102768421173096, -0.632011890411377, -2.262939691543579, -1.3974313735961914, -0.05646723508834839]
Global lower bound: -2.3265175819396973
3 / 9 OR specs are verified.
Verified OR indices (first 10 items): [0, 3, 8]
Verified OR lbs (first 10 items): [[inf], [inf], [inf]]
Unverified OR indices (first 10 items): [1, 2, 4, 5, 6, 7]
Unverified OR lbs (first 10 items): [[-2.3265175819396973], [-1.7102768421173096], [-0.632011890411377], [-2.262939691543579], [-1.3974313735961914], [-0.05646723508834839]]
###### Verifying property Instance 2 ######
Batch size: 6
First 10 spec matrices
C: tensor([[[ 0.,  1., -1.,  0.,  0.,  0.,  0.,  0.,  0.,  0.]],

        [[ 0.,  1.,  0., -1.,  0.,  0.,  0.,  0.,  0.,  0.]],

        [[ 0.,  1.,  0.,  0.,  0., -1.,  0.,  0.,  0.,  0.]],

        [[ 0.,  1.,  0.,  0.,  0.,  0., -1.,  0.,  0.,  0.]],

        [[ 0.,  1.,  0.,  0.,  0.,  0.,  0., -1.,  0.,  0.]],

        [[ 0.,  1.,  0.,  0.,  0.,  0.,  0.,  0., -1.,  0.]]], device='cuda:0')
RHS: tensor([[0.],
        [0.],
        [0.],
        [0.],
        [0.],
        [0.]], device='cuda:0')
OR spec sizes: tensor([1, 1, 1, 1, 1, 1], device='cuda:0', dtype=torch.int32)
Remaining timeout: 54.1449019908905
Model prediction is: tensor([-4.01014233,  4.31233358,  0.73387587, -0.85888243, -1.85305274,
        -0.55965620,  0.55245036, -0.92031461, -0.36660531, -2.92427611],
       device='cuda:0')
Activation BaB batch 1/1 
build_with_refined_bounds batch [1/1]
Optimizable variables initialized.
all alpha initialized
directly get lb and ub from refined bounds
c shape: torch.Size([6, 1, 10])
lA shapes: [torch.Size([6, 1, 8, 28, 28]), torch.Size([6, 1, 8, 28, 28]), torch.Size([6, 1, 64])]
(alpha-)CROWN with fixed intermediate bounds: tensor([[-2.32651758],
        [-1.71027684],
        [-0.63201189],
        [-2.26293969],
        [-1.39743137],
        [-0.05646724]], device='cuda:0') tensor([[inf],
        [inf],
        [inf],
        [inf],
        [inf],
        [inf]], device='cuda:0')
Intermediate layers: /input,/23,/input-8
Keeping alphas for these layers: ['/39']
Node /input-4 input 0: size torch.Size([8, 28, 28]) unstable 1544
Node /24 input 0: size torch.Size([8, 28, 28]) unstable 2400
Node /38 input 0: size torch.Size([64]) unstable 19
-----------------
# of unstable neurons: 3963
-----------------

BaB round 1
batch: 6
splitting decisions: 
split level 0: [/input-8, 33] [/input-8, 15] [/input-8, 17] [/input-8, 15] [/input-8, 33] [/input-8, 15] 
split level 1: [/input-8, 17] [/input-8, 55] [/input-8, 55] [/input-8, 10] [/input-8, 17] [/input-8, 53] 
split level 2: [/input-8, 10] [/input-8, 10] [/input-8, 53] [/input-8, 29] [/input-8, 53] [/input-8, 55] 
split level 3: [/input-8, 46] [/input-8, 53] [/input-8, 15] [/input-8, 30] [/input-8, 37] [/input-8, 46] 
split level 4: [/input-8, 30] [/input-8, 17] [/input-8, 20] [/input-8, 37] [/input-8, 20] [/input-8, 37] 
best_l after optimization: -14.407602310180664
beta sum per layer: [0.0, 0.0, 12.676527976989746]
alpha/beta optimization time: 0.16826367378234863
pruning_in_iteration open status: True
ratio of positive domain = 168 / 192 = 0.875
pruning-in-iteration extra time: 0.0056345462799072266
Time: get_branching_decision.update_bounds 0.0232    pickout 0.0014    branching_decision 0.0001    decision 0.0001    set_bounds 0.0092    prepare 0.0019    transfer 0.0000    finalize 0.0014    func 0.1923    
Accumulated time: get_branching_decision.update_bounds 0.0232    bab_iteration 0.0000    pickout 0.0014    decision 0.0001    branching_decision 0.0001    set_bounds 0.0092    solve 0.0000    func 0.1923    prepare 0.0019    transfer 0.0000    finalize 0.0014    
max lb 9.999999747378752e-05 min lb -1.6813615560531616
Number of Verified Splits: 168 of 192
Current worst splitting domains lb-rhs (depth):
-1.68136 (5), -1.67106 (5), -1.50173 (5), -1.41075 (5), -0.77542 (5), -0.76519 (5), -0.71256 (5), -0.68210 (5), -0.63788 (5), -0.54556 (5), -0.48101 (5), -0.47804 (5), -0.46725 (5), -0.44004 (5), -0.32365 (5), -0.30712 (5), -0.28923 (5), -0.26808 (5), -0.24133 (5), -0.23055 (5), 
Current (lb-rhs): -1.6813615560531616
192 domains visited
Length of domains: 24
Cumulative time: 0.24986743927001953

BaB round 2
batch: 24
splitting decisions: 
split level 0: [/input-8, 53] [/input-8, 53] [/input-8, 53] [/input-8, 15] [/input-8, 15] [/input-8, 53] [/input-8, 53] [/input-8, 53] [/input-8, 53] [/input-8, 15] 
split level 1: [/input-8, 63] [/input-8, 63] [/input-8, 63] [/input-8, 37] [/input-8, 37] [/input-8, 54] [/input-8, 63] [/input-8, 63] [/input-8, 63] [/input-8, 37] 
split level 2: [/input-8, 54] [/input-8, 54] [/input-8, 54] [/input-8, 29] [/input-8, 29] [/input-8, 63] [/input-8, 54] [/input-8, 54] [/input-8, 54] [/input-8, 29] 
best_l after optimization: -19.58933448791504
beta sum per layer: [0.0, 0.0, 104.05438995361328]
alpha/beta optimization time: 0.16775798797607422
pruning_in_iteration open status: True
ratio of positive domain = 161 / 192 = 0.8385416666666666
pruning-in-iteration extra time: 0.005478382110595703
Time: get_branching_decision.update_bounds 0.0232    pickout 0.0032    branching_decision 0.0001    decision 0.0001    set_bounds 0.0074    prepare 0.0035    transfer 0.0000    finalize 0.0016    func 0.1955    solve 0.1924    add 0.0009    bab_iteration 0.2041    
Accumulated time: get_branching_decision.update_bounds 0.0232    bab_iteration 0.2041    pickout 0.0046    decision 0.0002    branching_decision 0.0002    set_bounds 0.0166    solve 0.1924    func 0.3878    prepare 0.0054    transfer 0.0001    finalize 0.0030    add 0.0009    
max lb 9.999999747378752e-05 min lb -1.457139253616333
Number of Verified Splits: 161 of 192
Current worst splitting domains lb-rhs (depth):
-1.45714 (8), -1.44669 (8), -1.41522 (8), -1.32228 (8), -1.26956 (8), -1.24253 (8), -1.23381 (8), -1.21770 (8), -1.10966 (8), -1.10407 (8), -1.04297 (8), -1.03938 (8), -0.45601 (8), -0.43666 (8), -0.41681 (8), -0.41365 (8), -0.38372 (8), -0.35806 (8), -0.35115 (8), -0.34818 (8), 
Current (lb-rhs): -1.457139253616333
384 domains visited
Length of domains: 31
Cumulative time: 0.4571347236633301

BaB round 3
batch: 31
splitting decisions: 
split level 0: [/input-8, 63] [/input-8, 63] [/input-8, 63] [/input-8, 63] [/input-8, 63] [/input-8, 63] [/input-8, 36] [/input-8, 36] [/input-8, 27] [/input-8, 55] 
split level 1: [/input-8, 54] [/input-8, 54] [/input-8, 54] [/input-8, 54] [/input-8, 54] [/input-8, 54] [/input-8, 59] [/input-8, 59] [/input-8, 36] [/input-8, 4] 
best_l after optimization: -19.593875885009766
beta sum per layer: [0.0, 0.0, 57.596527099609375]
alpha/beta optimization time: 0.15133213996887207
pruning_in_iteration open status: True
ratio of positive domain = 87 / 124 = 0.7016129032258065
pruning-in-iteration extra time: 0.0052890777587890625
Time: get_branching_decision.update_bounds 0.0232    pickout 0.0038    branching_decision 0.0001    decision 0.0001    set_bounds 0.0041    prepare 0.0024    transfer 0.0000    finalize 0.0023    func 0.1781    solve 0.1955    add 0.0009    bab_iteration 0.2073    
Accumulated time: get_branching_decision.update_bounds 0.0232    bab_iteration 0.4114    pickout 0.0083    decision 0.0003    branching_decision 0.0002    set_bounds 0.0207    solve 0.3879    func 0.5659    prepare 0.0079    transfer 0.0001    finalize 0.0052    add 0.0018    
max lb 9.999999747378752e-05 min lb -1.3609627485275269
Number of Verified Splits: 87 of 124
Current worst splitting domains lb-rhs (depth):
-1.36096 (10), -1.35659 (10), -1.34825 (10), -1.25754 (10), -1.17236 (10), -1.16737 (10), -1.14839 (10), -1.14404 (10), -1.04526 (10), -1.03839 (10), -0.97455 (10), -0.97030 (10), -0.39007 (10), -0.37856 (10), -0.37380 (10), -0.36629 (10), -0.32440 (10), -0.30757 (10), -0.29035 (10), -0.28799 (10), 
Current (lb-rhs): -1.3609627485275269
508 domains visited
Length of domains: 37
Cumulative time: 0.644536018371582

BaB round 4
batch: 37
splitting decisions: 
split level 0: [/input-8, 55] [/input-8, 17] [/input-8, 55] [/input-8, 17] [/input-8, 55] [/input-8, 55] [/input-8, 55] [/input-8, 55] [/input-8, 55] [/input-8, 29] 
split level 1: [/input-8, 34] [/input-8, 59] [/input-8, 34] [/input-8, 59] [/input-8, 34] [/input-8, 34] [/input-8, 34] [/input-8, 34] [/input-8, 34] [/input-8, 34] 
best_l after optimization: -30.88888931274414
beta sum per layer: [2.0271615982055664, 0.34907445311546326, 90.30180358886719]
alpha/beta optimization time: 0.16493725776672363
pruning_in_iteration open status: True
ratio of positive domain = 91 / 148 = 0.6148648648648649
pruning-in-iteration extra time: 0.005292654037475586
Time: get_branching_decision.update_bounds 0.0232    pickout 0.0044    branching_decision 0.0001    decision 0.0001    set_bounds 0.0054    prepare 0.0033    transfer 0.0000    finalize 0.0033    func 0.1942    solve 0.1781    add 0.0011    bab_iteration 0.1874    
Accumulated time: get_branching_decision.update_bounds 0.0232    bab_iteration 0.5988    pickout 0.0127    decision 0.0005    branching_decision 0.0003    set_bounds 0.0261    solve 0.5660    func 0.7601    prepare 0.0112    transfer 0.0002    finalize 0.0085    add 0.0029    
max lb 9.999999747378752e-05 min lb -1.296549916267395
Number of Verified Splits: 91 of 148
Current worst splitting domains lb-rhs (depth):
-1.29655 (12), -1.29045 (12), -1.27749 (12), -1.26682 (12), -1.19626 (12), -1.19600 (12), -1.17265 (12), -1.16951 (12), -1.10498 (12), -1.08703 (12), -1.08668 (12), -1.08185 (12), -1.06726 (12), -1.06554 (12), -1.05598 (12), -1.04318 (12), -0.98179 (12), -0.97540 (12), -0.97170 (12), -0.95932 (12), 
Current (lb-rhs): -1.296549916267395
656 domains visited
Length of domains: 57
Cumulative time: 0.8499343395233154

BaB round 5
batch: 57
splitting decisions: 
split level 0: [/23, 2757] [/23, 2757] [/23, 2757] [/input, 4217] [/input-8, 57] [/input-8, 57] [/input-8, 57] [/input-8, 57] [/input-8, 57] [/input-8, 36] 
best_l after optimization: -32.57585906982422
beta sum per layer: [4.6865081787109375, 2.3246471881866455, 75.66461181640625]
alpha/beta optimization time: 0.17182350158691406
pruning_in_iteration open status: True
ratio of positive domain = 46 / 114 = 0.4035087719298246
pruning-in-iteration extra time: 0.005331277847290039
Time: get_branching_decision.update_bounds 0.0232    pickout 0.0063    branching_decision 0.0001    decision 0.0001    set_bounds 0.0029    prepare 0.0027    transfer 0.0000    finalize 0.0032    func 0.2013    solve 0.1943    add 0.0011    bab_iteration 0.2054    
Accumulated time: get_branching_decision.update_bounds 0.0232    bab_iteration 0.8042    pickout 0.0191    decision 0.0005    branching_decision 0.0004    set_bounds 0.0290    solve 0.7603    func 0.9615    prepare 0.0139    transfer 0.0002    finalize 0.0117    add 0.0040    
max lb 9.999999747378752e-05 min lb -1.2830500602722168
Number of Verified Splits: 46 of 114
Current worst splitting domains lb-rhs (depth):
-1.28305 (13), -1.27681 (13), -1.25658 (13), -1.24687 (13), -1.18492 (13), -1.18479 (13), -1.14152 (13), -1.14091 (13), -1.09206 (13), -1.07455 (13), -1.07270 (13), -1.05548 (13), -1.05368 (13), -1.03767 (13), -1.03008 (13), -1.01674 (13), -0.96668 (13), -0.96042 (13), -0.95660 (13), -0.95561 (13), 
Current (lb-rhs): -1.2830500602722168
770 domains visited
Length of domains: 68
Cumulative time: 1.0624830722808838

BaB round 6
batch: 68
splitting decisions: 
split level 0: [/input, 4217] [/input, 4217] [/input, 4217] [/input, 2839] [/input, 2673] [/input, 2673] [/input, 2673] [/input, 2673] [/input, 2673] [/input-8, 54] 
best_l after optimization: -45.53852081298828
beta sum per layer: [32.22441101074219, 4.463939666748047, 86.90509033203125]
alpha/beta optimization time: 0.13857245445251465
pruning_in_iteration open status: False
ratio of positive domain = 27 / 136 = 0.19852941176470584
pruning-in-iteration extra time: 5.555152893066406e-05
Time: get_branching_decision.update_bounds 0.0232    pickout 0.0078    branching_decision 0.0001    decision 0.0001    set_bounds 0.0033    prepare 0.0037    transfer 0.0000    finalize 0.0052    func 0.1735    solve 0.2014    add 0.0015    bab_iteration 0.2125    
Accumulated time: get_branching_decision.update_bounds 0.0232    bab_iteration 1.0167    pickout 0.0269    decision 0.0006    branching_decision 0.0005    set_bounds 0.0323    solve 0.9617    func 1.1349    prepare 0.0176    transfer 0.0003    finalize 0.0169    add 0.0055    
max lb 1.0430924892425537 min lb -1.2793700695037842
Number of Verified Splits: 27 of 136
Current worst splitting domains lb-rhs (depth):
-1.27937 (14), -1.27365 (14), -1.23669 (14), -1.22721 (14), -1.22561 (14), -1.21692 (14), -1.18210 (14), -1.18164 (14), -1.12594 (14), -1.12586 (14), -1.11642 (14), -1.11604 (14), -1.08894 (14), -1.07117 (14), -1.06914 (14), -1.04947 (14), -1.03315 (14), -1.02910 (14), -1.01477 (14), -1.01273 (14), 
Current (lb-rhs): -1.2793700695037842
906 domains visited
Length of domains: 109
Cumulative time: 1.24910569190979

BaB round 7
batch: 109
splitting decisions: 
split level 0: [/input, 2839] [/input, 4604] [/input, 4189] [/23, 2756] [/input, 4075] [/input, 2728] [/input, 4075] [/input, 4189] [/input-8, 57] [/input, 5699] 
best_l after optimization: -66.60903930664062
beta sum per layer: [116.9671859741211, 15.888971328735352, 122.57318115234375]
alpha/beta optimization time: 0.1336522102355957
pruning_in_iteration open status: True
ratio of positive domain = 44 / 218 = 0.2018348623853211
pruning-in-iteration extra time: 5.364418029785156e-05
Time: get_branching_decision.update_bounds 0.0232    pickout 0.0112    branching_decision 0.0001    decision 0.0001    set_bounds 0.0053    prepare 0.0054    transfer 0.0000    finalize 0.0110    func 0.1802    solve 0.1735    add 0.0017    bab_iteration 0.1866    
Accumulated time: get_branching_decision.update_bounds 0.0232    bab_iteration 1.2033    pickout 0.0381    decision 0.0008    branching_decision 0.0006    set_bounds 0.0376    solve 1.1352    func 1.3151    prepare 0.0230    transfer 0.0003    finalize 0.0279    add 0.0072    
max lb 1.613390326499939 min lb -1.2756867408752441
Number of Verified Splits: 44 of 218
Current worst splitting domains lb-rhs (depth):
-1.27569 (15), -1.26987 (15), -1.26841 (15), -1.26280 (15), -1.22161 (15), -1.22092 (15), -1.21226 (15), -1.21152 (15), -1.21133 (15), -1.20279 (15), -1.17907 (15), -1.17906 (15), -1.12878 (15), -1.12872 (15), -1.11833 (15), -1.11770 (15), -1.09813 (15), -1.09659 (15), -1.08585 (15), -1.07718 (15), 
Current (lb-rhs): -1.2756867408752441
1124 domains visited
Length of domains: 174
Cumulative time: 1.448305606842041

BaB round 8
batch: 174
splitting decisions: 
split level 0: [/input, 4602] [/input, 2839] [/input, 2728] [/input, 4189] [/input, 2728] [/input, 4945] [/input, 4189] [/input, 4217] [/input, 4158] [/input, 349] 
best_l after optimization: -179.57180786132812
beta sum per layer: [345.6592102050781, 40.86485290527344, 148.52188110351562]
alpha/beta optimization time: 0.13515996932983398
pruning_in_iteration open status: False
ratio of positive domain = 8 / 348 = 0.02298850574712641
pruning-in-iteration extra time: 6.461143493652344e-05
Time: get_branching_decision.update_bounds 0.0232    pickout 0.0177    branching_decision 0.0002    decision 0.0002    set_bounds 0.0085    prepare 0.0093    transfer 0.0000    finalize 0.0201    func 0.2207    solve 0.1803    add 0.0021    bab_iteration 0.1992    
Accumulated time: get_branching_decision.update_bounds 0.0232    bab_iteration 1.4025    pickout 0.0558    decision 0.0010    branching_decision 0.0008    set_bounds 0.0461    solve 1.3154    func 1.5359    prepare 0.0323    transfer 0.0004    finalize 0.0480    add 0.0093    
max lb 0.01881265640258789 min lb -1.2738827466964722
Number of Verified Splits: 8 of 348
Current worst splitting domains lb-rhs (depth):
-1.27388 (16), -1.26787 (16), -1.26670 (16), -1.26096 (16), -1.23170 (16), -1.23098 (16), -1.21805 (16), -1.21771 (16), -1.21217 (16), -1.20983 (16), -1.20842 (16), -1.20825 (16), -1.20726 (16), -1.20504 (16), -1.20031 (16), -1.19948 (16), -1.19252 (16), -1.18170 (16), -1.17699 (16), -1.17645 (16), 
Current (lb-rhs): -1.2738827466964722
1472 domains visited
Length of domains: 340
Cumulative time: 1.6996264457702637

BaB round 9
batch: 340
splitting decisions: 
split level 0: [/input, 5727] [/input, 5699] [/23, 2756] [/input, 4158] [/input, 4945] [/input, 4189] [/input, 4130] [/input, 4189] [/input, 4407] [/input, 4407] 
best_l after optimization: -345.3760681152344
beta sum per layer: [907.3303833007812, 91.31942749023438, 279.56103515625]
alpha/beta optimization time: 0.13388586044311523
pruning_in_iteration open status: False
ratio of positive domain = 27 / 680 = 0.039705882352941146
pruning-in-iteration extra time: 5.316734313964844e-05
Time: get_branching_decision.update_bounds 0.0232    pickout 0.0333    branching_decision 0.0003    decision 0.0003    set_bounds 0.0164    prepare 0.0172    transfer 0.0001    finalize 0.0360    func 0.2728    solve 0.2208    add 0.0039    bab_iteration 0.2513    
Accumulated time: get_branching_decision.update_bounds 0.0232    bab_iteration 1.6538    pickout 0.0891    decision 0.0013    branching_decision 0.0011    set_bounds 0.0625    solve 1.5362    func 1.8087    prepare 0.0495    transfer 0.0004    finalize 0.0840    add 0.0131    
max lb 0.05346870422363281 min lb -1.2720153331756592
Number of Verified Splits: 27 of 680
Current worst splitting domains lb-rhs (depth):
-1.27202 (17), -1.26663 (17), -1.26462 (17), -1.26334 (17), -1.26081 (17), -1.24530 (17), -1.23932 (17), -1.23691 (17), -1.21438 (17), -1.21373 (17), -1.21202 (17), -1.21059 (17), -1.20929 (17), -1.20897 (17), -1.20815 (17), -1.20731 (17), -1.20523 (17), -1.20442 (17), -1.20383 (17), -1.20335 (17), 
Current (lb-rhs): -1.2720153331756592
2152 domains visited
Length of domains: 653
Cumulative time: 2.029022216796875

BaB round 10
batch: 653
splitting decisions: 
split level 0: [/input, 5699] [/input, 5727] [/input, 2673] [/23, 2811] [/input, 4189] [/input, 2645] [/23, 1950] [/input, 2673] [/input, 349] [/input, 350] 
best_l after optimization: -666.020751953125
beta sum per layer: [2059.78662109375, 253.22296142578125, 510.3014831542969]
alpha/beta optimization time: 0.21822023391723633
pruning_in_iteration open status: False
ratio of positive domain = 46 / 1306 = 0.03522205206738127
pruning-in-iteration extra time: 6.4849853515625e-05
Time: get_branching_decision.update_bounds 0.0232    pickout 0.0613    branching_decision 0.0003    decision 0.0003    set_bounds 0.0280    prepare 0.0328    transfer 0.0001    finalize 0.0952    func 0.5059    solve 0.2729    add 0.0048    bab_iteration 0.3294    
Accumulated time: get_branching_decision.update_bounds 0.0232    bab_iteration 1.9832    pickout 0.1504    decision 0.0016    branching_decision 0.0013    set_bounds 0.0905    solve 1.8091    func 2.3146    prepare 0.0823    transfer 0.0005    finalize 0.1792    add 0.0179    
max lb 0.05292367935180664 min lb -1.2689918279647827
Number of Verified Splits: 46 of 1306
Current worst splitting domains lb-rhs (depth):
-1.26899 (18), -1.26769 (18), -1.26468 (18), -1.26287 (18), -1.26145 (18), -1.25891 (18), -1.22511 (18), -1.22382 (18), -1.22082 (18), -1.21981 (18), -1.21923 (18), -1.21800 (18), -1.21776 (18), -1.21688 (18), -1.21158 (18), -1.21029 (18), -1.20979 (18), -1.20901 (18), -1.20835 (18), -1.20706 (18), 
Current (lb-rhs): -1.2689918279647827
3458 domains visited
Length of domains: 1260
Cumulative time: 2.7655813694000244

BaB round 11
batch: 1260
splitting decisions: 
split level 0: [/input, 2673] [/23, 2756] [/input, 4602] [/input, 2673] [/23, 3615] [/23, 1950] [/input, 4945] [/input, 3346] [/23, 2673] [/input, 349] 
best_l after optimization: -1273.5880126953125
beta sum per layer: [4639.7958984375, 668.1074829101562, 928.19482421875]
alpha/beta optimization time: 0.44969654083251953
pruning_in_iteration open status: False
ratio of positive domain = 141 / 2520 = 0.055952380952380976
pruning-in-iteration extra time: 6.079673767089844e-05
Time: get_branching_decision.update_bounds 0.0232    pickout 0.1160    branching_decision 0.0004    decision 0.0005    set_bounds 0.0534    prepare 0.0647    transfer 0.0001    finalize 0.1207    func 0.9635    solve 0.5059    add 0.1403    bab_iteration 0.7366    
Accumulated time: get_branching_decision.update_bounds 0.0232    bab_iteration 2.7198    pickout 0.2664    decision 0.0020    branching_decision 0.0018    set_bounds 0.1439    solve 2.3150    func 3.2780    prepare 0.1470    transfer 0.0006    finalize 0.2999    add 0.1583    
max lb 0.060739874839782715 min lb -1.2676002979278564
Number of Verified Splits: 145 of 2520
Current worst splitting domains lb-rhs (depth):
-1.26760 (19), -1.26603 (19), -1.26097 (19), -1.26069 (19), -1.25930 (19), -1.25698 (19), -1.25263 (19), -1.24139 (19), -1.23942 (19), -1.23538 (19), -1.23445 (19), -1.22065 (19), -1.21938 (19), -1.21711 (19), -1.21635 (19), -1.21609 (19), -1.21537 (19), -1.21453 (19), -1.20814 (19), -1.20791 (19), 
Current (lb-rhs): -1.2676002979278564
5978 domains visited
Length of domains: 2375
Cumulative time: 3.918088674545288

BaB round 12
batch: 2048
splitting decisions: 
split level 0: [/input, 2645] [/input, 350] [/input, 2728] [/input, 350] [/input, 2728] [/23, 2645] [/input, 405] [/input, 4075] [/input, 4023] [/23, 2728] 
best_l after optimization: -2092.44677734375
beta sum per layer: [9066.1083984375, 1709.1187744140625, 1454.7294921875]
alpha/beta optimization time: 0.7598578929901123
pruning_in_iteration open status: False
ratio of positive domain = 115 / 4096 = 0.028076171875
pruning-in-iteration extra time: 8.225440979003906e-05
Time: get_branching_decision.update_bounds 0.0232    pickout 0.3893    branching_decision 0.0007    decision 0.0007    set_bounds 0.0921    prepare 0.1063    transfer 0.0001    finalize 0.2117    func 1.5605    solve 0.9635    add 0.0174    bab_iteration 1.1525    
Accumulated time: get_branching_decision.update_bounds 0.0232    bab_iteration 3.8723    pickout 0.6558    decision 0.0027    branching_decision 0.0024    set_bounds 0.2360    solve 3.2785    func 4.8385    prepare 0.2533    transfer 0.0007    finalize 0.5116    add 0.1756    
max lb 0.05291563272476196 min lb -1.2654850482940674
Number of Verified Splits: 116 of 4096
Current worst splitting domains lb-rhs (depth):
-1.26603 (19), -1.26549 (20), -1.25933 (20), -1.25930 (19), -1.25869 (20), -1.25397 (20), -1.25265 (20), -1.24467 (20), -1.24338 (20), -1.23997 (20), -1.23669 (20), -1.23465 (20), -1.23330 (20), -1.22270 (20), -1.22125 (20), -1.21938 (19), -1.21744 (20), -1.21537 (19), -1.21412 (20), -1.21338 (20), 
Current (lb-rhs): -1.26603364944458
10074 domains visited
Length of domains: 4307
current_vram/total_varm: 16.2GB/47.7GB, batch_size increase to 4096
Cumulative time: 5.996128082275391

BaB round 13
batch: 4096
splitting decisions: 
split level 0: [/input, 2673] [/input, 5617] [/input, 2728] [/23, 2811] [/23, 2728] [/23, 2811] [/23, 2756] [/input, 2673] [/input, 2673] [/input, 517] 
best_l after optimization: -4043.31103515625
beta sum per layer: [20829.9296875, 4829.73291015625, 2842.18896484375]
alpha/beta optimization time: 1.5031530857086182
pruning_in_iteration open status: False
ratio of positive domain = 544 / 8192 = 0.06640625
pruning-in-iteration extra time: 8.296966552734375e-05
Time: get_branching_decision.update_bounds 0.0232    pickout 0.6100    branching_decision 0.0012    decision 0.0012    set_bounds 0.1811    prepare 0.2176    transfer 0.0001    finalize 0.3985    func 3.2209    solve 1.5605    add 0.0323    bab_iteration 2.0780    
Accumulated time: get_branching_decision.update_bounds 0.0232    bab_iteration 5.9503    pickout 1.2657    decision 0.0040    branching_decision 0.0037    set_bounds 0.4171    solve 4.8391    func 8.0594    prepare 0.4709    transfer 0.0008    finalize 0.9101    add 0.2080    
max lb 0.06459426879882812 min lb -1.2625693082809448
Number of Verified Splits: 547 of 8192
Current worst splitting domains lb-rhs (depth):
-1.26603 (19), -1.26257 (21), -1.26250 (21), -1.25930 (19), -1.25800 (21), -1.25687 (21), -1.25352 (21), -1.25205 (21), -1.24153 (21), -1.24023 (21), -1.23997 (21), -1.23951 (21), -1.23358 (21), -1.23352 (21), -1.23132 (21), -1.23127 (21), -1.22670 (21), -1.22580 (21), -1.22074 (21), -1.21973 (21), 
Current (lb-rhs): -1.26603364944458
18266 domains visited
Length of domains: 7856
Cumulative time: 10.058913707733154

BaB round 14
batch: 4096
splitting decisions: 
split level 0: [/input, 377] [/23, 2026] [/input, 5617] [/input, 5149] [/23, 2728] [/input, 4075] [/input, 3429] [/input, 3540] [/input, 5133] [/input, 4407] 
best_l after optimization: -4079.0234375
beta sum per layer: [25009.890625, 7181.8125, 3002.6689453125]
alpha/beta optimization time: 1.5025451183319092
pruning_in_iteration open status: False
ratio of positive domain = 866 / 8192 = 0.105712890625
pruning-in-iteration extra time: 5.936622619628906e-05
Time: get_branching_decision.update_bounds 0.0232    pickout 0.5933    branching_decision 0.0012    decision 0.0012    set_bounds 0.1811    prepare 0.2171    transfer 0.0001    finalize 0.3798    func 3.1644    solve 3.2210    add 0.0460    bab_iteration 4.0628    
Accumulated time: get_branching_decision.update_bounds 0.0232    bab_iteration 10.0131    pickout 1.8591    decision 0.0051    branching_decision 0.0048    set_bounds 0.5982    solve 8.0600    func 11.2238    prepare 0.6880    transfer 0.0009    finalize 1.2899    add 0.2539    
max lb 0.06245541572570801 min lb -1.2612171173095703
Number of Verified Splits: 876 of 8192
Current worst splitting domains lb-rhs (depth):
-1.26603 (19), -1.26250 (21), -1.26122 (22), -1.25930 (19), -1.25800 (21), -1.25687 (21), -1.25006 (22), -1.24863 (22), -1.24153 (21), -1.24089 (22), -1.24023 (21), -1.24015 (22), -1.23997 (21), -1.23951 (21), -1.23352 (21), -1.23194 (22), -1.23127 (21), -1.22834 (22), -1.22580 (21), -1.22535 (22), 
Current (lb-rhs): -1.26603364944458
26458 domains visited
Length of domains: 11076
Cumulative time: 14.06398606300354

BaB round 15
batch: 4096
splitting decisions: 
split level 0: [/23, 2811] [/23, 2026] [/input, 4576] [/23, 3671] [/23, 3643] [/input, 4576] [/input, 3512] [/23, 3671] [/input, 2728] [/23, 5945] 
best_l after optimization: -4421.158203125
beta sum per layer: [29609.9765625, 10137.525390625, 3431.61962890625]
alpha/beta optimization time: 1.5017387866973877
pruning_in_iteration open status: False
ratio of positive domain = 667 / 8192 = 0.0814208984375
pruning-in-iteration extra time: 6.008148193359375e-05
Time: get_branching_decision.update_bounds 0.0232    pickout 0.4096    branching_decision 0.0011    decision 0.0012    set_bounds 0.3813    prepare 0.2138    transfer 0.0001    finalize 0.6001    func 3.2270    solve 3.1644    add 0.0619    bab_iteration 4.0051    
Accumulated time: get_branching_decision.update_bounds 0.0232    bab_iteration 14.0182    pickout 2.2686    decision 0.0063    branching_decision 0.0060    set_bounds 0.9795    solve 11.2245    func 14.4507    prepare 0.9017    transfer 0.0010    finalize 1.8901    add 0.3158    
max lb 0.05713856220245361 min lb -1.2476445436477661
Number of Verified Splits: 671 of 8192
Current worst splitting domains lb-rhs (depth):
-1.26603 (19), -1.26250 (21), -1.26122 (22), -1.25930 (19), -1.25800 (21), -1.25687 (21), -1.24764 (23), -1.24654 (23), -1.24153 (21), -1.24089 (22), -1.24023 (21), -1.24015 (22), -1.23997 (21), -1.23951 (21), -1.23352 (21), -1.23194 (22), -1.23127 (21), -1.22834 (22), -1.22580 (21), -1.22535 (22), 
Current (lb-rhs): -1.26603364944458
34650 domains visited
Length of domains: 14501
Cumulative time: 18.135711431503296

BaB round 16
batch: 4096
splitting decisions: 
split level 0: [/23, 2591] [/input, 2645] [/input, 4602] [/input, 5149] [/input, 4576] [/input, 4075] [/input, 349] [/input, 405] [/23, 2756] [/input, 5699] 
best_l after optimization: -4641.1357421875
beta sum per layer: [34832.609375, 12860.091796875, 3854.48974609375]
alpha/beta optimization time: 1.5033893585205078
pruning_in_iteration open status: False
ratio of positive domain = 357 / 8192 = 0.0435791015625
pruning-in-iteration extra time: 5.650520324707031e-05
Time: get_branching_decision.update_bounds 0.0232    pickout 0.4086    branching_decision 0.0011    decision 0.0011    set_bounds 0.1794    prepare 0.2180    transfer 0.0001    finalize 0.4219    func 3.3158    solve 3.2270    add 0.0485    bab_iteration 4.0717    
Accumulated time: get_branching_decision.update_bounds 0.0232    bab_iteration 18.0899    pickout 2.6772    decision 0.0074    branching_decision 0.0071    set_bounds 1.1588    solve 14.4515    func 17.7666    prepare 1.1197    transfer 0.0011    finalize 2.3120    add 0.3643    
max lb 0.05353116989135742 min lb -1.1937525272369385
Number of Verified Splits: 366 of 8192
Current worst splitting domains lb-rhs (depth):
-1.26603 (19), -1.26250 (21), -1.26122 (22), -1.25930 (19), -1.25800 (21), -1.25687 (21), -1.24764 (23), -1.24654 (23), -1.24153 (21), -1.24089 (22), -1.24023 (21), -1.24015 (22), -1.23997 (21), -1.23951 (21), -1.23352 (21), -1.23194 (22), -1.23127 (21), -1.22834 (22), -1.22580 (21), -1.22535 (22), 
Current (lb-rhs): -1.26603364944458
42842 domains visited
Length of domains: 18231
Cumulative time: 22.117257595062256

BaB round 17
batch: 4096
splitting decisions: 
split level 0: [/23, 3608] [/23, 2026] [/23, 3636] [/input, 5188] [/input, 2645] [/input, 3635] [/23, 3636] [/input, 5216] [/23, 3608] [/input, 2645] 
best_l after optimization: -4540.42578125
beta sum per layer: [39255.1328125, 16252.791015625, 4095.736328125]
alpha/beta optimization time: 1.5031838417053223
pruning_in_iteration open status: False
ratio of positive domain = 336 / 8192 = 0.041015625
pruning-in-iteration extra time: 7.772445678710938e-05
Time: get_branching_decision.update_bounds 0.0232    pickout 0.6594    branching_decision 0.0012    decision 0.0012    set_bounds 0.1664    prepare 0.2223    transfer 0.0001    finalize 0.6754    func 3.3462    solve 3.3159    add 0.0722    bab_iteration 3.9815    
Accumulated time: get_branching_decision.update_bounds 0.0232    bab_iteration 22.0714    pickout 3.3366    decision 0.0086    branching_decision 0.0082    set_bounds 1.3252    solve 17.7673    func 21.1128    prepare 1.3420    transfer 0.0012    finalize 2.9874    add 0.4365    
max lb 0.06013983488082886 min lb -1.1863512992858887
Number of Verified Splits: 342 of 8192
Current worst splitting domains lb-rhs (depth):
-1.26603 (19), -1.26250 (21), -1.26122 (22), -1.25930 (19), -1.25800 (21), -1.25687 (21), -1.24764 (23), -1.24654 (23), -1.24153 (21), -1.24089 (22), -1.24023 (21), -1.24015 (22), -1.23997 (21), -1.23951 (21), -1.23352 (21), -1.23194 (22), -1.23127 (21), -1.22834 (22), -1.22580 (21), -1.22535 (22), 
Current (lb-rhs): -1.26603364944458
51034 domains visited
Length of domains: 21985
Cumulative time: 26.346269845962524

BaB round 18
batch: 4096
splitting decisions: 
split level 0: [/input, 5188] [/input, 3635] [/input, 3608] [/input, 5149] [/input, 2645] [/23, 3636] [/23, 1777] [/input, 4407] [/input, 5175] [/input, 5149] 
best_l after optimization: -4381.216796875
beta sum per layer: [44517.640625, 20428.0078125, 4350.0400390625]
alpha/beta optimization time: 1.5028870105743408
pruning_in_iteration open status: False
ratio of positive domain = 140 / 8192 = 0.01708984375
pruning-in-iteration extra time: 6.29425048828125e-05
Time: get_branching_decision.update_bounds 0.0232    pickout 0.4176    branching_decision 0.0012    decision 0.0012    set_bounds 0.1821    prepare 0.2386    transfer 0.0001    finalize 0.4531    func 3.7299    solve 3.3463    add 0.0513    bab_iteration 4.2290    
Accumulated time: get_branching_decision.update_bounds 0.0232    bab_iteration 26.3004    pickout 3.7542    decision 0.0098    branching_decision 0.0094    set_bounds 1.5073    solve 21.1137    func 24.8427    prepare 1.5806    transfer 0.0013    finalize 3.4405    add 0.4878    
max lb 0.0727376937866211 min lb -1.1842033863067627
Number of Verified Splits: 141 of 8192
Current worst splitting domains lb-rhs (depth):
-1.26603 (19), -1.26250 (21), -1.26122 (22), -1.25930 (19), -1.25800 (21), -1.25687 (21), -1.24764 (23), -1.24654 (23), -1.24153 (21), -1.24089 (22), -1.24023 (21), -1.24015 (22), -1.23997 (21), -1.23951 (21), -1.23352 (21), -1.23194 (22), -1.23127 (21), -1.22834 (22), -1.22580 (21), -1.22535 (22), 
Current (lb-rhs): -1.26603364944458
59226 domains visited
Length of domains: 25940
Cumulative time: 30.807120084762573

BaB round 19
batch: 4096
splitting decisions: 
split level 0: [/23, 2026] [/input, 5177] [/input, 5135] [/23, 507] [/input, 321] [/input, 4130] [/input, 5189] [/input, 5149] [/input, 3589] [/input, 2645] 
best_l after optimization: -4093.686767578125
beta sum per layer: [49694.203125, 23233.328125, 4441.2763671875]
alpha/beta optimization time: 1.5019278526306152
pruning_in_iteration open status: False
ratio of positive domain = 120 / 8192 = 0.0146484375
pruning-in-iteration extra time: 6.365776062011719e-05
Time: get_branching_decision.update_bounds 0.0232    pickout 0.7603    branching_decision 0.0013    decision 0.0013    set_bounds 0.1830    prepare 0.2288    transfer 0.0001    finalize 0.4364    func 3.1397    solve 3.7299    add 0.1247    bab_iteration 4.4608    
Accumulated time: get_branching_decision.update_bounds 0.0232    bab_iteration 30.7613    pickout 4.5146    decision 0.0111    branching_decision 0.0107    set_bounds 1.6903    solve 24.8436    func 27.9824    prepare 1.8095    transfer 0.0014    finalize 3.8769    add 0.6125    
max lb 0.043197035789489746 min lb -1.1462771892547607
Number of Verified Splits: 120 of 8192
Current worst splitting domains lb-rhs (depth):
-1.26603 (19), -1.26250 (21), -1.26122 (22), -1.25930 (19), -1.25800 (21), -1.25687 (21), -1.24764 (23), -1.24654 (23), -1.24153 (21), -1.24089 (22), -1.24023 (21), -1.24015 (22), -1.23997 (21), -1.23951 (21), -1.23352 (21), -1.23194 (22), -1.23127 (21), -1.22834 (22), -1.22580 (21), -1.22535 (22), 
Current (lb-rhs): -1.26603364944458
67418 domains visited
Length of domains: 29916
Cumulative time: 35.2526650428772

BaB round 20
batch: 4096
splitting decisions: 
split level 0: [/input, 2645] [/23, 2026] [/input, 5203] [/23, 2026] [/input, 5203] [/input, 5975] [/input, 5975] [/23, 507] [/input, 4383] [/input, 3037] 
best_l after optimization: -3723.23828125
beta sum per layer: [54058.0546875, 25492.486328125, 4449.86328125]
alpha/beta optimization time: 1.5038156509399414
pruning_in_iteration open status: False
ratio of positive domain = 206 / 8192 = 0.025146484375
pruning-in-iteration extra time: 6.246566772460938e-05
Time: get_branching_decision.update_bounds 0.0232    pickout 0.4268    branching_decision 0.0011    decision 0.0012    set_bounds 0.1832    prepare 0.2238    transfer 0.0001    finalize 0.7676    func 3.4632    solve 3.1398    add 0.3556    bab_iteration 4.4455    
Accumulated time: get_branching_decision.update_bounds 0.0232    bab_iteration 35.2068    pickout 4.9413    decision 0.0123    branching_decision 0.0118    set_bounds 1.8735    solve 27.9833    func 31.4456    prepare 2.0332    transfer 0.0016    finalize 4.6445    add 0.9680    
max lb 0.05806529521942139 min lb -1.1345360279083252
Number of Verified Splits: 206 of 8192
Current worst splitting domains lb-rhs (depth):
-1.26603 (19), -1.26250 (21), -1.26122 (22), -1.25930 (19), -1.25800 (21), -1.25687 (21), -1.24764 (23), -1.24654 (23), -1.24153 (21), -1.24089 (22), -1.24023 (21), -1.24015 (22), -1.23997 (21), -1.23951 (21), -1.23352 (21), -1.23194 (22), -1.23127 (21), -1.22834 (22), -1.22580 (21), -1.22535 (22), 
Current (lb-rhs): -1.26603364944458
75610 domains visited
Length of domains: 33806
Cumulative time: 39.49889874458313

BaB round 21
batch: 4096
splitting decisions: 
split level 0: [/input, 2645] [/input, 3456] [/input, 2645] [/23, 2026] [/23, 580] [/input, 5149] [/input, 321] [/23, 507] [/input, 5975] [/input, 3457] 
best_l after optimization: -3316.771484375
beta sum per layer: [59127.9375, 27864.115234375, 4417.603515625]
alpha/beta optimization time: 1.5034856796264648
pruning_in_iteration open status: False
ratio of positive domain = 283 / 8192 = 0.0345458984375
pruning-in-iteration extra time: 6.151199340820312e-05
Time: get_branching_decision.update_bounds 0.0232    pickout 0.4457    branching_decision 0.0012    decision 0.0013    set_bounds 0.1839    prepare 0.2252    transfer 0.0001    finalize 0.4341    func 3.4744    solve 3.4632    add 0.1146    bab_iteration 4.2462    
Accumulated time: get_branching_decision.update_bounds 0.0232    bab_iteration 39.4530    pickout 5.3870    decision 0.0135    branching_decision 0.0131    set_bounds 2.0574    solve 31.4466    func 34.9200    prepare 2.2585    transfer 0.0016    finalize 5.0786    add 1.0827    
max lb 0.07290768623352051 min lb -1.1107947826385498
Number of Verified Splits: 286 of 8192
Current worst splitting domains lb-rhs (depth):
-1.26603 (19), -1.26250 (21), -1.26122 (22), -1.25930 (19), -1.25800 (21), -1.25687 (21), -1.24764 (23), -1.24654 (23), -1.24153 (21), -1.24089 (22), -1.24023 (21), -1.24015 (22), -1.23997 (21), -1.23951 (21), -1.23352 (21), -1.23194 (22), -1.23127 (21), -1.22834 (22), -1.22580 (21), -1.22535 (22), 
Current (lb-rhs): -1.26603364944458
83802 domains visited
Length of domains: 37616
Cumulative time: 43.66393780708313

BaB round 22
batch: 4096
splitting decisions: 
split level 0: [/input, 5149] [/input, 3209] [/input, 2645] [/input, 3663] [/input, 5149] [/23, 484] [/input, 3608] [/23, 484] [/23, 536] [/23, 2591] 
best_l after optimization: -2924.6591796875
beta sum per layer: [63618.8125, 30697.44921875, 4391.0322265625]
alpha/beta optimization time: 1.499939203262329
pruning_in_iteration open status: False
ratio of positive domain = 512 / 8192 = 0.0625
pruning-in-iteration extra time: 5.793571472167969e-05
Time: get_branching_decision.update_bounds 0.0232    pickout 0.4349    branching_decision 0.0012    decision 0.0012    set_bounds 0.1830    prepare 0.2199    transfer 0.0001    finalize 0.4171    func 3.4464    solve 3.4745    add 0.0536    bab_iteration 4.1650    
Accumulated time: get_branching_decision.update_bounds 0.0232    bab_iteration 43.6181    pickout 5.8219    decision 0.0147    branching_decision 0.0142    set_bounds 2.2404    solve 34.9210    func 38.3664    prepare 2.4784    transfer 0.0017    finalize 5.4957    add 1.1363    
max lb 0.08099007606506348 min lb -1.0337157249450684
Number of Verified Splits: 517 of 8192
Current worst splitting domains lb-rhs (depth):
-1.26603 (19), -1.26250 (21), -1.26122 (22), -1.25930 (19), -1.25800 (21), -1.25687 (21), -1.24764 (23), -1.24654 (23), -1.24153 (21), -1.24089 (22), -1.24023 (21), -1.24015 (22), -1.23997 (21), -1.23951 (21), -1.23352 (21), -1.23194 (22), -1.23127 (21), -1.22834 (22), -1.22580 (21), -1.22535 (22), 
Current (lb-rhs): -1.26603364944458
91994 domains visited
Length of domains: 41195
Cumulative time: 47.78461456298828

BaB round 23
batch: 4096
splitting decisions: 
split level 0: [/input, 3037] [/23, 3616] [/input, 5135] [/input, 3010] [/input, 3608] [/input, 5079] [/input, 3401] [/input, 3635] [/input, 5312] [/input, 5149] 
best_l after optimization: -2560.325439453125
beta sum per layer: [68219.0, 33009.140625, 4406.203125]
alpha/beta optimization time: 1.500413417816162
pruning_in_iteration open status: False
ratio of positive domain = 468 / 8192 = 0.05712890625
pruning-in-iteration extra time: 5.555152893066406e-05
Time: get_branching_decision.update_bounds 0.0232    pickout 0.4259    branching_decision 0.0011    decision 0.0011    set_bounds 0.1834    prepare 0.2212    transfer 0.0001    finalize 0.4407    func 3.4580    solve 3.4464    add 0.0494    bab_iteration 4.1207    
Accumulated time: get_branching_decision.update_bounds 0.0232    bab_iteration 47.7387    pickout 6.2478    decision 0.0158    branching_decision 0.0153    set_bounds 2.4238    solve 38.3675    func 41.8244    prepare 2.6996    transfer 0.0018    finalize 5.9363    add 1.1856    
max lb 0.09183841943740845 min lb -1.0211222171783447
Number of Verified Splits: 474 of 8192
Current worst splitting domains lb-rhs (depth):
-1.26603 (19), -1.26250 (21), -1.26122 (22), -1.25930 (19), -1.25800 (21), -1.25687 (21), -1.24764 (23), -1.24654 (23), -1.24153 (21), -1.24089 (22), -1.24023 (21), -1.24015 (22), -1.23997 (21), -1.23951 (21), -1.23352 (21), -1.23194 (22), -1.23127 (21), -1.22834 (22), -1.22580 (21), -1.22535 (22), 
Current (lb-rhs): -1.26603364944458
100186 domains visited
Length of domains: 44817
Cumulative time: 52.11108469963074

BaB round 24
batch: 4096
splitting decisions: 
split level 0: [/23, 5988] [/input, 3608] [/input, 2645] [/input, 5134] [/input, 5727] [/input, 3428] [/input, 266] [/input, 266] [/input, 5149] [/input, 2839] 
best_l after optimization: -2109.03125
beta sum per layer: [74380.1640625, 36243.8671875, 4386.00048828125]
alpha/beta optimization time: 1.5050761699676514
pruning_in_iteration open status: False
ratio of positive domain = 566 / 8192 = 0.069091796875
pruning-in-iteration extra time: 5.817413330078125e-05
Time: get_branching_decision.update_bounds 0.0232    pickout 0.4523    branching_decision 0.0011    decision 0.0011    set_bounds 0.1842    prepare 0.2391    transfer 0.0001    finalize 0.4453    func 3.5031    solve 3.4581    add 0.2509    bab_iteration 4.3265    
Accumulated time: get_branching_decision.update_bounds 0.0232    bab_iteration 52.0652    pickout 6.7001    decision 0.0169    branching_decision 0.0164    set_bounds 2.6080    solve 41.8256    func 45.3275    prepare 2.9387    transfer 0.0019    finalize 6.3817    add 1.4365    
max lb 0.06913888454437256 min lb -1.0058231353759766
Number of Verified Splits: 577 of 8192
Current worst splitting domains lb-rhs (depth):
-1.26603 (19), -1.26250 (21), -1.26122 (22), -1.25930 (19), -1.25800 (21), -1.25687 (21), -1.24764 (23), -1.24654 (23), -1.24153 (21), -1.24089 (22), -1.24023 (21), -1.24015 (22), -1.23997 (21), -1.23951 (21), -1.23352 (21), -1.23194 (22), -1.23127 (21), -1.22834 (22), -1.22580 (21), -1.22535 (22), 
Current (lb-rhs): -1.26603364944458
108378 domains visited
Length of domains: 48336
Time out!!!!!!!!
Result: unknown in 62.7444 seconds

 %%%%%%%%%%%%%%%%%%%%%%%%%%%%%%%%%%% idx: 3, vnnlib ID: 3 %%%%%%%%%%%%%%%%%%%%%%%%%%%%%%%%%%%
Finished vnnlib processing in 0.001676 seconds
Model: BoundedModule(
  (/input-1): BoundInput(name=/input-1, inputs=[], perturbed=True)
  (/shape): BoundBuffers(name=/shape, inputs=[], perturbed=False)
  (/10): BoundParams(name=/10, inputs=[], perturbed=False)
  (/11): BoundParams(name=/11, inputs=[], perturbed=False)
  (/12): BoundParams(name=/12, inputs=[], perturbed=False)
  (/13): BoundParams(name=/13, inputs=[], perturbed=False)
  (/14): BoundParams(name=/14, inputs=[], perturbed=False)
  (/15): BoundParams(name=/15, inputs=[], perturbed=False)
  (/16): BoundParams(name=/16, inputs=[], perturbed=False)
  (/17): BoundParams(name=/17, inputs=[], perturbed=False)
  (/input): BoundConv(name=/input, inputs=[/input-1, /10, /11], perturbed=True)
  (/input-4): BoundRelu(name=/input-4, inputs=[/input], perturbed=True)
  (/tensor): BoundConv(name=/tensor, inputs=[/input-4, /12, /13], perturbed=True)
  (/21): BoundSplit(name=/21, inputs=[/tensor], perturbed=True)
  (/22): BoundSplit(name=/22, inputs=[/tensor], perturbed=True)
  (/23): BoundAdd(name=/23, inputs=[/21, /22], perturbed=True)
  (/24): BoundRelu(name=/24, inputs=[/23], perturbed=True)
  (/25): BoundSplit(name=/25, inputs=[/shape], perturbed=False)
  (/26): BoundSplit(name=/26, inputs=[/shape], perturbed=False)
  (/27): BoundConstant(name=/27, value=tensor([0], device='cuda:0'))
  (/28): BoundSqueeze(name=/28, inputs=[/25, /27], perturbed=False)
  (/29): BoundConstant(name=/29, value=tensor([0], device='cuda:0'))
  (/30): BoundSqueeze(name=/30, inputs=[/26, /29], perturbed=False)
  (/31): BoundConstant(name=/31, value=tensor([0], device='cuda:0'))
  (/32): BoundUnsqueeze(name=/32, inputs=[/28, /31], perturbed=False)
  (/33): BoundConstant(name=/33, value=tensor([0], device='cuda:0'))
  (/34): BoundUnsqueeze(name=/34, inputs=[/30, /33], perturbed=False)
  (/35): BoundConcat(name=/35, inputs=[/32, /34], perturbed=False)
  (/36): BoundReshape(name=/36, inputs=[/24, /35], perturbed=True)
  (/input-8): BoundLinear(name=/input-8, inputs=[/36, /14, /15], perturbed=True)
  (/38): BoundRelu(name=/38, inputs=[/input-8], perturbed=True)
  (/39): BoundLinear(name=/39, inputs=[/38, /16, /17], perturbed=True)
)
Original output in the first batch: tensor([[ 13.34669590, -13.53737545,   1.95782816,   1.93475866,  -1.80134821,
           5.67697096,   5.25120974,   2.18138456,   1.15733540,   0.68516707]],
       device='cuda:0')
Split layers:
Nonlinear functions:
   BoundRelu(name=/input-4, inputs=[/input], perturbed=True)
   BoundRelu(name=/24, inputs=[/23], perturbed=True)
   BoundRelu(name=/38, inputs=[/input-8], perturbed=True)
build batch [1/1]
layer /input-4 using sparse-features alpha with shape [1383]; unstable size 1383; total size 6272 ([1, 8, 28, 28])
layer /input-4 start_node /23 using full alpha [2, 6272, 1, 1383] with unstable size None total_size 6272 output_shape torch.Size([8, 28, 28])
layer /input-4 start_node /input-8 using sparse-spec alpha [2, 7, 1, 1383] with unstable size 6 total_size 64 output_shape torch.Size([64])
layer /input-4 start_node /39 using full alpha [2, 9, 1, 1383] with unstable size None total_size 9 output_shape 9
layer /24 using sparse-features alpha with shape [1717]; unstable size 1717; total size 6272 ([1, 8, 28, 28])
layer /24 start_node /input-8 using sparse-spec alpha [2, 7, 1, 1717] with unstable size 6 total_size 64 output_shape torch.Size([64])
layer /24 start_node /39 using full alpha [2, 9, 1, 1717] with unstable size None total_size 9 output_shape 9
layer /38 using sparse-features alpha with shape [6]; unstable size 6; total size 64 ([1, 64])
layer /38 start_node /39 using full alpha [2, 9, 1, 6] with unstable size None total_size 9 output_shape 9
Optimizable variables initialized.
initial CROWN bounds (first 10 items): [20.539020538330078, 5.184427261352539, 5.400660037994385, 9.196352005004883, 3.8398618698120117, 3.208193302154541, 4.402162551879883, 7.879769325256348, 6.731406211853027]
Verified with initial CROWN!
verified with init bound!
Result: safe-incomplete in 0.1804 seconds

 %%%%%%%%%%%%%%%%%%%%%%%%%%%%%%%%%%% idx: 4, vnnlib ID: 4 %%%%%%%%%%%%%%%%%%%%%%%%%%%%%%%%%%%
Finished vnnlib processing in 0.001467 seconds
Model: BoundedModule(
  (/input-1): BoundInput(name=/input-1, inputs=[], perturbed=True)
  (/shape): BoundBuffers(name=/shape, inputs=[], perturbed=False)
  (/10): BoundParams(name=/10, inputs=[], perturbed=False)
  (/11): BoundParams(name=/11, inputs=[], perturbed=False)
  (/12): BoundParams(name=/12, inputs=[], perturbed=False)
  (/13): BoundParams(name=/13, inputs=[], perturbed=False)
  (/14): BoundParams(name=/14, inputs=[], perturbed=False)
  (/15): BoundParams(name=/15, inputs=[], perturbed=False)
  (/16): BoundParams(name=/16, inputs=[], perturbed=False)
  (/17): BoundParams(name=/17, inputs=[], perturbed=False)
  (/input): BoundConv(name=/input, inputs=[/input-1, /10, /11], perturbed=True)
  (/input-4): BoundRelu(name=/input-4, inputs=[/input], perturbed=True)
  (/tensor): BoundConv(name=/tensor, inputs=[/input-4, /12, /13], perturbed=True)
  (/21): BoundSplit(name=/21, inputs=[/tensor], perturbed=True)
  (/22): BoundSplit(name=/22, inputs=[/tensor], perturbed=True)
  (/23): BoundAdd(name=/23, inputs=[/21, /22], perturbed=True)
  (/24): BoundRelu(name=/24, inputs=[/23], perturbed=True)
  (/25): BoundSplit(name=/25, inputs=[/shape], perturbed=False)
  (/26): BoundSplit(name=/26, inputs=[/shape], perturbed=False)
  (/27): BoundConstant(name=/27, value=tensor([0], device='cuda:0'))
  (/28): BoundSqueeze(name=/28, inputs=[/25, /27], perturbed=False)
  (/29): BoundConstant(name=/29, value=tensor([0], device='cuda:0'))
  (/30): BoundSqueeze(name=/30, inputs=[/26, /29], perturbed=False)
  (/31): BoundConstant(name=/31, value=tensor([0], device='cuda:0'))
  (/32): BoundUnsqueeze(name=/32, inputs=[/28, /31], perturbed=False)
  (/33): BoundConstant(name=/33, value=tensor([0], device='cuda:0'))
  (/34): BoundUnsqueeze(name=/34, inputs=[/30, /33], perturbed=False)
  (/35): BoundConcat(name=/35, inputs=[/32, /34], perturbed=False)
  (/36): BoundReshape(name=/36, inputs=[/24, /35], perturbed=True)
  (/input-8): BoundLinear(name=/input-8, inputs=[/36, /14, /15], perturbed=True)
  (/38): BoundRelu(name=/38, inputs=[/input-8], perturbed=True)
  (/39): BoundLinear(name=/39, inputs=[/38, /16, /17], perturbed=True)
)
Original output in the first batch: tensor([[-0.59063834, -5.65829182,  2.45050716, -1.02024698,  6.95339012,
          1.11910069, -0.88829160,  3.55127597,  1.19224513,  3.18715358]],
       device='cuda:0')
Split layers:
Nonlinear functions:
   BoundRelu(name=/input-4, inputs=[/input], perturbed=True)
   BoundRelu(name=/24, inputs=[/23], perturbed=True)
   BoundRelu(name=/38, inputs=[/input-8], perturbed=True)
build batch [1/1]
layer /input-4 using sparse-features alpha with shape [1529]; unstable size 1529; total size 6272 ([1, 8, 28, 28])
layer /input-4 start_node /23 using full alpha [2, 6272, 1, 1529] with unstable size None total_size 6272 output_shape torch.Size([8, 28, 28])
layer /input-4 start_node /input-8 using sparse-spec alpha [2, 10, 1, 1529] with unstable size 9 total_size 64 output_shape torch.Size([64])
layer /input-4 start_node /39 using full alpha [2, 9, 1, 1529] with unstable size None total_size 9 output_shape 9
layer /24 using sparse-features alpha with shape [2016]; unstable size 2016; total size 6272 ([1, 8, 28, 28])
layer /24 start_node /input-8 using sparse-spec alpha [2, 10, 1, 2016] with unstable size 9 total_size 64 output_shape torch.Size([64])
layer /24 start_node /39 using full alpha [2, 9, 1, 2016] with unstable size None total_size 9 output_shape 9
layer /38 using sparse-features alpha with shape [9]; unstable size 9; total size 64 ([1, 64])
layer /38 start_node /39 using full alpha [2, 9, 1, 9] with unstable size None total_size 9 output_shape 9
Optimizable variables initialized.
initial CROWN bounds (first 10 items): [1.9981797933578491, 7.670841693878174, -1.2797536849975586, 1.430912971496582, 0.8690598011016846, 1.6830060482025146, -1.442970633506775, 0.7121415138244629, -0.19004616141319275]
prune_after_crown optimization in use
  original spec size = torch.Size([1, 9])
  pruned spec size = torch.Size([1, 3])
Using alpha-CROWN to initialize bounds.
best_l after optimization: -2.3360812664031982
alpha/beta optimization time: 5.459001779556274
initial alpha-crown bounds (first 10 items): [-1.0616803169250488, -1.2807509899139404, 0.00634998083114624]
Global lower bound: -1.2807509899139404
7 / 9 OR specs are verified.
Verified OR indices (first 10 items): [0, 1, 3, 4, 5, 7, 8]
Verified OR lbs (first 10 items): [[inf], [inf], [inf], [inf], [inf], [inf], [0.00634998083114624]]
Unverified OR indices (first 10 items): [2, 6]
Unverified OR lbs (first 10 items): [[-1.0616803169250488], [-1.2807509899139404]]
###### Verifying property Instance 4 ######
Batch size: 2
First 10 spec matrices
C: tensor([[[ 0.,  0., -1.,  0.,  1.,  0.,  0.,  0.,  0.,  0.]],

        [[ 0.,  0.,  0.,  0.,  1.,  0.,  0., -1.,  0.,  0.]]], device='cuda:0')
RHS: tensor([[0.],
        [0.]], device='cuda:0')
OR spec sizes: tensor([1, 1], device='cuda:0', dtype=torch.int32)
Remaining timeout: 54.26576018333435
Model prediction is: tensor([-0.59063834, -5.65829182,  2.45050716, -1.02024698,  6.95339012,
         1.11910069, -0.88829160,  3.55127597,  1.19224513,  3.18715358],
       device='cuda:0')
Activation BaB batch 1/1 
build_with_refined_bounds batch [1/1]
Optimizable variables initialized.
all alpha initialized
directly get lb and ub from refined bounds
c shape: torch.Size([2, 1, 10])
lA shapes: [torch.Size([2, 1, 8, 28, 28]), torch.Size([2, 1, 8, 28, 28]), torch.Size([2, 1, 64])]
(alpha-)CROWN with fixed intermediate bounds: tensor([[-1.06168032],
        [-1.28075099]], device='cuda:0') tensor([[inf],
        [inf]], device='cuda:0')
Intermediate layers: /input,/23,/input-8
Keeping alphas for these layers: ['/39']
Node /input-4 input 0: size torch.Size([8, 28, 28]) unstable 1529
Node /24 input 0: size torch.Size([8, 28, 28]) unstable 2000
Node /38 input 0: size torch.Size([64]) unstable 9
-----------------
# of unstable neurons: 3538
-----------------

BaB round 1
batch: 2
splitting decisions: 
split level 0: [/input-8, 57] [/input-8, 28] 
split level 1: [/input-8, 26] [/input-8, 57] 
split level 2: [/input-8, 22] [/input-8, 22] 
split level 3: [/input-8, 17] [/input-8, 26] 
split level 4: [/input-8, 10] [/input, 2782] 
split level 5: [/input, 4462] [/input, 2783] 
best_l after optimization: -18.104921340942383
beta sum per layer: [25.578908920288086, 0.0, 18.228246688842773]
alpha/beta optimization time: 0.1881868839263916
pruning_in_iteration open status: True
ratio of positive domain = 94 / 128 = 0.734375
pruning-in-iteration extra time: 0.019094228744506836
Time: get_branching_decision.update_bounds 0.0269    pickout 0.0012    branching_decision 0.0001    decision 0.0001    set_bounds 0.0082    prepare 0.0020    transfer 0.0000    finalize 0.0184    func 0.2302    
Accumulated time: get_branching_decision.update_bounds 0.0269    bab_iteration 0.0000    pickout 0.0012    decision 0.0001    branching_decision 0.0001    set_bounds 0.0082    solve 0.0000    func 0.2302    prepare 0.0020    transfer 0.0000    finalize 0.0184    
max lb 9.999999747378752e-05 min lb -1.0692756175994873
Number of Verified Splits: 94 of 128
Current worst splitting domains lb-rhs (depth):
-1.06928 (6), -0.98450 (6), -0.98393 (6), -0.92824 (6), -0.90311 (6), -0.89099 (6), -0.86762 (6), -0.85448 (6), -0.82536 (6), -0.82364 (6), -0.64786 (6), -0.59696 (6), -0.56202 (6), -0.53508 (6), -0.53267 (6), -0.51863 (6), -0.50162 (6), -0.45867 (6), -0.45333 (6), -0.45137 (6), 
Current (lb-rhs): -1.0692756175994873
128 domains visited
Length of domains: 34
Cumulative time: 0.4604346752166748

BaB round 2
batch: 34
splitting decisions: 
split level 0: [/input, 4635] [/input, 4635] [/input, 2512] [/input, 2512] [/input, 4635] [/input, 4635] [/input, 4179] [/input, 4179] [/input, 4635] [/input, 4635] 
split level 1: [/input, 2785] [/input, 2785] [/input, 2784] [/input, 2784] [/input, 2785] [/input, 2785] [/input, 4152] [/input, 2785] [/input, 2785] [/input, 2785] 
best_l after optimization: -60.41658020019531
beta sum per layer: [223.0780029296875, 0.0, 78.82856750488281]
alpha/beta optimization time: 0.1361982822418213
pruning_in_iteration open status: False
ratio of positive domain = 13 / 136 = 0.09558823529411764
pruning-in-iteration extra time: 6.794929504394531e-05
Time: get_branching_decision.update_bounds 0.0269    pickout 0.0263    branching_decision 0.0001    decision 0.0001    set_bounds 0.0046    prepare 0.0034    transfer 0.0000    finalize 0.0223    func 0.1898    solve 0.2302    add 0.1394    bab_iteration 0.3898    
Accumulated time: get_branching_decision.update_bounds 0.0269    bab_iteration 0.3898    pickout 0.0275    decision 0.0003    branching_decision 0.0002    set_bounds 0.0128    solve 0.2302    func 0.4199    prepare 0.0053    transfer 0.0001    finalize 0.0407    add 0.1394    
max lb 0.061733245849609375 min lb -1.0654113292694092
Number of Verified Splits: 13 of 136
Current worst splitting domains lb-rhs (depth):
-1.06541 (8), -1.05362 (8), -1.00024 (8), -0.99020 (8), -0.97958 (8), -0.96865 (8), -0.96591 (8), -0.95547 (8), -0.90224 (8), -0.90207 (8), -0.89765 (8), -0.89205 (8), -0.89196 (8), -0.89115 (8), -0.88173 (8), -0.88133 (8), -0.88049 (8), -0.87425 (8), -0.87106 (8), -0.86383 (8), 
Current (lb-rhs): -1.0654113292694092
264 domains visited
Length of domains: 123
Cumulative time: 0.6872420310974121

BaB round 3
batch: 123
splitting decisions: 
split level 0: [/input, 2540] [/input, 4635] [/input, 4152] [/input, 4152] [/input, 4635] [/input, 4635] [/input, 2540] [/input, 4635] [/input, 4152] [/input, 4152] 
best_l after optimization: -112.11862182617188
beta sum per layer: [485.8846435546875, 0.0, 126.26811981201172]
alpha/beta optimization time: 0.13842272758483887
pruning_in_iteration open status: False
ratio of positive domain = 10 / 246 = 0.04065040650406504
pruning-in-iteration extra time: 5.459785461425781e-05
Time: get_branching_decision.update_bounds 0.0269    pickout 0.0128    branching_decision 0.0001    decision 0.0001    set_bounds 0.0060    prepare 0.0058    transfer 0.0000    finalize 0.0118    func 0.1943    solve 0.1898    add 0.0057    bab_iteration 0.2268    
Accumulated time: get_branching_decision.update_bounds 0.0269    bab_iteration 0.6166    pickout 0.0403    decision 0.0004    branching_decision 0.0003    set_bounds 0.0188    solve 0.4200    func 0.6143    prepare 0.0111    transfer 0.0001    finalize 0.0525    add 0.1452    
max lb 0.018518686294555664 min lb -1.063571572303772
Number of Verified Splits: 10 of 246
Current worst splitting domains lb-rhs (depth):
-1.06357 (9), -1.05182 (9), -1.01235 (9), -1.00060 (9), -0.99795 (9), -0.98605 (9), -0.97581 (9), -0.96407 (9), -0.96361 (9), -0.95182 (9), -0.94672 (9), -0.93479 (9), -0.92818 (9), -0.91650 (9), -0.91238 (9), -0.90059 (9), -0.89776 (9), -0.89755 (9), -0.89255 (9), -0.88884 (9), 
Current (lb-rhs): -1.063571572303772
510 domains visited
Length of domains: 236
Cumulative time: 0.9029278755187988

BaB round 4
batch: 236
splitting decisions: 
split level 0: [/input, 4635] [/input, 2540] [/input, 2511] [/input, 2511] [/input, 2785] [/input, 4152] [/input, 4635] [/input, 2540] [/input, 2511] [/input, 2511] 
best_l after optimization: -210.25637817382812
beta sum per layer: [1046.906494140625, 0.0, 234.7222900390625]
alpha/beta optimization time: 0.13629388809204102
pruning_in_iteration open status: False
ratio of positive domain = 14 / 472 = 0.029661016949152574
pruning-in-iteration extra time: 7.462501525878906e-05
Time: get_branching_decision.update_bounds 0.0269    pickout 0.0216    branching_decision 0.0002    decision 0.0002    set_bounds 0.0110    prepare 0.0105    transfer 0.0001    finalize 0.0210    func 0.2306    solve 0.1944    add 0.0021    bab_iteration 0.2157    
Accumulated time: get_branching_decision.update_bounds 0.0269    bab_iteration 0.8323    pickout 0.0619    decision 0.0006    branching_decision 0.0005    set_bounds 0.0298    solve 0.6144    func 0.8449    prepare 0.0216    transfer 0.0002    finalize 0.0735    add 0.1473    
max lb 0.04252803325653076 min lb -1.0623831748962402
Number of Verified Splits: 14 of 472
Current worst splitting domains lb-rhs (depth):
-1.06238 (10), -1.05051 (10), -1.01053 (10), -0.99866 (10), -0.99588 (10), -0.99278 (10), -0.98667 (10), -0.98415 (10), -0.97336 (10), -0.96194 (10), -0.96135 (10), -0.95011 (10), -0.94413 (10), -0.94093 (10), -0.93481 (10), -0.93231 (10), -0.92638 (10), -0.92496 (10), -0.92379 (10), -0.92056 (10), 
Current (lb-rhs): -1.0623831748962402
982 domains visited
Length of domains: 458
Cumulative time: 1.1713147163391113

BaB round 5
batch: 458
splitting decisions: 
split level 0: [/input, 2511] [/input, 2511] [/input, 2512] [/input, 2512] [/input, 2784] [/input, 2784] [/input, 2511] [/input, 2511] [/input, 2512] [/input, 2512] 
best_l after optimization: -392.3092956542969
beta sum per layer: [2224.232666015625, 0.0, 449.89093017578125]
alpha/beta optimization time: 0.15662646293640137
pruning_in_iteration open status: False
ratio of positive domain = 34 / 916 = 0.037117903930131035
pruning-in-iteration extra time: 5.2928924560546875e-05
Time: get_branching_decision.update_bounds 0.0269    pickout 0.0402    branching_decision 0.0002    decision 0.0003    set_bounds 0.0209    prepare 0.0198    transfer 0.0001    finalize 0.0387    func 0.3580    solve 0.2307    add 0.0047    bab_iteration 0.2684    
Accumulated time: get_branching_decision.update_bounds 0.0269    bab_iteration 1.1006    pickout 0.1021    decision 0.0008    branching_decision 0.0007    set_bounds 0.0507    solve 0.8451    func 1.2029    prepare 0.0413    transfer 0.0003    finalize 0.1122    add 0.1519    
max lb 0.055735111236572266 min lb -1.061306118965149
Number of Verified Splits: 34 of 916
Current worst splitting domains lb-rhs (depth):
-1.06131 (11), -1.04946 (11), -1.00882 (11), -0.99691 (11), -0.99429 (11), -0.99091 (11), -0.98501 (11), -0.98244 (11), -0.97105 (11), -0.95923 (11), -0.95893 (11), -0.94743 (11), -0.94157 (11), -0.93846 (11), -0.93251 (11), -0.92999 (11), -0.92938 (11), -0.92370 (11), -0.92216 (11), -0.92084 (11), 
Current (lb-rhs): -1.061306118965149
1898 domains visited
Length of domains: 882
Cumulative time: 1.5995750427246094

BaB round 6
batch: 882
splitting decisions: 
split level 0: [/input, 2785] [/input, 2785] [/input, 2784] [/input, 2784] [/input, 2512] [/input, 2512] [/input, 2785] [/input, 2785] [/input, 2784] [/input, 2784] 
best_l after optimization: -733.0289916992188
beta sum per layer: [4774.5068359375, 0.0, 829.2303466796875]
alpha/beta optimization time: 0.29700469970703125
pruning_in_iteration open status: False
ratio of positive domain = 64 / 1764 = 0.03628117913832196
pruning-in-iteration extra time: 5.3882598876953125e-05
Time: get_branching_decision.update_bounds 0.0269    pickout 0.0745    branching_decision 0.0004    decision 0.0005    set_bounds 0.0394    prepare 0.0386    transfer 0.0001    finalize 0.0676    func 0.6500    solve 0.3581    add 0.0084    bab_iteration 0.4283    
Accumulated time: get_branching_decision.update_bounds 0.0269    bab_iteration 1.5289    pickout 0.1766    decision 0.0013    branching_decision 0.0012    set_bounds 0.0901    solve 1.2032    func 1.8529    prepare 0.0800    transfer 0.0003    finalize 0.1798    add 0.1604    
max lb 0.056104183197021484 min lb -1.059899091720581
Number of Verified Splits: 64 of 1764
Current worst splitting domains lb-rhs (depth):
-1.05990 (12), -1.04794 (12), -1.01429 (12), -1.00677 (12), -1.00243 (12), -0.99477 (12), -0.99209 (12), -0.98949 (12), -0.98368 (12), -0.98039 (12), -0.96864 (12), -0.96131 (12), -0.95737 (12), -0.95662 (12), -0.94921 (12), -0.94650 (12), -0.94534 (12), -0.94387 (12), -0.93885 (12), -0.93842 (12), 
Current (lb-rhs): -1.059899091720581
3662 domains visited
Length of domains: 1700
Cumulative time: 2.3791420459747314

BaB round 7
batch: 1700
splitting decisions: 
split level 0: [/input, 4152] [/input, 2541] [/input, 4179] [/input, 4179] [/input, 2540] [/input, 2540] [/input, 4152] [/input, 2541] [/input, 4179] [/input, 4179] 
best_l after optimization: -1368.5216064453125
beta sum per layer: [9990.724609375, 0.0, 1544.7493896484375]
alpha/beta optimization time: 0.613889217376709
pruning_in_iteration open status: False
ratio of positive domain = 151 / 3400 = 0.04441176470588237
pruning-in-iteration extra time: 6.270408630371094e-05
Time: get_branching_decision.update_bounds 0.0269    pickout 0.1412    branching_decision 0.0007    decision 0.0007    set_bounds 0.0754    prepare 0.0761    transfer 0.0001    finalize 0.1253    func 1.3636    solve 0.6500    add 0.0146    bab_iteration 0.7796    
Accumulated time: get_branching_decision.update_bounds 0.0269    bab_iteration 2.3085    pickout 0.3178    decision 0.0021    branching_decision 0.0019    set_bounds 0.1655    solve 1.8532    func 3.2166    prepare 0.1560    transfer 0.0004    finalize 0.3050    add 0.1749    
max lb 0.04480695724487305 min lb -1.0577157735824585
Number of Verified Splits: 155 of 3400
Current worst splitting domains lb-rhs (depth):
-1.05772 (13), -1.04610 (13), -1.04573 (13), -1.03414 (13), -1.01064 (13), -1.00859 (13), -1.00394 (13), -0.99869 (13), -0.99688 (13), -0.99232 (13), -0.99204 (13), -0.98919 (13), -0.98732 (13), -0.98154 (13), -0.98052 (13), -0.97760 (13), -0.97757 (13), -0.97598 (13), -0.97040 (13), -0.96598 (13), 
Current (lb-rhs): -1.0577157735824585
7062 domains visited
Length of domains: 3245
Cumulative time: 3.9850986003875732

BaB round 8
batch: 2048
splitting decisions: 
split level 0: [/input, 2541] [/input, 4636] [/input, 2540] [/23, 3816] [/input, 2511] [/input, 4431] [/input, 2511] [/input, 2541] [/input, 4636] [/input, 2540] 
best_l after optimization: -1573.412841796875
beta sum per layer: [13273.4892578125, 259.08953857421875, 1724.6805419921875]
alpha/beta optimization time: 0.7446582317352295
pruning_in_iteration open status: False
ratio of positive domain = 262 / 4096 = 0.06396484375
pruning-in-iteration extra time: 7.843971252441406e-05
Time: get_branching_decision.update_bounds 0.0269    pickout 0.1686    branching_decision 0.0007    decision 0.0008    set_bounds 0.0829    prepare 0.0954    transfer 0.0001    finalize 0.1501    func 1.6158    solve 1.3637    add 0.0241    bab_iteration 1.6060    
Accumulated time: get_branching_decision.update_bounds 0.0269    bab_iteration 3.9144    pickout 0.4864    decision 0.0028    branching_decision 0.0026    set_bounds 0.2484    solve 3.2169    func 4.8324    prepare 0.2514    transfer 0.0005    finalize 0.4552    add 0.1990    
max lb 0.05360829830169678 min lb -1.0436640977859497
Number of Verified Splits: 270 of 4096
Current worst splitting domains lb-rhs (depth):
-1.05772 (13), -1.04573 (13), -1.04366 (14), -1.03249 (14), -1.03173 (14), -1.02056 (14), -1.01064 (13), -1.00597 (14), -1.00394 (13), -1.00265 (14), -0.99869 (13), -0.99409 (14), -0.99204 (13), -0.99083 (14), -0.98935 (14), -0.98919 (13), -0.98732 (13), -0.98154 (13), -0.97817 (14), -0.97760 (13), 
Current (lb-rhs): -1.0577157735824585
11158 domains visited
Length of domains: 5023
current_vram/total_varm: 18.1GB/47.7GB, batch_size increase to 4096
Cumulative time: 5.885160684585571

BaB round 9
batch: 4096
splitting decisions: 
split level 0: [/input, 2541] [/input, 2541] [/input, 2540] [/23, 3816] [/input, 2511] [/input, 4431] [/input, 2511] [/input, 2541] [/input, 4152] [/input, 2540] 
best_l after optimization: -3218.701171875
beta sum per layer: [28059.2265625, 1067.648193359375, 3259.66259765625]
alpha/beta optimization time: 1.4804017543792725
pruning_in_iteration open status: False
ratio of positive domain = 365 / 8192 = 0.0445556640625
pruning-in-iteration extra time: 6.651878356933594e-05
Time: get_branching_decision.update_bounds 0.0269    pickout 0.3460    branching_decision 0.0014    decision 0.0014    set_bounds 0.3587    prepare 0.1981    transfer 0.0002    finalize 0.5328    func 3.1504    solve 1.6159    add 0.0309    bab_iteration 1.9001    
Accumulated time: get_branching_decision.update_bounds 0.0269    bab_iteration 5.8145    pickout 0.8324    decision 0.0042    branching_decision 0.0040    set_bounds 0.6071    solve 4.8328    func 7.9827    prepare 0.4495    transfer 0.0007    finalize 0.9879    add 0.2299    
max lb 0.04955649375915527 min lb -1.0404160022735596
Number of Verified Splits: 384 of 8192
Current worst splitting domains lb-rhs (depth):
-1.05772 (13), -1.04573 (13), -1.04042 (15), -1.02904 (15), -1.02841 (15), -1.02453 (15), -1.01704 (15), -1.01311 (15), -1.01252 (15), -1.00676 (14), -1.00587 (14), -1.00394 (13), -1.00301 (15), -1.00109 (15), -0.99963 (15), -0.99477 (14), -0.99402 (14), -0.99204 (13), -0.99110 (15), -0.98919 (13), 
Current (lb-rhs): -1.0577157735824585
19350 domains visited
Length of domains: 8735
Cumulative time: 9.799384832382202

BaB round 10
batch: 4096
splitting decisions: 
split level 0: [/input, 2864] [/input, 2806] [/input, 4636] [/input, 3422] [/input, 4471] [/input, 3422] [/23, 3816] [/input, 4636] [/input, 3422] [/input, 3422] 
best_l after optimization: -3165.567626953125
beta sum per layer: [32044.4921875, 2371.49951171875, 2998.76904296875]
alpha/beta optimization time: 1.479353666305542
pruning_in_iteration open status: False
ratio of positive domain = 504 / 8192 = 0.0615234375
pruning-in-iteration extra time: 9.751319885253906e-05
Time: get_branching_decision.update_bounds 0.0269    pickout 0.3420    branching_decision 0.0012    decision 0.0012    set_bounds 0.1759    prepare 0.1970    transfer 0.0001    finalize 0.3498    func 3.1539    solve 3.1504    add 0.0546    bab_iteration 3.9142    
Accumulated time: get_branching_decision.update_bounds 0.0269    bab_iteration 9.7287    pickout 1.1744    decision 0.0054    branching_decision 0.0051    set_bounds 0.7830    solve 7.9832    func 11.1366    prepare 0.6465    transfer 0.0008    finalize 1.3377    add 0.2845    
max lb 0.05067664384841919 min lb -1.017372488975525
Number of Verified Splits: 532 of 8192
Current worst splitting domains lb-rhs (depth):
-1.05772 (13), -1.04573 (13), -1.04042 (15), -1.02904 (15), -1.02841 (15), -1.01737 (16), -1.01704 (15), -1.00707 (16), -1.00676 (14), -1.00554 (16), -1.00540 (16), -1.00394 (13), -1.00301 (15), -1.00294 (15), -0.99963 (15), -0.99646 (16), -0.99528 (16), -0.99477 (14), -0.99359 (16), -0.99204 (13), 
Current (lb-rhs): -1.0577157735824585
27542 domains visited
Length of domains: 12299
Cumulative time: 13.783079624176025

BaB round 11
batch: 4096
splitting decisions: 
split level 0: [/input, 2698] [/input, 2806] [/input, 4636] [/input, 2806] [/input, 2541] [/23, 3816] [/input, 4636] [/input, 2806] [/input, 4499] [/input, 2541] 
best_l after optimization: -3214.76513671875
beta sum per layer: [34129.546875, 4012.1611328125, 2660.720947265625]
alpha/beta optimization time: 1.4773836135864258
pruning_in_iteration open status: False
ratio of positive domain = 716 / 8192 = 0.08740234375
pruning-in-iteration extra time: 6.031990051269531e-05
Time: get_branching_decision.update_bounds 0.0269    pickout 0.5713    branching_decision 0.0011    decision 0.0012    set_bounds 0.1757    prepare 0.1990    transfer 0.0001    finalize 0.3166    func 3.1064    solve 3.1539    add 0.2981    bab_iteration 3.9837    
Accumulated time: get_branching_decision.update_bounds 0.0269    bab_iteration 13.7124    pickout 1.7458    decision 0.0066    branching_decision 0.0063    set_bounds 0.9587    solve 11.1371    func 14.2430    prepare 0.8456    transfer 0.0009    finalize 1.6543    add 0.5826    
max lb 0.05179405212402344 min lb -1.0030698776245117
Number of Verified Splits: 737 of 8192
Current worst splitting domains lb-rhs (depth):
-1.05772 (13), -1.04573 (13), -1.04042 (15), -1.02904 (15), -1.02841 (15), -1.01737 (16), -1.01704 (15), -1.00676 (14), -1.00554 (16), -1.00540 (16), -1.00394 (13), -1.00307 (17), -1.00301 (15), -1.00294 (15), -0.99963 (15), -0.99477 (14), -0.99359 (16), -0.99221 (17), -0.99204 (13), -0.99147 (17), 
Current (lb-rhs): -1.0577157735824585
35734 domains visited
Length of domains: 15658
Cumulative time: 17.680166721343994

BaB round 12
batch: 4096
splitting decisions: 
split level 0: [/input, 2698] [/input, 4402] [/input, 2698] [/23, 2310] [/input, 3843] [/input, 2698] [/23, 2310] [/input, 2510] [/input, 2510] [/23, 2310] 
best_l after optimization: -3389.2265625
beta sum per layer: [36282.8359375, 4949.93017578125, 2219.26611328125]
alpha/beta optimization time: 1.4744420051574707
pruning_in_iteration open status: False
ratio of positive domain = 765 / 8192 = 0.0933837890625
pruning-in-iteration extra time: 5.888938903808594e-05
Time: get_branching_decision.update_bounds 0.0269    pickout 0.3494    branching_decision 0.0012    decision 0.0012    set_bounds 0.1791    prepare 0.4396    transfer 0.0001    finalize 0.3172    func 3.1147    solve 3.1064    add 0.0394    bab_iteration 3.8971    
Accumulated time: get_branching_decision.update_bounds 0.0269    bab_iteration 17.6095    pickout 2.0952    decision 0.0078    branching_decision 0.0074    set_bounds 1.1378    solve 14.2435    func 17.3577    prepare 1.2851    transfer 0.0010    finalize 1.9716    add 0.6220    
max lb 0.05171918869018555 min lb -0.969205379486084
Number of Verified Splits: 806 of 8192
Current worst splitting domains lb-rhs (depth):
-1.05772 (13), -1.04573 (13), -1.04042 (15), -1.02904 (15), -1.02841 (15), -1.01737 (16), -1.01704 (15), -1.00676 (14), -1.00554 (16), -1.00540 (16), -1.00394 (13), -1.00307 (17), -1.00301 (15), -1.00294 (15), -0.99963 (15), -0.99477 (14), -0.99359 (16), -0.99221 (17), -0.99204 (13), -0.99147 (17), 
Current (lb-rhs): -1.0577157735824585
43926 domains visited
Length of domains: 18948
Cumulative time: 21.39445447921753

BaB round 13
batch: 4096
splitting decisions: 
split level 0: [/input, 5638] [/input, 4636] [/input, 5357] [/23, 2750] [/23, 2310] [/input, 5357] [/23, 2750] [/input, 5638] [/input, 4636] [/input, 4636] 
best_l after optimization: -3717.97021484375
beta sum per layer: [38782.3359375, 4889.498046875, 1688.31591796875]
alpha/beta optimization time: 1.4754164218902588
pruning_in_iteration open status: False
ratio of positive domain = 578 / 8192 = 0.070556640625
pruning-in-iteration extra time: 8.034706115722656e-05
Time: get_branching_decision.update_bounds 0.0269    pickout 0.5931    branching_decision 0.0012    decision 0.0012    set_bounds 0.1428    prepare 0.2112    transfer 0.0001    finalize 0.6061    func 3.1954    solve 3.1148    add 0.0668    bab_iteration 3.7143    
Accumulated time: get_branching_decision.update_bounds 0.0269    bab_iteration 21.3237    pickout 2.6883    decision 0.0090    branching_decision 0.0086    set_bounds 1.2806    solve 17.3583    func 20.5531    prepare 1.4963    transfer 0.0011    finalize 2.5777    add 0.6887    
max lb 0.05352044105529785 min lb -0.9342827796936035
Number of Verified Splits: 607 of 8192
Current worst splitting domains lb-rhs (depth):
-1.05772 (13), -1.04573 (13), -1.04042 (15), -1.02904 (15), -1.02841 (15), -1.01737 (16), -1.01704 (15), -1.00676 (14), -1.00554 (16), -1.00540 (16), -1.00394 (13), -1.00307 (17), -1.00301 (15), -1.00294 (15), -0.99963 (15), -0.99477 (14), -0.99359 (16), -0.99221 (17), -0.99204 (13), -0.99147 (17), 
Current (lb-rhs): -1.0577157735824585
52118 domains visited
Length of domains: 22437
Cumulative time: 25.381051063537598

BaB round 14
batch: 4096
splitting decisions: 
split level 0: [/input, 2541] [/input, 6031] [/input, 5419] [/input, 2541] [/input, 5419] [/input, 5357] [/input, 2541] [/input, 6031] [/input, 4636] [/input, 5357] 
best_l after optimization: -3947.93017578125
beta sum per layer: [40896.0234375, 5363.9248046875, 1197.610595703125]
alpha/beta optimization time: 1.4754836559295654
pruning_in_iteration open status: False
ratio of positive domain = 369 / 8192 = 0.0450439453125
pruning-in-iteration extra time: 5.7697296142578125e-05
Time: get_branching_decision.update_bounds 0.0269    pickout 0.3658    branching_decision 0.0012    decision 0.0012    set_bounds 0.1739    prepare 0.2184    transfer 0.0001    finalize 0.3861    func 3.3218    solve 3.1954    add 0.0505    bab_iteration 3.9866    
Accumulated time: get_branching_decision.update_bounds 0.0269    bab_iteration 25.3103    pickout 3.0541    decision 0.0102    branching_decision 0.0098    set_bounds 1.4545    solve 20.5538    func 23.8749    prepare 1.7147    transfer 0.0012    finalize 2.9638    add 0.7392    
max lb 0.04312396049499512 min lb -0.8749825358390808
Number of Verified Splits: 389 of 8192
Current worst splitting domains lb-rhs (depth):
-1.05772 (13), -1.04573 (13), -1.04042 (15), -1.02904 (15), -1.02841 (15), -1.01737 (16), -1.01704 (15), -1.00676 (14), -1.00554 (16), -1.00540 (16), -1.00394 (13), -1.00307 (17), -1.00301 (15), -1.00294 (15), -0.99963 (15), -0.99477 (14), -0.99359 (16), -0.99221 (17), -0.99204 (13), -0.99147 (17), 
Current (lb-rhs): -1.0577157735824585
60310 domains visited
Length of domains: 26144
Cumulative time: 29.29541778564453

BaB round 15
batch: 4096
splitting decisions: 
split level 0: [/23, 3365] [/input, 2643] [/input, 2698] [/23, 3365] [/input, 2698] [/23, 3365] [/input, 2643] [/input, 2698] [/23, 3365] [/input, 5446] 
best_l after optimization: -3877.0126953125
beta sum per layer: [42500.765625, 7104.302734375, 861.3397827148438]
alpha/beta optimization time: 1.4813258647918701
pruning_in_iteration open status: False
ratio of positive domain = 262 / 8192 = 0.031982421875
pruning-in-iteration extra time: 8.416175842285156e-05
Time: get_branching_decision.update_bounds 0.0269    pickout 0.3696    branching_decision 0.0011    decision 0.0011    set_bounds 0.1843    prepare 0.5380    transfer 0.0001    finalize 0.4047    func 3.5870    solve 3.3218    add 0.0475    bab_iteration 3.9144    
Accumulated time: get_branching_decision.update_bounds 0.0269    bab_iteration 29.2247    pickout 3.4237    decision 0.0113    branching_decision 0.0109    set_bounds 1.6389    solve 23.8756    func 27.4619    prepare 2.2528    transfer 0.0013    finalize 3.3685    add 0.7867    
max lb 0.04449915885925293 min lb -0.8444386124610901
Number of Verified Splits: 269 of 8192
Current worst splitting domains lb-rhs (depth):
-1.05772 (13), -1.04573 (13), -1.04042 (15), -1.02904 (15), -1.02841 (15), -1.01737 (16), -1.01704 (15), -1.00676 (14), -1.00554 (16), -1.00540 (16), -1.00394 (13), -1.00307 (17), -1.00301 (15), -1.00294 (15), -0.99963 (15), -0.99477 (14), -0.99359 (16), -0.99221 (17), -0.99204 (13), -0.99147 (17), 
Current (lb-rhs): -1.0577157735824585
68502 domains visited
Length of domains: 29971
Cumulative time: 33.48914813995361

BaB round 16
batch: 4096
splitting decisions: 
split level 0: [/input, 4636] [/input, 5419] [/input, 4636] [/input, 4043] [/input, 5419] [/input, 429] [/input, 5419] [/input, 4636] [/input, 4043] [/23, 1881] 
best_l after optimization: -3638.238525390625
beta sum per layer: [44820.73046875, 10472.60546875, 608.868408203125]
alpha/beta optimization time: 1.4829623699188232
pruning_in_iteration open status: False
ratio of positive domain = 106 / 8192 = 0.012939453125
pruning-in-iteration extra time: 6.008148193359375e-05
Time: get_branching_decision.update_bounds 0.0269    pickout 0.3763    branching_decision 0.0011    decision 0.0011    set_bounds 0.5253    prepare 0.2217    transfer 0.0001    finalize 0.4055    func 3.0908    solve 3.5871    add 0.0472    bab_iteration 4.1937    
Accumulated time: get_branching_decision.update_bounds 0.0269    bab_iteration 33.4184    pickout 3.8000    decision 0.0124    branching_decision 0.0120    set_bounds 2.1642    solve 27.4627    func 30.5527    prepare 2.4745    transfer 0.0014    finalize 3.7740    add 0.8339    
max lb 0.03272712230682373 min lb -0.8067809343338013
Number of Verified Splits: 111 of 8192
Current worst splitting domains lb-rhs (depth):
-1.05772 (13), -1.04573 (13), -1.04042 (15), -1.02904 (15), -1.02841 (15), -1.01737 (16), -1.01704 (15), -1.00676 (14), -1.00554 (16), -1.00540 (16), -1.00394 (13), -1.00307 (17), -1.00301 (15), -1.00294 (15), -0.99963 (15), -0.99477 (14), -0.99359 (16), -0.99221 (17), -0.99204 (13), -0.99147 (17), 
Current (lb-rhs): -1.0577157735824585
76694 domains visited
Length of domains: 33956
Cumulative time: 37.5823872089386

BaB round 17
batch: 4096
splitting decisions: 
split level 0: [/input, 2541] [/input, 5419] [/input, 4960] [/input, 5419] [/input, 4960] [/input, 2541] [/input, 5419] [/input, 4960] [/input, 5419] [/input, 4960] 
best_l after optimization: -3439.08544921875
beta sum per layer: [47495.3984375, 11567.009765625, 525.54541015625]
alpha/beta optimization time: 1.4811584949493408
pruning_in_iteration open status: False
ratio of positive domain = 66 / 8192 = 0.008056640625
pruning-in-iteration extra time: 7.510185241699219e-05
Time: get_branching_decision.update_bounds 0.0269    pickout 0.7625    branching_decision 0.0011    decision 0.0011    set_bounds 0.1858    prepare 0.2182    transfer 0.0001    finalize 0.4290    func 3.4694    solve 3.0908    add 0.0951    bab_iteration 4.0932    
Accumulated time: get_branching_decision.update_bounds 0.0269    bab_iteration 37.5117    pickout 4.5625    decision 0.0135    branching_decision 0.0130    set_bounds 2.3500    solve 30.5535    func 34.0221    prepare 2.6927    transfer 0.0015    finalize 4.2030    add 0.9290    
max lb 0.08392536640167236 min lb -0.7605504989624023
Number of Verified Splits: 69 of 8192
Current worst splitting domains lb-rhs (depth):
-1.05772 (13), -1.04573 (13), -1.04042 (15), -1.02904 (15), -1.02841 (15), -1.01737 (16), -1.01704 (15), -1.00676 (14), -1.00554 (16), -1.00540 (16), -1.00394 (13), -1.00307 (17), -1.00301 (15), -1.00294 (15), -0.99963 (15), -0.99477 (14), -0.99359 (16), -0.99221 (17), -0.99204 (13), -0.99147 (17), 
Current (lb-rhs): -1.0577157735824585
84886 domains visited
Length of domains: 37983
Cumulative time: 42.27757430076599

BaB round 18
batch: 4096
splitting decisions: 
split level 0: [/input, 5446] [/input, 4636] [/input, 2698] [/input, 4636] [/23, 2695] [/input, 5446] [/input, 4636] [/input, 2698] [/input, 4636] [/23, 2695] 
best_l after optimization: -3209.927978515625
beta sum per layer: [49570.4140625, 13392.240234375, 459.3564453125]
alpha/beta optimization time: 1.4813859462738037
pruning_in_iteration open status: False
ratio of positive domain = 54 / 8192 = 0.006591796875
pruning-in-iteration extra time: 7.82012939453125e-05
Time: get_branching_decision.update_bounds 0.0269    pickout 0.3815    branching_decision 0.0011    decision 0.0011    set_bounds 0.1655    prepare 0.2299    transfer 0.0001    finalize 0.8415    func 3.7660    solve 3.4695    add 0.2714    bab_iteration 4.6952    
Accumulated time: get_branching_decision.update_bounds 0.0269    bab_iteration 42.2068    pickout 4.9440    decision 0.0147    branching_decision 0.0141    set_bounds 2.5155    solve 34.0230    func 37.7881    prepare 2.9226    transfer 0.0016    finalize 5.0446    add 1.2004    
max lb 0.0399165153503418 min lb -0.7521929740905762
Number of Verified Splits: 57 of 8192
Current worst splitting domains lb-rhs (depth):
-1.05772 (13), -1.04573 (13), -1.04042 (15), -1.02904 (15), -1.02841 (15), -1.01737 (16), -1.01704 (15), -1.00676 (14), -1.00554 (16), -1.00540 (16), -1.00394 (13), -1.00307 (17), -1.00301 (15), -1.00294 (15), -0.99963 (15), -0.99477 (14), -0.99359 (16), -0.99221 (17), -0.99204 (13), -0.99147 (17), 
Current (lb-rhs): -1.0577157735824585
93078 domains visited
Length of domains: 42022
Cumulative time: 46.647820472717285

BaB round 19
batch: 4096
splitting decisions: 
split level 0: [/input, 3392] [/23, 1881] [/input, 3392] [/23, 3204] [/23, 1881] [/input, 4932] [/input, 2806] [/23, 2310] [/23, 3204] [/input, 2806] 
best_l after optimization: -2719.2783203125
beta sum per layer: [52732.5703125, 17964.533203125, 405.13079833984375]
alpha/beta optimization time: 1.4829685688018799
pruning_in_iteration open status: False
ratio of positive domain = 29 / 8192 = 0.0035400390625
pruning-in-iteration extra time: 7.104873657226562e-05
Time: get_branching_decision.update_bounds 0.0269    pickout 0.3920    branching_decision 0.0012    decision 0.0012    set_bounds 0.1833    prepare 0.2263    transfer 0.0001    finalize 0.8636    func 3.5567    solve 3.7661    add 0.0506    bab_iteration 4.3702    
Accumulated time: get_branching_decision.update_bounds 0.0269    bab_iteration 46.5771    pickout 5.3360    decision 0.0159    branching_decision 0.0153    set_bounds 2.6988    solve 37.7890    func 41.3448    prepare 3.1488    transfer 0.0017    finalize 5.9081    add 1.2509    
max lb 0.04577469825744629 min lb -0.6753057837486267
Number of Verified Splits: 31 of 8192
Current worst splitting domains lb-rhs (depth):
-1.05772 (13), -1.04573 (13), -1.04042 (15), -1.02904 (15), -1.02841 (15), -1.01737 (16), -1.01704 (15), -1.00676 (14), -1.00554 (16), -1.00540 (16), -1.00394 (13), -1.00307 (17), -1.00301 (15), -1.00294 (15), -0.99963 (15), -0.99477 (14), -0.99359 (16), -0.99221 (17), -0.99204 (13), -0.99147 (17), 
Current (lb-rhs): -1.0577157735824585
101270 domains visited
Length of domains: 46087
Cumulative time: 50.83662509918213

BaB round 20
batch: 4096
splitting decisions: 
split level 0: [/input, 3392] [/input, 2806] [/input, 4932] [/input, 371] [/input, 2806] [/input, 4932] [/input, 2806] [/input, 4932] [/input, 371] [/input, 2806] 
best_l after optimization: -2218.9951171875
beta sum per layer: [55385.140625, 23714.41796875, 377.8631591796875]
alpha/beta optimization time: 1.4814136028289795
pruning_in_iteration open status: False
ratio of positive domain = 9 / 8192 = 0.0010986328125
pruning-in-iteration extra time: 7.891654968261719e-05
Time: get_branching_decision.update_bounds 0.0269    pickout 0.3924    branching_decision 0.0012    decision 0.0012    set_bounds 0.1834    prepare 0.2271    transfer 0.0001    finalize 0.8270    func 3.5125    solve 3.5567    add 0.0501    bab_iteration 4.1888    
Accumulated time: get_branching_decision.update_bounds 0.0269    bab_iteration 50.7659    pickout 5.7284    decision 0.0171    branching_decision 0.0165    set_bounds 2.8822    solve 41.3458    func 44.8573    prepare 3.3759    transfer 0.0018    finalize 6.7351    add 1.3010    
max lb 0.04419112205505371 min lb -0.6576035022735596
Number of Verified Splits: 9 of 8192
Current worst splitting domains lb-rhs (depth):
-1.05772 (13), -1.04573 (13), -1.04042 (15), -1.02904 (15), -1.02841 (15), -1.01737 (16), -1.01704 (15), -1.00676 (14), -1.00554 (16), -1.00540 (16), -1.00394 (13), -1.00307 (17), -1.00301 (15), -1.00294 (15), -0.99963 (15), -0.99477 (14), -0.99359 (16), -0.99221 (17), -0.99204 (13), -0.99147 (17), 
Current (lb-rhs): -1.0577157735824585
109462 domains visited
Length of domains: 50174
Time out!!!!!!!!
Result: unknown in 60.9298 seconds

 %%%%%%%%%%%%%%%%%%%%%%%%%%%%%%%%%%% idx: 5, vnnlib ID: 5 %%%%%%%%%%%%%%%%%%%%%%%%%%%%%%%%%%%
Finished vnnlib processing in 0.001664 seconds
Model: BoundedModule(
  (/input-1): BoundInput(name=/input-1, inputs=[], perturbed=True)
  (/shape): BoundBuffers(name=/shape, inputs=[], perturbed=False)
  (/10): BoundParams(name=/10, inputs=[], perturbed=False)
  (/11): BoundParams(name=/11, inputs=[], perturbed=False)
  (/12): BoundParams(name=/12, inputs=[], perturbed=False)
  (/13): BoundParams(name=/13, inputs=[], perturbed=False)
  (/14): BoundParams(name=/14, inputs=[], perturbed=False)
  (/15): BoundParams(name=/15, inputs=[], perturbed=False)
  (/16): BoundParams(name=/16, inputs=[], perturbed=False)
  (/17): BoundParams(name=/17, inputs=[], perturbed=False)
  (/input): BoundConv(name=/input, inputs=[/input-1, /10, /11], perturbed=True)
  (/input-4): BoundRelu(name=/input-4, inputs=[/input], perturbed=True)
  (/tensor): BoundConv(name=/tensor, inputs=[/input-4, /12, /13], perturbed=True)
  (/21): BoundSplit(name=/21, inputs=[/tensor], perturbed=True)
  (/22): BoundSplit(name=/22, inputs=[/tensor], perturbed=True)
  (/23): BoundAdd(name=/23, inputs=[/21, /22], perturbed=True)
  (/24): BoundRelu(name=/24, inputs=[/23], perturbed=True)
  (/25): BoundSplit(name=/25, inputs=[/shape], perturbed=False)
  (/26): BoundSplit(name=/26, inputs=[/shape], perturbed=False)
  (/27): BoundConstant(name=/27, value=tensor([0], device='cuda:0'))
  (/28): BoundSqueeze(name=/28, inputs=[/25, /27], perturbed=False)
  (/29): BoundConstant(name=/29, value=tensor([0], device='cuda:0'))
  (/30): BoundSqueeze(name=/30, inputs=[/26, /29], perturbed=False)
  (/31): BoundConstant(name=/31, value=tensor([0], device='cuda:0'))
  (/32): BoundUnsqueeze(name=/32, inputs=[/28, /31], perturbed=False)
  (/33): BoundConstant(name=/33, value=tensor([0], device='cuda:0'))
  (/34): BoundUnsqueeze(name=/34, inputs=[/30, /33], perturbed=False)
  (/35): BoundConcat(name=/35, inputs=[/32, /34], perturbed=False)
  (/36): BoundReshape(name=/36, inputs=[/24, /35], perturbed=True)
  (/input-8): BoundLinear(name=/input-8, inputs=[/36, /14, /15], perturbed=True)
  (/38): BoundRelu(name=/38, inputs=[/input-8], perturbed=True)
  (/39): BoundLinear(name=/39, inputs=[/38, /16, /17], perturbed=True)
)
Original output in the first batch: tensor([[-5.02561998,  5.22064400,  0.47097343,  0.25350273, -1.83791983,
         -1.04694867, -1.21368241,  0.02979462,  0.44255015, -2.32435822]],
       device='cuda:0')
Split layers:
Nonlinear functions:
   BoundRelu(name=/input-4, inputs=[/input], perturbed=True)
   BoundRelu(name=/24, inputs=[/23], perturbed=True)
   BoundRelu(name=/38, inputs=[/input-8], perturbed=True)
build batch [1/1]
layer /input-4 using sparse-features alpha with shape [1497]; unstable size 1497; total size 6272 ([1, 8, 28, 28])
layer /input-4 start_node /23 using full alpha [2, 6272, 1, 1497] with unstable size None total_size 6272 output_shape torch.Size([8, 28, 28])
layer /input-4 start_node /input-8 using sparse-spec alpha [2, 21, 1, 1497] with unstable size 20 total_size 64 output_shape torch.Size([64])
layer /input-4 start_node /39 using full alpha [2, 9, 1, 1497] with unstable size None total_size 9 output_shape 9
layer /24 using sparse-features alpha with shape [2344]; unstable size 2344; total size 6272 ([1, 8, 28, 28])
layer /24 start_node /input-8 using sparse-spec alpha [2, 21, 1, 2344] with unstable size 20 total_size 64 output_shape torch.Size([64])
layer /24 start_node /39 using full alpha [2, 9, 1, 2344] with unstable size None total_size 9 output_shape 9
layer /38 using sparse-features alpha with shape [20]; unstable size 20; total size 64 ([1, 64])
layer /38 start_node /39 using full alpha [2, 9, 1, 20] with unstable size None total_size 9 output_shape 9
Optimizable variables initialized.
initial CROWN bounds (first 10 items): [2.819462299346924, -1.4215489625930786, -2.034945487976074, 1.357386589050293, 0.7180650234222412, 0.14091134071350098, -1.6046326160430908, -0.05008906126022339, 0.915995717048645]
prune_after_crown optimization in use
  original spec size = torch.Size([1, 9])
  pruned spec size = torch.Size([1, 4])
Using alpha-CROWN to initialize bounds.
best_l after optimization: -3.560016632080078
alpha/beta optimization time: 5.397801160812378
initial alpha-crown bounds (first 10 items): [-1.1442434787750244, -1.4693102836608887, -1.1610043048858643, 0.21454143524169922]
Global lower bound: -1.4693102836608887
6 / 9 OR specs are verified.
Verified OR indices (first 10 items): [0, 3, 4, 5, 7, 8]
Verified OR lbs (first 10 items): [[inf], [inf], [inf], [inf], [0.21454143524169922], [inf]]
Unverified OR indices (first 10 items): [1, 2, 6]
Unverified OR lbs (first 10 items): [[-1.1442434787750244], [-1.4693102836608887], [-1.1610043048858643]]
###### Verifying property Instance 5 ######
Batch size: 3
First 10 spec matrices
C: tensor([[[ 0.,  1., -1.,  0.,  0.,  0.,  0.,  0.,  0.,  0.]],

        [[ 0.,  1.,  0., -1.,  0.,  0.,  0.,  0.,  0.,  0.]],

        [[ 0.,  1.,  0.,  0.,  0.,  0.,  0., -1.,  0.,  0.]]], device='cuda:0')
RHS: tensor([[0.],
        [0.],
        [0.]], device='cuda:0')
OR spec sizes: tensor([1, 1, 1], device='cuda:0', dtype=torch.int32)
Remaining timeout: 54.26027250289917
Model prediction is: tensor([-5.02561998,  5.22064400,  0.47097343,  0.25350273, -1.83791983,
        -1.04694867, -1.21368241,  0.02979462,  0.44255015, -2.32435822],
       device='cuda:0')
Activation BaB batch 1/1 
build_with_refined_bounds batch [1/1]
Optimizable variables initialized.
all alpha initialized
directly get lb and ub from refined bounds
c shape: torch.Size([3, 1, 10])
lA shapes: [torch.Size([3, 1, 8, 28, 28]), torch.Size([3, 1, 8, 28, 28]), torch.Size([3, 1, 64])]
(alpha-)CROWN with fixed intermediate bounds: tensor([[-1.14424348],
        [-1.46931028],
        [-1.16100430]], device='cuda:0') tensor([[inf],
        [inf],
        [inf]], device='cuda:0')
Intermediate layers: /input,/23,/input-8
Keeping alphas for these layers: ['/39']
Node /input-4 input 0: size torch.Size([8, 28, 28]) unstable 1497
Node /24 input 0: size torch.Size([8, 28, 28]) unstable 2337
Node /38 input 0: size torch.Size([64]) unstable 20
-----------------
# of unstable neurons: 3854
-----------------

BaB round 1
batch: 3
splitting decisions: 
split level 0: [/input-8, 33] [/input-8, 15] [/input-8, 33] 
split level 1: [/input-8, 17] [/input-8, 10] [/input-8, 17] 
split level 2: [/input-8, 10] [/input-8, 55] [/input-8, 10] 
split level 3: [/input-8, 37] [/input-8, 17] [/input-8, 34] 
split level 4: [/input-8, 46] [/input-8, 53] [/input-8, 37] 
split level 5: [/input-8, 30] [/input-8, 30] [/input-8, 53] 
best_l after optimization: -2.4790186882019043
beta sum per layer: [0.0, 0.0, 1.5336203575134277]
alpha/beta optimization time: 0.15362787246704102
pruning_in_iteration open status: True
ratio of positive domain = 180 / 192 = 0.9375
pruning-in-iteration extra time: 0.005337953567504883
Time: get_branching_decision.update_bounds 0.0263    pickout 0.0012    branching_decision 0.0001    decision 0.0001    set_bounds 0.0104    prepare 0.0019    transfer 0.0000    finalize 0.0011    func 0.1808    
Accumulated time: get_branching_decision.update_bounds 0.0263    bab_iteration 0.0000    pickout 0.0012    decision 0.0001    branching_decision 0.0001    set_bounds 0.0104    solve 0.0000    func 0.1808    prepare 0.0019    transfer 0.0000    finalize 0.0011    
max lb 9.999999747378752e-05 min lb -0.42120784521102905
Number of Verified Splits: 180 of 192
Current worst splitting domains lb-rhs (depth):
-0.42121 (6), -0.40536 (6), -0.28114 (6), -0.25873 (6), -0.21763 (6), -0.21491 (6), -0.21475 (6), -0.18820 (6), -0.11639 (6), -0.09697 (6), -0.06781 (6), -0.01394 (6), 
Current (lb-rhs): -0.42120784521102905
192 domains visited
Length of domains: 12
Cumulative time: 0.26291418075561523

BaB round 2
batch: 12
splitting decisions: 
split level 0: [/input-8, 55] [/input-8, 29] [/input-8, 55] [/input-8, 29] [/input-8, 55] [/input-8, 55] [/input-8, 15] [/input-8, 29] [/input-8, 55] [/input-8, 15] 
split level 1: [/input-8, 30] [/input-8, 37] [/input-8, 30] [/input-8, 37] [/input-8, 30] [/input-8, 30] [/input-8, 34] [/input-8, 37] [/input-8, 29] [/input-8, 34] 
split level 2: [/input-8, 29] [/input-8, 36] [/input-8, 29] [/input-8, 36] [/input-8, 29] [/input-8, 29] [/input-8, 29] [/input-8, 36] [/input-8, 30] [/input-8, 29] 
split level 3: [/input-8, 20] [/input, 4130] [/input-8, 20] [/input, 4130] [/input-8, 20] [/input-8, 20] [/input-8, 63] [/input, 4130] [/input-8, 20] [/input-8, 63] 
best_l after optimization: -0.46508216857910156
beta sum per layer: [1.409799337387085, 0.0, 24.537925720214844]
alpha/beta optimization time: 0.1449565887451172
pruning_in_iteration open status: True
ratio of positive domain = 188 / 192 = 0.9791666666666666
pruning-in-iteration extra time: 0.0055065155029296875
Time: get_branching_decision.update_bounds 0.0263    pickout 0.0035    branching_decision 0.0001    decision 0.0001    set_bounds 0.0091    prepare 0.0040    transfer 0.0000    finalize 0.0009    func 0.1772    solve 0.1808    add 0.0007    bab_iteration 0.1933    
Accumulated time: get_branching_decision.update_bounds 0.0263    bab_iteration 0.1933    pickout 0.0047    decision 0.0002    branching_decision 0.0001    set_bounds 0.0196    solve 0.1808    func 0.3579    prepare 0.0059    transfer 0.0001    finalize 0.0019    add 0.0007    
max lb 9.999999747378752e-05 min lb -0.15661990642547607
Number of Verified Splits: 188 of 192
Current worst splitting domains lb-rhs (depth):
-0.15662 (10), -0.13906 (10), -0.10213 (10), -0.08607 (10), 
Current (lb-rhs): -0.15661990642547607
384 domains visited
Length of domains: 4
Cumulative time: 0.4535863399505615

BaB round 3
batch: 4
splitting decisions: 
split level 0: [/input, 4190] [/input, 4190] [/input, 4190] [/input, 4190] 
split level 1: [/input-8, 27] [/input-8, 57] [/input-8, 27] [/input-8, 57] 
split level 2: [/input-8, 57] [/input-8, 27] [/input-8, 57] [/input-8, 27] 
split level 3: [/input, 4602] [/input, 4602] [/input, 4602] [/input, 4602] 
split level 4: [/input, 4631] [/input, 4631] [/input, 4631] [/input, 4631] 
best_l after optimization: -1.4563285112380981
beta sum per layer: [70.29464721679688, 0.0, 0.0]
alpha/beta optimization time: 0.15733885765075684
pruning_in_iteration open status: True
ratio of positive domain = 102 / 128 = 0.796875
pruning-in-iteration extra time: 0.005608081817626953
Time: get_branching_decision.update_bounds 0.0263    pickout 0.0020    branching_decision 0.0001    decision 0.0001    set_bounds 0.0085    prepare 0.0031    transfer 0.0000    finalize 0.0018    func 0.1825    solve 0.1772    add 0.0006    bab_iteration 0.1907    
Accumulated time: get_branching_decision.update_bounds 0.0263    bab_iteration 0.3840    pickout 0.0067    decision 0.0003    branching_decision 0.0002    set_bounds 0.0281    solve 0.3580    func 0.5404    prepare 0.0090    transfer 0.0001    finalize 0.0037    add 0.0013    
max lb 9.999999747378752e-05 min lb -0.14553415775299072
Number of Verified Splits: 102 of 128
Current worst splitting domains lb-rhs (depth):
-0.14553 (15), -0.12809 (15), -0.11631 (15), -0.09585 (15), -0.09071 (15), -0.08940 (15), -0.07718 (15), -0.07542 (15), -0.07136 (15), -0.06365 (15), -0.06065 (15), -0.06044 (15), -0.05688 (15), -0.05012 (15), -0.04325 (15), -0.04153 (15), -0.04030 (15), -0.03457 (15), -0.03082 (15), -0.02891 (15), 
Current (lb-rhs): -0.14553415775299072
512 domains visited
Length of domains: 26
Cumulative time: 0.6477401256561279

BaB round 4
batch: 26
splitting decisions: 
split level 0: [/23, 2811] [/23, 2811] [/23, 2811] [/23, 2811] [/23, 2811] [/23, 2811] [/23, 2811] [/23, 2811] [/23, 2811] [/23, 2811] 
split level 1: [/input, 2811] [/input, 3567] [/input, 3567] [/input, 2811] [/input, 3567] [/input, 3567] [/input, 2811] [/input, 3567] [/input, 2811] [/input, 3567] 
best_l after optimization: -4.175067901611328
beta sum per layer: [130.88381958007812, 21.96693229675293, 0.0]
alpha/beta optimization time: 0.13262605667114258
pruning_in_iteration open status: True
ratio of positive domain = 21 / 104 = 0.20192307692307687
pruning-in-iteration extra time: 0.00033402442932128906
Time: get_branching_decision.update_bounds 0.0263    pickout 0.0041    branching_decision 0.0001    decision 0.0001    set_bounds 0.0042    prepare 0.0031    transfer 0.0000    finalize 0.0047    func 0.1624    solve 0.1825    add 0.0009    bab_iteration 0.1942    
Accumulated time: get_branching_decision.update_bounds 0.0263    bab_iteration 0.5782    pickout 0.0108    decision 0.0004    branching_decision 0.0003    set_bounds 0.0323    solve 0.5405    func 0.7028    prepare 0.0121    transfer 0.0002    finalize 0.0084    add 0.0022    
max lb 0.01108616590499878 min lb -0.1368567943572998
Number of Verified Splits: 21 of 104
Current worst splitting domains lb-rhs (depth):
-0.13686 (17), -0.13394 (17), -0.11921 (17), -0.11744 (17), -0.11683 (17), -0.11663 (17), -0.11565 (17), -0.10960 (17), -0.10710 (17), -0.10420 (17), -0.08709 (17), -0.08688 (17), -0.08668 (17), -0.08491 (17), -0.08312 (17), -0.08163 (17), -0.08075 (17), -0.07872 (17), -0.07783 (17), -0.07711 (17), 
Current (lb-rhs): -0.1368567943572998
616 domains visited
Length of domains: 83
Cumulative time: 0.8198051452636719

BaB round 5
batch: 83
splitting decisions: 
split level 0: [/input, 3567] [/input, 2811] [/input, 3567] [/input, 2811] [/input, 2811] [/input, 3567] [/input, 2811] [/input, 3567] [/input, 2811] [/input, 3567] 
best_l after optimization: -6.281800270080566
beta sum per layer: [216.70797729492188, 37.972137451171875, 0.0]
alpha/beta optimization time: 0.13606786727905273
pruning_in_iteration open status: False
ratio of positive domain = 20 / 166 = 0.12048192771084343
pruning-in-iteration extra time: 5.1975250244140625e-05
Time: get_branching_decision.update_bounds 0.0263    pickout 0.0107    branching_decision 0.0001    decision 0.0001    set_bounds 0.0044    prepare 0.0045    transfer 0.0000    finalize 0.0078    func 0.1742    solve 0.1624    add 0.0011    bab_iteration 0.1721    
Accumulated time: get_branching_decision.update_bounds 0.0263    bab_iteration 0.7502    pickout 0.0216    decision 0.0005    branching_decision 0.0004    set_bounds 0.0366    solve 0.7029    func 0.8769    prepare 0.0166    transfer 0.0002    finalize 0.0163    add 0.0033    
max lb 0.014900684356689453 min lb -0.1331416368484497
Number of Verified Splits: 22 of 166
Current worst splitting domains lb-rhs (depth):
-0.13314 (18), -0.12371 (18), -0.12264 (18), -0.11480 (18), -0.11322 (18), -0.11155 (18), -0.10960 (18), -0.10959 (18), -0.10545 (18), -0.10527 (18), -0.10473 (18), -0.10344 (18), -0.09778 (18), -0.09699 (18), -0.09400 (18), -0.09363 (18), -0.09290 (18), -0.08797 (18), -0.08204 (18), -0.08193 (18), 
Current (lb-rhs): -0.1331416368484497
782 domains visited
Length of domains: 144
Cumulative time: 1.0106217861175537

BaB round 6
batch: 144
splitting decisions: 
split level 0: [/23, 3644] [/input, 3539] [/23, 3644] [/input, 3539] [/23, 3644] [/input, 3539] [/23, 3644] [/input, 3539] [/23, 3644] [/input, 3539] 
best_l after optimization: -7.094048500061035
beta sum per layer: [364.6282958984375, 79.12863159179688, 0.0]
alpha/beta optimization time: 0.1685318946838379
pruning_in_iteration open status: True
ratio of positive domain = 113 / 288 = 0.39236111111111116
pruning-in-iteration extra time: 0.004145145416259766
Time: get_branching_decision.update_bounds 0.0263    pickout 0.0164    branching_decision 0.0001    decision 0.0001    set_bounds 0.0069    prepare 0.0077    transfer 0.0000    finalize 0.0104    func 0.2158    solve 0.1742    add 0.0013    bab_iteration 0.1908    
Accumulated time: get_branching_decision.update_bounds 0.0263    bab_iteration 0.9410    pickout 0.0380    decision 0.0006    branching_decision 0.0005    set_bounds 0.0435    solve 0.8771    func 1.0928    prepare 0.0242    transfer 0.0003    finalize 0.0267    add 0.0045    
max lb 0.001402139663696289 min lb -0.12985658645629883
Number of Verified Splits: 113 of 288
Current worst splitting domains lb-rhs (depth):
-0.12986 (19), -0.11899 (19), -0.11858 (19), -0.11224 (19), -0.11066 (19), -0.10821 (19), -0.10782 (19), -0.10703 (19), -0.10555 (19), -0.10278 (19), -0.10251 (19), -0.10178 (19), -0.09982 (19), -0.09389 (19), -0.09247 (19), -0.09021 (19), -0.08897 (19), -0.08852 (19), -0.08553 (19), -0.08183 (19), 
Current (lb-rhs): -0.12985658645629883
1070 domains visited
Length of domains: 175
Cumulative time: 1.2517430782318115

BaB round 7
batch: 175
splitting decisions: 
split level 0: [/23, 3673] [/23, 3644] [/23, 3673] [/23, 3644] [/23, 3673] [/23, 3644] [/23, 3673] [/23, 3644] [/23, 3673] [/23, 3644] 
best_l after optimization: -8.016172409057617
beta sum per layer: [452.06573486328125, 117.78091430664062, 0.0]
alpha/beta optimization time: 0.17863988876342773
pruning_in_iteration open status: True
ratio of positive domain = 148 / 350 = 0.4228571428571428
pruning-in-iteration extra time: 0.004435062408447266
Time: get_branching_decision.update_bounds 0.0263    pickout 0.0199    branching_decision 0.0001    decision 0.0001    set_bounds 0.0085    prepare 0.0093    transfer 0.0000    finalize 0.0111    func 0.2312    solve 0.2159    add 0.0016    bab_iteration 0.2411    
Accumulated time: get_branching_decision.update_bounds 0.0263    bab_iteration 1.1822    pickout 0.0578    decision 0.0007    branching_decision 0.0006    set_bounds 0.0520    solve 1.0930    func 1.3240    prepare 0.0335    transfer 0.0003    finalize 0.0377    add 0.0061    
max lb 9.999999747378752e-05 min lb -0.12613296508789062
Number of Verified Splits: 148 of 350
Current worst splitting domains lb-rhs (depth):
-0.12613 (20), -0.12125 (20), -0.11734 (20), -0.11630 (20), -0.11078 (20), -0.10909 (20), -0.10572 (20), -0.10550 (20), -0.10404 (20), -0.10400 (20), -0.10102 (20), -0.10098 (20), -0.10016 (20), -0.09929 (20), -0.09535 (20), -0.09062 (20), -0.09044 (20), -0.08964 (20), -0.08771 (20), -0.08663 (20), 
Current (lb-rhs): -0.12613296508789062
1420 domains visited
Length of domains: 202
Cumulative time: 1.513437032699585

BaB round 8
batch: 202
splitting decisions: 
split level 0: [/23, 3643] [/23, 2783] [/23, 3643] [/23, 2783] [/23, 3643] [/23, 2783] [/23, 2783] [/23, 3643] [/23, 2783] [/23, 3643] 
best_l after optimization: -8.019716262817383
beta sum per layer: [520.6494750976562, 150.22784423828125, 0.0]
alpha/beta optimization time: 0.1701061725616455
pruning_in_iteration open status: True
ratio of positive domain = 196 / 404 = 0.48514851485148514
pruning-in-iteration extra time: 0.004698753356933594
Time: get_branching_decision.update_bounds 0.0263    pickout 0.0225    branching_decision 0.0002    decision 0.0002    set_bounds 0.0094    prepare 0.0106    transfer 0.0000    finalize 0.0111    func 0.2252    solve 0.2313    add 0.0017    bab_iteration 0.2617    
Accumulated time: get_branching_decision.update_bounds 0.0263    bab_iteration 1.4438    pickout 0.0803    decision 0.0009    branching_decision 0.0008    set_bounds 0.0615    solve 1.3243    func 1.5492    prepare 0.0442    transfer 0.0003    finalize 0.0488    add 0.0078    
max lb 9.999999747378752e-05 min lb -0.12518227100372314
Number of Verified Splits: 196 of 404
Current worst splitting domains lb-rhs (depth):
-0.12518 (21), -0.12035 (21), -0.11624 (21), -0.11524 (21), -0.10982 (21), -0.10814 (21), -0.10487 (21), -0.10451 (21), -0.10291 (21), -0.10253 (21), -0.09992 (21), -0.09992 (21), -0.09917 (21), -0.09803 (21), -0.09446 (21), -0.08966 (21), -0.08893 (21), -0.08815 (21), -0.08548 (21), -0.08455 (21), 
Current (lb-rhs): -0.12518227100372314
1824 domains visited
Length of domains: 208
Cumulative time: 1.7725136280059814

BaB round 9
batch: 208
splitting decisions: 
split level 0: [/input, 4632] [/input, 5699] [/input, 4632] [/input, 5699] [/input, 4632] [/input, 5699] [/input, 5699] [/input, 4632] [/input, 5699] [/input, 4632] 
best_l after optimization: -9.63466739654541
beta sum per layer: [559.2508544921875, 169.7183380126953, 0.0]
alpha/beta optimization time: 0.1602628231048584
pruning_in_iteration open status: True
ratio of positive domain = 157 / 416 = 0.37740384615384615
pruning-in-iteration extra time: 0.004421234130859375
Time: get_branching_decision.update_bounds 0.0263    pickout 0.0233    branching_decision 0.0001    decision 0.0002    set_bounds 0.0097    prepare 0.0109    transfer 0.0000    finalize 0.0140    func 0.2232    solve 0.2253    add 0.0016    bab_iteration 0.2591    
Accumulated time: get_branching_decision.update_bounds 0.0263    bab_iteration 1.7029    pickout 0.1036    decision 0.0011    branching_decision 0.0009    set_bounds 0.0712    solve 1.5495    func 1.7724    prepare 0.0551    transfer 0.0004    finalize 0.0628    add 0.0094    
max lb 0.0007001161575317383 min lb -0.12429356575012207
Number of Verified Splits: 157 of 416
Current worst splitting domains lb-rhs (depth):
-0.12429 (22), -0.11938 (22), -0.11404 (22), -0.11322 (22), -0.10849 (22), -0.10682 (22), -0.10506 (22), -0.10377 (22), -0.10376 (22), -0.10184 (22), -0.10154 (22), -0.09977 (22), -0.09933 (22), -0.09915 (22), -0.09850 (22), -0.09690 (22), -0.09674 (22), -0.09461 (22), -0.09352 (22), -0.09159 (22), 
Current (lb-rhs): -0.12429356575012207
2240 domains visited
Length of domains: 259
Cumulative time: 2.030850648880005

BaB round 10
batch: 259
splitting decisions: 
split level 0: [/input, 5699] [/23, 3673] [/input, 5699] [/23, 3673] [/input, 5699] [/23, 3673] [/input, 5699] [/23, 3673] [/input, 5699] [/input, 5699] 
best_l after optimization: -10.509651184082031
beta sum per layer: [722.5672607421875, 193.5135498046875, 0.0]
alpha/beta optimization time: 0.16018414497375488
pruning_in_iteration open status: True
ratio of positive domain = 230 / 518 = 0.444015444015444
pruning-in-iteration extra time: 0.004726409912109375
Time: get_branching_decision.update_bounds 0.0263    pickout 0.0294    branching_decision 0.0002    decision 0.0002    set_bounds 0.0119    prepare 0.0135    transfer 0.0000    finalize 0.0149    func 0.2306    solve 0.2232    add 0.0018    bab_iteration 0.2583    
Accumulated time: get_branching_decision.update_bounds 0.0263    bab_iteration 1.9613    pickout 0.1330    decision 0.0012    branching_decision 0.0011    set_bounds 0.0830    solve 1.7728    func 2.0030    prepare 0.0686    transfer 0.0004    finalize 0.0777    add 0.0112    
max lb 0.00047016143798828125 min lb -0.12347173690795898
Number of Verified Splits: 230 of 518
Current worst splitting domains lb-rhs (depth):
-0.12347 (23), -0.11857 (23), -0.11235 (23), -0.11116 (23), -0.10742 (23), -0.10595 (23), -0.10421 (23), -0.10093 (23), -0.10091 (23), -0.10071 (23), -0.10070 (23), -0.09895 (23), -0.09840 (23), -0.09609 (23), -0.09588 (23), -0.09582 (23), -0.09552 (23), -0.09543 (23), -0.09349 (23), -0.09269 (23), 
Current (lb-rhs): -0.12347173690795898
2758 domains visited
Length of domains: 288
Cumulative time: 2.305089235305786

BaB round 11
batch: 288
splitting decisions: 
split level 0: [/23, 3615] [/input, 4075] [/23, 3615] [/input, 4075] [/23, 3615] [/input, 4075] [/23, 3615] [/input, 4075] [/23, 3615] [/input, 4075] 
best_l after optimization: -12.19540023803711
beta sum per layer: [836.6810302734375, 199.488037109375, 0.0]
alpha/beta optimization time: 0.1605062484741211
pruning_in_iteration open status: True
ratio of positive domain = 226 / 576 = 0.39236111111111116
pruning-in-iteration extra time: 0.0046844482421875
Time: get_branching_decision.update_bounds 0.0263    pickout 0.0317    branching_decision 0.0002    decision 0.0002    set_bounds 0.0132    prepare 0.0150    transfer 0.0000    finalize 0.0177    func 0.2426    solve 0.2306    add 0.0020    bab_iteration 0.2742    
Accumulated time: get_branching_decision.update_bounds 0.0263    bab_iteration 2.2355    pickout 0.1647    decision 0.0014    branching_decision 0.0012    set_bounds 0.0962    solve 2.0034    func 2.2456    prepare 0.0835    transfer 0.0005    finalize 0.0954    add 0.0132    
max lb 9.999999747378752e-05 min lb -0.12266373634338379
Number of Verified Splits: 226 of 576
Current worst splitting domains lb-rhs (depth):
-0.12266 (24), -0.11777 (24), -0.11162 (24), -0.10809 (24), -0.10664 (24), -0.10528 (24), -0.10319 (24), -0.10302 (24), -0.10007 (24), -0.09998 (24), -0.09980 (24), -0.09781 (24), -0.09766 (24), -0.09751 (24), -0.09529 (24), -0.09494 (24), -0.09493 (24), -0.09464 (24), -0.09456 (24), -0.09276 (24), 
Current (lb-rhs): -0.12266373634338379
3334 domains visited
Length of domains: 350
Cumulative time: 2.595216989517212

BaB round 12
batch: 350
splitting decisions: 
split level 0: [/input, 3539] [/23, 3615] [/input, 432] [/23, 3615] [/input, 3539] [/23, 3615] [/input, 3539] [/23, 3615] [/input, 3539] [/23, 3615] 
best_l after optimization: -14.057598114013672
beta sum per layer: [1061.664794921875, 258.2001037597656, 0.0]
alpha/beta optimization time: 0.16326045989990234
pruning_in_iteration open status: True
ratio of positive domain = 292 / 700 = 0.41714285714285715
pruning-in-iteration extra time: 0.0046575069427490234
Time: get_branching_decision.update_bounds 0.0263    pickout 0.0387    branching_decision 0.0002    decision 0.0002    set_bounds 0.0158    prepare 0.0181    transfer 0.0001    finalize 0.0203    func 0.2588    solve 0.2426    add 0.0022    bab_iteration 0.2901    
Accumulated time: get_branching_decision.update_bounds 0.0263    bab_iteration 2.5256    pickout 0.2034    decision 0.0016    branching_decision 0.0014    set_bounds 0.1120    solve 2.2460    func 2.5044    prepare 0.1016    transfer 0.0005    finalize 0.1157    add 0.0153    
max lb 9.999999747378752e-05 min lb -0.12011384963989258
Number of Verified Splits: 292 of 700
Current worst splitting domains lb-rhs (depth):
-0.12011 (25), -0.11523 (25), -0.11081 (25), -0.10722 (25), -0.10582 (25), -0.10455 (25), -0.10441 (25), -0.10232 (25), -0.10210 (25), -0.09985 (25), -0.09913 (25), -0.09751 (25), -0.09695 (25), -0.09685 (25), -0.09679 (25), -0.09407 (25), -0.09400 (25), -0.09396 (25), -0.09331 (25), -0.09275 (25), 
Current (lb-rhs): -0.12011384963989258
4034 domains visited
Length of domains: 408
Cumulative time: 2.9114737510681152

BaB round 13
batch: 408
splitting decisions: 
split level 0: [/23, 3672] [/23, 3643] [/23, 3643] [/input, 432] [/23, 3643] [/23, 3672] [/23, 3643] [/23, 3672] [/23, 3643] [/input, 487] 
best_l after optimization: -16.432741165161133
beta sum per layer: [1256.0203857421875, 288.1329040527344, 0.0]
alpha/beta optimization time: 0.16324329376220703
pruning_in_iteration open status: True
ratio of positive domain = 323 / 816 = 0.39583333333333337
pruning-in-iteration extra time: 0.0046885013580322266
Time: get_branching_decision.update_bounds 0.0263    pickout 0.0443    branching_decision 0.0002    decision 0.0002    set_bounds 0.0184    prepare 0.0211    transfer 0.0001    finalize 0.0254    func 0.2772    solve 0.2588    add 0.0024    bab_iteration 0.3163    
Accumulated time: get_branching_decision.update_bounds 0.0263    bab_iteration 2.8419    pickout 0.2477    decision 0.0018    branching_decision 0.0016    set_bounds 0.1305    solve 2.5048    func 2.7816    prepare 0.1227    transfer 0.0006    finalize 0.1411    add 0.0178    
max lb 9.999999747378752e-05 min lb -0.11937189102172852
Number of Verified Splits: 323 of 816
Current worst splitting domains lb-rhs (depth):
-0.11937 (26), -0.11450 (26), -0.11001 (26), -0.10648 (26), -0.10502 (26), -0.10367 (26), -0.10360 (26), -0.10159 (26), -0.10131 (26), -0.09883 (26), -0.09833 (26), -0.09677 (26), -0.09615 (26), -0.09598 (26), -0.09597 (26), -0.09441 (26), -0.09406 (26), -0.09309 (26), -0.09303 (26), -0.09280 (26), 
Current (lb-rhs): -0.11937189102172852
4850 domains visited
Length of domains: 493
Cumulative time: 3.254755735397339

BaB round 14
batch: 493
splitting decisions: 
split level 0: [/23, 3671] [/input, 515] [/input, 515] [/23, 3672] [/input, 515] [/23, 3671] [/input, 515] [/input, 432] [/input, 515] [/input, 460] 
best_l after optimization: -21.72433853149414
beta sum per layer: [1578.950927734375, 314.700927734375, 0.0]
alpha/beta optimization time: 0.18744373321533203
pruning_in_iteration open status: True
ratio of positive domain = 321 / 986 = 0.32555780933062883
pruning-in-iteration extra time: 0.0044519901275634766
Time: get_branching_decision.update_bounds 0.0263    pickout 0.0533    branching_decision 0.0002    decision 0.0003    set_bounds 0.0223    prepare 0.0253    transfer 0.0001    finalize 0.0332    func 0.3338    solve 0.2773    add 0.0027    bab_iteration 0.3433    
Accumulated time: get_branching_decision.update_bounds 0.0263    bab_iteration 3.1851    pickout 0.3011    decision 0.0021    branching_decision 0.0019    set_bounds 0.1527    solve 2.7822    func 3.1154    prepare 0.1481    transfer 0.0006    finalize 0.1742    add 0.0205    
max lb 0.0001004934310913086 min lb -0.11858272552490234
Number of Verified Splits: 321 of 986
Current worst splitting domains lb-rhs (depth):
-0.11858 (27), -0.11371 (27), -0.10747 (27), -0.10431 (27), -0.10289 (27), -0.10248 (27), -0.10164 (27), -0.09943 (27), -0.09936 (27), -0.09804 (27), -0.09623 (27), -0.09608 (27), -0.09599 (27), -0.09400 (27), -0.09381 (27), -0.09342 (27), -0.09314 (27), -0.09312 (27), -0.09289 (27), -0.09274 (27), 
Current (lb-rhs): -0.11858272552490234
5836 domains visited
Length of domains: 665
Cumulative time: 3.6795427799224854

BaB round 15
batch: 665
splitting decisions: 
split level 0: [/input, 432] [/input, 4632] [/input, 4632] [/input, 487] [/input, 4632] [/input, 432] [/input, 4632] [/23, 3671] [/input, 4632] [/input, 4632] 
best_l after optimization: -27.975215911865234
beta sum per layer: [2223.328125, 447.57965087890625, 0.0]
alpha/beta optimization time: 0.22098112106323242
pruning_in_iteration open status: True
ratio of positive domain = 450 / 1330 = 0.33834586466165417
pruning-in-iteration extra time: 0.004620552062988281
Time: get_branching_decision.update_bounds 0.0263    pickout 0.0706    branching_decision 0.0003    decision 0.0004    set_bounds 0.0297    prepare 0.0336    transfer 0.0001    finalize 0.0566    func 0.4355    solve 0.3338    add 0.0148    bab_iteration 0.4248    
Accumulated time: get_branching_decision.update_bounds 0.0263    bab_iteration 3.6099    pickout 0.3717    decision 0.0025    branching_decision 0.0022    set_bounds 0.1824    solve 3.1160    func 3.5509    prepare 0.1817    transfer 0.0007    finalize 0.2309    add 0.0353    
max lb 0.0004291534423828125 min lb -0.11525905132293701
Number of Verified Splits: 450 of 1330
Current worst splitting domains lb-rhs (depth):
-0.11526 (28), -0.11490 (28), -0.11038 (28), -0.11008 (28), -0.10686 (28), -0.10351 (28), -0.10187 (28), -0.09956 (28), -0.09925 (28), -0.09913 (28), -0.09863 (28), -0.09686 (28), -0.09472 (28), -0.09441 (28), -0.09374 (28), -0.09288 (28), -0.09279 (28), -0.09235 (28), -0.09224 (28), -0.09206 (28), 
Current (lb-rhs): -0.11525905132293701
7166 domains visited
Length of domains: 880
Cumulative time: 4.222364187240601

BaB round 16
batch: 880
splitting decisions: 
split level 0: [/23, 3671] [/23, 3671] [/input, 460] [/23, 3671] [/input, 487] [/23, 3671] [/input, 487] [/23, 3671] [/23, 3671] [/input, 487] 
best_l after optimization: -32.01988983154297
beta sum per layer: [2967.4912109375, 481.7457275390625, 0.0]
alpha/beta optimization time: 0.2500936985015869
pruning_in_iteration open status: True
ratio of positive domain = 735 / 1760 = 0.41761363636363635
pruning-in-iteration extra time: 0.004856109619140625
Time: get_branching_decision.update_bounds 0.0263    pickout 0.0917    branching_decision 0.0005    decision 0.0005    set_bounds 0.0406    prepare 0.0467    transfer 0.0001    finalize 0.1965    func 0.6291    solve 0.4355    add 0.0062    bab_iteration 0.5428    
Accumulated time: get_branching_decision.update_bounds 0.0263    bab_iteration 4.1527    pickout 0.4634    decision 0.0030    branching_decision 0.0027    set_bounds 0.2230    solve 3.5515    func 4.1799    prepare 0.2284    transfer 0.0008    finalize 0.4274    add 0.0415    
max lb 9.999999747378752e-05 min lb -0.1144329309463501
Number of Verified Splits: 735 of 1760
Current worst splitting domains lb-rhs (depth):
-0.11443 (29), -0.11408 (29), -0.10957 (29), -0.10926 (29), -0.10607 (29), -0.10267 (29), -0.10108 (29), -0.09874 (29), -0.09850 (29), -0.09843 (29), -0.09783 (29), -0.09623 (29), -0.09390 (29), -0.09360 (29), -0.09312 (29), -0.09206 (29), -0.09197 (29), -0.09161 (29), -0.09151 (29), -0.09087 (29), 
Current (lb-rhs): -0.1144329309463501
8926 domains visited
Length of domains: 1025
Cumulative time: 4.995516538619995

BaB round 17
batch: 1025
splitting decisions: 
split level 0: [/input, 3512] [/input, 3512] [/input, 3512] [/input, 460] [/input, 3512] [/input, 460] [/input, 3512] [/input, 3512] [/input, 460] [/input, 3512] 
best_l after optimization: -39.07201385498047
beta sum per layer: [3552.5751953125, 635.087158203125, 0.0]
alpha/beta optimization time: 0.3151891231536865
pruning_in_iteration open status: True
ratio of positive domain = 722 / 2050 = 0.3521951219512195
pruning-in-iteration extra time: 0.0044286251068115234
Time: get_branching_decision.update_bounds 0.0263    pickout 0.1092    branching_decision 0.0006    decision 0.0006    set_bounds 0.0465    prepare 0.0526    transfer 0.0001    finalize 0.0676    func 0.6089    solve 0.6291    add 0.0107    bab_iteration 0.7731    
Accumulated time: get_branching_decision.update_bounds 0.0263    bab_iteration 4.9259    pickout 0.5725    decision 0.0036    branching_decision 0.0033    set_bounds 0.2695    solve 4.1806    func 4.7888    prepare 0.2810    transfer 0.0009    finalize 0.4950    add 0.0522    
max lb 0.0016925334930419922 min lb -0.11234760284423828
Number of Verified Splits: 722 of 2050
Current worst splitting domains lb-rhs (depth):
-0.11235 (30), -0.11200 (30), -0.10748 (30), -0.10718 (30), -0.10275 (30), -0.10243 (30), -0.10012 (30), -0.09776 (30), -0.09750 (30), -0.09717 (30), -0.09666 (30), -0.09634 (30), -0.09529 (30), -0.09522 (30), -0.09182 (30), -0.09181 (30), -0.09151 (30), -0.09028 (30), -0.08997 (30), -0.08985 (30), 
Current (lb-rhs): -0.11234760284423828
10976 domains visited
Length of domains: 1328
Cumulative time: 5.769206523895264

BaB round 18
batch: 1328
splitting decisions: 
split level 0: [/23, 3672] [/23, 3672] [/input, 5726] [/23, 3672] [/23, 3672] [/input, 5726] [/23, 3672] [/input, 488] [/input, 488] [/input, 488] 
best_l after optimization: -49.55176544189453
beta sum per layer: [4777.658203125, 937.359375, 0.0]
alpha/beta optimization time: 0.4614439010620117
pruning_in_iteration open status: True
ratio of positive domain = 963 / 2656 = 0.3625753012048193
pruning-in-iteration extra time: 0.004923343658447266
Time: get_branching_decision.update_bounds 0.0263    pickout 0.1421    branching_decision 0.0007    decision 0.0007    set_bounds 0.0604    prepare 0.0698    transfer 0.0001    finalize 0.0844    func 0.8342    solve 0.6089    add 0.0080    bab_iteration 0.7737    
Accumulated time: get_branching_decision.update_bounds 0.0263    bab_iteration 5.6996    pickout 0.7146    decision 0.0043    branching_decision 0.0040    set_bounds 0.3299    solve 4.7896    func 5.6230    prepare 0.3508    transfer 0.0010    finalize 0.5794    add 0.0602    
max lb 0.0006799697875976562 min lb -0.10960114002227783
Number of Verified Splits: 963 of 2656
Current worst splitting domains lb-rhs (depth):
-0.10960 (31), -0.10926 (31), -0.10474 (31), -0.10443 (31), -0.10193 (31), -0.10158 (31), -0.09957 (31), -0.09950 (31), -0.09930 (31), -0.09694 (31), -0.09661 (31), -0.09481 (31), -0.09468 (31), -0.09459 (31), -0.09449 (31), -0.09392 (31), -0.09360 (31), -0.09250 (31), -0.08913 (31), -0.08907 (31), 
Current (lb-rhs): -0.10960114002227783
13632 domains visited
Length of domains: 1693
Cumulative time: 6.818317890167236

BaB round 19
batch: 1693
splitting decisions: 
split level 0: [/23, 2785] [/23, 2785] [/input, 515] [/23, 2785] [/23, 2785] [/input, 515] [/23, 2785] [/input, 5212] [/input, 5212] [/input, 5212] 
best_l after optimization: -60.8519287109375
beta sum per layer: [6717.8515625, 971.9573974609375, 0.0]
alpha/beta optimization time: 0.549616813659668
pruning_in_iteration open status: True
ratio of positive domain = 1189 / 3386 = 0.35115180153573533
pruning-in-iteration extra time: 0.004796028137207031
Time: get_branching_decision.update_bounds 0.0263    pickout 0.3379    branching_decision 0.0008    decision 0.0008    set_bounds 0.0770    prepare 0.0872    transfer 0.0003    finalize 0.1068    func 1.0255    solve 0.8342    add 0.0110    bab_iteration 1.0491    
Accumulated time: get_branching_decision.update_bounds 0.0263    bab_iteration 6.7487    pickout 1.0525    decision 0.0051    branching_decision 0.0048    set_bounds 0.4069    solve 5.6238    func 6.6485    prepare 0.4380    transfer 0.0012    finalize 0.6863    add 0.0712    
max lb 0.0023317337036132812 min lb -0.10775589942932129
Number of Verified Splits: 1189 of 3386
Current worst splitting domains lb-rhs (depth):
-0.10776 (32), -0.10741 (32), -0.10351 (32), -0.10325 (32), -0.10275 (32), -0.10253 (32), -0.09984 (32), -0.09984 (32), -0.09953 (32), -0.09949 (32), -0.09872 (32), -0.09572 (32), -0.09544 (32), -0.09485 (32), -0.09453 (32), -0.09389 (32), -0.09248 (32), -0.09208 (32), -0.09176 (32), -0.09148 (32), 
Current (lb-rhs): -0.10775589942932129
17018 domains visited
Length of domains: 2197
Cumulative time: 8.279912948608398

BaB round 20
batch: 2048
splitting decisions: 
split level 0: [/input, 5726] [/input, 3512] [/input, 3512] [/23, 3671] [/input, 5726] [/input, 5726] [/input, 5726] [/input, 5726] [/input, 4075] [/input, 432] 
best_l after optimization: -64.6088638305664
beta sum per layer: [8478.6552734375, 1020.15966796875, 0.0]
alpha/beta optimization time: 0.6264829635620117
pruning_in_iteration open status: True
ratio of positive domain = 1647 / 4096 = 0.402099609375
pruning-in-iteration extra time: 0.005227565765380859
Time: get_branching_decision.update_bounds 0.0263    pickout 0.2166    branching_decision 0.0008    decision 0.0008    set_bounds 0.2658    prepare 0.1122    transfer 0.0002    finalize 0.1171    func 1.1668    solve 1.0256    add 0.0196    bab_iteration 1.4616    
Accumulated time: get_branching_decision.update_bounds 0.0263    bab_iteration 8.2103    pickout 1.2690    decision 0.0060    branching_decision 0.0056    set_bounds 0.6728    solve 6.6494    func 7.8153    prepare 0.5502    transfer 0.0015    finalize 0.8033    add 0.0908    
max lb 0.0022821426391601562 min lb -0.10605013370513916
Number of Verified Splits: 1647 of 4096
Current worst splitting domains lb-rhs (depth):
-0.10741 (32), -0.10605 (33), -0.10253 (32), -0.10105 (33), -0.10043 (33), -0.10015 (33), -0.09949 (32), -0.09872 (32), -0.09814 (33), -0.09787 (33), -0.09739 (33), -0.09453 (32), -0.09400 (33), -0.09369 (33), -0.09247 (33), -0.09234 (33), -0.09200 (33), -0.09057 (33), -0.09037 (33), -0.09028 (33), 
Current (lb-rhs): -0.1074143648147583
21114 domains visited
Length of domains: 2598
current_vram/total_varm: 11.0GB/47.7GB, batch_size increase to 4096
Cumulative time: 9.94490933418274

BaB round 21
batch: 2598
splitting decisions: 
split level 0: [/input, 5726] [/input, 5726] [/input, 5726] [/input, 5726] [/input, 4075] [/input, 5726] [/input, 4075] [/23, 2757] [/23, 2757] [/input, 4075] 
best_l after optimization: -72.21739196777344
beta sum per layer: [10738.9404296875, 1470.553466796875, 0.0]
alpha/beta optimization time: 0.7468488216400146
pruning_in_iteration open status: True
ratio of positive domain = 2447 / 5196 = 0.47093918398768286
pruning-in-iteration extra time: 0.005635976791381836
Time: get_branching_decision.update_bounds 0.0263    pickout 0.2867    branching_decision 0.0012    decision 0.0012    set_bounds 0.1221    prepare 0.1381    transfer 0.0005    finalize 0.1319    func 1.5474    solve 1.1669    add 0.0139    bab_iteration 1.6650    
Accumulated time: get_branching_decision.update_bounds 0.0263    bab_iteration 9.8753    pickout 1.5557    decision 0.0072    branching_decision 0.0068    set_bounds 0.7948    solve 7.8163    func 9.3627    prepare 0.6882    transfer 0.0020    finalize 0.9352    add 0.1047    
max lb 0.0016369819641113281 min lb -0.10571253299713135
Number of Verified Splits: 2447 of 5196
Current worst splitting domains lb-rhs (depth):
-0.10571 (33), -0.10531 (34), -0.10075 (33), -0.10031 (34), -0.09970 (34), -0.09935 (34), -0.09740 (34), -0.09708 (33), -0.09699 (34), -0.09554 (34), -0.09539 (33), -0.09514 (33), -0.09327 (34), -0.09296 (34), -0.09214 (33), -0.09129 (34), -0.09128 (34), -0.09052 (34), -0.09028 (34), -0.08975 (34), 
Current (lb-rhs): -0.10571253299713135
26310 domains visited
Length of domains: 2749
Cumulative time: 11.91860842704773

BaB round 22
batch: 2749
splitting decisions: 
split level 0: [/23, 2757] [/23, 2757] [/23, 2757] [/23, 2757] [/23, 2783] [/23, 2757] [/23, 2089] [/23, 2089] [/input, 2728] [/input, 5726] 
best_l after optimization: -77.22317504882812
beta sum per layer: [11695.1357421875, 1619.392822265625, 0.0]
alpha/beta optimization time: 0.8198928833007812
pruning_in_iteration open status: True
ratio of positive domain = 2429 / 5498 = 0.44179701709712627
pruning-in-iteration extra time: 0.005660295486450195
Time: get_branching_decision.update_bounds 0.0263    pickout 0.2993    branching_decision 0.0012    decision 0.0012    set_bounds 0.1286    prepare 0.1439    transfer 0.0006    finalize 0.3217    func 1.6815    solve 1.5474    add 0.0155    bab_iteration 1.9737    
Accumulated time: get_branching_decision.update_bounds 0.0263    bab_iteration 11.8490    pickout 1.8550    decision 0.0084    branching_decision 0.0080    set_bounds 0.9234    solve 9.3637    func 11.0442    prepare 0.8321    transfer 0.0026    finalize 1.2569    add 0.1201    
max lb 0.0027375221252441406 min lb -0.10497879981994629
Number of Verified Splits: 2429 of 5498
Current worst splitting domains lb-rhs (depth):
-0.10498 (34), -0.10333 (35), -0.09999 (34), -0.09833 (35), -0.09772 (35), -0.09737 (35), -0.09542 (35), -0.09523 (34), -0.09502 (35), -0.09457 (34), -0.09427 (34), -0.09310 (35), -0.09129 (35), -0.09108 (34), -0.09098 (35), -0.09053 (35), -0.09023 (34), -0.08838 (35), -0.08809 (35), -0.08766 (35), 
Current (lb-rhs): -0.10497879981994629
31808 domains visited
Length of domains: 3069
Cumulative time: 14.045678615570068

BaB round 23
batch: 3069
splitting decisions: 
split level 0: [/input, 5212] [/23, 3616] [/23, 3616] [/input, 460] [/input, 460] [/input, 460] [/input, 460] [/input, 5212] [/input, 460] [/23, 3616] 
best_l after optimization: -94.80712890625
beta sum per layer: [13253.734375, 1805.603515625, 0.0]
alpha/beta optimization time: 0.964402437210083
pruning_in_iteration open status: True
ratio of positive domain = 2282 / 6138 = 0.371782339524275
pruning-in-iteration extra time: 0.005621671676635742
Time: get_branching_decision.update_bounds 0.0263    pickout 0.3381    branching_decision 0.0013    decision 0.0013    set_bounds 0.1446    prepare 0.1623    transfer 0.0003    finalize 0.1963    func 1.9797    solve 1.6816    add 0.0155    bab_iteration 2.1271    
Accumulated time: get_branching_decision.update_bounds 0.0263    bab_iteration 13.9760    pickout 2.1931    decision 0.0097    branching_decision 0.0092    set_bounds 1.0680    solve 11.0452    func 13.0239    prepare 0.9945    transfer 0.0029    finalize 1.4532    add 0.1356    
max lb 0.0021265745162963867 min lb -0.10299921035766602
Number of Verified Splits: 2282 of 6138
Current worst splitting domains lb-rhs (depth):
-0.10300 (35), -0.10176 (36), -0.09801 (35), -0.09676 (36), -0.09615 (36), -0.09580 (36), -0.09385 (36), -0.09345 (36), -0.09341 (36), -0.09282 (35), -0.09248 (35), -0.09217 (35), -0.09137 (36), -0.08972 (36), -0.08941 (36), -0.08886 (36), -0.08857 (36), -0.08811 (36), -0.08779 (36), -0.08774 (35), 
Current (lb-rhs): -0.10299921035766602
37946 domains visited
Length of domains: 3856
Cumulative time: 16.536211013793945

BaB round 24
batch: 3856
splitting decisions: 
split level 0: [/23, 2757] [/23, 2757] [/23, 2757] [/23, 2757] [/23, 2757] [/23, 2757] [/23, 2757] [/input, 5726] [/23, 2757] [/23, 2757] 
best_l after optimization: -97.32283020019531
beta sum per layer: [16727.919921875, 2077.9453125, 0.0]
alpha/beta optimization time: 1.0706098079681396
pruning_in_iteration open status: True
ratio of positive domain = 3667 / 7712 = 0.4754927385892116
pruning-in-iteration extra time: 0.005914449691772461
Time: get_branching_decision.update_bounds 0.0263    pickout 0.4505    branching_decision 0.0015    decision 0.0015    set_bounds 0.3559    prepare 0.2088    transfer 0.0007    finalize 0.2116    func 2.0034    solve 1.9798    add 0.0253    bab_iteration 2.4905    
Accumulated time: get_branching_decision.update_bounds 0.0263    bab_iteration 16.4666    pickout 2.6436    decision 0.0112    branching_decision 0.0107    set_bounds 1.4239    solve 13.0250    func 15.0273    prepare 1.2032    transfer 0.0037    finalize 1.6648    add 0.1609    
max lb 0.0027123689651489258 min lb -0.10143041610717773
Number of Verified Splits: 3667 of 7712
Current worst splitting domains lb-rhs (depth):
-0.10143 (36), -0.10116 (37), -0.09644 (36), -0.09615 (37), -0.09554 (37), -0.09519 (37), -0.09324 (37), -0.09311 (36), -0.09284 (37), -0.09272 (37), -0.09108 (36), -0.09064 (36), -0.09063 (37), -0.09033 (36), -0.08911 (37), -0.08880 (37), -0.08840 (37), -0.08825 (36), -0.08796 (37), -0.08724 (37), 
Current (lb-rhs): -0.10143041610717773
45658 domains visited
Length of domains: 4045
Cumulative time: 19.373769760131836

BaB round 25
batch: 4045
splitting decisions: 
split level 0: [/23, 2757] [/23, 2757] [/23, 2757] [/23, 2757] [/23, 2757] [/23, 2757] [/23, 2757] [/23, 2757] [/23, 2757] [/23, 2757] 
best_l after optimization: -127.77003479003906
beta sum per layer: [17536.6875, 2181.56201171875, 0.0]
alpha/beta optimization time: 1.283599615097046
pruning_in_iteration open status: True
ratio of positive domain = 2731 / 8090 = 0.33757725587144627
pruning-in-iteration extra time: 0.005904436111450195
Time: get_branching_decision.update_bounds 0.0263    pickout 0.6593    branching_decision 0.0015    decision 0.0015    set_bounds 0.1899    prepare 0.2212    transfer 0.0007    finalize 0.2893    func 2.6526    solve 2.0035    add 0.0245    bab_iteration 2.8376    
Accumulated time: get_branching_decision.update_bounds 0.0263    bab_iteration 19.3041    pickout 3.3029    decision 0.0126    branching_decision 0.0122    set_bounds 1.6137    solve 15.0285    func 17.6799    prepare 1.4245    transfer 0.0043    finalize 1.9540    add 0.1854    
max lb 0.0012354850769042969 min lb -0.10082077980041504
Number of Verified Splits: 2731 of 8090
Current worst splitting domains lb-rhs (depth):
-0.10082 (37), -0.09825 (38), -0.09802 (38), -0.09583 (37), -0.09326 (38), -0.09307 (38), -0.09264 (38), -0.09242 (38), -0.09242 (37), -0.09230 (38), -0.09207 (38), -0.09035 (38), -0.09035 (37), -0.09015 (38), -0.08994 (38), -0.08977 (38), -0.08975 (38), -0.08954 (38), -0.08890 (37), -0.08865 (38), 
Current (lb-rhs): -0.10082077980041504
53748 domains visited
Length of domains: 5359
Cumulative time: 22.915372371673584

BaB round 26
batch: 4096
splitting decisions: 
split level 0: [/23, 2728] [/23, 2728] [/23, 2728] [/23, 2728] [/23, 2728] [/23, 2728] [/23, 2728] [/23, 2728] [/23, 2728] [/23, 2728] 
best_l after optimization: -118.51042938232422
beta sum per layer: [18019.421875, 1942.153076171875, 0.0]
alpha/beta optimization time: 1.2691612243652344
pruning_in_iteration open status: True
ratio of positive domain = 3050 / 8192 = 0.372314453125
pruning-in-iteration extra time: 0.005840778350830078
Time: get_branching_decision.update_bounds 0.0263    pickout 0.4744    branching_decision 0.0013    decision 0.0013    set_bounds 0.3691    prepare 0.2265    transfer 0.0006    finalize 0.2767    func 2.4199    solve 2.6527    add 0.0348    bab_iteration 3.5416    
Accumulated time: get_branching_decision.update_bounds 0.0263    bab_iteration 22.8457    pickout 3.7773    decision 0.0140    branching_decision 0.0135    set_bounds 1.9829    solve 17.6811    func 20.0998    prepare 1.6510    transfer 0.0049    finalize 2.2307    add 0.2201    
max lb 0.0009179115295410156 min lb -0.09792768955230713
Number of Verified Splits: 3050 of 8192
Current worst splitting domains lb-rhs (depth):
-0.09802 (38), -0.09793 (38), -0.09781 (39), -0.09773 (38), -0.09307 (38), -0.09294 (38), -0.09282 (39), -0.09275 (38), -0.09242 (38), -0.09220 (39), -0.09207 (38), -0.09185 (39), -0.09015 (38), -0.08991 (39), -0.08975 (38), -0.08952 (38), -0.08950 (39), -0.08930 (38), -0.08927 (39), -0.08906 (39), 
Current (lb-rhs): -0.09802484512329102
61940 domains visited
Length of domains: 6405
Cumulative time: 26.21454930305481

BaB round 27
batch: 4096
splitting decisions: 
split level 0: [/23, 536] [/input, 2894] [/input, 2894] [/input, 2894] [/input, 2894] [/input, 2894] [/input, 2894] [/input, 2894] [/input, 2894] [/input, 2894] 
best_l after optimization: -103.4045639038086
beta sum per layer: [17528.58984375, 2456.444091796875, 0.0]
alpha/beta optimization time: 1.1874198913574219
pruning_in_iteration open status: True
ratio of positive domain = 3482 / 8192 = 0.425048828125
pruning-in-iteration extra time: 0.0063343048095703125
Time: get_branching_decision.update_bounds 0.0263    pickout 0.6720    branching_decision 0.0012    decision 0.0012    set_bounds 0.1963    prepare 0.2292    transfer 0.0010    finalize 0.2512    func 2.4420    solve 2.4200    add 0.0308    bab_iteration 3.2992    
Accumulated time: get_branching_decision.update_bounds 0.0263    bab_iteration 26.1448    pickout 4.4494    decision 0.0152    branching_decision 0.0147    set_bounds 2.1792    solve 20.1011    func 22.5418    prepare 1.8801    transfer 0.0059    finalize 2.4819    add 0.2509    
max lb 0.0004029273986816406 min lb -0.09754717350006104
Number of Verified Splits: 3482 of 8192
Current worst splitting domains lb-rhs (depth):
-0.09802 (38), -0.09773 (38), -0.09755 (40), -0.09749 (39), -0.09307 (38), -0.09275 (38), -0.09255 (40), -0.09250 (39), -0.09242 (38), -0.09207 (38), -0.09194 (40), -0.09159 (40), -0.09015 (38), -0.08975 (38), -0.08964 (40), -0.08924 (40), -0.08908 (39), -0.08906 (39), -0.08897 (40), -0.08876 (39), 
Current (lb-rhs): -0.09802484512329102
70132 domains visited
Length of domains: 7019
Cumulative time: 29.558557271957397

BaB round 28
batch: 4096
splitting decisions: 
split level 0: [/input, 5671] [/input, 5671] [/input, 5671] [/input, 5671] [/input, 5671] [/input, 5671] [/input, 5671] [/input, 5671] [/input, 5671] [/input, 5671] 
best_l after optimization: -110.08493041992188
beta sum per layer: [17279.783203125, 3114.780029296875, 0.0]
alpha/beta optimization time: 1.256208896636963
pruning_in_iteration open status: True
ratio of positive domain = 3017 / 8192 = 0.3682861328125
pruning-in-iteration extra time: 0.00577998161315918
Time: get_branching_decision.update_bounds 0.0263    pickout 0.4769    branching_decision 0.0012    decision 0.0012    set_bounds 0.3785    prepare 0.2217    transfer 0.0009    finalize 0.2816    func 2.4003    solve 2.4420    add 0.0295    bab_iteration 3.3440    
Accumulated time: get_branching_decision.update_bounds 0.0263    bab_iteration 29.4888    pickout 4.9262    decision 0.0164    branching_decision 0.0159    set_bounds 2.5577    solve 22.5431    func 24.9421    prepare 2.1019    transfer 0.0068    finalize 2.7635    add 0.2804    
max lb 0.0005872249603271484 min lb -0.097220778465271
Number of Verified Splits: 3017 of 8192
Current worst splitting domains lb-rhs (depth):
-0.09802 (38), -0.09773 (38), -0.09722 (40), -0.09598 (41), -0.09307 (38), -0.09275 (38), -0.09242 (38), -0.09223 (40), -0.09207 (38), -0.09098 (41), -0.09037 (41), -0.09015 (38), -0.09002 (41), -0.08975 (38), -0.08906 (39), -0.08882 (40), -0.08876 (39), -0.08810 (38), -0.08807 (41), -0.08767 (41), 
Current (lb-rhs): -0.09802484512329102
78324 domains visited
Length of domains: 8098
Cumulative time: 32.85216546058655

BaB round 29
batch: 4096
splitting decisions: 
split level 0: [/input, 5814] [/input, 5814] [/input, 5814] [/input, 5814] [/input, 5814] [/input, 5814] [/input, 5814] [/input, 5814] [/input, 5814] [/input, 5814] 
best_l after optimization: -97.01664733886719
beta sum per layer: [17154.2734375, 3862.15673828125, 0.0]
alpha/beta optimization time: 1.253657579421997
pruning_in_iteration open status: True
ratio of positive domain = 3107 / 8192 = 0.3792724609375
pruning-in-iteration extra time: 0.00577855110168457
Time: get_branching_decision.update_bounds 0.0263    pickout 0.6657    branching_decision 0.0012    decision 0.0012    set_bounds 0.1898    prepare 0.2205    transfer 0.0010    finalize 0.4546    func 2.5650    solve 2.4003    add 0.0339    bab_iteration 3.2936    
Accumulated time: get_branching_decision.update_bounds 0.0263    bab_iteration 32.7824    pickout 5.5919    decision 0.0176    branching_decision 0.0171    set_bounds 2.7476    solve 24.9435    func 27.5071    prepare 2.3224    transfer 0.0077    finalize 3.2181    add 0.3143    
max lb 0.0020029544830322266 min lb -0.0956500768661499
Number of Verified Splits: 3107 of 8192
Current worst splitting domains lb-rhs (depth):
-0.09802 (38), -0.09773 (38), -0.09598 (41), -0.09565 (41), -0.09307 (38), -0.09275 (38), -0.09242 (38), -0.09207 (38), -0.09098 (41), -0.09066 (41), -0.09037 (41), -0.09015 (38), -0.09002 (41), -0.08975 (38), -0.08906 (39), -0.08876 (39), -0.08810 (38), -0.08807 (41), -0.08767 (41), -0.08735 (41), 
Current (lb-rhs): -0.09802484512329102
86516 domains visited
Length of domains: 9087
Cumulative time: 36.32548975944519

BaB round 30
batch: 4096
splitting decisions: 
split level 0: [/input, 2894] [/23, 535] [/23, 535] [/23, 535] [/input, 2894] [/input, 2894] [/input, 2894] [/input, 2894] [/input, 2894] [/input, 2894] 
best_l after optimization: -83.88385009765625
beta sum per layer: [16538.19921875, 4825.8994140625, 0.0]
alpha/beta optimization time: 1.1623268127441406
pruning_in_iteration open status: True
ratio of positive domain = 3545 / 8192 = 0.4327392578125
pruning-in-iteration extra time: 0.0060389041900634766
Time: get_branching_decision.update_bounds 0.0263    pickout 0.4712    branching_decision 0.0012    decision 0.0013    set_bounds 0.4058    prepare 0.2219    transfer 0.0010    finalize 0.2536    func 2.2222    solve 2.5650    add 0.0479    bab_iteration 3.4733    
Accumulated time: get_branching_decision.update_bounds 0.0263    bab_iteration 36.2558    pickout 6.0631    decision 0.0189    branching_decision 0.0183    set_bounds 3.1533    solve 27.5085    func 29.7293    prepare 2.5442    transfer 0.0087    finalize 3.4717    add 0.3622    
max lb 0.0008319616317749023 min lb -0.08622705936431885
Number of Verified Splits: 3545 of 8192
Current worst splitting domains lb-rhs (depth):
-0.09802 (38), -0.09773 (38), -0.09598 (41), -0.09565 (41), -0.09307 (38), -0.09275 (38), -0.09242 (38), -0.09207 (38), -0.09098 (41), -0.09066 (41), -0.09037 (41), -0.09015 (38), -0.09002 (41), -0.08975 (38), -0.08906 (39), -0.08876 (39), -0.08810 (38), -0.08807 (41), -0.08767 (41), -0.08735 (41), 
Current (lb-rhs): -0.09802484512329102
94708 domains visited
Length of domains: 9638
Cumulative time: 39.46103310585022

BaB round 31
batch: 4096
splitting decisions: 
split level 0: [/input, 5671] [/input, 5671] [/input, 487] [/input, 487] [/23, 536] [/input, 487] [/input, 487] [/input, 487] [/input, 2894] [/input, 2894] 
best_l after optimization: -74.28374481201172
beta sum per layer: [16444.19921875, 4554.2578125, 0.0]
alpha/beta optimization time: 1.0901012420654297
pruning_in_iteration open status: True
ratio of positive domain = 3951 / 8192 = 0.4822998046875
pruning-in-iteration extra time: 0.006302595138549805
Time: get_branching_decision.update_bounds 0.0263    pickout 0.6845    branching_decision 0.0012    decision 0.0012    set_bounds 0.1916    prepare 0.2461    transfer 0.0011    finalize 0.2567    func 2.1461    solve 2.2223    add 0.0325    bab_iteration 3.1355    
Accumulated time: get_branching_decision.update_bounds 0.0263    bab_iteration 39.3913    pickout 6.7476    decision 0.0201    branching_decision 0.0195    set_bounds 3.3449    solve 29.7308    func 31.8754    prepare 2.7904    transfer 0.0098    finalize 3.7284    add 0.3947    
max lb 0.0006890296936035156 min lb -0.07706713676452637
Number of Verified Splits: 3951 of 8192
Current worst splitting domains lb-rhs (depth):
-0.09802 (38), -0.09773 (38), -0.09598 (41), -0.09565 (41), -0.09307 (38), -0.09275 (38), -0.09242 (38), -0.09207 (38), -0.09098 (41), -0.09066 (41), -0.09037 (41), -0.09015 (38), -0.09002 (41), -0.08975 (38), -0.08906 (39), -0.08876 (39), -0.08810 (38), -0.08807 (41), -0.08767 (41), -0.08735 (41), 
Current (lb-rhs): -0.09802484512329102
102900 domains visited
Length of domains: 9783
Cumulative time: 42.68776607513428

BaB round 32
batch: 4096
splitting decisions: 
split level 0: [/input, 5671] [/input, 5671] [/input, 5671] [/input, 5671] [/input, 5671] [/input, 5671] [/input, 5671] [/input, 5671] [/input, 5671] [/input, 5671] 
best_l after optimization: -74.44009399414062
beta sum per layer: [16550.23828125, 4526.12060546875, 0.0]
alpha/beta optimization time: 1.1394233703613281
pruning_in_iteration open status: True
ratio of positive domain = 3769 / 8192 = 0.4600830078125
pruning-in-iteration extra time: 0.006509065628051758
Time: get_branching_decision.update_bounds 0.0263    pickout 0.7487    branching_decision 0.0014    decision 0.0014    set_bounds 0.1997    prepare 0.2308    transfer 0.0011    finalize 0.4651    func 2.4089    solve 2.1462    add 0.2008    bab_iteration 3.2267    
Accumulated time: get_branching_decision.update_bounds 0.0263    bab_iteration 42.6180    pickout 7.4962    decision 0.0215    branching_decision 0.0209    set_bounds 3.5446    solve 31.8770    func 34.2843    prepare 3.0212    transfer 0.0109    finalize 4.1934    add 0.5955    
max lb 0.0004202127456665039 min lb -0.07676517963409424
Number of Verified Splits: 3769 of 8192
Current worst splitting domains lb-rhs (depth):
-0.09802 (38), -0.09773 (38), -0.09598 (41), -0.09565 (41), -0.09307 (38), -0.09275 (38), -0.09242 (38), -0.09207 (38), -0.09098 (41), -0.09066 (41), -0.09037 (41), -0.09015 (38), -0.09002 (41), -0.08975 (38), -0.08906 (39), -0.08876 (39), -0.08810 (38), -0.08807 (41), -0.08767 (41), -0.08735 (41), 
Current (lb-rhs): -0.09802484512329102
111092 domains visited
Length of domains: 10110
Cumulative time: 46.07943367958069

BaB round 33
batch: 4096
splitting decisions: 
split level 0: [/23, 3645] [/23, 3645] [/23, 3645] [/23, 3645] [/23, 3645] [/23, 3645] [/input, 3373] [/input, 3373] [/23, 3645] [/input, 3373] 
best_l after optimization: -70.60356140136719
beta sum per layer: [16441.57421875, 4672.7333984375, 0.0]
alpha/beta optimization time: 1.1454083919525146
pruning_in_iteration open status: True
ratio of positive domain = 3787 / 8192 = 0.4622802734375
pruning-in-iteration extra time: 0.0067255496978759766
Time: get_branching_decision.update_bounds 0.0263    pickout 0.5048    branching_decision 0.0014    decision 0.0014    set_bounds 0.1992    prepare 0.4965    transfer 0.0015    finalize 0.2529    func 2.4628    solve 2.4089    add 0.0304    bab_iteration 3.3917    
Accumulated time: get_branching_decision.update_bounds 0.0263    bab_iteration 46.0097    pickout 8.0010    decision 0.0230    branching_decision 0.0223    set_bounds 3.7438    solve 34.2859    func 36.7470    prepare 3.5177    transfer 0.0124    finalize 4.4464    add 0.6258    
max lb 0.00019085407257080078 min lb -0.07519447803497314
Number of Verified Splits: 3787 of 8192
Current worst splitting domains lb-rhs (depth):
-0.09802 (38), -0.09773 (38), -0.09598 (41), -0.09565 (41), -0.09307 (38), -0.09275 (38), -0.09242 (38), -0.09207 (38), -0.09098 (41), -0.09066 (41), -0.09037 (41), -0.09015 (38), -0.09002 (41), -0.08975 (38), -0.08906 (39), -0.08876 (39), -0.08810 (38), -0.08807 (41), -0.08767 (41), -0.08735 (41), 
Current (lb-rhs): -0.09802484512329102
119284 domains visited
Length of domains: 10419
Cumulative time: 49.28325533866882

BaB round 34
batch: 4096
splitting decisions: 
split level 0: [/23, 3616] [/23, 3616] [/23, 3616] [/23, 3616] [/23, 3616] [/23, 3616] [/23, 3616] [/23, 3616] [/23, 3616] [/23, 3616] 
best_l after optimization: -67.16130828857422
beta sum per layer: [16185.4697265625, 5046.0693359375, 0.0]
alpha/beta optimization time: 1.1068451404571533
pruning_in_iteration open status: True
ratio of positive domain = 3819 / 8192 = 0.4661865234375
pruning-in-iteration extra time: 0.0068018436431884766
Time: get_branching_decision.update_bounds 0.0263    pickout 0.7745    branching_decision 0.0015    decision 0.0015    set_bounds 0.2024    prepare 0.2337    transfer 0.0015    finalize 0.2565    func 2.1630    solve 2.4629    add 0.0321    bab_iteration 3.2038    
Accumulated time: get_branching_decision.update_bounds 0.0263    bab_iteration 49.2135    pickout 8.7755    decision 0.0245    branching_decision 0.0239    set_bounds 3.9462    solve 36.7488    func 38.9100    prepare 3.7513    transfer 0.0140    finalize 4.7028    add 0.6580    
max lb 0.00023555755615234375 min lb -0.07417464256286621
Number of Verified Splits: 3819 of 8192
Current worst splitting domains lb-rhs (depth):
-0.09802 (38), -0.09773 (38), -0.09598 (41), -0.09565 (41), -0.09307 (38), -0.09275 (38), -0.09242 (38), -0.09207 (38), -0.09098 (41), -0.09066 (41), -0.09037 (41), -0.09015 (38), -0.09002 (41), -0.08975 (38), -0.08906 (39), -0.08876 (39), -0.08810 (38), -0.08807 (41), -0.08767 (41), -0.08735 (41), 
Current (lb-rhs): -0.09802484512329102
127476 domains visited
Length of domains: 10696
Cumulative time: 52.45812726020813

BaB round 35
batch: 4096
splitting decisions: 
split level 0: [/input, 5864] [/23, 3281] [/input, 5814] [/23, 3281] [/23, 536] [/23, 3616] [/23, 3616] [/23, 3281] [/23, 3281] [/23, 3281] 
best_l after optimization: -60.03718948364258
beta sum per layer: [16119.896484375, 4844.93896484375, 0.0]
alpha/beta optimization time: 1.0345795154571533
pruning_in_iteration open status: True
ratio of positive domain = 4171 / 8192 = 0.5091552734375
pruning-in-iteration extra time: 0.006632566452026367
Time: get_branching_decision.update_bounds 0.0263    pickout 0.7797    branching_decision 0.0015    decision 0.0015    set_bounds 0.2016    prepare 0.2370    transfer 0.0019    finalize 0.2386    func 2.0356    solve 2.1630    add 0.0298    bab_iteration 3.1749    
Accumulated time: get_branching_decision.update_bounds 0.0263    bab_iteration 52.3884    pickout 9.5553    decision 0.0260    branching_decision 0.0253    set_bounds 4.1478    solve 38.9118    func 40.9456    prepare 3.9884    transfer 0.0158    finalize 4.9415    add 0.6877    
max lb 0.00010502338409423828 min lb -0.07347273826599121
Number of Verified Splits: 4171 of 8192
Current worst splitting domains lb-rhs (depth):
-0.09802 (38), -0.09773 (38), -0.09598 (41), -0.09565 (41), -0.09307 (38), -0.09275 (38), -0.09242 (38), -0.09207 (38), -0.09098 (41), -0.09066 (41), -0.09037 (41), -0.09015 (38), -0.09002 (41), -0.08975 (38), -0.08906 (39), -0.08876 (39), -0.08810 (38), -0.08807 (41), -0.08767 (41), -0.08735 (41), 
Current (lb-rhs): -0.09802484512329102
135668 domains visited
Length of domains: 10621
Time out!!!!!!!!
Result: unknown in 61.5650 seconds

 %%%%%%%%%%%%%%%%%%%%%%%%%%%%%%%%%%% idx: 6, vnnlib ID: 6 %%%%%%%%%%%%%%%%%%%%%%%%%%%%%%%%%%%
Finished vnnlib processing in 0.001652 seconds
Model: BoundedModule(
  (/input-1): BoundInput(name=/input-1, inputs=[], perturbed=True)
  (/shape): BoundBuffers(name=/shape, inputs=[], perturbed=False)
  (/10): BoundParams(name=/10, inputs=[], perturbed=False)
  (/11): BoundParams(name=/11, inputs=[], perturbed=False)
  (/12): BoundParams(name=/12, inputs=[], perturbed=False)
  (/13): BoundParams(name=/13, inputs=[], perturbed=False)
  (/14): BoundParams(name=/14, inputs=[], perturbed=False)
  (/15): BoundParams(name=/15, inputs=[], perturbed=False)
  (/16): BoundParams(name=/16, inputs=[], perturbed=False)
  (/17): BoundParams(name=/17, inputs=[], perturbed=False)
  (/input): BoundConv(name=/input, inputs=[/input-1, /10, /11], perturbed=True)
  (/input-4): BoundRelu(name=/input-4, inputs=[/input], perturbed=True)
  (/tensor): BoundConv(name=/tensor, inputs=[/input-4, /12, /13], perturbed=True)
  (/21): BoundSplit(name=/21, inputs=[/tensor], perturbed=True)
  (/22): BoundSplit(name=/22, inputs=[/tensor], perturbed=True)
  (/23): BoundAdd(name=/23, inputs=[/21, /22], perturbed=True)
  (/24): BoundRelu(name=/24, inputs=[/23], perturbed=True)
  (/25): BoundSplit(name=/25, inputs=[/shape], perturbed=False)
  (/26): BoundSplit(name=/26, inputs=[/shape], perturbed=False)
  (/27): BoundConstant(name=/27, value=tensor([0], device='cuda:0'))
  (/28): BoundSqueeze(name=/28, inputs=[/25, /27], perturbed=False)
  (/29): BoundConstant(name=/29, value=tensor([0], device='cuda:0'))
  (/30): BoundSqueeze(name=/30, inputs=[/26, /29], perturbed=False)
  (/31): BoundConstant(name=/31, value=tensor([0], device='cuda:0'))
  (/32): BoundUnsqueeze(name=/32, inputs=[/28, /31], perturbed=False)
  (/33): BoundConstant(name=/33, value=tensor([0], device='cuda:0'))
  (/34): BoundUnsqueeze(name=/34, inputs=[/30, /33], perturbed=False)
  (/35): BoundConcat(name=/35, inputs=[/32, /34], perturbed=False)
  (/36): BoundReshape(name=/36, inputs=[/24, /35], perturbed=True)
  (/input-8): BoundLinear(name=/input-8, inputs=[/36, /14, /15], perturbed=True)
  (/38): BoundRelu(name=/38, inputs=[/input-8], perturbed=True)
  (/39): BoundLinear(name=/39, inputs=[/38, /16, /17], perturbed=True)
)
Original output in the first batch: tensor([[-2.45666289, -2.22475696, -1.73973835,  2.25172806,  7.18227243,
          4.33149242, -3.62663269,  4.87875891,  4.05887079,  4.12637424]],
       device='cuda:0')
Split layers:
Nonlinear functions:
   BoundRelu(name=/input-4, inputs=[/input], perturbed=True)
   BoundRelu(name=/24, inputs=[/23], perturbed=True)
   BoundRelu(name=/38, inputs=[/input-8], perturbed=True)
build batch [1/1]
layer /input-4 using sparse-features alpha with shape [1530]; unstable size 1530; total size 6272 ([1, 8, 28, 28])
layer /input-4 start_node /23 using full alpha [2, 6272, 1, 1530] with unstable size None total_size 6272 output_shape torch.Size([8, 28, 28])
layer /input-4 start_node /input-8 using sparse-spec alpha [2, 14, 1, 1530] with unstable size 13 total_size 64 output_shape torch.Size([64])
layer /input-4 start_node /39 using full alpha [2, 9, 1, 1530] with unstable size None total_size 9 output_shape 9
layer /24 using sparse-features alpha with shape [1981]; unstable size 1981; total size 6272 ([1, 8, 28, 28])
layer /24 start_node /input-8 using sparse-spec alpha [2, 14, 1, 1981] with unstable size 13 total_size 64 output_shape torch.Size([64])
layer /24 start_node /39 using full alpha [2, 9, 1, 1981] with unstable size None total_size 9 output_shape 9
layer /38 using sparse-features alpha with shape [13]; unstable size 13; total size 64 ([1, 64])
layer /38 start_node /39 using full alpha [2, 9, 1, 13] with unstable size None total_size 9 output_shape 9
Optimizable variables initialized.
initial CROWN bounds (first 10 items): [3.715841054916382, 4.418389320373535, 2.820502758026123, -1.7836171388626099, -2.465853214263916, 4.374536514282227, -2.996274471282959, -1.8790535926818848, -0.9684594869613647]
prune_after_crown optimization in use
  original spec size = torch.Size([1, 9])
  pruned spec size = torch.Size([1, 5])
Using alpha-CROWN to initialize bounds.
best_l after optimization: -8.05146598815918
alpha/beta optimization time: 5.466575384140015
initial alpha-crown bounds (first 10 items): [-1.0762355327606201, -2.1463849544525146, -2.595226764678955, -1.5391907691955566, -0.6944280862808228]
Global lower bound: -2.595226764678955
4 / 9 OR specs are verified.
Verified OR indices (first 10 items): [0, 1, 2, 5]
Verified OR lbs (first 10 items): [[inf], [inf], [inf], [inf]]
Unverified OR indices (first 10 items): [3, 4, 6, 7, 8]
Unverified OR lbs (first 10 items): [[-1.0762355327606201], [-2.1463849544525146], [-2.595226764678955], [-1.5391907691955566], [-0.6944280862808228]]
###### Verifying property Instance 6 ######
Batch size: 5
First 10 spec matrices
C: tensor([[[ 0.,  0.,  0., -1.,  1.,  0.,  0.,  0.,  0.,  0.]],

        [[ 0.,  0.,  0.,  0.,  1., -1.,  0.,  0.,  0.,  0.]],

        [[ 0.,  0.,  0.,  0.,  1.,  0.,  0., -1.,  0.,  0.]],

        [[ 0.,  0.,  0.,  0.,  1.,  0.,  0.,  0., -1.,  0.]],

        [[ 0.,  0.,  0.,  0.,  1.,  0.,  0.,  0.,  0., -1.]]], device='cuda:0')
RHS: tensor([[0.],
        [0.],
        [0.],
        [0.],
        [0.]], device='cuda:0')
OR spec sizes: tensor([1, 1, 1, 1, 1], device='cuda:0', dtype=torch.int32)
Remaining timeout: 54.22254300117493
Model prediction is: tensor([-2.45666289, -2.22475696, -1.73973835,  2.25172806,  7.18227243,
         4.33149242, -3.62663269,  4.87875891,  4.05887079,  4.12637424],
       device='cuda:0')
Activation BaB batch 1/1 
build_with_refined_bounds batch [1/1]
Optimizable variables initialized.
all alpha initialized
directly get lb and ub from refined bounds
c shape: torch.Size([5, 1, 10])
lA shapes: [torch.Size([5, 1, 8, 28, 28]), torch.Size([5, 1, 8, 28, 28]), torch.Size([5, 1, 64])]
(alpha-)CROWN with fixed intermediate bounds: tensor([[-1.07623553],
        [-2.14638495],
        [-2.59522676],
        [-1.53919077],
        [-0.69442809]], device='cuda:0') tensor([[inf],
        [inf],
        [inf],
        [inf],
        [inf]], device='cuda:0')
Intermediate layers: /input,/23,/input-8
Keeping alphas for these layers: ['/39']
Node /input-4 input 0: size torch.Size([8, 28, 28]) unstable 1530
Node /24 input 0: size torch.Size([8, 28, 28]) unstable 1970
Node /38 input 0: size torch.Size([64]) unstable 13
-----------------
# of unstable neurons: 3513
-----------------

BaB round 1
batch: 5
splitting decisions: 
split level 0: [/input-8, 57] [/input-8, 57] [/input-8, 57] [/input-8, 26] [/input-8, 57] 
split level 1: [/input-8, 10] [/input-8, 17] [/input-8, 26] [/input-8, 22] [/input-8, 28] 
split level 2: [/input-8, 28] [/input-8, 28] [/input-8, 28] [/input-8, 28] [/input-8, 26] 
split level 3: [/input-8, 22] [/input-8, 26] [/input-8, 22] [/input-8, 46] [/input-8, 22] 
split level 4: [/input-8, 17] [/input-8, 63] [/input-8, 34] [/input-8, 57] [/input-8, 46] 
best_l after optimization: -23.781179428100586
beta sum per layer: [0.0, 0.0, 20.569393157958984]
alpha/beta optimization time: 0.16045570373535156
pruning_in_iteration open status: True
ratio of positive domain = 126 / 160 = 0.7875
pruning-in-iteration extra time: 0.005876064300537109
Time: get_branching_decision.update_bounds 0.0228    pickout 0.0016    branching_decision 0.0001    decision 0.0001    set_bounds 0.0080    prepare 0.0018    transfer 0.0000    finalize 0.0018    func 0.1854    
Accumulated time: get_branching_decision.update_bounds 0.0228    bab_iteration 0.0000    pickout 0.0016    decision 0.0001    branching_decision 0.0001    set_bounds 0.0080    solve 0.0000    func 0.1854    prepare 0.0018    transfer 0.0000    finalize 0.0018    
max lb 9.999999747378752e-05 min lb -2.3011350631713867
Number of Verified Splits: 126 of 160
Current worst splitting domains lb-rhs (depth):
-2.30114 (5), -2.22295 (5), -1.63380 (5), -1.57765 (5), -1.56976 (5), -1.56322 (5), -1.20455 (5), -1.20451 (5), -1.10138 (5), -1.08828 (5), -0.77783 (5), -0.72118 (5), -0.58783 (5), -0.57194 (5), -0.56476 (5), -0.56002 (5), -0.50264 (5), -0.50023 (5), -0.43751 (5), -0.41182 (5), 
Current (lb-rhs): -2.3011350631713867
160 domains visited
Length of domains: 34
Cumulative time: 0.2738180160522461

BaB round 2
batch: 34
splitting decisions: 
split level 0: [/input-8, 54] [/input-8, 54] [/input-8, 54] [/input, 2543] [/input-8, 22] [/input-8, 22] [/input, 2781] [/input-8, 54] [/input-8, 54] [/input, 2781] 
split level 1: [/input, 4353] [/input, 4242] [/input, 2543] [/input, 2781] [/input, 2781] [/input, 4242] [/input, 2543] [/input, 4248] [/input, 2543] [/input, 4150] 
best_l after optimization: -63.22492218017578
beta sum per layer: [37.66368103027344, 0.0, 83.25857543945312]
alpha/beta optimization time: 0.16687679290771484
pruning_in_iteration open status: True
ratio of positive domain = 59 / 136 = 0.4338235294117647
pruning-in-iteration extra time: 0.004837751388549805
Time: get_branching_decision.update_bounds 0.0228    pickout 0.0038    branching_decision 0.0001    decision 0.0001    set_bounds 0.0047    prepare 0.0033    transfer 0.0000    finalize 0.0038    func 0.1962    solve 0.1855    add 0.0009    bab_iteration 0.1962    
Accumulated time: get_branching_decision.update_bounds 0.0228    bab_iteration 0.1962    pickout 0.0054    decision 0.0002    branching_decision 0.0002    set_bounds 0.0127    solve 0.1855    func 0.3816    prepare 0.0051    transfer 0.0001    finalize 0.0056    add 0.0009    
max lb 9.999999747378752e-05 min lb -2.2940258979797363
Number of Verified Splits: 59 of 136
Current worst splitting domains lb-rhs (depth):
-2.29403 (7), -2.25562 (7), -2.24585 (7), -2.21573 (7), -2.20893 (7), -2.17224 (7), -2.16600 (7), -2.12468 (7), -1.61876 (7), -1.57343 (7), -1.55452 (7), -1.54011 (7), -1.51509 (7), -1.51065 (7), -1.50358 (7), -1.49556 (7), -1.48961 (7), -1.47113 (7), -1.46567 (7), -1.44536 (7), 
Current (lb-rhs): -2.2940258979797363
296 domains visited
Length of domains: 77
Cumulative time: 0.4800300598144531

BaB round 3
batch: 77
splitting decisions: 
split level 0: [/input, 5719] [/input, 4177] [/input, 4177] [/input, 4177] [/input, 5719] [/input, 3395] [/input-8, 46] [/input, 4177] [/23, 3356] [/input, 4241] 
best_l after optimization: -102.95967864990234
beta sum per layer: [115.33965301513672, 1.1337881088256836, 106.61187744140625]
alpha/beta optimization time: 0.1410365104675293
pruning_in_iteration open status: False
ratio of positive domain = 24 / 154 = 0.1558441558441559
pruning-in-iteration extra time: 5.602836608886719e-05
Time: get_branching_decision.update_bounds 0.0228    pickout 0.0083    branching_decision 0.0001    decision 0.0001    set_bounds 0.0044    prepare 0.0041    transfer 0.0000    finalize 0.0070    func 0.1788    solve 0.1962    add 0.0012    bab_iteration 0.2062    
Accumulated time: get_branching_decision.update_bounds 0.0228    bab_iteration 0.4024    pickout 0.0137    decision 0.0003    branching_decision 0.0003    set_bounds 0.0171    solve 0.3817    func 0.5604    prepare 0.0091    transfer 0.0001    finalize 0.0126    add 0.0021    
max lb 0.9576418399810791 min lb -2.2909464836120605
Number of Verified Splits: 24 of 154
Current worst splitting domains lb-rhs (depth):
-2.29095 (8), -2.28447 (8), -2.25191 (8), -2.24507 (8), -2.24011 (8), -2.23360 (8), -2.21265 (8), -2.20616 (8), -2.20059 (8), -2.19384 (8), -2.16869 (8), -2.16147 (8), -2.16145 (8), -2.15483 (8), -2.11610 (8), -2.10916 (8), -1.61525 (8), -1.56911 (8), -1.55089 (8), -1.51900 (8), 
Current (lb-rhs): -2.2909464836120605
450 domains visited
Length of domains: 130
Cumulative time: 0.6735537052154541

BaB round 4
batch: 130
splitting decisions: 
split level 0: [/input, 4177] [/input, 4150] [/input, 4189] [/input, 4189] [/input, 3449] [/input, 3449] [/input, 4189] [/input-8, 46] [/input, 4189] [/input, 4241] 
best_l after optimization: -200.331298828125
beta sum per layer: [294.43597412109375, 4.500861644744873, 179.3039093017578]
alpha/beta optimization time: 0.13745689392089844
pruning_in_iteration open status: False
ratio of positive domain = 31 / 260 = 0.11923076923076925
pruning-in-iteration extra time: 5.221366882324219e-05
Time: get_branching_decision.update_bounds 0.0228    pickout 0.0140    branching_decision 0.0002    decision 0.0002    set_bounds 0.0067    prepare 0.0067    transfer 0.0001    finalize 0.0124    func 0.1923    solve 0.1789    add 0.0016    bab_iteration 0.1935    
Accumulated time: get_branching_decision.update_bounds 0.0228    bab_iteration 0.5959    pickout 0.0277    decision 0.0005    branching_decision 0.0004    set_bounds 0.0238    solve 0.5605    func 0.7527    prepare 0.0158    transfer 0.0002    finalize 0.0250    add 0.0037    
max lb 0.5643893480300903 min lb -2.2888894081115723
Number of Verified Splits: 31 of 260
Current worst splitting domains lb-rhs (depth):
-2.28889 (9), -2.28243 (9), -2.28010 (9), -2.27363 (9), -2.24978 (9), -2.24256 (9), -2.24098 (9), -2.23717 (9), -2.23377 (9), -2.23081 (9), -2.22838 (9), -2.22225 (9), -2.21030 (9), -2.20227 (9), -2.20220 (9), -2.19783 (9), -2.19333 (9), -2.19053 (9), -2.18913 (9), -2.18172 (9), 
Current (lb-rhs): -2.2888894081115723
710 domains visited
Length of domains: 229
Cumulative time: 0.8893046379089355

BaB round 5
batch: 229
splitting decisions: 
split level 0: [/input, 2671] [/input, 2671] [/input, 4162] [/input, 4162] [/input, 5691] [/input, 4177] [/input, 2542] [/input, 2542] [/input, 2818] [/input, 2512] 
best_l after optimization: -393.783203125
beta sum per layer: [750.46142578125, 15.034976959228516, 309.9811096191406]
alpha/beta optimization time: 0.1371166706085205
pruning_in_iteration open status: False
ratio of positive domain = 13 / 458 = 0.028384279475982543
pruning-in-iteration extra time: 6.914138793945312e-05
Time: get_branching_decision.update_bounds 0.0228    pickout 0.0217    branching_decision 0.0001    decision 0.0002    set_bounds 0.0108    prepare 0.0108    transfer 0.0001    finalize 0.0216    func 0.2328    solve 0.1924    add 0.0022    bab_iteration 0.2157    
Accumulated time: get_branching_decision.update_bounds 0.0228    bab_iteration 0.8116    pickout 0.0494    decision 0.0007    branching_decision 0.0006    set_bounds 0.0346    solve 0.7529    func 0.9855    prepare 0.0266    transfer 0.0003    finalize 0.0466    add 0.0060    
max lb 0.0538020133972168 min lb -2.286984443664551
Number of Verified Splits: 13 of 458
Current worst splitting domains lb-rhs (depth):
-2.28698 (10), -2.28054 (10), -2.27041 (10), -2.26396 (10), -2.24782 (10), -2.24082 (10), -2.23658 (10), -2.23468 (10), -2.23124 (10), -2.23019 (10), -2.22815 (10), -2.22410 (10), -2.22255 (10), -2.21811 (10), -2.21619 (10), -2.21186 (10), -2.20801 (10), -2.19958 (10), -2.19738 (10), -2.19515 (10), 
Current (lb-rhs): -2.286984443664551
1168 domains visited
Length of domains: 445
Cumulative time: 1.160290241241455

BaB round 6
batch: 445
splitting decisions: 
split level 0: [/input, 2672] [/input, 2672] [/input, 4633] [/input, 4633] [/input, 4177] [/input, 4150] [/input, 2543] [/input, 2514] [/input, 4524] [/input, 2515] 
best_l after optimization: -743.5341796875
beta sum per layer: [1856.617431640625, 45.9251594543457, 601.468017578125]
alpha/beta optimization time: 0.16001367568969727
pruning_in_iteration open status: False
ratio of positive domain = 69 / 890 = 0.07752808988764048
pruning-in-iteration extra time: 7.486343383789062e-05
Time: get_branching_decision.update_bounds 0.0228    pickout 0.0409    branching_decision 0.0002    decision 0.0002    set_bounds 0.0204    prepare 0.0208    transfer 0.0001    finalize 0.0437    func 0.3357    solve 0.2328    add 0.0052    bab_iteration 0.2710    
Accumulated time: get_branching_decision.update_bounds 0.0228    bab_iteration 1.0826    pickout 0.0903    decision 0.0009    branching_decision 0.0008    set_bounds 0.0549    solve 0.9858    func 1.3212    prepare 0.0473    transfer 0.0004    finalize 0.0903    add 0.0112    
max lb 0.054674386978149414 min lb -2.2841532230377197
Number of Verified Splits: 70 of 890
Current worst splitting domains lb-rhs (depth):
-2.28415 (11), -2.27765 (11), -2.27004 (11), -2.26354 (11), -2.26241 (11), -2.25590 (11), -2.24824 (11), -2.24485 (11), -2.24171 (11), -2.23776 (11), -2.23171 (11), -2.23096 (11), -2.23063 (11), -2.22901 (11), -2.22545 (11), -2.22438 (11), -2.22356 (11), -2.22296 (11), -2.22247 (11), -2.21707 (11), 
Current (lb-rhs): -2.2841532230377197
2058 domains visited
Length of domains: 820
Cumulative time: 1.5642268657684326

BaB round 7
batch: 820
splitting decisions: 
split level 0: [/23, 743] [/23, 743] [/input, 2785] [/input, 2785] [/input, 4150] [/input, 4099] [/input, 2514] [/input, 4162] [/input, 4353] [/input, 2841] 
best_l after optimization: -1438.185791015625
beta sum per layer: [3719.458251953125, 117.78504943847656, 999.3218994140625]
alpha/beta optimization time: 0.27410149574279785
pruning_in_iteration open status: False
ratio of positive domain = 131 / 1640 = 0.07987804878048776
pruning-in-iteration extra time: 5.412101745605469e-05
Time: get_branching_decision.update_bounds 0.0228    pickout 0.0747    branching_decision 0.0005    decision 0.0005    set_bounds 0.0367    prepare 0.0379    transfer 0.0001    finalize 0.0942    func 0.6007    solve 0.3357    add 0.0063    bab_iteration 0.4039    
Accumulated time: get_branching_decision.update_bounds 0.0228    bab_iteration 1.4865    pickout 0.1650    decision 0.0014    branching_decision 0.0013    set_bounds 0.0916    solve 1.3215    func 1.9219    prepare 0.0852    transfer 0.0005    finalize 0.1845    add 0.0175    
max lb 0.08382487297058105 min lb -2.282372236251831
Number of Verified Splits: 132 of 1640
Current worst splitting domains lb-rhs (depth):
-2.28237 (12), -2.27585 (12), -2.26836 (12), -2.26190 (12), -2.26041 (12), -2.26017 (12), -2.25445 (12), -2.25367 (12), -2.24640 (12), -2.24331 (12), -2.24285 (12), -2.23988 (12), -2.23843 (12), -2.23642 (12), -2.23626 (12), -2.22910 (12), -2.22881 (12), -2.22879 (12), -2.22804 (12), -2.22650 (12), 
Current (lb-rhs): -2.282372236251831
3698 domains visited
Length of domains: 1508
Cumulative time: 2.476837158203125

BaB round 8
batch: 1508
splitting decisions: 
split level 0: [/input, 2750] [/input, 3395] [/23, 2697] [/23, 2697] [/input, 4099] [/input, 5691] [/input, 4162] [/input, 2543] [/input, 2791] [/23, 3317] 
best_l after optimization: -2817.938720703125
beta sum per layer: [7325.482421875, 406.9866943359375, 1665.1064453125]
alpha/beta optimization time: 0.5413739681243896
pruning_in_iteration open status: False
ratio of positive domain = 132 / 3016 = 0.04376657824933683
pruning-in-iteration extra time: 0.000164031982421875
Time: get_branching_decision.update_bounds 0.0228    pickout 0.1608    branching_decision 0.0007    decision 0.0008    set_bounds 0.0636    prepare 0.0744    transfer 0.0001    finalize 0.1437    func 1.2906    solve 0.6007    add 0.1890    bab_iteration 0.9126    
Accumulated time: get_branching_decision.update_bounds 0.0228    bab_iteration 2.3991    pickout 0.3258    decision 0.0022    branching_decision 0.0020    set_bounds 0.1552    solve 1.9222    func 3.2125    prepare 0.1596    transfer 0.0005    finalize 0.3282    add 0.2065    
max lb 0.07047808170318604 min lb -2.281266450881958
Number of Verified Splits: 135 of 3016
Current worst splitting domains lb-rhs (depth):
-2.28127 (13), -2.27476 (13), -2.26664 (13), -2.26013 (13), -2.25928 (13), -2.25852 (13), -2.25546 (13), -2.25277 (13), -2.25206 (13), -2.24899 (13), -2.24585 (13), -2.24452 (13), -2.24175 (13), -2.24032 (13), -2.23930 (13), -2.23798 (13), -2.23657 (13), -2.23466 (13), -2.23376 (13), -2.23357 (13), 
Current (lb-rhs): -2.281266450881958
6714 domains visited
Length of domains: 2881
Cumulative time: 4.058273553848267

BaB round 9
batch: 2048
splitting decisions: 
split level 0: [/23, 743] [/input, 2750] [/input, 2750] [/input, 4243] [/input, 4633] [/input, 3449] [/input, 4554] [/23, 3318] [/input, 4885] [/input, 2750] 
best_l after optimization: -3885.5751953125
beta sum per layer: [11554.400390625, 1378.86572265625, 2068.30419921875]
alpha/beta optimization time: 0.7398457527160645
pruning_in_iteration open status: False
ratio of positive domain = 172 / 4096 = 0.0419921875
pruning-in-iteration extra time: 7.367134094238281e-05
Time: get_branching_decision.update_bounds 0.0228    pickout 0.1801    branching_decision 0.0008    decision 0.0008    set_bounds 0.0922    prepare 0.0980    transfer 0.0001    finalize 0.3128    func 1.6346    solve 1.2907    add 0.0648    bab_iteration 1.5814    
Accumulated time: get_branching_decision.update_bounds 0.0228    bab_iteration 3.9806    pickout 0.5059    decision 0.0030    branching_decision 0.0028    set_bounds 0.2474    solve 3.2129    func 4.8471    prepare 0.2576    transfer 0.0006    finalize 0.6410    add 0.2713    
max lb 0.07668161392211914 min lb -2.2548131942749023
Number of Verified Splits: 173 of 4096
Current worst splitting domains lb-rhs (depth):
-2.28127 (13), -2.27476 (13), -2.26664 (13), -2.26013 (13), -2.25928 (13), -2.25481 (14), -2.25277 (13), -2.25186 (14), -2.24836 (14), -2.24524 (14), -2.24452 (13), -2.24287 (14), -2.24199 (14), -2.24175 (13), -2.23998 (14), -2.23798 (13), -2.23693 (14), -2.23555 (14), -2.23467 (14), -2.23466 (13), 
Current (lb-rhs): -2.281266450881958
10810 domains visited
Length of domains: 4756
current_vram/total_varm: 16.4GB/47.7GB, batch_size increase to 4096
Cumulative time: 5.997922897338867

BaB round 10
batch: 4096
splitting decisions: 
split level 0: [/23, 743] [/input, 2791] [/input, 2750] [/input, 2750] [/input, 2901] [/input, 4072] [/input, 4633] [/23, 3356] [/input, 4072] [/input, 3449] 
best_l after optimization: -7827.517578125
beta sum per layer: [25878.5546875, 4013.1083984375, 4036.116943359375]
alpha/beta optimization time: 1.473088264465332
pruning_in_iteration open status: False
ratio of positive domain = 194 / 8192 = 0.023681640625
pruning-in-iteration extra time: 7.891654968261719e-05
Time: get_branching_decision.update_bounds 0.0228    pickout 0.3606    branching_decision 0.0013    decision 0.0013    set_bounds 0.1849    prepare 0.1951    transfer 0.0001    finalize 0.3408    func 3.3053    solve 1.6347    add 0.0300    bab_iteration 1.9396    
Accumulated time: get_branching_decision.update_bounds 0.0228    bab_iteration 5.9202    pickout 0.8665    decision 0.0043    branching_decision 0.0041    set_bounds 0.4323    solve 4.8476    func 8.1524    prepare 0.4526    transfer 0.0007    finalize 0.9817    add 0.3013    
max lb 0.07744443416595459 min lb -2.2508554458618164
Number of Verified Splits: 204 of 8192
Current worst splitting domains lb-rhs (depth):
-2.28127 (13), -2.27476 (13), -2.26664 (13), -2.26013 (13), -2.25928 (13), -2.25277 (13), -2.25086 (15), -2.24857 (15), -2.24820 (15), -2.24604 (15), -2.24452 (13), -2.24445 (15), -2.24216 (15), -2.24175 (13), -2.24170 (15), -2.23965 (15), -2.23891 (15), -2.23802 (15), -2.23798 (13), -2.23686 (15), 
Current (lb-rhs): -2.281266450881958
19002 domains visited
Length of domains: 8648
Cumulative time: 9.902234554290771

BaB round 11
batch: 4096
splitting decisions: 
split level 0: [/input, 374] [/input, 4068] [/input, 4095] [/input, 3449] [/input, 5719] [/23, 2787] [/input, 5025] [/input, 4554] [/input, 374] [/input, 374] 
best_l after optimization: -7725.30126953125
beta sum per layer: [29220.794921875, 6178.57421875, 3996.75439453125]
alpha/beta optimization time: 1.474750280380249
pruning_in_iteration open status: False
ratio of positive domain = 138 / 8192 = 0.016845703125
pruning-in-iteration extra time: 8.654594421386719e-05
Time: get_branching_decision.update_bounds 0.0228    pickout 0.3641    branching_decision 0.0012    decision 0.0013    set_bounds 0.1748    prepare 0.1987    transfer 0.0001    finalize 0.3342    func 3.2118    solve 3.3054    add 0.0497    bab_iteration 3.9043    
Accumulated time: get_branching_decision.update_bounds 0.0228    bab_iteration 9.8245    pickout 1.2307    decision 0.0055    branching_decision 0.0053    set_bounds 0.6071    solve 8.1529    func 11.3642    prepare 0.6513    transfer 0.0008    finalize 1.3159    add 0.3510    
max lb 0.05564844608306885 min lb -2.248868942260742
Number of Verified Splits: 145 of 8192
Current worst splitting domains lb-rhs (depth):
-2.28127 (13), -2.27476 (13), -2.26664 (13), -2.26013 (13), -2.25928 (13), -2.25277 (13), -2.24887 (16), -2.24857 (15), -2.24664 (16), -2.24604 (15), -2.24452 (13), -2.24238 (16), -2.24216 (15), -2.24175 (13), -2.24017 (16), -2.23965 (15), -2.23798 (13), -2.23708 (16), -2.23686 (15), -2.23594 (15), 
Current (lb-rhs): -2.281266450881958
27194 domains visited
Length of domains: 12599
Cumulative time: 13.696824073791504

BaB round 12
batch: 4096
splitting decisions: 
split level 0: [/input, 5357] [/input, 5049] [/input, 4095] [/input, 4068] [/input, 2515] [/input, 4633] [/23, 2787] [/input, 2736] [/input, 3432] [/input, 5357] 
best_l after optimization: -7614.37451171875
beta sum per layer: [32111.21484375, 8054.87109375, 4021.58935546875]
alpha/beta optimization time: 1.4805018901824951
pruning_in_iteration open status: False
ratio of positive domain = 94 / 8192 = 0.011474609375
pruning-in-iteration extra time: 6.914138793945312e-05
Time: get_branching_decision.update_bounds 0.0228    pickout 0.5546    branching_decision 0.0011    decision 0.0012    set_bounds 0.1745    prepare 0.2001    transfer 0.0001    finalize 0.3484    func 3.5339    solve 3.2119    add 0.0396    bab_iteration 3.7946    
Accumulated time: get_branching_decision.update_bounds 0.0228    bab_iteration 13.6191    pickout 1.7853    decision 0.0067    branching_decision 0.0064    set_bounds 0.7816    solve 11.3648    func 14.8981    prepare 0.8514    transfer 0.0009    finalize 1.6644    add 0.3905    
max lb 0.06852197647094727 min lb -2.204446315765381
Number of Verified Splits: 96 of 8192
Current worst splitting domains lb-rhs (depth):
-2.28127 (13), -2.27476 (13), -2.26664 (13), -2.26013 (13), -2.25928 (13), -2.25277 (13), -2.24887 (16), -2.24857 (15), -2.24664 (16), -2.24604 (15), -2.24452 (13), -2.24238 (16), -2.24216 (15), -2.24175 (13), -2.24017 (16), -2.23965 (15), -2.23798 (13), -2.23708 (16), -2.23686 (15), -2.23594 (15), 
Current (lb-rhs): -2.281266450881958
35386 domains visited
Length of domains: 16599
Cumulative time: 18.026875734329224

BaB round 13
batch: 4096
splitting decisions: 
split level 0: [/input, 2672] [/input, 5719] [/input, 2515] [/input, 2750] [/input, 2780] [/23, 3816] [/input, 2750] [/input, 2672] [/input, 2672] [/input, 2515] 
best_l after optimization: -7267.2509765625
beta sum per layer: [35111.12890625, 10650.3193359375, 4015.844482421875]
alpha/beta optimization time: 1.4820964336395264
pruning_in_iteration open status: False
ratio of positive domain = 79 / 8192 = 0.0096435546875
pruning-in-iteration extra time: 9.179115295410156e-05
Time: get_branching_decision.update_bounds 0.0228    pickout 0.3699    branching_decision 0.0012    decision 0.0012    set_bounds 0.4151    prepare 0.2083    transfer 0.0001    finalize 0.3525    func 3.0215    solve 3.5340    add 0.0627    bab_iteration 4.3300    
Accumulated time: get_branching_decision.update_bounds 0.0228    bab_iteration 17.9492    pickout 2.1552    decision 0.0079    branching_decision 0.0077    set_bounds 1.1966    solve 14.8988    func 17.9196    prepare 1.0597    transfer 0.0010    finalize 2.0168    add 0.4533    
max lb 0.061539649963378906 min lb -2.158884048461914
Number of Verified Splits: 81 of 8192
Current worst splitting domains lb-rhs (depth):
-2.28127 (13), -2.27476 (13), -2.26664 (13), -2.26013 (13), -2.25928 (13), -2.25277 (13), -2.24887 (16), -2.24857 (15), -2.24664 (16), -2.24604 (15), -2.24452 (13), -2.24238 (16), -2.24216 (15), -2.24175 (13), -2.24017 (16), -2.23965 (15), -2.23798 (13), -2.23708 (16), -2.23686 (15), -2.23594 (15), 
Current (lb-rhs): -2.281266450881958
43578 domains visited
Length of domains: 20614
Cumulative time: 22.127665519714355

BaB round 14
batch: 4096
splitting decisions: 
split level 0: [/input, 2539] [/input, 2780] [/input, 2515] [/23, 743] [/23, 3644] [/input, 3383] [/input, 2785] [/input, 3816] [/input, 4205] [/input, 2539] 
best_l after optimization: -6738.4716796875
beta sum per layer: [39701.75, 13234.716796875, 4087.380615234375]
alpha/beta optimization time: 1.4806022644042969
pruning_in_iteration open status: False
ratio of positive domain = 165 / 8192 = 0.0201416015625
pruning-in-iteration extra time: 8.392333984375e-05
Time: get_branching_decision.update_bounds 0.0228    pickout 0.3747    branching_decision 0.0012    decision 0.0013    set_bounds 0.1756    prepare 0.2136    transfer 0.0001    finalize 0.3883    func 3.2971    solve 3.0215    add 0.2898    bab_iteration 4.1008    
Accumulated time: get_branching_decision.update_bounds 0.0228    bab_iteration 22.0499    pickout 2.5299    decision 0.0092    branching_decision 0.0089    set_bounds 1.3722    solve 17.9204    func 21.2167    prepare 1.2733    transfer 0.0011    finalize 2.4051    add 0.7431    
max lb 0.0561140775680542 min lb -2.064089775085449
Number of Verified Splits: 176 of 8192
Current worst splitting domains lb-rhs (depth):
-2.28127 (13), -2.27476 (13), -2.26664 (13), -2.26013 (13), -2.25928 (13), -2.25277 (13), -2.24887 (16), -2.24857 (15), -2.24664 (16), -2.24604 (15), -2.24452 (13), -2.24238 (16), -2.24216 (15), -2.24175 (13), -2.24017 (16), -2.23965 (15), -2.23798 (13), -2.23708 (16), -2.23686 (15), -2.23594 (15), 
Current (lb-rhs): -2.281266450881958
51770 domains visited
Length of domains: 24534
Cumulative time: 26.282739400863647

BaB round 15
batch: 4096
splitting decisions: 
split level 0: [/input, 4042] [/input, 5184] [/input, 2512] [/input, 4243] [/input, 2671] [/23, 743] [/input, 3816] [/input, 3816] [/input, 4633] [/input, 2780] 
best_l after optimization: -6323.44189453125
beta sum per layer: [44426.9296875, 16334.048828125, 4176.8447265625]
alpha/beta optimization time: 1.475980520248413
pruning_in_iteration open status: False
ratio of positive domain = 186 / 8192 = 0.022705078125
pruning-in-iteration extra time: 7.581710815429688e-05
Time: get_branching_decision.update_bounds 0.0228    pickout 0.3983    branching_decision 0.0011    decision 0.0012    set_bounds 0.1718    prepare 0.2261    transfer 0.0001    finalize 0.3869    func 3.3209    solve 3.2972    add 0.2941    bab_iteration 4.1551    
Accumulated time: get_branching_decision.update_bounds 0.0228    bab_iteration 26.2050    pickout 2.9282    decision 0.0103    branching_decision 0.0100    set_bounds 1.5440    solve 21.2176    func 24.5376    prepare 1.4994    transfer 0.0012    finalize 2.7920    add 1.0371    
max lb 0.06626176834106445 min lb -2.0558419227600098
Number of Verified Splits: 197 of 8192
Current worst splitting domains lb-rhs (depth):
-2.28127 (13), -2.27476 (13), -2.26664 (13), -2.26013 (13), -2.25928 (13), -2.25277 (13), -2.24887 (16), -2.24857 (15), -2.24664 (16), -2.24604 (15), -2.24452 (13), -2.24238 (16), -2.24216 (15), -2.24175 (13), -2.24017 (16), -2.23965 (15), -2.23798 (13), -2.23708 (16), -2.23686 (15), -2.23594 (15), 
Current (lb-rhs): -2.281266450881958
59962 domains visited
Length of domains: 28433
Cumulative time: 30.495320558547974

BaB round 16
batch: 4096
splitting decisions: 
split level 0: [/input, 3264] [/input, 5383] [/input, 5357] [/input, 436] [/input, 4042] [/input, 2539] [/input, 4205] [/input, 2515] [/input, 3450] [/input, 5383] 
best_l after optimization: -5764.4013671875
beta sum per layer: [50692.53125, 19492.34765625, 4179.201171875]
alpha/beta optimization time: 1.4767091274261475
pruning_in_iteration open status: False
ratio of positive domain = 777 / 8192 = 0.0948486328125
pruning-in-iteration extra time: 8.702278137207031e-05
Time: get_branching_decision.update_bounds 0.0228    pickout 0.4014    branching_decision 0.0011    decision 0.0011    set_bounds 0.4662    prepare 0.2297    transfer 0.0001    finalize 0.3576    func 2.9591    solve 3.3210    add 0.3080    bab_iteration 4.2126    
Accumulated time: get_branching_decision.update_bounds 0.0228    bab_iteration 30.4176    pickout 3.3297    decision 0.0115    branching_decision 0.0111    set_bounds 2.0102    solve 24.5385    func 27.4967    prepare 1.7291    transfer 0.0013    finalize 3.1497    add 1.3452    
max lb 0.07707047462463379 min lb -1.963033676147461
Number of Verified Splits: 792 of 8192
Current worst splitting domains lb-rhs (depth):
-2.28127 (13), -2.27476 (13), -2.26664 (13), -2.26013 (13), -2.25928 (13), -2.25277 (13), -2.24887 (16), -2.24857 (15), -2.24664 (16), -2.24604 (15), -2.24452 (13), -2.24238 (16), -2.24216 (15), -2.24175 (13), -2.24017 (16), -2.23965 (15), -2.23798 (13), -2.23708 (16), -2.23686 (15), -2.23594 (15), 
Current (lb-rhs): -2.281266450881958
68154 domains visited
Length of domains: 31737
Cumulative time: 34.63412928581238

BaB round 17
batch: 4096
splitting decisions: 
split level 0: [/input, 2750] [/input, 3356] [/input, 4205] [/input, 3789] [/input, 3843] [/input, 4633] [/input, 4633] [/input, 6204] [/input, 4205] [/input, 3264] 
best_l after optimization: -5958.787109375
beta sum per layer: [58773.515625, 25059.0078125, 3987.22216796875]
alpha/beta optimization time: 1.484480857849121
pruning_in_iteration open status: False
ratio of positive domain = 652 / 8192 = 0.07958984375
pruning-in-iteration extra time: 5.6743621826171875e-05
Time: get_branching_decision.update_bounds 0.0228    pickout 0.7510    branching_decision 0.0012    decision 0.0012    set_bounds 0.1810    prepare 0.2353    transfer 0.0001    finalize 0.3754    func 3.0059    solve 2.9592    add 0.2961    bab_iteration 4.1388    
Accumulated time: get_branching_decision.update_bounds 0.0228    bab_iteration 34.5564    pickout 4.0807    decision 0.0126    branching_decision 0.0123    set_bounds 2.1912    solve 27.4977    func 30.5026    prepare 1.9644    transfer 0.0014    finalize 3.5251    add 1.6413    
max lb 0.07512009143829346 min lb -1.8778510093688965
Number of Verified Splits: 671 of 8192
Current worst splitting domains lb-rhs (depth):
-2.28127 (13), -2.27476 (13), -2.26664 (13), -2.26013 (13), -2.25928 (13), -2.25277 (13), -2.24887 (16), -2.24857 (15), -2.24664 (16), -2.24604 (15), -2.24452 (13), -2.24238 (16), -2.24216 (15), -2.24175 (13), -2.24017 (16), -2.23965 (15), -2.23798 (13), -2.23708 (16), -2.23686 (15), -2.23594 (15), 
Current (lb-rhs): -2.281266450881958
76346 domains visited
Length of domains: 35162
Cumulative time: 38.775315284729004

BaB round 18
batch: 4096
splitting decisions: 
split level 0: [/input, 3787] [/input, 5383] [/input, 464] [/input, 2512] [/input, 6204] [/input, 3787] [/input, 5383] [/input, 6204] [/input, 6204] [/input, 464] 
best_l after optimization: -6137.28369140625
beta sum per layer: [67949.25, 31649.91796875, 3539.358642578125]
alpha/beta optimization time: 1.4855127334594727
pruning_in_iteration open status: False
ratio of positive domain = 536 / 8192 = 0.0654296875
pruning-in-iteration extra time: 7.748603820800781e-05
Time: get_branching_decision.update_bounds 0.0228    pickout 0.7577    branching_decision 0.0012    decision 0.0012    set_bounds 0.1838    prepare 0.2177    transfer 0.0001    finalize 0.3652    func 2.9903    solve 3.0059    add 0.1976    bab_iteration 4.1412    
Accumulated time: get_branching_decision.update_bounds 0.0228    bab_iteration 38.6976    pickout 4.8384    decision 0.0138    branching_decision 0.0135    set_bounds 2.3750    solve 30.5036    func 33.4930    prepare 2.1821    transfer 0.0015    finalize 3.8903    add 1.8389    
max lb 0.06893277168273926 min lb -1.8507003784179688
Number of Verified Splits: 544 of 8192
Current worst splitting domains lb-rhs (depth):
-2.28127 (13), -2.27476 (13), -2.26664 (13), -2.26013 (13), -2.25928 (13), -2.25277 (13), -2.24887 (16), -2.24857 (15), -2.24664 (16), -2.24604 (15), -2.24452 (13), -2.24238 (16), -2.24216 (15), -2.24175 (13), -2.24017 (16), -2.23965 (15), -2.23798 (13), -2.23708 (16), -2.23686 (15), -2.23594 (15), 
Current (lb-rhs): -2.281266450881958
84538 domains visited
Length of domains: 38714
Cumulative time: 43.09576344490051

BaB round 19
batch: 4096
splitting decisions: 
split level 0: [/input, 2736] [/input, 4608] [/input, 3817] [/input, 3789] [/23, 2312] [/input, 5774] [/input, 4831] [/input, 3817] [/input, 3789] [/input, 2780] 
best_l after optimization: -6101.2314453125
beta sum per layer: [75096.859375, 35788.0859375, 3179.661376953125]
alpha/beta optimization time: 1.4825990200042725
pruning_in_iteration open status: False
ratio of positive domain = 708 / 8192 = 0.08642578125
pruning-in-iteration extra time: 9.107589721679688e-05
Time: get_branching_decision.update_bounds 0.0228    pickout 0.3991    branching_decision 0.0011    decision 0.0011    set_bounds 0.1818    prepare 0.2187    transfer 0.0001    finalize 0.3630    func 2.9632    solve 2.9904    add 0.3827    bab_iteration 4.3204    
Accumulated time: get_branching_decision.update_bounds 0.0228    bab_iteration 43.0180    pickout 5.2375    decision 0.0149    branching_decision 0.0145    set_bounds 2.5568    solve 33.4940    func 36.4562    prepare 2.4009    transfer 0.0016    finalize 4.2533    add 2.2215    
max lb 0.0822451114654541 min lb -1.846740484237671
Number of Verified Splits: 717 of 8192
Current worst splitting domains lb-rhs (depth):
-2.28127 (13), -2.27476 (13), -2.26664 (13), -2.26013 (13), -2.25928 (13), -2.25277 (13), -2.24887 (16), -2.24857 (15), -2.24664 (16), -2.24604 (15), -2.24452 (13), -2.24238 (16), -2.24216 (15), -2.24175 (13), -2.24017 (16), -2.23965 (15), -2.23798 (13), -2.23708 (16), -2.23686 (15), -2.23594 (15), 
Current (lb-rhs): -2.281266450881958
92730 domains visited
Length of domains: 42093
Cumulative time: 47.087255239486694

BaB round 20
batch: 4096
splitting decisions: 
split level 0: [/input, 5773] [/input, 5774] [/input, 4099] [/input, 3787] [/input, 408] [/input, 5773] [/input, 5773] [/23, 743] [/input, 3787] [/input, 5773] 
best_l after optimization: -6228.6025390625
beta sum per layer: [82348.6015625, 37281.1796875, 2773.23193359375]
alpha/beta optimization time: 1.4844303131103516
pruning_in_iteration open status: False
ratio of positive domain = 671 / 8192 = 0.0819091796875
pruning-in-iteration extra time: 6.365776062011719e-05
Time: get_branching_decision.update_bounds 0.0228    pickout 0.4036    branching_decision 0.0011    decision 0.0011    set_bounds 0.1836    prepare 0.2259    transfer 0.0001    finalize 0.3639    func 2.9802    solve 2.9634    add 0.4414    bab_iteration 3.9915    
Accumulated time: get_branching_decision.update_bounds 0.0228    bab_iteration 47.0095    pickout 5.6411    decision 0.0160    branching_decision 0.0156    set_bounds 2.7404    solve 36.4574    func 39.4364    prepare 2.6268    transfer 0.0017    finalize 4.6172    add 2.6629    
max lb 0.09110617637634277 min lb -1.817082405090332
Number of Verified Splits: 682 of 8192
Current worst splitting domains lb-rhs (depth):
-2.28127 (13), -2.27476 (13), -2.26664 (13), -2.26013 (13), -2.25928 (13), -2.25277 (13), -2.24887 (16), -2.24857 (15), -2.24664 (16), -2.24604 (15), -2.24452 (13), -2.24238 (16), -2.24216 (15), -2.24175 (13), -2.24017 (16), -2.23965 (15), -2.23798 (13), -2.23708 (16), -2.23686 (15), -2.23594 (15), 
Current (lb-rhs): -2.281266450881958
100922 domains visited
Length of domains: 45507
Cumulative time: 51.10714268684387

BaB round 21
batch: 4096
splitting decisions: 
split level 0: [/input, 4099] [/input, 5448] [/input, 5773] [/input, 3817] [/input, 5448] [/input, 5774] [/input, 4099] [/input, 3817] [/input, 4354] [/input, 5448] 
best_l after optimization: -6422.23291015625
beta sum per layer: [89971.71875, 37895.765625, 2459.59423828125]
alpha/beta optimization time: 1.486771583557129
pruning_in_iteration open status: False
ratio of positive domain = 1095 / 8192 = 0.1336669921875
pruning-in-iteration extra time: 8.58306884765625e-05
Time: get_branching_decision.update_bounds 0.0228    pickout 0.4098    branching_decision 0.0011    decision 0.0012    set_bounds 0.1854    prepare 0.2215    transfer 0.0001    finalize 0.3535    func 2.9286    solve 2.9802    add 0.4462    bab_iteration 4.0199    
Accumulated time: get_branching_decision.update_bounds 0.0228    bab_iteration 51.0294    pickout 6.0509    decision 0.0171    branching_decision 0.0167    set_bounds 2.9258    solve 39.4376    func 42.3650    prepare 2.8482    transfer 0.0018    finalize 4.9707    add 3.1091    
max lb 0.10009372234344482 min lb -1.8147070407867432
Number of Verified Splits: 1097 of 8192
Current worst splitting domains lb-rhs (depth):
-2.28127 (13), -2.27476 (13), -2.26664 (13), -2.26013 (13), -2.25928 (13), -2.25277 (13), -2.24887 (16), -2.24857 (15), -2.24664 (16), -2.24604 (15), -2.24452 (13), -2.24238 (16), -2.24216 (15), -2.24175 (13), -2.24017 (16), -2.23965 (15), -2.23798 (13), -2.23708 (16), -2.23686 (15), -2.23594 (15), 
Current (lb-rhs): -2.281266450881958
109114 domains visited
Length of domains: 48506
Time out!!!!!!!!
Result: unknown in 60.8734 seconds

 %%%%%%%%%%%%%%%%%%%%%%%%%%%%%%%%%%% idx: 7, vnnlib ID: 7 %%%%%%%%%%%%%%%%%%%%%%%%%%%%%%%%%%%
Finished vnnlib processing in 0.001629 seconds
Model: BoundedModule(
  (/input-1): BoundInput(name=/input-1, inputs=[], perturbed=True)
  (/shape): BoundBuffers(name=/shape, inputs=[], perturbed=False)
  (/10): BoundParams(name=/10, inputs=[], perturbed=False)
  (/11): BoundParams(name=/11, inputs=[], perturbed=False)
  (/12): BoundParams(name=/12, inputs=[], perturbed=False)
  (/13): BoundParams(name=/13, inputs=[], perturbed=False)
  (/14): BoundParams(name=/14, inputs=[], perturbed=False)
  (/15): BoundParams(name=/15, inputs=[], perturbed=False)
  (/16): BoundParams(name=/16, inputs=[], perturbed=False)
  (/17): BoundParams(name=/17, inputs=[], perturbed=False)
  (/input): BoundConv(name=/input, inputs=[/input-1, /10, /11], perturbed=True)
  (/input-4): BoundRelu(name=/input-4, inputs=[/input], perturbed=True)
  (/tensor): BoundConv(name=/tensor, inputs=[/input-4, /12, /13], perturbed=True)
  (/21): BoundSplit(name=/21, inputs=[/tensor], perturbed=True)
  (/22): BoundSplit(name=/22, inputs=[/tensor], perturbed=True)
  (/23): BoundAdd(name=/23, inputs=[/21, /22], perturbed=True)
  (/24): BoundRelu(name=/24, inputs=[/23], perturbed=True)
  (/25): BoundSplit(name=/25, inputs=[/shape], perturbed=False)
  (/26): BoundSplit(name=/26, inputs=[/shape], perturbed=False)
  (/27): BoundConstant(name=/27, value=tensor([0], device='cuda:0'))
  (/28): BoundSqueeze(name=/28, inputs=[/25, /27], perturbed=False)
  (/29): BoundConstant(name=/29, value=tensor([0], device='cuda:0'))
  (/30): BoundSqueeze(name=/30, inputs=[/26, /29], perturbed=False)
  (/31): BoundConstant(name=/31, value=tensor([0], device='cuda:0'))
  (/32): BoundUnsqueeze(name=/32, inputs=[/28, /31], perturbed=False)
  (/33): BoundConstant(name=/33, value=tensor([0], device='cuda:0'))
  (/34): BoundUnsqueeze(name=/34, inputs=[/30, /33], perturbed=False)
  (/35): BoundConcat(name=/35, inputs=[/32, /34], perturbed=False)
  (/36): BoundReshape(name=/36, inputs=[/24, /35], perturbed=True)
  (/input-8): BoundLinear(name=/input-8, inputs=[/36, /14, /15], perturbed=True)
  (/38): BoundRelu(name=/38, inputs=[/input-8], perturbed=True)
  (/39): BoundLinear(name=/39, inputs=[/38, /16, /17], perturbed=True)
)
Original output in the first batch: tensor([[-3.35555530, -2.20065260, -1.00345206,  0.12420868,  3.57004762,
          1.70801926,  0.07874458,  0.39305973,  2.08584809,  4.65091181]],
       device='cuda:0')
Split layers:
Nonlinear functions:
   BoundRelu(name=/input-4, inputs=[/input], perturbed=True)
   BoundRelu(name=/24, inputs=[/23], perturbed=True)
   BoundRelu(name=/38, inputs=[/input-8], perturbed=True)
build batch [1/1]
layer /input-4 using sparse-features alpha with shape [1491]; unstable size 1491; total size 6272 ([1, 8, 28, 28])
layer /input-4 start_node /23 using full alpha [2, 6272, 1, 1491] with unstable size None total_size 6272 output_shape torch.Size([8, 28, 28])
layer /input-4 start_node /input-8 using sparse-spec alpha [2, 17, 1, 1491] with unstable size 16 total_size 64 output_shape torch.Size([64])
layer /input-4 start_node /39 using full alpha [2, 9, 1, 1491] with unstable size None total_size 9 output_shape 9
layer /24 using sparse-features alpha with shape [2073]; unstable size 2073; total size 6272 ([1, 8, 28, 28])
layer /24 start_node /input-8 using sparse-spec alpha [2, 17, 1, 2073] with unstable size 16 total_size 64 output_shape torch.Size([64])
layer /24 start_node /39 using full alpha [2, 9, 1, 2073] with unstable size None total_size 9 output_shape 9
layer /38 using sparse-features alpha with shape [16]; unstable size 16; total size 64 ([1, 64])
layer /38 start_node /39 using full alpha [2, 9, 1, 16] with unstable size None total_size 9 output_shape 9
Optimizable variables initialized.
initial CROWN bounds (first 10 items): [1.5739068984985352, 0.2539334297180176, -1.9353492259979248, -1.9742417335510254, -3.395949363708496, -3.2322397232055664, -2.888046979904175, -0.4612996578216553, -2.251116991043091]
prune_after_crown optimization in use
  original spec size = torch.Size([1, 9])
  pruned spec size = torch.Size([1, 7])
Using alpha-CROWN to initialize bounds.
best_l after optimization: -13.958937644958496
alpha/beta optimization time: 5.5020153522491455
initial alpha-crown bounds (first 10 items): [-1.5459175109863281, -1.7429264783859253, -3.040541410446167, -2.9701879024505615, -2.471022129058838, -0.25817155838012695, -1.9301707744598389]
Global lower bound: -3.040541410446167
2 / 9 OR specs are verified.
Verified OR indices (first 10 items): [0, 1]
Verified OR lbs (first 10 items): [[inf], [inf]]
Unverified OR indices (first 10 items): [2, 3, 4, 5, 6, 7, 8]
Unverified OR lbs (first 10 items): [[-1.5459175109863281], [-1.7429264783859253], [-3.040541410446167], [-2.9701879024505615], [-2.471022129058838], [-0.25817155838012695], [-1.9301707744598389]]
###### Verifying property Instance 7 ######
Batch size: 7
First 10 spec matrices
C: tensor([[[ 0.,  0., -1.,  0.,  0.,  0.,  0.,  0.,  0.,  1.]],

        [[ 0.,  0.,  0., -1.,  0.,  0.,  0.,  0.,  0.,  1.]],

        [[ 0.,  0.,  0.,  0., -1.,  0.,  0.,  0.,  0.,  1.]],

        [[ 0.,  0.,  0.,  0.,  0., -1.,  0.,  0.,  0.,  1.]],

        [[ 0.,  0.,  0.,  0.,  0.,  0., -1.,  0.,  0.,  1.]],

        [[ 0.,  0.,  0.,  0.,  0.,  0.,  0., -1.,  0.,  1.]],

        [[ 0.,  0.,  0.,  0.,  0.,  0.,  0.,  0., -1.,  1.]]], device='cuda:0')
RHS: tensor([[0.],
        [0.],
        [0.],
        [0.],
        [0.],
        [0.],
        [0.]], device='cuda:0')
OR spec sizes: tensor([1, 1, 1, 1, 1, 1, 1], device='cuda:0', dtype=torch.int32)
Remaining timeout: 54.178767681121826
Model prediction is: tensor([-3.35555530, -2.20065260, -1.00345206,  0.12420868,  3.57004762,
         1.70801926,  0.07874458,  0.39305973,  2.08584809,  4.65091181],
       device='cuda:0')
Activation BaB batch 1/1 
build_with_refined_bounds batch [1/1]
Optimizable variables initialized.
all alpha initialized
directly get lb and ub from refined bounds
c shape: torch.Size([7, 1, 10])
lA shapes: [torch.Size([7, 1, 8, 28, 28]), torch.Size([7, 1, 8, 28, 28]), torch.Size([7, 1, 64])]
(alpha-)CROWN with fixed intermediate bounds: tensor([[-1.54591751],
        [-1.74292648],
        [-3.04054141],
        [-2.97018790],
        [-2.47102213],
        [-0.25817156],
        [-1.93017077]], device='cuda:0') tensor([[inf],
        [inf],
        [inf],
        [inf],
        [inf],
        [inf],
        [inf]], device='cuda:0')
Intermediate layers: /input,/23,/input-8
Keeping alphas for these layers: ['/39']
Node /input-4 input 0: size torch.Size([8, 28, 28]) unstable 1491
Node /24 input 0: size torch.Size([8, 28, 28]) unstable 2067
Node /38 input 0: size torch.Size([64]) unstable 15
-----------------
# of unstable neurons: 3573
-----------------

BaB round 1
batch: 7
splitting decisions: 
split level 0: [/input-8, 10] [/input-8, 10] [/input-8, 10] [/input-8, 29] [/input-8, 10] [/input-8, 57] [/input-8, 18] 
split level 1: [/input-8, 17] [/input-8, 29] [/input-8, 18] [/input-8, 17] [/input-8, 29] [/input-8, 34] [/input-8, 55] 
split level 2: [/input-8, 18] [/input-8, 55] [/input-8, 29] [/input-8, 34] [/input-8, 34] [/input-8, 29] [/input-8, 22] 
split level 3: [/input-8, 34] [/input-8, 17] [/input-8, 55] [/input-8, 55] [/input-8, 63] [/input-8, 55] [/input-8, 26] 
best_l after optimization: -41.399940490722656
beta sum per layer: [0.0, 0.0, 28.42367172241211]
alpha/beta optimization time: 0.1736125946044922
pruning_in_iteration open status: True
ratio of positive domain = 76 / 112 = 0.6785714285714286
pruning-in-iteration extra time: 0.008433103561401367
Time: get_branching_decision.update_bounds 0.0222    pickout 0.0017    branching_decision 0.0001    decision 0.0001    set_bounds 0.0049    prepare 0.0014    transfer 0.0000    finalize 0.0182    func 0.2145    
Accumulated time: get_branching_decision.update_bounds 0.0222    bab_iteration 0.0000    pickout 0.0017    decision 0.0001    branching_decision 0.0001    set_bounds 0.0049    solve 0.0000    func 0.2145    prepare 0.0014    transfer 0.0000    finalize 0.0182    
max lb 9.999999747378752e-05 min lb -2.561025381088257
Number of Verified Splits: 76 of 112
Current worst splitting domains lb-rhs (depth):
-2.56103 (4), -2.51552 (4), -2.50106 (4), -2.34525 (4), -2.26325 (4), -2.01467 (4), -1.84935 (4), -1.64164 (4), -1.64042 (4), -1.49926 (4), -1.45358 (4), -1.42321 (4), -1.34418 (4), -1.26925 (4), -1.24828 (4), -1.23479 (4), -1.22102 (4), -1.04315 (4), -1.01649 (4), -0.95968 (4), 
Current (lb-rhs): -2.561025381088257
112 domains visited
Length of domains: 36
Cumulative time: 0.4861185550689697

BaB round 2
batch: 36
splitting decisions: 
split level 0: [/input-8, 17] [/input-8, 17] [/input-8, 17] [/input-8, 17] [/input-8, 17] [/input-8, 17] [/input-8, 17] [/input-8, 17] [/input-8, 17] [/input-8, 18] 
split level 1: [/input-8, 34] [/input-8, 34] [/input-8, 34] [/input-8, 34] [/input-8, 34] [/input-8, 34] [/input-8, 34] [/input-8, 34] [/input-8, 34] [/input-8, 63] 
best_l after optimization: -69.73619079589844
beta sum per layer: [0.0, 0.0, 137.0122528076172]
alpha/beta optimization time: 0.16658687591552734
pruning_in_iteration open status: True
ratio of positive domain = 68 / 144 = 0.4722222222222222
pruning-in-iteration extra time: 0.005197763442993164
Time: get_branching_decision.update_bounds 0.0222    pickout 0.0256    branching_decision 0.0001    decision 0.0001    set_bounds 0.0050    prepare 0.0028    transfer 0.0000    finalize 0.0190    func 0.2109    solve 0.2145    add 0.1391    bab_iteration 0.3709    
Accumulated time: get_branching_decision.update_bounds 0.0222    bab_iteration 0.3709    pickout 0.0273    decision 0.0002    branching_decision 0.0002    set_bounds 0.0099    solve 0.2145    func 0.4254    prepare 0.0042    transfer 0.0001    finalize 0.0372    add 0.1391    
max lb 9.999999747378752e-05 min lb -2.3783888816833496
Number of Verified Splits: 68 of 144
Current worst splitting domains lb-rhs (depth):
-2.37839 (6), -2.36326 (6), -2.33874 (6), -2.18802 (6), -2.07938 (6), -2.06204 (6), -1.92342 (6), -1.85129 (6), -1.75543 (6), -1.75495 (6), -1.72273 (6), -1.60590 (6), -1.56535 (6), -1.52742 (6), -1.45212 (6), -1.41934 (6), -1.30334 (6), -1.22227 (6), -1.21390 (6), -1.18339 (6), 
Current (lb-rhs): -2.3783888816833496
256 domains visited
Length of domains: 76
Cumulative time: 0.8768503665924072

BaB round 3
batch: 76
splitting decisions: 
split level 0: [/input-8, 63] [/input-8, 63] [/input-8, 63] [/input-8, 63] [/input-8, 63] [/input-8, 63] [/input-8, 63] [/input-8, 63] [/input-8, 63] [/input-8, 63] 
best_l after optimization: -89.34991455078125
beta sum per layer: [5.142930507659912, 0.0, 178.34609985351562]
alpha/beta optimization time: 0.16427135467529297
pruning_in_iteration open status: True
ratio of positive domain = 38 / 152 = 0.25
pruning-in-iteration extra time: 0.002807140350341797
Time: get_branching_decision.update_bounds 0.0222    pickout 0.0283    branching_decision 0.0001    decision 0.0001    set_bounds 0.0039    prepare 0.0033    transfer 0.0000    finalize 0.0207    func 0.2127    solve 0.2110    add 0.1384    bab_iteration 0.3907    
Accumulated time: get_branching_decision.update_bounds 0.0222    bab_iteration 0.7616    pickout 0.0556    decision 0.0003    branching_decision 0.0003    set_bounds 0.0138    solve 0.4255    func 0.6381    prepare 0.0075    transfer 0.0001    finalize 0.0579    add 0.2774    
max lb 9.999999747378752e-05 min lb -2.3236629962921143
Number of Verified Splits: 38 of 152
Current worst splitting domains lb-rhs (depth):
-2.32366 (7), -2.32035 (7), -2.30042 (7), -2.17042 (7), -2.12775 (7), -2.03176 (7), -1.99613 (7), -1.85466 (7), -1.84074 (7), -1.80044 (7), -1.68620 (7), -1.67968 (7), -1.67399 (7), -1.63261 (7), -1.60423 (7), -1.58852 (7), -1.46936 (7), -1.41310 (7), -1.37720 (7), -1.35354 (7), 
Current (lb-rhs): -2.3236629962921143
408 domains visited
Length of domains: 114
Cumulative time: 1.2888071537017822

BaB round 4
batch: 114
splitting decisions: 
split level 0: [/input-8, 30] [/input-8, 30] [/input-8, 30] [/input-8, 30] [/input-8, 30] [/input-8, 30] [/input-8, 14] [/input-8, 30] [/input, 4296] [/input-8, 30] 
best_l after optimization: -95.90159606933594
beta sum per layer: [19.54307746887207, 0.0, 241.0589599609375]
alpha/beta optimization time: 0.1603257656097412
pruning_in_iteration open status: True
ratio of positive domain = 107 / 228 = 0.4692982456140351
pruning-in-iteration extra time: 0.005185842514038086
Time: get_branching_decision.update_bounds 0.0222    pickout 0.0322    branching_decision 0.0001    decision 0.0002    set_bounds 0.0057    prepare 0.0047    transfer 0.0000    finalize 0.0206    func 0.2127    solve 0.2127    add 0.1558    bab_iteration 0.4120    
Accumulated time: get_branching_decision.update_bounds 0.0222    bab_iteration 1.1736    pickout 0.0877    decision 0.0005    branching_decision 0.0004    set_bounds 0.0195    solve 0.6382    func 0.8508    prepare 0.0122    transfer 0.0002    finalize 0.0785    add 0.4332    
max lb 9.999999747378752e-05 min lb -2.291013479232788
Number of Verified Splits: 107 of 228
Current worst splitting domains lb-rhs (depth):
-2.29101 (8), -2.28691 (8), -2.27353 (8), -2.13460 (8), -2.06977 (8), -2.01621 (8), -1.94750 (8), -1.83420 (8), -1.81947 (8), -1.77684 (8), -1.66122 (8), -1.65497 (8), -1.63806 (8), -1.60278 (8), -1.59006 (8), -1.57274 (8), -1.56507 (8), -1.56002 (8), -1.42752 (8), -1.35160 (8), 
Current (lb-rhs): -2.291013479232788
636 domains visited
Length of domains: 121
Cumulative time: 1.668738603591919

BaB round 5
batch: 121
splitting decisions: 
split level 0: [/input-8, 14] [/input-8, 14] [/input-8, 14] [/input-8, 14] [/input-8, 14] [/input-8, 14] [/input-8, 30] [/input-8, 14] [/input, 2723] [/input-8, 14] 
best_l after optimization: -127.17071533203125
beta sum per layer: [64.72026062011719, 0.0, 246.00502014160156]
alpha/beta optimization time: 0.16048645973205566
pruning_in_iteration open status: True
ratio of positive domain = 89 / 242 = 0.3677685950413223
pruning-in-iteration extra time: 0.005025386810302734
Time: get_branching_decision.update_bounds 0.0222    pickout 0.0108    branching_decision 0.0001    decision 0.0001    set_bounds 0.0060    prepare 0.0050    transfer 0.0000    finalize 0.0062    func 0.1987    solve 0.2128    add 0.1289    bab_iteration 0.3799    
Accumulated time: get_branching_decision.update_bounds 0.0222    bab_iteration 1.5535    pickout 0.0985    decision 0.0006    branching_decision 0.0005    set_bounds 0.0254    solve 0.8510    func 1.0495    prepare 0.0172    transfer 0.0002    finalize 0.0846    add 0.5621    
max lb 0.0022499561309814453 min lb -2.2836668491363525
Number of Verified Splits: 89 of 242
Current worst splitting domains lb-rhs (depth):
-2.28367 (9), -2.26963 (9), -2.25122 (9), -2.20205 (9), -2.12953 (9), -2.04976 (9), -2.03560 (9), -1.98547 (9), -1.90588 (9), -1.81383 (9), -1.79998 (9), -1.74486 (9), -1.64140 (9), -1.63541 (9), -1.60153 (9), -1.59604 (9), -1.58763 (9), -1.57171 (9), -1.56222 (9), -1.55823 (9), 
Current (lb-rhs): -2.2836668491363525
878 domains visited
Length of domains: 153
Cumulative time: 1.8857760429382324

BaB round 6
batch: 153
splitting decisions: 
split level 0: [/input-8, 33] [/input-8, 33] [/input-8, 33] [/input-8, 33] [/input-8, 33] [/input-8, 33] [/input-8, 33] [/input-8, 33] [/input, 2808] [/input-8, 33] 
best_l after optimization: -197.62913513183594
beta sum per layer: [190.06646728515625, 3.1686882972717285, 278.56976318359375]
alpha/beta optimization time: 0.16386628150939941
pruning_in_iteration open status: True
ratio of positive domain = 74 / 306 = 0.24183006535947715
pruning-in-iteration extra time: 0.004167795181274414
Time: get_branching_decision.update_bounds 0.0222    pickout 0.0132    branching_decision 0.0001    decision 0.0001    set_bounds 0.0075    prepare 0.0070    transfer 0.0000    finalize 0.0101    func 0.2177    solve 0.1987    add 0.0013    bab_iteration 0.2170    
Accumulated time: get_branching_decision.update_bounds 0.0222    bab_iteration 1.7706    pickout 0.1117    decision 0.0008    branching_decision 0.0007    set_bounds 0.0329    solve 1.0497    func 1.2672    prepare 0.0242    transfer 0.0003    finalize 0.0948    add 0.5634    
max lb 9.999999747378752e-05 min lb -2.2817728519439697
Number of Verified Splits: 74 of 306
Current worst splitting domains lb-rhs (depth):
-2.28177 (10), -2.25625 (10), -2.23963 (10), -2.19750 (10), -2.13366 (10), -2.12652 (10), -2.04939 (10), -2.04400 (10), -2.02066 (10), -1.97708 (10), -1.97226 (10), -1.89432 (10), -1.88239 (10), -1.81066 (10), -1.79671 (10), -1.72396 (10), -1.72384 (10), -1.70854 (10), -1.63700 (10), -1.63111 (10), 
Current (lb-rhs): -2.2817728519439697
1184 domains visited
Length of domains: 232
Cumulative time: 2.126396894454956

BaB round 7
batch: 232
splitting decisions: 
split level 0: [/input, 2534] [/input, 2534] [/input, 2534] [/input, 2534] [/input, 2534] [/input, 2534] [/input, 2592] [/input, 2534] [/input, 3486] [/input, 2534] 
best_l after optimization: -375.1098327636719
beta sum per layer: [534.8307495117188, 19.38791275024414, 394.24261474609375]
alpha/beta optimization time: 0.13470959663391113
pruning_in_iteration open status: False
ratio of positive domain = 7 / 464 = 0.015086206896551713
pruning-in-iteration extra time: 5.698204040527344e-05
Time: get_branching_decision.update_bounds 0.0222    pickout 0.0211    branching_decision 0.0002    decision 0.0002    set_bounds 0.0098    prepare 0.0110    transfer 0.0001    finalize 0.0226    func 0.2317    solve 0.2178    add 0.0018    bab_iteration 0.2406    
Accumulated time: get_branching_decision.update_bounds 0.0222    bab_iteration 2.0112    pickout 0.1328    decision 0.0010    branching_decision 0.0008    set_bounds 0.0428    solve 1.2675    func 1.4990    prepare 0.0351    transfer 0.0004    finalize 0.1173    add 0.5652    
max lb 0.8303803205490112 min lb -2.2803428173065186
Number of Verified Splits: 7 of 464
Current worst splitting domains lb-rhs (depth):
-2.28034 (11), -2.25281 (11), -2.23866 (11), -2.23629 (11), -2.21617 (11), -2.19502 (11), -2.13222 (11), -2.12415 (11), -2.05651 (11), -2.04690 (11), -2.04003 (11), -2.02351 (11), -2.01639 (11), -1.99301 (11), -1.97394 (11), -1.97118 (11), -1.96636 (11), -1.95692 (11), -1.93818 (11), -1.89589 (11), 
Current (lb-rhs): -2.2803428173065186
1648 domains visited
Length of domains: 457
Cumulative time: 2.3926820755004883

BaB round 8
batch: 457
splitting decisions: 
split level 0: [/input, 4382] [/input, 3626] [/input, 4382] [/input, 3626] [/input, 5978] [/input, 4382] [/input, 2534] [/23, 2532] [/input, 2678] [/input, 4382] 
best_l after optimization: -720.0653076171875
beta sum per layer: [1411.7803955078125, 80.29204559326172, 785.3953857421875]
alpha/beta optimization time: 0.16054892539978027
pruning_in_iteration open status: False
ratio of positive domain = 22 / 914 = 0.024070021881838044
pruning-in-iteration extra time: 5.3882598876953125e-05
Time: get_branching_decision.update_bounds 0.0222    pickout 0.0398    branching_decision 0.0003    decision 0.0003    set_bounds 0.0210    prepare 0.0211    transfer 0.0001    finalize 0.0412    func 0.3385    solve 0.2318    add 0.0031    bab_iteration 0.2663    
Accumulated time: get_branching_decision.update_bounds 0.0222    bab_iteration 2.2775    pickout 0.1726    decision 0.0013    branching_decision 0.0011    set_bounds 0.0638    solve 1.4993    func 1.8375    prepare 0.0562    transfer 0.0004    finalize 0.1585    add 0.5683    
max lb 0.3711742162704468 min lb -2.2794997692108154
Number of Verified Splits: 24 of 914
Current worst splitting domains lb-rhs (depth):
-2.27950 (12), -2.25082 (12), -2.24922 (12), -2.23625 (12), -2.23461 (12), -2.23302 (12), -2.23090 (12), -2.21243 (12), -2.21151 (12), -2.19585 (12), -2.19347 (12), -2.12152 (12), -2.10993 (12), -2.04256 (12), -2.03716 (12), -2.01523 (12), -2.01328 (12), -2.00780 (12), -1.99145 (12), -1.99013 (12), 
Current (lb-rhs): -2.2794997692108154
2562 domains visited
Length of domains: 890
Cumulative time: 2.7987937927246094

BaB round 9
batch: 890
splitting decisions: 
split level 0: [/input, 5978] [/input, 4382] [/input, 2592] [/input, 4382] [/input, 4382] [/input, 2848] [/input, 2867] [/input, 2533] [/input, 3541] [/input, 2592] 
best_l after optimization: -1380.195068359375
beta sum per layer: [3502.22607421875, 272.468994140625, 1504.071533203125]
alpha/beta optimization time: 0.30101561546325684
pruning_in_iteration open status: False
ratio of positive domain = 38 / 1780 = 0.02134831460674158
pruning-in-iteration extra time: 5.698204040527344e-05
Time: get_branching_decision.update_bounds 0.0222    pickout 0.0782    branching_decision 0.0006    decision 0.0006    set_bounds 0.0422    prepare 0.0420    transfer 0.0001    finalize 0.0783    func 0.6441    solve 0.3386    add 0.0060    bab_iteration 0.4061    
Accumulated time: get_branching_decision.update_bounds 0.0222    bab_iteration 2.6836    pickout 0.2509    decision 0.0019    branching_decision 0.0017    set_bounds 0.1060    solve 1.8378    func 2.4816    prepare 0.0982    transfer 0.0005    finalize 0.2368    add 0.5743    
max lb 0.05311000347137451 min lb -2.278409242630005
Number of Verified Splits: 40 of 1780
Current worst splitting domains lb-rhs (depth):
-2.27841 (13), -2.24946 (13), -2.24793 (13), -2.23470 (13), -2.23316 (13), -2.23210 (13), -2.23119 (13), -2.23095 (13), -2.22988 (13), -2.22725 (13), -2.22088 (13), -2.21951 (13), -2.21834 (13), -2.20961 (13), -2.20802 (13), -2.19876 (13), -2.19736 (13), -2.19164 (13), -2.18720 (13), -2.13410 (13), 
Current (lb-rhs): -2.278409242630005
4342 domains visited
Length of domains: 1740
Cumulative time: 3.7615950107574463

BaB round 10
batch: 1740
splitting decisions: 
split level 0: [/input, 4411] [/input, 2848] [/input, 4411] [/input, 5109] [/input, 4411] [/input, 3626] [/input, 2667] [/input, 4382] [/input, 2791] [/input, 2667] 
best_l after optimization: -2649.02490234375
beta sum per layer: [8297.341796875, 790.8446044921875, 2915.16552734375]
alpha/beta optimization time: 0.6299464702606201
pruning_in_iteration open status: False
ratio of positive domain = 49 / 3480 = 0.014080459770114961
pruning-in-iteration extra time: 8.106231689453125e-05
Time: get_branching_decision.update_bounds 0.0222    pickout 0.1904    branching_decision 0.0009    decision 0.0009    set_bounds 0.0786    prepare 0.0872    transfer 0.0001    finalize 0.1420    func 1.4369    solve 0.6442    add 0.1866    bab_iteration 0.9628    
Accumulated time: get_branching_decision.update_bounds 0.0222    bab_iteration 3.6464    pickout 0.4412    decision 0.0028    branching_decision 0.0026    set_bounds 0.1846    solve 2.4820    func 3.9185    prepare 0.1854    transfer 0.0006    finalize 0.3788    add 0.7609    
max lb 0.057343482971191406 min lb -2.277345895767212
Number of Verified Splits: 51 of 3480
Current worst splitting domains lb-rhs (depth):
-2.27735 (14), -2.24698 (14), -2.24549 (14), -2.23989 (14), -2.23871 (14), -2.23207 (14), -2.23084 (14), -2.23081 (14), -2.22925 (14), -2.22897 (14), -2.22759 (14), -2.22728 (14), -2.22619 (14), -2.22544 (14), -2.22419 (14), -2.21909 (14), -2.21891 (14), -2.21809 (14), -2.21747 (14), -2.21716 (14), 
Current (lb-rhs): -2.277345895767212
7822 domains visited
Length of domains: 3429
Cumulative time: 5.4914867877960205

BaB round 11
batch: 2048
splitting decisions: 
split level 0: [/input, 4382] [/input, 4897] [/23, 543] [/input, 4445] [/input, 3355] [/input, 2592] [/input, 4435] [/input, 2592] [/23, 3265] [/input, 4382] 
best_l after optimization: -2963.8271484375
beta sum per layer: [12140.609375, 1680.072509765625, 3372.161865234375]
alpha/beta optimization time: 0.745030403137207
pruning_in_iteration open status: False
ratio of positive domain = 56 / 4096 = 0.013671875
pruning-in-iteration extra time: 9.298324584960938e-05
Time: get_branching_decision.update_bounds 0.0222    pickout 0.1842    branching_decision 0.0008    decision 0.0008    set_bounds 0.0886    prepare 0.1026    transfer 0.0001    finalize 0.1672    func 1.6892    solve 1.4370    add 0.0222    bab_iteration 1.7299    
Accumulated time: get_branching_decision.update_bounds 0.0222    bab_iteration 5.3762    pickout 0.6254    decision 0.0036    branching_decision 0.0034    set_bounds 0.2732    solve 3.9189    func 5.6077    prepare 0.2880    transfer 0.0007    finalize 0.5460    add 0.7832    
max lb 0.06449532508850098 min lb -2.2461628913879395
Number of Verified Splits: 59 of 4096
Current worst splitting domains lb-rhs (depth):
-2.27735 (14), -2.24616 (15), -2.24469 (15), -2.23989 (14), -2.23871 (14), -2.23118 (15), -2.23084 (14), -2.22983 (15), -2.22925 (14), -2.22897 (14), -2.22759 (14), -2.22728 (14), -2.22619 (14), -2.22544 (14), -2.22297 (15), -2.22211 (15), -2.22098 (15), -2.21891 (14), -2.21759 (15), -2.21716 (14), 
Current (lb-rhs): -2.277345895767212
11918 domains visited
Length of domains: 5418
current_vram/total_varm: 17.3GB/47.7GB, batch_size increase to 4096
Cumulative time: 7.486788034439087

BaB round 12
batch: 4096
splitting decisions: 
split level 0: [/input, 2592] [/input, 2584] [/input, 5978] [/input, 3626] [/input, 4347] [/input, 2621] [/input, 3044] [/input, 5944] [/input, 2621] [/input, 2592] 
best_l after optimization: -5701.76708984375
beta sum per layer: [26723.40625, 4904.1513671875, 6726.14990234375]
alpha/beta optimization time: 1.4839224815368652
pruning_in_iteration open status: False
ratio of positive domain = 148 / 8192 = 0.01806640625
pruning-in-iteration extra time: 6.4849853515625e-05
Time: get_branching_decision.update_bounds 0.0222    pickout 0.3635    branching_decision 0.0013    decision 0.0013    set_bounds 0.3488    prepare 0.2132    transfer 0.0001    finalize 0.5924    func 3.2564    solve 1.6892    add 0.0312    bab_iteration 1.9953    
Accumulated time: get_branching_decision.update_bounds 0.0222    bab_iteration 7.3715    pickout 0.9888    decision 0.0049    branching_decision 0.0047    set_bounds 0.6221    solve 5.6082    func 8.8641    prepare 0.5012    transfer 0.0008    finalize 1.1385    add 0.8144    
max lb 0.07233107089996338 min lb -2.2449660301208496
Number of Verified Splits: 152 of 8192
Current worst splitting domains lb-rhs (depth):
-2.27735 (14), -2.24497 (16), -2.24352 (16), -2.23989 (14), -2.23871 (14), -2.23790 (16), -2.23649 (16), -2.23084 (14), -2.22999 (16), -2.22897 (14), -2.22867 (16), -2.22808 (15), -2.22728 (14), -2.22645 (15), -2.22619 (14), -2.22544 (14), -2.22327 (16), -2.22219 (16), -2.22179 (16), -2.22111 (15), 
Current (lb-rhs): -2.277345895767212
20110 domains visited
Length of domains: 9362
Cumulative time: 11.51170563697815

BaB round 13
batch: 4096
splitting decisions: 
split level 0: [/23, 3264] [/input, 3432] [/input, 2808] [/input, 2848] [/input, 2751] [/input, 5865] [/23, 3671] [/23, 3264] [/input, 3432] [/input, 2808] 
best_l after optimization: -5279.99658203125
beta sum per layer: [30782.0390625, 8395.9375, 6600.68798828125]
alpha/beta optimization time: 1.4837007522583008
pruning_in_iteration open status: False
ratio of positive domain = 241 / 8192 = 0.0294189453125
pruning-in-iteration extra time: 6.198883056640625e-05
Time: get_branching_decision.update_bounds 0.0222    pickout 0.3776    branching_decision 0.0014    decision 0.0014    set_bounds 0.1742    prepare 0.4161    transfer 0.0001    finalize 0.3728    func 3.4287    solve 3.2565    add 0.0516    bab_iteration 4.0249    
Accumulated time: get_branching_decision.update_bounds 0.0222    bab_iteration 11.3965    pickout 1.3664    decision 0.0063    branching_decision 0.0061    set_bounds 0.7962    solve 8.8646    func 12.2928    prepare 0.9173    transfer 0.0009    finalize 1.5112    add 0.8660    
max lb 0.09100925922393799 min lb -2.235738515853882
Number of Verified Splits: 250 of 8192
Current worst splitting domains lb-rhs (depth):
-2.27735 (14), -2.24497 (16), -2.24352 (16), -2.23989 (14), -2.23871 (14), -2.23574 (17), -2.23423 (17), -2.23084 (14), -2.22999 (16), -2.22897 (14), -2.22867 (16), -2.22808 (15), -2.22728 (14), -2.22645 (15), -2.22619 (14), -2.22544 (14), -2.22219 (16), -2.22078 (17), -2.22038 (16), -2.21924 (17), 
Current (lb-rhs): -2.277345895767212
28302 domains visited
Length of domains: 13208
Cumulative time: 15.544646739959717

BaB round 14
batch: 4096
splitting decisions: 
split level 0: [/input, 2837] [/input, 3626] [/input, 2751] [/input, 2848] [/input, 2678] [/input, 4296] [/input, 261] [/input, 5080] [/23, 3727] [/23, 3382] 
best_l after optimization: -4907.75732421875
beta sum per layer: [35722.41015625, 11871.5361328125, 6450.6318359375]
alpha/beta optimization time: 1.4836151599884033
pruning_in_iteration open status: False
ratio of positive domain = 268 / 8192 = 0.03271484375
pruning-in-iteration extra time: 5.6743621826171875e-05
Time: get_branching_decision.update_bounds 0.0222    pickout 0.3765    branching_decision 0.0012    decision 0.0012    set_bounds 0.1774    prepare 0.2241    transfer 0.0001    finalize 0.3754    func 3.2581    solve 3.4288    add 0.0485    bab_iteration 4.0329    
Accumulated time: get_branching_decision.update_bounds 0.0222    bab_iteration 15.4294    pickout 1.7429    decision 0.0075    branching_decision 0.0073    set_bounds 0.9736    solve 12.2934    func 15.5509    prepare 1.1414    transfer 0.0010    finalize 1.8866    add 0.9145    
max lb 0.8000025749206543 min lb -2.1984410285949707
Number of Verified Splits: 274 of 8192
Current worst splitting domains lb-rhs (depth):
-2.27735 (14), -2.24497 (16), -2.24352 (16), -2.23989 (14), -2.23871 (14), -2.23574 (17), -2.23423 (17), -2.23084 (14), -2.22999 (16), -2.22897 (14), -2.22867 (16), -2.22808 (15), -2.22728 (14), -2.22645 (15), -2.22619 (14), -2.22544 (14), -2.22219 (16), -2.22078 (17), -2.22038 (16), -2.21924 (17), 
Current (lb-rhs): -2.277345895767212
36494 domains visited
Length of domains: 17030
Cumulative time: 19.42900013923645

BaB round 15
batch: 4096
splitting decisions: 
split level 0: [/23, 2229] [/input, 2837] [/input, 3410] [/input, 2723] [/input, 4923] [/input, 2751] [/input, 3329] [/23, 3181] [/input, 5184] [/input, 4894] 
best_l after optimization: -4529.1455078125
beta sum per layer: [41809.5625, 15152.1728515625, 6202.658203125]
alpha/beta optimization time: 1.4817795753479004
pruning_in_iteration open status: False
ratio of positive domain = 282 / 8192 = 0.034423828125
pruning-in-iteration extra time: 8.320808410644531e-05
Time: get_branching_decision.update_bounds 0.0222    pickout 0.6410    branching_decision 0.0011    decision 0.0011    set_bounds 0.1801    prepare 0.2177    transfer 0.0001    finalize 0.6272    func 3.2760    solve 3.2582    add 0.0682    bab_iteration 3.8843    
Accumulated time: get_branching_decision.update_bounds 0.0222    bab_iteration 19.3137    pickout 2.3839    decision 0.0086    branching_decision 0.0083    set_bounds 1.1537    solve 15.5516    func 18.8269    prepare 1.3592    transfer 0.0011    finalize 2.5138    add 0.9827    
max lb 0.05325639247894287 min lb -2.1916308403015137
Number of Verified Splits: 296 of 8192
Current worst splitting domains lb-rhs (depth):
-2.27735 (14), -2.24497 (16), -2.24352 (16), -2.23989 (14), -2.23871 (14), -2.23574 (17), -2.23423 (17), -2.23084 (14), -2.22999 (16), -2.22897 (14), -2.22867 (16), -2.22808 (15), -2.22728 (14), -2.22645 (15), -2.22619 (14), -2.22544 (14), -2.22219 (16), -2.22078 (17), -2.22038 (16), -2.21924 (17), 
Current (lb-rhs): -2.277345895767212
44686 domains visited
Length of domains: 20830
Cumulative time: 23.580747365951538

BaB round 16
batch: 4096
splitting decisions: 
split level 0: [/input, 2751] [/input, 3356] [/input, 5184] [/input, 2751] [/input, 4831] [/input, 3432] [/23, 2229] [/input, 4388] [/input, 3356] [/input, 5184] 
best_l after optimization: -4148.99658203125
beta sum per layer: [47997.7890625, 17649.5078125, 5937.31640625]
alpha/beta optimization time: 1.4799656867980957
pruning_in_iteration open status: False
ratio of positive domain = 479 / 8192 = 0.0584716796875
pruning-in-iteration extra time: 8.988380432128906e-05
Time: get_branching_decision.update_bounds 0.0222    pickout 0.3810    branching_decision 0.0011    decision 0.0011    set_bounds 0.1788    prepare 0.2153    transfer 0.0001    finalize 0.3775    func 3.2560    solve 3.2760    add 0.0505    bab_iteration 4.1517    
Accumulated time: get_branching_decision.update_bounds 0.0222    bab_iteration 23.4655    pickout 2.7649    decision 0.0097    branching_decision 0.0094    set_bounds 1.3325    solve 18.8276    func 22.0829    prepare 1.5744    transfer 0.0012    finalize 2.8913    add 1.0332    
max lb 0.07146549224853516 min lb -2.156902313232422
Number of Verified Splits: 492 of 8192
Current worst splitting domains lb-rhs (depth):
-2.27735 (14), -2.24497 (16), -2.24352 (16), -2.23989 (14), -2.23871 (14), -2.23574 (17), -2.23423 (17), -2.23084 (14), -2.22999 (16), -2.22897 (14), -2.22867 (16), -2.22808 (15), -2.22728 (14), -2.22645 (15), -2.22619 (14), -2.22544 (14), -2.22219 (16), -2.22078 (17), -2.22038 (16), -2.21924 (17), 
Current (lb-rhs): -2.277345895767212
52878 domains visited
Length of domains: 24434
Cumulative time: 27.44947385787964

BaB round 17
batch: 4096
splitting decisions: 
split level 0: [/23, 3263] [/input, 3410] [/input, 4923] [/input, 3384] [/input, 5184] [/input, 3643] [/23, 3263] [/input, 3410] [/input, 4923] [/input, 4837] 
best_l after optimization: -3913.9228515625
beta sum per layer: [55607.13671875, 20602.96875, 5426.2265625]
alpha/beta optimization time: 1.4854509830474854
pruning_in_iteration open status: False
ratio of positive domain = 873 / 8192 = 0.1065673828125
pruning-in-iteration extra time: 6.747245788574219e-05
Time: get_branching_decision.update_bounds 0.0222    pickout 0.3915    branching_decision 0.0012    decision 0.0012    set_bounds 0.4910    prepare 0.2214    transfer 0.0001    finalize 0.3738    func 2.9651    solve 3.2561    add 0.0484    bab_iteration 3.8687    
Accumulated time: get_branching_decision.update_bounds 0.0222    bab_iteration 27.3342    pickout 3.1564    decision 0.0109    branching_decision 0.0106    set_bounds 1.8235    solve 22.0837    func 25.0480    prepare 1.7958    transfer 0.0013    finalize 3.2651    add 1.0816    
max lb 0.09294390678405762 min lb -2.0678226947784424
Number of Verified Splits: 882 of 8192
Current worst splitting domains lb-rhs (depth):
-2.27735 (14), -2.24497 (16), -2.24352 (16), -2.23989 (14), -2.23871 (14), -2.23574 (17), -2.23423 (17), -2.23084 (14), -2.22999 (16), -2.22897 (14), -2.22867 (16), -2.22808 (15), -2.22728 (14), -2.22645 (15), -2.22619 (14), -2.22544 (14), -2.22219 (16), -2.22078 (17), -2.22038 (16), -2.21924 (17), 
Current (lb-rhs): -2.277345895767212
61070 domains visited
Length of domains: 27648
Cumulative time: 31.347084522247314

BaB round 18
batch: 4096
splitting decisions: 
split level 0: [/input, 3291] [/input, 3409] [/input, 3356] [/input, 3643] [/input, 3643] [/input, 3291] [/input, 3409] [/23, 3671] [/23, 3671] [/input, 3291] 
best_l after optimization: -3945.115234375
beta sum per layer: [60629.67578125, 23282.607421875, 4795.5498046875]
alpha/beta optimization time: 1.4841065406799316
pruning_in_iteration open status: False
ratio of positive domain = 847 / 8192 = 0.1033935546875
pruning-in-iteration extra time: 5.8650970458984375e-05
Time: get_branching_decision.update_bounds 0.0222    pickout 0.3943    branching_decision 0.0011    decision 0.0011    set_bounds 0.5181    prepare 0.2222    transfer 0.0001    finalize 0.3587    func 2.9517    solve 2.9651    add 0.0449    bab_iteration 3.8976    
Accumulated time: get_branching_decision.update_bounds 0.0222    bab_iteration 31.2318    pickout 3.5507    decision 0.0120    branching_decision 0.0117    set_bounds 2.3416    solve 25.0488    func 27.9997    prepare 2.0180    transfer 0.0014    finalize 3.6238    add 1.1265    
max lb 0.10676312446594238 min lb -2.062415361404419
Number of Verified Splits: 859 of 8192
Current worst splitting domains lb-rhs (depth):
-2.27735 (14), -2.24497 (16), -2.24352 (16), -2.23989 (14), -2.23871 (14), -2.23574 (17), -2.23423 (17), -2.23084 (14), -2.22999 (16), -2.22897 (14), -2.22867 (16), -2.22808 (15), -2.22728 (14), -2.22645 (15), -2.22619 (14), -2.22544 (14), -2.22219 (16), -2.22078 (17), -2.22038 (16), -2.21924 (17), 
Current (lb-rhs): -2.277345895767212
69262 domains visited
Length of domains: 30885
Cumulative time: 35.26198768615723

BaB round 19
batch: 4096
splitting decisions: 
split level 0: [/input, 4411] [/input, 4331] [/input, 3287] [/input, 5978] [/input, 237] [/input, 3329] [/input, 4383] [/input, 2678] [/input, 5109] [/input, 2621] 
best_l after optimization: -3979.98779296875
beta sum per layer: [64853.5703125, 25467.521484375, 4620.38720703125]
alpha/beta optimization time: 1.4854700565338135
pruning_in_iteration open status: False
ratio of positive domain = 535 / 8192 = 0.0653076171875
pruning-in-iteration extra time: 5.984306335449219e-05
Time: get_branching_decision.update_bounds 0.0222    pickout 0.7283    branching_decision 0.0011    decision 0.0011    set_bounds 0.1837    prepare 0.2262    transfer 0.0001    finalize 0.3711    func 3.0057    solve 2.9518    add 0.0457    bab_iteration 3.9149    
Accumulated time: get_branching_decision.update_bounds 0.0222    bab_iteration 35.1467    pickout 4.2790    decision 0.0132    branching_decision 0.0128    set_bounds 2.5253    solve 28.0006    func 31.0053    prepare 2.2443    transfer 0.0016    finalize 3.9950    add 1.1722    
max lb 0.13010358810424805 min lb -1.980168104171753
Number of Verified Splits: 551 of 8192
Current worst splitting domains lb-rhs (depth):
-2.27735 (14), -2.24497 (16), -2.24352 (16), -2.23989 (14), -2.23871 (14), -2.23574 (17), -2.23423 (17), -2.23084 (14), -2.22999 (16), -2.22897 (14), -2.22867 (16), -2.22808 (15), -2.22728 (14), -2.22645 (15), -2.22619 (14), -2.22544 (14), -2.22219 (16), -2.22078 (17), -2.22038 (16), -2.21924 (17), 
Current (lb-rhs): -2.277345895767212
77454 domains visited
Length of domains: 34430
Cumulative time: 39.60328531265259

BaB round 20
batch: 4096
splitting decisions: 
split level 0: [/23, 591] [/input, 4830] [/input, 3355] [/input, 2837] [/23, 591] [/input, 3671] [/input, 4896] [/input, 4830] [/input, 3355] [/input, 3381] 
best_l after optimization: -3700.35205078125
beta sum per layer: [71543.671875, 28888.77734375, 4533.9609375]
alpha/beta optimization time: 1.4858145713806152
pruning_in_iteration open status: False
ratio of positive domain = 883 / 8192 = 0.1077880859375
pruning-in-iteration extra time: 7.295608520507812e-05
Time: get_branching_decision.update_bounds 0.0222    pickout 0.3965    branching_decision 0.0011    decision 0.0011    set_bounds 0.1840    prepare 0.2221    transfer 0.0001    finalize 0.3689    func 3.3609    solve 3.0058    add 0.4182    bab_iteration 4.3413    
Accumulated time: get_branching_decision.update_bounds 0.0222    bab_iteration 39.4880    pickout 4.6754    decision 0.0143    branching_decision 0.0139    set_bounds 2.7093    solve 31.0064    func 34.3662    prepare 2.4664    transfer 0.0017    finalize 4.3639    add 1.5905    
max lb 0.0721435546875 min lb -1.9502239227294922
Number of Verified Splits: 887 of 8192
Current worst splitting domains lb-rhs (depth):
-2.27735 (14), -2.24497 (16), -2.24352 (16), -2.23989 (14), -2.23871 (14), -2.23574 (17), -2.23423 (17), -2.23084 (14), -2.22999 (16), -2.22897 (14), -2.22867 (16), -2.22808 (15), -2.22728 (14), -2.22645 (15), -2.22619 (14), -2.22544 (14), -2.22219 (16), -2.22078 (17), -2.22038 (16), -2.21924 (17), 
Current (lb-rhs): -2.277345895767212
85646 domains visited
Length of domains: 37639
Cumulative time: 43.59739279747009

BaB round 21
batch: 4096
splitting decisions: 
split level 0: [/input, 4949] [/input, 2905] [/input, 4331] [/input, 4383] [/input, 3325] [/input, 2592] [/23, 3210] [/input, 3643] [/input, 4921] [/input, 6003] 
best_l after optimization: -3693.393310546875
beta sum per layer: [80527.0625, 31464.57421875, 4567.703125]
alpha/beta optimization time: 1.4872410297393799
pruning_in_iteration open status: False
ratio of positive domain = 879 / 8192 = 0.1072998046875
pruning-in-iteration extra time: 8.845329284667969e-05
Time: get_branching_decision.update_bounds 0.0222    pickout 0.4090    branching_decision 0.0012    decision 0.0012    set_bounds 0.1831    prepare 0.2226    transfer 0.0001    finalize 0.7943    func 3.3973    solve 3.3610    add 0.0470    bab_iteration 3.9941    
Accumulated time: get_branching_decision.update_bounds 0.0222    bab_iteration 43.4821    pickout 5.0845    decision 0.0155    branching_decision 0.0151    set_bounds 2.8924    solve 34.3673    func 37.7636    prepare 2.6890    transfer 0.0018    finalize 5.1581    add 1.6375    
max lb 0.103118896484375 min lb -1.9484076499938965
Number of Verified Splits: 886 of 8192
Current worst splitting domains lb-rhs (depth):
-2.27735 (14), -2.24497 (16), -2.24352 (16), -2.23989 (14), -2.23871 (14), -2.23574 (17), -2.23423 (17), -2.23084 (14), -2.22999 (16), -2.22897 (14), -2.22867 (16), -2.22808 (15), -2.22728 (14), -2.22645 (15), -2.22619 (14), -2.22544 (14), -2.22219 (16), -2.22078 (17), -2.22038 (16), -2.21924 (17), 
Current (lb-rhs): -2.277345895767212
93838 domains visited
Length of domains: 40849
Cumulative time: 47.63768291473389

BaB round 22
batch: 4096
splitting decisions: 
split level 0: [/input, 3383] [/input, 5249] [/input, 2667] [/input, 2505] [/input, 5109] [/input, 5222] [/23, 3182] [/input, 4411] [/input, 209] [/input, 3330] 
best_l after optimization: -3669.498779296875
beta sum per layer: [87573.71875, 33052.29296875, 4674.5732421875]
alpha/beta optimization time: 1.4868600368499756
pruning_in_iteration open status: False
ratio of positive domain = 1165 / 8192 = 0.1422119140625
pruning-in-iteration extra time: 9.584426879882812e-05
Time: get_branching_decision.update_bounds 0.0222    pickout 0.4106    branching_decision 0.0012    decision 0.0012    set_bounds 0.1813    prepare 0.2211    transfer 0.0001    finalize 0.3504    func 3.3504    solve 3.3974    add 0.0446    bab_iteration 4.0403    
Accumulated time: get_branching_decision.update_bounds 0.0222    bab_iteration 47.5224    pickout 5.4950    decision 0.0167    branching_decision 0.0163    set_bounds 3.0738    solve 37.7647    func 41.1140    prepare 2.9100    transfer 0.0019    finalize 5.5085    add 1.6822    
max lb 0.11523246765136719 min lb -1.8967784643173218
Number of Verified Splits: 1170 of 8192
Current worst splitting domains lb-rhs (depth):
-2.27735 (14), -2.24497 (16), -2.24352 (16), -2.23989 (14), -2.23871 (14), -2.23574 (17), -2.23423 (17), -2.23084 (14), -2.22999 (16), -2.22897 (14), -2.22867 (16), -2.22808 (15), -2.22728 (14), -2.22645 (15), -2.22619 (14), -2.22544 (14), -2.22219 (16), -2.22078 (17), -2.22038 (16), -2.21924 (17), 
Current (lb-rhs): -2.277345895767212
102030 domains visited
Length of domains: 43775
Cumulative time: 51.63231635093689

BaB round 23
batch: 4096
splitting decisions: 
split level 0: [/23, 2560] [/input, 2837] [/input, 237] [/input, 2621] [/input, 4383] [/input, 1217] [/23, 2113] [/23, 2086] [/input, 4180] [/input, 2905] 
best_l after optimization: -3821.382080078125
beta sum per layer: [90343.6875, 32093.38671875, 4595.31103515625]
alpha/beta optimization time: 1.4820547103881836
pruning_in_iteration open status: False
ratio of positive domain = 932 / 8192 = 0.11376953125
pruning-in-iteration extra time: 5.698204040527344e-05
Time: get_branching_decision.update_bounds 0.0222    pickout 0.4035    branching_decision 0.0011    decision 0.0011    set_bounds 0.1838    prepare 0.2255    transfer 0.0001    finalize 0.3624    func 2.9474    solve 3.3505    add 0.0460    bab_iteration 3.9946    
Accumulated time: get_branching_decision.update_bounds 0.0222    bab_iteration 51.5170    pickout 5.8985    decision 0.0178    branching_decision 0.0174    set_bounds 3.2576    solve 41.1152    func 44.0614    prepare 3.1355    transfer 0.0020    finalize 5.8709    add 1.7281    
max lb 0.12281012535095215 min lb -1.8827731609344482
Number of Verified Splits: 939 of 8192
Current worst splitting domains lb-rhs (depth):
-2.27735 (14), -2.24497 (16), -2.24352 (16), -2.23989 (14), -2.23871 (14), -2.23574 (17), -2.23423 (17), -2.23084 (14), -2.22999 (16), -2.22897 (14), -2.22867 (16), -2.22808 (15), -2.22728 (14), -2.22645 (15), -2.22619 (14), -2.22544 (14), -2.22219 (16), -2.22078 (17), -2.22038 (16), -2.21924 (17), 
Current (lb-rhs): -2.277345895767212
110222 domains visited
Length of domains: 46932
Time out!!!!!!!!
Result: unknown in 61.2723 seconds

 %%%%%%%%%%%%%%%%%%%%%%%%%%%%%%%%%%% idx: 8, vnnlib ID: 8 %%%%%%%%%%%%%%%%%%%%%%%%%%%%%%%%%%%
Finished vnnlib processing in 0.001690 seconds
Model: BoundedModule(
  (/input-1): BoundInput(name=/input-1, inputs=[], perturbed=True)
  (/shape): BoundBuffers(name=/shape, inputs=[], perturbed=False)
  (/10): BoundParams(name=/10, inputs=[], perturbed=False)
  (/11): BoundParams(name=/11, inputs=[], perturbed=False)
  (/12): BoundParams(name=/12, inputs=[], perturbed=False)
  (/13): BoundParams(name=/13, inputs=[], perturbed=False)
  (/14): BoundParams(name=/14, inputs=[], perturbed=False)
  (/15): BoundParams(name=/15, inputs=[], perturbed=False)
  (/16): BoundParams(name=/16, inputs=[], perturbed=False)
  (/17): BoundParams(name=/17, inputs=[], perturbed=False)
  (/input): BoundConv(name=/input, inputs=[/input-1, /10, /11], perturbed=True)
  (/input-4): BoundRelu(name=/input-4, inputs=[/input], perturbed=True)
  (/tensor): BoundConv(name=/tensor, inputs=[/input-4, /12, /13], perturbed=True)
  (/21): BoundSplit(name=/21, inputs=[/tensor], perturbed=True)
  (/22): BoundSplit(name=/22, inputs=[/tensor], perturbed=True)
  (/23): BoundAdd(name=/23, inputs=[/21, /22], perturbed=True)
  (/24): BoundRelu(name=/24, inputs=[/23], perturbed=True)
  (/25): BoundSplit(name=/25, inputs=[/shape], perturbed=False)
  (/26): BoundSplit(name=/26, inputs=[/shape], perturbed=False)
  (/27): BoundConstant(name=/27, value=tensor([0], device='cuda:0'))
  (/28): BoundSqueeze(name=/28, inputs=[/25, /27], perturbed=False)
  (/29): BoundConstant(name=/29, value=tensor([0], device='cuda:0'))
  (/30): BoundSqueeze(name=/30, inputs=[/26, /29], perturbed=False)
  (/31): BoundConstant(name=/31, value=tensor([0], device='cuda:0'))
  (/32): BoundUnsqueeze(name=/32, inputs=[/28, /31], perturbed=False)
  (/33): BoundConstant(name=/33, value=tensor([0], device='cuda:0'))
  (/34): BoundUnsqueeze(name=/34, inputs=[/30, /33], perturbed=False)
  (/35): BoundConcat(name=/35, inputs=[/32, /34], perturbed=False)
  (/36): BoundReshape(name=/36, inputs=[/24, /35], perturbed=True)
  (/input-8): BoundLinear(name=/input-8, inputs=[/36, /14, /15], perturbed=True)
  (/38): BoundRelu(name=/38, inputs=[/input-8], perturbed=True)
  (/39): BoundLinear(name=/39, inputs=[/38, /16, /17], perturbed=True)
)
Original output in the first batch: tensor([[ 3.56452107, -4.44834280,  2.88382959, -6.23205280,  2.92965817,
          5.25511169,  5.56408167, -3.27116036,  1.51702487, -2.78414989]],
       device='cuda:0')
Split layers:
Nonlinear functions:
   BoundRelu(name=/input-4, inputs=[/input], perturbed=True)
   BoundRelu(name=/24, inputs=[/23], perturbed=True)
   BoundRelu(name=/38, inputs=[/input-8], perturbed=True)
build batch [1/1]
layer /input-4 using sparse-features alpha with shape [1441]; unstable size 1441; total size 6272 ([1, 8, 28, 28])
layer /input-4 start_node /23 using full alpha [2, 6272, 1, 1441] with unstable size None total_size 6272 output_shape torch.Size([8, 28, 28])
layer /input-4 start_node /input-8 using sparse-spec alpha [2, 5, 1, 1441] with unstable size 4 total_size 64 output_shape torch.Size([64])
layer /input-4 start_node /39 using full alpha [2, 9, 1, 1441] with unstable size None total_size 9 output_shape 9
layer /24 using sparse-features alpha with shape [1809]; unstable size 1809; total size 6272 ([1, 8, 28, 28])
layer /24 start_node /input-8 using sparse-spec alpha [2, 5, 1, 1809] with unstable size 4 total_size 64 output_shape torch.Size([64])
layer /24 start_node /39 using full alpha [2, 9, 1, 1809] with unstable size None total_size 9 output_shape 9
layer /38 using sparse-features alpha with shape [4]; unstable size 4; total size 64 ([1, 64])
layer /38 start_node /39 using full alpha [2, 9, 1, 4] with unstable size None total_size 9 output_shape 9
Optimizable variables initialized.
initial CROWN bounds (first 10 items): [-2.2159817218780518, 4.966918468475342, -3.4298601150512695, 6.237771987915039, -2.4500269889831543, -6.100802421569824, 2.6821279525756836, -0.2567102909088135, 2.4668052196502686]
prune_after_crown optimization in use
  original spec size = torch.Size([1, 9])
  pruned spec size = torch.Size([1, 5])
Using alpha-CROWN to initialize bounds.
best_l after optimization: -13.331357955932617
alpha/beta optimization time: 5.359736680984497
initial alpha-crown bounds (first 10 items): [-2.023519515991211, -3.2245302200317383, -2.2305777072906494, -5.81886625289917, -0.03386521339416504]
Global lower bound: -5.81886625289917
4 / 9 OR specs are verified.
Verified OR indices (first 10 items): [1, 3, 6, 8]
Verified OR lbs (first 10 items): [[inf], [inf], [inf], [inf]]
Unverified OR indices (first 10 items): [0, 2, 4, 5, 7]
Unverified OR lbs (first 10 items): [[-2.023519515991211], [-3.2245302200317383], [-2.2305777072906494], [-5.81886625289917], [-0.03386521339416504]]
###### Verifying property Instance 8 ######
Batch size: 5
First 10 spec matrices
C: tensor([[[-1.,  0.,  0.,  0.,  0.,  1.,  0.,  0.,  0.,  0.]],

        [[ 0.,  0., -1.,  0.,  0.,  1.,  0.,  0.,  0.,  0.]],

        [[ 0.,  0.,  0.,  0., -1.,  1.,  0.,  0.,  0.,  0.]],

        [[ 0.,  0.,  0.,  0.,  0.,  1., -1.,  0.,  0.,  0.]],

        [[ 0.,  0.,  0.,  0.,  0.,  1.,  0.,  0., -1.,  0.]]], device='cuda:0')
RHS: tensor([[0.],
        [0.],
        [0.],
        [0.],
        [0.]], device='cuda:0')
OR spec sizes: tensor([1, 1, 1, 1, 1], device='cuda:0', dtype=torch.int32)
Remaining timeout: 54.202072858810425
Model prediction is: tensor([ 3.56452107, -4.44834280,  2.88382959, -6.23205280,  2.92965817,
         5.25511169,  5.56408167, -3.27116036,  1.51702487, -2.78414989],
       device='cuda:0')
Activation BaB batch 1/1 
build_with_refined_bounds batch [1/1]
Optimizable variables initialized.
all alpha initialized
directly get lb and ub from refined bounds
c shape: torch.Size([5, 1, 10])
lA shapes: [torch.Size([5, 1, 8, 28, 28]), torch.Size([5, 1, 8, 28, 28]), torch.Size([5, 1, 64])]
(alpha-)CROWN with fixed intermediate bounds: tensor([[-2.02351952],
        [-3.22453022],
        [-2.23057771],
        [-5.81886625],
        [-0.03386521]], device='cuda:0') tensor([[inf],
        [inf],
        [inf],
        [inf],
        [inf]], device='cuda:0')
Intermediate layers: /input,/23,/input-8
Keeping alphas for these layers: ['/39']
Node /input-4 input 0: size torch.Size([8, 28, 28]) unstable 1441
Node /24 input 0: size torch.Size([8, 28, 28]) unstable 1802
Node /38 input 0: size torch.Size([64]) unstable 3
-----------------
# of unstable neurons: 3246
-----------------

BaB round 1
batch: 5
splitting decisions: 
split level 0: [/input-8, 27] [/input-8, 57] [/input-8, 27] [/input-8, 57] [/input-8, 27] 
split level 1: [/input-8, 28] [/input-8, 27] [/input, 3600] [/input, 4461] [/input, 4327] 
split level 2: [/input-8, 57] [/input, 2697] [/input, 4328] [/input, 2601] [/input, 4326] 
split level 3: [/input, 4461] [/input, 2601] [/input, 4329] [/input, 3039] [/input, 2601] 
split level 4: [/input, 2601] [/input, 2670] [/input, 2601] [/input, 2622] [/input, 4325] 
best_l after optimization: -270.4730224609375
beta sum per layer: [127.04591369628906, 0.0, 53.20517349243164]
alpha/beta optimization time: 0.15467619895935059
pruning_in_iteration open status: True
ratio of positive domain = 44 / 160 = 0.275
pruning-in-iteration extra time: 0.004610776901245117
Time: get_branching_decision.update_bounds 0.0237    pickout 0.0013    branching_decision 0.0001    decision 0.0001    set_bounds 0.0088    prepare 0.0023    transfer 0.0000    finalize 0.0050    func 0.1860    
Accumulated time: get_branching_decision.update_bounds 0.0237    bab_iteration 0.0000    pickout 0.0013    decision 0.0001    branching_decision 0.0001    set_bounds 0.0088    solve 0.0000    func 0.1860    prepare 0.0023    transfer 0.0000    finalize 0.0050    
max lb 9.999999747378752e-05 min lb -5.740658283233643
Number of Verified Splits: 44 of 160
Current worst splitting domains lb-rhs (depth):
-5.74066 (5), -5.73607 (5), -5.68464 (5), -5.68005 (5), -5.66730 (5), -5.66271 (5), -5.64849 (5), -5.64396 (5), -5.61128 (5), -5.60669 (5), -5.59285 (5), -5.58826 (5), -5.57551 (5), -5.57092 (5), -5.51949 (5), -5.51490 (5), -4.41810 (5), -4.41757 (5), -4.36081 (5), -4.36028 (5), 
Current (lb-rhs): -5.740658283233643
160 domains visited
Length of domains: 116
Cumulative time: 0.27388978004455566

BaB round 2
batch: 116
splitting decisions: 
split level 0: [/input, 3597] [/input, 3599] [/input, 4023] [/input, 4461] [/input, 3599] [/input, 3239] [/input, 3597] [/input, 3599] [/input, 4023] [/input, 3595] 
best_l after optimization: -520.4768676757812
beta sum per layer: [340.837890625, 0.0, 139.74539184570312]
alpha/beta optimization time: 0.1316847801208496
pruning_in_iteration open status: False
ratio of positive domain = 24 / 232 = 0.10344827586206895
pruning-in-iteration extra time: 6.842613220214844e-05
Time: get_branching_decision.update_bounds 0.0237    pickout 0.0110    branching_decision 0.0001    decision 0.0001    set_bounds 0.0056    prepare 0.0054    transfer 0.0001    finalize 0.0096    func 0.1782    solve 0.1861    add 0.0013    bab_iteration 0.1977    
Accumulated time: get_branching_decision.update_bounds 0.0237    bab_iteration 0.1977    pickout 0.0122    decision 0.0002    branching_decision 0.0002    set_bounds 0.0144    solve 0.1861    func 0.3642    prepare 0.0077    transfer 0.0001    finalize 0.0147    add 0.0013    
max lb 0.021378755569458008 min lb -5.736696243286133
Number of Verified Splits: 24 of 232
Current worst splitting domains lb-rhs (depth):
-5.73670 (6), -5.73195 (6), -5.72451 (6), -5.71976 (6), -5.67160 (6), -5.66694 (6), -5.65994 (6), -5.65519 (6), -5.64744 (6), -5.64324 (6), -5.64272 (6), -5.63857 (6), -5.63528 (6), -5.63115 (6), -5.63053 (6), -5.62638 (6), -5.58290 (6), -5.57833 (6), -5.57815 (6), -5.57367 (6), 
Current (lb-rhs): -5.736696243286133
392 domains visited
Length of domains: 208
Cumulative time: 0.4704549312591553

BaB round 3
batch: 208
splitting decisions: 
split level 0: [/input, 4326] [/input, 4327] [/input, 4490] [/input, 3574] [/input, 4023] [/input, 4326] [/input, 4327] [/input, 2583] [/input, 2600] [/input, 3574] 
best_l after optimization: -1024.7625732421875
beta sum per layer: [781.71240234375, 6.250692844390869, 232.44955444335938]
alpha/beta optimization time: 0.1329348087310791
pruning_in_iteration open status: False
ratio of positive domain = 16 / 416 = 0.038461538461538436
pruning-in-iteration extra time: 7.343292236328125e-05
Time: get_branching_decision.update_bounds 0.0237    pickout 0.0186    branching_decision 0.0001    decision 0.0001    set_bounds 0.0096    prepare 0.0098    transfer 0.0001    finalize 0.0165    func 0.2135    solve 0.1782    add 0.0015    bab_iteration 0.1966    
Accumulated time: get_branching_decision.update_bounds 0.0237    bab_iteration 0.3942    pickout 0.0309    decision 0.0003    branching_decision 0.0003    set_bounds 0.0240    solve 0.3643    func 0.5777    prepare 0.0174    transfer 0.0001    finalize 0.0312    add 0.0028    
max lb 0.0360109806060791 min lb -5.734711170196533
Number of Verified Splits: 16 of 416
Current worst splitting domains lb-rhs (depth):
-5.73471 (7), -5.72998 (7), -5.72153 (7), -5.71761 (7), -5.71690 (7), -5.71373 (7), -5.71300 (7), -5.70907 (7), -5.66776 (7), -5.66296 (7), -5.65415 (7), -5.65126 (7), -5.64948 (7), -5.64658 (7), -5.64658 (7), -5.64193 (7), -5.64124 (7), -5.64021 (7), -5.63627 (7), -5.63542 (7), 
Current (lb-rhs): -5.734711170196533
808 domains visited
Length of domains: 400
Cumulative time: 0.7149405479431152

BaB round 4
batch: 400
splitting decisions: 
split level 0: [/input, 2610] [/input, 4326] [/input, 4073] [/input, 5925] [/input, 2586] [/input, 4327] [/input, 4326] [/input, 2586] [/input, 2755] [/input, 5925] 
best_l after optimization: -2009.369873046875
beta sum per layer: [1827.6865234375, 30.67611312866211, 448.9303894042969]
alpha/beta optimization time: 0.14654254913330078
pruning_in_iteration open status: False
ratio of positive domain = 0 / 800 = 0.0
pruning-in-iteration extra time: 6.842613220214844e-05
Time: get_branching_decision.update_bounds 0.0237    pickout 0.0340    branching_decision 0.0002    decision 0.0002    set_bounds 0.0186    prepare 0.0182    transfer 0.0001    finalize 0.0306    func 0.3012    solve 0.2135    add 0.0024    bab_iteration 0.2445    
Accumulated time: get_branching_decision.update_bounds 0.0237    bab_iteration 0.6387    pickout 0.0649    decision 0.0006    branching_decision 0.0005    set_bounds 0.0426    solve 0.5778    func 0.8789    prepare 0.0356    transfer 0.0003    finalize 0.0618    add 0.0052    
max lb -0.08928918838500977 min lb -5.733523368835449
Number of Verified Splits: 0 of 800
Current worst splitting domains lb-rhs (depth):
-5.73352 (8), -5.72880 (8), -5.72036 (8), -5.71611 (8), -5.71535 (8), -5.71255 (8), -5.71127 (8), -5.70770 (8), -5.68361 (8), -5.67895 (8), -5.67046 (8), -5.66662 (8), -5.66544 (8), -5.66486 (8), -5.66327 (8), -5.66169 (8), -5.65994 (8), -5.65830 (8), -5.65139 (8), -5.64833 (8), 
Current (lb-rhs): -5.733523368835449
1608 domains visited
Length of domains: 800
Cumulative time: 1.073793888092041

BaB round 5
batch: 800
splitting decisions: 
split level 0: [/input, 5921] [/input, 3597] [/input, 2692] [/input, 5897] [/input, 4490] [/input, 2610] [/input, 3597] [/input, 4293] [/input, 4461] [/input, 5897] 
best_l after optimization: -3950.84912109375
beta sum per layer: [4232.083984375, 139.41561889648438, 926.712646484375]
alpha/beta optimization time: 0.26230597496032715
pruning_in_iteration open status: False
ratio of positive domain = 0 / 1600 = 0.0
pruning-in-iteration extra time: 6.985664367675781e-05
Time: get_branching_decision.update_bounds 0.0237    pickout 0.0653    branching_decision 0.0005    decision 0.0005    set_bounds 0.0357    prepare 0.0363    transfer 0.0001    finalize 0.0655    func 0.5625    solve 0.3013    add 0.0044    bab_iteration 0.3588    
Accumulated time: get_branching_decision.update_bounds 0.0237    bab_iteration 0.9975    pickout 0.1302    decision 0.0011    branching_decision 0.0010    set_bounds 0.0783    solve 0.8790    func 1.4414    prepare 0.0720    transfer 0.0003    finalize 0.1273    add 0.0096    
max lb -0.012077569961547852 min lb -5.732326984405518
Number of Verified Splits: 0 of 1600
Current worst splitting domains lb-rhs (depth):
-5.73233 (9), -5.72755 (9), -5.71918 (9), -5.71492 (9), -5.71412 (9), -5.71146 (9), -5.70992 (9), -5.70828 (9), -5.70653 (9), -5.70436 (9), -5.69513 (9), -5.69104 (9), -5.69087 (9), -5.68794 (9), -5.68726 (9), -5.68433 (9), -5.68226 (9), -5.67743 (9), -5.66928 (9), -5.66512 (9), 
Current (lb-rhs): -5.732326984405518
3208 domains visited
Length of domains: 1600
Cumulative time: 1.7509441375732422

BaB round 6
batch: 1600
splitting decisions: 
split level 0: [/input, 4327] [/input, 4024] [/23, 3203] [/input, 4327] [/input, 247] [/input, 5921] [/input, 4024] [/23, 329] [/input, 2458] [/input, 4327] 
best_l after optimization: -7773.888671875
beta sum per layer: [9546.2255859375, 441.4544982910156, 1906.812744140625]
alpha/beta optimization time: 0.5656259059906006
pruning_in_iteration open status: False
ratio of positive domain = 19 / 3200 = 0.00593750000000004
pruning-in-iteration extra time: 5.555152893066406e-05
Time: get_branching_decision.update_bounds 0.0237    pickout 0.1290    branching_decision 0.0008    decision 0.0008    set_bounds 0.0712    prepare 0.0737    transfer 0.0001    finalize 0.1358    func 1.3099    solve 0.5625    add 0.0125    bab_iteration 0.6771    
Accumulated time: get_branching_decision.update_bounds 0.0237    bab_iteration 1.6747    pickout 0.2592    decision 0.0019    branching_decision 0.0018    set_bounds 0.1495    solve 1.4416    func 2.7512    prepare 0.1457    transfer 0.0004    finalize 0.2631    add 0.0221    
max lb 0.028929710388183594 min lb -5.728412628173828
Number of Verified Splits: 19 of 3200
Current worst splitting domains lb-rhs (depth):
-5.72841 (10), -5.72612 (10), -5.72346 (10), -5.72118 (10), -5.71527 (10), -5.71331 (10), -5.71118 (10), -5.71015 (10), -5.70928 (10), -5.70813 (10), -5.70765 (10), -5.70614 (10), -5.70582 (10), -5.70424 (10), -5.70264 (10), -5.70235 (10), -5.70067 (10), -5.70006 (10), -5.69804 (10), -5.69574 (10), 
Current (lb-rhs): -5.728412628173828
6408 domains visited
Length of domains: 3181
Cumulative time: 3.283588171005249

BaB round 7
batch: 2048
splitting decisions: 
split level 0: [/input, 4073] [/input, 5924] [/input, 3238] [/input, 3040] [/input, 2616] [/input, 5921] [/input, 2600] [/input, 2692] [/input, 5924] [/input, 3238] 
best_l after optimization: -9760.6396484375
beta sum per layer: [14360.08984375, 955.8653564453125, 2492.30810546875]
alpha/beta optimization time: 0.7322065830230713
pruning_in_iteration open status: False
ratio of positive domain = 134 / 4096 = 0.03271484375
pruning-in-iteration extra time: 5.364418029785156e-05
Time: get_branching_decision.update_bounds 0.0237    pickout 0.1665    branching_decision 0.0008    decision 0.0009    set_bounds 0.0917    prepare 0.0946    transfer 0.0001    finalize 0.3148    func 1.6214    solve 1.3099    add 0.0210    bab_iteration 1.5326    
Accumulated time: get_branching_decision.update_bounds 0.0237    bab_iteration 3.2073    pickout 0.4257    decision 0.0028    branching_decision 0.0027    set_bounds 0.2412    solve 2.7515    func 4.3726    prepare 0.2402    transfer 0.0005    finalize 0.5779    add 0.0431    
max lb 0.08295679092407227 min lb -5.724672317504883
Number of Verified Splits: 137 of 4096
Current worst splitting domains lb-rhs (depth):
-5.72612 (10), -5.72467 (11), -5.72344 (11), -5.72118 (10), -5.71956 (11), -5.71832 (11), -5.71331 (10), -5.71177 (11), -5.70944 (11), -5.70928 (10), -5.70813 (10), -5.70796 (11), -5.70665 (11), -5.70582 (10), -5.70432 (11), -5.70424 (10), -5.70407 (11), -5.70295 (11), -5.70291 (11), -5.70069 (11), 
Current (lb-rhs): -5.726119041442871
10504 domains visited
Length of domains: 5092
current_vram/total_varm: 15.6GB/47.7GB, batch_size increase to 4096
Cumulative time: 5.196594953536987

BaB round 8
batch: 4096
splitting decisions: 
split level 0: [/input, 5004] [/input, 4073] [/input, 5924] [/input, 3238] [/input, 2616] [/input, 5921] [/input, 2692] [/input, 5924] [/input, 3238] [/input, 2616] 
best_l after optimization: -19783.650390625
beta sum per layer: [31877.044921875, 2704.19384765625, 4850.96044921875]
alpha/beta optimization time: 1.4678959846496582
pruning_in_iteration open status: False
ratio of positive domain = 254 / 8192 = 0.031005859375
pruning-in-iteration extra time: 6.4849853515625e-05
Time: get_branching_decision.update_bounds 0.0237    pickout 0.3383    branching_decision 0.0015    decision 0.0015    set_bounds 0.1702    prepare 0.2004    transfer 0.0002    finalize 0.3819    func 3.3832    solve 1.6214    add 0.0313    bab_iteration 1.9130    
Accumulated time: get_branching_decision.update_bounds 0.0237    bab_iteration 5.1203    pickout 0.7640    decision 0.0043    branching_decision 0.0041    set_bounds 0.4113    solve 4.3729    func 7.7559    prepare 0.4407    transfer 0.0007    finalize 0.9597    add 0.0744    
max lb 0.12261533737182617 min lb -5.723764896392822
Number of Verified Splits: 258 of 8192
Current worst splitting domains lb-rhs (depth):
-5.72612 (10), -5.72376 (12), -5.72261 (12), -5.72118 (10), -5.71845 (12), -5.71747 (12), -5.71331 (10), -5.71079 (12), -5.70928 (10), -5.70813 (10), -5.70750 (12), -5.70693 (12), -5.70582 (10), -5.70562 (12), -5.70424 (10), -5.70310 (12), -5.70232 (12), -5.70160 (12), -5.70144 (12), -5.70067 (10), 
Current (lb-rhs): -5.726119041442871
18696 domains visited
Length of domains: 8930
Cumulative time: 9.321499586105347

BaB round 9
batch: 4096
splitting decisions: 
split level 0: [/input, 2583] [/input, 5893] [/input, 5007] [/input, 2615] [/input, 4293] [/input, 3294] [/input, 4023] [/input, 2637] [/input, 2621] [/input, 2757] 
best_l after optimization: -20200.740234375
beta sum per layer: [37864.42578125, 5036.1953125, 4571.28125]
alpha/beta optimization time: 1.4719078540802002
pruning_in_iteration open status: False
ratio of positive domain = 236 / 8192 = 0.02880859375
pruning-in-iteration extra time: 5.888938903808594e-05
Time: get_branching_decision.update_bounds 0.0237    pickout 0.3410    branching_decision 0.0012    decision 0.0013    set_bounds 0.1768    prepare 0.2066    transfer 0.0001    finalize 0.3682    func 3.1978    solve 3.3833    add 0.2285    bab_iteration 4.1249    
Accumulated time: get_branching_decision.update_bounds 0.0237    bab_iteration 9.2452    pickout 1.1050    decision 0.0055    branching_decision 0.0054    set_bounds 0.5881    solve 7.7563    func 10.9536    prepare 0.6473    transfer 0.0008    finalize 1.3279    add 0.3029    
max lb 0.0922708511352539 min lb -5.68283748626709
Number of Verified Splits: 241 of 8192
Current worst splitting domains lb-rhs (depth):
-5.72612 (10), -5.72376 (12), -5.72261 (12), -5.72118 (10), -5.71845 (12), -5.71747 (12), -5.71331 (10), -5.71079 (12), -5.70928 (10), -5.70813 (10), -5.70750 (12), -5.70693 (12), -5.70582 (10), -5.70562 (12), -5.70424 (10), -5.70310 (12), -5.70232 (12), -5.70160 (12), -5.70144 (12), -5.70067 (10), 
Current (lb-rhs): -5.726119041442871
26888 domains visited
Length of domains: 12785
Cumulative time: 13.08684492111206

BaB round 10
batch: 4096
splitting decisions: 
split level 0: [/input, 5922] [/input, 3040] [/input, 2621] [/input, 4047] [/input, 5922] [/input, 3040] [/input, 2621] [/input, 3599] [/input, 5922] [/input, 3040] 
best_l after optimization: -20658.11328125
beta sum per layer: [42470.0078125, 7226.201171875, 4291.4296875]
alpha/beta optimization time: 1.469735860824585
pruning_in_iteration open status: False
ratio of positive domain = 225 / 8192 = 0.0274658203125
pruning-in-iteration extra time: 7.748603820800781e-05
Time: get_branching_decision.update_bounds 0.0237    pickout 0.5641    branching_decision 0.0012    decision 0.0012    set_bounds 0.1822    prepare 0.2076    transfer 0.0001    finalize 0.3726    func 3.4389    solve 3.1978    add 0.0456    bab_iteration 3.7653    
Accumulated time: get_branching_decision.update_bounds 0.0237    bab_iteration 13.0106    pickout 1.6691    decision 0.0067    branching_decision 0.0065    set_bounds 0.7703    solve 10.9541    func 14.3926    prepare 0.8549    transfer 0.0009    finalize 1.7005    add 0.3485    
max lb 0.06319713592529297 min lb -5.608658313751221
Number of Verified Splits: 232 of 8192
Current worst splitting domains lb-rhs (depth):
-5.72612 (10), -5.72376 (12), -5.72261 (12), -5.72118 (10), -5.71845 (12), -5.71747 (12), -5.71331 (10), -5.71079 (12), -5.70928 (10), -5.70813 (10), -5.70750 (12), -5.70693 (12), -5.70582 (10), -5.70562 (12), -5.70424 (10), -5.70310 (12), -5.70232 (12), -5.70160 (12), -5.70144 (12), -5.70067 (10), 
Current (lb-rhs): -5.726119041442871
35080 domains visited
Length of domains: 16649
Cumulative time: 17.342146396636963

BaB round 11
batch: 4096
splitting decisions: 
split level 0: [/input, 4747] [/input, 4324] [/input, 3493] [/input, 3039] [/input, 247] [/input, 4747] [/input, 4416] [/input, 2615] [/input, 4324] [/23, 329] 
best_l after optimization: -21185.96875
beta sum per layer: [47903.8359375, 8818.203125, 4040.76171875]
alpha/beta optimization time: 1.4685249328613281
pruning_in_iteration open status: False
ratio of positive domain = 271 / 8192 = 0.0330810546875
pruning-in-iteration extra time: 0.00012159347534179688
Time: get_branching_decision.update_bounds 0.0237    pickout 0.3408    branching_decision 0.0012    decision 0.0013    set_bounds 0.1836    prepare 0.2071    transfer 0.0001    finalize 0.3550    func 3.2452    solve 3.4390    add 0.0656    bab_iteration 4.2553    
Accumulated time: get_branching_decision.update_bounds 0.0237    bab_iteration 17.2659    pickout 2.0099    decision 0.0080    branching_decision 0.0078    set_bounds 0.9539    solve 14.3931    func 17.6377    prepare 1.0621    transfer 0.0010    finalize 2.0555    add 0.4141    
max lb 0.09507942199707031 min lb -5.541917324066162
Number of Verified Splits: 273 of 8192
Current worst splitting domains lb-rhs (depth):
-5.72612 (10), -5.72376 (12), -5.72261 (12), -5.72118 (10), -5.71845 (12), -5.71747 (12), -5.71331 (10), -5.71079 (12), -5.70928 (10), -5.70813 (10), -5.70750 (12), -5.70693 (12), -5.70582 (10), -5.70562 (12), -5.70424 (10), -5.70310 (12), -5.70232 (12), -5.70160 (12), -5.70144 (12), -5.70067 (10), 
Current (lb-rhs): -5.726119041442871
43272 domains visited
Length of domains: 20472
Cumulative time: 21.16248321533203

BaB round 12
batch: 4096
splitting decisions: 
split level 0: [/input, 268] [/input, 4770] [/input, 247] [/input, 4326] [/input, 268] [/input, 2459] [/input, 247] [/input, 4326] [/input, 268] [/23, 329] 
best_l after optimization: -21856.494140625
beta sum per layer: [51251.71484375, 10232.9619140625, 3698.5830078125]
alpha/beta optimization time: 1.4658868312835693
pruning_in_iteration open status: False
ratio of positive domain = 165 / 8192 = 0.0201416015625
pruning-in-iteration extra time: 6.890296936035156e-05
Time: get_branching_decision.update_bounds 0.0237    pickout 0.6329    branching_decision 0.0011    decision 0.0012    set_bounds 0.1839    prepare 0.2084    transfer 0.0001    finalize 0.6160    func 3.2548    solve 3.2452    add 0.0459    bab_iteration 3.8203    
Accumulated time: get_branching_decision.update_bounds 0.0237    bab_iteration 21.0862    pickout 2.6428    decision 0.0092    branching_decision 0.0089    set_bounds 1.1378    solve 17.6383    func 20.8925    prepare 1.2705    transfer 0.0011    finalize 2.6715    add 0.4600    
max lb 0.07773208618164062 min lb -5.487505912780762
Number of Verified Splits: 166 of 8192
Current worst splitting domains lb-rhs (depth):
-5.72612 (10), -5.72376 (12), -5.72261 (12), -5.72118 (10), -5.71845 (12), -5.71747 (12), -5.71331 (10), -5.71079 (12), -5.70928 (10), -5.70813 (10), -5.70750 (12), -5.70693 (12), -5.70582 (10), -5.70562 (12), -5.70424 (10), -5.70310 (12), -5.70232 (12), -5.70160 (12), -5.70144 (12), -5.70067 (10), 
Current (lb-rhs): -5.726119041442871
51464 domains visited
Length of domains: 24402
Cumulative time: 25.28819179534912

BaB round 13
batch: 4096
splitting decisions: 
split level 0: [/23, 272] [/input, 4328] [/input, 3601] [/input, 3294] [/input, 268] [/23, 3204] [/input, 3601] [/input, 3294] [/input, 268] [/input, 4328] 
best_l after optimization: -22002.96484375
beta sum per layer: [56427.859375, 11373.37109375, 3578.134521484375]
alpha/beta optimization time: 1.4683630466461182
pruning_in_iteration open status: False
ratio of positive domain = 53 / 8192 = 0.0064697265625
pruning-in-iteration extra time: 5.6743621826171875e-05
Time: get_branching_decision.update_bounds 0.0237    pickout 0.3553    branching_decision 0.0012    decision 0.0013    set_bounds 0.1840    prepare 0.2116    transfer 0.0001    finalize 0.3885    func 3.5446    solve 3.2548    add 0.0492    bab_iteration 4.1257    
Accumulated time: get_branching_decision.update_bounds 0.0237    bab_iteration 25.2119    pickout 2.9981    decision 0.0104    branching_decision 0.0102    set_bounds 1.3219    solve 20.8931    func 24.4371    prepare 1.4821    transfer 0.0012    finalize 3.0600    add 0.5092    
max lb 0.039554595947265625 min lb -5.461520195007324
Number of Verified Splits: 53 of 8192
Current worst splitting domains lb-rhs (depth):
-5.72612 (10), -5.72376 (12), -5.72261 (12), -5.72118 (10), -5.71845 (12), -5.71747 (12), -5.71331 (10), -5.71079 (12), -5.70928 (10), -5.70813 (10), -5.70750 (12), -5.70693 (12), -5.70582 (10), -5.70562 (12), -5.70424 (10), -5.70310 (12), -5.70232 (12), -5.70160 (12), -5.70144 (12), -5.70067 (10), 
Current (lb-rhs): -5.726119041442871
59656 domains visited
Length of domains: 28445
Cumulative time: 29.426057815551758

BaB round 14
batch: 4096
splitting decisions: 
split level 0: [/input, 246] [/input, 5111] [/23, 5563] [/input, 268] [/input, 4744] [/input, 5111] [/input, 2600] [/input, 268] [/input, 246] [/input, 5111] 
best_l after optimization: -21944.6640625
beta sum per layer: [60017.5, 12326.8779296875, 3621.759033203125]
alpha/beta optimization time: 1.464686393737793
pruning_in_iteration open status: False
ratio of positive domain = 43 / 8192 = 0.0052490234375
pruning-in-iteration extra time: 5.888938903808594e-05
Time: get_branching_decision.update_bounds 0.0237    pickout 0.3534    branching_decision 0.0012    decision 0.0012    set_bounds 0.1842    prepare 0.2066    transfer 0.0001    finalize 0.3848    func 3.3290    solve 3.5447    add 0.0482    bab_iteration 4.1379    
Accumulated time: get_branching_decision.update_bounds 0.0237    bab_iteration 29.3498    pickout 3.3515    decision 0.0116    branching_decision 0.0114    set_bounds 1.5061    solve 24.4378    func 27.7661    prepare 1.6886    transfer 0.0013    finalize 3.4448    add 0.5574    
max lb 0.04260873794555664 min lb -5.446648597717285
Number of Verified Splits: 43 of 8192
Current worst splitting domains lb-rhs (depth):
-5.72612 (10), -5.72376 (12), -5.72261 (12), -5.72118 (10), -5.71845 (12), -5.71747 (12), -5.71331 (10), -5.71079 (12), -5.70928 (10), -5.70813 (10), -5.70750 (12), -5.70693 (12), -5.70582 (10), -5.70562 (12), -5.70424 (10), -5.70310 (12), -5.70232 (12), -5.70160 (12), -5.70144 (12), -5.70067 (10), 
Current (lb-rhs): -5.726119041442871
67848 domains visited
Length of domains: 32498
Cumulative time: 33.34500741958618

BaB round 15
batch: 4096
splitting decisions: 
split level 0: [/23, 5563] [/input, 2557] [/input, 3494] [/input, 2725] [/input, 3602] [/input, 2600] [/input, 3038] [/input, 2557] [/input, 2458] [/23, 3203] 
best_l after optimization: -21666.865234375
beta sum per layer: [63481.640625, 14631.9521484375, 3663.091552734375]
alpha/beta optimization time: 1.4652869701385498
pruning_in_iteration open status: False
ratio of positive domain = 112 / 8192 = 0.013671875
pruning-in-iteration extra time: 5.7697296142578125e-05
Time: get_branching_decision.update_bounds 0.0237    pickout 0.3484    branching_decision 0.0011    decision 0.0011    set_bounds 0.4849    prepare 0.2037    transfer 0.0001    finalize 0.3746    func 3.0147    solve 3.3291    add 0.0464    bab_iteration 3.9189    
Accumulated time: get_branching_decision.update_bounds 0.0237    bab_iteration 33.2687    pickout 3.6999    decision 0.0127    branching_decision 0.0124    set_bounds 1.9910    solve 27.7669    func 30.7808    prepare 1.8923    transfer 0.0014    finalize 3.8194    add 0.6038    
max lb 0.04805898666381836 min lb -5.443538188934326
Number of Verified Splits: 113 of 8192
Current worst splitting domains lb-rhs (depth):
-5.72612 (10), -5.72376 (12), -5.72261 (12), -5.72118 (10), -5.71845 (12), -5.71747 (12), -5.71331 (10), -5.71079 (12), -5.70928 (10), -5.70813 (10), -5.70750 (12), -5.70693 (12), -5.70582 (10), -5.70562 (12), -5.70424 (10), -5.70310 (12), -5.70232 (12), -5.70160 (12), -5.70144 (12), -5.70067 (10), 
Current (lb-rhs): -5.726119041442871
76040 domains visited
Length of domains: 36481
Cumulative time: 37.28918743133545

BaB round 16
batch: 4096
splitting decisions: 
split level 0: [/input, 5923] [/input, 4752] [/input, 2760] [/input, 5894] [/23, 3523] [/input, 2616] [/input, 5923] [/input, 4752] [/input, 5922] [/23, 3230] 
best_l after optimization: -21468.68359375
beta sum per layer: [68813.71875, 16954.05078125, 3703.74609375]
alpha/beta optimization time: 1.4649057388305664
pruning_in_iteration open status: False
ratio of positive domain = 228 / 8192 = 0.02783203125
pruning-in-iteration extra time: 8.177757263183594e-05
Time: get_branching_decision.update_bounds 0.0237    pickout 0.6737    branching_decision 0.0011    decision 0.0011    set_bounds 0.1821    prepare 0.2031    transfer 0.0001    finalize 0.3972    func 3.0263    solve 3.0148    add 0.0901    bab_iteration 3.9442    
Accumulated time: get_branching_decision.update_bounds 0.0237    bab_iteration 37.2129    pickout 4.3736    decision 0.0138    branching_decision 0.0135    set_bounds 2.1730    solve 30.7817    func 33.8071    prepare 2.0954    transfer 0.0015    finalize 4.2165    add 0.6939    
max lb 0.06470227241516113 min lb -5.430298805236816
Number of Verified Splits: 229 of 8192
Current worst splitting domains lb-rhs (depth):
-5.72612 (10), -5.72376 (12), -5.72261 (12), -5.72118 (10), -5.71845 (12), -5.71747 (12), -5.71331 (10), -5.71079 (12), -5.70928 (10), -5.70813 (10), -5.70750 (12), -5.70693 (12), -5.70582 (10), -5.70562 (12), -5.70424 (10), -5.70310 (12), -5.70232 (12), -5.70160 (12), -5.70144 (12), -5.70067 (10), 
Current (lb-rhs): -5.726119041442871
84232 domains visited
Length of domains: 40348
Cumulative time: 41.29789638519287

BaB round 17
batch: 4096
splitting decisions: 
split level 0: [/input, 3467] [/23, 5583] [/input, 5926] [/input, 4751] [/input, 4022] [/input, 5922] [/23, 3523] [/23, 3203] [/input, 5926] [/input, 4751] 
best_l after optimization: -21928.421875
beta sum per layer: [72246.03125, 17610.8671875, 3768.8330078125]
alpha/beta optimization time: 1.4695966243743896
pruning_in_iteration open status: False
ratio of positive domain = 307 / 8192 = 0.0374755859375
pruning-in-iteration extra time: 6.985664367675781e-05
Time: get_branching_decision.update_bounds 0.0237    pickout 0.7303    branching_decision 0.0012    decision 0.0012    set_bounds 0.1831    prepare 0.2099    transfer 0.0001    finalize 0.3725    func 3.0126    solve 3.0264    add 0.1200    bab_iteration 4.0087    
Accumulated time: get_branching_decision.update_bounds 0.0237    bab_iteration 41.2216    pickout 5.1039    decision 0.0150    branching_decision 0.0147    set_bounds 2.3562    solve 33.8081    func 36.8197    prepare 2.3053    transfer 0.0016    finalize 4.5891    add 0.8139    
max lb 0.07122063636779785 min lb -5.411400318145752
Number of Verified Splits: 311 of 8192
Current worst splitting domains lb-rhs (depth):
-5.72612 (10), -5.72376 (12), -5.72261 (12), -5.72118 (10), -5.71845 (12), -5.71747 (12), -5.71331 (10), -5.71079 (12), -5.70928 (10), -5.70813 (10), -5.70750 (12), -5.70693 (12), -5.70582 (10), -5.70562 (12), -5.70424 (10), -5.70310 (12), -5.70232 (12), -5.70160 (12), -5.70144 (12), -5.70067 (10), 
Current (lb-rhs): -5.726119041442871
92424 domains visited
Length of domains: 44133
Cumulative time: 45.279417753219604

BaB round 18
batch: 4096
splitting decisions: 
split level 0: [/input, 4825] [/input, 3594] [/input, 4752] [/input, 2586] [/input, 2616] [/input, 3594] [/input, 4752] [/input, 2586] [/input, 4825] [/input, 3594] 
best_l after optimization: -22656.423828125
beta sum per layer: [78474.046875, 17986.021484375, 3814.7734375]
alpha/beta optimization time: 1.4673306941986084
pruning_in_iteration open status: False
ratio of positive domain = 165 / 8192 = 0.0201416015625
pruning-in-iteration extra time: 5.507469177246094e-05
Time: get_branching_decision.update_bounds 0.0237    pickout 0.7704    branching_decision 0.0011    decision 0.0011    set_bounds 0.1841    prepare 0.2107    transfer 0.0001    finalize 0.3860    func 3.0395    solve 3.0126    add 0.0488    bab_iteration 3.9815    
Accumulated time: get_branching_decision.update_bounds 0.0237    bab_iteration 45.2031    pickout 5.8743    decision 0.0162    branching_decision 0.0158    set_bounds 2.5403    solve 36.8207    func 39.8592    prepare 2.5160    transfer 0.0017    finalize 4.9751    add 0.8627    
max lb 0.08117818832397461 min lb -5.323286056518555
Number of Verified Splits: 165 of 8192
Current worst splitting domains lb-rhs (depth):
-5.72612 (10), -5.72376 (12), -5.72261 (12), -5.72118 (10), -5.71845 (12), -5.71747 (12), -5.71331 (10), -5.71079 (12), -5.70928 (10), -5.70813 (10), -5.70750 (12), -5.70693 (12), -5.70582 (10), -5.70562 (12), -5.70424 (10), -5.70310 (12), -5.70232 (12), -5.70160 (12), -5.70144 (12), -5.70067 (10), 
Current (lb-rhs): -5.726119041442871
100616 domains visited
Length of domains: 48064
Cumulative time: 49.33040690422058

BaB round 19
batch: 4096
splitting decisions: 
split level 0: [/input, 267] [/input, 2756] [/input, 2479] [/input, 4806] [/input, 267] [/input, 3204] [/input, 2479] [/input, 4750] [/input, 2833] [/input, 2615] 
best_l after optimization: -22781.05078125
beta sum per layer: [86596.890625, 19305.712890625, 3892.2587890625]
alpha/beta optimization time: 1.4675424098968506
pruning_in_iteration open status: False
ratio of positive domain = 15 / 8192 = 0.0018310546875
pruning-in-iteration extra time: 8.058547973632812e-05
Time: get_branching_decision.update_bounds 0.0237    pickout 0.3552    branching_decision 0.4155    decision 0.4155    set_bounds 0.1854    prepare 0.2086    transfer 0.0001    finalize 0.3952    func 3.0600    solve 3.0396    add 0.0502    bab_iteration 4.0510    
Accumulated time: get_branching_decision.update_bounds 0.0237    bab_iteration 49.2541    pickout 6.2295    decision 0.4317    branching_decision 0.4313    set_bounds 2.7257    solve 39.8603    func 42.9192    prepare 2.7246    transfer 0.0018    finalize 5.3703    add 0.9129    
max lb 0.06347203254699707 min lb -5.3110456466674805
Number of Verified Splits: 16 of 8192
Current worst splitting domains lb-rhs (depth):
-5.72612 (10), -5.72376 (12), -5.72261 (12), -5.72118 (10), -5.71845 (12), -5.71747 (12), -5.71331 (10), -5.71079 (12), -5.70928 (10), -5.70813 (10), -5.70750 (12), -5.70693 (12), -5.70582 (10), -5.70562 (12), -5.70424 (10), -5.70310 (12), -5.70232 (12), -5.70160 (12), -5.70144 (12), -5.70067 (10), 
Current (lb-rhs): -5.726119041442871
108808 domains visited
Length of domains: 52144
Cumulative time: 53.40228891372681

BaB round 20
batch: 4096
splitting decisions: 
split level 0: [/input, 4047] [/23, 3518] [/input, 4750] [/input, 2833] [/input, 3257] [/23, 3518] [/input, 4780] [/input, 2833] [/input, 4047] [/23, 3518] 
best_l after optimization: -22353.6328125
beta sum per layer: [93702.234375, 22116.15625, 3985.517333984375]
alpha/beta optimization time: 1.4667470455169678
pruning_in_iteration open status: False
ratio of positive domain = 31 / 8192 = 0.0037841796875
pruning-in-iteration extra time: 5.7220458984375e-05
Time: get_branching_decision.update_bounds 0.0237    pickout 0.3678    branching_decision 0.0012    decision 0.0012    set_bounds 0.5946    prepare 0.2204    transfer 0.0001    finalize 0.4168    func 3.0896    solve 3.0601    add 0.0495    bab_iteration 4.0719    
Accumulated time: get_branching_decision.update_bounds 0.0237    bab_iteration 53.3260    pickout 6.5973    decision 0.4329    branching_decision 0.4325    set_bounds 3.3203    solve 42.9203    func 46.0088    prepare 2.9450    transfer 0.0020    finalize 5.7871    add 0.9624    
max lb 0.10666394233703613 min lb -5.306319236755371
Number of Verified Splits: 31 of 8192
Current worst splitting domains lb-rhs (depth):
-5.72612 (10), -5.72376 (12), -5.72261 (12), -5.72118 (10), -5.71845 (12), -5.71747 (12), -5.71331 (10), -5.71079 (12), -5.70928 (10), -5.70813 (10), -5.70750 (12), -5.70693 (12), -5.70582 (10), -5.70562 (12), -5.70424 (10), -5.70310 (12), -5.70232 (12), -5.70160 (12), -5.70144 (12), -5.70067 (10), 
Current (lb-rhs): -5.726119041442871
117000 domains visited
Length of domains: 56209
Time out!!!!!!!!
Result: unknown in 63.5781 seconds

 %%%%%%%%%%%%%%%%%%%%%%%%%%%%%%%%%%% idx: 9, vnnlib ID: 9 %%%%%%%%%%%%%%%%%%%%%%%%%%%%%%%%%%%
Finished vnnlib processing in 0.001669 seconds
Model: BoundedModule(
  (/input-1): BoundInput(name=/input-1, inputs=[], perturbed=True)
  (/shape): BoundBuffers(name=/shape, inputs=[], perturbed=False)
  (/10): BoundParams(name=/10, inputs=[], perturbed=False)
  (/11): BoundParams(name=/11, inputs=[], perturbed=False)
  (/12): BoundParams(name=/12, inputs=[], perturbed=False)
  (/13): BoundParams(name=/13, inputs=[], perturbed=False)
  (/14): BoundParams(name=/14, inputs=[], perturbed=False)
  (/15): BoundParams(name=/15, inputs=[], perturbed=False)
  (/16): BoundParams(name=/16, inputs=[], perturbed=False)
  (/17): BoundParams(name=/17, inputs=[], perturbed=False)
  (/input): BoundConv(name=/input, inputs=[/input-1, /10, /11], perturbed=True)
  (/input-4): BoundRelu(name=/input-4, inputs=[/input], perturbed=True)
  (/tensor): BoundConv(name=/tensor, inputs=[/input-4, /12, /13], perturbed=True)
  (/21): BoundSplit(name=/21, inputs=[/tensor], perturbed=True)
  (/22): BoundSplit(name=/22, inputs=[/tensor], perturbed=True)
  (/23): BoundAdd(name=/23, inputs=[/21, /22], perturbed=True)
  (/24): BoundRelu(name=/24, inputs=[/23], perturbed=True)
  (/25): BoundSplit(name=/25, inputs=[/shape], perturbed=False)
  (/26): BoundSplit(name=/26, inputs=[/shape], perturbed=False)
  (/27): BoundConstant(name=/27, value=tensor([0], device='cuda:0'))
  (/28): BoundSqueeze(name=/28, inputs=[/25, /27], perturbed=False)
  (/29): BoundConstant(name=/29, value=tensor([0], device='cuda:0'))
  (/30): BoundSqueeze(name=/30, inputs=[/26, /29], perturbed=False)
  (/31): BoundConstant(name=/31, value=tensor([0], device='cuda:0'))
  (/32): BoundUnsqueeze(name=/32, inputs=[/28, /31], perturbed=False)
  (/33): BoundConstant(name=/33, value=tensor([0], device='cuda:0'))
  (/34): BoundUnsqueeze(name=/34, inputs=[/30, /33], perturbed=False)
  (/35): BoundConcat(name=/35, inputs=[/32, /34], perturbed=False)
  (/36): BoundReshape(name=/36, inputs=[/24, /35], perturbed=True)
  (/input-8): BoundLinear(name=/input-8, inputs=[/36, /14, /15], perturbed=True)
  (/38): BoundRelu(name=/38, inputs=[/input-8], perturbed=True)
  (/39): BoundLinear(name=/39, inputs=[/38, /16, /17], perturbed=True)
)
Original output in the first batch: tensor([[ 1.04654598, -7.43773699, -3.66529036, -0.54224443,  6.54814911,
          1.16001344, -2.97473383,  9.17031384,  2.76273775,  9.89842701]],
       device='cuda:0')
Split layers:
Nonlinear functions:
   BoundRelu(name=/input-4, inputs=[/input], perturbed=True)
   BoundRelu(name=/24, inputs=[/23], perturbed=True)
   BoundRelu(name=/38, inputs=[/input-8], perturbed=True)
build batch [1/1]
layer /input-4 using sparse-features alpha with shape [1389]; unstable size 1389; total size 6272 ([1, 8, 28, 28])
layer /input-4 start_node /23 using full alpha [2, 6272, 1, 1389] with unstable size None total_size 6272 output_shape torch.Size([8, 28, 28])
layer /input-4 start_node /input-8 using sparse-spec alpha [2, 11, 1, 1389] with unstable size 10 total_size 64 output_shape torch.Size([64])
layer /input-4 start_node /39 using full alpha [2, 9, 1, 1389] with unstable size None total_size 9 output_shape 9
layer /24 using sparse-features alpha with shape [1874]; unstable size 1874; total size 6272 ([1, 8, 28, 28])
layer /24 start_node /input-8 using sparse-spec alpha [2, 11, 1, 1874] with unstable size 10 total_size 64 output_shape torch.Size([64])
layer /24 start_node /39 using full alpha [2, 9, 1, 1874] with unstable size None total_size 9 output_shape 9
layer /38 using sparse-features alpha with shape [10]; unstable size 10; total size 64 ([1, 64])
layer /38 start_node /39 using full alpha [2, 9, 1, 10] with unstable size None total_size 9 output_shape 9
Optimizable variables initialized.
initial CROWN bounds (first 10 items): [2.9263663291931152, 10.709127426147461, 6.253225803375244, 4.127307891845703, -0.99947190284729, 2.831716775894165, 5.397832870483398, -3.3767781257629395, 2.555457830429077]
prune_after_crown optimization in use
  original spec size = torch.Size([1, 9])
  pruned spec size = torch.Size([1, 2])
Using alpha-CROWN to initialize bounds.
best_l after optimization: -4.026694297790527
alpha/beta optimization time: 5.400721073150635
initial alpha-crown bounds (first 10 items): [-0.8000211715698242, -3.226673126220703]
Global lower bound: -3.226673126220703
7 / 9 OR specs are verified.
Verified OR indices (first 10 items): [0, 1, 2, 3, 5, 6, 8]
Verified OR lbs (first 10 items): [[inf], [inf], [inf], [inf], [inf], [inf], [inf]]
Unverified OR indices (first 10 items): [4, 7]
Unverified OR lbs (first 10 items): [[-0.8000211715698242], [-3.226673126220703]]
###### Verifying property Instance 9 ######
Batch size: 2
First 10 spec matrices
C: tensor([[[ 0.,  0.,  0.,  0., -1.,  0.,  0.,  0.,  0.,  1.]],

        [[ 0.,  0.,  0.,  0.,  0.,  0.,  0., -1.,  0.,  1.]]], device='cuda:0')
RHS: tensor([[0.],
        [0.]], device='cuda:0')
OR spec sizes: tensor([1, 1], device='cuda:0', dtype=torch.int32)
Remaining timeout: 54.316715240478516
Model prediction is: tensor([ 1.04654598, -7.43773699, -3.66529036, -0.54224443,  6.54814911,
         1.16001344, -2.97473383,  9.17031384,  2.76273775,  9.89842701],
       device='cuda:0')
Activation BaB batch 1/1 
build_with_refined_bounds batch [1/1]
Optimizable variables initialized.
all alpha initialized
directly get lb and ub from refined bounds
c shape: torch.Size([2, 1, 10])
lA shapes: [torch.Size([2, 1, 8, 28, 28]), torch.Size([2, 1, 8, 28, 28]), torch.Size([2, 1, 64])]
(alpha-)CROWN with fixed intermediate bounds: tensor([[-0.80002117],
        [-3.22667313]], device='cuda:0') tensor([[inf],
        [inf]], device='cuda:0')
Intermediate layers: /input,/23,/input-8
Keeping alphas for these layers: ['/39']
Node /input-4 input 0: size torch.Size([8, 28, 28]) unstable 1389
Node /24 input 0: size torch.Size([8, 28, 28]) unstable 1869
Node /38 input 0: size torch.Size([64]) unstable 10
-----------------
# of unstable neurons: 3268
-----------------

BaB round 1
batch: 2
splitting decisions: 
split level 0: [/input-8, 10] [/input-8, 17] 
split level 1: [/input-8, 7] [/input-8, 10] 
split level 2: [/input-8, 17] [/input-8, 29] 
split level 3: [/input-8, 63] [/input-8, 63] 
split level 4: [/input-8, 29] [/input-8, 49] 
split level 5: [/input-8, 14] [/input-8, 26] 
best_l after optimization: -47.01700973510742
beta sum per layer: [0.0, 0.0, 49.004859924316406]
alpha/beta optimization time: 0.15403223037719727
pruning_in_iteration open status: True
ratio of positive domain = 87 / 128 = 0.6796875
pruning-in-iteration extra time: 0.008658647537231445
Time: get_branching_decision.update_bounds 0.0274    pickout 0.0013    branching_decision 0.0001    decision 0.0001    set_bounds 0.0075    prepare 0.0016    transfer 0.0000    finalize 0.0018    func 0.1874    
Accumulated time: get_branching_decision.update_bounds 0.0274    bab_iteration 0.0000    pickout 0.0013    decision 0.0001    branching_decision 0.0001    set_bounds 0.0075    solve 0.0000    func 0.1874    prepare 0.0016    transfer 0.0000    finalize 0.0018    
max lb 0.029142111539840698 min lb -3.072765588760376
Number of Verified Splits: 87 of 128
Current worst splitting domains lb-rhs (depth):
-3.07277 (6), -3.05246 (6), -3.02209 (6), -3.02104 (6), -2.54701 (6), -2.53948 (6), -2.51846 (6), -2.51107 (6), -2.43285 (6), -2.42981 (6), -2.34152 (6), -2.31063 (6), -2.09380 (6), -2.06868 (6), -1.98048 (6), -1.97958 (6), -0.73911 (6), -0.62747 (6), -0.55813 (6), -0.49172 (6), 
Current (lb-rhs): -3.072765588760376
128 domains visited
Length of domains: 41
Cumulative time: 0.2735610008239746

BaB round 2
batch: 41
splitting decisions: 
split level 0: [/input, 2538] [/input, 2538] [/input, 4215] [/input, 4215] [/input, 4215] [/input, 4215] [/input, 4215] [/input, 4215] [/input, 2538] [/input, 2534] 
split level 1: [/input, 2627] [/input, 2627] [/input, 2779] [/input, 2779] [/input, 2809] [/input, 2534] [/input, 2534] [/input, 2534] [/input, 2809] [/input, 2809] 
best_l after optimization: -156.86761474609375
beta sum per layer: [53.19675064086914, 1.512520432472229, 135.31982421875]
alpha/beta optimization time: 0.16472601890563965
pruning_in_iteration open status: True
ratio of positive domain = 88 / 164 = 0.5365853658536586
pruning-in-iteration extra time: 0.0048902034759521484
Time: get_branching_decision.update_bounds 0.0274    pickout 0.0063    branching_decision 0.0001    decision 0.0001    set_bounds 0.0049    prepare 0.0041    transfer 0.0000    finalize 0.0038    func 0.1948    solve 0.1874    add 0.0009    bab_iteration 0.1974    
Accumulated time: get_branching_decision.update_bounds 0.0274    bab_iteration 0.1974    pickout 0.0076    decision 0.0002    branching_decision 0.0002    set_bounds 0.0124    solve 0.1874    func 0.3822    prepare 0.0057    transfer 0.0001    finalize 0.0056    add 0.0009    
max lb 9.999999747378752e-05 min lb -3.0699374675750732
Number of Verified Splits: 88 of 164
Current worst splitting domains lb-rhs (depth):
-3.06994 (8), -3.04873 (8), -3.03257 (8), -3.01770 (8), -3.01671 (8), -3.00329 (8), -2.98001 (8), -2.97365 (8), -2.97114 (8), -2.95251 (8), -2.94265 (8), -2.91953 (8), -2.91747 (8), -2.90706 (8), -2.87483 (8), -2.87101 (8), -2.53533 (8), -2.52841 (8), -2.50438 (8), -2.49408 (8), 
Current (lb-rhs): -3.0699374675750732
292 domains visited
Length of domains: 76
Cumulative time: 0.48070740699768066

BaB round 3
batch: 76
splitting decisions: 
split level 0: [/input, 2779] [/input, 2809] [/input, 2809] [/input, 2809] [/input, 2894] [/input, 2538] [/input, 2534] [/input, 2538] [/input, 3477] [/input, 4214] 
best_l after optimization: -307.10076904296875
beta sum per layer: [168.88902282714844, 7.8286662101745605, 101.61914825439453]
alpha/beta optimization time: 0.1356489658355713
pruning_in_iteration open status: False
ratio of positive domain = 0 / 152 = 0.0
pruning-in-iteration extra time: 5.245208740234375e-05
Time: get_branching_decision.update_bounds 0.0274    pickout 0.0083    branching_decision 0.0001    decision 0.0001    set_bounds 0.0040    prepare 0.0038    transfer 0.0001    finalize 0.0074    func 0.1770    solve 0.1948    add 0.0010    bab_iteration 0.2071    
Accumulated time: get_branching_decision.update_bounds 0.0274    bab_iteration 0.4045    pickout 0.0159    decision 0.0003    branching_decision 0.0002    set_bounds 0.0163    solve 0.3822    func 0.5591    prepare 0.0095    transfer 0.0001    finalize 0.0130    add 0.0018    
max lb -0.11691439151763916 min lb -3.067798137664795
Number of Verified Splits: 0 of 152
Current worst splitting domains lb-rhs (depth):
-3.06780 (9), -3.05483 (9), -3.04731 (9), -3.02652 (9), -3.01581 (9), -3.01458 (9), -3.01441 (9), -3.01210 (9), -2.99695 (9), -2.97968 (9), -2.96901 (9), -2.96615 (9), -2.96573 (9), -2.96363 (9), -2.95940 (9), -2.95357 (9), -2.93102 (9), -2.93042 (9), -2.92951 (9), -2.92484 (9), 
Current (lb-rhs): -3.067798137664795
444 domains visited
Length of domains: 152
Cumulative time: 0.6718976497650146

BaB round 4
batch: 152
splitting decisions: 
split level 0: [/input, 4214] [/input, 2779] [/input, 2538] [/input, 2779] [/input, 4215] [/input, 4215] [/input, 2809] [/input, 4215] [/input, 2809] [/input, 2534] 
best_l after optimization: -605.2926025390625
beta sum per layer: [419.8124694824219, 16.787822723388672, 204.0950927734375]
alpha/beta optimization time: 0.13813424110412598
pruning_in_iteration open status: False
ratio of positive domain = 0 / 304 = 0.0
pruning-in-iteration extra time: 5.173683166503906e-05
Time: get_branching_decision.update_bounds 0.0274    pickout 0.0163    branching_decision 0.0002    decision 0.0002    set_bounds 0.0085    prepare 0.0077    transfer 0.0000    finalize 0.0163    func 0.2050    solve 0.1770    add 0.0016    bab_iteration 0.1912    
Accumulated time: get_branching_decision.update_bounds 0.0274    bab_iteration 0.5957    pickout 0.0322    decision 0.0005    branching_decision 0.0004    set_bounds 0.0248    solve 0.5592    func 0.7642    prepare 0.0172    transfer 0.0002    finalize 0.0293    add 0.0035    
max lb -0.03991222381591797 min lb -3.0668187141418457
Number of Verified Splits: 0 of 304
Current worst splitting domains lb-rhs (depth):
-3.06682 (10), -3.05363 (10), -3.04616 (10), -3.04051 (10), -3.02738 (10), -3.02553 (10), -3.01379 (10), -3.01308 (10), -3.01262 (10), -3.01081 (10), -2.99922 (10), -2.99459 (10), -2.98451 (10), -2.97977 (10), -2.97737 (10), -2.97707 (10), -2.96685 (10), -2.96441 (10), -2.96195 (10), -2.96098 (10), 
Current (lb-rhs): -3.0668187141418457
748 domains visited
Length of domains: 304
Cumulative time: 0.9052042961120605

BaB round 5
batch: 304
splitting decisions: 
split level 0: [/input, 2538] [/input, 4572] [/input, 2779] [/input, 4572] [/input, 2534] [/input, 2894] [/input, 2894] [/input, 2894] [/input, 3425] [/input, 3422] 
best_l after optimization: -1192.399169921875
beta sum per layer: [948.3231201171875, 42.64630126953125, 418.10675048828125]
alpha/beta optimization time: 0.13684868812561035
pruning_in_iteration open status: False
ratio of positive domain = 6 / 608 = 0.009868421052631526
pruning-in-iteration extra time: 6.580352783203125e-05
Time: get_branching_decision.update_bounds 0.0274    pickout 0.0305    branching_decision 0.0002    decision 0.0003    set_bounds 0.0148    prepare 0.0140    transfer 0.0001    finalize 0.0284    func 0.2586    solve 0.2051    add 0.0030    bab_iteration 0.2333    
Accumulated time: get_branching_decision.update_bounds 0.0274    bab_iteration 0.8290    pickout 0.0627    decision 0.0008    branching_decision 0.0007    set_bounds 0.0396    solve 0.7644    func 1.0228    prepare 0.0312    transfer 0.0003    finalize 0.0577    add 0.0064    
max lb 0.045181214809417725 min lb -3.0659267902374268
Number of Verified Splits: 6 of 608
Current worst splitting domains lb-rhs (depth):
-3.06593 (11), -3.05198 (11), -3.04488 (11), -3.03903 (11), -3.03318 (11), -3.02508 (11), -3.02419 (11), -3.01124 (11), -3.01110 (11), -3.01110 (11), -3.00861 (11), -3.00113 (11), -2.99930 (11), -2.99927 (11), -2.99734 (11), -2.99729 (11), -2.99299 (11), -2.98397 (11), -2.98176 (11), -2.98131 (11), 
Current (lb-rhs): -3.0659267902374268
1356 domains visited
Length of domains: 602
Cumulative time: 1.21559476852417

BaB round 6
batch: 602
splitting decisions: 
split level 0: [/input, 2534] [/input, 2538] [/input, 3422] [/input, 2538] [/input, 2739] [/input, 2739] [/input, 3604] [/input, 4468] [/input, 3422] [/input, 3479] 
best_l after optimization: -2357.590576171875
beta sum per layer: [2070.84375, 114.20449829101562, 840.4775390625]
alpha/beta optimization time: 0.19297242164611816
pruning_in_iteration open status: False
ratio of positive domain = 36 / 1204 = 0.029900332225913595
pruning-in-iteration extra time: 5.364418029785156e-05
Time: get_branching_decision.update_bounds 0.0274    pickout 0.0544    branching_decision 0.0004    decision 0.0004    set_bounds 0.0276    prepare 0.0275    transfer 0.0001    finalize 0.0518    func 0.4242    solve 0.2587    add 0.0059    bab_iteration 0.3104    
Accumulated time: get_branching_decision.update_bounds 0.0274    bab_iteration 1.1394    pickout 0.1171    decision 0.0012    branching_decision 0.0010    set_bounds 0.0671    solve 1.0231    func 1.4470    prepare 0.0587    transfer 0.0003    finalize 0.1095    add 0.0123    
max lb 0.05337786674499512 min lb -3.0638387203216553
Number of Verified Splits: 36 of 1204
Current worst splitting domains lb-rhs (depth):
-3.06384 (12), -3.06120 (12), -3.04991 (12), -3.04726 (12), -3.04322 (12), -3.03641 (12), -3.03385 (12), -3.03126 (12), -3.03104 (12), -3.02252 (12), -3.02204 (12), -3.01991 (12), -3.01951 (12), -3.01922 (12), -3.00967 (12), -3.00887 (12), -3.00865 (12), -3.00642 (12), -3.00409 (12), -2.99949 (12), 
Current (lb-rhs): -3.0638387203216553
2560 domains visited
Length of domains: 1168
Cumulative time: 1.7361197471618652

BaB round 7
batch: 1168
splitting decisions: 
split level 0: [/input, 3422] [/input, 2894] [/input, 4214] [/input, 2894] [/input, 3604] [/23, 2726] [/23, 2726] [/23, 2726] [/input, 374] [/input, 2779] 
best_l after optimization: -4663.65625
beta sum per layer: [4319.7822265625, 381.608642578125, 1650.936279296875]
alpha/beta optimization time: 0.40001749992370605
pruning_in_iteration open status: False
ratio of positive domain = 80 / 2336 = 0.03424657534246578
pruning-in-iteration extra time: 6.389617919921875e-05
Time: get_branching_decision.update_bounds 0.0274    pickout 0.1054    branching_decision 0.0008    decision 0.0008    set_bounds 0.0566    prepare 0.0607    transfer 0.0001    finalize 0.0930    func 0.8418    solve 0.4242    add 0.0134    bab_iteration 0.5205    
Accumulated time: get_branching_decision.update_bounds 0.0274    bab_iteration 1.6599    pickout 0.2225    decision 0.0019    branching_decision 0.0018    set_bounds 0.1237    solve 1.4473    func 2.2888    prepare 0.1193    transfer 0.0004    finalize 0.2025    add 0.0257    
max lb 0.0640329122543335 min lb -3.061814308166504
Number of Verified Splits: 81 of 2336
Current worst splitting domains lb-rhs (depth):
-3.06181 (13), -3.05918 (13), -3.04787 (13), -3.04527 (13), -3.04103 (13), -3.03818 (13), -3.03413 (13), -3.03155 (13), -3.02911 (13), -3.02856 (13), -3.02761 (13), -3.02632 (13), -3.02574 (13), -3.02540 (13), -3.02021 (13), -3.01999 (13), -3.01771 (13), -3.01734 (13), -3.01649 (13), -3.01371 (13), 
Current (lb-rhs): -3.061814308166504
4896 domains visited
Length of domains: 2255
Cumulative time: 2.7584307193756104

BaB round 8
batch: 2048
splitting decisions: 
split level 0: [/23, 3335] [/input, 2739] [/input, 2739] [/input, 374] [/input, 3425] [/input, 3378] [/input, 2779] [/23, 2726] [/input, 5705] [/input, 3353] 
best_l after optimization: -8404.1455078125
beta sum per layer: [8395.314453125, 1161.6884765625, 2951.8955078125]
alpha/beta optimization time: 0.731778621673584
pruning_in_iteration open status: False
ratio of positive domain = 87 / 4096 = 0.021240234375
pruning-in-iteration extra time: 5.412101745605469e-05
Time: get_branching_decision.update_bounds 0.0274    pickout 0.3979    branching_decision 0.0010    decision 0.0011    set_bounds 0.0869    prepare 0.1053    transfer 0.0001    finalize 0.2072    func 1.5462    solve 0.8419    add 0.0171    bab_iteration 1.0223    
Accumulated time: get_branching_decision.update_bounds 0.0274    bab_iteration 2.6822    pickout 0.6204    decision 0.0030    branching_decision 0.0028    set_bounds 0.2106    solve 2.2892    func 3.8350    prepare 0.2246    transfer 0.0005    finalize 0.4097    add 0.0428    
max lb 0.0730099081993103 min lb -3.0582616329193115
Number of Verified Splits: 87 of 4096
Current worst splitting domains lb-rhs (depth):
-3.06181 (13), -3.05826 (14), -3.04787 (13), -3.04664 (14), -3.04437 (14), -3.04103 (13), -3.03578 (14), -3.03288 (14), -3.03285 (14), -3.03041 (14), -3.02699 (14), -3.02639 (14), -3.02366 (14), -3.02342 (14), -3.02128 (14), -3.01999 (13), -3.01919 (14), -3.01896 (14), -3.01667 (14), -3.01644 (14), 
Current (lb-rhs): -3.061814308166504
8992 domains visited
Length of domains: 4216
current_vram/total_varm: 12.6GB/47.7GB, batch_size increase to 4096
Cumulative time: 5.21794056892395

BaB round 9
batch: 4096
splitting decisions: 
split level 0: [/input, 374] [/input, 3425] [/input, 3458] [/input, 3458] [/23, 2726] [/input, 3458] [/input, 3378] [/input, 2779] [/input, 3422] [/input, 2894] 
best_l after optimization: -16954.84375
beta sum per layer: [17855.044921875, 3688.757568359375, 5956.1640625]
alpha/beta optimization time: 1.4621188640594482
pruning_in_iteration open status: False
ratio of positive domain = 95 / 8192 = 0.0115966796875
pruning-in-iteration extra time: 6.341934204101562e-05
Time: get_branching_decision.update_bounds 0.0274    pickout 0.5530    branching_decision 0.0015    decision 0.0015    set_bounds 0.1705    prepare 0.2179    transfer 0.0001    finalize 0.3806    func 3.2046    solve 1.5463    add 0.4043    bab_iteration 2.4595    
Accumulated time: get_branching_decision.update_bounds 0.0274    bab_iteration 5.1417    pickout 1.1734    decision 0.0045    branching_decision 0.0043    set_bounds 0.3811    solve 3.8354    func 7.0396    prepare 0.4425    transfer 0.0006    finalize 0.7903    add 0.4471    
max lb 0.056688785552978516 min lb -3.0573935508728027
Number of Verified Splits: 96 of 8192
Current worst splitting domains lb-rhs (depth):
-3.06181 (13), -3.05739 (15), -3.04695 (14), -3.04564 (15), -3.04352 (15), -3.04103 (13), -3.03527 (14), -3.03493 (15), -3.03182 (15), -3.03181 (15), -3.02936 (15), -3.02615 (15), -3.02546 (15), -3.02239 (15), -3.02227 (15), -3.02020 (15), -3.01999 (13), -3.01790 (15), -3.01763 (15), -3.01561 (15), 
Current (lb-rhs): -3.061814308166504
17184 domains visited
Length of domains: 8216
Cumulative time: 9.200844287872314

BaB round 10
batch: 4096
splitting decisions: 
split level 0: [/23, 2726] [/input, 2538] [/23, 2726] [/input, 3425] [/input, 4572] [/input, 3425] [/input, 4572] [/23, 1853] [/input, 4572] [/input, 2739] 
best_l after optimization: -16825.0625
beta sum per layer: [20253.48046875, 7079.21826171875, 6032.6025390625]
alpha/beta optimization time: 1.460756778717041
pruning_in_iteration open status: False
ratio of positive domain = 61 / 8192 = 0.0074462890625
pruning-in-iteration extra time: 7.581710815429688e-05
Time: get_branching_decision.update_bounds 0.0274    pickout 0.5549    branching_decision 0.0013    decision 0.0013    set_bounds 0.1618    prepare 0.2165    transfer 0.0001    finalize 0.3976    func 3.2301    solve 3.2047    add 0.0500    bab_iteration 3.9829    
Accumulated time: get_branching_decision.update_bounds 0.0274    bab_iteration 9.1246    pickout 1.7283    decision 0.0058    branching_decision 0.0056    set_bounds 0.5429    solve 7.0402    func 10.2698    prepare 0.6590    transfer 0.0007    finalize 1.1879    add 0.4971    
max lb 0.06614059209823608 min lb -3.034313440322876
Number of Verified Splits: 63 of 8192
Current worst splitting domains lb-rhs (depth):
-3.06181 (13), -3.05739 (15), -3.04695 (14), -3.04564 (15), -3.04352 (15), -3.04103 (13), -3.03493 (15), -3.03431 (15), -3.03182 (15), -3.03181 (15), -3.02936 (15), -3.02615 (15), -3.02546 (15), -3.02239 (15), -3.02227 (15), -3.02020 (15), -3.01999 (13), -3.01790 (15), -3.01763 (15), -3.01559 (15), 
Current (lb-rhs): -3.061814308166504
25376 domains visited
Length of domains: 12249
Cumulative time: 13.198176383972168

BaB round 11
batch: 4096
splitting decisions: 
split level 0: [/input, 2739] [/23, 3335] [/input, 4876] [/input, 4380] [/input, 2839] [/input, 2839] [/input, 2839] [/23, 2535] [/23, 2726] [/input, 3460] 
best_l after optimization: -16569.41015625
beta sum per layer: [23016.322265625, 11071.779296875, 6203.064453125]
alpha/beta optimization time: 1.4617934226989746
pruning_in_iteration open status: False
ratio of positive domain = 78 / 8192 = 0.009521484375
pruning-in-iteration extra time: 6.0558319091796875e-05
Time: get_branching_decision.update_bounds 0.0274    pickout 0.3887    branching_decision 0.0012    decision 0.0012    set_bounds 0.3731    prepare 0.2190    transfer 0.0001    finalize 0.6226    func 3.2753    solve 3.2302    add 0.0458    bab_iteration 3.9973    
Accumulated time: get_branching_decision.update_bounds 0.0274    bab_iteration 13.1220    pickout 2.1170    decision 0.0071    branching_decision 0.0069    set_bounds 0.9160    solve 10.2704    func 13.5450    prepare 0.8780    transfer 0.0008    finalize 1.8105    add 0.5430    
max lb 0.03536570072174072 min lb -2.989976406097412
Number of Verified Splits: 80 of 8192
Current worst splitting domains lb-rhs (depth):
-3.06181 (13), -3.05739 (15), -3.04695 (14), -3.04564 (15), -3.04352 (15), -3.04103 (13), -3.03493 (15), -3.03431 (15), -3.03182 (15), -3.03181 (15), -3.02936 (15), -3.02615 (15), -3.02546 (15), -3.02239 (15), -3.02227 (15), -3.02020 (15), -3.01999 (13), -3.01790 (15), -3.01763 (15), -3.01559 (15), 
Current (lb-rhs): -3.061814308166504
33568 domains visited
Length of domains: 16265
Cumulative time: 17.287142753601074

BaB round 12
batch: 4096
splitting decisions: 
split level 0: [/input, 2534] [/23, 3337] [/input, 4876] [/23, 3337] [/input, 2739] [/input, 2839] [/input, 4468] [/input, 4103] [/input, 2839] [/input, 2538] 
best_l after optimization: -16453.6875
beta sum per layer: [26156.619140625, 13921.146484375, 6453.1982421875]
alpha/beta optimization time: 1.464841604232788
pruning_in_iteration open status: False
ratio of positive domain = 51 / 8192 = 0.0062255859375
pruning-in-iteration extra time: 8.082389831542969e-05
Time: get_branching_decision.update_bounds 0.0274    pickout 0.4090    branching_decision 0.0012    decision 0.0012    set_bounds 0.1815    prepare 0.2261    transfer 0.0001    finalize 0.4167    func 3.4530    solve 3.2753    add 0.0469    bab_iteration 4.0890    
Accumulated time: get_branching_decision.update_bounds 0.0274    bab_iteration 17.2109    pickout 2.5259    decision 0.0083    branching_decision 0.0081    set_bounds 1.0974    solve 13.5457    func 16.9980    prepare 1.1042    transfer 0.0009    finalize 2.2272    add 0.5898    
max lb 0.04130518436431885 min lb -2.959685802459717
Number of Verified Splits: 55 of 8192
Current worst splitting domains lb-rhs (depth):
-3.06181 (13), -3.05739 (15), -3.04695 (14), -3.04564 (15), -3.04352 (15), -3.04103 (13), -3.03493 (15), -3.03431 (15), -3.03182 (15), -3.03181 (15), -3.02936 (15), -3.02615 (15), -3.02546 (15), -3.02239 (15), -3.02227 (15), -3.02020 (15), -3.01999 (13), -3.01790 (15), -3.01763 (15), -3.01559 (15), 
Current (lb-rhs): -3.061814308166504
41760 domains visited
Length of domains: 20306
Cumulative time: 21.404932022094727

BaB round 13
batch: 4096
splitting decisions: 
split level 0: [/input, 4876] [/23, 228] [/input, 4103] [/input, 2627] [/input, 4380] [/input, 3604] [/23, 2535] [/input, 3460] [/23, 2535] [/input, 2739] 
best_l after optimization: -16233.95703125
beta sum per layer: [29412.798828125, 16552.919921875, 6726.73583984375]
alpha/beta optimization time: 1.4669694900512695
pruning_in_iteration open status: False
ratio of positive domain = 41 / 8192 = 0.0050048828125
pruning-in-iteration extra time: 5.5789947509765625e-05
Time: get_branching_decision.update_bounds 0.0274    pickout 0.6566    branching_decision 0.0012    decision 0.0012    set_bounds 0.1838    prepare 0.2285    transfer 0.0001    finalize 0.6962    func 3.3746    solve 3.4531    add 0.0691    bab_iteration 4.1178    
Accumulated time: get_branching_decision.update_bounds 0.0274    bab_iteration 21.3287    pickout 3.1826    decision 0.0095    branching_decision 0.0093    set_bounds 1.2812    solve 16.9988    func 20.3726    prepare 1.3326    transfer 0.0010    finalize 2.9234    add 0.6589    
max lb 0.040065765380859375 min lb -2.9150197505950928
Number of Verified Splits: 42 of 8192
Current worst splitting domains lb-rhs (depth):
-3.06181 (13), -3.05739 (15), -3.04695 (14), -3.04564 (15), -3.04352 (15), -3.04103 (13), -3.03493 (15), -3.03431 (15), -3.03182 (15), -3.03181 (15), -3.02936 (15), -3.02615 (15), -3.02546 (15), -3.02239 (15), -3.02227 (15), -3.02020 (15), -3.01999 (13), -3.01790 (15), -3.01763 (15), -3.01559 (15), 
Current (lb-rhs): -3.061814308166504
49952 domains visited
Length of domains: 24360
Cumulative time: 25.673090934753418

BaB round 14
batch: 4096
splitting decisions: 
split level 0: [/input, 2739] [/input, 2538] [/input, 3409] [/input, 4180] [/input, 3409] [/input, 2538] [/input, 3459] [/input, 4932] [/23, 228] [/input, 3362] 
best_l after optimization: -16011.6337890625
beta sum per layer: [32946.9921875, 19125.87890625, 6988.513671875]
alpha/beta optimization time: 1.4662139415740967
pruning_in_iteration open status: False
ratio of positive domain = 12 / 8192 = 0.00146484375
pruning-in-iteration extra time: 6.818771362304688e-05
Time: get_branching_decision.update_bounds 0.0274    pickout 0.4007    branching_decision 0.0012    decision 0.0012    set_bounds 0.1829    prepare 0.2256    transfer 0.0001    finalize 0.4142    func 3.4049    solve 3.3747    add 0.0474    bab_iteration 4.2682    
Accumulated time: get_branching_decision.update_bounds 0.0274    bab_iteration 25.5969    pickout 3.5833    decision 0.0107    branching_decision 0.0105    set_bounds 1.4641    solve 20.3734    func 23.7775    prepare 1.5582    transfer 0.0011    finalize 3.3376    add 0.7064    
max lb 0.021197795867919922 min lb -2.895198106765747
Number of Verified Splits: 13 of 8192
Current worst splitting domains lb-rhs (depth):
-3.06181 (13), -3.05739 (15), -3.04695 (14), -3.04564 (15), -3.04352 (15), -3.04103 (13), -3.03493 (15), -3.03431 (15), -3.03182 (15), -3.03181 (15), -3.02936 (15), -3.02615 (15), -3.02546 (15), -3.02239 (15), -3.02227 (15), -3.02020 (15), -3.01999 (13), -3.01790 (15), -3.01763 (15), -3.01559 (15), 
Current (lb-rhs): -3.061814308166504
58144 domains visited
Length of domains: 28443
Cumulative time: 29.714186906814575

BaB round 15
batch: 4096
splitting decisions: 
split level 0: [/input, 3538] [/23, 255] [/input, 3449] [/23, 255] [/23, 3364] [/input, 4180] [/23, 2535] [/input, 3425] [/23, 2676] [/input, 3449] 
best_l after optimization: -15712.646484375
beta sum per layer: [35913.73828125, 21369.1796875, 7159.3017578125]
alpha/beta optimization time: 1.4668891429901123
pruning_in_iteration open status: False
ratio of positive domain = 3 / 8192 = 0.0003662109375
pruning-in-iteration extra time: 8.511543273925781e-05
Time: get_branching_decision.update_bounds 0.0274    pickout 0.4125    branching_decision 0.0011    decision 0.0011    set_bounds 0.5171    prepare 0.2209    transfer 0.0001    finalize 0.4265    func 3.2246    solve 3.4050    add 0.0466    bab_iteration 4.0411    
Accumulated time: get_branching_decision.update_bounds 0.0274    bab_iteration 29.6379    pickout 3.9958    decision 0.0118    branching_decision 0.0115    set_bounds 1.9812    solve 23.7784    func 27.0022    prepare 1.7791    transfer 0.0012    finalize 3.7641    add 0.7530    
max lb 0.021653175354003906 min lb -2.885469436645508
Number of Verified Splits: 4 of 8192
Current worst splitting domains lb-rhs (depth):
-3.06181 (13), -3.05739 (15), -3.04695 (14), -3.04564 (15), -3.04352 (15), -3.04103 (13), -3.03493 (15), -3.03431 (15), -3.03182 (15), -3.03181 (15), -3.02936 (15), -3.02615 (15), -3.02546 (15), -3.02239 (15), -3.02227 (15), -3.02020 (15), -3.01999 (13), -3.01790 (15), -3.01763 (15), -3.01559 (15), 
Current (lb-rhs): -3.061814308166504
66336 domains visited
Length of domains: 32535
Cumulative time: 33.922499656677246

BaB round 16
batch: 4096
splitting decisions: 
split level 0: [/23, 255] [/input, 3449] [/input, 2538] [/23, 2701] [/input, 3335] [/23, 283] [/23, 3364] [/23, 283] [/input, 4959] [/23, 255] 
best_l after optimization: -15376.6884765625
beta sum per layer: [39034.4453125, 24085.0859375, 7340.73681640625]
alpha/beta optimization time: 1.4676401615142822
pruning_in_iteration open status: False
ratio of positive domain = 2 / 8192 = 0.000244140625
pruning-in-iteration extra time: 6.103515625e-05
Time: get_branching_decision.update_bounds 0.0274    pickout 0.7455    branching_decision 0.0011    decision 0.0011    set_bounds 0.1832    prepare 0.2245    transfer 0.0001    finalize 0.4174    func 3.4196    solve 3.2247    add 0.0478    bab_iteration 4.2083    
Accumulated time: get_branching_decision.update_bounds 0.0274    bab_iteration 33.8463    pickout 4.7413    decision 0.0130    branching_decision 0.0127    set_bounds 2.1644    solve 27.0031    func 30.4217    prepare 2.0037    transfer 0.0014    finalize 4.1815    add 0.8008    
max lb 0.052815258502960205 min lb -2.850026845932007
Number of Verified Splits: 2 of 8192
Current worst splitting domains lb-rhs (depth):
-3.06181 (13), -3.05739 (15), -3.04695 (14), -3.04564 (15), -3.04352 (15), -3.04103 (13), -3.03493 (15), -3.03431 (15), -3.03182 (15), -3.03181 (15), -3.02936 (15), -3.02615 (15), -3.02546 (15), -3.02239 (15), -3.02227 (15), -3.02020 (15), -3.01999 (13), -3.01790 (15), -3.01763 (15), -3.01559 (15), 
Current (lb-rhs): -3.061814308166504
74528 domains visited
Length of domains: 36629
Cumulative time: 38.36995840072632

BaB round 17
batch: 4096
splitting decisions: 
split level 0: [/input, 4962] [/input, 5812] [/input, 4180] [/input, 3425] [/input, 4962] [/23, 3310] [/input, 3362] [/input, 4987] [/input, 4959] [/input, 4987] 
best_l after optimization: -15050.5185546875
beta sum per layer: [43158.7265625, 25952.1328125, 7516.02099609375]
alpha/beta optimization time: 1.4663660526275635
pruning_in_iteration open status: False
ratio of positive domain = 0 / 8192 = 0.0
pruning-in-iteration extra time: 9.894371032714844e-05
Time: get_branching_decision.update_bounds 0.0274    pickout 0.4122    branching_decision 0.0011    decision 0.0011    set_bounds 0.1842    prepare 0.2185    transfer 0.0001    finalize 0.7677    func 3.4327    solve 3.4196    add 0.0924    bab_iteration 4.4475    
Accumulated time: get_branching_decision.update_bounds 0.0274    bab_iteration 38.2937    pickout 5.1534    decision 0.0141    branching_decision 0.0137    set_bounds 2.3486    solve 30.4227    func 33.8544    prepare 2.2222    transfer 0.0014    finalize 4.9492    add 0.8932    
max lb -0.3827052116394043 min lb -2.7546513080596924
Number of Verified Splits: 0 of 8192
Current worst splitting domains lb-rhs (depth):
-3.06181 (13), -3.05739 (15), -3.04695 (14), -3.04564 (15), -3.04352 (15), -3.04103 (13), -3.03493 (15), -3.03431 (15), -3.03182 (15), -3.03181 (15), -3.02936 (15), -3.02615 (15), -3.02546 (15), -3.02239 (15), -3.02227 (15), -3.02020 (15), -3.01999 (13), -3.01790 (15), -3.01763 (15), -3.01559 (15), 
Current (lb-rhs): -3.061814308166504
82720 domains visited
Length of domains: 40725
Cumulative time: 42.453510999679565

BaB round 18
batch: 4096
splitting decisions: 
split level 0: [/23, 255] [/input, 3483] [/input, 4987] [/input, 373] [/23, 255] [/input, 4905] [/input, 3306] [/input, 4180] [/input, 373] [/23, 3364] 
best_l after optimization: -14645.59765625
beta sum per layer: [48503.78125, 28008.1484375, 7690.466796875]
alpha/beta optimization time: 1.4637668132781982
pruning_in_iteration open status: False
ratio of positive domain = 0 / 8192 = 0.0
pruning-in-iteration extra time: 6.246566772460938e-05
Time: get_branching_decision.update_bounds 0.0274    pickout 0.4059    branching_decision 0.0012    decision 0.0012    set_bounds 0.1880    prepare 0.2159    transfer 0.0001    finalize 0.4117    func 3.4715    solve 3.4327    add 0.0474    bab_iteration 4.0835    
Accumulated time: get_branching_decision.update_bounds 0.0274    bab_iteration 42.3773    pickout 5.5593    decision 0.0153    branching_decision 0.0150    set_bounds 2.5366    solve 33.8554    func 37.3259    prepare 2.4381    transfer 0.0015    finalize 5.3609    add 0.9406    
max lb -0.2866058349609375 min lb -2.7529513835906982
Number of Verified Splits: 0 of 8192
Current worst splitting domains lb-rhs (depth):
-3.06181 (13), -3.05739 (15), -3.04695 (14), -3.04564 (15), -3.04352 (15), -3.04103 (13), -3.03493 (15), -3.03431 (15), -3.03182 (15), -3.03181 (15), -3.02936 (15), -3.02615 (15), -3.02546 (15), -3.02239 (15), -3.02227 (15), -3.02020 (15), -3.01999 (13), -3.01790 (15), -3.01763 (15), -3.01559 (15), 
Current (lb-rhs): -3.061814308166504
90912 domains visited
Length of domains: 44821
Cumulative time: 46.57217073440552

BaB round 19
batch: 4096
splitting decisions: 
split level 0: [/23, 2534] [/input, 5079] [/input, 5016] [/23, 228] [/23, 2534] [/input, 373] [/input, 4902] [/23, 3364] [/input, 3364] [/23, 2726] 
best_l after optimization: -14130.12890625
beta sum per layer: [55517.2578125, 31006.2109375, 7889.18359375]
alpha/beta optimization time: 1.4652256965637207
pruning_in_iteration open status: False
ratio of positive domain = 0 / 8192 = 0.0
pruning-in-iteration extra time: 6.413459777832031e-05
Time: get_branching_decision.update_bounds 0.0274    pickout 0.4081    branching_decision 0.0012    decision 0.0012    set_bounds 0.1820    prepare 0.2140    transfer 0.0001    finalize 0.8020    func 3.4627    solve 3.4716    add 0.0459    bab_iteration 4.1187    
Accumulated time: get_branching_decision.update_bounds 0.0274    bab_iteration 46.4959    pickout 5.9674    decision 0.0165    branching_decision 0.0161    set_bounds 2.7186    solve 37.3269    func 40.7886    prepare 2.6522    transfer 0.0016    finalize 6.1629    add 0.9864    
max lb -0.19986867904663086 min lb -2.7436695098876953
Number of Verified Splits: 0 of 8192
Current worst splitting domains lb-rhs (depth):
-3.06181 (13), -3.05739 (15), -3.04695 (14), -3.04564 (15), -3.04352 (15), -3.04103 (13), -3.03493 (15), -3.03431 (15), -3.03182 (15), -3.03181 (15), -3.02936 (15), -3.02615 (15), -3.02546 (15), -3.02239 (15), -3.02227 (15), -3.02020 (15), -3.01999 (13), -3.01790 (15), -3.01763 (15), -3.01559 (15), 
Current (lb-rhs): -3.061814308166504
99104 domains visited
Length of domains: 48917
Cumulative time: 50.682387351989746

BaB round 20
batch: 4096
splitting decisions: 
split level 0: [/input, 4987] [/input, 5027] [/23, 283] [/input, 4960] [/input, 4987] [/input, 3310] [/input, 3336] [/input, 4905] [/input, 4905] [/input, 374] 
best_l after optimization: -13596.595703125
beta sum per layer: [64353.5, 34538.1796875, 8081.2158203125]
alpha/beta optimization time: 1.4647302627563477
pruning_in_iteration open status: False
ratio of positive domain = 0 / 8192 = 0.0
pruning-in-iteration extra time: 5.459785461425781e-05
Time: get_branching_decision.update_bounds 0.0274    pickout 0.4098    branching_decision 0.0011    decision 0.0011    set_bounds 0.1820    prepare 0.2141    transfer 0.0001    finalize 0.4146    func 3.4677    solve 3.4628    add 0.0496    bab_iteration 4.1102    
Accumulated time: get_branching_decision.update_bounds 0.0274    bab_iteration 50.6061    pickout 6.3773    decision 0.0176    branching_decision 0.0173    set_bounds 2.9005    solve 40.7897    func 44.2563    prepare 2.8663    transfer 0.0017    finalize 6.5776    add 1.0361    
max lb -0.09886050224304199 min lb -2.624814987182617
Number of Verified Splits: 0 of 8192
Current worst splitting domains lb-rhs (depth):
-3.06181 (13), -3.05739 (15), -3.04695 (14), -3.04564 (15), -3.04352 (15), -3.04103 (13), -3.03493 (15), -3.03431 (15), -3.03182 (15), -3.03181 (15), -3.02936 (15), -3.02615 (15), -3.02546 (15), -3.02239 (15), -3.02227 (15), -3.02020 (15), -3.01999 (13), -3.01790 (15), -3.01763 (15), -3.01559 (15), 
Current (lb-rhs): -3.061814308166504
107296 domains visited
Length of domains: 53013
Time out!!!!!!!!
Result: unknown in 60.6932 seconds
############# Summary #############
Final verified acc: 30.0% (total 10 examples)
Problem instances count: 10 , total verified (safe/unsat): 3 , total falsified (unsafe/sat): 0 , timeout: 7
mean time for ALL instances (total 10):46.60735833992255, max time: 63.578097105026245
mean time for verified SAFE instances(total 3): 11.472623904546102, max time: 31.456871271133423
mean time for verified SAFE + TIMEOUT instances (total 10): 46.607404947280884, max time: 63.578097105026245 
safe-incomplete (total 2), index: [0, 3]
safe (total 1), index: [1]
unknown (total 7), index: [2, 4, 5, 6, 7, 8, 9]
