/mmfs1/gscratch/scrubbed/sgvtc/E-graphs for Verifiability/alpha-beta-CROWN/.venv/lib/python3.11/site-packages/torch/jit/_script.py:1488: DeprecationWarning: `torch.jit.script` is deprecated. Please switch to `torch.compile` or `torch.export`.
  warnings.warn(
INFO     11:49:11     [tensor_storage.py:70] Hugepage enabled for branch-and-bound domains.
Configurations:

general:
  device: cuda
  seed: 100
  conv_mode: matrix
  deterministic: false
  double_fp: false
  loss_reduction_func: sum
  sparse_alpha: true
  sparse_interm: true
  save_adv_example: false
  verify_onnxruntime_output: false
  eval_adv_example: false
  onnx_adv_example: false
  show_adv_example: false
  precompile_jit: false
  reset_seed_after_precompile: false
  prepare_only: false
  complete_verifier: bab
  enable_incomplete_verification: true
  csv_name: null
  results_file: out.txt
  root_path: ''
  deterministic_opt: false
  graph_optimizer: 'Customized("custom_graph_optimizer", "default_optimizer")'
  buffer_has_batchdim: false
  save_output: false
  output_file: out.pkl
  return_optimized_model: false
  store_all_specs_on_cpu: false
  adhoc_tuning: null
model:
  name: null
  path: null
  onnx_path: ../../NNs/inception_mnist_unfused_simplified.onnx
  onnx_path_prefix: ''
  cache_onnx_conversion: false
  debug_onnx: false
  onnx_quirks: null
  input_shape: null
  onnx_loader: default_onnx_and_vnnlib_loader
  onnx_optimization_flags: []
  onnx_vnnlib_joint_optimization_flags: none
  check_optimized: false
  flatten_final_output: false
  optimize_graph: null
  with_jacobian: false
  bound_opts: null
data:
  start: 0
  end: 10
  select_instance: null
  num_outputs: 10
  mean: [0.0]
  std: [1.0]
  pkl_path: null
  dataset: MNIST
  data_filter_path: null
  data_idx_file: null
specification:
  type: lp
  robustness_type: verified-acc
  norm: .inf
  epsilon: 0.1
  epsilon_min: 0.0
  vnnlib_path: null
  vnnlib_path_prefix: ''
  shrink_eps: null
  rhs_offset: null
solver:
  batch_size: 2048
  auto_enlarge_batch_size: true
  batched_crown_auto_enlarge_max_vram_ratio: 0.9
  min_batch_size_ratio: 0.1
  use_float64_in_last_iteration: false
  early_stop_patience: 10
  start_save_best: 0.5
  bound_prop_method: alpha-crown
  init_bound_prop_method: same
  prune_after_crown: true
  optimize_disjuncts_separately: false
  build_batch_size: 1000000
  skip_with_refined_bound: true
  forward_before_compute_bounds: false
  crown:
    batch_size: 1000000000
    max_crown_size: 1000000000
    activation_bound_option: adaptive
    compare_crown_with_ibp: false
  alpha-crown:
    alpha: true
    lr_alpha: 0.1
    iteration: 100
    share_alphas: false
    lr_decay: 0.98
    full_conv_alpha: true
    max_coeff_mul: .inf
    matmul_share_alphas: false
    disable_optimization: []
    max_time: 1.0
    alpha_dtype: float16
    input_split_alpha_iteration: 5
    input_split_lr_alpha: 0.05
  invprop:
    apply_output_constraints_to: []
    tighten_input_bounds: false
    best_of_oc_and_no_oc: false
    directly_optimize: []
    oc_lr: 0.1
    share_gammas: false
  beta-crown:
    lr_alpha: 0.01
    lr_beta: 0.05
    lr_decay: 0.98
    optimizer: adam
    iteration: 20
    beta: true
    beta_warmup: true
    enable_opt_interm_bounds: false
    all_node_split_LP: false
  forward:
    refine: false
    max_dim: 10000
    reset_threshold: 1.0
  mip:
    unstable_neuron_threshold: 0
    parallel_solvers: null
    solver_threads: 1
    refine_neuron_timeout: 15
    refine_neuron_time_percentage: 0.8
    early_stop: true
    adv_warmup: true
    mip_solver: gurobi
    skip_unsafe: false
    topk_filter: 1.0
    sliding_window: -1
    extra_constraint: false
    refine_neuron_timeout_increasement: 0
    timeout_neuron_percentage: 0.3
    remaining_timeout_threshold: 1
    remove_unstable_neurons: false
    formulation: mip
    output_cut: false
bab:
  max_domains: .inf
  decision_thresh: 0
  timeout: 60
  timeout_scale: 1
  max_iterations: -1
  override_timeout: null
  get_upper_bound: false
  pruning_in_iteration: true
  pruning_in_iteration_ratio: 0.2
  sort_targets: false
  batched_domain_list: true
  optimized_interm: ''
  interm_transfer: true
  recompute_interm: false
  sort_domain_interval: -1
  tree_traversal: depth_first
  hugetensor_allocator: true
  cut:
    enabled: false
    cuts_path: null
    bab_cut: false
    lp_cut: false
    lr: 0.01
    lr_decay: 1.0
    iteration: 100
    bab_iteration: -1
    early_stop_patience: -1
    lr_beta: 0.02
    number_cuts: 50
    topk_cuts_in_filter: 1000
    batch_size_primal: 100
    max_num: 1000000000
    patches_cut: false
    cplex_cuts: false
    cplex_cuts_wait: 0
    cplex_cuts_revpickup: true
    cut_reference_bounds: true
    fix_intermediate_bounds: false
    manual_cuts: null
    record_cplex_cut_to: null
    read_cplex_cut_from: null
    biccos:
      enabled: false
      auto_param: true
      constraint_strengthening: true
      drop_ratio: 0.5
      max_infer_iter: 20
      max_domain: 10000.0
      heuristic: neuron_influence_score
      save_cuts: false
      multi_tree_branching:
        enabled: false
        restore_best_tree: true
        keep_n_best_domains: 50
        target_batch_size: 200
        iterations: 3
  clip_n_verify:
    rearrange_constraints: false
    alpha_crown: false
    prune: false
    final_layer: false
    clip_input_domain:
      enabled: false
      clip_type: relaxed
      clip_neuron_selection_type: ratio
      clip_neuron_selection_value: -1.0
      clip_iterations: 1
      clip_calculate_volume_metrics: false
    clip_interm_domain:
      enabled: false
      with_input: false
      clip_in_alpha_crown: false
      topk_objective: 20
  branching:
    method: kfsb
    candidates: 3
    reduceop: min
    enable_intermediate_bound_opt: false
    branching_input_and_activation: false
    branching_input_and_activation_order: [input, relu]
    branching_input_iterations: 30
    branching_relu_iterations: 50
    save_visited_domains_to: ''
    nonlinear_split:
      method: bbps
      disable: false
      branching_point_method: uniform
      num_branches: 2
      filter: false
      filter_beta: false
      filter_clamp: false
      filter_batch_size: 10000
      filter_iterations: 25
      relu_only: false
      loose_tanh_threshold: null
      branching_point:
        db_path: branching_points.pt
        num_iterations: 1000
        batch_size: 1000000
        range_l: -5.0
        range_u: 5.0
        log_interval: 100
        step_size_1d: 0.01
        step_size: 0.2
    input_split:
      split_hint: null
      enable: false
      reorder_bab: false
      input_dim_threshold: 20
      adv_check: 0
      split_partitions: 2
      sb_margin_weight: 1.0
      sb_sum: false
      sb_primary_spec: null
      bf_backup_thresh: -1
      bf_rhs_offset: 0
      bf_iters: 1000000000.0
      bf_batch_size: 100000
      bf_zero_crossing_score: false
      touch_zero_score: 0
      ibp_enhancement: true
      compare_with_old_bounds: true
      update_rhs_with_attack: false
      sb_coeff_thresh: 0.001
      sort_index: null
      sort_descending: true
      show_progress: false
      presplit_domains: null
      skip_getting_worst_domain: false
  branching_decision_precompute:
    enable: true
  attack:
    enabled: false
    beam_candidates: 8
    beam_depth: 7
    max_dive_fix_ratio: 0.8
    min_local_free_ratio: 0.2
    mip_start_iteration: 5
    mip_timeout: 30.0
    adv_pool_threshold: null
    refined_mip_attacker: false
    refined_batch_size: null
attack:
  general_attack: true
  pgd_order: skip
  pgd_steps: 100
  pgd_restarts: 50
  pgd_batch_size: 100000000
  pgd_early_stop: true
  pgd_lr_decay: 0.99
  pgd_alpha: auto
  pgd_alpha_scale: false
  pgd_loss_mode: null
  pgd_restart_when_stuck: false
  enable_mip_attack: false
  adv_saver: default_adv_saver
  adv_verifier: default_adv_verifier
  early_stop_condition: default_early_stop_condition
  adv_example_finalizer: default_adv_example_finalizer
  pgd_loss: default_pgd_loss
  cex_path: ./test_cex.txt
  attack_mode: PGD
  attack_tolerance: 0.0
  attack_func: attack_with_general_specs
  gama_lambda: 10.0
  gama_decay: 0.9
  input_split:
    pgd_steps: 100
    pgd_restarts: 30
    pgd_alpha: auto
  input_split_check_adv:
    enabled: auto
    pgd_steps: 5
    pgd_restarts: 5
    pgd_alpha: auto
    max_num_domains: 10
debug:
  view_model: false
  lp_test: null
  rescale_vnnlib_ptb: null
  test_optimized_bounds: false
  test_optimized_bounds_after_n_iterations: 0
  print_verbose_decisions: false
  biccos_mip_sanity_check: false
  sanity_check: 0
  z_split_enabled: false
  save_minimal_config: null
  save_minimal_config_omit_keys: []
solving:
  solving_mode: false
  obj_index: 0
/mmfs1/gscratch/scrubbed/sgvtc/E-graphs for Verifiability/alpha-beta-CROWN/.venv/lib/python3.11/site-packages/onnx2pytorch/convert/layer.py:31: UserWarning: The given NumPy array is not writable, and PyTorch does not support non-writable tensors. This means writing to this tensor will result in undefined behavior. You may want to copy the array to protect its data or make it writable before converting it to a tensor. This type of warning will be suppressed for the rest of this program. (Triggered internally at /pytorch/torch/csrc/utils/tensor_numpy.cpp:213.)
  layer.bias.data = torch.from_numpy(numpy_helper.to_array(bias))
/mmfs1/gscratch/scrubbed/sgvtc/E-graphs for Verifiability/alpha-beta-CROWN/.venv/lib/python3.11/site-packages/onnx2pytorch/convert/model.py:151: UserWarning: Using experimental implementation that allows 'batch_size > 1'.Batchnorm layers could potentially produce false outputs.
  warnings.warn(

Experiments at Sat Aug 29 11:49:11 2026 on g3113
Loading onnx ../../NNs/inception_mnist_unfused_simplified.onnx with quirks {}
Finished onnx model loading in 0.2849 seconds
ConvertModel(
  (Conv_Conv112_fwd0): Conv2d(1, 8, kernel_size=(3, 3), stride=(1, 1), padding=(1, 1))
  (Relu_Relu119_fwd0): ReLU()
  (Conv_Conv120_fwd0): Conv2d(8, 8, kernel_size=(1, 1), stride=(1, 1))
  (Conv_Conv121_fwd0): Conv2d(8, 8, kernel_size=(3, 3), stride=(1, 1), padding=(1, 1))
  (Add_Add124_fwd0): Add()
  (Relu_Relu125_fwd0): ReLU()
  (Reshape_Reshape126_fwd0): Reshape(shape=[  -1 6272])
  (Gemm_Add128_fwd0): Linear(in_features=64, out_features=6272, bias=True)
  (Relu_Relu129_fwd0): ReLU()
  (Gemm_Add131_fwd0): Linear(in_features=10, out_features=64, bias=True)
)
Parameters:
  Conv_Conv112_fwd0.weight: shape torch.Size([8, 1, 3, 3])
  Conv_Conv112_fwd0.bias: shape torch.Size([8])
  Conv_Conv120_fwd0.weight: shape torch.Size([8, 8, 1, 1])
  Conv_Conv120_fwd0.bias: shape torch.Size([8])
  Conv_Conv121_fwd0.weight: shape torch.Size([8, 8, 3, 3])
  Conv_Conv121_fwd0.bias: shape torch.Size([8])
  Gemm_Add128_fwd0.weight: shape torch.Size([64, 6272])
  Gemm_Add128_fwd0.bias: shape torch.Size([64])
  Gemm_Add131_fwd0.weight: shape torch.Size([10, 64])
  Gemm_Add131_fwd0.bias: shape torch.Size([10])
Trying generic MNIST/CIFAR data loader.
/mmfs1/gscratch/scrubbed/sgvtc/E-graphs for Verifiability/alpha-beta-CROWN/complete_verifier/specifications.py:342: UserWarning: Creating a tensor from a list of numpy.ndarrays is extremely slow. Please consider converting the list to a single numpy.ndarray with numpy.array() before converting to a tensor. (Triggered internally at /pytorch/torch/csrc/utils/tensor_new.cpp:253.)
  x_range_list = torch.Tensor(x_range_list).to(dtype=dtype, device=device).view(input_shape + [2])
/mmfs1/gscratch/scrubbed/sgvtc/E-graphs for Verifiability/alpha-beta-CROWN/.venv/lib/python3.11/site-packages/onnx2pytorch/utils.py:21: TracerWarning: Converting a tensor to a Python boolean might cause the trace to be incorrect. We can't record the data flow of Python values, so this value will be treated as a constant in the future. This means that the trace might not generalize to other inputs!
  return value.ndim == 0 or value.shape == torch.Size([1])
/mmfs1/gscratch/scrubbed/sgvtc/E-graphs for Verifiability/alpha-beta-CROWN/.venv/lib/python3.11/site-packages/onnx2pytorch/operations/add.py:34: TracerWarning: Converting a tensor to a Python boolean might cause the trace to be incorrect. We can't record the data flow of Python values, so this value will be treated as a constant in the future. This means that the trace might not generalize to other inputs!
  elif all(x == 1 for x in input[0].shape):
/mmfs1/gscratch/scrubbed/sgvtc/E-graphs for Verifiability/alpha-beta-CROWN/.venv/lib/python3.11/site-packages/onnx2pytorch/operations/reshape.py:36: TracerWarning: Converting a tensor to a Python boolean might cause the trace to be incorrect. We can't record the data flow of Python values, so this value will be treated as a constant in the future. This means that the trace might not generalize to other inputs!
  if shape[0] == 1 and len(shape) in [2, 3, 4, 5] and self.quirks.get("fix_batch_size") is True:
/mmfs1/gscratch/scrubbed/sgvtc/E-graphs for Verifiability/alpha-beta-CROWN/.venv/lib/python3.11/site-packages/onnx2pytorch/operations/reshape.py:54: TracerWarning: torch.tensor results are registered as constants in the trace. You can safely ignore this warning if you use this function to create tensors out of constant variables that would be the same every time you call this function. In any other case, this might cause the trace to be incorrect.
  if (torch.prod(torch.tensor(input.shape)) != torch.prod(shape) and len(input.size()) == len(shape) + 1
/mmfs1/gscratch/scrubbed/sgvtc/E-graphs for Verifiability/alpha-beta-CROWN/.venv/lib/python3.11/site-packages/onnx2pytorch/operations/reshape.py:54: TracerWarning: Using len to get tensor shape might cause the trace to be incorrect. Recommended usage would be tensor.shape[0]. Passing a tensor of different shape might lead to errors or silently give incorrect results.
  if (torch.prod(torch.tensor(input.shape)) != torch.prod(shape) and len(input.size()) == len(shape) + 1
/mmfs1/gscratch/scrubbed/sgvtc/E-graphs for Verifiability/alpha-beta-CROWN/.venv/lib/python3.11/site-packages/onnx2pytorch/operations/reshape.py:58: TracerWarning: Iterating over a tensor might cause the trace to be incorrect. Passing a tensor of different shape won't change the number of iterations executed (and might lead to errors or silently give incorrect results).
  shape = [x if x != 0 else input.size(i) for i, x in enumerate(shape)]
/mmfs1/gscratch/scrubbed/sgvtc/E-graphs for Verifiability/alpha-beta-CROWN/complete_verifier/auto_LiRPA/operators/leaf.py:93: UserWarning: The "has_batchdim" option for BoundBuffers is deprecated. It may be removed from the next release.
  warnings.warn('The "has_batchdim" option for BoundBuffers is deprecated.'
Internal results will be saved to out.txt.

 %%%%%%%%%%%%%%%%%%%%%%%%%%%%%%%%%%% idx: 0, vnnlib ID: 0 %%%%%%%%%%%%%%%%%%%%%%%%%%%%%%%%%%%
Finished vnnlib processing in 0.248729 seconds
Model: BoundedModule(
  (/input-1): BoundInput(name=/input-1, inputs=[], perturbed=True)
  (/shape): BoundBuffers(name=/shape, inputs=[], perturbed=False)
  (/12): BoundParams(name=/12, inputs=[], perturbed=False)
  (/13): BoundParams(name=/13, inputs=[], perturbed=False)
  (/14): BoundParams(name=/14, inputs=[], perturbed=False)
  (/15): BoundParams(name=/15, inputs=[], perturbed=False)
  (/16): BoundParams(name=/16, inputs=[], perturbed=False)
  (/17): BoundParams(name=/17, inputs=[], perturbed=False)
  (/18): BoundParams(name=/18, inputs=[], perturbed=False)
  (/19): BoundParams(name=/19, inputs=[], perturbed=False)
  (/20): BoundParams(name=/20, inputs=[], perturbed=False)
  (/21): BoundParams(name=/21, inputs=[], perturbed=False)
  (/input): BoundConv(name=/input, inputs=[/input-1, /12, /13], perturbed=True)
  (/input-4): BoundRelu(name=/input-4, inputs=[/input], perturbed=True)
  (/24): BoundConv(name=/24, inputs=[/input-4, /14, /15], perturbed=True)
  (/25): BoundConv(name=/25, inputs=[/input-4, /16, /17], perturbed=True)
  (/26): BoundAdd(name=/26, inputs=[/24, /25], perturbed=True)
  (/27): BoundRelu(name=/27, inputs=[/26], perturbed=True)
  (/28): BoundSplit(name=/28, inputs=[/shape], perturbed=False)
  (/29): BoundSplit(name=/29, inputs=[/shape], perturbed=False)
  (/30): BoundConstant(name=/30, value=tensor([0], device='cuda:0'))
  (/31): BoundSqueeze(name=/31, inputs=[/28, /30], perturbed=False)
  (/32): BoundConstant(name=/32, value=tensor([0], device='cuda:0'))
  (/33): BoundSqueeze(name=/33, inputs=[/29, /32], perturbed=False)
  (/34): BoundConstant(name=/34, value=tensor([0], device='cuda:0'))
  (/35): BoundUnsqueeze(name=/35, inputs=[/31, /34], perturbed=False)
  (/36): BoundConstant(name=/36, value=tensor([0], device='cuda:0'))
  (/37): BoundUnsqueeze(name=/37, inputs=[/33, /36], perturbed=False)
  (/38): BoundConcat(name=/38, inputs=[/35, /37], perturbed=False)
  (/39): BoundReshape(name=/39, inputs=[/27, /38], perturbed=True)
  (/input-8): BoundLinear(name=/input-8, inputs=[/39, /18, /19], perturbed=True)
  (/41): BoundRelu(name=/41, inputs=[/input-8], perturbed=True)
  (/42): BoundLinear(name=/42, inputs=[/41, /20, /21], perturbed=True)
)
Original output in the first batch: tensor([[-0.51818854, -5.29885626, -0.67026603,  3.93763208,  1.77482486,
          1.43840575, -5.72659492, 11.47263718, -0.30722359,  5.09710073]],
       device='cuda:0')
Split layers:
Nonlinear functions:
   BoundRelu(name=/input-4, inputs=[/input], perturbed=True)
   BoundRelu(name=/27, inputs=[/26], perturbed=True)
   BoundRelu(name=/41, inputs=[/input-8], perturbed=True)
build batch [1/1]
layer /input-4 using sparse-features alpha with shape [1519]; unstable size 1519; total size 6272 ([1, 8, 28, 28])
layer /input-4 start_node /26 using full alpha [2, 6272, 1, 1519] with unstable size None total_size 6272 output_shape torch.Size([8, 28, 28])
layer /input-4 start_node /input-8 using sparse-spec alpha [2, 16, 1, 1519] with unstable size 15 total_size 64 output_shape torch.Size([64])
layer /input-4 start_node /42 using full alpha [2, 9, 1, 1519] with unstable size None total_size 9 output_shape 9
layer /27 using sparse-features alpha with shape [2110]; unstable size 2110; total size 6272 ([1, 8, 28, 28])
layer /27 start_node /input-8 using sparse-spec alpha [2, 16, 1, 2110] with unstable size 15 total_size 64 output_shape torch.Size([64])
layer /27 start_node /42 using full alpha [2, 9, 1, 2110] with unstable size None total_size 9 output_shape 9
layer /41 using sparse-features alpha with shape [15]; unstable size 15; total size 64 ([1, 64])
layer /41 start_node /42 using full alpha [2, 9, 1, 15] with unstable size None total_size 9 output_shape 9
Optimizable variables initialized.
initial CROWN bounds (first 10 items): [5.450114727020264, 10.35195541381836, 5.003351211547852, 2.3763272762298584, 4.800887107849121, 4.336333751678467, 8.899930000305176, 5.691235065460205, 2.312366485595703]
Verified with initial CROWN!
verified with init bound!
Result: safe-incomplete in 1.2205 seconds

 %%%%%%%%%%%%%%%%%%%%%%%%%%%%%%%%%%% idx: 1, vnnlib ID: 1 %%%%%%%%%%%%%%%%%%%%%%%%%%%%%%%%%%%
Finished vnnlib processing in 0.001352 seconds
Model: BoundedModule(
  (/input-1): BoundInput(name=/input-1, inputs=[], perturbed=True)
  (/shape): BoundBuffers(name=/shape, inputs=[], perturbed=False)
  (/12): BoundParams(name=/12, inputs=[], perturbed=False)
  (/13): BoundParams(name=/13, inputs=[], perturbed=False)
  (/14): BoundParams(name=/14, inputs=[], perturbed=False)
  (/15): BoundParams(name=/15, inputs=[], perturbed=False)
  (/16): BoundParams(name=/16, inputs=[], perturbed=False)
  (/17): BoundParams(name=/17, inputs=[], perturbed=False)
  (/18): BoundParams(name=/18, inputs=[], perturbed=False)
  (/19): BoundParams(name=/19, inputs=[], perturbed=False)
  (/20): BoundParams(name=/20, inputs=[], perturbed=False)
  (/21): BoundParams(name=/21, inputs=[], perturbed=False)
  (/input): BoundConv(name=/input, inputs=[/input-1, /12, /13], perturbed=True)
  (/input-4): BoundRelu(name=/input-4, inputs=[/input], perturbed=True)
  (/24): BoundConv(name=/24, inputs=[/input-4, /14, /15], perturbed=True)
  (/25): BoundConv(name=/25, inputs=[/input-4, /16, /17], perturbed=True)
  (/26): BoundAdd(name=/26, inputs=[/24, /25], perturbed=True)
  (/27): BoundRelu(name=/27, inputs=[/26], perturbed=True)
  (/28): BoundSplit(name=/28, inputs=[/shape], perturbed=False)
  (/29): BoundSplit(name=/29, inputs=[/shape], perturbed=False)
  (/30): BoundConstant(name=/30, value=tensor([0], device='cuda:0'))
  (/31): BoundSqueeze(name=/31, inputs=[/28, /30], perturbed=False)
  (/32): BoundConstant(name=/32, value=tensor([0], device='cuda:0'))
  (/33): BoundSqueeze(name=/33, inputs=[/29, /32], perturbed=False)
  (/34): BoundConstant(name=/34, value=tensor([0], device='cuda:0'))
  (/35): BoundUnsqueeze(name=/35, inputs=[/31, /34], perturbed=False)
  (/36): BoundConstant(name=/36, value=tensor([0], device='cuda:0'))
  (/37): BoundUnsqueeze(name=/37, inputs=[/33, /36], perturbed=False)
  (/38): BoundConcat(name=/38, inputs=[/35, /37], perturbed=False)
  (/39): BoundReshape(name=/39, inputs=[/27, /38], perturbed=True)
  (/input-8): BoundLinear(name=/input-8, inputs=[/39, /18, /19], perturbed=True)
  (/41): BoundRelu(name=/41, inputs=[/input-8], perturbed=True)
  (/42): BoundLinear(name=/42, inputs=[/41, /20, /21], perturbed=True)
)
Original output in the first batch: tensor([[ 2.39697909, -3.40589261,  8.44154739,  1.25479317, -4.92703009,
          3.14737725,  4.14441681, -6.58302593,  1.36930418, -7.11728144]],
       device='cuda:0')
Split layers:
Nonlinear functions:
   BoundRelu(name=/input-4, inputs=[/input], perturbed=True)
   BoundRelu(name=/27, inputs=[/26], perturbed=True)
   BoundRelu(name=/41, inputs=[/input-8], perturbed=True)
build batch [1/1]
layer /input-4 using sparse-features alpha with shape [1446]; unstable size 1446; total size 6272 ([1, 8, 28, 28])
layer /input-4 start_node /26 using full alpha [2, 6272, 1, 1446] with unstable size None total_size 6272 output_shape torch.Size([8, 28, 28])
layer /input-4 start_node /input-8 using sparse-spec alpha [2, 6, 1, 1446] with unstable size 5 total_size 64 output_shape torch.Size([64])
layer /input-4 start_node /42 using full alpha [2, 9, 1, 1446] with unstable size None total_size 9 output_shape 9
layer /27 using sparse-features alpha with shape [1807]; unstable size 1807; total size 6272 ([1, 8, 28, 28])
layer /27 start_node /input-8 using sparse-spec alpha [2, 6, 1, 1807] with unstable size 5 total_size 64 output_shape torch.Size([64])
layer /27 start_node /42 using full alpha [2, 9, 1, 1807] with unstable size None total_size 9 output_shape 9
layer /41 using sparse-features alpha with shape [5]; unstable size 5; total size 64 ([1, 64])
layer /41 start_node /42 using full alpha [2, 9, 1, 5] with unstable size None total_size 9 output_shape 9
Optimizable variables initialized.
/mmfs1/gscratch/scrubbed/sgvtc/E-graphs for Verifiability/alpha-beta-CROWN/complete_verifier/auto_LiRPA/bound_general.py:1020: UserWarning: Creating an identity matrix with size 6272x6272 for node BoundAdd(name=/26, inputs=[/24, /25], perturbed=True). This may indicate poor performance for bound computation. If you see this message on a small network please submit a bug report.
  sparse_C = self.get_sparse_C(node, ref_intermediate)
initial CROWN bounds (first 10 items): [0.8231265544891357, 6.548272132873535, 2.4232101440429688, 8.453779220581055, -0.07873797416687012, -0.9741683006286621, 9.673555374145508, 1.6778358221054077, 9.744491577148438]
prune_after_crown optimization in use
  original spec size = torch.Size([1, 9])
  pruned spec size = torch.Size([1, 2])
Using alpha-CROWN to initialize bounds.
best_l after optimization: -0.5012285709381104
alpha/beta optimization time: 5.304088354110718
initial alpha-crown bounds (first 10 items): [0.1702284812927246, -0.671457052230835]
Global lower bound: -0.671457052230835
8 / 9 OR specs are verified.
Verified OR indices (first 10 items): [0, 1, 2, 3, 4, 6, 7, 8]
Verified OR lbs (first 10 items): [[inf], [inf], [inf], [inf], [0.1702284812927246], [inf], [inf], [inf]]
Unverified OR indices (first 10 items): [5]
Unverified OR lbs (first 10 items): [[-0.671457052230835]]
###### Verifying property Instance 1 ######
Batch size: 1
First 10 spec matrices
C: tensor([[[ 0.,  0.,  1.,  0.,  0.,  0., -1.,  0.,  0.,  0.]]], device='cuda:0')
RHS: tensor([[0.]], device='cuda:0')
OR spec sizes: tensor([1], device='cuda:0', dtype=torch.int32)
Remaining timeout: 54.31844782829285
Model prediction is: tensor([ 2.39697909, -3.40589261,  8.44154739,  1.25479317, -4.92703009,
         3.14737725,  4.14441681, -6.58302593,  1.36930418, -7.11728144],
       device='cuda:0')
Activation BaB batch 1/1 
build_with_refined_bounds batch [1/1]
Optimizable variables initialized.
all alpha initialized
directly get lb and ub from refined bounds
c shape: torch.Size([1, 1, 10])
lA shapes: [torch.Size([1, 1, 8, 28, 28]), torch.Size([1, 1, 8, 28, 28]), torch.Size([1, 1, 64])]
(alpha-)CROWN with fixed intermediate bounds: tensor([[-0.67145705]], device='cuda:0') tensor([[inf]], device='cuda:0')
Intermediate layers: /input,/26,/input-8
Keeping alphas for these layers: ['/42']
Node /input-4 input 0: size torch.Size([8, 28, 28]) unstable 1446
Node /27 input 0: size torch.Size([8, 28, 28]) unstable 1801
Node /41 input 0: size torch.Size([64]) unstable 5
-----------------
# of unstable neurons: 3252
-----------------

BaB round 1
batch: 1
splitting decisions: 
split level 0: [/input-8, 36] 
split level 1: [/input-8, 14] 
split level 2: [/input-8, 53] 
split level 3: [/input-8, 28] 
split level 4: [/input, 5835] 
split level 5: [/input, 4211] 
split level 6: [/input, 2947] 
best_l after optimization: -0.43209749460220337
beta sum per layer: [8.222500801086426, 0.0, 0.017444750294089317]
alpha/beta optimization time: 0.2760627269744873
pruning_in_iteration open status: True
ratio of positive domain = 119 / 128 = 0.9296875
pruning-in-iteration extra time: 0.005618095397949219
Time: get_branching_decision.update_bounds 0.0573    pickout 0.0012    branching_decision 0.0001    decision 0.0001    set_bounds 0.0084    prepare 0.0020    transfer 0.0000    finalize 0.0010    func 0.3251    
Accumulated time: get_branching_decision.update_bounds 0.0573    bab_iteration 0.0000    pickout 0.0012    decision 0.0001    branching_decision 0.0001    set_bounds 0.0084    solve 0.0000    func 0.3251    prepare 0.0020    transfer 0.0000    finalize 0.0010    
max lb 9.999999747378752e-05 min lb -0.09250760078430176
Number of Verified Splits: 119 of 128
Current worst splitting domains lb-rhs (depth):
-0.09251 (7), -0.07601 (7), -0.06109 (7), -0.06018 (7), -0.04952 (7), -0.04291 (7), -0.02986 (7), -0.01829 (7), -0.01360 (7), 
Current (lb-rhs): -0.09250760078430176
128 domains visited
Length of domains: 9
Cumulative time: 0.5060696601867676

BaB round 2
batch: 9
splitting decisions: 
split level 0: [/input, 5834] [/input, 5834] [/input, 5834] [/input, 5834] [/input, 5834] [/input, 5834] [/input, 5834] [/input, 5834] [/input, 5834] 
split level 1: [/input, 3993] [/input, 3993] [/input, 3993] [/input, 3993] [/input, 3993] [/input, 3993] [/input, 3993] [/input, 3993] [/input, 4293] 
split level 2: [/input, 3429] [/input, 3429] [/input, 3429] [/input, 3429] [/input, 3429] [/input, 3429] [/input, 3429] [/input, 3429] [/input, 3993] 
split level 3: [/26, 3182] [/26, 3182] [/26, 3182] [/26, 3182] [/26, 3182] [/26, 3182] [/26, 3182] [/26, 3182] [/input, 5561] 
best_l after optimization: -0.929905891418457
beta sum per layer: [143.10977172851562, 0.5624828934669495, 0.2578985095024109]
alpha/beta optimization time: 0.22278380393981934
pruning_in_iteration open status: True
ratio of positive domain = 110 / 144 = 0.7638888888888888
pruning-in-iteration extra time: 0.005438566207885742
Time: get_branching_decision.update_bounds 0.0573    pickout 0.0032    branching_decision 0.0001    decision 0.0001    set_bounds 0.0073    prepare 0.0040    transfer 0.0000    finalize 0.0189    func 0.2693    solve 0.3252    add 0.0661    bab_iteration 0.4117    
Accumulated time: get_branching_decision.update_bounds 0.0573    bab_iteration 0.4117    pickout 0.0044    decision 0.0002    branching_decision 0.0002    set_bounds 0.0157    solve 0.3252    func 0.5944    prepare 0.0060    transfer 0.0001    finalize 0.0198    add 0.0661    
max lb 9.999999747378752e-05 min lb -0.08228802680969238
Number of Verified Splits: 110 of 144
Current worst splitting domains lb-rhs (depth):
-0.08229 (11), -0.06695 (11), -0.06486 (11), -0.05868 (11), -0.05076 (11), -0.04960 (11), -0.04957 (11), -0.04719 (11), -0.04379 (11), -0.03578 (11), -0.03540 (11), -0.03448 (11), -0.03420 (11), -0.03229 (11), -0.03210 (11), -0.02599 (11), -0.02195 (11), -0.02040 (11), -0.02009 (11), -0.01959 (11), 
Current (lb-rhs): -0.08228802680969238
272 domains visited
Length of domains: 34
Cumulative time: 0.9350922107696533

BaB round 3
batch: 34
splitting decisions: 
split level 0: [/input, 4293] [/input, 4293] [/input, 4293] [/input, 4293] [/input, 4293] [/input, 4293] [/input, 4293] [/input, 4293] [/input, 4293] [/input, 4293] 
split level 1: [/input, 3374] [/input, 3374] [/input, 3374] [/input, 3374] [/input, 3374] [/input, 3374] [/input, 3374] [/input, 3374] [/input, 3374] [/input, 3374] 
best_l after optimization: -2.5173959732055664
beta sum per layer: [184.94290161132812, 0.0, 0.0]
alpha/beta optimization time: 0.19601035118103027
pruning_in_iteration open status: True
ratio of positive domain = 36 / 136 = 0.2647058823529411
pruning-in-iteration extra time: 0.004289865493774414
Time: get_branching_decision.update_bounds 0.0573    pickout 0.0270    branching_decision 0.0001    decision 0.0001    set_bounds 0.0045    prepare 0.0038    transfer 0.0000    finalize 0.0225    func 0.2490    solve 0.2693    add 0.1383    bab_iteration 0.4290    
Accumulated time: get_branching_decision.update_bounds 0.0573    bab_iteration 0.8407    pickout 0.0314    decision 0.0003    branching_decision 0.0003    set_bounds 0.0202    solve 0.5945    func 0.8434    prepare 0.0098    transfer 0.0001    finalize 0.0424    add 0.2045    
max lb 9.999999747378752e-05 min lb -0.07632303237915039
Number of Verified Splits: 36 of 136
Current worst splitting domains lb-rhs (depth):
-0.07632 (13), -0.07179 (13), -0.07139 (13), -0.06686 (13), -0.06101 (13), -0.05883 (13), -0.05650 (13), -0.05600 (13), -0.05430 (13), -0.05390 (13), -0.05211 (13), -0.05150 (13), -0.04937 (13), -0.04917 (13), -0.04718 (13), -0.04424 (13), -0.04414 (13), -0.04351 (13), -0.04333 (13), -0.04016 (13), 
Current (lb-rhs): -0.07632303237915039
408 domains visited
Length of domains: 100
Cumulative time: 1.282674789428711

BaB round 4
batch: 100
splitting decisions: 
split level 0: [/input, 4965] [/input, 4965] [/input, 4965] [/input, 4965] [/input, 4965] [/input, 4965] [/input, 4965] [/input, 4965] [/input, 4965] [/input, 4965] 
best_l after optimization: -3.3964502811431885
beta sum per layer: [281.5430908203125, 0.0, 0.0]
alpha/beta optimization time: 0.1646716594696045
pruning_in_iteration open status: True
ratio of positive domain = 47 / 200 = 0.235
pruning-in-iteration extra time: 0.0012657642364501953
Time: get_branching_decision.update_bounds 0.0573    pickout 0.0118    branching_decision 0.0001    decision 0.0001    set_bounds 0.0049    prepare 0.0054    transfer 0.0000    finalize 0.0086    func 0.2106    solve 0.2490    add 0.0668    bab_iteration 0.3476    
Accumulated time: get_branching_decision.update_bounds 0.0573    bab_iteration 1.1883    pickout 0.0432    decision 0.0005    branching_decision 0.0004    set_bounds 0.0251    solve 0.8436    func 1.0540    prepare 0.0152    transfer 0.0002    finalize 0.0510    add 0.2713    
max lb 0.0003057718276977539 min lb -0.07160282135009766
Number of Verified Splits: 47 of 200
Current worst splitting domains lb-rhs (depth):
-0.07160 (14), -0.06681 (14), -0.06646 (14), -0.06245 (14), -0.06167 (14), -0.05758 (14), -0.05749 (14), -0.05629 (14), -0.05408 (14), -0.05269 (14), -0.05146 (14), -0.05123 (14), -0.04929 (14), -0.04894 (14), -0.04740 (14), -0.04728 (14), -0.04640 (14), -0.04507 (14), -0.04415 (14), -0.04408 (14), 
Current (lb-rhs): -0.07160282135009766
608 domains visited
Length of domains: 153
Cumulative time: 1.5120413303375244

BaB round 5
batch: 153
splitting decisions: 
split level 0: [/input, 3456] [/input, 3456] [/input, 3456] [/input, 3456] [/input, 3456] [/input, 3456] [/input, 3456] [/input, 3456] [/input, 3456] [/input, 3456] 
best_l after optimization: -3.455036163330078
beta sum per layer: [435.83660888671875, 0.0, 0.0]
alpha/beta optimization time: 0.2332150936126709
pruning_in_iteration open status: True
ratio of positive domain = 120 / 306 = 0.3921568627450981
pruning-in-iteration extra time: 0.0045070648193359375
Time: get_branching_decision.update_bounds 0.0573    pickout 0.0168    branching_decision 0.0001    decision 0.0001    set_bounds 0.0070    prepare 0.0078    transfer 0.0000    finalize 0.0101    func 0.2851    solve 0.2107    add 0.0017    bab_iteration 0.2294    
Accumulated time: get_branching_decision.update_bounds 0.0573    bab_iteration 1.4177    pickout 0.0601    decision 0.0006    branching_decision 0.0005    set_bounds 0.0321    solve 1.0542    func 1.3391    prepare 0.0230    transfer 0.0002    finalize 0.0611    add 0.2730    
max lb 9.999999747378752e-05 min lb -0.06741940975189209
Number of Verified Splits: 120 of 306
Current worst splitting domains lb-rhs (depth):
-0.06742 (15), -0.06258 (15), -0.06219 (15), -0.05806 (15), -0.05736 (15), -0.05327 (15), -0.05249 (15), -0.05200 (15), -0.05005 (15), -0.04765 (15), -0.04750 (15), -0.04685 (15), -0.04521 (15), -0.04482 (15), -0.04326 (15), -0.04236 (15), -0.04227 (15), -0.04055 (15), -0.04014 (15), -0.04009 (15), 
Current (lb-rhs): -0.06741940975189209
914 domains visited
Length of domains: 186
Cumulative time: 1.8232004642486572

BaB round 6
batch: 186
splitting decisions: 
split level 0: [/input, 5561] [/input, 5561] [/input, 5561] [/input, 5561] [/input, 5561] [/input, 5561] [/input, 5561] [/input, 5561] [/input, 5561] [/input, 5561] 
best_l after optimization: -3.374901294708252
beta sum per layer: [525.2066040039062, 0.0, 0.0]
alpha/beta optimization time: 0.21016287803649902
pruning_in_iteration open status: True
ratio of positive domain = 175 / 372 = 0.47043010752688175
pruning-in-iteration extra time: 0.004671573638916016
Time: get_branching_decision.update_bounds 0.0573    pickout 0.0197    branching_decision 0.0001    decision 0.0002    set_bounds 0.0086    prepare 0.0095    transfer 0.0000    finalize 0.0099    func 0.2634    solve 0.2852    add 0.0018    bab_iteration 0.3112    
Accumulated time: get_branching_decision.update_bounds 0.0573    bab_iteration 1.7288    pickout 0.0797    decision 0.0007    branching_decision 0.0006    set_bounds 0.0407    solve 1.3394    func 1.6025    prepare 0.0325    transfer 0.0003    finalize 0.0710    add 0.2748    
max lb 0.0004996061325073242 min lb -0.06509828567504883
Number of Verified Splits: 175 of 372
Current worst splitting domains lb-rhs (depth):
-0.06510 (16), -0.06055 (16), -0.05987 (16), -0.05563 (16), -0.05533 (16), -0.05079 (16), -0.05018 (16), -0.04826 (16), -0.04782 (16), -0.04568 (16), -0.04344 (16), -0.04304 (16), -0.04304 (16), -0.04234 (16), -0.04090 (16), -0.03866 (16), -0.03821 (16), -0.03814 (16), -0.03782 (16), -0.03753 (16), 
Current (lb-rhs): -0.06509828567504883
1286 domains visited
Length of domains: 197
Cumulative time: 2.116795778274536

BaB round 7
batch: 197
splitting decisions: 
split level 0: [/input, 2649] [/input, 2649] [/input, 2649] [/input, 2649] [/input, 2649] [/input, 2649] [/input, 2649] [/input, 2649] [/input, 2649] [/input, 2649] 
best_l after optimization: -4.001832962036133
beta sum per layer: [547.0159301757812, 0.0, 0.0]
alpha/beta optimization time: 0.20484638214111328
pruning_in_iteration open status: True
ratio of positive domain = 145 / 394 = 0.36802030456852797
pruning-in-iteration extra time: 0.0049896240234375
Time: get_branching_decision.update_bounds 0.0573    pickout 0.0206    branching_decision 0.0001    decision 0.0001    set_bounds 0.0089    prepare 0.0100    transfer 0.0001    finalize 0.0123    func 0.2688    solve 0.2634    add 0.0016    bab_iteration 0.2936    
Accumulated time: get_branching_decision.update_bounds 0.0573    bab_iteration 2.0224    pickout 0.1003    decision 0.0009    branching_decision 0.0007    set_bounds 0.0497    solve 1.6028    func 1.8713    prepare 0.0425    transfer 0.0003    finalize 0.0833    add 0.2763    
max lb 9.999999747378752e-05 min lb -0.06389665603637695
Number of Verified Splits: 145 of 394
Current worst splitting domains lb-rhs (depth):
-0.06390 (17), -0.05918 (17), -0.05863 (17), -0.05416 (17), -0.05408 (17), -0.04942 (17), -0.04913 (17), -0.04676 (17), -0.04646 (17), -0.04645 (17), -0.04427 (17), -0.04229 (17), -0.04177 (17), -0.04169 (17), -0.04160 (17), -0.04151 (17), -0.04120 (17), -0.03962 (17), -0.03712 (17), -0.03701 (17), 
Current (lb-rhs): -0.06389665603637695
1680 domains visited
Length of domains: 249
Cumulative time: 2.4174861907958984

BaB round 8
batch: 249
splitting decisions: 
split level 0: [/input, 2566] [/input, 2566] [/input, 2566] [/input, 2566] [/input, 2566] [/input, 2566] [/input, 2566] [/input, 2566] [/input, 2566] [/input, 2566] 
best_l after optimization: -4.053086280822754
beta sum per layer: [654.207763671875, 0.0, 0.0]
alpha/beta optimization time: 0.2204577922821045
pruning_in_iteration open status: True
ratio of positive domain = 234 / 498 = 0.4698795180722891
pruning-in-iteration extra time: 0.0051364898681640625
Time: get_branching_decision.update_bounds 0.0573    pickout 0.0257    branching_decision 0.0001    decision 0.0002    set_bounds 0.0115    prepare 0.0128    transfer 0.0001    finalize 0.0138    func 0.2893    solve 0.2689    add 0.0020    bab_iteration 0.3007    
Accumulated time: get_branching_decision.update_bounds 0.0573    bab_iteration 2.3231    pickout 0.1260    decision 0.0010    branching_decision 0.0009    set_bounds 0.0611    solve 1.8717    func 2.1606    prepare 0.0553    transfer 0.0004    finalize 0.0971    add 0.2783    
max lb 9.999999747378752e-05 min lb -0.06341910362243652
Number of Verified Splits: 234 of 498
Current worst splitting domains lb-rhs (depth):
-0.06342 (18), -0.05866 (18), -0.05817 (18), -0.05367 (18), -0.05335 (18), -0.04885 (18), -0.04843 (18), -0.04624 (18), -0.04587 (18), -0.04538 (18), -0.04360 (18), -0.04138 (18), -0.04121 (18), -0.04112 (18), -0.04075 (18), -0.04047 (18), -0.04026 (18), -0.03916 (18), -0.03659 (18), -0.03629 (18), 
Current (lb-rhs): -0.06341910362243652
2178 domains visited
Length of domains: 264
Cumulative time: 2.7467153072357178

BaB round 9
batch: 264
splitting decisions: 
split level 0: [/input, 5560] [/input, 5560] [/input, 5560] [/input, 5560] [/input, 5560] [/input, 5560] [/input, 5560] [/input, 5560] [/input, 5560] [/input, 5560] 
best_l after optimization: -5.092849254608154
beta sum per layer: [690.2439575195312, 0.0, 0.0]
alpha/beta optimization time: 0.21974515914916992
pruning_in_iteration open status: True
ratio of positive domain = 175 / 528 = 0.3314393939393939
pruning-in-iteration extra time: 0.0049512386322021484
Time: get_branching_decision.update_bounds 0.0573    pickout 0.0277    branching_decision 0.0002    decision 0.0002    set_bounds 0.0121    prepare 0.0133    transfer 0.0000    finalize 0.0186    func 0.3028    solve 0.2894    add 0.0022    bab_iteration 0.3292    
Accumulated time: get_branching_decision.update_bounds 0.0573    bab_iteration 2.6523    pickout 0.1538    decision 0.0012    branching_decision 0.0010    set_bounds 0.0733    solve 2.1611    func 2.4634    prepare 0.0686    transfer 0.0004    finalize 0.1157    add 0.2805    
max lb 9.999999747378752e-05 min lb -0.062232255935668945
Number of Verified Splits: 175 of 528
Current worst splitting domains lb-rhs (depth):
-0.06223 (19), -0.05745 (19), -0.05697 (19), -0.05249 (19), -0.05208 (19), -0.05001 (19), -0.04767 (19), -0.04727 (19), -0.04572 (19), -0.04565 (19), -0.04498 (19), -0.04471 (19), -0.04404 (19), -0.04243 (19), -0.04118 (19), -0.04075 (19), -0.04053 (19), -0.04037 (19), -0.04004 (19), -0.03943 (19), 
Current (lb-rhs): -0.062232255935668945
2706 domains visited
Length of domains: 353
Cumulative time: 3.0929148197174072

BaB round 10
batch: 353
splitting decisions: 
split level 0: [/26, 3450] [/26, 3450] [/26, 3450] [/26, 3450] [/26, 3450] [/26, 3450] [/26, 3450] [/26, 3450] [/26, 3450] [/26, 3450] 
best_l after optimization: -4.71320915222168
beta sum per layer: [871.9337158203125, 0.0, 0.0]
alpha/beta optimization time: 0.2176189422607422
pruning_in_iteration open status: True
ratio of positive domain = 377 / 706 = 0.5339943342776203
pruning-in-iteration extra time: 0.005609989166259766
Time: get_branching_decision.update_bounds 0.0573    pickout 0.0356    branching_decision 0.0002    decision 0.0002    set_bounds 0.0155    prepare 0.0176    transfer 0.0000    finalize 0.0161    func 0.2975    solve 0.3028    add 0.0030    bab_iteration 0.3462    
Accumulated time: get_branching_decision.update_bounds 0.0573    bab_iteration 2.9985    pickout 0.1894    decision 0.0014    branching_decision 0.0012    set_bounds 0.0887    solve 2.4639    func 2.7609    prepare 0.0863    transfer 0.0005    finalize 0.1317    add 0.2836    
max lb 9.999999747378752e-05 min lb -0.06142544746398926
Number of Verified Splits: 377 of 706
Current worst splitting domains lb-rhs (depth):
-0.06143 (20), -0.05662 (20), -0.05616 (20), -0.05172 (20), -0.05129 (20), -0.04921 (20), -0.04690 (20), -0.04651 (20), -0.04470 (20), -0.04448 (20), -0.04396 (20), -0.04392 (20), -0.04307 (20), -0.04167 (20), -0.04039 (20), -0.03940 (20), -0.03939 (20), -0.03929 (20), -0.03925 (20), -0.03864 (20), 
Current (lb-rhs): -0.06142544746398926
3412 domains visited
Length of domains: 329
Cumulative time: 3.4437973499298096

BaB round 11
batch: 329
splitting decisions: 
split level 0: [/26, 342] [/26, 342] [/26, 342] [/26, 342] [/26, 342] [/26, 342] [/26, 342] [/26, 342] [/26, 342] [/26, 342] 
best_l after optimization: -4.6053643226623535
beta sum per layer: [791.6687622070312, 0.0, 0.0]
alpha/beta optimization time: 0.20199966430664062
pruning_in_iteration open status: True
ratio of positive domain = 338 / 658 = 0.5136778115501519
pruning-in-iteration extra time: 0.005514860153198242
Time: get_branching_decision.update_bounds 0.0573    pickout 0.0336    branching_decision 0.0002    decision 0.0002    set_bounds 0.0158    prepare 0.0169    transfer 0.0001    finalize 0.0174    func 0.2847    solve 0.2976    add 0.0018    bab_iteration 0.3509    
Accumulated time: get_branching_decision.update_bounds 0.0573    bab_iteration 3.3494    pickout 0.2230    decision 0.0016    branching_decision 0.0014    set_bounds 0.1046    solve 2.7615    func 3.0456    prepare 0.1032    transfer 0.0006    finalize 0.1492    add 0.2854    
max lb 0.0001220703125 min lb -0.06119489669799805
Number of Verified Splits: 338 of 658
Current worst splitting domains lb-rhs (depth):
-0.06119 (21), -0.05631 (21), -0.05594 (21), -0.05149 (21), -0.05107 (21), -0.04887 (21), -0.04662 (21), -0.04629 (21), -0.04447 (21), -0.04425 (21), -0.04370 (21), -0.04368 (21), -0.04269 (21), -0.04145 (21), -0.03975 (21), -0.03918 (21), -0.03916 (21), -0.03907 (21), -0.03891 (21), -0.03842 (21), 
Current (lb-rhs): -0.06119489669799805
4070 domains visited
Length of domains: 320
Cumulative time: 3.780683755874634

BaB round 12
batch: 320
splitting decisions: 
split level 0: [/26, 3183] [/26, 3183] [/26, 3183] [/26, 3183] [/26, 3183] [/26, 3183] [/26, 3183] [/26, 3183] [/26, 3183] [/26, 3183] 
best_l after optimization: -4.381197452545166
beta sum per layer: [767.3153686523438, 0.0, 0.0]
alpha/beta optimization time: 0.20274686813354492
pruning_in_iteration open status: True
ratio of positive domain = 337 / 640 = 0.5265625
pruning-in-iteration extra time: 0.005620002746582031
Time: get_branching_decision.update_bounds 0.0573    pickout 0.0346    branching_decision 0.0002    decision 0.0002    set_bounds 0.0150    prepare 0.0164    transfer 0.0001    finalize 0.0150    func 0.2797    solve 0.2847    add 0.0022    bab_iteration 0.3369    
Accumulated time: get_branching_decision.update_bounds 0.0573    bab_iteration 3.6863    pickout 0.2576    decision 0.0018    branching_decision 0.0016    set_bounds 0.1195    solve 3.0462    func 3.3252    prepare 0.1196    transfer 0.0006    finalize 0.1642    add 0.2876    
max lb 9.999999747378752e-05 min lb -0.06054270267486572
Number of Verified Splits: 337 of 640
Current worst splitting domains lb-rhs (depth):
-0.06054 (22), -0.05567 (22), -0.05530 (22), -0.05082 (22), -0.05036 (22), -0.04819 (22), -0.04598 (22), -0.04565 (22), -0.04379 (22), -0.04354 (22), -0.04306 (22), -0.04303 (22), -0.04191 (22), -0.04081 (22), -0.03891 (22), -0.03854 (22), -0.03848 (22), -0.03843 (22), -0.03826 (22), -0.03778 (22), 
Current (lb-rhs): -0.06054270267486572
4710 domains visited
Length of domains: 303
Cumulative time: 4.1123833656311035

BaB round 13
batch: 303
splitting decisions: 
split level 0: [/26, 343] [/26, 343] [/26, 343] [/26, 343] [/26, 343] [/26, 343] [/26, 343] [/26, 343] [/26, 343] [/26, 343] 
best_l after optimization: -4.301433563232422
beta sum per layer: [716.8760375976562, 0.0, 0.0]
alpha/beta optimization time: 0.20158839225769043
pruning_in_iteration open status: True
ratio of positive domain = 307 / 606 = 0.5066006600660067
pruning-in-iteration extra time: 0.005504131317138672
Time: get_branching_decision.update_bounds 0.0573    pickout 0.0317    branching_decision 0.0002    decision 0.0002    set_bounds 0.0139    prepare 0.0153    transfer 0.0000    finalize 0.0147    func 0.2745    solve 0.2797    add 0.0019    bab_iteration 0.3317    
Accumulated time: get_branching_decision.update_bounds 0.0573    bab_iteration 4.0180    pickout 0.2894    decision 0.0020    branching_decision 0.0017    set_bounds 0.1334    solve 3.3259    func 3.5998    prepare 0.1348    transfer 0.0007    finalize 0.1789    add 0.2896    
max lb 9.999999747378752e-05 min lb -0.06034982204437256
Number of Verified Splits: 307 of 606
Current worst splitting domains lb-rhs (depth):
-0.06035 (23), -0.05544 (23), -0.05512 (23), -0.05064 (23), -0.05014 (23), -0.04804 (23), -0.04580 (23), -0.04547 (23), -0.04358 (23), -0.04318 (23), -0.04288 (23), -0.04285 (23), -0.04160 (23), -0.04063 (23), -0.03872 (23), -0.03836 (23), -0.03826 (23), -0.03825 (23), -0.03794 (23), -0.03760 (23), 
Current (lb-rhs): -0.06034982204437256
5316 domains visited
Length of domains: 299
Cumulative time: 4.434966564178467

BaB round 14
batch: 299
splitting decisions: 
split level 0: [/input, 2471] [/input, 2471] [/input, 2471] [/input, 2471] [/input, 2471] [/input, 2471] [/input, 2471] [/input, 2471] [/input, 2471] [/input, 2471] 
best_l after optimization: -4.423519134521484
beta sum per layer: [722.7333374023438, 0.0, 0.0]
alpha/beta optimization time: 0.18978500366210938
pruning_in_iteration open status: True
ratio of positive domain = 275 / 598 = 0.459866220735786
pruning-in-iteration extra time: 0.004916667938232422
Time: get_branching_decision.update_bounds 0.0573    pickout 0.0308    branching_decision 0.0002    decision 0.0002    set_bounds 0.0140    prepare 0.0149    transfer 0.0001    finalize 0.0160    func 0.2663    solve 0.2746    add 0.0020    bab_iteration 0.3226    
Accumulated time: get_branching_decision.update_bounds 0.0573    bab_iteration 4.3406    pickout 0.3202    decision 0.0022    branching_decision 0.0019    set_bounds 0.1474    solve 3.6005    func 3.8661    prepare 0.1498    transfer 0.0007    finalize 0.1948    add 0.2916    
max lb 9.999999747378752e-05 min lb -0.05997633934020996
Number of Verified Splits: 275 of 598
Current worst splitting domains lb-rhs (depth):
-0.05998 (24), -0.05507 (24), -0.05471 (24), -0.05027 (24), -0.04977 (24), -0.04763 (24), -0.04543 (24), -0.04509 (24), -0.04317 (24), -0.04284 (24), -0.04251 (24), -0.04248 (24), -0.04102 (24), -0.04026 (24), -0.03835 (24), -0.03798 (24), -0.03788 (24), -0.03785 (24), -0.03757 (24), -0.03723 (24), 
Current (lb-rhs): -0.05997633934020996
5914 domains visited
Length of domains: 323
Cumulative time: 4.74895453453064

BaB round 15
batch: 323
splitting decisions: 
split level 0: [/input, 4993] [/input, 4993] [/input, 4993] [/input, 4993] [/input, 4993] [/input, 4993] [/input, 4993] [/input, 4993] [/input, 4993] [/input, 4993] 
best_l after optimization: -4.773065567016602
beta sum per layer: [820.5557861328125, 0.0, 0.0]
alpha/beta optimization time: 0.22921323776245117
pruning_in_iteration open status: True
ratio of positive domain = 274 / 646 = 0.4241486068111455
pruning-in-iteration extra time: 0.004700183868408203
Time: get_branching_decision.update_bounds 0.0573    pickout 0.0349    branching_decision 0.0002    decision 0.0002    set_bounds 0.0148    prepare 0.0163    transfer 0.0001    finalize 0.0185    func 0.3167    solve 0.2664    add 0.0022    bab_iteration 0.3140    
Accumulated time: get_branching_decision.update_bounds 0.0573    bab_iteration 4.6546    pickout 0.3550    decision 0.0023    branching_decision 0.0021    set_bounds 0.1622    solve 3.8669    func 4.1828    prepare 0.1660    transfer 0.0008    finalize 0.2133    add 0.2938    
max lb 0.00010442733764648438 min lb -0.05835366249084473
Number of Verified Splits: 274 of 646
Current worst splitting domains lb-rhs (depth):
-0.05835 (25), -0.05345 (25), -0.05305 (25), -0.04916 (25), -0.04815 (25), -0.04598 (25), -0.04425 (25), -0.04393 (25), -0.04151 (25), -0.04113 (25), -0.04089 (25), -0.04086 (25), -0.03934 (25), -0.03904 (25), -0.03674 (25), -0.03673 (25), -0.03637 (25), -0.03626 (25), -0.03617 (25), -0.03595 (25), 
Current (lb-rhs): -0.05835366249084473
6560 domains visited
Length of domains: 372
Cumulative time: 5.1198766231536865

BaB round 16
batch: 372
splitting decisions: 
split level 0: [/input, 5889] [/input, 5889] [/input, 5889] [/input, 5889] [/input, 5889] [/input, 5889] [/input, 5889] [/input, 5889] [/input, 5889] [/input, 5889] 
best_l after optimization: -7.144659042358398
beta sum per layer: [1028.35546875, 0.0, 0.0]
alpha/beta optimization time: 0.19024872779846191
pruning_in_iteration open status: True
ratio of positive domain = 170 / 744 = 0.228494623655914
pruning-in-iteration extra time: 0.0026175975799560547
Time: get_branching_decision.update_bounds 0.0573    pickout 0.0391    branching_decision 0.0002    decision 0.0003    set_bounds 0.0174    prepare 0.0187    transfer 0.0001    finalize 0.0310    func 0.3160    solve 0.3168    add 0.0040    bab_iteration 0.3709    
Accumulated time: get_branching_decision.update_bounds 0.0573    bab_iteration 5.0255    pickout 0.3941    decision 0.0026    branching_decision 0.0023    set_bounds 0.1796    solve 4.1836    func 4.4988    prepare 0.1848    transfer 0.0009    finalize 0.2443    add 0.2978    
max lb 0.00015211105346679688 min lb -0.056058406829833984
Number of Verified Splits: 170 of 744
Current worst splitting domains lb-rhs (depth):
-0.05606 (26), -0.05406 (26), -0.05109 (26), -0.05076 (26), -0.04978 (26), -0.04885 (26), -0.04686 (26), -0.04586 (26), -0.04511 (26), -0.04470 (26), -0.04351 (26), -0.04196 (26), -0.04184 (26), -0.04164 (26), -0.04073 (26), -0.03996 (26), -0.03920 (26), -0.03884 (26), -0.03860 (26), -0.03857 (26), 
Current (lb-rhs): -0.056058406829833984
7304 domains visited
Length of domains: 574
Cumulative time: 5.496695041656494

BaB round 17
batch: 574
splitting decisions: 
split level 0: [/26, 316] [/26, 316] [/26, 316] [/26, 316] [/26, 316] [/26, 316] [/26, 316] [/26, 316] [/26, 316] [/26, 316] 
best_l after optimization: -6.804244518280029
beta sum per layer: [1526.7845458984375, 0.0, 0.0]
alpha/beta optimization time: 0.23383140563964844
pruning_in_iteration open status: True
ratio of positive domain = 596 / 1148 = 0.519163763066202
pruning-in-iteration extra time: 0.005611419677734375
Time: get_branching_decision.update_bounds 0.0573    pickout 0.0592    branching_decision 0.0002    decision 0.0002    set_bounds 0.0249    prepare 0.0288    transfer 0.0001    finalize 0.0297    func 0.3656    solve 0.3160    add 0.0038    bab_iteration 0.3768    
Accumulated time: get_branching_decision.update_bounds 0.0573    bab_iteration 5.4023    pickout 0.4533    decision 0.0028    branching_decision 0.0025    set_bounds 0.2045    solve 4.4996    func 4.8643    prepare 0.2135    transfer 0.0009    finalize 0.2740    add 0.3016    
max lb 0.0002143383026123047 min lb -0.055826425552368164
Number of Verified Splits: 596 of 1148
Current worst splitting domains lb-rhs (depth):
-0.05583 (27), -0.05383 (27), -0.05086 (27), -0.05053 (27), -0.04964 (27), -0.04862 (27), -0.04665 (27), -0.04563 (27), -0.04484 (27), -0.04446 (27), -0.04328 (27), -0.04171 (27), -0.04155 (27), -0.04143 (27), -0.04045 (27), -0.03967 (27), -0.03894 (27), -0.03861 (27), -0.03837 (27), -0.03834 (27), 
Current (lb-rhs): -0.055826425552368164
8452 domains visited
Length of domains: 552
Cumulative time: 5.9510498046875

BaB round 18
batch: 552
splitting decisions: 
split level 0: [/input, 5780] [/input, 5780] [/input, 5780] [/input, 5780] [/input, 5780] [/input, 5780] [/input, 5780] [/input, 5780] [/input, 5780] [/input, 5780] 
best_l after optimization: -7.085916996002197
beta sum per layer: [1527.14990234375, 0.0, 0.0]
alpha/beta optimization time: 0.24071836471557617
pruning_in_iteration open status: True
ratio of positive domain = 488 / 1104 = 0.44202898550724634
pruning-in-iteration extra time: 0.004845380783081055
Time: get_branching_decision.update_bounds 0.0573    pickout 0.0583    branching_decision 0.0003    decision 0.0003    set_bounds 0.0262    prepare 0.0291    transfer 0.0001    finalize 0.0361    func 0.3877    solve 0.3656    add 0.0040    bab_iteration 0.4543    
Accumulated time: get_branching_decision.update_bounds 0.0573    bab_iteration 5.8566    pickout 0.5116    decision 0.0031    branching_decision 0.0028    set_bounds 0.2307    solve 4.8652    func 5.2521    prepare 0.2427    transfer 0.0010    finalize 0.3100    add 0.3056    
max lb 0.0001556873321533203 min lb -0.05439889430999756
Number of Verified Splits: 488 of 1104
Current worst splitting domains lb-rhs (depth):
-0.05440 (28), -0.05240 (28), -0.04943 (28), -0.04910 (28), -0.04821 (28), -0.04719 (28), -0.04522 (28), -0.04420 (28), -0.04325 (28), -0.04304 (28), -0.04185 (28), -0.04026 (28), -0.04013 (28), -0.04001 (28), -0.03905 (28), -0.03824 (28), -0.03748 (28), -0.03718 (28), -0.03691 (28), -0.03624 (28), 
Current (lb-rhs): -0.05439889430999756
9556 domains visited
Length of domains: 616
Cumulative time: 6.428163766860962

BaB round 19
batch: 616
splitting decisions: 
split level 0: [/26, 3181] [/26, 3181] [/26, 3181] [/26, 3181] [/26, 3181] [/26, 3181] [/26, 3181] [/26, 3181] [/26, 3181] [/26, 3181] 
best_l after optimization: -6.554752349853516
beta sum per layer: [1608.762939453125, 0.0, 0.0]
alpha/beta optimization time: 0.21912050247192383
pruning_in_iteration open status: True
ratio of positive domain = 651 / 1232 = 0.5284090909090908
pruning-in-iteration extra time: 0.005564451217651367
Time: get_branching_decision.update_bounds 0.0573    pickout 0.0632    branching_decision 0.0003    decision 0.0003    set_bounds 0.0276    prepare 0.0325    transfer 0.0001    finalize 0.0281    func 0.5270    solve 0.3878    add 0.0041    bab_iteration 0.4771    
Accumulated time: get_branching_decision.update_bounds 0.0573    bab_iteration 6.3337    pickout 0.5748    decision 0.0034    branching_decision 0.0031    set_bounds 0.2583    solve 5.2531    func 5.7791    prepare 0.2752    transfer 0.0011    finalize 0.3382    add 0.3097    
max lb 9.999999747378752e-05 min lb -0.05385184288024902
Number of Verified Splits: 651 of 1232
Current worst splitting domains lb-rhs (depth):
-0.05385 (29), -0.05186 (29), -0.04889 (29), -0.04855 (29), -0.04767 (29), -0.04665 (29), -0.04468 (29), -0.04366 (29), -0.04271 (29), -0.04249 (29), -0.04125 (29), -0.03968 (29), -0.03953 (29), -0.03946 (29), -0.03850 (29), -0.03743 (29), -0.03685 (29), -0.03658 (29), -0.03632 (29), -0.03570 (29), 
Current (lb-rhs): -0.05385184288024902
10788 domains visited
Length of domains: 581
Cumulative time: 7.049676418304443

BaB round 20
batch: 581
splitting decisions: 
split level 0: [/26, 3422] [/26, 3422] [/26, 3422] [/26, 3422] [/26, 3422] [/26, 3422] [/26, 3422] [/26, 3422] [/26, 3422] [/26, 3422] 
best_l after optimization: -6.208830833435059
beta sum per layer: [1509.4423828125, 0.0, 0.0]
alpha/beta optimization time: 0.2160959243774414
pruning_in_iteration open status: True
ratio of positive domain = 614 / 1162 = 0.5283993115318417
pruning-in-iteration extra time: 0.005463838577270508
Time: get_branching_decision.update_bounds 0.0573    pickout 0.0636    branching_decision 0.0003    decision 0.0003    set_bounds 0.0282    prepare 0.0299    transfer 0.0001    finalize 0.0308    func 0.3500    solve 0.5270    add 0.0030    bab_iteration 0.6215    
Accumulated time: get_branching_decision.update_bounds 0.0573    bab_iteration 6.9553    pickout 0.6384    decision 0.0038    branching_decision 0.0034    set_bounds 0.2865    solve 5.7801    func 6.1291    prepare 0.3051    transfer 0.0011    finalize 0.3689    add 0.3128    
max lb 9.999999747378752e-05 min lb -0.05325424671173096
Number of Verified Splits: 614 of 1162
Current worst splitting domains lb-rhs (depth):
-0.05325 (30), -0.05126 (30), -0.04829 (30), -0.04796 (30), -0.04707 (30), -0.04605 (30), -0.04414 (30), -0.04306 (30), -0.04218 (30), -0.04190 (30), -0.04065 (30), -0.03916 (30), -0.03893 (30), -0.03893 (30), -0.03800 (30), -0.03690 (30), -0.03621 (30), -0.03598 (30), -0.03572 (30), -0.03511 (30), 
Current (lb-rhs): -0.05325424671173096
11950 domains visited
Length of domains: 548
Cumulative time: 7.497146368026733

BaB round 21
batch: 548
splitting decisions: 
split level 0: [/26, 3449] [/26, 3449] [/26, 3449] [/26, 3449] [/26, 3449] [/26, 3449] [/26, 3449] [/26, 3449] [/26, 3449] [/26, 3449] 
best_l after optimization: -5.741949081420898
beta sum per layer: [1406.1109619140625, 0.0, 0.0]
alpha/beta optimization time: 0.21079587936401367
pruning_in_iteration open status: True
ratio of positive domain = 584 / 1096 = 0.5328467153284672
pruning-in-iteration extra time: 0.005652427673339844
Time: get_branching_decision.update_bounds 0.0573    pickout 0.0591    branching_decision 0.0003    decision 0.0003    set_bounds 0.0250    prepare 0.0275    transfer 0.0001    finalize 0.0273    func 0.3342    solve 0.3501    add 0.0041    bab_iteration 0.4474    
Accumulated time: get_branching_decision.update_bounds 0.0573    bab_iteration 7.4027    pickout 0.6975    decision 0.0041    branching_decision 0.0037    set_bounds 0.3115    solve 6.1302    func 6.4633    prepare 0.3326    transfer 0.0012    finalize 0.3963    add 0.3168    
max lb 9.999999747378752e-05 min lb -0.052381038665771484
Number of Verified Splits: 584 of 1096
Current worst splitting domains lb-rhs (depth):
-0.05238 (31), -0.05039 (31), -0.04742 (31), -0.04709 (31), -0.04621 (31), -0.04519 (31), -0.04327 (31), -0.04219 (31), -0.04131 (31), -0.04103 (31), -0.03979 (31), -0.03829 (31), -0.03807 (31), -0.03806 (31), -0.03713 (31), -0.03603 (31), -0.03531 (31), -0.03511 (31), -0.03485 (31), -0.03424 (31), 
Current (lb-rhs): -0.052381038665771484
13046 domains visited
Length of domains: 512
Cumulative time: 7.919862270355225

BaB round 22
batch: 512
splitting decisions: 
split level 0: [/input, 5018] [/input, 5018] [/input, 5018] [/input, 5018] [/input, 5018] [/input, 5018] [/input, 5018] [/input, 5018] [/input, 5018] [/input, 5018] 
best_l after optimization: -5.855586051940918
beta sum per layer: [1341.1910400390625, 0.0, 0.0]
alpha/beta optimization time: 0.21187591552734375
pruning_in_iteration open status: True
ratio of positive domain = 485 / 1024 = 0.4736328125
pruning-in-iteration extra time: 0.005271434783935547
Time: get_branching_decision.update_bounds 0.0573    pickout 0.0552    branching_decision 0.0003    decision 0.0003    set_bounds 0.0253    prepare 0.0267    transfer 0.0001    finalize 0.0261    func 0.3372    solve 0.3343    add 0.0037    bab_iteration 0.4227    
Accumulated time: get_branching_decision.update_bounds 0.0573    bab_iteration 7.8254    pickout 0.7528    decision 0.0044    branching_decision 0.0039    set_bounds 0.3368    solve 6.4645    func 6.8005    prepare 0.3593    transfer 0.0012    finalize 0.4224    add 0.3205    
max lb 9.999999747378752e-05 min lb -0.05081748962402344
Number of Verified Splits: 485 of 1024
Current worst splitting domains lb-rhs (depth):
-0.05082 (32), -0.04883 (32), -0.04586 (32), -0.04553 (32), -0.04464 (32), -0.04362 (32), -0.04171 (32), -0.04063 (32), -0.03975 (32), -0.03947 (32), -0.03822 (32), -0.03673 (32), -0.03650 (32), -0.03650 (32), -0.03557 (32), -0.03447 (32), -0.03375 (32), -0.03355 (32), -0.03329 (32), -0.03267 (32), 
Current (lb-rhs): -0.05081748962402344
14070 domains visited
Length of domains: 539
Cumulative time: 8.340914964675903

BaB round 23
batch: 539
splitting decisions: 
split level 0: [/26, 2590] [/26, 2590] [/26, 2590] [/26, 2590] [/26, 2590] [/26, 2590] [/26, 2590] [/26, 2590] [/26, 2590] [/26, 2590] 
best_l after optimization: -6.347805023193359
beta sum per layer: [1320.346435546875, 53.588966369628906, 0.0]
alpha/beta optimization time: 0.22073721885681152
pruning_in_iteration open status: True
ratio of positive domain = 465 / 1078 = 0.4313543599257885
pruning-in-iteration extra time: 0.005074024200439453
Time: get_branching_decision.update_bounds 0.0573    pickout 0.0556    branching_decision 0.0002    decision 0.0002    set_bounds 0.0243    prepare 0.0273    transfer 0.0001    finalize 0.0300    func 0.3609    solve 0.3372    add 0.0027    bab_iteration 0.4210    
Accumulated time: get_branching_decision.update_bounds 0.0573    bab_iteration 8.2464    pickout 0.8083    decision 0.0046    branching_decision 0.0042    set_bounds 0.3611    solve 6.8017    func 7.1614    prepare 0.3866    transfer 0.0013    finalize 0.4524    add 0.3232    
max lb 0.0001823902130126953 min lb -0.04957711696624756
Number of Verified Splits: 465 of 1078
Current worst splitting domains lb-rhs (depth):
-0.04958 (33), -0.04759 (33), -0.04462 (33), -0.04393 (33), -0.04340 (33), -0.04194 (33), -0.04047 (33), -0.03910 (33), -0.03851 (33), -0.03783 (33), -0.03698 (33), -0.03548 (33), -0.03526 (33), -0.03499 (33), -0.03433 (33), -0.03284 (33), -0.03279 (33), -0.03268 (33), -0.03251 (33), -0.03231 (33), 
Current (lb-rhs): -0.04957711696624756
15148 domains visited
Length of domains: 613
Cumulative time: 8.786674976348877

BaB round 24
batch: 613
splitting decisions: 
split level 0: [/input, 5019] [/input, 5019] [/input, 5019] [/input, 5019] [/input, 5019] [/input, 5019] [/input, 5019] [/input, 5019] [/input, 5019] [/input, 5019] 
best_l after optimization: -5.89472770690918
beta sum per layer: [1430.305908203125, 108.25079345703125, 0.0]
alpha/beta optimization time: 0.24576735496520996
pruning_in_iteration open status: True
ratio of positive domain = 621 / 1226 = 0.5065252854812399
pruning-in-iteration extra time: 0.005651950836181641
Time: get_branching_decision.update_bounds 0.0573    pickout 0.0657    branching_decision 0.0003    decision 0.0003    set_bounds 0.0276    prepare 0.0310    transfer 0.0001    finalize 0.0337    func 0.3911    solve 0.3610    add 0.0044    bab_iteration 0.4458    
Accumulated time: get_branching_decision.update_bounds 0.0573    bab_iteration 8.6922    pickout 0.8740    decision 0.0049    branching_decision 0.0044    set_bounds 0.3887    solve 7.1626    func 7.5525    prepare 0.4176    transfer 0.0014    finalize 0.4861    add 0.3276    
max lb 0.00031626224517822266 min lb -0.048039913177490234
Number of Verified Splits: 621 of 1226
Current worst splitting domains lb-rhs (depth):
-0.04804 (34), -0.04605 (34), -0.04308 (34), -0.04238 (34), -0.04187 (34), -0.04040 (34), -0.03893 (34), -0.03735 (34), -0.03697 (34), -0.03630 (34), -0.03544 (34), -0.03395 (34), -0.03372 (34), -0.03338 (34), -0.03279 (34), -0.03125 (34), -0.03097 (34), -0.03077 (34), -0.03007 (34), -0.02994 (34), 
Current (lb-rhs): -0.048039913177490234
16374 domains visited
Length of domains: 605
Cumulative time: 9.275363445281982

BaB round 25
batch: 605
splitting decisions: 
split level 0: [/input, 2881] [/input, 2881] [/input, 2881] [/input, 2881] [/input, 2881] [/input, 2881] [/input, 2881] [/input, 2881] [/input, 2881] [/input, 2881] 
best_l after optimization: -5.490744590759277
beta sum per layer: [1293.9185791015625, 122.91790008544922, 0.0]
alpha/beta optimization time: 0.21999692916870117
pruning_in_iteration open status: True
ratio of positive domain = 641 / 1210 = 0.5297520661157025
pruning-in-iteration extra time: 0.0055162906646728516
Time: get_branching_decision.update_bounds 0.0573    pickout 0.0655    branching_decision 0.0003    decision 0.0004    set_bounds 0.0293    prepare 0.0322    transfer 0.0001    finalize 0.0279    func 0.3561    solve 0.3912    add 0.0037    bab_iteration 0.4887    
Accumulated time: get_branching_decision.update_bounds 0.0573    bab_iteration 9.1809    pickout 0.9395    decision 0.0052    branching_decision 0.0047    set_bounds 0.4180    solve 7.5538    func 7.9086    prepare 0.4498    transfer 0.0015    finalize 0.5140    add 0.3312    
max lb 0.00011622905731201172 min lb -0.04772746562957764
Number of Verified Splits: 641 of 1210
Current worst splitting domains lb-rhs (depth):
-0.04773 (35), -0.04574 (35), -0.04277 (35), -0.04204 (35), -0.04155 (35), -0.04009 (35), -0.03861 (35), -0.03704 (35), -0.03666 (35), -0.03598 (35), -0.03513 (35), -0.03363 (35), -0.03341 (35), -0.03305 (35), -0.03248 (35), -0.03094 (35), -0.03066 (35), -0.03046 (35), -0.02976 (35), -0.02962 (35), 
Current (lb-rhs): -0.04772746562957764
17584 domains visited
Length of domains: 569
Cumulative time: 9.729862213134766

BaB round 26
batch: 569
splitting decisions: 
split level 0: [/26, 5830] [/26, 5830] [/26, 5830] [/26, 5830] [/26, 5830] [/26, 5830] [/26, 5830] [/26, 5830] [/26, 5830] [/26, 5830] 
best_l after optimization: -5.196532249450684
beta sum per layer: [1204.698486328125, 106.70562744140625, 0.0]
alpha/beta optimization time: 0.2017524242401123
pruning_in_iteration open status: True
ratio of positive domain = 595 / 1138 = 0.5228471001757469
pruning-in-iteration extra time: 0.0054819583892822266
Time: get_branching_decision.update_bounds 0.0573    pickout 0.0617    branching_decision 0.0003    decision 0.0004    set_bounds 0.0284    prepare 0.0298    transfer 0.0001    finalize 0.0309    func 0.3369    solve 0.3561    add 0.0028    bab_iteration 0.4545    
Accumulated time: get_branching_decision.update_bounds 0.0573    bab_iteration 9.6354    pickout 1.0012    decision 0.0056    branching_decision 0.0050    set_bounds 0.4464    solve 7.9099    func 8.2455    prepare 0.4796    transfer 0.0015    finalize 0.5450    add 0.3341    
max lb 9.999999747378752e-05 min lb -0.047190189361572266
Number of Verified Splits: 595 of 1138
Current worst splitting domains lb-rhs (depth):
-0.04719 (36), -0.04520 (36), -0.04223 (36), -0.04149 (36), -0.04100 (36), -0.03955 (36), -0.03807 (36), -0.03646 (36), -0.03612 (36), -0.03545 (36), -0.03459 (36), -0.03310 (36), -0.03287 (36), -0.03249 (36), -0.03186 (36), -0.03040 (36), -0.03012 (36), -0.02992 (36), -0.02922 (36), -0.02911 (36), 
Current (lb-rhs): -0.047190189361572266
18722 domains visited
Length of domains: 543
Cumulative time: 10.160958290100098

BaB round 27
batch: 543
splitting decisions: 
split level 0: [/26, 3478] [/26, 3478] [/26, 3478] [/26, 3478] [/26, 3478] [/26, 3478] [/26, 3478] [/26, 3478] [/26, 3478] [/26, 3478] 
best_l after optimization: -4.860350608825684
beta sum per layer: [1129.852294921875, 103.03958129882812, 0.0]
alpha/beta optimization time: 0.19862794876098633
pruning_in_iteration open status: True
ratio of positive domain = 580 / 1086 = 0.5340699815837937
pruning-in-iteration extra time: 0.005567073822021484
Time: get_branching_decision.update_bounds 0.0573    pickout 0.0572    branching_decision 0.0003    decision 0.0003    set_bounds 0.0247    prepare 0.0277    transfer 0.0001    finalize 0.0292    func 0.3239    solve 0.3370    add 0.0034    bab_iteration 0.4311    
Accumulated time: get_branching_decision.update_bounds 0.0573    bab_iteration 10.0664    pickout 1.0585    decision 0.0059    branching_decision 0.0053    set_bounds 0.4711    solve 8.2469    func 8.5694    prepare 0.5073    transfer 0.0016    finalize 0.5742    add 0.3375    
max lb 9.999999747378752e-05 min lb -0.046550750732421875
Number of Verified Splits: 580 of 1086
Current worst splitting domains lb-rhs (depth):
-0.04655 (37), -0.04456 (37), -0.04152 (37), -0.04083 (37), -0.04027 (37), -0.03892 (37), -0.03744 (37), -0.03581 (37), -0.03548 (37), -0.03481 (37), -0.03395 (37), -0.03243 (37), -0.03223 (37), -0.03178 (37), -0.03105 (37), -0.02976 (37), -0.02948 (37), -0.02928 (37), -0.02858 (37), -0.02842 (37), 
Current (lb-rhs): -0.046550750732421875
19808 domains visited
Length of domains: 506
Cumulative time: 10.571511507034302

BaB round 28
batch: 506
splitting decisions: 
split level 0: [/input, 5021] [/input, 5021] [/input, 5021] [/input, 5021] [/input, 5021] [/input, 5021] [/input, 5021] [/input, 5021] [/input, 5021] [/input, 5021] 
best_l after optimization: -4.3744916915893555
beta sum per layer: [1071.402099609375, 97.22236633300781, 0.0]
alpha/beta optimization time: 0.2426607608795166
pruning_in_iteration open status: True
ratio of positive domain = 541 / 1012 = 0.5345849802371542
pruning-in-iteration extra time: 0.005532741546630859
Time: get_branching_decision.update_bounds 0.0573    pickout 0.2308    branching_decision 0.0003    decision 0.0003    set_bounds 0.0242    prepare 0.0283    transfer 0.0001    finalize 0.0260    func 0.3638    solve 0.3240    add 0.0040    bab_iteration 0.4105    
Accumulated time: get_branching_decision.update_bounds 0.0573    bab_iteration 10.4770    pickout 1.2893    decision 0.0061    branching_decision 0.0055    set_bounds 0.4953    solve 8.5709    func 8.9332    prepare 0.5356    transfer 0.0016    finalize 0.6002    add 0.3414    
max lb 0.0010073184967041016 min lb -0.045069217681884766
Number of Verified Splits: 541 of 1012
Current worst splitting domains lb-rhs (depth):
-0.04507 (38), -0.04308 (38), -0.04004 (38), -0.03933 (38), -0.03879 (38), -0.03743 (38), -0.03595 (38), -0.03433 (38), -0.03400 (38), -0.03332 (38), -0.03247 (38), -0.03092 (38), -0.03075 (38), -0.03030 (38), -0.02957 (38), -0.02828 (38), -0.02800 (38), -0.02780 (38), -0.02710 (38), -0.02694 (38), 
Current (lb-rhs): -0.045069217681884766
20820 domains visited
Length of domains: 471
Cumulative time: 11.194137573242188

BaB round 29
batch: 471
splitting decisions: 
split level 0: [/input, 5046] [/input, 5046] [/input, 5046] [/input, 5046] [/input, 5046] [/input, 5046] [/input, 5046] [/input, 5046] [/input, 5046] [/input, 5046] 
best_l after optimization: -3.7889328002929688
beta sum per layer: [981.3870849609375, 89.3323974609375, 0.0]
alpha/beta optimization time: 0.2305004596710205
pruning_in_iteration open status: True
ratio of positive domain = 522 / 942 = 0.554140127388535
pruning-in-iteration extra time: 0.00569462776184082
Time: get_branching_decision.update_bounds 0.0573    pickout 0.0502    branching_decision 0.0002    decision 0.0003    set_bounds 0.0217    prepare 0.0243    transfer 0.0001    finalize 0.0207    func 0.3339    solve 0.3638    add 0.0032    bab_iteration 0.6226    
Accumulated time: get_branching_decision.update_bounds 0.0573    bab_iteration 11.0996    pickout 1.3395    decision 0.0064    branching_decision 0.0058    set_bounds 0.5170    solve 8.9347    func 9.2671    prepare 0.5599    transfer 0.0017    finalize 0.6209    add 0.3447    
max lb 0.001196742057800293 min lb -0.043591976165771484
Number of Verified Splits: 522 of 942
Current worst splitting domains lb-rhs (depth):
-0.04359 (39), -0.04160 (39), -0.03855 (39), -0.03785 (39), -0.03731 (39), -0.03596 (39), -0.03448 (39), -0.03285 (39), -0.03252 (39), -0.03185 (39), -0.03100 (39), -0.02944 (39), -0.02927 (39), -0.02882 (39), -0.02809 (39), -0.02680 (39), -0.02652 (39), -0.02632 (39), -0.02562 (39), -0.02557 (39), 
Current (lb-rhs): -0.043591976165771484
21762 domains visited
Length of domains: 420
Cumulative time: 11.602777004241943

BaB round 30
batch: 420
splitting decisions: 
split level 0: [/input, 5753] [/input, 5021] [/input, 5021] [/input, 5021] [/input, 5021] [/input, 5021] [/input, 5021] [/input, 5753] [/input, 5021] [/input, 5021] 
best_l after optimization: -3.559490919113159
beta sum per layer: [819.9163818359375, 76.32545471191406, 0.0]
alpha/beta optimization time: 0.23565077781677246
pruning_in_iteration open status: True
ratio of positive domain = 448 / 840 = 0.5333333333333333
pruning-in-iteration extra time: 0.006000518798828125
Time: get_branching_decision.update_bounds 0.0573    pickout 0.0477    branching_decision 0.0003    decision 0.0003    set_bounds 0.0209    prepare 0.0232    transfer 0.0001    finalize 0.0203    func 0.3377    solve 0.3339    add 0.0022    bab_iteration 0.4086    
Accumulated time: get_branching_decision.update_bounds 0.0573    bab_iteration 11.5082    pickout 1.3872    decision 0.0067    branching_decision 0.0061    set_bounds 0.5378    solve 9.2686    func 9.6047    prepare 0.5831    transfer 0.0017    finalize 0.6412    add 0.3469    
max lb 9.999999747378752e-05 min lb -0.04341387748718262
Number of Verified Splits: 448 of 840
Current worst splitting domains lb-rhs (depth):
-0.04341 (40), -0.04143 (40), -0.03836 (40), -0.03766 (40), -0.03713 (40), -0.03578 (40), -0.03430 (40), -0.03267 (40), -0.03234 (40), -0.03167 (40), -0.03082 (40), -0.02926 (40), -0.02909 (40), -0.02864 (40), -0.02791 (40), -0.02663 (40), -0.02635 (40), -0.02615 (40), -0.02545 (40), -0.02528 (40), 
Current (lb-rhs): -0.04341387748718262
22602 domains visited
Length of domains: 392
Cumulative time: 12.01205563545227

BaB round 31
batch: 392
splitting decisions: 
split level 0: [/input, 5021] [/input, 5021] [/input, 5021] [/26, 3211] [/26, 3211] [/input, 4994] [/26, 315] [/26, 3211] [/input, 4994] [/26, 3211] 
best_l after optimization: -3.3595852851867676
beta sum per layer: [756.083740234375, 66.01075744628906, 0.0]
alpha/beta optimization time: 0.19791626930236816
pruning_in_iteration open status: True
ratio of positive domain = 407 / 784 = 0.5191326530612245
pruning-in-iteration extra time: 0.005507469177246094
Time: get_branching_decision.update_bounds 0.0573    pickout 0.0448    branching_decision 0.0002    decision 0.0002    set_bounds 0.0186    prepare 0.0207    transfer 0.0001    finalize 0.0192    func 0.2904    solve 0.3377    add 0.0024    bab_iteration 0.4093    
Accumulated time: get_branching_decision.update_bounds 0.0573    bab_iteration 11.9175    pickout 1.4320    decision 0.0069    branching_decision 0.0063    set_bounds 0.5564    solve 9.6063    func 9.8952    prepare 0.6038    transfer 0.0018    finalize 0.6604    add 0.3493    
max lb 9.999999747378752e-05 min lb -0.04288041591644287
Number of Verified Splits: 407 of 784
Current worst splitting domains lb-rhs (depth):
-0.04288 (41), -0.04089 (41), -0.03783 (41), -0.03712 (41), -0.03660 (41), -0.03525 (41), -0.03376 (41), -0.03214 (41), -0.03181 (41), -0.03114 (41), -0.03028 (41), -0.02873 (41), -0.02856 (41), -0.02811 (41), -0.02738 (41), -0.02609 (41), -0.02581 (41), -0.02561 (41), -0.02491 (41), -0.02475 (41), 
Current (lb-rhs): -0.04288041591644287
23386 domains visited
Length of domains: 377
Cumulative time: 12.368753671646118

BaB round 32
batch: 377
splitting decisions: 
split level 0: [/26, 288] [/input, 4750] [/26, 75] [/26, 75] [/26, 75] [/input, 4750] [/26, 75] [/26, 75] [/input, 4750] [/26, 75] 
best_l after optimization: -3.242353916168213
beta sum per layer: [721.8431396484375, 63.5072135925293, 0.0]
alpha/beta optimization time: 0.18308329582214355
pruning_in_iteration open status: True
ratio of positive domain = 388 / 754 = 0.5145888594164456
pruning-in-iteration extra time: 0.005420207977294922
Time: get_branching_decision.update_bounds 0.0573    pickout 0.0418    branching_decision 0.0002    decision 0.0002    set_bounds 0.0174    prepare 0.0195    transfer 0.0001    finalize 0.0185    func 0.2740    solve 0.2905    add 0.0023    bab_iteration 0.3567    
Accumulated time: get_branching_decision.update_bounds 0.0573    bab_iteration 12.2742    pickout 1.4738    decision 0.0072    branching_decision 0.0065    set_bounds 0.5738    solve 9.8968    func 10.1692    prepare 0.6233    transfer 0.0018    finalize 0.6788    add 0.3516    
max lb 9.999999747378752e-05 min lb -0.04271197319030762
Number of Verified Splits: 388 of 754
Current worst splitting domains lb-rhs (depth):
-0.04271 (42), -0.04072 (42), -0.03766 (42), -0.03694 (42), -0.03643 (42), -0.03508 (42), -0.03338 (42), -0.03197 (42), -0.03144 (42), -0.03097 (42), -0.03011 (42), -0.02839 (42), -0.02837 (42), -0.02778 (42), -0.02702 (42), -0.02573 (42), -0.02564 (42), -0.02545 (42), -0.02474 (42), -0.02458 (42), 
Current (lb-rhs): -0.04271197319030762
24140 domains visited
Length of domains: 366
Cumulative time: 12.704599380493164

BaB round 33
batch: 366
splitting decisions: 
split level 0: [/26, 3477] [/input, 4750] [/input, 4750] [/input, 4750] [/26, 3477] [/input, 4750] [/input, 4750] [/input, 4750] [/input, 4750] [/input, 4750] 
best_l after optimization: -3.4937613010406494
beta sum per layer: [749.7076416015625, 59.067726135253906, 0.0]
alpha/beta optimization time: 0.21771931648254395
pruning_in_iteration open status: True
ratio of positive domain = 329 / 732 = 0.4494535519125683
pruning-in-iteration extra time: 0.0056304931640625
Time: get_branching_decision.update_bounds 0.0573    pickout 0.0398    branching_decision 0.0002    decision 0.0002    set_bounds 0.0169    prepare 0.0189    transfer 0.0000    finalize 0.0206    func 0.3127    solve 0.2741    add 0.0021    bab_iteration 0.3358    
Accumulated time: get_branching_decision.update_bounds 0.0573    bab_iteration 12.6101    pickout 1.5135    decision 0.0073    branching_decision 0.0067    set_bounds 0.5907    solve 10.1709    func 10.4819    prepare 0.6422    transfer 0.0019    finalize 0.6995    add 0.3537    
max lb 9.999999747378752e-05 min lb -0.041249752044677734
Number of Verified Splits: 329 of 732
Current worst splitting domains lb-rhs (depth):
-0.04125 (43), -0.03926 (43), -0.03620 (43), -0.03548 (43), -0.03497 (43), -0.03361 (43), -0.03194 (43), -0.03051 (43), -0.02998 (43), -0.02951 (43), -0.02876 (43), -0.02865 (43), -0.02693 (43), -0.02691 (43), -0.02688 (43), -0.02629 (43), -0.02556 (43), -0.02427 (43), -0.02418 (43), -0.02410 (43), 
Current (lb-rhs): -0.041249752044677734
24872 domains visited
Length of domains: 403
Cumulative time: 13.077736616134644

BaB round 34
batch: 403
splitting decisions: 
split level 0: [/26, 3451] [/26, 3451] [/26, 3451] [/26, 3451] [/26, 3451] [/26, 3451] [/26, 3477] [/26, 3477] [/26, 3477] [/26, 3477] 
best_l after optimization: -3.1462674140930176
beta sum per layer: [802.304931640625, 58.74201965332031, 0.0]
alpha/beta optimization time: 0.18052887916564941
pruning_in_iteration open status: True
ratio of positive domain = 435 / 806 = 0.5397022332506203
pruning-in-iteration extra time: 0.0052912235260009766
Time: get_branching_decision.update_bounds 0.0573    pickout 0.0450    branching_decision 0.0002    decision 0.0002    set_bounds 0.0186    prepare 0.0211    transfer 0.0001    finalize 0.0185    func 0.2720    solve 0.3128    add 0.0032    bab_iteration 0.3731    
Accumulated time: get_branching_decision.update_bounds 0.0573    bab_iteration 12.9832    pickout 1.5585    decision 0.0076    branching_decision 0.0069    set_bounds 0.6093    solve 10.4837    func 10.7539    prepare 0.6632    transfer 0.0019    finalize 0.7180    add 0.3569    
max lb 9.999999747378752e-05 min lb -0.04059171676635742
Number of Verified Splits: 435 of 806
Current worst splitting domains lb-rhs (depth):
-0.04059 (44), -0.03860 (44), -0.03554 (44), -0.03481 (44), -0.03431 (44), -0.03296 (44), -0.03128 (44), -0.02985 (44), -0.02933 (44), -0.02885 (44), -0.02800 (44), -0.02700 (44), -0.02627 (44), -0.02625 (44), -0.02559 (44), -0.02504 (44), -0.02490 (44), -0.02361 (44), -0.02352 (44), -0.02333 (44), 
Current (lb-rhs): -0.04059171676635742
25678 domains visited
Length of domains: 371
Cumulative time: 13.416011333465576

BaB round 35
batch: 371
splitting decisions: 
split level 0: [/26, 75] [/26, 75] [/26, 75] [/26, 75] [/26, 75] [/26, 3451] [/26, 3451] [/26, 3451] [/26, 75] [/26, 75] 
best_l after optimization: -2.902618885040283
beta sum per layer: [714.941650390625, 58.674415588378906, 0.0]
alpha/beta optimization time: 0.17383289337158203
pruning_in_iteration open status: True
ratio of positive domain = 393 / 742 = 0.5296495956873315
pruning-in-iteration extra time: 0.005322933197021484
Time: get_branching_decision.update_bounds 0.0573    pickout 0.0399    branching_decision 0.0002    decision 0.0002    set_bounds 0.0171    prepare 0.0191    transfer 0.0001    finalize 0.0200    func 0.2620    solve 0.2720    add 0.0021    bab_iteration 0.3383    
Accumulated time: get_branching_decision.update_bounds 0.0573    bab_iteration 13.3215    pickout 1.5984    decision 0.0078    branching_decision 0.0070    set_bounds 0.6263    solve 10.7557    func 11.0159    prepare 0.6824    transfer 0.0020    finalize 0.7380    add 0.3591    
max lb 9.999999747378752e-05 min lb -0.03995060920715332
Number of Verified Splits: 393 of 742
Current worst splitting domains lb-rhs (depth):
-0.03995 (45), -0.03796 (45), -0.03490 (45), -0.03416 (45), -0.03367 (45), -0.03232 (45), -0.03059 (45), -0.02921 (45), -0.02865 (45), -0.02821 (45), -0.02735 (45), -0.02631 (45), -0.02563 (45), -0.02562 (45), -0.02491 (45), -0.02440 (45), -0.02422 (45), -0.02293 (45), -0.02288 (45), -0.02268 (45), 
Current (lb-rhs): -0.03995060920715332
26420 domains visited
Length of domains: 349
Cumulative time: 13.738208055496216

BaB round 36
batch: 349
splitting decisions: 
split level 0: [/input, 4750] [/input, 4750] [/input, 4750] [/input, 4750] [/input, 4750] [/26, 288] [/26, 288] [/26, 288] [/input, 4750] [/input, 4750] 
best_l after optimization: -2.800248146057129
beta sum per layer: [671.2462158203125, 52.79335021972656, 0.0]
alpha/beta optimization time: 0.16779279708862305
pruning_in_iteration open status: True
ratio of positive domain = 366 / 698 = 0.5243553008595989
pruning-in-iteration extra time: 0.0052754878997802734
Time: get_branching_decision.update_bounds 0.0573    pickout 0.0375    branching_decision 0.0002    decision 0.0002    set_bounds 0.0164    prepare 0.0180    transfer 0.0001    finalize 0.0167    func 0.2490    solve 0.2620    add 0.0027    bab_iteration 0.3222    
Accumulated time: get_branching_decision.update_bounds 0.0573    bab_iteration 13.6436    pickout 1.6359    decision 0.0080    branching_decision 0.0072    set_bounds 0.6427    solve 11.0177    func 11.2649    prepare 0.7004    transfer 0.0020    finalize 0.7547    add 0.3618    
max lb 9.999999747378752e-05 min lb -0.03978884220123291
Number of Verified Splits: 366 of 698
Current worst splitting domains lb-rhs (depth):
-0.03979 (46), -0.03780 (46), -0.03474 (46), -0.03400 (46), -0.03350 (46), -0.03215 (46), -0.03042 (46), -0.02905 (46), -0.02848 (46), -0.02804 (46), -0.02719 (46), -0.02613 (46), -0.02547 (46), -0.02544 (46), -0.02474 (46), -0.02424 (46), -0.02405 (46), -0.02277 (46), -0.02272 (46), -0.02252 (46), 
Current (lb-rhs): -0.03978884220123291
27118 domains visited
Length of domains: 332
Cumulative time: 14.043756484985352

BaB round 37
batch: 332
splitting decisions: 
split level 0: [/26, 3452] [/26, 3452] [/26, 3452] [/26, 3452] [/26, 3452] [/26, 3452] [/26, 3452] [/26, 3452] [/26, 3452] [/26, 3452] 
best_l after optimization: -2.6157054901123047
beta sum per layer: [635.7369384765625, 48.237403869628906, 0.0]
alpha/beta optimization time: 0.17260026931762695
pruning_in_iteration open status: True
ratio of positive domain = 356 / 664 = 0.536144578313253
pruning-in-iteration extra time: 0.005290508270263672
Time: get_branching_decision.update_bounds 0.0573    pickout 0.0360    branching_decision 0.0002    decision 0.0002    set_bounds 0.0153    prepare 0.0173    transfer 0.0000    finalize 0.0153    func 0.2487    solve 0.2490    add 0.0022    bab_iteration 0.3055    
Accumulated time: get_branching_decision.update_bounds 0.0573    bab_iteration 13.9492    pickout 1.6719    decision 0.0082    branching_decision 0.0074    set_bounds 0.6580    solve 11.2668    func 11.5136    prepare 0.7177    transfer 0.0021    finalize 0.7700    add 0.3640    
max lb 9.999999747378752e-05 min lb -0.039186954498291016
Number of Verified Splits: 356 of 664
Current worst splitting domains lb-rhs (depth):
-0.03919 (47), -0.03720 (47), -0.03414 (47), -0.03340 (47), -0.03290 (47), -0.03155 (47), -0.02975 (47), -0.02845 (47), -0.02787 (47), -0.02744 (47), -0.02659 (47), -0.02553 (47), -0.02487 (47), -0.02477 (47), -0.02406 (47), -0.02364 (47), -0.02338 (47), -0.02212 (47), -0.02210 (47), -0.02192 (47), 
Current (lb-rhs): -0.039186954498291016
27782 domains visited
Length of domains: 308
Cumulative time: 14.345944166183472

BaB round 38
batch: 308
splitting decisions: 
split level 0: [/input, 4991] [/input, 4991] [/input, 4991] [/input, 4991] [/input, 4991] [/input, 4991] [/input, 4991] [/input, 4991] [/input, 4991] [/input, 4991] 
best_l after optimization: -2.932258129119873
beta sum per layer: [617.0317993164062, 44.25177764892578, 0.0]
alpha/beta optimization time: 0.1861422061920166
pruning_in_iteration open status: True
ratio of positive domain = 251 / 616 = 0.4074675324675324
pruning-in-iteration extra time: 0.005244016647338867
Time: get_branching_decision.update_bounds 0.0573    pickout 0.0357    branching_decision 0.0002    decision 0.0002    set_bounds 0.0146    prepare 0.0158    transfer 0.0001    finalize 0.0193    func 0.2714    solve 0.2488    add 0.0018    bab_iteration 0.3022    
Accumulated time: get_branching_decision.update_bounds 0.0573    bab_iteration 14.2514    pickout 1.7075    decision 0.0084    branching_decision 0.0076    set_bounds 0.6725    solve 11.5155    func 11.7850    prepare 0.7335    transfer 0.0021    finalize 0.7893    add 0.3658    
max lb 9.999999747378752e-05 min lb -0.03818464279174805
Number of Verified Splits: 251 of 616
Current worst splitting domains lb-rhs (depth):
-0.03818 (48), -0.03620 (48), -0.03314 (48), -0.03239 (48), -0.03190 (48), -0.03055 (48), -0.02878 (48), -0.02744 (48), -0.02678 (48), -0.02665 (48), -0.02644 (48), -0.02559 (48), -0.02498 (48), -0.02452 (48), -0.02386 (48), -0.02380 (48), -0.02310 (48), -0.02264 (48), -0.02242 (48), -0.02208 (48), 
Current (lb-rhs): -0.03818464279174805
28398 domains visited
Length of domains: 365
Cumulative time: 14.670332431793213

BaB round 39
batch: 365
splitting decisions: 
split level 0: [/26, 314] [/26, 314] [/26, 314] [/26, 314] [/26, 314] [/26, 314] [/26, 314] [/26, 314] [/26, 314] [/26, 314] 
best_l after optimization: -2.7947771549224854
beta sum per layer: [721.0277099609375, 40.63740921020508, 0.0]
alpha/beta optimization time: 0.17394304275512695
pruning_in_iteration open status: True
ratio of positive domain = 378 / 730 = 0.5178082191780822
pruning-in-iteration extra time: 0.005250453948974609
Time: get_branching_decision.update_bounds 0.0573    pickout 0.0395    branching_decision 0.0002    decision 0.0002    set_bounds 0.0168    prepare 0.0190    transfer 0.0000    finalize 0.0175    func 0.3957    solve 0.2714    add 0.0022    bab_iteration 0.3244    
Accumulated time: get_branching_decision.update_bounds 0.0573    bab_iteration 14.5758    pickout 1.7470    decision 0.0086    branching_decision 0.0078    set_bounds 0.6893    solve 11.7870    func 12.1807    prepare 0.7525    transfer 0.0022    finalize 0.8068    add 0.3680    
max lb 9.999999747378752e-05 min lb -0.038034915924072266
Number of Verified Splits: 378 of 730
Current worst splitting domains lb-rhs (depth):
-0.03803 (49), -0.03605 (49), -0.03298 (49), -0.03224 (49), -0.03175 (49), -0.03040 (49), -0.02863 (49), -0.02729 (49), -0.02664 (49), -0.02629 (49), -0.02624 (49), -0.02544 (49), -0.02434 (49), -0.02433 (49), -0.02372 (49), -0.02366 (49), -0.02295 (49), -0.02246 (49), -0.02226 (49), -0.02124 (49), 
Current (lb-rhs): -0.038034915924072266
29128 domains visited
Length of domains: 352
Cumulative time: 15.124945402145386

BaB round 40
batch: 352
splitting decisions: 
split level 0: [/26, 313] [/26, 313] [/26, 313] [/26, 313] [/26, 313] [/26, 313] [/26, 313] [/26, 313] [/26, 313] [/26, 313] 
best_l after optimization: -2.6811609268188477
beta sum per layer: [676.6544799804688, 43.44518280029297, 0.0]
alpha/beta optimization time: 0.17246127128601074
pruning_in_iteration open status: True
ratio of positive domain = 363 / 704 = 0.515625
pruning-in-iteration extra time: 0.005274057388305664
Time: get_branching_decision.update_bounds 0.0573    pickout 0.0380    branching_decision 0.0002    decision 0.0002    set_bounds 0.0163    prepare 0.0183    transfer 0.0000    finalize 0.0171    func 0.2556    solve 0.3957    add 0.0022    bab_iteration 0.4546    
Accumulated time: get_branching_decision.update_bounds 0.0573    bab_iteration 15.0304    pickout 1.7850    decision 0.0088    branching_decision 0.0080    set_bounds 0.7056    solve 12.1827    func 12.4363    prepare 0.7708    transfer 0.0022    finalize 0.8239    add 0.3702    
max lb 9.999999747378752e-05 min lb -0.037775278091430664
Number of Verified Splits: 363 of 704
Current worst splitting domains lb-rhs (depth):
-0.03778 (50), -0.03579 (50), -0.03273 (50), -0.03199 (50), -0.03149 (50), -0.03014 (50), -0.02837 (50), -0.02704 (50), -0.02638 (50), -0.02603 (50), -0.02583 (50), -0.02518 (50), -0.02408 (50), -0.02381 (50), -0.02346 (50), -0.02340 (50), -0.02269 (50), -0.02220 (50), -0.02201 (50), -0.02084 (50), 
Current (lb-rhs): -0.037775278091430664
29832 domains visited
Length of domains: 341
Cumulative time: 15.437526941299438

BaB round 41
batch: 341
splitting decisions: 
split level 0: [/input, 4348] [/input, 4348] [/input, 4348] [/input, 4348] [/input, 4348] [/input, 4348] [/input, 4348] [/input, 4348] [/input, 4348] [/input, 4348] 
best_l after optimization: -2.8307507038116455
beta sum per layer: [671.4312744140625, 43.73778533935547, 0.0]
alpha/beta optimization time: 0.16515111923217773
pruning_in_iteration open status: True
ratio of positive domain = 312 / 682 = 0.4574780058651027
pruning-in-iteration extra time: 0.0049898624420166016
Time: get_branching_decision.update_bounds 0.0573    pickout 0.0364    branching_decision 0.0002    decision 0.0002    set_bounds 0.0160    prepare 0.0173    transfer 0.0001    finalize 0.0185    func 0.2512    solve 0.2557    add 0.0021    bab_iteration 0.3126    
Accumulated time: get_branching_decision.update_bounds 0.0573    bab_iteration 15.3429    pickout 1.8214    decision 0.0090    branching_decision 0.0082    set_bounds 0.7217    solve 12.4384    func 12.6875    prepare 0.7881    transfer 0.0023    finalize 0.8424    add 0.3724    
max lb 9.999999747378752e-05 min lb -0.03730368614196777
Number of Verified Splits: 312 of 682
Current worst splitting domains lb-rhs (depth):
-0.03730 (51), -0.03532 (51), -0.03215 (51), -0.03151 (51), -0.03080 (51), -0.02967 (51), -0.02790 (51), -0.02656 (51), -0.02591 (51), -0.02541 (51), -0.02531 (51), -0.02471 (51), -0.02361 (51), -0.02333 (51), -0.02289 (51), -0.02276 (51), -0.02221 (51), -0.02173 (51), -0.02153 (51), -0.02066 (51), 
Current (lb-rhs): -0.03730368614196777
30514 domains visited
Length of domains: 370
Cumulative time: 15.744274377822876

BaB round 42
batch: 370
splitting decisions: 
split level 0: [/input, 5020] [/input, 5020] [/input, 5020] [/input, 5020] [/input, 5020] [/input, 5020] [/input, 5020] [/input, 5020] [/input, 5020] [/input, 5020] 
best_l after optimization: -2.358834981918335
beta sum per layer: [721.4917602539062, 40.210391998291016, 0.0]
alpha/beta optimization time: 0.19925594329833984
pruning_in_iteration open status: True
ratio of positive domain = 424 / 740 = 0.5729729729729729
pruning-in-iteration extra time: 0.005319356918334961
Time: get_branching_decision.update_bounds 0.0573    pickout 0.0393    branching_decision 0.0002    decision 0.0002    set_bounds 0.0174    prepare 0.0198    transfer 0.0001    finalize 0.0207    func 0.2852    solve 0.2512    add 0.0027    bab_iteration 0.3067    
Accumulated time: get_branching_decision.update_bounds 0.0573    bab_iteration 15.6497    pickout 1.8607    decision 0.0092    branching_decision 0.0084    set_bounds 0.7390    solve 12.6896    func 12.9727    prepare 0.8079    transfer 0.0023    finalize 0.8632    add 0.3750    
max lb 0.001072525978088379 min lb -0.03585660457611084
Number of Verified Splits: 424 of 740
Current worst splitting domains lb-rhs (depth):
-0.03586 (52), -0.03387 (52), -0.03064 (52), -0.03007 (52), -0.02935 (52), -0.02822 (52), -0.02645 (52), -0.02512 (52), -0.02446 (52), -0.02396 (52), -0.02379 (52), -0.02326 (52), -0.02216 (52), -0.02189 (52), -0.02144 (52), -0.02127 (52), -0.02077 (52), -0.02028 (52), -0.02009 (52), -0.01890 (52), 
Current (lb-rhs): -0.03585660457611084
31254 domains visited
Length of domains: 316
Cumulative time: 16.088813066482544

BaB round 43
batch: 316
splitting decisions: 
split level 0: [/input, 5020] [/input, 5020] [/input, 5020] [/input, 5020] [/input, 5020] [/input, 5020] [/input, 4348] [/input, 4050] [/input, 4050] [/input, 4050] 
best_l after optimization: -3.2561159133911133
beta sum per layer: [588.2074584960938, 36.532440185546875, 0.0]
alpha/beta optimization time: 0.1838059425354004
pruning_in_iteration open status: True
ratio of positive domain = 190 / 632 = 0.3006329113924051
pruning-in-iteration extra time: 0.005298614501953125
Time: get_branching_decision.update_bounds 0.0573    pickout 0.0341    branching_decision 0.0002    decision 0.0002    set_bounds 0.0146    prepare 0.0163    transfer 0.0000    finalize 0.0231    func 0.2817    solve 0.2852    add 0.0021    bab_iteration 0.3445    
Accumulated time: get_branching_decision.update_bounds 0.0573    bab_iteration 15.9942    pickout 1.8948    decision 0.0094    branching_decision 0.0085    set_bounds 0.7537    solve 12.9749    func 13.2544    prepare 0.8242    transfer 0.0024    finalize 0.8862    add 0.3771    
max lb 9.999999747378752e-05 min lb -0.03405284881591797
Number of Verified Splits: 190 of 632
Current worst splitting domains lb-rhs (depth):
-0.03405 (53), -0.03244 (53), -0.03207 (53), -0.03056 (53), -0.02884 (53), -0.02826 (53), -0.02755 (53), -0.02725 (53), -0.02670 (53), -0.02642 (53), -0.02624 (53), -0.02505 (53), -0.02465 (53), -0.02331 (53), -0.02303 (53), -0.02266 (53), -0.02216 (53), -0.02198 (53), -0.02172 (53), -0.02146 (53), 
Current (lb-rhs): -0.03405284881591797
31886 domains visited
Length of domains: 442
Cumulative time: 16.4228253364563

BaB round 44
batch: 442
splitting decisions: 
split level 0: [/input, 5020] [/input, 4348] [/input, 4348] [/input, 4348] [/input, 4348] [/input, 4348] [/input, 5020] [/input, 4994] [/input, 4994] [/input, 4994] 
best_l after optimization: -2.9543588161468506
beta sum per layer: [837.9381103515625, 29.875158309936523, 0.0]
alpha/beta optimization time: 0.1940476894378662
pruning_in_iteration open status: True
ratio of positive domain = 460 / 884 = 0.5203619909502262
pruning-in-iteration extra time: 0.00531315803527832
Time: get_branching_decision.update_bounds 0.0573    pickout 0.0464    branching_decision 0.0002    decision 0.0002    set_bounds 0.0202    prepare 0.0228    transfer 0.0001    finalize 0.0256    func 0.3004    solve 0.2818    add 0.0030    bab_iteration 0.3340    
Accumulated time: get_branching_decision.update_bounds 0.0573    bab_iteration 16.3282    pickout 1.9412    decision 0.0096    branching_decision 0.0087    set_bounds 0.7739    solve 13.2566    func 13.5548    prepare 0.8469    transfer 0.0024    finalize 0.9119    add 0.3802    
max lb 9.999999747378752e-05 min lb -0.032614707946777344
Number of Verified Splits: 460 of 884
Current worst splitting domains lb-rhs (depth):
-0.03261 (54), -0.03100 (54), -0.03063 (54), -0.02897 (54), -0.02740 (54), -0.02682 (54), -0.02611 (54), -0.02581 (54), -0.02522 (54), -0.02498 (54), -0.02480 (54), -0.02327 (54), -0.02321 (54), -0.02188 (54), -0.02159 (54), -0.02122 (54), -0.02072 (54), -0.02053 (54), -0.02018 (54), -0.02002 (54), 
Current (lb-rhs): -0.032614707946777344
32770 domains visited
Length of domains: 424
Cumulative time: 16.79291558265686

BaB round 45
batch: 424
splitting decisions: 
split level 0: [/input, 5020] [/input, 5020] [/input, 5020] [/input, 5020] [/input, 5020] [/26, 5775] [/26, 5775] [/26, 5775] [/26, 5775] [/26, 5775] 
best_l after optimization: -2.6208624839782715
beta sum per layer: [748.6935424804688, 36.47482681274414, 0.0]
alpha/beta optimization time: 0.16338109970092773
pruning_in_iteration open status: True
ratio of positive domain = 466 / 848 = 0.5495283018867925
pruning-in-iteration extra time: 0.005236387252807617
Time: get_branching_decision.update_bounds 0.0573    pickout 0.0451    branching_decision 0.0002    decision 0.0002    set_bounds 0.0193    prepare 0.0219    transfer 0.0000    finalize 0.0190    func 0.2572    solve 0.3004    add 0.0025    bab_iteration 0.3701    
Accumulated time: get_branching_decision.update_bounds 0.0573    bab_iteration 16.6983    pickout 1.9863    decision 0.0098    branching_decision 0.0089    set_bounds 0.7932    solve 13.5571    func 13.8120    prepare 0.8688    transfer 0.0025    finalize 0.9308    add 0.3827    
max lb 9.999999747378752e-05 min lb -0.03212881088256836
Number of Verified Splits: 466 of 848
Current worst splitting domains lb-rhs (depth):
-0.03213 (55), -0.03050 (55), -0.03014 (55), -0.02848 (55), -0.02691 (55), -0.02634 (55), -0.02562 (55), -0.02533 (55), -0.02471 (55), -0.02449 (55), -0.02431 (55), -0.02278 (55), -0.02250 (55), -0.02139 (55), -0.02088 (55), -0.02056 (55), -0.02023 (55), -0.01970 (55), -0.01962 (55), -0.01953 (55), 
Current (lb-rhs): -0.03212881088256836
33618 domains visited
Length of domains: 382
Cumulative time: 17.117182970046997

BaB round 46
batch: 382
splitting decisions: 
split level 0: [/26, 3423] [/26, 3423] [/26, 3423] [/26, 3423] [/26, 3423] [/26, 3423] [/26, 3423] [/26, 3423] [/26, 3423] [/26, 3423] 
best_l after optimization: -2.3263845443725586
beta sum per layer: [663.2317504882812, 30.079792022705078, 0.0]
alpha/beta optimization time: 0.16799449920654297
pruning_in_iteration open status: True
ratio of positive domain = 420 / 764 = 0.549738219895288
pruning-in-iteration extra time: 0.005244016647338867
Time: get_branching_decision.update_bounds 0.0573    pickout 0.0406    branching_decision 0.0002    decision 0.0002    set_bounds 0.0175    prepare 0.0198    transfer 0.0000    finalize 0.0171    func 0.2535    solve 0.2573    add 0.0021    bab_iteration 0.3243    
Accumulated time: get_branching_decision.update_bounds 0.0573    bab_iteration 17.0226    pickout 2.0269    decision 0.0100    branching_decision 0.0091    set_bounds 0.8107    solve 13.8144    func 14.0655    prepare 0.8886    transfer 0.0025    finalize 0.9480    add 0.3848    
max lb 9.999999747378752e-05 min lb -0.031233549118041992
Number of Verified Splits: 420 of 764
Current worst splitting domains lb-rhs (depth):
-0.03123 (56), -0.02960 (56), -0.02925 (56), -0.02759 (56), -0.02602 (56), -0.02544 (56), -0.02473 (56), -0.02443 (56), -0.02382 (56), -0.02360 (56), -0.02341 (56), -0.02189 (56), -0.02151 (56), -0.02049 (56), -0.01990 (56), -0.01946 (56), -0.01934 (56), -0.01905 (56), -0.01880 (56), -0.01864 (56), 
Current (lb-rhs): -0.031233549118041992
34382 domains visited
Length of domains: 344
Cumulative time: 17.431150436401367

BaB round 47
batch: 344
splitting decisions: 
split level 0: [/input, 4992] [/input, 4992] [/input, 4992] [/input, 4992] [/input, 4992] [/input, 4992] [/input, 4992] [/input, 4992] [/input, 4992] [/input, 4992] 
best_l after optimization: -2.0735106468200684
beta sum per layer: [605.2250366210938, 29.710094451904297, 0.0]
alpha/beta optimization time: 0.16911721229553223
pruning_in_iteration open status: True
ratio of positive domain = 369 / 688 = 0.5363372093023255
pruning-in-iteration extra time: 0.00529932975769043
Time: get_branching_decision.update_bounds 0.0573    pickout 0.0366    branching_decision 0.0002    decision 0.0002    set_bounds 0.0163    prepare 0.0173    transfer 0.0000    finalize 0.0193    func 0.2508    solve 0.2535    add 0.0019    bab_iteration 0.3140    
Accumulated time: get_branching_decision.update_bounds 0.0573    bab_iteration 17.3365    pickout 2.0635    decision 0.0102    branching_decision 0.0093    set_bounds 0.8270    solve 14.0679    func 14.3162    prepare 0.9060    transfer 0.0026    finalize 0.9673    add 0.3867    
max lb 9.999999747378752e-05 min lb -0.029819846153259277
Number of Verified Splits: 369 of 688
Current worst splitting domains lb-rhs (depth):
-0.02982 (57), -0.02819 (57), -0.02783 (57), -0.02617 (57), -0.02460 (57), -0.02403 (57), -0.02332 (57), -0.02302 (57), -0.02240 (57), -0.02219 (57), -0.02200 (57), -0.02047 (57), -0.01981 (57), -0.01908 (57), -0.01822 (57), -0.01808 (57), -0.01792 (57), -0.01784 (57), -0.01739 (57), -0.01722 (57), 
Current (lb-rhs): -0.029819846153259277
35070 domains visited
Length of domains: 319
Cumulative time: 17.737423181533813

BaB round 48
batch: 319
splitting decisions: 
split level 0: [/input, 4751] [/input, 4751] [/input, 4751] [/input, 4751] [/input, 4751] [/input, 4751] [/input, 4751] [/input, 4751] [/input, 4751] [/input, 4751] 
best_l after optimization: -1.8380780220031738
beta sum per layer: [564.66162109375, 27.204195022583008, 0.0]
alpha/beta optimization time: 0.19173622131347656
pruning_in_iteration open status: True
ratio of positive domain = 340 / 638 = 0.5329153605015674
pruning-in-iteration extra time: 0.005372524261474609
Time: get_branching_decision.update_bounds 0.0573    pickout 0.0348    branching_decision 0.0002    decision 0.0002    set_bounds 0.0149    prepare 0.0166    transfer 0.0001    finalize 0.0154    func 0.2672    solve 0.2509    add 0.0020    bab_iteration 0.3063    
Accumulated time: get_branching_decision.update_bounds 0.0573    bab_iteration 17.6428    pickout 2.0983    decision 0.0104    branching_decision 0.0095    set_bounds 0.8419    solve 14.3187    func 14.5835    prepare 0.9226    transfer 0.0027    finalize 0.9826    add 0.3887    
max lb 9.999999747378752e-05 min lb -0.02841043472290039
Number of Verified Splits: 340 of 638
Current worst splitting domains lb-rhs (depth):
-0.02841 (58), -0.02678 (58), -0.02642 (58), -0.02476 (58), -0.02319 (58), -0.02262 (58), -0.02191 (58), -0.02161 (58), -0.02099 (58), -0.02078 (58), -0.02059 (58), -0.01906 (58), -0.01839 (58), -0.01767 (58), -0.01681 (58), -0.01664 (58), -0.01651 (58), -0.01632 (58), -0.01628 (58), -0.01598 (58), 
Current (lb-rhs): -0.02841043472290039
35708 domains visited
Length of domains: 298
Cumulative time: 18.05654215812683

BaB round 49
batch: 298
splitting decisions: 
split level 0: [/26, 3423] [/input, 4992] [/input, 4751] [/input, 4751] [/input, 4751] [/input, 4751] [/input, 4751] [/input, 4751] [/input, 4751] [/input, 4751] 
best_l after optimization: -1.4095638990402222
beta sum per layer: [503.5406494140625, 26.111194610595703, 0.0]
alpha/beta optimization time: 0.187530517578125
pruning_in_iteration open status: True
ratio of positive domain = 343 / 596 = 0.575503355704698
pruning-in-iteration extra time: 0.005330562591552734
Time: get_branching_decision.update_bounds 0.0573    pickout 0.0322    branching_decision 0.0002    decision 0.0002    set_bounds 0.0139    prepare 0.0156    transfer 0.0001    finalize 0.0128    func 0.2541    solve 0.2673    add 0.0018    bab_iteration 0.3191    
Accumulated time: get_branching_decision.update_bounds 0.0573    bab_iteration 17.9619    pickout 2.1304    decision 0.0106    branching_decision 0.0096    set_bounds 0.8558    solve 14.5860    func 14.8375    prepare 0.9382    transfer 0.0027    finalize 0.9955    add 0.3904    
max lb 0.00023674964904785156 min lb -0.026964902877807617
Number of Verified Splits: 343 of 596
Current worst splitting domains lb-rhs (depth):
-0.02696 (59), -0.02533 (59), -0.02498 (59), -0.02332 (59), -0.02175 (59), -0.02117 (59), -0.02046 (59), -0.02016 (59), -0.01955 (59), -0.01933 (59), -0.01915 (59), -0.01761 (59), -0.01693 (59), -0.01623 (59), -0.01537 (59), -0.01523 (59), -0.01507 (59), -0.01483 (59), -0.01454 (59), -0.01437 (59), 
Current (lb-rhs): -0.026964902877807617
36304 domains visited
Length of domains: 253
Cumulative time: 18.3587384223938

BaB round 50
batch: 253
splitting decisions: 
split level 0: [/input, 4992] [/26, 260] [/26, 260] [/26, 260] [/26, 260] [/26, 260] [/26, 260] [/26, 260] [/26, 260] [/26, 260] 
best_l after optimization: -1.1656684875488281
beta sum per layer: [413.8928527832031, 18.14755630493164, 0.0]
alpha/beta optimization time: 0.17292308807373047
pruning_in_iteration open status: True
ratio of positive domain = 295 / 506 = 0.5830039525691699
pruning-in-iteration extra time: 0.005300045013427734
Time: get_branching_decision.update_bounds 0.0573    pickout 0.0275    branching_decision 0.0002    decision 0.0002    set_bounds 0.0122    prepare 0.0132    transfer 0.0000    finalize 0.0109    func 0.2319    solve 0.2541    add 0.0016    bab_iteration 0.3022    
Accumulated time: get_branching_decision.update_bounds 0.0573    bab_iteration 18.2641    pickout 2.1579    decision 0.0108    branching_decision 0.0098    set_bounds 0.8681    solve 14.8401    func 15.0694    prepare 0.9514    transfer 0.0028    finalize 1.0064    add 0.3920    
max lb 9.999999747378752e-05 min lb -0.025951862335205078
Number of Verified Splits: 295 of 506
Current worst splitting domains lb-rhs (depth):
-0.02595 (60), -0.02432 (60), -0.02396 (60), -0.02230 (60), -0.02074 (60), -0.02016 (60), -0.01945 (60), -0.01915 (60), -0.01853 (60), -0.01832 (60), -0.01813 (60), -0.01660 (60), -0.01615 (60), -0.01521 (60), -0.01462 (60), -0.01420 (60), -0.01412 (60), -0.01405 (60), -0.01352 (60), -0.01336 (60), 
Current (lb-rhs): -0.025951862335205078
36810 domains visited
Length of domains: 211
Cumulative time: 18.632308959960938

BaB round 51
batch: 211
splitting decisions: 
split level 0: [/26, 74] [/26, 74] [/26, 74] [/26, 74] [/26, 74] [/26, 74] [/26, 74] [/26, 74] [/26, 74] [/26, 74] 
best_l after optimization: -1.0902373790740967
beta sum per layer: [328.98834228515625, 15.263100624084473, 0.0]
alpha/beta optimization time: 0.1579732894897461
pruning_in_iteration open status: True
ratio of positive domain = 221 / 422 = 0.523696682464455
pruning-in-iteration extra time: 0.005275249481201172
Time: get_branching_decision.update_bounds 0.0573    pickout 0.0233    branching_decision 0.0001    decision 0.0001    set_bounds 0.0099    prepare 0.0112    transfer 0.0000    finalize 0.0104    func 0.2134    solve 0.2320    add 0.0015    bab_iteration 0.2736    
Accumulated time: get_branching_decision.update_bounds 0.0573    bab_iteration 18.5377    pickout 2.1813    decision 0.0109    branching_decision 0.0099    set_bounds 0.8780    solve 15.0721    func 15.2827    prepare 0.9627    transfer 0.0028    finalize 1.0168    add 0.3935    
max lb 9.999999747378752e-05 min lb -0.02563655376434326
Number of Verified Splits: 221 of 422
Current worst splitting domains lb-rhs (depth):
-0.02564 (61), -0.02400 (61), -0.02365 (61), -0.02199 (61), -0.02042 (61), -0.01985 (61), -0.01913 (61), -0.01883 (61), -0.01822 (61), -0.01800 (61), -0.01782 (61), -0.01629 (61), -0.01584 (61), -0.01490 (61), -0.01430 (61), -0.01388 (61), -0.01380 (61), -0.01374 (61), -0.01321 (61), -0.01304 (61), 
Current (lb-rhs): -0.02563655376434326
37232 domains visited
Length of domains: 201
Cumulative time: 18.880913972854614

BaB round 52
batch: 201
splitting decisions: 
split level 0: [/26, 287] [/26, 287] [/26, 287] [/26, 287] [/26, 287] [/26, 287] [/26, 287] [/26, 287] [/26, 287] [/26, 287] 
best_l after optimization: -1.0366953611373901
beta sum per layer: [311.25604248046875, 12.696866989135742, 0.0]
alpha/beta optimization time: 0.155745267868042
pruning_in_iteration open status: True
ratio of positive domain = 216 / 402 = 0.5373134328358209
pruning-in-iteration extra time: 0.005251884460449219
Time: get_branching_decision.update_bounds 0.0573    pickout 0.0224    branching_decision 0.0001    decision 0.0002    set_bounds 0.0095    prepare 0.0107    transfer 0.0000    finalize 0.0096    func 0.2066    solve 0.2134    add 0.0016    bab_iteration 0.2486    
Accumulated time: get_branching_decision.update_bounds 0.0573    bab_iteration 18.7863    pickout 2.2037    decision 0.0111    branching_decision 0.0101    set_bounds 0.8875    solve 15.2855    func 15.4893    prepare 0.9733    transfer 0.0029    finalize 1.0265    add 0.3951    
max lb 9.999999747378752e-05 min lb -0.02541983127593994
Number of Verified Splits: 216 of 402
Current worst splitting domains lb-rhs (depth):
-0.02542 (62), -0.02379 (62), -0.02343 (62), -0.02177 (62), -0.02020 (62), -0.01963 (62), -0.01891 (62), -0.01862 (62), -0.01800 (62), -0.01779 (62), -0.01760 (62), -0.01607 (62), -0.01562 (62), -0.01468 (62), -0.01406 (62), -0.01367 (62), -0.01352 (62), -0.01338 (62), -0.01299 (62), -0.01282 (62), 
Current (lb-rhs): -0.02541983127593994
37634 domains visited
Length of domains: 186
Cumulative time: 19.121296882629395

BaB round 53
batch: 186
splitting decisions: 
split level 0: [/26, 5564] [/26, 5564] [/26, 5564] [/26, 5564] [/26, 5564] [/26, 5564] [/26, 5564] [/26, 5564] [/26, 5564] [/26, 5564] 
best_l after optimization: -0.9499568939208984
beta sum per layer: [284.4639587402344, 9.534673690795898, 0.0]
alpha/beta optimization time: 0.16634106636047363
pruning_in_iteration open status: True
ratio of positive domain = 203 / 372 = 0.5456989247311828
pruning-in-iteration extra time: 0.00531005859375
Time: get_branching_decision.update_bounds 0.0573    pickout 0.0208    branching_decision 0.0001    decision 0.0001    set_bounds 0.0090    prepare 0.0099    transfer 0.0000    finalize 0.0088    func 0.2158    solve 0.2066    add 0.0014    bab_iteration 0.2404    
Accumulated time: get_branching_decision.update_bounds 0.0573    bab_iteration 19.0267    pickout 2.2245    decision 0.0112    branching_decision 0.0102    set_bounds 0.8965    solve 15.4921    func 15.7051    prepare 0.9832    transfer 0.0029    finalize 1.0353    add 0.3965    
max lb 9.999999747378752e-05 min lb -0.024919509887695312
Number of Verified Splits: 203 of 372
Current worst splitting domains lb-rhs (depth):
-0.02492 (63), -0.02329 (63), -0.02293 (63), -0.02127 (63), -0.01970 (63), -0.01913 (63), -0.01841 (63), -0.01812 (63), -0.01750 (63), -0.01728 (63), -0.01710 (63), -0.01557 (63), -0.01512 (63), -0.01418 (63), -0.01353 (63), -0.01317 (63), -0.01302 (63), -0.01286 (63), -0.01249 (63), -0.01232 (63), 
Current (lb-rhs): -0.024919509887695312
38006 domains visited
Length of domains: 169
Cumulative time: 19.36858892440796

BaB round 54
batch: 169
splitting decisions: 
split level 0: [/26, 341] [/26, 341] [/26, 341] [/26, 341] [/26, 341] [/26, 341] [/26, 341] [/26, 341] [/26, 341] [/26, 341] 
best_l after optimization: -0.924067497253418
beta sum per layer: [248.7133026123047, 9.845349311828613, 0.0]
alpha/beta optimization time: 0.16651296615600586
pruning_in_iteration open status: True
ratio of positive domain = 171 / 338 = 0.5059171597633136
pruning-in-iteration extra time: 0.005269289016723633
Time: get_branching_decision.update_bounds 0.0573    pickout 0.0191    branching_decision 0.0001    decision 0.0001    set_bounds 0.0080    prepare 0.0090    transfer 0.0000    finalize 0.0088    func 0.2164    solve 0.2158    add 0.0013    bab_iteration 0.2473    
Accumulated time: get_branching_decision.update_bounds 0.0573    bab_iteration 19.2739    pickout 2.2437    decision 0.0113    branching_decision 0.0103    set_bounds 0.9045    solve 15.7080    func 15.9215    prepare 0.9922    transfer 0.0030    finalize 1.0441    add 0.3978    
max lb 9.999999747378752e-05 min lb -0.024776577949523926
Number of Verified Splits: 171 of 338
Current worst splitting domains lb-rhs (depth):
-0.02478 (64), -0.02314 (64), -0.02279 (64), -0.02113 (64), -0.01956 (64), -0.01898 (64), -0.01827 (64), -0.01797 (64), -0.01736 (64), -0.01714 (64), -0.01696 (64), -0.01543 (64), -0.01498 (64), -0.01404 (64), -0.01339 (64), -0.01302 (64), -0.01288 (64), -0.01270 (64), -0.01235 (64), -0.01218 (64), 
Current (lb-rhs): -0.024776577949523926
38344 domains visited
Length of domains: 167
Cumulative time: 19.61382222175598

BaB round 55
batch: 167
splitting decisions: 
split level 0: [/input, 180] [/input, 180] [/input, 180] [/input, 180] [/input, 180] [/input, 180] [/input, 180] [/input, 180] [/input, 180] [/input, 180] 
best_l after optimization: -0.7237164974212646
beta sum per layer: [254.0487823486328, 8.65881061553955, 0.0]
alpha/beta optimization time: 0.21637678146362305
pruning_in_iteration open status: True
ratio of positive domain = 199 / 334 = 0.5958083832335329
pruning-in-iteration extra time: 0.005361318588256836
Time: get_branching_decision.update_bounds 0.0573    pickout 0.0193    branching_decision 0.0001    decision 0.0001    set_bounds 0.0080    prepare 0.0087    transfer 0.0000    finalize 0.0072    func 0.2592    solve 0.2164    add 0.0013    bab_iteration 0.2452    
Accumulated time: get_branching_decision.update_bounds 0.0573    bab_iteration 19.5192    pickout 2.2630    decision 0.0114    branching_decision 0.0104    set_bounds 0.9125    solve 15.9244    func 16.1807    prepare 1.0009    transfer 0.0030    finalize 1.0512    add 0.3991    
max lb 0.0008141994476318359 min lb -0.023372650146484375
Number of Verified Splits: 199 of 334
Current worst splitting domains lb-rhs (depth):
-0.02337 (65), -0.02172 (65), -0.02134 (65), -0.01975 (65), -0.01816 (65), -0.01759 (65), -0.01682 (65), -0.01662 (65), -0.01601 (65), -0.01570 (65), -0.01543 (65), -0.01417 (65), -0.01360 (65), -0.01246 (65), -0.01192 (65), -0.01156 (65), -0.01142 (65), -0.01129 (65), -0.01096 (65), -0.01062 (65), 
Current (lb-rhs): -0.023372650146484375
38678 domains visited
Length of domains: 135
Cumulative time: 19.902093172073364

BaB round 56
batch: 135
splitting decisions: 
split level 0: [/26, 386] [/26, 386] [/26, 386] [/26, 386] [/26, 386] [/26, 386] [/26, 386] [/26, 386] [/26, 386] [/26, 386] 
best_l after optimization: -0.6959729194641113
beta sum per layer: [191.17645263671875, 8.355422019958496, 0.0]
alpha/beta optimization time: 0.16272735595703125
pruning_in_iteration open status: True
ratio of positive domain = 143 / 270 = 0.5296296296296297
pruning-in-iteration extra time: 0.005297422409057617
Time: get_branching_decision.update_bounds 0.0573    pickout 0.0158    branching_decision 0.0001    decision 0.0001    set_bounds 0.0065    prepare 0.0073    transfer 0.0000    finalize 0.0068    func 0.2050    solve 0.2593    add 0.0014    bab_iteration 0.2883    
Accumulated time: get_branching_decision.update_bounds 0.0573    bab_iteration 19.8074    pickout 2.2788    decision 0.0116    branching_decision 0.0105    set_bounds 0.9190    solve 16.1837    func 16.3858    prepare 1.0082    transfer 0.0030    finalize 1.0581    add 0.4005    
max lb 9.999999747378752e-05 min lb -0.02319645881652832
Number of Verified Splits: 143 of 270
Current worst splitting domains lb-rhs (depth):
-0.02320 (66), -0.02153 (66), -0.02117 (66), -0.01955 (66), -0.01798 (66), -0.01739 (66), -0.01664 (66), -0.01642 (66), -0.01584 (66), -0.01560 (66), -0.01526 (66), -0.01399 (66), -0.01343 (66), -0.01226 (66), -0.01175 (66), -0.01139 (66), -0.01111 (66), -0.01098 (66), -0.01078 (66), -0.01045 (66), 
Current (lb-rhs): -0.02319645881652832
38948 domains visited
Length of domains: 127
Cumulative time: 20.13111138343811

BaB round 57
batch: 127
splitting decisions: 
split level 0: [/input, 4749] [/input, 4749] [/input, 4749] [/input, 4749] [/input, 4749] [/input, 4749] [/input, 4749] [/input, 4749] [/input, 4749] [/input, 4749] 
best_l after optimization: -0.6109766960144043
beta sum per layer: [194.57461547851562, 4.9952392578125, 0.0]
alpha/beta optimization time: 0.1869804859161377
pruning_in_iteration open status: True
ratio of positive domain = 127 / 254 = 0.5
pruning-in-iteration extra time: 0.005303621292114258
Time: get_branching_decision.update_bounds 0.0573    pickout 0.0152    branching_decision 0.0001    decision 0.0001    set_bounds 0.0062    prepare 0.0067    transfer 0.0000    finalize 0.0067    func 0.2264    solve 0.2051    add 0.0013    bab_iteration 0.2290    
Accumulated time: get_branching_decision.update_bounds 0.0573    bab_iteration 20.0365    pickout 2.2939    decision 0.0117    branching_decision 0.0106    set_bounds 0.9252    solve 16.3888    func 16.6122    prepare 1.0149    transfer 0.0031    finalize 1.0648    add 0.4018    
max lb 9.999999747378752e-05 min lb -0.021819114685058594
Number of Verified Splits: 127 of 254
Current worst splitting domains lb-rhs (depth):
-0.02182 (67), -0.02013 (67), -0.01979 (67), -0.01817 (67), -0.01660 (67), -0.01600 (67), -0.01526 (67), -0.01505 (67), -0.01446 (67), -0.01422 (67), -0.01388 (67), -0.01262 (67), -0.01205 (67), -0.01088 (67), -0.01071 (67), -0.01037 (67), -0.01001 (67), -0.00974 (67), -0.00961 (67), -0.00940 (67), 
Current (lb-rhs): -0.021819114685058594
39202 domains visited
Length of domains: 127
Cumulative time: 20.380483865737915

BaB round 58
batch: 127
splitting decisions: 
split level 0: [/26, 5857] [/26, 5857] [/26, 5857] [/26, 5857] [/26, 5857] [/26, 5857] [/26, 5857] [/26, 5857] [/26, 5857] [/26, 5857] 
best_l after optimization: -0.5424561500549316
beta sum per layer: [183.40847778320312, 5.006155967712402, 0.0]
alpha/beta optimization time: 0.1719965934753418
pruning_in_iteration open status: True
ratio of positive domain = 145 / 254 = 0.5708661417322834
pruning-in-iteration extra time: 0.005280971527099609
Time: get_branching_decision.update_bounds 0.0573    pickout 0.0149    branching_decision 0.0001    decision 0.0001    set_bounds 0.0062    prepare 0.0069    transfer 0.0000    finalize 0.0061    func 0.2099    solve 0.2264    add 0.0013    bab_iteration 0.2494    
Accumulated time: get_branching_decision.update_bounds 0.0573    bab_iteration 20.2858    pickout 2.3088    decision 0.0118    branching_decision 0.0107    set_bounds 0.9314    solve 16.6152    func 16.8221    prepare 1.0218    transfer 0.0031    finalize 1.0709    add 0.4031    
max lb 9.999999747378752e-05 min lb -0.021322011947631836
Number of Verified Splits: 145 of 254
Current worst splitting domains lb-rhs (depth):
-0.02132 (68), -0.01961 (68), -0.01930 (68), -0.01767 (68), -0.01611 (68), -0.01549 (68), -0.01476 (68), -0.01455 (68), -0.01396 (68), -0.01372 (68), -0.01338 (68), -0.01211 (68), -0.01155 (68), -0.01038 (68), -0.01013 (68), -0.00988 (68), -0.00952 (68), -0.00924 (68), -0.00911 (68), -0.00890 (68), 
Current (lb-rhs): -0.021322011947631836
39456 domains visited
Length of domains: 109
Cumulative time: 20.61301350593567

BaB round 59
batch: 109
splitting decisions: 
split level 0: [/26, 314] [/26, 314] [/26, 314] [/26, 314] [/26, 314] [/26, 314] [/26, 314] [/26, 314] [/26, 314] [/26, 314] 
best_l after optimization: -0.5297234654426575
beta sum per layer: [156.49017333984375, 0.8463196754455566, 0.0]
alpha/beta optimization time: 0.15113568305969238
pruning_in_iteration open status: True
ratio of positive domain = 112 / 218 = 0.5137614678899083
pruning-in-iteration extra time: 0.0052204132080078125
Time: get_branching_decision.update_bounds 0.0573    pickout 0.0131    branching_decision 0.0001    decision 0.0001    set_bounds 0.0053    prepare 0.0060    transfer 0.0000    finalize 0.0058    func 0.1876    solve 0.2099    add 0.0012    bab_iteration 0.2325    
Accumulated time: get_branching_decision.update_bounds 0.0573    bab_iteration 20.5183    pickout 2.3219    decision 0.0119    branching_decision 0.0108    set_bounds 0.9367    solve 16.8252    func 17.0097    prepare 1.0277    transfer 0.0032    finalize 1.0767    add 0.4043    
max lb 9.999999747378752e-05 min lb -0.021178126335144043
Number of Verified Splits: 112 of 218
Current worst splitting domains lb-rhs (depth):
-0.02118 (69), -0.01946 (69), -0.01915 (69), -0.01753 (69), -0.01597 (69), -0.01533 (69), -0.01462 (69), -0.01441 (69), -0.01382 (69), -0.01358 (69), -0.01324 (69), -0.01197 (69), -0.01141 (69), -0.01037 (69), -0.01000 (69), -0.00973 (69), -0.00937 (69), -0.00909 (69), -0.00897 (69), -0.00876 (69), 
Current (lb-rhs): -0.021178126335144043
39674 domains visited
Length of domains: 106
Cumulative time: 20.82057809829712

BaB round 60
batch: 106
splitting decisions: 
split level 0: [/26, 3421] [/26, 3421] [/26, 3421] [/26, 3421] [/26, 3421] [/26, 3421] [/26, 3421] [/26, 3421] [/26, 3421] [/26, 3421] 
best_l after optimization: -0.45867279171943665
beta sum per layer: [149.84661865234375, 0.8463196754455566, 0.0]
alpha/beta optimization time: 0.17926764488220215
pruning_in_iteration open status: True
ratio of positive domain = 117 / 212 = 0.5518867924528301
pruning-in-iteration extra time: 0.00527501106262207
Time: get_branching_decision.update_bounds 0.0573    pickout 0.0127    branching_decision 0.0001    decision 0.0001    set_bounds 0.0054    prepare 0.0058    transfer 0.0000    finalize 0.0054    func 0.2144    solve 0.1876    add 0.0013    bab_iteration 0.2076    
Accumulated time: get_branching_decision.update_bounds 0.0573    bab_iteration 20.7259    pickout 2.3346    decision 0.0120    branching_decision 0.0109    set_bounds 0.9421    solve 17.0128    func 17.2240    prepare 1.0335    transfer 0.0032    finalize 1.0821    add 0.4056    
max lb 9.999999747378752e-05 min lb -0.020502328872680664
Number of Verified Splits: 117 of 212
Current worst splitting domains lb-rhs (depth):
-0.02050 (70), -0.01881 (70), -0.01845 (70), -0.01682 (70), -0.01530 (70), -0.01466 (70), -0.01387 (70), -0.01363 (70), -0.01314 (70), -0.01272 (70), -0.01257 (70), -0.01106 (70), -0.01070 (70), -0.00956 (70), -0.00931 (70), -0.00906 (70), -0.00881 (70), -0.00844 (70), -0.00829 (70), -0.00809 (70), 
Current (lb-rhs): -0.020502328872680664
39886 domains visited
Length of domains: 95
Cumulative time: 21.06006646156311

BaB round 61
batch: 95
splitting decisions: 
split level 0: [/26, 5802] [/26, 5802] [/26, 5802] [/26, 5802] [/26, 5802] [/26, 5802] [/26, 5802] [/26, 5802] [/26, 5802] [/26, 5802] 
best_l after optimization: -0.4046436548233032
beta sum per layer: [131.22906494140625, 0.8463196754455566, 0.0]
alpha/beta optimization time: 0.16652870178222656
pruning_in_iteration open status: True
ratio of positive domain = 105 / 190 = 0.5526315789473684
pruning-in-iteration extra time: 0.005272626876831055
Time: get_branching_decision.update_bounds 0.0573    pickout 0.0116    branching_decision 0.0001    decision 0.0001    set_bounds 0.0047    prepare 0.0053    transfer 0.0001    finalize 0.0049    func 0.2002    solve 0.2145    add 0.0067    bab_iteration 0.2395    
Accumulated time: get_branching_decision.update_bounds 0.0573    bab_iteration 20.9654    pickout 2.3462    decision 0.0121    branching_decision 0.0110    set_bounds 0.9469    solve 17.2273    func 17.4243    prepare 1.0388    transfer 0.0033    finalize 1.0870    add 0.4123    
max lb 9.999999747378752e-05 min lb -0.019872665405273438
Number of Verified Splits: 105 of 190
Current worst splitting domains lb-rhs (depth):
-0.01987 (71), -0.01818 (71), -0.01782 (71), -0.01619 (71), -0.01466 (71), -0.01403 (71), -0.01324 (71), -0.01300 (71), -0.01251 (71), -0.01209 (71), -0.01194 (71), -0.01043 (71), -0.01007 (71), -0.00894 (71), -0.00868 (71), -0.00843 (71), -0.00819 (71), -0.00785 (71), -0.00766 (71), -0.00746 (71), 
Current (lb-rhs): -0.019872665405273438
40076 domains visited
Length of domains: 85
Cumulative time: 21.27796196937561

BaB round 62
batch: 85
splitting decisions: 
split level 0: [/26, 1912] [/26, 1912] [/26, 1912] [/26, 1912] [/26, 1912] [/26, 1912] [/26, 1912] [/26, 1912] [/26, 1912] [/26, 1912] 
best_l after optimization: -0.35981863737106323
beta sum per layer: [113.81595611572266, 0.0, 0.0]
alpha/beta optimization time: 0.16142797470092773
pruning_in_iteration open status: True
ratio of positive domain = 95 / 170 = 0.5588235294117647
pruning-in-iteration extra time: 0.005213737487792969
Time: get_branching_decision.update_bounds 0.0573    pickout 0.0105    branching_decision 0.0001    decision 0.0001    set_bounds 0.0043    prepare 0.0046    transfer 0.0000    finalize 0.0043    func 0.1935    solve 0.2003    add 0.0010    bab_iteration 0.2179    
Accumulated time: get_branching_decision.update_bounds 0.0573    bab_iteration 21.1833    pickout 2.3566    decision 0.0122    branching_decision 0.0111    set_bounds 0.9512    solve 17.4275    func 17.6178    prepare 1.0434    transfer 0.0033    finalize 1.0913    add 0.4133    
max lb 9.999999747378752e-05 min lb -0.019301891326904297
Number of Verified Splits: 95 of 170
Current worst splitting domains lb-rhs (depth):
-0.01930 (72), -0.01761 (72), -0.01725 (72), -0.01562 (72), -0.01406 (72), -0.01346 (72), -0.01265 (72), -0.01242 (72), -0.01194 (72), -0.01152 (72), -0.01135 (72), -0.00986 (72), -0.00950 (72), -0.00835 (72), -0.00810 (72), -0.00786 (72), -0.00761 (72), -0.00731 (72), -0.00704 (72), -0.00687 (72), 
Current (lb-rhs): -0.019301891326904297
40246 domains visited
Length of domains: 75
Cumulative time: 21.487595081329346

BaB round 63
batch: 75
splitting decisions: 
split level 0: [/26, 3213] [/26, 3213] [/26, 3213] [/26, 3213] [/26, 3213] [/26, 3213] [/26, 3213] [/26, 3213] [/26, 3213] [/26, 3213] 
best_l after optimization: -0.32458341121673584
beta sum per layer: [98.78163146972656, 0.0, 0.0]
alpha/beta optimization time: 0.1683821678161621
pruning_in_iteration open status: True
ratio of positive domain = 85 / 150 = 0.5666666666666667
pruning-in-iteration extra time: 0.005205869674682617
Time: get_branching_decision.update_bounds 0.0573    pickout 0.0096    branching_decision 0.0001    decision 0.0001    set_bounds 0.0039    prepare 0.0042    transfer 0.0000    finalize 0.0038    func 0.2002    solve 0.1935    add 0.0010    bab_iteration 0.2096    
Accumulated time: get_branching_decision.update_bounds 0.0573    bab_iteration 21.3929    pickout 2.3662    decision 0.0123    branching_decision 0.0112    set_bounds 0.9551    solve 17.6211    func 17.8180    prepare 1.0475    transfer 0.0034    finalize 1.0951    add 0.4144    
max lb 9.999999747378752e-05 min lb -0.018773794174194336
Number of Verified Splits: 85 of 150
Current worst splitting domains lb-rhs (depth):
-0.01877 (73), -0.01712 (73), -0.01673 (73), -0.01502 (73), -0.01353 (73), -0.01293 (73), -0.01218 (73), -0.01190 (73), -0.01139 (73), -0.01106 (73), -0.01094 (73), -0.00943 (73), -0.00899 (73), -0.00776 (73), -0.00756 (73), -0.00737 (73), -0.00720 (73), -0.00678 (73), -0.00651 (73), -0.00634 (73), 
Current (lb-rhs): -0.018773794174194336
40396 domains visited
Length of domains: 65
Cumulative time: 21.702632188796997

BaB round 64
batch: 65
splitting decisions: 
split level 0: [/26, 105] [/26, 105] [/26, 105] [/26, 105] [/26, 105] [/26, 105] [/26, 105] [/26, 105] [/26, 105] [/26, 105] 
best_l after optimization: -0.3162103295326233
beta sum per layer: [81.88949584960938, 0.0, 0.0]
alpha/beta optimization time: 0.15638470649719238
pruning_in_iteration open status: True
ratio of positive domain = 68 / 130 = 0.523076923076923
pruning-in-iteration extra time: 0.005269050598144531
Time: get_branching_decision.update_bounds 0.0573    pickout 0.0086    branching_decision 0.0001    decision 0.0001    set_bounds 0.0034    prepare 0.0037    transfer 0.0000    finalize 0.0036    func 0.1876    solve 0.2003    add 0.0010    bab_iteration 0.2150    
Accumulated time: get_branching_decision.update_bounds 0.0573    bab_iteration 21.6079    pickout 2.3748    decision 0.0124    branching_decision 0.0112    set_bounds 0.9585    solve 17.8213    func 18.0056    prepare 1.0512    transfer 0.0034    finalize 1.0987    add 0.4153    
max lb 9.999999747378752e-05 min lb -0.018621206283569336
Number of Verified Splits: 68 of 130
Current worst splitting domains lb-rhs (depth):
-0.01862 (74), -0.01697 (74), -0.01658 (74), -0.01487 (74), -0.01338 (74), -0.01278 (74), -0.01203 (74), -0.01175 (74), -0.01123 (74), -0.01091 (74), -0.01044 (74), -0.00928 (74), -0.00882 (74), -0.00761 (74), -0.00741 (74), -0.00722 (74), -0.00705 (74), -0.00662 (74), -0.00636 (74), -0.00622 (74), 
Current (lb-rhs): -0.018621206283569336
40526 domains visited
Length of domains: 62
Cumulative time: 21.903382062911987

BaB round 65
batch: 62
splitting decisions: 
split level 0: [/input, 4780] [/input, 4780] [/input, 4780] [/input, 4780] [/input, 4780] [/input, 4780] [/input, 4780] [/input, 4780] [/input, 4780] [/input, 4780] 
best_l after optimization: -0.24065595865249634
beta sum per layer: [78.33094024658203, 0.0, 0.0]
alpha/beta optimization time: 0.18667101860046387
pruning_in_iteration open status: True
ratio of positive domain = 75 / 124 = 0.6048387096774194
pruning-in-iteration extra time: 0.005297183990478516
Time: get_branching_decision.update_bounds 0.0573    pickout 0.0083    branching_decision 0.0001    decision 0.0001    set_bounds 0.0032    prepare 0.0035    transfer 0.0000    finalize 0.0031    func 0.2181    solve 0.1876    add 0.0009    bab_iteration 0.2007    
Accumulated time: get_branching_decision.update_bounds 0.0573    bab_iteration 21.8087    pickout 2.3831    decision 0.0125    branching_decision 0.0113    set_bounds 0.9617    solve 18.0090    func 18.2237    prepare 1.0547    transfer 0.0034    finalize 1.1018    add 0.4163    
max lb 9.999999747378752e-05 min lb -0.017271876335144043
Number of Verified Splits: 75 of 124
Current worst splitting domains lb-rhs (depth):
-0.01727 (75), -0.01562 (75), -0.01523 (75), -0.01359 (75), -0.01204 (75), -0.01147 (75), -0.01065 (75), -0.01036 (75), -0.00986 (75), -0.00956 (75), -0.00906 (75), -0.00780 (75), -0.00747 (75), -0.00631 (75), -0.00609 (75), -0.00587 (75), -0.00564 (75), -0.00529 (75), -0.00488 (75), -0.00468 (75), 
Current (lb-rhs): -0.017271876335144043
40650 domains visited
Length of domains: 49
Cumulative time: 22.134219884872437

BaB round 66
batch: 49
splitting decisions: 
split level 0: [/input, 4748] [/input, 4748] [/input, 4748] [/input, 4748] [/input, 4748] [/input, 4748] [/input, 4748] [/input, 4748] [/input, 4748] [/input, 4748] 
split level 1: [/26, 104] [/26, 104] [/26, 104] [/26, 104] [/26, 104] [/26, 104] [/26, 104] [/26, 104] [/26, 104] [/26, 104] 
best_l after optimization: -0.2041648030281067
beta sum per layer: [120.13829040527344, 0.0, 0.0]
alpha/beta optimization time: 0.16668415069580078
pruning_in_iteration open status: True
ratio of positive domain = 147 / 196 = 0.75
pruning-in-iteration extra time: 0.005242109298706055
Time: get_branching_decision.update_bounds 0.0573    pickout 0.0073    branching_decision 0.0001    decision 0.0001    set_bounds 0.0090    prepare 0.0054    transfer 0.0000    finalize 0.0031    func 0.1982    solve 0.2181    add 0.0010    bab_iteration 0.2308    
Accumulated time: get_branching_decision.update_bounds 0.0573    bab_iteration 22.0395    pickout 2.3904    decision 0.0126    branching_decision 0.0114    set_bounds 0.9707    solve 18.2271    func 18.4218    prepare 1.0601    transfer 0.0035    finalize 1.1049    add 0.4172    
max lb 9.999999747378752e-05 min lb -0.015748023986816406
Number of Verified Splits: 147 of 196
Current worst splitting domains lb-rhs (depth):
-0.01575 (77), -0.01409 (77), -0.01370 (77), -0.01207 (77), -0.01049 (77), -0.00993 (77), -0.00925 (77), -0.00884 (77), -0.00833 (77), -0.00804 (77), -0.00784 (77), -0.00752 (77), -0.00673 (77), -0.00627 (77), -0.00627 (77), -0.00595 (77), -0.00490 (77), -0.00477 (77), -0.00440 (77), -0.00434 (77), 
Current (lb-rhs): -0.015748023986816406
40846 domains visited
Length of domains: 49
Cumulative time: 22.34986400604248

BaB round 67
batch: 49
splitting decisions: 
split level 0: [/input, 4781] [/input, 4781] [/input, 4781] [/input, 4781] [/input, 4781] [/input, 4781] [/input, 4781] [/input, 4781] [/input, 4781] [/input, 4781] 
split level 1: [/input, 5049] [/input, 5049] [/input, 5049] [/input, 5049] [/input, 5049] [/input, 5049] [/input, 5049] [/input, 5049] [/input, 5049] [/input, 5049] 
best_l after optimization: -0.10516031086444855
beta sum per layer: [113.29280853271484, 0.0, 0.0]
alpha/beta optimization time: 0.17534327507019043
pruning_in_iteration open status: True
ratio of positive domain = 169 / 196 = 0.8622448979591837
pruning-in-iteration extra time: 0.005274534225463867
Time: get_branching_decision.update_bounds 0.0573    pickout 0.0070    branching_decision 0.0001    decision 0.0001    set_bounds 0.0063    prepare 0.0052    transfer 0.0000    finalize 0.0020    func 0.2038    solve 0.1982    add 0.0009    bab_iteration 0.2156    
Accumulated time: get_branching_decision.update_bounds 0.0573    bab_iteration 22.2552    pickout 2.3974    decision 0.0127    branching_decision 0.0115    set_bounds 0.9770    solve 18.4253    func 18.6256    prepare 1.0653    transfer 0.0035    finalize 1.1069    add 0.4182    
max lb 9.999999747378752e-05 min lb -0.013233065605163574
Number of Verified Splits: 169 of 196
Current worst splitting domains lb-rhs (depth):
-0.01323 (79), -0.01157 (79), -0.01117 (79), -0.00967 (79), -0.00800 (79), -0.00743 (79), -0.00662 (79), -0.00632 (79), -0.00580 (79), -0.00563 (79), -0.00528 (79), -0.00500 (79), -0.00380 (79), -0.00355 (79), -0.00346 (79), -0.00322 (79), -0.00222 (79), -0.00188 (79), -0.00175 (79), -0.00155 (79), 
Current (lb-rhs): -0.013233065605163574
41042 domains visited
Length of domains: 27
Cumulative time: 22.5680890083313

BaB round 68
batch: 27
splitting decisions: 
split level 0: [/26, 3424] [/26, 3424] [/26, 3424] [/26, 3424] [/26, 3424] [/26, 3424] [/26, 3424] [/26, 3424] [/26, 3424] [/26, 3424] 
split level 1: [/26, 414] [/26, 414] [/26, 414] [/26, 414] [/26, 414] [/26, 414] [/26, 414] [/26, 414] [/26, 414] [/26, 414] 
best_l after optimization: -0.08858954906463623
beta sum per layer: [46.509735107421875, 0.0, 0.0]
alpha/beta optimization time: 0.15567326545715332
pruning_in_iteration open status: True
ratio of positive domain = 86 / 108 = 0.7962962962962963
pruning-in-iteration extra time: 0.005198955535888672
Time: get_branching_decision.update_bounds 0.0573    pickout 0.0048    branching_decision 0.0001    decision 0.0001    set_bounds 0.0037    prepare 0.0031    transfer 0.0000    finalize 0.0017    func 0.1836    solve 0.2038    add 0.0008    bab_iteration 0.2182    
Accumulated time: get_branching_decision.update_bounds 0.0573    bab_iteration 22.4734    pickout 2.4022    decision 0.0128    branching_decision 0.0116    set_bounds 0.9807    solve 18.6291    func 18.8093    prepare 1.0684    transfer 0.0036    finalize 1.1086    add 0.4190    
max lb 9.999999747378752e-05 min lb -0.012194991111755371
Number of Verified Splits: 86 of 108
Current worst splitting domains lb-rhs (depth):
-0.01219 (81), -0.01054 (81), -0.01014 (81), -0.00864 (81), -0.00697 (81), -0.00637 (81), -0.00559 (81), -0.00530 (81), -0.00477 (81), -0.00444 (81), -0.00424 (81), -0.00397 (81), -0.00277 (81), -0.00261 (81), -0.00247 (81), -0.00220 (81), -0.00119 (81), -0.00085 (81), -0.00077 (81), -0.00053 (81), 
Current (lb-rhs): -0.012194991111755371
41150 domains visited
Length of domains: 22
Cumulative time: 22.761205434799194

BaB round 69
batch: 22
splitting decisions: 
split level 0: [/input, 4966] [/input, 4966] [/input, 4966] [/input, 4966] [/input, 4966] [/input, 4966] [/input, 4966] [/input, 4966] [/input, 4966] [/input, 4966] 
split level 1: [/input, 5890] [/input, 5890] [/input, 5890] [/input, 5890] [/input, 5890] [/input, 5890] [/input, 5890] [/input, 5890] [/input, 5890] [/input, 5890] 
split level 2: [/26, 358] [/26, 358] [/26, 358] [/26, 358] [/26, 358] [/26, 358] [/26, 358] [/26, 358] [/26, 358] [/26, 358] 
best_l after optimization: -0.07556456327438354
beta sum per layer: [72.5190200805664, 0.0, 0.0]
alpha/beta optimization time: 0.16019797325134277
pruning_in_iteration open status: True
ratio of positive domain = 154 / 176 = 0.875
pruning-in-iteration extra time: 0.005236387252807617
Time: get_branching_decision.update_bounds 0.0573    pickout 0.0044    branching_decision 0.0001    decision 0.0001    set_bounds 0.0093    prepare 0.0048    transfer 0.0000    finalize 0.0018    func 0.1884    solve 0.1837    add 0.0008    bab_iteration 0.1931    
Accumulated time: get_branching_decision.update_bounds 0.0573    bab_iteration 22.6665    pickout 2.4066    decision 0.0129    branching_decision 0.0116    set_bounds 0.9899    solve 18.8128    func 18.9977    prepare 1.0732    transfer 0.0036    finalize 1.1104    add 0.4198    
max lb 9.999999747378752e-05 min lb -0.010816335678100586
Number of Verified Splits: 154 of 176
Current worst splitting domains lb-rhs (depth):
-0.01082 (84), -0.00916 (84), -0.00877 (84), -0.00726 (84), -0.00619 (84), -0.00559 (84), -0.00498 (84), -0.00473 (84), -0.00426 (84), -0.00422 (84), -0.00392 (84), -0.00339 (84), -0.00313 (84), -0.00302 (84), -0.00286 (84), -0.00259 (84), -0.00139 (84), -0.00123 (84), -0.00116 (84), -0.00110 (84), 
Current (lb-rhs): -0.010816335678100586
41326 domains visited
Length of domains: 22
Cumulative time: 22.964372634887695

BaB round 70
batch: 22
splitting decisions: 
split level 0: [/26, 3212] [/26, 3212] [/26, 3212] [/26, 3212] [/26, 3212] [/26, 3212] [/26, 3212] [/26, 3212] [/26, 3212] [/26, 3212] 
split level 1: [/26, 3184] [/26, 3184] [/26, 3184] [/26, 3184] [/26, 3184] [/26, 3184] [/26, 3184] [/26, 3184] [/26, 3184] [/26, 3184] 
split level 2: [/26, 45] [/26, 45] [/26, 45] [/26, 45] [/26, 45] [/26, 45] [/26, 45] [/26, 45] [/26, 45] [/26, 45] 
best_l after optimization: -0.046506188809871674
beta sum per layer: [65.27446746826172, 0.0, 0.0]
alpha/beta optimization time: 0.155409574508667
pruning_in_iteration open status: True
ratio of positive domain = 159 / 176 = 0.9034090909090909
pruning-in-iteration extra time: 0.0052585601806640625
Time: get_branching_decision.update_bounds 0.0573    pickout 0.0044    branching_decision 0.0001    decision 0.0001    set_bounds 0.0068    prepare 0.0047    transfer 0.0000    finalize 0.0015    func 0.1822    solve 0.1884    add 0.0008    bab_iteration 0.2032    
Accumulated time: get_branching_decision.update_bounds 0.0573    bab_iteration 22.8697    pickout 2.4110    decision 0.0130    branching_decision 0.0117    set_bounds 0.9967    solve 19.0012    func 19.1799    prepare 1.0779    transfer 0.0037    finalize 1.1119    add 0.4205    
max lb 9.999999747378752e-05 min lb -0.009478330612182617
Number of Verified Splits: 159 of 176
Current worst splitting domains lb-rhs (depth):
-0.00948 (87), -0.00783 (87), -0.00743 (87), -0.00592 (87), -0.00475 (87), -0.00426 (87), -0.00363 (87), -0.00320 (87), -0.00288 (87), -0.00279 (87), -0.00258 (87), -0.00206 (87), -0.00179 (87), -0.00138 (87), -0.00126 (87), -0.00112 (87), -0.00006 (87), 
Current (lb-rhs): -0.009478330612182617
41502 domains visited
Length of domains: 17
Cumulative time: 23.158780574798584

BaB round 71
batch: 17
splitting decisions: 
split level 0: [/26, 340] [/26, 340] [/26, 340] [/26, 340] [/26, 340] [/26, 340] [/26, 340] [/26, 340] [/26, 340] [/26, 340] 
split level 1: [/26, 368] [/26, 368] [/26, 368] [/26, 368] [/26, 368] [/26, 368] [/26, 368] [/26, 368] [/26, 368] [/26, 368] 
split level 2: [/26, 357] [/26, 357] [/26, 357] [/26, 357] [/26, 357] [/26, 357] [/26, 357] [/26, 357] [/26, 357] [/26, 357] 
best_l after optimization: -0.04130527004599571
beta sum per layer: [42.45534896850586, 0.0, 0.0]
alpha/beta optimization time: 0.15133905410766602
pruning_in_iteration open status: True
ratio of positive domain = 120 / 136 = 0.8823529411764706
pruning-in-iteration extra time: 0.0052378177642822266
Time: get_branching_decision.update_bounds 0.0573    pickout 0.0039    branching_decision 0.0001    decision 0.0001    set_bounds 0.0054    prepare 0.0038    transfer 0.0000    finalize 0.0014    func 0.1769    solve 0.1823    add 0.0007    bab_iteration 0.1944    
Accumulated time: get_branching_decision.update_bounds 0.0573    bab_iteration 23.0641    pickout 2.4148    decision 0.0131    branching_decision 0.0118    set_bounds 1.0021    solve 19.1835    func 19.3567    prepare 1.0817    transfer 0.0037    finalize 1.1133    add 0.4213    
max lb 9.999999747378752e-05 min lb -0.008921384811401367
Number of Verified Splits: 120 of 136
Current worst splitting domains lb-rhs (depth):
-0.00892 (90), -0.00728 (90), -0.00689 (90), -0.00521 (90), -0.00420 (90), -0.00368 (90), -0.00311 (90), -0.00268 (90), -0.00234 (90), -0.00224 (90), -0.00206 (90), -0.00141 (90), -0.00109 (90), -0.00084 (90), -0.00073 (90), -0.00062 (90), 
Current (lb-rhs): -0.008921384811401367
41638 domains visited
Length of domains: 16
Cumulative time: 23.345858812332153

BaB round 72
batch: 16
splitting decisions: 
split level 0: [/input, 4964] [/input, 4964] [/input, 4964] [/input, 4964] [/input, 4964] [/input, 4964] [/input, 4964] [/input, 4964] [/input, 4964] [/input, 4964] 
split level 1: [/26, 369] [/26, 369] [/26, 369] [/26, 369] [/26, 369] [/26, 369] [/26, 369] [/26, 369] [/26, 369] [/26, 369] 
split level 2: [/26, 359] [/26, 359] [/26, 359] [/26, 359] [/26, 359] [/26, 359] [/26, 359] [/26, 359] [/26, 359] [/26, 359] 
best_l after optimization: -0.017752205953001976
beta sum per layer: [40.57908630371094, 0.0, 0.0]
alpha/beta optimization time: 0.15011072158813477
pruning_in_iteration open status: True
ratio of positive domain = 117 / 128 = 0.9140625
pruning-in-iteration extra time: 0.005194187164306641
Time: get_branching_decision.update_bounds 0.0573    pickout 0.0037    branching_decision 0.0001    decision 0.0001    set_bounds 0.0069    prepare 0.0037    transfer 0.0000    finalize 0.0012    func 0.1796    solve 0.1769    add 0.0007    bab_iteration 0.1871    
Accumulated time: get_branching_decision.update_bounds 0.0573    bab_iteration 23.2511    pickout 2.4186    decision 0.0132    branching_decision 0.0119    set_bounds 1.0090    solve 19.3604    func 19.5363    prepare 1.0854    transfer 0.0037    finalize 1.1145    add 0.4220    
max lb 9.999999747378752e-05 min lb -0.007183670997619629
Number of Verified Splits: 117 of 128
Current worst splitting domains lb-rhs (depth):
-0.00718 (93), -0.00555 (93), -0.00514 (93), -0.00348 (93), -0.00242 (93), -0.00194 (93), -0.00139 (93), -0.00092 (93), -0.00062 (93), -0.00047 (93), -0.00034 (93), 
Current (lb-rhs): -0.007183670997619629
41766 domains visited
Length of domains: 11
Cumulative time: 23.536932229995728

BaB round 73
batch: 11
splitting decisions: 
split level 0: [/input, 4990] [/input, 4990] [/input, 4990] [/input, 4990] [/input, 4990] [/input, 4990] [/input, 4990] [/input, 4990] [/input, 4990] [/input, 4990] 
split level 1: [/input, 4752] [/input, 4752] [/input, 4752] [/input, 4752] [/input, 4752] [/input, 4752] [/input, 4752] [/input, 4752] [/input, 4752] [/input, 4752] 
split level 2: [/input, 3660] [/input, 3660] [/input, 3660] [/input, 3660] [/input, 3660] [/input, 3660] [/input, 3660] [/input, 3660] [/input, 3660] [/input, 3660] 
split level 3: [/26, 1940] [/26, 1940] [/26, 1940] [/26, 1940] [/26, 1940] [/26, 1940] [/26, 1940] [/26, 1940] [/26, 1940] [/26, 1940] 
best_l after optimization: 0.009975183755159378
beta sum per layer: [47.99852752685547, 0.0, 0.0]
alpha/beta optimization time: 0.1629483699798584
pruning_in_iteration open status: True
ratio of positive domain = 173 / 176 = 0.9829545454545454
pruning-in-iteration extra time: 0.0052032470703125
Time: get_branching_decision.update_bounds 0.0573    pickout 0.0032    branching_decision 0.0001    decision 0.0001    set_bounds 0.0103    prepare 0.0049    transfer 0.0000    finalize 0.0008    func 0.2011    solve 0.1796    add 0.0006    bab_iteration 0.1911    
Accumulated time: get_branching_decision.update_bounds 0.0573    bab_iteration 23.4422    pickout 2.4217    decision 0.0133    branching_decision 0.0119    set_bounds 1.0192    solve 19.5400    func 19.7374    prepare 1.0903    transfer 0.0038    finalize 1.1153    add 0.4226    
max lb 9.999999747378752e-05 min lb -0.0036797523498535156
Number of Verified Splits: 173 of 176
Current worst splitting domains lb-rhs (depth):
-0.00368 (97), -0.00204 (97), -0.00161 (97), 
Current (lb-rhs): -0.0036797523498535156
41942 domains visited
Length of domains: 3
Cumulative time: 23.75232768058777

BaB round 74
batch: 3
splitting decisions: 
split level 0: [/input, 5618] [/input, 5618] [/input, 5618] 
split level 1: [/26, 5875] [/26, 5875] [/26, 5875] 
split level 2: [/26, 3185] [/26, 3185] [/26, 3185] 
split level 3: [/26, 5563] [/26, 5563] [/26, 5563] 
split level 4: [/26, 387] [/26, 387] [/26, 387] 
split level 5: [/26, 412] [/26, 412] [/26, 412] 
best_l after optimization: 0.018241573125123978
beta sum per layer: [23.094385147094727, 0.0, 0.0]
alpha/beta optimization time: 0.15987801551818848
pruning_in_iteration open status: True
ratio of positive domain = 191 / 192 = 0.9947916666666666
pruning-in-iteration extra time: 0.005220174789428711
Time: get_branching_decision.update_bounds 0.0573    pickout 0.0022    branching_decision 0.0001    decision 0.0001    set_bounds 0.0138    prepare 0.0053    transfer 0.0000    finalize 0.0007    func 0.2024    solve 0.2011    add 0.0006    bab_iteration 0.2154    
Accumulated time: get_branching_decision.update_bounds 0.0573    bab_iteration 23.6576    pickout 2.4240    decision 0.0133    branching_decision 0.0120    set_bounds 1.0330    solve 19.7411    func 19.9397    prepare 1.0955    transfer 0.0038    finalize 1.1160    add 0.4232    
max lb 9.999999747378752e-05 min lb -0.0008584260940551758
Number of Verified Splits: 191 of 192
Current worst splitting domains lb-rhs (depth):
-0.00086 (103), 
Current (lb-rhs): -0.0008584260940551758
42134 domains visited
Length of domains: 1
Cumulative time: 23.971454620361328

BaB round 75
batch: 1
splitting decisions: 
split level 0: [/input, 4779] 
split level 1: [/26, 5903] 
split level 2: [/26, 3506] 
split level 3: [/26, 1885] 
split level 4: [/26, 286] 
split level 5: [/26, 5829] 
split level 6: [/26, 1911] 

all verified at 0th iter
best_l after optimization: 3.0177652835845947
beta sum per layer: [0.0, 0.0, 0.0]
alpha/beta optimization time: 0.004680633544921875
pruning_in_iteration open status: False
ratio of positive domain = 128 / 128 = 1.0
pruning-in-iteration extra time: 4.792213439941406e-05
Time: get_branching_decision.update_bounds 0.0573    pickout 0.0020    branching_decision 0.0001    decision 0.0001    set_bounds 0.0106    prepare 0.0037    transfer 0.0000    finalize 0.0004    func 0.0120    solve 0.2024    add 0.0005    bab_iteration 0.2191    
Accumulated time: get_branching_decision.update_bounds 0.0573    bab_iteration 23.8767    pickout 2.4260    decision 0.0135    branching_decision 0.0121    set_bounds 1.0436    solve 19.9435    func 19.9517    prepare 1.0993    transfer 0.0038    finalize 1.1164    add 0.4237    
max lb 0.044275760650634766 min lb 0.0029206275939941406
Number of Verified Splits: 128 of 128
Current (lb-rhs): 1.0000000116860974e-07
42262 domains visited
Length of domains: 0
Cumulative time: 23.996264457702637

Result: safe in 29.6809 seconds

 %%%%%%%%%%%%%%%%%%%%%%%%%%%%%%%%%%% idx: 2, vnnlib ID: 2 %%%%%%%%%%%%%%%%%%%%%%%%%%%%%%%%%%%
Finished vnnlib processing in 0.001386 seconds
Model: BoundedModule(
  (/input-1): BoundInput(name=/input-1, inputs=[], perturbed=True)
  (/shape): BoundBuffers(name=/shape, inputs=[], perturbed=False)
  (/12): BoundParams(name=/12, inputs=[], perturbed=False)
  (/13): BoundParams(name=/13, inputs=[], perturbed=False)
  (/14): BoundParams(name=/14, inputs=[], perturbed=False)
  (/15): BoundParams(name=/15, inputs=[], perturbed=False)
  (/16): BoundParams(name=/16, inputs=[], perturbed=False)
  (/17): BoundParams(name=/17, inputs=[], perturbed=False)
  (/18): BoundParams(name=/18, inputs=[], perturbed=False)
  (/19): BoundParams(name=/19, inputs=[], perturbed=False)
  (/20): BoundParams(name=/20, inputs=[], perturbed=False)
  (/21): BoundParams(name=/21, inputs=[], perturbed=False)
  (/input): BoundConv(name=/input, inputs=[/input-1, /12, /13], perturbed=True)
  (/input-4): BoundRelu(name=/input-4, inputs=[/input], perturbed=True)
  (/24): BoundConv(name=/24, inputs=[/input-4, /14, /15], perturbed=True)
  (/25): BoundConv(name=/25, inputs=[/input-4, /16, /17], perturbed=True)
  (/26): BoundAdd(name=/26, inputs=[/24, /25], perturbed=True)
  (/27): BoundRelu(name=/27, inputs=[/26], perturbed=True)
  (/28): BoundSplit(name=/28, inputs=[/shape], perturbed=False)
  (/29): BoundSplit(name=/29, inputs=[/shape], perturbed=False)
  (/30): BoundConstant(name=/30, value=tensor([0], device='cuda:0'))
  (/31): BoundSqueeze(name=/31, inputs=[/28, /30], perturbed=False)
  (/32): BoundConstant(name=/32, value=tensor([0], device='cuda:0'))
  (/33): BoundSqueeze(name=/33, inputs=[/29, /32], perturbed=False)
  (/34): BoundConstant(name=/34, value=tensor([0], device='cuda:0'))
  (/35): BoundUnsqueeze(name=/35, inputs=[/31, /34], perturbed=False)
  (/36): BoundConstant(name=/36, value=tensor([0], device='cuda:0'))
  (/37): BoundUnsqueeze(name=/37, inputs=[/33, /36], perturbed=False)
  (/38): BoundConcat(name=/38, inputs=[/35, /37], perturbed=False)
  (/39): BoundReshape(name=/39, inputs=[/27, /38], perturbed=True)
  (/input-8): BoundLinear(name=/input-8, inputs=[/39, /18, /19], perturbed=True)
  (/41): BoundRelu(name=/41, inputs=[/input-8], perturbed=True)
  (/42): BoundLinear(name=/42, inputs=[/41, /20, /21], perturbed=True)
)
Original output in the first batch: tensor([[-4.01014233,  4.31233358,  0.73387587, -0.85888243, -1.85305274,
         -0.55965620,  0.55245036, -0.92031461, -0.36660531, -2.92427611]],
       device='cuda:0')
Split layers:
Nonlinear functions:
   BoundRelu(name=/input-4, inputs=[/input], perturbed=True)
   BoundRelu(name=/27, inputs=[/26], perturbed=True)
   BoundRelu(name=/41, inputs=[/input-8], perturbed=True)
build batch [1/1]
layer /input-4 using sparse-features alpha with shape [1544]; unstable size 1544; total size 6272 ([1, 8, 28, 28])
layer /input-4 start_node /26 using full alpha [2, 6272, 1, 1544] with unstable size None total_size 6272 output_shape torch.Size([8, 28, 28])
layer /input-4 start_node /input-8 using sparse-spec alpha [2, 20, 1, 1544] with unstable size 19 total_size 64 output_shape torch.Size([64])
layer /input-4 start_node /42 using full alpha [2, 9, 1, 1544] with unstable size None total_size 9 output_shape 9
layer /27 using sparse-features alpha with shape [2406]; unstable size 2406; total size 6272 ([1, 8, 28, 28])
layer /27 start_node /input-8 using sparse-spec alpha [2, 20, 1, 2406] with unstable size 19 total_size 64 output_shape torch.Size([64])
layer /27 start_node /42 using full alpha [2, 9, 1, 2406] with unstable size None total_size 9 output_shape 9
layer /41 using sparse-features alpha with shape [19]; unstable size 19; total size 64 ([1, 64])
layer /41 start_node /42 using full alpha [2, 9, 1, 19] with unstable size None total_size 9 output_shape 9
Optimizable variables initialized.
initial CROWN bounds (first 10 items): [0.682384729385376, -2.600661277770996, -2.063976287841797, 0.3250007629394531, -0.8832862377166748, -2.6282331943511963, -1.7581710815429688, -0.31422877311706543, 0.41973698139190674]
prune_after_crown optimization in use
  original spec size = torch.Size([1, 9])
  pruned spec size = torch.Size([1, 6])
Using alpha-CROWN to initialize bounds.
best_l after optimization: -8.385645866394043
alpha/beta optimization time: 4.999349117279053
initial alpha-crown bounds (first 10 items): [-2.3265175819396973, -1.710276484489441, -0.6320114135742188, -2.262942314147949, -1.3974311351776123, -0.05646705627441406]
Global lower bound: -2.3265175819396973
3 / 9 OR specs are verified.
Verified OR indices (first 10 items): [0, 3, 8]
Verified OR lbs (first 10 items): [[inf], [inf], [inf]]
Unverified OR indices (first 10 items): [1, 2, 4, 5, 6, 7]
Unverified OR lbs (first 10 items): [[-2.3265175819396973], [-1.710276484489441], [-0.6320114135742188], [-2.262942314147949], [-1.3974311351776123], [-0.05646705627441406]]
###### Verifying property Instance 2 ######
Batch size: 6
First 10 spec matrices
C: tensor([[[ 0.,  1., -1.,  0.,  0.,  0.,  0.,  0.,  0.,  0.]],

        [[ 0.,  1.,  0., -1.,  0.,  0.,  0.,  0.,  0.,  0.]],

        [[ 0.,  1.,  0.,  0.,  0., -1.,  0.,  0.,  0.,  0.]],

        [[ 0.,  1.,  0.,  0.,  0.,  0., -1.,  0.,  0.,  0.]],

        [[ 0.,  1.,  0.,  0.,  0.,  0.,  0., -1.,  0.,  0.]],

        [[ 0.,  1.,  0.,  0.,  0.,  0.,  0.,  0., -1.,  0.]]], device='cuda:0')
RHS: tensor([[0.],
        [0.],
        [0.],
        [0.],
        [0.],
        [0.]], device='cuda:0')
OR spec sizes: tensor([1, 1, 1, 1, 1, 1], device='cuda:0', dtype=torch.int32)
Remaining timeout: 54.480907917022705
Model prediction is: tensor([-4.01014233,  4.31233358,  0.73387587, -0.85888243, -1.85305274,
        -0.55965620,  0.55245036, -0.92031461, -0.36660531, -2.92427611],
       device='cuda:0')
Activation BaB batch 1/1 
build_with_refined_bounds batch [1/1]
Optimizable variables initialized.
all alpha initialized
directly get lb and ub from refined bounds
c shape: torch.Size([6, 1, 10])
lA shapes: [torch.Size([6, 1, 8, 28, 28]), torch.Size([6, 1, 8, 28, 28]), torch.Size([6, 1, 64])]
(alpha-)CROWN with fixed intermediate bounds: tensor([[-2.32651758],
        [-1.71027648],
        [-0.63201141],
        [-2.26294231],
        [-1.39743114],
        [-0.05646706]], device='cuda:0') tensor([[inf],
        [inf],
        [inf],
        [inf],
        [inf],
        [inf]], device='cuda:0')
Intermediate layers: /input,/26,/input-8
Keeping alphas for these layers: ['/42']
Node /input-4 input 0: size torch.Size([8, 28, 28]) unstable 1544
Node /27 input 0: size torch.Size([8, 28, 28]) unstable 2400
Node /41 input 0: size torch.Size([64]) unstable 19
-----------------
# of unstable neurons: 3963
-----------------

BaB round 1
batch: 6
splitting decisions: 
split level 0: [/input-8, 33] [/input-8, 15] [/input-8, 17] [/input-8, 15] [/input-8, 33] [/input-8, 15] 
split level 1: [/input-8, 17] [/input-8, 55] [/input-8, 55] [/input-8, 10] [/input-8, 17] [/input-8, 53] 
split level 2: [/input-8, 10] [/input-8, 10] [/input-8, 53] [/input-8, 29] [/input-8, 53] [/input-8, 55] 
split level 3: [/input-8, 46] [/input-8, 53] [/input-8, 15] [/input-8, 30] [/input-8, 37] [/input-8, 46] 
split level 4: [/input-8, 30] [/input-8, 17] [/input-8, 20] [/input-8, 37] [/input-8, 20] [/input-8, 37] 
best_l after optimization: -14.408462524414062
beta sum per layer: [0.0, 0.0, 12.677372932434082]
alpha/beta optimization time: 0.17389488220214844
pruning_in_iteration open status: True
ratio of positive domain = 168 / 192 = 0.875
pruning-in-iteration extra time: 0.005801200866699219
Time: get_branching_decision.update_bounds 0.0239    pickout 0.0014    branching_decision 0.0001    decision 0.0001    set_bounds 0.0090    prepare 0.0019    transfer 0.0000    finalize 0.0016    func 0.1988    
Accumulated time: get_branching_decision.update_bounds 0.0239    bab_iteration 0.0000    pickout 0.0014    decision 0.0001    branching_decision 0.0001    set_bounds 0.0090    solve 0.0000    func 0.1988    prepare 0.0019    transfer 0.0000    finalize 0.0016    
max lb 9.999999747378752e-05 min lb -1.6813569068908691
Number of Verified Splits: 168 of 192
Current worst splitting domains lb-rhs (depth):
-1.68136 (5), -1.67106 (5), -1.50190 (5), -1.41075 (5), -0.77542 (5), -0.76519 (5), -0.71255 (5), -0.68210 (5), -0.63788 (5), -0.54556 (5), -0.48101 (5), -0.47808 (5), -0.46725 (5), -0.44011 (5), -0.32365 (5), -0.30712 (5), -0.28923 (5), -0.26808 (5), -0.24133 (5), -0.23055 (5), 
Current (lb-rhs): -1.6813569068908691
192 domains visited
Length of domains: 24
Cumulative time: 0.2572958469390869

BaB round 2
batch: 24
splitting decisions: 
split level 0: [/input-8, 53] [/input-8, 53] [/input-8, 53] [/input-8, 15] [/input-8, 15] [/input-8, 53] [/input-8, 53] [/input-8, 53] [/input-8, 53] [/input-8, 15] 
split level 1: [/input-8, 63] [/input-8, 63] [/input-8, 63] [/input-8, 37] [/input-8, 37] [/input-8, 54] [/input-8, 63] [/input-8, 63] [/input-8, 63] [/input-8, 37] 
split level 2: [/input-8, 54] [/input-8, 54] [/input-8, 54] [/input-8, 29] [/input-8, 29] [/input-8, 63] [/input-8, 54] [/input-8, 54] [/input-8, 54] [/input-8, 29] 
best_l after optimization: -19.58926010131836
beta sum per layer: [0.0, 0.0, 104.04576873779297]
alpha/beta optimization time: 0.17099332809448242
pruning_in_iteration open status: True
ratio of positive domain = 161 / 192 = 0.8385416666666666
pruning-in-iteration extra time: 0.005482673645019531
Time: get_branching_decision.update_bounds 0.0239    pickout 0.0032    branching_decision 0.0001    decision 0.0001    set_bounds 0.0073    prepare 0.0036    transfer 0.0000    finalize 0.0017    func 0.1979    solve 0.1989    add 0.0009    bab_iteration 0.2104    
Accumulated time: get_branching_decision.update_bounds 0.0239    bab_iteration 0.2104    pickout 0.0046    decision 0.0002    branching_decision 0.0001    set_bounds 0.0164    solve 0.1989    func 0.3967    prepare 0.0055    transfer 0.0001    finalize 0.0033    add 0.0009    
max lb 9.999999747378752e-05 min lb -1.4571408033370972
Number of Verified Splits: 161 of 192
Current worst splitting domains lb-rhs (depth):
-1.45714 (8), -1.44669 (8), -1.41522 (8), -1.32228 (8), -1.26956 (8), -1.24252 (8), -1.23381 (8), -1.21770 (8), -1.10966 (8), -1.10407 (8), -1.04297 (8), -1.03938 (8), -0.45601 (8), -0.43670 (8), -0.41681 (8), -0.41366 (8), -0.38372 (8), -0.35802 (8), -0.35108 (8), -0.34818 (8), 
Current (lb-rhs): -1.4571408033370972
384 domains visited
Length of domains: 31
Cumulative time: 0.46689629554748535

BaB round 3
batch: 31
splitting decisions: 
split level 0: [/input-8, 63] [/input-8, 63] [/input-8, 63] [/input-8, 63] [/input-8, 63] [/input-8, 63] [/input-8, 36] [/input-8, 36] [/input-8, 27] [/input-8, 55] 
split level 1: [/input-8, 54] [/input-8, 54] [/input-8, 54] [/input-8, 54] [/input-8, 54] [/input-8, 54] [/input-8, 59] [/input-8, 59] [/input-8, 36] [/input-8, 4] 
best_l after optimization: -19.595340728759766
beta sum per layer: [0.0, 0.0, 57.52177047729492]
alpha/beta optimization time: 0.15470600128173828
pruning_in_iteration open status: True
ratio of positive domain = 87 / 124 = 0.7016129032258065
pruning-in-iteration extra time: 0.005307912826538086
Time: get_branching_decision.update_bounds 0.0239    pickout 0.0038    branching_decision 0.0001    decision 0.0001    set_bounds 0.0041    prepare 0.0024    transfer 0.0000    finalize 0.0018    func 0.1828    solve 0.1979    add 0.0009    bab_iteration 0.2096    
Accumulated time: get_branching_decision.update_bounds 0.0239    bab_iteration 0.4200    pickout 0.0084    decision 0.0003    branching_decision 0.0002    set_bounds 0.0205    solve 0.3968    func 0.5795    prepare 0.0079    transfer 0.0001    finalize 0.0050    add 0.0017    
max lb 9.999999747378752e-05 min lb -1.3609564304351807
Number of Verified Splits: 87 of 124
Current worst splitting domains lb-rhs (depth):
-1.36096 (10), -1.35659 (10), -1.34819 (10), -1.25805 (10), -1.17234 (10), -1.16737 (10), -1.14839 (10), -1.14405 (10), -1.04526 (10), -1.03839 (10), -0.97455 (10), -0.97030 (10), -0.39007 (10), -0.37998 (10), -0.37380 (10), -0.36629 (10), -0.32440 (10), -0.30753 (10), -0.29035 (10), -0.28799 (10), 
Current (lb-rhs): -1.3609564304351807
508 domains visited
Length of domains: 37
Cumulative time: 0.6588218212127686

BaB round 4
batch: 37
splitting decisions: 
split level 0: [/input-8, 55] [/input-8, 17] [/input-8, 55] [/input-8, 17] [/input-8, 55] [/input-8, 55] [/input-8, 55] [/input-8, 55] [/input-8, 55] [/input-8, 29] 
split level 1: [/input-8, 34] [/input-8, 59] [/input-8, 34] [/input-8, 59] [/input-8, 34] [/input-8, 34] [/input-8, 34] [/input-8, 34] [/input-8, 34] [/input-8, 34] 
best_l after optimization: -30.8923282623291
beta sum per layer: [2.0271615982055664, 0.34907448291778564, 90.28872680664062]
alpha/beta optimization time: 0.18839049339294434
pruning_in_iteration open status: True
ratio of positive domain = 91 / 148 = 0.6148648648648649
pruning-in-iteration extra time: 0.005408525466918945
Time: get_branching_decision.update_bounds 0.0239    pickout 0.0042    branching_decision 0.0001    decision 0.0001    set_bounds 0.0053    prepare 0.0033    transfer 0.0000    finalize 0.0026    func 0.2191    solve 0.1828    add 0.0009    bab_iteration 0.1919    
Accumulated time: get_branching_decision.update_bounds 0.0239    bab_iteration 0.6119    pickout 0.0126    decision 0.0004    branching_decision 0.0003    set_bounds 0.0258    solve 0.5796    func 0.7986    prepare 0.0112    transfer 0.0002    finalize 0.0076    add 0.0026    
max lb 9.999999747378752e-05 min lb -1.2965500354766846
Number of Verified Splits: 91 of 148
Current worst splitting domains lb-rhs (depth):
-1.29655 (12), -1.29045 (12), -1.27750 (12), -1.26682 (12), -1.19630 (12), -1.19600 (12), -1.17266 (12), -1.16953 (12), -1.10498 (12), -1.08703 (12), -1.08668 (12), -1.08227 (12), -1.06726 (12), -1.06552 (12), -1.05604 (12), -1.04313 (12), -0.98179 (12), -0.97540 (12), -0.97170 (12), -0.95932 (12), 
Current (lb-rhs): -1.2965500354766846
656 domains visited
Length of domains: 57
Cumulative time: 0.8889110088348389

BaB round 5
batch: 57
splitting decisions: 
split level 0: [/26, 2757] [/26, 2757] [/26, 2757] [/input, 4217] [/input-8, 57] [/input-8, 57] [/input-8, 57] [/input-8, 57] [/input-8, 57] [/input-8, 36] 
best_l after optimization: -32.57939910888672
beta sum per layer: [4.6865081787109375, 2.324652671813965, 75.543701171875]
alpha/beta optimization time: 0.18131303787231445
pruning_in_iteration open status: True
ratio of positive domain = 46 / 114 = 0.4035087719298246
pruning-in-iteration extra time: 0.005279541015625
Time: get_branching_decision.update_bounds 0.0239    pickout 0.0064    branching_decision 0.0001    decision 0.0001    set_bounds 0.0030    prepare 0.0028    transfer 0.0000    finalize 0.0033    func 0.2108    solve 0.2191    add 0.0011    bab_iteration 0.2301    
Accumulated time: get_branching_decision.update_bounds 0.0239    bab_iteration 0.8420    pickout 0.0190    decision 0.0005    branching_decision 0.0004    set_bounds 0.0288    solve 0.7987    func 1.0093    prepare 0.0140    transfer 0.0002    finalize 0.0109    add 0.0038    
max lb 9.999999747378752e-05 min lb -1.2830498218536377
Number of Verified Splits: 46 of 114
Current worst splitting domains lb-rhs (depth):
-1.28305 (13), -1.27681 (13), -1.25657 (13), -1.24687 (13), -1.18511 (13), -1.18489 (13), -1.14152 (13), -1.14092 (13), -1.09206 (13), -1.07455 (13), -1.07270 (13), -1.05555 (13), -1.05368 (13), -1.03790 (13), -1.03016 (13), -1.01647 (13), -0.96668 (13), -0.96042 (13), -0.95666 (13), -0.95561 (13), 
Current (lb-rhs): -1.2830498218536377
770 domains visited
Length of domains: 68
Cumulative time: 1.1116833686828613

BaB round 6
batch: 68
splitting decisions: 
split level 0: [/input, 4217] [/input, 4217] [/input, 4217] [/input, 2839] [/input, 2673] [/input, 2673] [/input, 2673] [/input, 2673] [/input, 2673] [/input-8, 54] 
best_l after optimization: -45.54269027709961
beta sum per layer: [32.22288513183594, 4.463972091674805, 86.96566772460938]
alpha/beta optimization time: 0.14287924766540527
pruning_in_iteration open status: False
ratio of positive domain = 27 / 136 = 0.19852941176470584
pruning-in-iteration extra time: 7.534027099609375e-05
Time: get_branching_decision.update_bounds 0.0239    pickout 0.0077    branching_decision 0.0001    decision 0.0001    set_bounds 0.0033    prepare 0.0036    transfer 0.0000    finalize 0.0061    func 0.1792    solve 0.2109    add 0.0022    bab_iteration 0.2228    
Accumulated time: get_branching_decision.update_bounds 0.0239    bab_iteration 1.0648    pickout 0.0267    decision 0.0006    branching_decision 0.0005    set_bounds 0.0321    solve 1.0096    func 1.1885    prepare 0.0176    transfer 0.0003    finalize 0.0169    add 0.0060    
max lb 1.043111801147461 min lb -1.279369592666626
Number of Verified Splits: 27 of 136
Current worst splitting domains lb-rhs (depth):
-1.27937 (14), -1.27365 (14), -1.23669 (14), -1.22721 (14), -1.22561 (14), -1.21692 (14), -1.18217 (14), -1.18164 (14), -1.12590 (14), -1.12589 (14), -1.11643 (14), -1.11599 (14), -1.08894 (14), -1.07117 (14), -1.06914 (14), -1.04947 (14), -1.03339 (14), -1.02910 (14), -1.01498 (14), -1.01273 (14), 
Current (lb-rhs): -1.279369592666626
906 domains visited
Length of domains: 109
Cumulative time: 1.3039166927337646

BaB round 7
batch: 109
splitting decisions: 
split level 0: [/input, 2839] [/input, 4604] [/input, 4189] [/26, 2756] [/input, 4075] [/input, 2728] [/input, 4075] [/input, 4189] [/input-8, 57] [/input, 5699] 
best_l after optimization: -66.58853149414062
beta sum per layer: [116.98167419433594, 15.893633842468262, 122.8437728881836]
alpha/beta optimization time: 0.1396317481994629
pruning_in_iteration open status: True
ratio of positive domain = 44 / 218 = 0.2018348623853211
pruning-in-iteration extra time: 5.340576171875e-05
Time: get_branching_decision.update_bounds 0.0239    pickout 0.0114    branching_decision 0.0001    decision 0.0001    set_bounds 0.0053    prepare 0.0055    transfer 0.0001    finalize 0.0108    func 0.1902    solve 0.1793    add 0.0018    bab_iteration 0.1922    
Accumulated time: get_branching_decision.update_bounds 0.0239    bab_iteration 1.2570    pickout 0.0381    decision 0.0008    branching_decision 0.0006    set_bounds 0.0373    solve 1.1888    func 1.3787    prepare 0.0230    transfer 0.0003    finalize 0.0277    add 0.0078    
max lb 1.6133897304534912 min lb -1.275686502456665
Number of Verified Splits: 44 of 218
Current worst splitting domains lb-rhs (depth):
-1.27569 (15), -1.26987 (15), -1.26842 (15), -1.26280 (15), -1.22161 (15), -1.22092 (15), -1.21226 (15), -1.21150 (15), -1.21133 (15), -1.20279 (15), -1.17922 (15), -1.17890 (15), -1.12893 (15), -1.12884 (15), -1.11831 (15), -1.11783 (15), -1.09822 (15), -1.09705 (15), -1.08585 (15), -1.07734 (15), 
Current (lb-rhs): -1.275686502456665
1124 domains visited
Length of domains: 174
Cumulative time: 1.513188123703003

BaB round 8
batch: 174
splitting decisions: 
split level 0: [/input, 4602] [/input, 2839] [/input, 2728] [/input, 4189] [/input, 2728] [/input, 4945] [/input, 4189] [/input, 4217] [/input, 4158] [/input, 349] 
best_l after optimization: -179.54266357421875
beta sum per layer: [345.9207763671875, 40.86933898925781, 148.7503662109375]
alpha/beta optimization time: 0.13860011100769043
pruning_in_iteration open status: False
ratio of positive domain = 8 / 348 = 0.02298850574712641
pruning-in-iteration extra time: 5.364418029785156e-05
Time: get_branching_decision.update_bounds 0.0239    pickout 0.0189    branching_decision 0.0002    decision 0.0002    set_bounds 0.0080    prepare 0.0089    transfer 0.0001    finalize 0.0190    func 0.2258    solve 0.1902    add 0.0020    bab_iteration 0.2093    
Accumulated time: get_branching_decision.update_bounds 0.0239    bab_iteration 1.4663    pickout 0.0570    decision 0.0010    branching_decision 0.0008    set_bounds 0.0453    solve 1.3791    func 1.6045    prepare 0.0320    transfer 0.0004    finalize 0.0467    add 0.0098    
max lb 0.042780160903930664 min lb -1.2738816738128662
Number of Verified Splits: 8 of 348
Current worst splitting domains lb-rhs (depth):
-1.27388 (16), -1.26787 (16), -1.26670 (16), -1.26096 (16), -1.23170 (16), -1.23098 (16), -1.21805 (16), -1.21770 (16), -1.21218 (16), -1.20983 (16), -1.20842 (16), -1.20825 (16), -1.20726 (16), -1.20504 (16), -1.20032 (16), -1.19948 (16), -1.19252 (16), -1.18170 (16), -1.17706 (16), -1.17660 (16), 
Current (lb-rhs): -1.2738816738128662
1472 domains visited
Length of domains: 340
Cumulative time: 1.7720284461975098

BaB round 9
batch: 340
splitting decisions: 
split level 0: [/input, 5727] [/input, 5699] [/26, 2756] [/input, 4158] [/input, 4945] [/input, 4189] [/input, 4130] [/input, 4189] [/input, 4407] [/input, 4407] 
best_l after optimization: -345.4244079589844
beta sum per layer: [905.14501953125, 91.809326171875, 279.565185546875]
alpha/beta optimization time: 0.14781951904296875
pruning_in_iteration open status: False
ratio of positive domain = 27 / 680 = 0.039705882352941146
pruning-in-iteration extra time: 5.53131103515625e-05
Time: get_branching_decision.update_bounds 0.0239    pickout 0.0331    branching_decision 0.0002    decision 0.0002    set_bounds 0.0157    prepare 0.0170    transfer 0.0001    finalize 0.0334    func 0.2818    solve 0.2258    add 0.0057    bab_iteration 0.2588    
Accumulated time: get_branching_decision.update_bounds 0.0239    bab_iteration 1.7251    pickout 0.0901    decision 0.0012    branching_decision 0.0010    set_bounds 0.0610    solve 1.6049    func 1.8864    prepare 0.0490    transfer 0.0005    finalize 0.0802    add 0.0155    
max lb 0.053469181060791016 min lb -1.2720152139663696
Number of Verified Splits: 27 of 680
Current worst splitting domains lb-rhs (depth):
-1.27202 (17), -1.26662 (17), -1.26462 (17), -1.26334 (17), -1.26081 (17), -1.24530 (17), -1.23932 (17), -1.23691 (17), -1.21438 (17), -1.21372 (17), -1.21202 (17), -1.21059 (17), -1.20929 (17), -1.20894 (17), -1.20815 (17), -1.20731 (17), -1.20523 (17), -1.20442 (17), -1.20383 (17), -1.20335 (17), 
Current (lb-rhs): -1.2720152139663696
2152 domains visited
Length of domains: 653
Cumulative time: 2.10801362991333

BaB round 10
batch: 653
splitting decisions: 
split level 0: [/input, 5699] [/input, 5727] [/input, 2673] [/26, 2811] [/input, 4189] [/input, 2645] [/26, 1950] [/input, 2673] [/input, 349] [/input, 350] 
best_l after optimization: -665.9937744140625
beta sum per layer: [2058.84130859375, 254.531494140625, 510.1141357421875]
alpha/beta optimization time: 0.20243120193481445
pruning_in_iteration open status: False
ratio of positive domain = 46 / 1306 = 0.03522205206738127
pruning-in-iteration extra time: 5.53131103515625e-05
Time: get_branching_decision.update_bounds 0.0239    pickout 0.0613    branching_decision 0.0003    decision 0.0003    set_bounds 0.0295    prepare 0.0356    transfer 0.0001    finalize 0.0701    func 0.4644    solve 0.2819    add 0.0042    bab_iteration 0.3360    
Accumulated time: get_branching_decision.update_bounds 0.0239    bab_iteration 2.0611    pickout 0.1514    decision 0.0015    branching_decision 0.0013    set_bounds 0.0905    solve 1.8868    func 2.3508    prepare 0.0847    transfer 0.0005    finalize 0.1502    add 0.0197    
max lb 0.05583000183105469 min lb -1.2689907550811768
Number of Verified Splits: 46 of 1306
Current worst splitting domains lb-rhs (depth):
-1.26899 (18), -1.26769 (18), -1.26468 (18), -1.26288 (18), -1.26146 (18), -1.25891 (18), -1.22511 (18), -1.22382 (18), -1.22082 (18), -1.21981 (18), -1.21923 (18), -1.21800 (18), -1.21775 (18), -1.21688 (18), -1.21156 (18), -1.21029 (18), -1.20979 (18), -1.20901 (18), -1.20835 (18), -1.20706 (18), 
Current (lb-rhs): -1.2689907550811768
3458 domains visited
Length of domains: 1260
Cumulative time: 2.6780972480773926

BaB round 11
batch: 1260
splitting decisions: 
split level 0: [/input, 2673] [/26, 2756] [/input, 4602] [/input, 2673] [/26, 3615] [/26, 1950] [/input, 4945] [/input, 3346] [/26, 2673] [/input, 349] 
best_l after optimization: -1273.7305908203125
beta sum per layer: [4638.33056640625, 670.8177490234375, 928.7582397460938]
alpha/beta optimization time: 0.42551422119140625
pruning_in_iteration open status: False
ratio of positive domain = 140 / 2520 = 0.05555555555555558
pruning-in-iteration extra time: 7.534027099609375e-05
Time: get_branching_decision.update_bounds 0.0239    pickout 0.1218    branching_decision 0.0005    decision 0.0005    set_bounds 0.0540    prepare 0.0646    transfer 0.0001    finalize 0.1309    func 0.9082    solve 0.4644    add 0.0141    bab_iteration 0.5701    
Accumulated time: get_branching_decision.update_bounds 0.0239    bab_iteration 2.6312    pickout 0.2733    decision 0.0020    branching_decision 0.0018    set_bounds 0.1445    solve 2.3512    func 3.2590    prepare 0.1492    transfer 0.0006    finalize 0.2812    add 0.0338    
max lb 0.060739755630493164 min lb -1.2675976753234863
Number of Verified Splits: 145 of 2520
Current worst splitting domains lb-rhs (depth):
-1.26760 (19), -1.26603 (19), -1.26098 (19), -1.26069 (19), -1.25930 (19), -1.25698 (19), -1.25084 (19), -1.24139 (19), -1.23942 (19), -1.23538 (19), -1.23445 (19), -1.22065 (19), -1.21938 (19), -1.21711 (19), -1.21635 (19), -1.21609 (19), -1.21537 (19), -1.21453 (19), -1.20814 (19), -1.20791 (19), 
Current (lb-rhs): -1.2675976753234863
5978 domains visited
Length of domains: 2375
Cumulative time: 3.7853100299835205

BaB round 12
batch: 2048
splitting decisions: 
split level 0: [/input, 2645] [/input, 350] [/input, 2728] [/input, 350] [/input, 2728] [/26, 2645] [/26, 2673] [/input, 4075] [/input, 4023] [/26, 2728] 
best_l after optimization: -2092.72607421875
beta sum per layer: [9063.853515625, 1713.205810546875, 1453.26171875]
alpha/beta optimization time: 0.7332644462585449
pruning_in_iteration open status: False
ratio of positive domain = 113 / 4096 = 0.027587890625
pruning-in-iteration extra time: 5.53131103515625e-05
Time: get_branching_decision.update_bounds 0.0239    pickout 0.4180    branching_decision 0.0007    decision 0.0007    set_bounds 0.0927    prepare 0.1107    transfer 0.0001    finalize 0.2112    func 1.5242    solve 0.9083    add 0.0212    bab_iteration 1.1072    
Accumulated time: get_branching_decision.update_bounds 0.0239    bab_iteration 3.7384    pickout 0.6913    decision 0.0027    branching_decision 0.0024    set_bounds 0.2371    solve 3.2595    func 4.7832    prepare 0.2600    transfer 0.0007    finalize 0.4923    add 0.0550    
max lb 0.05461549758911133 min lb -1.2654838562011719
Number of Verified Splits: 115 of 4096
Current worst splitting domains lb-rhs (depth):
-1.26603 (19), -1.26548 (20), -1.25933 (20), -1.25930 (19), -1.25869 (20), -1.25397 (20), -1.25265 (20), -1.24398 (20), -1.24270 (20), -1.23997 (20), -1.23669 (20), -1.23465 (20), -1.23330 (20), -1.22270 (20), -1.22125 (20), -1.21938 (19), -1.21744 (20), -1.21537 (19), -1.21411 (20), -1.21339 (20), 
Current (lb-rhs): -1.2660331726074219
10074 domains visited
Length of domains: 4308
current_vram/total_varm: 15.1GB/47.7GB, batch_size increase to 4096
Cumulative time: 5.8557422161102295

BaB round 13
batch: 4096
splitting decisions: 
split level 0: [/input, 5617] [/input, 2728] [/26, 2811] [/26, 2728] [/26, 2811] [/26, 2756] [/input, 2673] [/input, 2673] [/input, 517] [/26, 3615] 
best_l after optimization: -4044.283447265625
beta sum per layer: [20816.11328125, 4824.80224609375, 2842.181396484375]
alpha/beta optimization time: 1.4549009799957275
pruning_in_iteration open status: False
ratio of positive domain = 544 / 8192 = 0.06640625
pruning-in-iteration extra time: 6.0558319091796875e-05
Time: get_branching_decision.update_bounds 0.0239    pickout 0.5998    branching_decision 0.0012    decision 0.0012    set_bounds 0.1810    prepare 0.2192    transfer 0.0001    finalize 0.4121    func 3.1638    solve 1.5242    add 0.0321    bab_iteration 2.0704    
Accumulated time: get_branching_decision.update_bounds 0.0239    bab_iteration 5.8088    pickout 1.2911    decision 0.0039    branching_decision 0.0036    set_bounds 0.4181    solve 4.7838    func 7.9469    prepare 0.4791    transfer 0.0008    finalize 0.9044    add 0.0871    
max lb 0.06459426879882812 min lb -1.2625672817230225
Number of Verified Splits: 547 of 8192
Current worst splitting domains lb-rhs (depth):
-1.26603 (19), -1.26257 (21), -1.26251 (21), -1.25930 (19), -1.25800 (21), -1.25688 (21), -1.25352 (21), -1.25205 (21), -1.24110 (21), -1.23997 (21), -1.23981 (21), -1.23951 (21), -1.23358 (21), -1.23352 (21), -1.23132 (21), -1.23126 (21), -1.22670 (21), -1.22580 (21), -1.22074 (21), -1.21973 (21), 
Current (lb-rhs): -1.2660331726074219
18266 domains visited
Length of domains: 7857
Cumulative time: 9.850704193115234

BaB round 14
batch: 4096
splitting decisions: 
split level 0: [/input, 377] [/26, 2026] [/input, 5617] [/input, 5149] [/input, 5149] [/input, 4075] [/input, 3429] [/input, 3540] [/input, 5133] [/26, 2757] 
best_l after optimization: -4082.147705078125
beta sum per layer: [24983.21875, 7167.75390625, 3000.10498046875]
alpha/beta optimization time: 1.4561083316802979
pruning_in_iteration open status: False
ratio of positive domain = 853 / 8192 = 0.1041259765625
pruning-in-iteration extra time: 6.079673767089844e-05
Time: get_branching_decision.update_bounds 0.0239    pickout 0.6123    branching_decision 0.0012    decision 0.0012    set_bounds 0.1841    prepare 0.2336    transfer 0.0001    finalize 0.4220    func 3.1562    solve 3.1638    add 0.0456    bab_iteration 3.9950    
Accumulated time: get_branching_decision.update_bounds 0.0239    bab_iteration 9.8038    pickout 1.9033    decision 0.0052    branching_decision 0.0049    set_bounds 0.6022    solve 7.9476    func 11.1031    prepare 0.7127    transfer 0.0009    finalize 1.3264    add 0.1328    
max lb 0.062456488609313965 min lb -1.261217713356018
Number of Verified Splits: 865 of 8192
Current worst splitting domains lb-rhs (depth):
-1.26603 (19), -1.26251 (21), -1.26122 (22), -1.25930 (19), -1.25800 (21), -1.25688 (21), -1.25006 (22), -1.24863 (22), -1.24110 (21), -1.24089 (22), -1.24015 (22), -1.23997 (21), -1.23981 (21), -1.23951 (21), -1.23352 (21), -1.23193 (22), -1.23126 (21), -1.22834 (22), -1.22580 (21), -1.22535 (22), 
Current (lb-rhs): -1.2660331726074219
26458 domains visited
Length of domains: 11088
Cumulative time: 13.991776704788208

BaB round 15
batch: 4096
splitting decisions: 
split level 0: [/26, 5945] [/input, 377] [/26, 3608] [/input, 4130] [/input, 405] [/input, 2728] [/26, 2026] [/input, 350] [/26, 2053] [/input, 5727] 
best_l after optimization: -4422.080078125
beta sum per layer: [29564.9375, 10118.94921875, 3428.16552734375]
alpha/beta optimization time: 1.4568665027618408
pruning_in_iteration open status: False
ratio of positive domain = 667 / 8192 = 0.0814208984375
pruning-in-iteration extra time: 5.8650970458984375e-05
Time: get_branching_decision.update_bounds 0.0239    pickout 0.4109    branching_decision 0.0011    decision 0.0011    set_bounds 0.3890    prepare 0.2176    transfer 0.0001    finalize 0.6083    func 3.1590    solve 3.1563    add 0.1839    bab_iteration 4.1411    
Accumulated time: get_branching_decision.update_bounds 0.0239    bab_iteration 13.9448    pickout 2.3143    decision 0.0063    branching_decision 0.0060    set_bounds 0.9911    solve 11.1038    func 14.2622    prepare 0.9303    transfer 0.0010    finalize 1.9347    add 0.3167    
max lb 0.05713820457458496 min lb -1.2476434707641602
Number of Verified Splits: 669 of 8192
Current worst splitting domains lb-rhs (depth):
-1.26603 (19), -1.26251 (21), -1.26122 (22), -1.25930 (19), -1.25800 (21), -1.25688 (21), -1.24764 (23), -1.24654 (23), -1.24110 (21), -1.24089 (22), -1.24015 (22), -1.23997 (21), -1.23981 (21), -1.23951 (21), -1.23352 (21), -1.23193 (22), -1.23126 (21), -1.22834 (22), -1.22580 (21), -1.22535 (22), 
Current (lb-rhs): -1.2660331726074219
34650 domains visited
Length of domains: 14515
Cumulative time: 18.000465154647827

BaB round 16
batch: 4096
splitting decisions: 
split level 0: [/input, 4075] [/input, 349] [/input, 404] [/26, 2756] [/input, 5699] [/26, 2811] [/input, 4576] [/input, 5699] [/input, 5727] [/input, 5149] 
best_l after optimization: -4636.876953125
beta sum per layer: [34750.25, 12837.810546875, 3845.385009765625]
alpha/beta optimization time: 1.4551162719726562
pruning_in_iteration open status: False
ratio of positive domain = 363 / 8192 = 0.0443115234375
pruning-in-iteration extra time: 7.748603820800781e-05
Time: get_branching_decision.update_bounds 0.0239    pickout 0.4126    branching_decision 0.0011    decision 0.0011    set_bounds 0.1782    prepare 0.2473    transfer 0.0001    finalize 0.4343    func 3.2916    solve 3.1591    add 0.0449    bab_iteration 4.0087    
Accumulated time: get_branching_decision.update_bounds 0.0239    bab_iteration 17.9535    pickout 2.7269    decision 0.0074    branching_decision 0.0071    set_bounds 1.1694    solve 14.2629    func 17.5538    prepare 1.1776    transfer 0.0011    finalize 2.3690    add 0.3616    
max lb 0.05353128910064697 min lb -1.193738579750061
Number of Verified Splits: 377 of 8192
Current worst splitting domains lb-rhs (depth):
-1.26603 (19), -1.26251 (21), -1.26122 (22), -1.25930 (19), -1.25800 (21), -1.25688 (21), -1.24764 (23), -1.24654 (23), -1.24110 (21), -1.24089 (22), -1.24015 (22), -1.23997 (21), -1.23981 (21), -1.23951 (21), -1.23352 (21), -1.23193 (22), -1.23126 (21), -1.22834 (22), -1.22580 (21), -1.22535 (22), 
Current (lb-rhs): -1.2660331726074219
42842 domains visited
Length of domains: 18234
Cumulative time: 22.3165066242218

BaB round 17
batch: 4096
splitting decisions: 
split level 0: [/26, 2757] [/26, 2026] [/input, 3635] [/input, 5203] [/26, 2811] [/input, 4130] [/input, 5189] [/input, 2728] [/26, 3608] [/26, 2026] 
best_l after optimization: -4543.30517578125
beta sum per layer: [39165.29296875, 16224.53125, 4088.17431640625]
alpha/beta optimization time: 1.4562664031982422
pruning_in_iteration open status: False
ratio of positive domain = 329 / 8192 = 0.0401611328125
pruning-in-iteration extra time: 5.650520324707031e-05
Time: get_branching_decision.update_bounds 0.0239    pickout 0.6681    branching_decision 0.0015    decision 0.0015    set_bounds 0.1663    prepare 0.2411    transfer 0.0001    finalize 0.6735    func 3.5063    solve 3.2917    add 0.4277    bab_iteration 4.3160    
Accumulated time: get_branching_decision.update_bounds 0.0239    bab_iteration 22.2695    pickout 3.3949    decision 0.0089    branching_decision 0.0085    set_bounds 1.3356    solve 17.5546    func 21.0600    prepare 1.4187    transfer 0.0012    finalize 3.0425    add 0.7893    
max lb 0.060142457485198975 min lb -1.1863512992858887
Number of Verified Splits: 338 of 8192
Current worst splitting domains lb-rhs (depth):
-1.26603 (19), -1.26251 (21), -1.26122 (22), -1.25930 (19), -1.25800 (21), -1.25688 (21), -1.24764 (23), -1.24654 (23), -1.24110 (21), -1.24089 (22), -1.24015 (22), -1.23997 (21), -1.23981 (21), -1.23951 (21), -1.23352 (21), -1.23193 (22), -1.23126 (21), -1.22834 (22), -1.22580 (21), -1.22535 (22), 
Current (lb-rhs): -1.2660331726074219
51034 domains visited
Length of domains: 21992
Cumulative time: 26.957746982574463

BaB round 18
batch: 4096
splitting decisions: 
split level 0: [/26, 5945] [/input, 5188] [/input, 3635] [/input, 3608] [/input, 5149] [/input, 2645] [/26, 3636] [/26, 1777] [/input, 4407] [/input, 5175] 
best_l after optimization: -4387.54345703125
beta sum per layer: [44381.1640625, 20382.16796875, 4347.8251953125]
alpha/beta optimization time: 1.4532217979431152
pruning_in_iteration open status: False
ratio of positive domain = 146 / 8192 = 0.017822265625
pruning-in-iteration extra time: 6.818771362304688e-05
Time: get_branching_decision.update_bounds 0.0239    pickout 0.4204    branching_decision 0.0012    decision 0.0012    set_bounds 0.1825    prepare 0.2203    transfer 0.0001    finalize 0.4593    func 3.3638    solve 3.5063    add 0.2932    bab_iteration 4.6412    
Accumulated time: get_branching_decision.update_bounds 0.0239    bab_iteration 26.9108    pickout 3.8153    decision 0.0101    branching_decision 0.0097    set_bounds 1.5181    solve 21.0609    func 24.4239    prepare 1.6390    transfer 0.0012    finalize 3.5018    add 1.0825    
max lb 0.06670135259628296 min lb -1.1842039823532104
Number of Verified Splits: 147 of 8192
Current worst splitting domains lb-rhs (depth):
-1.26603 (19), -1.26251 (21), -1.26122 (22), -1.25930 (19), -1.25800 (21), -1.25688 (21), -1.24764 (23), -1.24654 (23), -1.24110 (21), -1.24089 (22), -1.24015 (22), -1.23997 (21), -1.23981 (21), -1.23951 (21), -1.23352 (21), -1.23193 (22), -1.23126 (21), -1.22834 (22), -1.22580 (21), -1.22535 (22), 
Current (lb-rhs): -1.2660331726074219
59226 domains visited
Length of domains: 25941
Cumulative time: 31.243206024169922

BaB round 19
batch: 4096
splitting decisions: 
split level 0: [/input, 2645] [/input, 404] [/input, 3484] [/input, 5149] [/26, 2026] [/input, 5177] [/input, 5135] [/26, 507] [/input, 321] [/input, 4130] 
best_l after optimization: -4103.9482421875
beta sum per layer: [49469.9453125, 23222.05078125, 4431.54296875]
alpha/beta optimization time: 1.4575130939483643
pruning_in_iteration open status: False
ratio of positive domain = 116 / 8192 = 0.01416015625
pruning-in-iteration extra time: 5.888938903808594e-05
Time: get_branching_decision.update_bounds 0.0239    pickout 0.4438    branching_decision 0.0011    decision 0.0011    set_bounds 0.4960    prepare 0.2283    transfer 0.0001    finalize 0.4576    func 3.2853    solve 3.3639    add 0.3041    bab_iteration 4.2855    
Accumulated time: get_branching_decision.update_bounds 0.0239    bab_iteration 31.1962    pickout 4.2591    decision 0.0112    branching_decision 0.0108    set_bounds 2.0141    solve 24.4248    func 27.7092    prepare 1.8673    transfer 0.0013    finalize 3.9594    add 1.3866    
max lb 0.045946359634399414 min lb -1.1462769508361816
Number of Verified Splits: 118 of 8192
Current worst splitting domains lb-rhs (depth):
-1.26603 (19), -1.26251 (21), -1.26122 (22), -1.25930 (19), -1.25800 (21), -1.25688 (21), -1.24764 (23), -1.24654 (23), -1.24110 (21), -1.24089 (22), -1.24015 (22), -1.23997 (21), -1.23981 (21), -1.23951 (21), -1.23352 (21), -1.23193 (22), -1.23126 (21), -1.22834 (22), -1.22580 (21), -1.22535 (22), 
Current (lb-rhs): -1.2660331726074219
67418 domains visited
Length of domains: 29919
Cumulative time: 35.61678957939148

BaB round 20
batch: 4096
splitting decisions: 
split level 0: [/input, 2645] [/26, 3608] [/26, 507] [/input, 2645] [/input, 2645] [/input, 5203] [/26, 2026] [/input, 5203] [/input, 5975] [/input, 294] 
best_l after optimization: -3731.999267578125
beta sum per layer: [53860.58203125, 25530.19140625, 4435.13818359375]
alpha/beta optimization time: 1.4566895961761475
pruning_in_iteration open status: False
ratio of positive domain = 202 / 8192 = 0.024658203125
pruning-in-iteration extra time: 7.104873657226562e-05
Time: get_branching_decision.update_bounds 0.0239    pickout 0.7703    branching_decision 0.0012    decision 0.0012    set_bounds 0.1844    prepare 0.2358    transfer 0.0001    finalize 0.4352    func 3.3753    solve 3.2854    add 0.1418    bab_iteration 4.3736    
Accumulated time: get_branching_decision.update_bounds 0.0239    bab_iteration 35.5698    pickout 5.0294    decision 0.0124    branching_decision 0.0120    set_bounds 2.1985    solve 27.7102    func 31.0845    prepare 2.1031    transfer 0.0015    finalize 4.3946    add 1.5284    
max lb 0.06341242790222168 min lb -1.1345351934432983
Number of Verified Splits: 203 of 8192
Current worst splitting domains lb-rhs (depth):
-1.26603 (19), -1.26251 (21), -1.26122 (22), -1.25930 (19), -1.25800 (21), -1.25688 (21), -1.24764 (23), -1.24654 (23), -1.24110 (21), -1.24089 (22), -1.24015 (22), -1.23997 (21), -1.23981 (21), -1.23951 (21), -1.23352 (21), -1.23193 (22), -1.23126 (21), -1.22834 (22), -1.22580 (21), -1.22535 (22), 
Current (lb-rhs): -1.2660331726074219
75610 domains visited
Length of domains: 33812
Cumulative time: 40.052420139312744

BaB round 21
batch: 4096
splitting decisions: 
split level 0: [/26, 580] [/26, 3589] [/input, 3401] [/26, 507] [/26, 2026] [/input, 3456] [/input, 3401] [/26, 507] [/26, 2061] [/input, 3456] 
best_l after optimization: -3321.67236328125
beta sum per layer: [58921.3828125, 27951.744140625, 4407.02880859375]
alpha/beta optimization time: 1.4566535949707031
pruning_in_iteration open status: False
ratio of positive domain = 288 / 8192 = 0.03515625
pruning-in-iteration extra time: 6.0558319091796875e-05
Time: get_branching_decision.update_bounds 0.0239    pickout 0.4439    branching_decision 0.0012    decision 0.0012    set_bounds 0.1850    prepare 0.2422    transfer 0.0001    finalize 0.7955    func 3.4161    solve 3.3754    add 0.0990    bab_iteration 4.4356    
Accumulated time: get_branching_decision.update_bounds 0.0239    bab_iteration 40.0054    pickout 5.4734    decision 0.0136    branching_decision 0.0132    set_bounds 2.3835    solve 31.0856    func 34.5006    prepare 2.3452    transfer 0.0016    finalize 5.1901    add 1.6273    
max lb 0.0613408088684082 min lb -1.1107819080352783
Number of Verified Splits: 292 of 8192
Current worst splitting domains lb-rhs (depth):
-1.26603 (19), -1.26251 (21), -1.26122 (22), -1.25930 (19), -1.25800 (21), -1.25688 (21), -1.24764 (23), -1.24654 (23), -1.24110 (21), -1.24089 (22), -1.24015 (22), -1.23997 (21), -1.23981 (21), -1.23951 (21), -1.23352 (21), -1.23193 (22), -1.23126 (21), -1.22834 (22), -1.22580 (21), -1.22535 (22), 
Current (lb-rhs): -1.2660331726074219
83802 domains visited
Length of domains: 37616
Cumulative time: 44.4963960647583

BaB round 22
batch: 4096
splitting decisions: 
split level 0: [/input, 5133] [/input, 3663] [/input, 5149] [/input, 5216] [/input, 350] [/input, 3209] [/input, 5188] [/input, 5149] [/input, 3209] [/input, 2645] 
best_l after optimization: -2935.06103515625
beta sum per layer: [63231.27734375, 30804.455078125, 4372.88671875]
alpha/beta optimization time: 1.456833839416504
pruning_in_iteration open status: False
ratio of positive domain = 498 / 8192 = 0.060791015625
pruning-in-iteration extra time: 8.153915405273438e-05
Time: get_branching_decision.update_bounds 0.0239    pickout 0.4969    branching_decision 0.0011    decision 0.0012    set_bounds 0.1847    prepare 0.2434    transfer 0.0001    finalize 0.4508    func 3.4354    solve 3.4161    add 0.3411    bab_iteration 4.4440    
Accumulated time: get_branching_decision.update_bounds 0.0239    bab_iteration 44.4494    pickout 5.9703    decision 0.0148    branching_decision 0.0143    set_bounds 2.5683    solve 34.5017    func 37.9360    prepare 2.5887    transfer 0.0017    finalize 5.6409    add 1.9685    
max lb 0.09313178062438965 min lb -1.0370653867721558
Number of Verified Splits: 503 of 8192
Current worst splitting domains lb-rhs (depth):
-1.26603 (19), -1.26251 (21), -1.26122 (22), -1.25930 (19), -1.25800 (21), -1.25688 (21), -1.24764 (23), -1.24654 (23), -1.24110 (21), -1.24089 (22), -1.24015 (22), -1.23997 (21), -1.23981 (21), -1.23951 (21), -1.23352 (21), -1.23193 (22), -1.23126 (21), -1.22834 (22), -1.22580 (21), -1.22535 (22), 
Current (lb-rhs): -1.2660331726074219
91994 domains visited
Length of domains: 41209
Cumulative time: 48.82498598098755

BaB round 23
batch: 4096
splitting decisions: 
split level 0: [/input, 3635] [/input, 5189] [/input, 3636] [/input, 4383] [/input, 3037] [/input, 350] [/input, 322] [/input, 3010] [/input, 3608] [/input, 5079] 
best_l after optimization: -2572.237548828125
beta sum per layer: [67788.640625, 33103.1640625, 4399.5390625]
alpha/beta optimization time: 1.459169864654541
pruning_in_iteration open status: False
ratio of positive domain = 470 / 8192 = 0.057373046875
pruning-in-iteration extra time: 9.870529174804688e-05
Time: get_branching_decision.update_bounds 0.0239    pickout 0.4357    branching_decision 0.0011    decision 0.0012    set_bounds 0.1858    prepare 0.2274    transfer 0.0001    finalize 0.4445    func 3.4347    solve 3.4355    add 0.2042    bab_iteration 4.3286    
Accumulated time: get_branching_decision.update_bounds 0.0239    bab_iteration 48.7780    pickout 6.4060    decision 0.0159    branching_decision 0.0154    set_bounds 2.7541    solve 37.9372    func 41.3707    prepare 2.8160    transfer 0.0018    finalize 6.0854    add 2.1727    
max lb 0.07959616184234619 min lb -1.0222854614257812
Number of Verified Splits: 478 of 8192
Current worst splitting domains lb-rhs (depth):
-1.26603 (19), -1.26251 (21), -1.26122 (22), -1.25930 (19), -1.25800 (21), -1.25688 (21), -1.24764 (23), -1.24654 (23), -1.24110 (21), -1.24089 (22), -1.24015 (22), -1.23997 (21), -1.23981 (21), -1.23951 (21), -1.23352 (21), -1.23193 (22), -1.23126 (21), -1.22834 (22), -1.22580 (21), -1.22535 (22), 
Current (lb-rhs): -1.2660331726074219
100186 domains visited
Length of domains: 44827
Cumulative time: 53.2554395198822

BaB round 24
batch: 4096
splitting decisions: 
split level 0: [/input, 3592] [/26, 2053] [/input, 3456] [/input, 294] [/input, 3010] [/input, 5268] [/input, 406] [/input, 349] [/input, 2645] [/26, 5988] 
best_l after optimization: -2119.85546875
beta sum per layer: [73701.3125, 36313.4921875, 4389.9013671875]
alpha/beta optimization time: 1.4573521614074707
pruning_in_iteration open status: False
ratio of positive domain = 523 / 8192 = 0.0638427734375
pruning-in-iteration extra time: 6.151199340820312e-05
Time: get_branching_decision.update_bounds 0.0239    pickout 0.4754    branching_decision 0.0011    decision 0.0012    set_bounds 0.1858    prepare 0.2238    transfer 0.0001    finalize 0.4156    func 3.4217    solve 3.4347    add 0.3440    bab_iteration 4.4304    
Accumulated time: get_branching_decision.update_bounds 0.0239    bab_iteration 53.2084    pickout 6.8814    decision 0.0171    branching_decision 0.0166    set_bounds 2.9399    solve 41.3719    func 44.7924    prepare 3.0398    transfer 0.0019    finalize 6.5010    add 2.5166    
max lb 0.08327698707580566 min lb -1.005532145500183
Number of Verified Splits: 534 of 8192
Current worst splitting domains lb-rhs (depth):
-1.26603 (19), -1.26251 (21), -1.26122 (22), -1.25930 (19), -1.25800 (21), -1.25688 (21), -1.24764 (23), -1.24654 (23), -1.24110 (21), -1.24089 (22), -1.24015 (22), -1.23997 (21), -1.23981 (21), -1.23951 (21), -1.23352 (21), -1.23193 (22), -1.23126 (21), -1.22834 (22), -1.22580 (21), -1.22535 (22), 
Current (lb-rhs): -1.2660331726074219
108378 domains visited
Length of domains: 48389
Time out!!!!!!!!
Result: unknown in 63.1553 seconds

 %%%%%%%%%%%%%%%%%%%%%%%%%%%%%%%%%%% idx: 3, vnnlib ID: 3 %%%%%%%%%%%%%%%%%%%%%%%%%%%%%%%%%%%
Finished vnnlib processing in 0.001687 seconds
Model: BoundedModule(
  (/input-1): BoundInput(name=/input-1, inputs=[], perturbed=True)
  (/shape): BoundBuffers(name=/shape, inputs=[], perturbed=False)
  (/12): BoundParams(name=/12, inputs=[], perturbed=False)
  (/13): BoundParams(name=/13, inputs=[], perturbed=False)
  (/14): BoundParams(name=/14, inputs=[], perturbed=False)
  (/15): BoundParams(name=/15, inputs=[], perturbed=False)
  (/16): BoundParams(name=/16, inputs=[], perturbed=False)
  (/17): BoundParams(name=/17, inputs=[], perturbed=False)
  (/18): BoundParams(name=/18, inputs=[], perturbed=False)
  (/19): BoundParams(name=/19, inputs=[], perturbed=False)
  (/20): BoundParams(name=/20, inputs=[], perturbed=False)
  (/21): BoundParams(name=/21, inputs=[], perturbed=False)
  (/input): BoundConv(name=/input, inputs=[/input-1, /12, /13], perturbed=True)
  (/input-4): BoundRelu(name=/input-4, inputs=[/input], perturbed=True)
  (/24): BoundConv(name=/24, inputs=[/input-4, /14, /15], perturbed=True)
  (/25): BoundConv(name=/25, inputs=[/input-4, /16, /17], perturbed=True)
  (/26): BoundAdd(name=/26, inputs=[/24, /25], perturbed=True)
  (/27): BoundRelu(name=/27, inputs=[/26], perturbed=True)
  (/28): BoundSplit(name=/28, inputs=[/shape], perturbed=False)
  (/29): BoundSplit(name=/29, inputs=[/shape], perturbed=False)
  (/30): BoundConstant(name=/30, value=tensor([0], device='cuda:0'))
  (/31): BoundSqueeze(name=/31, inputs=[/28, /30], perturbed=False)
  (/32): BoundConstant(name=/32, value=tensor([0], device='cuda:0'))
  (/33): BoundSqueeze(name=/33, inputs=[/29, /32], perturbed=False)
  (/34): BoundConstant(name=/34, value=tensor([0], device='cuda:0'))
  (/35): BoundUnsqueeze(name=/35, inputs=[/31, /34], perturbed=False)
  (/36): BoundConstant(name=/36, value=tensor([0], device='cuda:0'))
  (/37): BoundUnsqueeze(name=/37, inputs=[/33, /36], perturbed=False)
  (/38): BoundConcat(name=/38, inputs=[/35, /37], perturbed=False)
  (/39): BoundReshape(name=/39, inputs=[/27, /38], perturbed=True)
  (/input-8): BoundLinear(name=/input-8, inputs=[/39, /18, /19], perturbed=True)
  (/41): BoundRelu(name=/41, inputs=[/input-8], perturbed=True)
  (/42): BoundLinear(name=/42, inputs=[/41, /20, /21], perturbed=True)
)
Original output in the first batch: tensor([[ 13.34669590, -13.53737545,   1.95782816,   1.93475866,  -1.80134821,
           5.67697096,   5.25120974,   2.18138456,   1.15733540,   0.68516707]],
       device='cuda:0')
Split layers:
Nonlinear functions:
   BoundRelu(name=/input-4, inputs=[/input], perturbed=True)
   BoundRelu(name=/27, inputs=[/26], perturbed=True)
   BoundRelu(name=/41, inputs=[/input-8], perturbed=True)
build batch [1/1]
layer /input-4 using sparse-features alpha with shape [1383]; unstable size 1383; total size 6272 ([1, 8, 28, 28])
layer /input-4 start_node /26 using full alpha [2, 6272, 1, 1383] with unstable size None total_size 6272 output_shape torch.Size([8, 28, 28])
layer /input-4 start_node /input-8 using sparse-spec alpha [2, 7, 1, 1383] with unstable size 6 total_size 64 output_shape torch.Size([64])
layer /input-4 start_node /42 using full alpha [2, 9, 1, 1383] with unstable size None total_size 9 output_shape 9
layer /27 using sparse-features alpha with shape [1717]; unstable size 1717; total size 6272 ([1, 8, 28, 28])
layer /27 start_node /input-8 using sparse-spec alpha [2, 7, 1, 1717] with unstable size 6 total_size 64 output_shape torch.Size([64])
layer /27 start_node /42 using full alpha [2, 9, 1, 1717] with unstable size None total_size 9 output_shape 9
layer /41 using sparse-features alpha with shape [6]; unstable size 6; total size 64 ([1, 64])
layer /41 start_node /42 using full alpha [2, 9, 1, 6] with unstable size None total_size 9 output_shape 9
Optimizable variables initialized.
initial CROWN bounds (first 10 items): [20.539020538330078, 5.184424877166748, 5.400659561157227, 9.1963529586792, 3.83986234664917, 3.208192825317383, 4.402162075042725, 7.879769325256348, 6.731406211853027]
Verified with initial CROWN!
verified with init bound!
Result: safe-incomplete in 0.1323 seconds

 %%%%%%%%%%%%%%%%%%%%%%%%%%%%%%%%%%% idx: 4, vnnlib ID: 4 %%%%%%%%%%%%%%%%%%%%%%%%%%%%%%%%%%%
Finished vnnlib processing in 0.001390 seconds
Model: BoundedModule(
  (/input-1): BoundInput(name=/input-1, inputs=[], perturbed=True)
  (/shape): BoundBuffers(name=/shape, inputs=[], perturbed=False)
  (/12): BoundParams(name=/12, inputs=[], perturbed=False)
  (/13): BoundParams(name=/13, inputs=[], perturbed=False)
  (/14): BoundParams(name=/14, inputs=[], perturbed=False)
  (/15): BoundParams(name=/15, inputs=[], perturbed=False)
  (/16): BoundParams(name=/16, inputs=[], perturbed=False)
  (/17): BoundParams(name=/17, inputs=[], perturbed=False)
  (/18): BoundParams(name=/18, inputs=[], perturbed=False)
  (/19): BoundParams(name=/19, inputs=[], perturbed=False)
  (/20): BoundParams(name=/20, inputs=[], perturbed=False)
  (/21): BoundParams(name=/21, inputs=[], perturbed=False)
  (/input): BoundConv(name=/input, inputs=[/input-1, /12, /13], perturbed=True)
  (/input-4): BoundRelu(name=/input-4, inputs=[/input], perturbed=True)
  (/24): BoundConv(name=/24, inputs=[/input-4, /14, /15], perturbed=True)
  (/25): BoundConv(name=/25, inputs=[/input-4, /16, /17], perturbed=True)
  (/26): BoundAdd(name=/26, inputs=[/24, /25], perturbed=True)
  (/27): BoundRelu(name=/27, inputs=[/26], perturbed=True)
  (/28): BoundSplit(name=/28, inputs=[/shape], perturbed=False)
  (/29): BoundSplit(name=/29, inputs=[/shape], perturbed=False)
  (/30): BoundConstant(name=/30, value=tensor([0], device='cuda:0'))
  (/31): BoundSqueeze(name=/31, inputs=[/28, /30], perturbed=False)
  (/32): BoundConstant(name=/32, value=tensor([0], device='cuda:0'))
  (/33): BoundSqueeze(name=/33, inputs=[/29, /32], perturbed=False)
  (/34): BoundConstant(name=/34, value=tensor([0], device='cuda:0'))
  (/35): BoundUnsqueeze(name=/35, inputs=[/31, /34], perturbed=False)
  (/36): BoundConstant(name=/36, value=tensor([0], device='cuda:0'))
  (/37): BoundUnsqueeze(name=/37, inputs=[/33, /36], perturbed=False)
  (/38): BoundConcat(name=/38, inputs=[/35, /37], perturbed=False)
  (/39): BoundReshape(name=/39, inputs=[/27, /38], perturbed=True)
  (/input-8): BoundLinear(name=/input-8, inputs=[/39, /18, /19], perturbed=True)
  (/41): BoundRelu(name=/41, inputs=[/input-8], perturbed=True)
  (/42): BoundLinear(name=/42, inputs=[/41, /20, /21], perturbed=True)
)
Original output in the first batch: tensor([[-0.59063834, -5.65829182,  2.45050716, -1.02024698,  6.95339012,
          1.11910069, -0.88829160,  3.55127597,  1.19224513,  3.18715358]],
       device='cuda:0')
Split layers:
Nonlinear functions:
   BoundRelu(name=/input-4, inputs=[/input], perturbed=True)
   BoundRelu(name=/27, inputs=[/26], perturbed=True)
   BoundRelu(name=/41, inputs=[/input-8], perturbed=True)
build batch [1/1]
layer /input-4 using sparse-features alpha with shape [1529]; unstable size 1529; total size 6272 ([1, 8, 28, 28])
layer /input-4 start_node /26 using full alpha [2, 6272, 1, 1529] with unstable size None total_size 6272 output_shape torch.Size([8, 28, 28])
layer /input-4 start_node /input-8 using sparse-spec alpha [2, 10, 1, 1529] with unstable size 9 total_size 64 output_shape torch.Size([64])
layer /input-4 start_node /42 using full alpha [2, 9, 1, 1529] with unstable size None total_size 9 output_shape 9
layer /27 using sparse-features alpha with shape [2016]; unstable size 2016; total size 6272 ([1, 8, 28, 28])
layer /27 start_node /input-8 using sparse-spec alpha [2, 10, 1, 2016] with unstable size 9 total_size 64 output_shape torch.Size([64])
layer /27 start_node /42 using full alpha [2, 9, 1, 2016] with unstable size None total_size 9 output_shape 9
layer /41 using sparse-features alpha with shape [9]; unstable size 9; total size 64 ([1, 64])
layer /41 start_node /42 using full alpha [2, 9, 1, 9] with unstable size None total_size 9 output_shape 9
Optimizable variables initialized.
initial CROWN bounds (first 10 items): [1.9981800317764282, 7.670841217041016, -1.27975332736969, 1.4309121370315552, 0.8690602779388428, 1.6830058097839355, -1.442970633506775, 0.7121411561965942, -0.19004613161087036]
prune_after_crown optimization in use
  original spec size = torch.Size([1, 9])
  pruned spec size = torch.Size([1, 3])
Using alpha-CROWN to initialize bounds.
best_l after optimization: -2.336081027984619
alpha/beta optimization time: 4.974485635757446
initial alpha-crown bounds (first 10 items): [-1.061680555343628, -1.2807509899139404, 0.006350576877593994]
Global lower bound: -1.2807509899139404
7 / 9 OR specs are verified.
Verified OR indices (first 10 items): [0, 1, 3, 4, 5, 7, 8]
Verified OR lbs (first 10 items): [[inf], [inf], [inf], [inf], [inf], [inf], [0.006350576877593994]]
Unverified OR indices (first 10 items): [2, 6]
Unverified OR lbs (first 10 items): [[-1.061680555343628], [-1.2807509899139404]]
###### Verifying property Instance 4 ######
Batch size: 2
First 10 spec matrices
C: tensor([[[ 0.,  0., -1.,  0.,  1.,  0.,  0.,  0.,  0.,  0.]],

        [[ 0.,  0.,  0.,  0.,  1.,  0.,  0., -1.,  0.,  0.]]], device='cuda:0')
RHS: tensor([[0.],
        [0.]], device='cuda:0')
OR spec sizes: tensor([1, 1], device='cuda:0', dtype=torch.int32)
Remaining timeout: 54.777812242507935
Model prediction is: tensor([-0.59063834, -5.65829182,  2.45050716, -1.02024698,  6.95339012,
         1.11910069, -0.88829160,  3.55127597,  1.19224513,  3.18715358],
       device='cuda:0')
Activation BaB batch 1/1 
build_with_refined_bounds batch [1/1]
Optimizable variables initialized.
all alpha initialized
directly get lb and ub from refined bounds
c shape: torch.Size([2, 1, 10])
lA shapes: [torch.Size([2, 1, 8, 28, 28]), torch.Size([2, 1, 8, 28, 28]), torch.Size([2, 1, 64])]
(alpha-)CROWN with fixed intermediate bounds: tensor([[-1.06168056],
        [-1.28075099]], device='cuda:0') tensor([[inf],
        [inf]], device='cuda:0')
Intermediate layers: /input,/26,/input-8
Keeping alphas for these layers: ['/42']
Node /input-4 input 0: size torch.Size([8, 28, 28]) unstable 1529
Node /27 input 0: size torch.Size([8, 28, 28]) unstable 2000
Node /41 input 0: size torch.Size([64]) unstable 9
-----------------
# of unstable neurons: 3538
-----------------

BaB round 1
batch: 2
splitting decisions: 
split level 0: [/input-8, 57] [/input-8, 28] 
split level 1: [/input-8, 26] [/input-8, 57] 
split level 2: [/input-8, 22] [/input-8, 22] 
split level 3: [/input-8, 17] [/input-8, 26] 
split level 4: [/input-8, 10] [/input, 2782] 
split level 5: [/input, 4462] [/input, 2783] 
best_l after optimization: -18.104869842529297
beta sum per layer: [25.578908920288086, 0.0, 18.228221893310547]
alpha/beta optimization time: 0.18443536758422852
pruning_in_iteration open status: True
ratio of positive domain = 94 / 128 = 0.734375
pruning-in-iteration extra time: 0.009889841079711914
Time: get_branching_decision.update_bounds 0.0276    pickout 0.0011    branching_decision 0.0001    decision 0.0001    set_bounds 0.0082    prepare 0.0020    transfer 0.0000    finalize 0.0040    func 0.2118    
Accumulated time: get_branching_decision.update_bounds 0.0276    bab_iteration 0.0000    pickout 0.0011    decision 0.0001    branching_decision 0.0001    set_bounds 0.0082    solve 0.0000    func 0.2118    prepare 0.0020    transfer 0.0000    finalize 0.0040    
max lb 9.999999747378752e-05 min lb -1.0692744255065918
Number of Verified Splits: 94 of 128
Current worst splitting domains lb-rhs (depth):
-1.06927 (6), -0.98449 (6), -0.98392 (6), -0.92824 (6), -0.90311 (6), -0.89098 (6), -0.86762 (6), -0.85448 (6), -0.82535 (6), -0.82364 (6), -0.64786 (6), -0.59697 (6), -0.56201 (6), -0.53508 (6), -0.53267 (6), -0.51862 (6), -0.50162 (6), -0.45870 (6), -0.45333 (6), -0.45137 (6), 
Current (lb-rhs): -1.0692744255065918
128 domains visited
Length of domains: 34
Cumulative time: 0.30394864082336426

BaB round 2
batch: 34
splitting decisions: 
split level 0: [/input, 4635] [/input, 4635] [/input, 2512] [/input, 2512] [/input, 4635] [/input, 4635] [/input, 4179] [/input, 4179] [/input, 4635] [/input, 4635] 
split level 1: [/input, 2785] [/input, 2785] [/input, 2784] [/input, 2784] [/input, 2785] [/input, 2785] [/input, 4152] [/input, 2785] [/input, 2785] [/input, 2785] 
best_l after optimization: -60.418357849121094
beta sum per layer: [223.12535095214844, 0.0, 78.76981353759766]
alpha/beta optimization time: 0.14275002479553223
pruning_in_iteration open status: False
ratio of positive domain = 13 / 136 = 0.09558823529411764
pruning-in-iteration extra time: 5.7220458984375e-05
Time: get_branching_decision.update_bounds 0.0276    pickout 0.0053    branching_decision 0.0001    decision 0.0001    set_bounds 0.0047    prepare 0.0033    transfer 0.0000    finalize 0.0054    func 0.1799    solve 0.2119    add 0.0026    bab_iteration 0.2241    
Accumulated time: get_branching_decision.update_bounds 0.0276    bab_iteration 0.2241    pickout 0.0064    decision 0.0002    branching_decision 0.0002    set_bounds 0.0128    solve 0.2119    func 0.3917    prepare 0.0053    transfer 0.0001    finalize 0.0094    add 0.0026    
max lb 0.061731815338134766 min lb -1.0654106140136719
Number of Verified Splits: 13 of 136
Current worst splitting domains lb-rhs (depth):
-1.06541 (8), -1.05362 (8), -1.00023 (8), -0.99020 (8), -0.97957 (8), -0.96864 (8), -0.96591 (8), -0.95547 (8), -0.90224 (8), -0.90208 (8), -0.89764 (8), -0.89206 (8), -0.89196 (8), -0.89110 (8), -0.88172 (8), -0.88133 (8), -0.88048 (8), -0.87425 (8), -0.87106 (8), -0.86383 (8), 
Current (lb-rhs): -1.0654106140136719
264 domains visited
Length of domains: 123
Cumulative time: 0.49538683891296387

BaB round 3
batch: 123
splitting decisions: 
split level 0: [/input, 2540] [/input, 4635] [/input, 4152] [/input, 4152] [/input, 4635] [/input, 4635] [/input, 2540] [/input, 4635] [/input, 4152] [/input, 4152] 
best_l after optimization: -112.10810089111328
beta sum per layer: [486.3147888183594, 0.0, 125.84027862548828]
alpha/beta optimization time: 0.14256644248962402
pruning_in_iteration open status: False
ratio of positive domain = 10 / 246 = 0.04065040650406504
pruning-in-iteration extra time: 5.221366882324219e-05
Time: get_branching_decision.update_bounds 0.0276    pickout 0.0123    branching_decision 0.0001    decision 0.0001    set_bounds 0.0059    prepare 0.0056    transfer 0.0001    finalize 0.0101    func 0.1962    solve 0.1799    add 0.0013    bab_iteration 0.1914    
Accumulated time: get_branching_decision.update_bounds 0.0276    bab_iteration 0.4155    pickout 0.0187    decision 0.0003    branching_decision 0.0003    set_bounds 0.0187    solve 0.3918    func 0.5879    prepare 0.0109    transfer 0.0002    finalize 0.0195    add 0.0039    
max lb 0.01850414276123047 min lb -1.0635731220245361
Number of Verified Splits: 10 of 246
Current worst splitting domains lb-rhs (depth):
-1.06357 (9), -1.05182 (9), -1.01235 (9), -1.00060 (9), -0.99795 (9), -0.98562 (9), -0.97578 (9), -0.96408 (9), -0.96361 (9), -0.95181 (9), -0.94672 (9), -0.93439 (9), -0.92817 (9), -0.91637 (9), -0.91238 (9), -0.90059 (9), -0.89777 (9), -0.89753 (9), -0.89253 (9), -0.88884 (9), 
Current (lb-rhs): -1.0635731220245361
510 domains visited
Length of domains: 236
Cumulative time: 0.71201491355896

BaB round 4
batch: 236
splitting decisions: 
split level 0: [/input, 4635] [/input, 2540] [/input, 2511] [/input, 2511] [/input, 2785] [/input, 4152] [/input, 4635] [/input, 2540] [/input, 2511] [/input, 2511] 
best_l after optimization: -210.246826171875
beta sum per layer: [1047.434326171875, 0.0, 234.8819580078125]
alpha/beta optimization time: 0.14652156829833984
pruning_in_iteration open status: False
ratio of positive domain = 13 / 472 = 0.02754237288135597
pruning-in-iteration extra time: 5.555152893066406e-05
Time: get_branching_decision.update_bounds 0.0276    pickout 0.0222    branching_decision 0.0001    decision 0.0002    set_bounds 0.0110    prepare 0.0104    transfer 0.0001    finalize 0.0224    func 0.2635    solve 0.1962    add 0.0019    bab_iteration 0.2166    
Accumulated time: get_branching_decision.update_bounds 0.0276    bab_iteration 0.6321    pickout 0.0409    decision 0.0005    branching_decision 0.0004    set_bounds 0.0297    solve 0.5880    func 0.8514    prepare 0.0213    transfer 0.0003    finalize 0.0419    add 0.0058    
max lb 0.04242753982543945 min lb -1.0623815059661865
Number of Verified Splits: 14 of 472
Current worst splitting domains lb-rhs (depth):
-1.06238 (10), -1.05051 (10), -1.01053 (10), -0.99865 (10), -0.99588 (10), -0.99278 (10), -0.98666 (10), -0.98393 (10), -0.97325 (10), -0.96195 (10), -0.96135 (10), -0.95011 (10), -0.94413 (10), -0.94093 (10), -0.93480 (10), -0.93208 (10), -0.92638 (10), -0.92497 (10), -0.92378 (10), -0.92077 (10), 
Current (lb-rhs): -1.0623815059661865
982 domains visited
Length of domains: 458
Cumulative time: 1.0138587951660156

BaB round 5
batch: 458
splitting decisions: 
split level 0: [/input, 2511] [/input, 2511] [/input, 2512] [/input, 2512] [/input, 2784] [/input, 2784] [/input, 2511] [/input, 2511] [/input, 2512] [/input, 2512] 
best_l after optimization: -392.29296875
beta sum per layer: [2222.0380859375, 0.0, 450.06585693359375]
alpha/beta optimization time: 0.15224289894104004
pruning_in_iteration open status: False
ratio of positive domain = 34 / 916 = 0.037117903930131035
pruning-in-iteration extra time: 5.412101745605469e-05
Time: get_branching_decision.update_bounds 0.0276    pickout 0.0404    branching_decision 0.0002    decision 0.0003    set_bounds 0.0212    prepare 0.0199    transfer 0.0001    finalize 0.0372    func 0.3196    solve 0.2635    add 0.0047    bab_iteration 0.3018    
Accumulated time: get_branching_decision.update_bounds 0.0276    bab_iteration 0.9340    pickout 0.0813    decision 0.0007    branching_decision 0.0006    set_bounds 0.0510    solve 0.8516    func 1.1710    prepare 0.0412    transfer 0.0003    finalize 0.0790    add 0.0105    
max lb 0.055992841720581055 min lb -1.0613067150115967
Number of Verified Splits: 34 of 916
Current worst splitting domains lb-rhs (depth):
-1.06131 (11), -1.04946 (11), -1.00882 (11), -0.99691 (11), -0.99429 (11), -0.99091 (11), -0.98501 (11), -0.98204 (11), -0.97096 (11), -0.95929 (11), -0.95893 (11), -0.94743 (11), -0.94156 (11), -0.93846 (11), -0.93251 (11), -0.92956 (11), -0.92938 (11), -0.92370 (11), -0.92218 (11), -0.92119 (11), 
Current (lb-rhs): -1.0613067150115967
1898 domains visited
Length of domains: 882
Cumulative time: 1.4020485877990723

BaB round 6
batch: 882
splitting decisions: 
split level 0: [/input, 2785] [/input, 2785] [/input, 2784] [/input, 2784] [/input, 2512] [/input, 2512] [/input, 2785] [/input, 2785] [/input, 2784] [/input, 2784] 
best_l after optimization: -732.3936767578125
beta sum per layer: [4770.0439453125, 0.0, 830.276611328125]
alpha/beta optimization time: 0.2749454975128174
pruning_in_iteration open status: False
ratio of positive domain = 64 / 1764 = 0.03628117913832196
pruning-in-iteration extra time: 5.412101745605469e-05
Time: get_branching_decision.update_bounds 0.0276    pickout 0.0747    branching_decision 0.0004    decision 0.0004    set_bounds 0.0391    prepare 0.0385    transfer 0.0001    finalize 0.0684    func 0.5851    solve 0.3196    add 0.0064    bab_iteration 0.3882    
Accumulated time: get_branching_decision.update_bounds 0.0276    bab_iteration 1.3222    pickout 0.1560    decision 0.0012    branching_decision 0.0010    set_bounds 0.0901    solve 1.1712    func 1.7561    prepare 0.0796    transfer 0.0004    finalize 0.1475    add 0.0169    
max lb 0.056838154792785645 min lb -1.059899091720581
Number of Verified Splits: 65 of 1764
Current worst splitting domains lb-rhs (depth):
-1.05990 (12), -1.04793 (12), -1.01430 (12), -1.00677 (12), -1.00242 (12), -0.99477 (12), -0.99209 (12), -0.98949 (12), -0.98368 (12), -0.98016 (12), -0.96853 (12), -0.96132 (12), -0.95731 (12), -0.95663 (12), -0.94920 (12), -0.94651 (12), -0.94534 (12), -0.94388 (12), -0.93885 (12), -0.93841 (12), 
Current (lb-rhs): -1.059899091720581
3662 domains visited
Length of domains: 1699
Cumulative time: 2.2917885780334473

BaB round 7
batch: 1699
splitting decisions: 
split level 0: [/input, 4152] [/input, 2541] [/input, 4179] [/input, 4179] [/input, 2540] [/input, 2540] [/input, 4152] [/input, 2541] [/input, 4179] [/input, 4179] 
best_l after optimization: -1368.732177734375
beta sum per layer: [9977.2099609375, 0.0, 1543.524169921875]
alpha/beta optimization time: 0.5860891342163086
pruning_in_iteration open status: False
ratio of positive domain = 148 / 3398 = 0.04355503237198355
pruning-in-iteration extra time: 5.602836608886719e-05
Time: get_branching_decision.update_bounds 0.0276    pickout 0.1602    branching_decision 0.0007    decision 0.0007    set_bounds 0.0753    prepare 0.0734    transfer 0.0001    finalize 0.1461    func 1.3427    solve 0.5852    add 0.1794    bab_iteration 0.8897    
Accumulated time: get_branching_decision.update_bounds 0.0276    bab_iteration 2.2119    pickout 0.3162    decision 0.0019    branching_decision 0.0017    set_bounds 0.1654    solve 1.7564    func 3.0988    prepare 0.1530    transfer 0.0005    finalize 0.2936    add 0.1963    
max lb 0.04133903980255127 min lb -1.0577174425125122
Number of Verified Splits: 155 of 3398
Current worst splitting domains lb-rhs (depth):
-1.05772 (13), -1.04610 (13), -1.04571 (13), -1.03409 (13), -1.01065 (13), -1.00863 (13), -1.00394 (13), -0.99869 (13), -0.99688 (13), -0.99232 (13), -0.99204 (13), -0.98919 (13), -0.98732 (13), -0.98154 (13), -0.98051 (13), -0.97757 (13), -0.97736 (13), -0.97598 (13), -0.97040 (13), -0.96587 (13), 
Current (lb-rhs): -1.0577174425125122
7060 domains visited
Length of domains: 3243
Cumulative time: 4.129549264907837

BaB round 8
batch: 2048
splitting decisions: 
split level 0: [/input, 2511] [/input, 2511] [/input, 2541] [/input, 4636] [/input, 2540] [/26, 3816] [/input, 2511] [/input, 4431] [/input, 2511] [/input, 2541] 
best_l after optimization: -1576.3743896484375
beta sum per layer: [13272.376953125, 259.0830993652344, 1721.297119140625]
alpha/beta optimization time: 0.7140171527862549
pruning_in_iteration open status: False
ratio of positive domain = 263 / 4096 = 0.064208984375
pruning-in-iteration extra time: 7.700920104980469e-05
Time: get_branching_decision.update_bounds 0.0276    pickout 0.1979    branching_decision 0.0007    decision 0.0007    set_bounds 0.0834    prepare 0.0997    transfer 0.0001    finalize 0.1722    func 1.6008    solve 1.3427    add 0.2486    bab_iteration 1.8378    
Accumulated time: get_branching_decision.update_bounds 0.0276    bab_iteration 4.0497    pickout 0.5141    decision 0.0026    branching_decision 0.0024    set_bounds 0.2488    solve 3.0991    func 4.6997    prepare 0.2527    transfer 0.0005    finalize 0.4658    add 0.4449    
max lb 0.05333220958709717 min lb -1.0436615943908691
Number of Verified Splits: 266 of 4096
Current worst splitting domains lb-rhs (depth):
-1.05772 (13), -1.04571 (13), -1.04366 (14), -1.03249 (14), -1.03166 (14), -1.02050 (14), -1.01065 (13), -1.00591 (14), -1.00394 (13), -1.00270 (14), -0.99869 (13), -0.99399 (14), -0.99204 (13), -0.99083 (14), -0.98934 (14), -0.98919 (13), -0.98732 (13), -0.98154 (13), -0.97817 (14), -0.97741 (14), 
Current (lb-rhs): -1.0577174425125122
11156 domains visited
Length of domains: 5025
current_vram/total_varm: 17.4GB/47.7GB, batch_size increase to 4096
Cumulative time: 6.219071388244629

BaB round 9
batch: 4096
splitting decisions: 
split level 0: [/input, 2540] [/26, 3816] [/input, 2511] [/input, 4431] [/input, 2511] [/input, 2541] [/input, 2541] [/input, 2540] [/26, 3816] [/input, 2511] 
best_l after optimization: -3221.0126953125
beta sum per layer: [28081.423828125, 1065.0875244140625, 3256.923828125]
alpha/beta optimization time: 1.4265034198760986
pruning_in_iteration open status: False
ratio of positive domain = 363 / 8192 = 0.0443115234375
pruning-in-iteration extra time: 5.745887756347656e-05
Time: get_branching_decision.update_bounds 0.0276    pickout 0.3450    branching_decision 0.0013    decision 0.0013    set_bounds 0.3449    prepare 0.1932    transfer 0.0002    finalize 0.4991    func 3.0413    solve 1.6009    add 0.2055    bab_iteration 2.0895    
Accumulated time: get_branching_decision.update_bounds 0.0276    bab_iteration 6.1392    pickout 0.8591    decision 0.0039    branching_decision 0.0037    set_bounds 0.5937    solve 4.7000    func 7.7410    prepare 0.4459    transfer 0.0007    finalize 0.9649    add 0.6505    
max lb 0.04893195629119873 min lb -1.0404165983200073
Number of Verified Splits: 384 of 8192
Current worst splitting domains lb-rhs (depth):
-1.05772 (13), -1.04571 (13), -1.04042 (15), -1.02904 (15), -1.02842 (15), -1.02453 (15), -1.01716 (15), -1.01311 (15), -1.01251 (15), -1.00676 (14), -1.00587 (14), -1.00394 (13), -1.00277 (15), -1.00116 (15), -0.99972 (15), -0.99477 (14), -0.99402 (14), -0.99204 (13), -0.99081 (15), -0.98919 (13), 
Current (lb-rhs): -1.0577174425125122
19348 domains visited
Length of domains: 8737
Cumulative time: 10.001897096633911

BaB round 10
batch: 4096
splitting decisions: 
split level 0: [/input, 2806] [/input, 4636] [/input, 3422] [/input, 4471] [/input, 3422] [/26, 3816] [/input, 4636] [/input, 3422] [/input, 3422] [/26, 3816] 
best_l after optimization: -3167.4482421875
beta sum per layer: [32049.515625, 2362.184814453125, 2999.538330078125]
alpha/beta optimization time: 1.4258408546447754
pruning_in_iteration open status: False
ratio of positive domain = 510 / 8192 = 0.062255859375
pruning-in-iteration extra time: 7.62939453125e-05
Time: get_branching_decision.update_bounds 0.0276    pickout 0.3458    branching_decision 0.0012    decision 0.0012    set_bounds 0.1740    prepare 0.1948    transfer 0.0001    finalize 0.3332    func 3.0186    solve 3.0414    add 0.0475    bab_iteration 3.7828    
Accumulated time: get_branching_decision.update_bounds 0.0276    bab_iteration 9.9220    pickout 1.2049    decision 0.0051    branching_decision 0.0048    set_bounds 0.7677    solve 7.7414    func 10.7596    prepare 0.6406    transfer 0.0008    finalize 1.2981    add 0.6980    
max lb 0.049993276596069336 min lb -1.017371416091919
Number of Verified Splits: 538 of 8192
Current worst splitting domains lb-rhs (depth):
-1.05772 (13), -1.04571 (13), -1.04042 (15), -1.02904 (15), -1.02842 (15), -1.01737 (16), -1.01716 (15), -1.00707 (16), -1.00676 (14), -1.00555 (16), -1.00533 (16), -1.00394 (13), -1.00292 (15), -1.00277 (15), -0.99972 (15), -0.99650 (16), -0.99528 (16), -0.99477 (14), -0.99353 (16), -0.99204 (13), 
Current (lb-rhs): -1.0577174425125122
27540 domains visited
Length of domains: 12295
Cumulative time: 13.860290765762329

BaB round 11
batch: 4096
splitting decisions: 
split level 0: [/input, 4499] [/input, 2698] [/input, 2806] [/input, 4636] [/input, 2806] [/input, 2541] [/input, 2806] [/input, 4636] [/input, 2806] [/input, 4499] 
best_l after optimization: -3217.63037109375
beta sum per layer: [34131.87890625, 4015.158935546875, 2652.2822265625]
alpha/beta optimization time: 1.425563097000122
pruning_in_iteration open status: False
ratio of positive domain = 700 / 8192 = 0.08544921875
pruning-in-iteration extra time: 5.8650970458984375e-05
Time: get_branching_decision.update_bounds 0.0276    pickout 0.5664    branching_decision 0.0011    decision 0.0012    set_bounds 0.1749    prepare 0.2082    transfer 0.0001    finalize 0.3518    func 3.0571    solve 3.0187    add 0.3068    bab_iteration 3.8584    
Accumulated time: get_branching_decision.update_bounds 0.0276    bab_iteration 13.7804    pickout 1.7713    decision 0.0062    branching_decision 0.0059    set_bounds 0.9426    solve 10.7601    func 13.8167    prepare 0.8488    transfer 0.0009    finalize 1.6499    add 1.0048    
max lb 0.049459218978881836 min lb -1.0030699968338013
Number of Verified Splits: 729 of 8192
Current worst splitting domains lb-rhs (depth):
-1.05772 (13), -1.04571 (13), -1.04042 (15), -1.02904 (15), -1.02842 (15), -1.01737 (16), -1.01716 (15), -1.00676 (14), -1.00555 (16), -1.00533 (16), -1.00394 (13), -1.00307 (17), -1.00292 (15), -1.00277 (15), -0.99972 (15), -0.99477 (14), -0.99353 (16), -0.99279 (17), -0.99204 (13), -0.99147 (17), 
Current (lb-rhs): -1.0577174425125122
35732 domains visited
Length of domains: 15662
Cumulative time: 17.81980299949646

BaB round 12
batch: 4096
splitting decisions: 
split level 0: [/input, 3843] [/input, 2698] [/26, 2310] [/input, 2510] [/input, 2510] [/26, 2310] [/input, 3843] [/input, 2698] [/input, 4402] [/input, 2698] 
best_l after optimization: -3390.30126953125
beta sum per layer: [36264.640625, 4958.7470703125, 2219.23828125]
alpha/beta optimization time: 1.4317333698272705
pruning_in_iteration open status: False
ratio of positive domain = 764 / 8192 = 0.09326171875
pruning-in-iteration extra time: 5.817413330078125e-05
Time: get_branching_decision.update_bounds 0.0276    pickout 0.3597    branching_decision 0.0011    decision 0.0011    set_bounds 0.4259    prepare 0.2159    transfer 0.0001    finalize 0.3376    func 2.8490    solve 3.0572    add 0.1570    bab_iteration 3.9595    
Accumulated time: get_branching_decision.update_bounds 0.0276    bab_iteration 17.7399    pickout 2.1310    decision 0.0074    branching_decision 0.0070    set_bounds 1.3685    solve 13.8172    func 16.6657    prepare 1.0647    transfer 0.0010    finalize 1.9875    add 1.1618    
max lb 0.05239856243133545 min lb -0.9692051410675049
Number of Verified Splits: 792 of 8192
Current worst splitting domains lb-rhs (depth):
-1.05772 (13), -1.04571 (13), -1.04042 (15), -1.02904 (15), -1.02842 (15), -1.01737 (16), -1.01716 (15), -1.00676 (14), -1.00555 (16), -1.00533 (16), -1.00394 (13), -1.00307 (17), -1.00292 (15), -1.00277 (15), -0.99972 (15), -0.99477 (14), -0.99353 (16), -0.99279 (17), -0.99204 (13), -0.99147 (17), 
Current (lb-rhs): -1.0577174425125122
43924 domains visited
Length of domains: 18966
Cumulative time: 21.652725219726562

BaB round 13
batch: 4096
splitting decisions: 
split level 0: [/input, 5638] [/input, 4636] [/input, 4636] [/26, 2750] [/26, 2310] [/input, 2510] [/input, 2896] [/input, 4636] [/input, 5383] [/26, 2750] 
best_l after optimization: -3711.12255859375
beta sum per layer: [38775.7734375, 4908.77978515625, 1692.25830078125]
alpha/beta optimization time: 1.432952642440796
pruning_in_iteration open status: False
ratio of positive domain = 560 / 8192 = 0.068359375
pruning-in-iteration extra time: 8.749961853027344e-05
Time: get_branching_decision.update_bounds 0.0276    pickout 0.6110    branching_decision 0.0012    decision 0.0012    set_bounds 0.1468    prepare 0.2119    transfer 0.0001    finalize 0.6207    func 3.1454    solve 2.8490    add 0.1945    bab_iteration 3.8329    
Accumulated time: get_branching_decision.update_bounds 0.0276    bab_iteration 21.5728    pickout 2.7420    decision 0.0086    branching_decision 0.0082    set_bounds 1.5153    solve 16.6662    func 19.8111    prepare 1.2766    transfer 0.0011    finalize 2.6082    add 1.3563    
max lb 0.05364084243774414 min lb -0.934383749961853
Number of Verified Splits: 597 of 8192
Current worst splitting domains lb-rhs (depth):
-1.05772 (13), -1.04571 (13), -1.04042 (15), -1.02904 (15), -1.02842 (15), -1.01737 (16), -1.01716 (15), -1.00676 (14), -1.00555 (16), -1.00533 (16), -1.00394 (13), -1.00307 (17), -1.00292 (15), -1.00277 (15), -0.99972 (15), -0.99477 (14), -0.99353 (16), -0.99279 (17), -0.99204 (13), -0.99147 (17), 
Current (lb-rhs): -1.0577174425125122
52116 domains visited
Length of domains: 22465
Cumulative time: 25.6092267036438

BaB round 14
batch: 4096
splitting decisions: 
split level 0: [/26, 3816] [/26, 3816] [/input, 5357] [/input, 2541] [/input, 6031] [/input, 5419] [/input, 2541] [/26, 2310] [/input, 2541] [/input, 6031] 
best_l after optimization: -3929.6513671875
beta sum per layer: [40874.765625, 5398.796875, 1213.96630859375]
alpha/beta optimization time: 1.432420253753662
pruning_in_iteration open status: False
ratio of positive domain = 362 / 8192 = 0.044189453125
pruning-in-iteration extra time: 5.936622619628906e-05
Time: get_branching_decision.update_bounds 0.0276    pickout 0.3827    branching_decision 0.0011    decision 0.0012    set_bounds 0.1740    prepare 0.2247    transfer 0.0001    finalize 0.3859    func 3.2407    solve 3.1455    add 0.0485    bab_iteration 3.9565    
Accumulated time: get_branching_decision.update_bounds 0.0276    bab_iteration 25.5293    pickout 3.1247    decision 0.0097    branching_decision 0.0093    set_bounds 1.6893    solve 19.8117    func 23.0518    prepare 1.5014    transfer 0.0012    finalize 2.9940    add 1.4048    
max lb 0.05547517538070679 min lb -0.8761046528816223
Number of Verified Splits: 396 of 8192
Current worst splitting domains lb-rhs (depth):
-1.05772 (13), -1.04571 (13), -1.04042 (15), -1.02904 (15), -1.02842 (15), -1.01737 (16), -1.01716 (15), -1.00676 (14), -1.00555 (16), -1.00533 (16), -1.00394 (13), -1.00307 (17), -1.00292 (15), -1.00277 (15), -0.99972 (15), -0.99477 (14), -0.99353 (16), -0.99279 (17), -0.99204 (13), -0.99147 (17), 
Current (lb-rhs): -1.0577174425125122
60308 domains visited
Length of domains: 26165
Cumulative time: 29.459522485733032

BaB round 15
batch: 4096
splitting decisions: 
split level 0: [/input, 2643] [/input, 2698] [/26, 3365] [/input, 2698] [/26, 3365] [/input, 2643] [/input, 2698] [/26, 3365] [/input, 5446] [/26, 3365] 
best_l after optimization: -3859.243896484375
beta sum per layer: [42475.6953125, 7151.54296875, 879.033447265625]
alpha/beta optimization time: 1.4332404136657715
pruning_in_iteration open status: False
ratio of positive domain = 274 / 8192 = 0.033447265625
pruning-in-iteration extra time: 8.106231689453125e-05
Time: get_branching_decision.update_bounds 0.0276    pickout 0.3765    branching_decision 0.0011    decision 0.0011    set_bounds 0.1836    prepare 0.2168    transfer 0.0001    finalize 0.3832    func 3.2687    solve 3.2407    add 0.0477    bab_iteration 3.8503    
Accumulated time: get_branching_decision.update_bounds 0.0276    bab_iteration 29.3796    pickout 3.5013    decision 0.0108    branching_decision 0.0104    set_bounds 1.8729    solve 23.0524    func 26.3205    prepare 1.7182    transfer 0.0013    finalize 3.3772    add 1.4525    
max lb 0.0375211238861084 min lb -0.8444554209709167
Number of Verified Splits: 283 of 8192
Current worst splitting domains lb-rhs (depth):
-1.05772 (13), -1.04571 (13), -1.04042 (15), -1.02904 (15), -1.02842 (15), -1.01737 (16), -1.01716 (15), -1.00676 (14), -1.00555 (16), -1.00533 (16), -1.00394 (13), -1.00307 (17), -1.00292 (15), -1.00277 (15), -0.99972 (15), -0.99477 (14), -0.99353 (16), -0.99279 (17), -0.99204 (13), -0.99147 (17), 
Current (lb-rhs): -1.0577174425125122
68500 domains visited
Length of domains: 29978
Cumulative time: 33.341686487197876

BaB round 16
batch: 4096
splitting decisions: 
split level 0: [/input, 4043] [/input, 4636] [/26, 2310] [/input, 4636] [/26, 2310] [/input, 4043] [/input, 4636] [/input, 4636] [/input, 5419] [/input, 4636] 
best_l after optimization: -3636.121826171875
beta sum per layer: [44804.09765625, 10447.0224609375, 612.4415893554688]
alpha/beta optimization time: 1.435831069946289
pruning_in_iteration open status: False
ratio of positive domain = 104 / 8192 = 0.0126953125
pruning-in-iteration extra time: 6.246566772460938e-05
Time: get_branching_decision.update_bounds 0.0276    pickout 0.3839    branching_decision 0.0011    decision 0.0011    set_bounds 0.5074    prepare 0.2185    transfer 0.0001    finalize 0.3913    func 3.3495    solve 3.2688    add 0.0480    bab_iteration 3.8822    
Accumulated time: get_branching_decision.update_bounds 0.0276    bab_iteration 33.2617    pickout 3.8852    decision 0.0120    branching_decision 0.0115    set_bounds 2.3803    solve 26.3212    func 29.6701    prepare 1.9367    transfer 0.0014    finalize 3.7685    add 1.5005    
max lb 0.03586888313293457 min lb -0.805235743522644
Number of Verified Splits: 111 of 8192
Current worst splitting domains lb-rhs (depth):
-1.05772 (13), -1.04571 (13), -1.04042 (15), -1.02904 (15), -1.02842 (15), -1.01737 (16), -1.01716 (15), -1.00676 (14), -1.00555 (16), -1.00533 (16), -1.00394 (13), -1.00307 (17), -1.00292 (15), -1.00277 (15), -0.99972 (15), -0.99477 (14), -0.99353 (16), -0.99279 (17), -0.99204 (13), -0.99147 (17), 
Current (lb-rhs): -1.0577174425125122
76692 domains visited
Length of domains: 33963
Cumulative time: 37.68135070800781

BaB round 17
batch: 4096
splitting decisions: 
split level 0: [/input, 2541] [/input, 5419] [/input, 4960] [/input, 5419] [/input, 4960] [/input, 2541] [/input, 5419] [/input, 4960] [/input, 5419] [/input, 4960] 
best_l after optimization: -3436.744384765625
beta sum per layer: [47479.46875, 11552.9619140625, 530.0845947265625]
alpha/beta optimization time: 1.4340970516204834
pruning_in_iteration open status: False
ratio of positive domain = 67 / 8192 = 0.0081787109375
pruning-in-iteration extra time: 6.961822509765625e-05
Time: get_branching_decision.update_bounds 0.0276    pickout 0.7354    branching_decision 0.0011    decision 0.0011    set_bounds 0.1885    prepare 0.2286    transfer 0.0001    finalize 0.4219    func 3.3942    solve 3.3496    add 0.0928    bab_iteration 4.3397    
Accumulated time: get_branching_decision.update_bounds 0.0276    bab_iteration 37.6014    pickout 4.6206    decision 0.0131    branching_decision 0.0126    set_bounds 2.5688    solve 29.6708    func 33.0642    prepare 2.1652    transfer 0.0015    finalize 4.1904    add 1.5933    
max lb 0.08297157287597656 min lb -0.7609695196151733
Number of Verified Splits: 71 of 8192
Current worst splitting domains lb-rhs (depth):
-1.05772 (13), -1.04571 (13), -1.04042 (15), -1.02904 (15), -1.02842 (15), -1.01737 (16), -1.01716 (15), -1.00676 (14), -1.00555 (16), -1.00533 (16), -1.00394 (13), -1.00307 (17), -1.00292 (15), -1.00277 (15), -0.99972 (15), -0.99477 (14), -0.99353 (16), -0.99279 (17), -0.99204 (13), -0.99147 (17), 
Current (lb-rhs): -1.0577174425125122
84884 domains visited
Length of domains: 37988
Cumulative time: 42.06285500526428

BaB round 18
batch: 4096
splitting decisions: 
split level 0: [/26, 2695] [/input, 5446] [/input, 4636] [/input, 2698] [/input, 4636] [/26, 2695] [/input, 5446] [/input, 4636] [/input, 2698] [/input, 4636] 
best_l after optimization: -3207.944580078125
beta sum per layer: [49572.34765625, 13381.8046875, 462.4649963378906]
alpha/beta optimization time: 1.4371368885040283
pruning_in_iteration open status: False
ratio of positive domain = 50 / 8192 = 0.006103515625
pruning-in-iteration extra time: 7.867813110351562e-05
Time: get_branching_decision.update_bounds 0.0276    pickout 0.3927    branching_decision 0.0011    decision 0.0011    set_bounds 0.1653    prepare 0.2263    transfer 0.0001    finalize 0.8305    func 3.6950    solve 3.3942    add 0.0571    bab_iteration 4.3815    
Accumulated time: get_branching_decision.update_bounds 0.0276    bab_iteration 41.9829    pickout 5.0133    decision 0.0142    branching_decision 0.0136    set_bounds 2.7341    solve 33.0651    func 36.7592    prepare 2.3915    transfer 0.0016    finalize 5.0209    add 1.6504    
max lb 0.03030681610107422 min lb -0.7517758011817932
Number of Verified Splits: 52 of 8192
Current worst splitting domains lb-rhs (depth):
-1.05772 (13), -1.04571 (13), -1.04042 (15), -1.02904 (15), -1.02842 (15), -1.01737 (16), -1.01716 (15), -1.00676 (14), -1.00555 (16), -1.00533 (16), -1.00394 (13), -1.00307 (17), -1.00292 (15), -1.00277 (15), -0.99972 (15), -0.99477 (14), -0.99353 (16), -0.99279 (17), -0.99204 (13), -0.99147 (17), 
Current (lb-rhs): -1.0577174425125122
93076 domains visited
Length of domains: 42032
Cumulative time: 46.36930823326111

BaB round 19
batch: 4096
splitting decisions: 
split level 0: [/26, 3204] [/26, 1881] [/input, 4932] [/input, 2806] [/input, 4932] [/26, 3204] [/input, 2806] [/26, 2310] [/input, 2806] [/input, 4932] 
best_l after optimization: -2714.983642578125
beta sum per layer: [52705.4453125, 17945.09375, 412.3357238769531]
alpha/beta optimization time: 1.4321248531341553
pruning_in_iteration open status: False
ratio of positive domain = 31 / 8192 = 0.0037841796875
pruning-in-iteration extra time: 5.7697296142578125e-05
Time: get_branching_decision.update_bounds 0.0276    pickout 0.3941    branching_decision 0.0011    decision 0.0011    set_bounds 0.1815    prepare 0.2438    transfer 0.0001    finalize 0.7953    func 3.4188    solve 3.6950    add 0.0471    bab_iteration 4.3064    
Accumulated time: get_branching_decision.update_bounds 0.0276    bab_iteration 46.2893    pickout 5.4074    decision 0.0153    branching_decision 0.0147    set_bounds 2.9156    solve 36.7601    func 40.1780    prepare 2.6353    transfer 0.0017    finalize 5.8162    add 1.6975    
max lb 0.051479995250701904 min lb -0.6753053665161133
Number of Verified Splits: 31 of 8192
Current worst splitting domains lb-rhs (depth):
-1.05772 (13), -1.04571 (13), -1.04042 (15), -1.02904 (15), -1.02842 (15), -1.01737 (16), -1.01716 (15), -1.00676 (14), -1.00555 (16), -1.00533 (16), -1.00394 (13), -1.00307 (17), -1.00292 (15), -1.00277 (15), -0.99972 (15), -0.99477 (14), -0.99353 (16), -0.99279 (17), -0.99204 (13), -0.99147 (17), 
Current (lb-rhs): -1.0577174425125122
101268 domains visited
Length of domains: 46097
Cumulative time: 50.42125749588013

BaB round 20
batch: 4096
splitting decisions: 
split level 0: [/input, 3392] [/input, 2806] [/input, 3392] [/input, 371] [/input, 2806] [/26, 2310] [/input, 2806] [/26, 2310] [/input, 371] [/input, 2806] 
best_l after optimization: -2215.53564453125
beta sum per layer: [55380.9921875, 23705.333984375, 384.4267883300781]
alpha/beta optimization time: 1.4292778968811035
pruning_in_iteration open status: False
ratio of positive domain = 10 / 8192 = 0.001220703125
pruning-in-iteration extra time: 9.083747863769531e-05
Time: get_branching_decision.update_bounds 0.0276    pickout 0.3960    branching_decision 0.0011    decision 0.0011    set_bounds 0.1829    prepare 0.2232    transfer 0.0001    finalize 0.8445    func 3.6603    solve 3.4188    add 0.0508    bab_iteration 4.0519    
Accumulated time: get_branching_decision.update_bounds 0.0276    bab_iteration 50.3413    pickout 5.8034    decision 0.0164    branching_decision 0.0158    set_bounds 3.0986    solve 40.1789    func 43.8382    prepare 2.8586    transfer 0.0018    finalize 6.6607    add 1.7484    
max lb 0.04535257816314697 min lb -0.6589707136154175
Number of Verified Splits: 10 of 8192
Current worst splitting domains lb-rhs (depth):
-1.05772 (13), -1.04571 (13), -1.04042 (15), -1.02904 (15), -1.02842 (15), -1.01737 (16), -1.01716 (15), -1.00676 (14), -1.00555 (16), -1.00533 (16), -1.00394 (13), -1.00307 (17), -1.00292 (15), -1.00277 (15), -0.99972 (15), -0.99477 (14), -0.99353 (16), -0.99279 (17), -0.99204 (13), -0.99147 (17), 
Current (lb-rhs): -1.0577174425125122
109460 domains visited
Length of domains: 50183
Cumulative time: 54.717252016067505

BaB round 21
batch: 4096
splitting decisions: 
split level 0: [/input, 2726] [/input, 6205] [/input, 2726] [/input, 370] [/input, 6205] [/input, 2726] [/input, 429] [/input, 2726] [/input, 370] [/input, 429] 
best_l after optimization: -1828.6751708984375
beta sum per layer: [58616.5, 27278.9921875, 378.45953369140625]
alpha/beta optimization time: 1.432030439376831
pruning_in_iteration open status: False
ratio of positive domain = 30 / 8192 = 0.003662109375
pruning-in-iteration extra time: 5.841255187988281e-05
Time: get_branching_decision.update_bounds 0.0276    pickout 0.3999    branching_decision 0.0012    decision 0.0013    set_bounds 0.1854    prepare 0.2232    transfer 0.0001    finalize 0.4317    func 3.4842    solve 3.6603    add 0.0493    bab_iteration 4.2960    
Accumulated time: get_branching_decision.update_bounds 0.0276    bab_iteration 54.6373    pickout 6.2033    decision 0.0177    branching_decision 0.0170    set_bounds 3.2839    solve 43.8393    func 47.3224    prepare 3.0818    transfer 0.0019    finalize 7.0924    add 1.7977    
max lb 0.03736907243728638 min lb -0.5789046883583069
Number of Verified Splits: 30 of 8192
Current worst splitting domains lb-rhs (depth):
-1.05772 (13), -1.04571 (13), -1.04042 (15), -1.02904 (15), -1.02842 (15), -1.01737 (16), -1.01716 (15), -1.00676 (14), -1.00555 (16), -1.00533 (16), -1.00394 (13), -1.00307 (17), -1.00292 (15), -1.00277 (15), -0.99972 (15), -0.99477 (14), -0.99353 (16), -0.99279 (17), -0.99204 (13), -0.99147 (17), 
Current (lb-rhs): -1.0577174425125122
117652 domains visited
Length of domains: 54249
Time out!!!!!!!!
Result: unknown in 64.3128 seconds

 %%%%%%%%%%%%%%%%%%%%%%%%%%%%%%%%%%% idx: 5, vnnlib ID: 5 %%%%%%%%%%%%%%%%%%%%%%%%%%%%%%%%%%%
Finished vnnlib processing in 0.001671 seconds
Model: BoundedModule(
  (/input-1): BoundInput(name=/input-1, inputs=[], perturbed=True)
  (/shape): BoundBuffers(name=/shape, inputs=[], perturbed=False)
  (/12): BoundParams(name=/12, inputs=[], perturbed=False)
  (/13): BoundParams(name=/13, inputs=[], perturbed=False)
  (/14): BoundParams(name=/14, inputs=[], perturbed=False)
  (/15): BoundParams(name=/15, inputs=[], perturbed=False)
  (/16): BoundParams(name=/16, inputs=[], perturbed=False)
  (/17): BoundParams(name=/17, inputs=[], perturbed=False)
  (/18): BoundParams(name=/18, inputs=[], perturbed=False)
  (/19): BoundParams(name=/19, inputs=[], perturbed=False)
  (/20): BoundParams(name=/20, inputs=[], perturbed=False)
  (/21): BoundParams(name=/21, inputs=[], perturbed=False)
  (/input): BoundConv(name=/input, inputs=[/input-1, /12, /13], perturbed=True)
  (/input-4): BoundRelu(name=/input-4, inputs=[/input], perturbed=True)
  (/24): BoundConv(name=/24, inputs=[/input-4, /14, /15], perturbed=True)
  (/25): BoundConv(name=/25, inputs=[/input-4, /16, /17], perturbed=True)
  (/26): BoundAdd(name=/26, inputs=[/24, /25], perturbed=True)
  (/27): BoundRelu(name=/27, inputs=[/26], perturbed=True)
  (/28): BoundSplit(name=/28, inputs=[/shape], perturbed=False)
  (/29): BoundSplit(name=/29, inputs=[/shape], perturbed=False)
  (/30): BoundConstant(name=/30, value=tensor([0], device='cuda:0'))
  (/31): BoundSqueeze(name=/31, inputs=[/28, /30], perturbed=False)
  (/32): BoundConstant(name=/32, value=tensor([0], device='cuda:0'))
  (/33): BoundSqueeze(name=/33, inputs=[/29, /32], perturbed=False)
  (/34): BoundConstant(name=/34, value=tensor([0], device='cuda:0'))
  (/35): BoundUnsqueeze(name=/35, inputs=[/31, /34], perturbed=False)
  (/36): BoundConstant(name=/36, value=tensor([0], device='cuda:0'))
  (/37): BoundUnsqueeze(name=/37, inputs=[/33, /36], perturbed=False)
  (/38): BoundConcat(name=/38, inputs=[/35, /37], perturbed=False)
  (/39): BoundReshape(name=/39, inputs=[/27, /38], perturbed=True)
  (/input-8): BoundLinear(name=/input-8, inputs=[/39, /18, /19], perturbed=True)
  (/41): BoundRelu(name=/41, inputs=[/input-8], perturbed=True)
  (/42): BoundLinear(name=/42, inputs=[/41, /20, /21], perturbed=True)
)
Original output in the first batch: tensor([[-5.02561998,  5.22064400,  0.47097343,  0.25350273, -1.83791983,
         -1.04694867, -1.21368241,  0.02979462,  0.44255015, -2.32435822]],
       device='cuda:0')
Split layers:
Nonlinear functions:
   BoundRelu(name=/input-4, inputs=[/input], perturbed=True)
   BoundRelu(name=/27, inputs=[/26], perturbed=True)
   BoundRelu(name=/41, inputs=[/input-8], perturbed=True)
build batch [1/1]
layer /input-4 using sparse-features alpha with shape [1497]; unstable size 1497; total size 6272 ([1, 8, 28, 28])
layer /input-4 start_node /26 using full alpha [2, 6272, 1, 1497] with unstable size None total_size 6272 output_shape torch.Size([8, 28, 28])
layer /input-4 start_node /input-8 using sparse-spec alpha [2, 21, 1, 1497] with unstable size 20 total_size 64 output_shape torch.Size([64])
layer /input-4 start_node /42 using full alpha [2, 9, 1, 1497] with unstable size None total_size 9 output_shape 9
layer /27 using sparse-features alpha with shape [2344]; unstable size 2344; total size 6272 ([1, 8, 28, 28])
layer /27 start_node /input-8 using sparse-spec alpha [2, 21, 1, 2344] with unstable size 20 total_size 64 output_shape torch.Size([64])
layer /27 start_node /42 using full alpha [2, 9, 1, 2344] with unstable size None total_size 9 output_shape 9
layer /41 using sparse-features alpha with shape [20]; unstable size 20; total size 64 ([1, 64])
layer /41 start_node /42 using full alpha [2, 9, 1, 20] with unstable size None total_size 9 output_shape 9
Optimizable variables initialized.
initial CROWN bounds (first 10 items): [2.819462776184082, -1.42154860496521, -2.034945487976074, 1.3573870658874512, 0.7180652618408203, 0.14091157913208008, -1.6046323776245117, -0.05008852481842041, 0.9159960746765137]
prune_after_crown optimization in use
  original spec size = torch.Size([1, 9])
  pruned spec size = torch.Size([1, 4])
Using alpha-CROWN to initialize bounds.
best_l after optimization: -3.5600152015686035
alpha/beta optimization time: 4.952721357345581
initial alpha-crown bounds (first 10 items): [-1.1442433595657349, -1.4693093299865723, -1.161003828048706, 0.21454155445098877]
Global lower bound: -1.4693093299865723
6 / 9 OR specs are verified.
Verified OR indices (first 10 items): [0, 3, 4, 5, 7, 8]
Verified OR lbs (first 10 items): [[inf], [inf], [inf], [inf], [0.21454155445098877], [inf]]
Unverified OR indices (first 10 items): [1, 2, 6]
Unverified OR lbs (first 10 items): [[-1.1442433595657349], [-1.4693093299865723], [-1.161003828048706]]
###### Verifying property Instance 5 ######
Batch size: 3
First 10 spec matrices
C: tensor([[[ 0.,  1., -1.,  0.,  0.,  0.,  0.,  0.,  0.,  0.]],

        [[ 0.,  1.,  0., -1.,  0.,  0.,  0.,  0.,  0.,  0.]],

        [[ 0.,  1.,  0.,  0.,  0.,  0.,  0., -1.,  0.,  0.]]], device='cuda:0')
RHS: tensor([[0.],
        [0.],
        [0.]], device='cuda:0')
OR spec sizes: tensor([1, 1, 1], device='cuda:0', dtype=torch.int32)
Remaining timeout: 54.73263621330261
Model prediction is: tensor([-5.02561998,  5.22064400,  0.47097343,  0.25350273, -1.83791983,
        -1.04694867, -1.21368241,  0.02979462,  0.44255015, -2.32435822],
       device='cuda:0')
Activation BaB batch 1/1 
build_with_refined_bounds batch [1/1]
Optimizable variables initialized.
all alpha initialized
directly get lb and ub from refined bounds
c shape: torch.Size([3, 1, 10])
lA shapes: [torch.Size([3, 1, 8, 28, 28]), torch.Size([3, 1, 8, 28, 28]), torch.Size([3, 1, 64])]
(alpha-)CROWN with fixed intermediate bounds: tensor([[-1.14424336],
        [-1.46930933],
        [-1.16100383]], device='cuda:0') tensor([[inf],
        [inf],
        [inf]], device='cuda:0')
Intermediate layers: /input,/26,/input-8
Keeping alphas for these layers: ['/42']
Node /input-4 input 0: size torch.Size([8, 28, 28]) unstable 1497
Node /27 input 0: size torch.Size([8, 28, 28]) unstable 2337
Node /41 input 0: size torch.Size([64]) unstable 20
-----------------
# of unstable neurons: 3854
-----------------

BaB round 1
batch: 3
splitting decisions: 
split level 0: [/input-8, 33] [/input-8, 15] [/input-8, 33] 
split level 1: [/input-8, 17] [/input-8, 10] [/input-8, 17] 
split level 2: [/input-8, 10] [/input-8, 55] [/input-8, 10] 
split level 3: [/input-8, 37] [/input-8, 17] [/input-8, 34] 
split level 4: [/input-8, 46] [/input-8, 53] [/input-8, 37] 
split level 5: [/input-8, 30] [/input-8, 30] [/input-8, 53] 
best_l after optimization: -2.479022741317749
beta sum per layer: [0.0, 0.0, 1.5336207151412964]
alpha/beta optimization time: 0.17061519622802734
pruning_in_iteration open status: True
ratio of positive domain = 180 / 192 = 0.9375
pruning-in-iteration extra time: 0.007681369781494141
Time: get_branching_decision.update_bounds 0.0271    pickout 0.0012    branching_decision 0.0001    decision 0.0003    set_bounds 0.0103    prepare 0.0019    transfer 0.0000    finalize 0.0010    func 0.1984    
Accumulated time: get_branching_decision.update_bounds 0.0271    bab_iteration 0.0000    pickout 0.0012    decision 0.0003    branching_decision 0.0001    set_bounds 0.0103    solve 0.0000    func 0.1984    prepare 0.0019    transfer 0.0000    finalize 0.0010    
max lb 9.999999747378752e-05 min lb -0.42120760679244995
Number of Verified Splits: 180 of 192
Current worst splitting domains lb-rhs (depth):
-0.42121 (6), -0.40536 (6), -0.28114 (6), -0.25873 (6), -0.21763 (6), -0.21491 (6), -0.21475 (6), -0.18819 (6), -0.11639 (6), -0.09697 (6), -0.06780 (6), -0.01394 (6), 
Current (lb-rhs): -0.42120760679244995
192 domains visited
Length of domains: 12
Cumulative time: 0.299182653427124

BaB round 2
batch: 12
splitting decisions: 
split level 0: [/input-8, 55] [/input-8, 29] [/input-8, 55] [/input-8, 29] [/input-8, 55] [/input-8, 55] [/input-8, 15] [/input-8, 29] [/input-8, 55] [/input-8, 15] 
split level 1: [/input-8, 30] [/input-8, 37] [/input-8, 30] [/input-8, 37] [/input-8, 30] [/input-8, 30] [/input-8, 34] [/input-8, 37] [/input-8, 29] [/input-8, 34] 
split level 2: [/input-8, 29] [/input-8, 36] [/input-8, 29] [/input-8, 36] [/input-8, 29] [/input-8, 29] [/input-8, 29] [/input-8, 36] [/input-8, 30] [/input-8, 29] 
split level 3: [/input-8, 20] [/input, 4130] [/input-8, 20] [/input, 4130] [/input-8, 20] [/input-8, 20] [/input-8, 63] [/input, 4130] [/input-8, 20] [/input-8, 63] 
best_l after optimization: -0.46508073806762695
beta sum per layer: [1.409799337387085, 0.0, 24.537931442260742]
alpha/beta optimization time: 0.14910602569580078
pruning_in_iteration open status: True
ratio of positive domain = 188 / 192 = 0.9791666666666666
pruning-in-iteration extra time: 0.0053446292877197266
Time: get_branching_decision.update_bounds 0.0271    pickout 0.0023    branching_decision 0.0001    decision 0.0001    set_bounds 0.0090    prepare 0.0040    transfer 0.0000    finalize 0.0008    func 0.1821    solve 0.1984    add 0.0007    bab_iteration 0.2110    
Accumulated time: get_branching_decision.update_bounds 0.0271    bab_iteration 0.2110    pickout 0.0035    decision 0.0004    branching_decision 0.0001    set_bounds 0.0193    solve 0.1984    func 0.3804    prepare 0.0059    transfer 0.0001    finalize 0.0019    add 0.0007    
max lb 9.999999747378752e-05 min lb -0.15661931037902832
Number of Verified Splits: 188 of 192
Current worst splitting domains lb-rhs (depth):
-0.15662 (10), -0.13906 (10), -0.10213 (10), -0.08607 (10), 
Current (lb-rhs): -0.15661931037902832
384 domains visited
Length of domains: 4
Cumulative time: 0.49353933334350586

BaB round 3
batch: 4
splitting decisions: 
split level 0: [/input, 4190] [/input, 4190] [/input, 4190] [/input, 4190] 
split level 1: [/input-8, 27] [/input-8, 57] [/input-8, 27] [/input-8, 57] 
split level 2: [/input-8, 57] [/input-8, 27] [/input-8, 57] [/input-8, 27] 
split level 3: [/input, 4602] [/input, 4602] [/input, 4602] [/input, 4602] 
split level 4: [/input, 4631] [/input, 4631] [/input, 4631] [/input, 4631] 
best_l after optimization: -1.4563305377960205
beta sum per layer: [70.29464721679688, 0.0, 0.0]
alpha/beta optimization time: 0.1627945899963379
pruning_in_iteration open status: True
ratio of positive domain = 102 / 128 = 0.796875
pruning-in-iteration extra time: 0.005524158477783203
Time: get_branching_decision.update_bounds 0.0271    pickout 0.0021    branching_decision 0.0001    decision 0.0001    set_bounds 0.0085    prepare 0.0031    transfer 0.0000    finalize 0.0017    func 0.1886    solve 0.1821    add 0.0006    bab_iteration 0.1943    
Accumulated time: get_branching_decision.update_bounds 0.0271    bab_iteration 0.4053    pickout 0.0056    decision 0.0004    branching_decision 0.0002    set_bounds 0.0278    solve 0.3805    func 0.5691    prepare 0.0091    transfer 0.0001    finalize 0.0036    add 0.0013    
max lb 9.999999747378752e-05 min lb -0.14553523063659668
Number of Verified Splits: 102 of 128
Current worst splitting domains lb-rhs (depth):
-0.14554 (15), -0.12809 (15), -0.11631 (15), -0.09585 (15), -0.09071 (15), -0.08940 (15), -0.07718 (15), -0.07542 (15), -0.07136 (15), -0.06365 (15), -0.06065 (15), -0.06044 (15), -0.05688 (15), -0.05012 (15), -0.04324 (15), -0.04153 (15), -0.04029 (15), -0.03457 (15), -0.03082 (15), -0.02891 (15), 
Current (lb-rhs): -0.14553523063659668
512 domains visited
Length of domains: 26
Cumulative time: 0.6937916278839111

BaB round 4
batch: 26
splitting decisions: 
split level 0: [/26, 2811] [/26, 2811] [/26, 2811] [/26, 2811] [/26, 2811] [/26, 2811] [/26, 2811] [/26, 2811] [/26, 2811] [/26, 2811] 
split level 1: [/input, 2811] [/input, 3567] [/input, 3567] [/input, 2811] [/input, 3567] [/input, 3567] [/input, 2811] [/input, 3567] [/input, 2811] [/input, 3567] 
best_l after optimization: -4.17516565322876
beta sum per layer: [130.87677001953125, 21.96735382080078, 0.0]
alpha/beta optimization time: 0.13626885414123535
pruning_in_iteration open status: True
ratio of positive domain = 21 / 104 = 0.20192307692307687
pruning-in-iteration extra time: 0.00035071372985839844
Time: get_branching_decision.update_bounds 0.0271    pickout 0.0042    branching_decision 0.0001    decision 0.0001    set_bounds 0.0042    prepare 0.0031    transfer 0.0000    finalize 0.0048    func 0.1672    solve 0.1887    add 0.0008    bab_iteration 0.2002    
Accumulated time: get_branching_decision.update_bounds 0.0271    bab_iteration 0.6056    pickout 0.0098    decision 0.0006    branching_decision 0.0003    set_bounds 0.0320    solve 0.5692    func 0.7363    prepare 0.0121    transfer 0.0002    finalize 0.0084    add 0.0021    
max lb 0.011086821556091309 min lb -0.13685762882232666
Number of Verified Splits: 21 of 104
Current worst splitting domains lb-rhs (depth):
-0.13686 (17), -0.13394 (17), -0.11921 (17), -0.11744 (17), -0.11683 (17), -0.11663 (17), -0.11565 (17), -0.10960 (17), -0.10710 (17), -0.10420 (17), -0.08710 (17), -0.08688 (17), -0.08667 (17), -0.08491 (17), -0.08312 (17), -0.08163 (17), -0.08075 (17), -0.07872 (17), -0.07783 (17), -0.07711 (17), 
Current (lb-rhs): -0.13685762882232666
616 domains visited
Length of domains: 83
Cumulative time: 0.8707442283630371

BaB round 5
batch: 83
splitting decisions: 
split level 0: [/input, 3567] [/input, 2811] [/input, 3567] [/input, 2811] [/input, 2811] [/input, 3567] [/input, 2811] [/input, 3567] [/input, 2811] [/input, 3567] 
best_l after optimization: -6.281764507293701
beta sum per layer: [216.73089599609375, 37.972137451171875, 0.0]
alpha/beta optimization time: 0.14185714721679688
pruning_in_iteration open status: False
ratio of positive domain = 20 / 166 = 0.12048192771084343
pruning-in-iteration extra time: 5.173683166503906e-05
Time: get_branching_decision.update_bounds 0.0271    pickout 0.0107    branching_decision 0.0001    decision 0.0001    set_bounds 0.0042    prepare 0.0046    transfer 0.0000    finalize 0.0077    func 0.1806    solve 0.1673    add 0.0010    bab_iteration 0.1769    
Accumulated time: get_branching_decision.update_bounds 0.0271    bab_iteration 0.7825    pickout 0.0204    decision 0.0007    branching_decision 0.0004    set_bounds 0.0362    solve 0.7364    func 0.9169    prepare 0.0167    transfer 0.0002    finalize 0.0161    add 0.0032    
max lb 0.01490020751953125 min lb -0.13314056396484375
Number of Verified Splits: 22 of 166
Current worst splitting domains lb-rhs (depth):
-0.13314 (18), -0.12371 (18), -0.12264 (18), -0.11480 (18), -0.11322 (18), -0.11155 (18), -0.10960 (18), -0.10959 (18), -0.10545 (18), -0.10527 (18), -0.10473 (18), -0.10344 (18), -0.09778 (18), -0.09699 (18), -0.09400 (18), -0.09363 (18), -0.09290 (18), -0.08797 (18), -0.08204 (18), -0.08193 (18), 
Current (lb-rhs): -0.13314056396484375
782 domains visited
Length of domains: 144
Cumulative time: 1.067875623703003

BaB round 6
batch: 144
splitting decisions: 
split level 0: [/26, 3644] [/input, 3539] [/26, 3644] [/input, 3539] [/26, 3644] [/input, 3539] [/26, 3644] [/input, 3539] [/26, 3644] [/input, 3539] 
best_l after optimization: -7.095170497894287
beta sum per layer: [364.7713928222656, 79.12660217285156, 0.0]
alpha/beta optimization time: 0.17962169647216797
pruning_in_iteration open status: True
ratio of positive domain = 113 / 288 = 0.39236111111111116
pruning-in-iteration extra time: 0.004186153411865234
Time: get_branching_decision.update_bounds 0.0271    pickout 0.0170    branching_decision 0.0001    decision 0.0001    set_bounds 0.0070    prepare 0.0077    transfer 0.0000    finalize 0.0105    func 0.2283    solve 0.1807    add 0.0013    bab_iteration 0.1971    
Accumulated time: get_branching_decision.update_bounds 0.0271    bab_iteration 0.9797    pickout 0.0374    decision 0.0008    branching_decision 0.0005    set_bounds 0.0432    solve 0.9171    func 1.1452    prepare 0.0244    transfer 0.0003    finalize 0.0266    add 0.0045    
max lb 0.001402735710144043 min lb -0.12985622882843018
Number of Verified Splits: 113 of 288
Current worst splitting domains lb-rhs (depth):
-0.12986 (19), -0.11899 (19), -0.11858 (19), -0.11224 (19), -0.11065 (19), -0.10821 (19), -0.10782 (19), -0.10703 (19), -0.10555 (19), -0.10278 (19), -0.10251 (19), -0.10178 (19), -0.09982 (19), -0.09389 (19), -0.09247 (19), -0.09021 (19), -0.08897 (19), -0.08852 (19), -0.08553 (19), -0.08183 (19), 
Current (lb-rhs): -0.12985622882843018
1070 domains visited
Length of domains: 175
Cumulative time: 1.3218731880187988

BaB round 7
batch: 175
splitting decisions: 
split level 0: [/26, 3673] [/26, 3644] [/26, 3673] [/26, 3644] [/26, 3673] [/26, 3644] [/26, 3673] [/26, 3644] [/26, 3673] [/26, 3644] 
best_l after optimization: -8.016542434692383
beta sum per layer: [452.0281066894531, 117.78514862060547, 0.0]
alpha/beta optimization time: 0.19773006439208984
pruning_in_iteration open status: True
ratio of positive domain = 148 / 350 = 0.4228571428571428
pruning-in-iteration extra time: 0.004465818405151367
Time: get_branching_decision.update_bounds 0.0271    pickout 0.0198    branching_decision 0.0001    decision 0.0001    set_bounds 0.0086    prepare 0.0093    transfer 0.0000    finalize 0.0107    func 0.2507    solve 0.2283    add 0.0015    bab_iteration 0.2540    
Accumulated time: get_branching_decision.update_bounds 0.0271    bab_iteration 1.2336    pickout 0.0572    decision 0.0009    branching_decision 0.0006    set_bounds 0.0518    solve 1.1454    func 1.3959    prepare 0.0337    transfer 0.0003    finalize 0.0373    add 0.0059    
max lb 9.999999747378752e-05 min lb -0.12613296508789062
Number of Verified Splits: 148 of 350
Current worst splitting domains lb-rhs (depth):
-0.12613 (20), -0.12125 (20), -0.11734 (20), -0.11630 (20), -0.11078 (20), -0.10909 (20), -0.10572 (20), -0.10550 (20), -0.10404 (20), -0.10400 (20), -0.10102 (20), -0.10098 (20), -0.10016 (20), -0.09929 (20), -0.09535 (20), -0.09062 (20), -0.09044 (20), -0.08964 (20), -0.08771 (20), -0.08663 (20), 
Current (lb-rhs): -0.12613296508789062
1420 domains visited
Length of domains: 202
Cumulative time: 1.6032600402832031

BaB round 8
batch: 202
splitting decisions: 
split level 0: [/26, 3643] [/26, 2783] [/26, 3643] [/26, 2783] [/26, 3643] [/26, 2783] [/26, 2783] [/26, 3643] [/26, 2783] [/26, 3643] 
best_l after optimization: -8.019895553588867
beta sum per layer: [520.5692749023438, 150.202880859375, 0.0]
alpha/beta optimization time: 0.18439769744873047
pruning_in_iteration open status: True
ratio of positive domain = 196 / 404 = 0.48514851485148514
pruning-in-iteration extra time: 0.004720449447631836
Time: get_branching_decision.update_bounds 0.0271    pickout 0.0228    branching_decision 0.0001    decision 0.0001    set_bounds 0.0096    prepare 0.0107    transfer 0.0000    finalize 0.0111    func 0.2399    solve 0.2508    add 0.0019    bab_iteration 0.2814    
Accumulated time: get_branching_decision.update_bounds 0.0271    bab_iteration 1.5150    pickout 0.0800    decision 0.0011    branching_decision 0.0007    set_bounds 0.0613    solve 1.3961    func 1.6358    prepare 0.0444    transfer 0.0004    finalize 0.0484    add 0.0078    
max lb 9.999999747378752e-05 min lb -0.12518322467803955
Number of Verified Splits: 196 of 404
Current worst splitting domains lb-rhs (depth):
-0.12518 (21), -0.12035 (21), -0.11624 (21), -0.11524 (21), -0.10982 (21), -0.10814 (21), -0.10487 (21), -0.10451 (21), -0.10291 (21), -0.10253 (21), -0.09992 (21), -0.09992 (21), -0.09916 (21), -0.09803 (21), -0.09446 (21), -0.08966 (21), -0.08893 (21), -0.08815 (21), -0.08548 (21), -0.08456 (21), 
Current (lb-rhs): -0.12518322467803955
1824 domains visited
Length of domains: 208
Cumulative time: 1.8775105476379395

BaB round 9
batch: 208
splitting decisions: 
split level 0: [/input, 4632] [/input, 5699] [/input, 4632] [/input, 5699] [/input, 4632] [/input, 5699] [/input, 5699] [/input, 4632] [/input, 5699] [/input, 4632] 
best_l after optimization: -9.635637283325195
beta sum per layer: [559.2784423828125, 169.62139892578125, 0.0]
alpha/beta optimization time: 0.17883062362670898
pruning_in_iteration open status: True
ratio of positive domain = 157 / 416 = 0.37740384615384615
pruning-in-iteration extra time: 0.004446268081665039
Time: get_branching_decision.update_bounds 0.0271    pickout 0.0236    branching_decision 0.0001    decision 0.0002    set_bounds 0.0097    prepare 0.0109    transfer 0.0000    finalize 0.0147    func 0.2424    solve 0.2400    add 0.0016    bab_iteration 0.2742    
Accumulated time: get_branching_decision.update_bounds 0.0271    bab_iteration 1.7893    pickout 0.1036    decision 0.0012    branching_decision 0.0009    set_bounds 0.0710    solve 1.6361    func 1.8783    prepare 0.0554    transfer 0.0004    finalize 0.0631    add 0.0094    
max lb 0.0006997585296630859 min lb -0.12429320812225342
Number of Verified Splits: 157 of 416
Current worst splitting domains lb-rhs (depth):
-0.12429 (22), -0.11938 (22), -0.11404 (22), -0.11322 (22), -0.10849 (22), -0.10682 (22), -0.10506 (22), -0.10377 (22), -0.10376 (22), -0.10184 (22), -0.10154 (22), -0.09977 (22), -0.09933 (22), -0.09915 (22), -0.09850 (22), -0.09690 (22), -0.09674 (22), -0.09461 (22), -0.09352 (22), -0.09159 (22), 
Current (lb-rhs): -0.12429320812225342
2240 domains visited
Length of domains: 259
Cumulative time: 2.155736207962036

BaB round 10
batch: 259
splitting decisions: 
split level 0: [/input, 5699] [/26, 3673] [/input, 5699] [/26, 3673] [/input, 5699] [/26, 3673] [/input, 5699] [/26, 3673] [/input, 5699] [/input, 5699] 
best_l after optimization: -10.511089324951172
beta sum per layer: [722.7052612304688, 193.46328735351562, 0.0]
alpha/beta optimization time: 0.1629171371459961
pruning_in_iteration open status: True
ratio of positive domain = 230 / 518 = 0.444015444015444
pruning-in-iteration extra time: 0.004755973815917969
Time: get_branching_decision.update_bounds 0.0271    pickout 0.0297    branching_decision 0.0002    decision 0.0002    set_bounds 0.0121    prepare 0.0136    transfer 0.0001    finalize 0.0152    func 0.2335    solve 0.2425    add 0.0020    bab_iteration 0.2782    
Accumulated time: get_branching_decision.update_bounds 0.0271    bab_iteration 2.0675    pickout 0.1333    decision 0.0014    branching_decision 0.0010    set_bounds 0.0831    solve 1.8786    func 2.1118    prepare 0.0690    transfer 0.0005    finalize 0.0783    add 0.0115    
max lb 0.00047016143798828125 min lb -0.12347102165222168
Number of Verified Splits: 230 of 518
Current worst splitting domains lb-rhs (depth):
-0.12347 (23), -0.11857 (23), -0.11235 (23), -0.11116 (23), -0.10742 (23), -0.10595 (23), -0.10421 (23), -0.10093 (23), -0.10091 (23), -0.10071 (23), -0.10070 (23), -0.09895 (23), -0.09840 (23), -0.09609 (23), -0.09588 (23), -0.09582 (23), -0.09552 (23), -0.09543 (23), -0.09349 (23), -0.09269 (23), 
Current (lb-rhs): -0.12347102165222168
2758 domains visited
Length of domains: 288
Cumulative time: 2.433316946029663

BaB round 11
batch: 288
splitting decisions: 
split level 0: [/26, 3615] [/input, 4075] [/26, 3615] [/input, 4075] [/26, 3615] [/input, 4075] [/26, 3615] [/input, 4075] [/26, 3615] [/input, 4075] 
best_l after optimization: -12.197575569152832
beta sum per layer: [836.6529541015625, 199.32098388671875, 0.0]
alpha/beta optimization time: 0.16521692276000977
pruning_in_iteration open status: True
ratio of positive domain = 226 / 576 = 0.39236111111111116
pruning-in-iteration extra time: 0.004738569259643555
Time: get_branching_decision.update_bounds 0.0271    pickout 0.0321    branching_decision 0.0002    decision 0.0002    set_bounds 0.0133    prepare 0.0150    transfer 0.0001    finalize 0.0186    func 0.2475    solve 0.2336    add 0.0019    bab_iteration 0.2776    
Accumulated time: get_branching_decision.update_bounds 0.0271    bab_iteration 2.3451    pickout 0.1655    decision 0.0016    branching_decision 0.0012    set_bounds 0.0964    solve 2.1122    func 2.3593    prepare 0.0840    transfer 0.0005    finalize 0.0969    add 0.0134    
max lb 9.999999747378752e-05 min lb -0.12266397476196289
Number of Verified Splits: 226 of 576
Current worst splitting domains lb-rhs (depth):
-0.12266 (24), -0.11777 (24), -0.11162 (24), -0.10809 (24), -0.10664 (24), -0.10528 (24), -0.10319 (24), -0.10302 (24), -0.10007 (24), -0.09998 (24), -0.09980 (24), -0.09781 (24), -0.09766 (24), -0.09751 (24), -0.09529 (24), -0.09494 (24), -0.09493 (24), -0.09464 (24), -0.09456 (24), -0.09276 (24), 
Current (lb-rhs): -0.12266397476196289
3334 domains visited
Length of domains: 350
Cumulative time: 2.7294976711273193

BaB round 12
batch: 350
splitting decisions: 
split level 0: [/input, 3539] [/26, 3615] [/input, 432] [/26, 3615] [/input, 3539] [/26, 3615] [/input, 3539] [/26, 3615] [/input, 3539] [/26, 3615] 
best_l after optimization: -14.058198928833008
beta sum per layer: [1061.286865234375, 258.1397705078125, 0.0]
alpha/beta optimization time: 0.1810135841369629
pruning_in_iteration open status: True
ratio of positive domain = 292 / 700 = 0.41714285714285715
pruning-in-iteration extra time: 0.004770755767822266
Time: get_branching_decision.update_bounds 0.0271    pickout 0.0394    branching_decision 0.0002    decision 0.0002    set_bounds 0.0161    prepare 0.0183    transfer 0.0000    finalize 0.0207    func 0.2754    solve 0.2475    add 0.0027    bab_iteration 0.2962    
Accumulated time: get_branching_decision.update_bounds 0.0271    bab_iteration 2.6413    pickout 0.2048    decision 0.0018    branching_decision 0.0014    set_bounds 0.1125    solve 2.3597    func 2.6347    prepare 0.1023    transfer 0.0006    finalize 0.1176    add 0.0161    
max lb 9.999999747378752e-05 min lb -0.12011420726776123
Number of Verified Splits: 292 of 700
Current worst splitting domains lb-rhs (depth):
-0.12011 (25), -0.11523 (25), -0.11081 (25), -0.10722 (25), -0.10582 (25), -0.10455 (25), -0.10441 (25), -0.10232 (25), -0.10210 (25), -0.09985 (25), -0.09913 (25), -0.09751 (25), -0.09695 (25), -0.09684 (25), -0.09679 (25), -0.09407 (25), -0.09400 (25), -0.09395 (25), -0.09331 (25), -0.09275 (25), 
Current (lb-rhs): -0.12011420726776123
4034 domains visited
Length of domains: 408
Cumulative time: 3.063448190689087

BaB round 13
batch: 408
splitting decisions: 
split level 0: [/26, 3672] [/26, 3643] [/26, 3643] [/input, 432] [/26, 3643] [/26, 3672] [/26, 3643] [/26, 3672] [/26, 3643] [/input, 487] 
best_l after optimization: -16.436080932617188
beta sum per layer: [1255.758544921875, 288.20263671875, 0.0]
alpha/beta optimization time: 0.20285367965698242
pruning_in_iteration open status: True
ratio of positive domain = 323 / 816 = 0.39583333333333337
pruning-in-iteration extra time: 0.004777193069458008
Time: get_branching_decision.update_bounds 0.0271    pickout 0.0452    branching_decision 0.0002    decision 0.0002    set_bounds 0.0186    prepare 0.0212    transfer 0.0001    finalize 0.0256    func 0.3146    solve 0.2755    add 0.0025    bab_iteration 0.3339    
Accumulated time: get_branching_decision.update_bounds 0.0271    bab_iteration 2.9752    pickout 0.2500    decision 0.0020    branching_decision 0.0016    set_bounds 0.1311    solve 2.6352    func 2.9493    prepare 0.1235    transfer 0.0006    finalize 0.1432    add 0.0186    
max lb 9.999999747378752e-05 min lb -0.11937355995178223
Number of Verified Splits: 323 of 816
Current worst splitting domains lb-rhs (depth):
-0.11937 (26), -0.11449 (26), -0.11001 (26), -0.10648 (26), -0.10502 (26), -0.10367 (26), -0.10359 (26), -0.10159 (26), -0.10130 (26), -0.09883 (26), -0.09833 (26), -0.09677 (26), -0.09615 (26), -0.09598 (26), -0.09597 (26), -0.09441 (26), -0.09406 (26), -0.09309 (26), -0.09303 (26), -0.09280 (26), 
Current (lb-rhs): -0.11937355995178223
4850 domains visited
Length of domains: 493
Cumulative time: 3.4461557865142822

BaB round 14
batch: 493
splitting decisions: 
split level 0: [/26, 3671] [/input, 515] [/input, 515] [/26, 3672] [/input, 515] [/26, 3671] [/input, 515] [/input, 432] [/input, 515] [/input, 460] 
best_l after optimization: -21.72454833984375
beta sum per layer: [1578.652099609375, 314.971923828125, 0.0]
alpha/beta optimization time: 0.19533801078796387
pruning_in_iteration open status: True
ratio of positive domain = 321 / 986 = 0.32555780933062883
pruning-in-iteration extra time: 0.0044324398040771484
Time: get_branching_decision.update_bounds 0.0271    pickout 0.0537    branching_decision 0.0003    decision 0.0003    set_bounds 0.0223    prepare 0.0255    transfer 0.0001    finalize 0.0347    func 0.3406    solve 0.3147    add 0.0038    bab_iteration 0.3827    
Accumulated time: get_branching_decision.update_bounds 0.0271    bab_iteration 3.3579    pickout 0.3037    decision 0.0023    branching_decision 0.0019    set_bounds 0.1534    solve 2.9499    func 3.2899    prepare 0.1490    transfer 0.0007    finalize 0.1779    add 0.0224    
max lb 0.00010013580322265625 min lb -0.118583083152771
Number of Verified Splits: 321 of 986
Current worst splitting domains lb-rhs (depth):
-0.11858 (27), -0.11371 (27), -0.10747 (27), -0.10431 (27), -0.10289 (27), -0.10248 (27), -0.10164 (27), -0.09943 (27), -0.09936 (27), -0.09804 (27), -0.09623 (27), -0.09608 (27), -0.09599 (27), -0.09400 (27), -0.09381 (27), -0.09342 (27), -0.09314 (27), -0.09312 (27), -0.09289 (27), -0.09274 (27), 
Current (lb-rhs): -0.118583083152771
5836 domains visited
Length of domains: 665
Cumulative time: 3.866804599761963

BaB round 15
batch: 665
splitting decisions: 
split level 0: [/input, 432] [/input, 4632] [/input, 4632] [/input, 487] [/input, 4632] [/input, 432] [/input, 4632] [/26, 3671] [/input, 4632] [/input, 4632] 
best_l after optimization: -27.97519302368164
beta sum per layer: [2222.828369140625, 447.6011962890625, 0.0]
alpha/beta optimization time: 0.2363576889038086
pruning_in_iteration open status: True
ratio of positive domain = 450 / 1330 = 0.33834586466165417
pruning-in-iteration extra time: 0.004516124725341797
Time: get_branching_decision.update_bounds 0.0271    pickout 0.0713    branching_decision 0.0003    decision 0.0004    set_bounds 0.0300    prepare 0.0341    transfer 0.0001    finalize 0.0466    func 0.4291    solve 0.3406    add 0.0035    bab_iteration 0.4206    
Accumulated time: get_branching_decision.update_bounds 0.0271    bab_iteration 3.7785    pickout 0.3750    decision 0.0027    branching_decision 0.0022    set_bounds 0.1834    solve 3.2905    func 3.7190    prepare 0.1831    transfer 0.0007    finalize 0.2245    add 0.0260    
max lb 0.00042998790740966797 min lb -0.11525905132293701
Number of Verified Splits: 450 of 1330
Current worst splitting domains lb-rhs (depth):
-0.11526 (28), -0.11491 (28), -0.11038 (28), -0.11008 (28), -0.10686 (28), -0.10351 (28), -0.10187 (28), -0.09956 (28), -0.09925 (28), -0.09913 (28), -0.09863 (28), -0.09686 (28), -0.09472 (28), -0.09441 (28), -0.09374 (28), -0.09288 (28), -0.09279 (28), -0.09235 (28), -0.09223 (28), -0.09206 (28), 
Current (lb-rhs): -0.11525905132293701
7166 domains visited
Length of domains: 880
Cumulative time: 4.404593467712402

BaB round 16
batch: 880
splitting decisions: 
split level 0: [/26, 3671] [/26, 3671] [/input, 460] [/26, 3671] [/input, 487] [/26, 3671] [/input, 487] [/26, 3671] [/26, 3671] [/input, 487] 
best_l after optimization: -32.02179718017578
beta sum per layer: [2966.556884765625, 481.7083740234375, 0.0]
alpha/beta optimization time: 0.26308608055114746
pruning_in_iteration open status: True
ratio of positive domain = 735 / 1760 = 0.41761363636363635
pruning-in-iteration extra time: 0.004800319671630859
Time: get_branching_decision.update_bounds 0.0271    pickout 0.0933    branching_decision 0.0005    decision 0.0005    set_bounds 0.0394    prepare 0.0454    transfer 0.0001    finalize 0.1859    func 0.6246    solve 0.4292    add 0.0067    bab_iteration 0.5378    
Accumulated time: get_branching_decision.update_bounds 0.0271    bab_iteration 4.3163    pickout 0.4683    decision 0.0032    branching_decision 0.0027    set_bounds 0.2228    solve 3.7196    func 4.3437    prepare 0.2284    transfer 0.0008    finalize 0.4104    add 0.0327    
max lb 9.999999747378752e-05 min lb -0.11443722248077393
Number of Verified Splits: 735 of 1760
Current worst splitting domains lb-rhs (depth):
-0.11444 (29), -0.11409 (29), -0.10956 (29), -0.10926 (29), -0.10607 (29), -0.10267 (29), -0.10108 (29), -0.09874 (29), -0.09850 (29), -0.09843 (29), -0.09783 (29), -0.09623 (29), -0.09390 (29), -0.09360 (29), -0.09312 (29), -0.09206 (29), -0.09197 (29), -0.09161 (29), -0.09151 (29), -0.09087 (29), 
Current (lb-rhs): -0.11443722248077393
8926 domains visited
Length of domains: 1025
Cumulative time: 5.171870231628418

BaB round 17
batch: 1025
splitting decisions: 
split level 0: [/input, 3512] [/input, 3512] [/input, 3512] [/input, 460] [/input, 3512] [/input, 460] [/input, 3512] [/input, 3512] [/input, 460] [/input, 3512] 
best_l after optimization: -39.070594787597656
beta sum per layer: [3550.683349609375, 634.2235107421875, 0.0]
alpha/beta optimization time: 0.3030085563659668
pruning_in_iteration open status: True
ratio of positive domain = 722 / 2050 = 0.3521951219512195
pruning-in-iteration extra time: 0.0043239593505859375
Time: get_branching_decision.update_bounds 0.0271    pickout 0.1090    branching_decision 0.0005    decision 0.0006    set_bounds 0.0463    prepare 0.0530    transfer 0.0001    finalize 0.0672    func 0.5878    solve 0.6247    add 0.0090    bab_iteration 0.7673    
Accumulated time: get_branching_decision.update_bounds 0.0271    bab_iteration 5.0836    pickout 0.5772    decision 0.0038    branching_decision 0.0032    set_bounds 0.2690    solve 4.3443    func 4.9315    prepare 0.2814    transfer 0.0008    finalize 0.4776    add 0.0416    
max lb 0.0016497373580932617 min lb -0.1123509407043457
Number of Verified Splits: 722 of 2050
Current worst splitting domains lb-rhs (depth):
-0.11235 (30), -0.11200 (30), -0.10748 (30), -0.10718 (30), -0.10275 (30), -0.10243 (30), -0.10012 (30), -0.09776 (30), -0.09750 (30), -0.09718 (30), -0.09666 (30), -0.09634 (30), -0.09529 (30), -0.09522 (30), -0.09182 (30), -0.09181 (30), -0.09151 (30), -0.09029 (30), -0.08997 (30), -0.08985 (30), 
Current (lb-rhs): -0.1123509407043457
10976 domains visited
Length of domains: 1328
Cumulative time: 5.9237682819366455

BaB round 18
batch: 1328
splitting decisions: 
split level 0: [/26, 3672] [/26, 3672] [/input, 5726] [/26, 3672] [/26, 3672] [/input, 5726] [/26, 3672] [/input, 488] [/input, 488] [/input, 488] 
best_l after optimization: -49.57077407836914
beta sum per layer: [4778.96044921875, 936.4598388671875, 0.0]
alpha/beta optimization time: 0.3865046501159668
pruning_in_iteration open status: True
ratio of positive domain = 963 / 2656 = 0.3625753012048193
pruning-in-iteration extra time: 0.004590511322021484
Time: get_branching_decision.update_bounds 0.0271    pickout 0.1414    branching_decision 0.0007    decision 0.0007    set_bounds 0.0598    prepare 0.0684    transfer 0.0002    finalize 0.0854    func 0.7482    solve 0.5879    add 0.0078    bab_iteration 0.7519    
Accumulated time: get_branching_decision.update_bounds 0.0271    bab_iteration 5.8355    pickout 0.7187    decision 0.0045    branching_decision 0.0040    set_bounds 0.3288    solve 4.9322    func 5.6797    prepare 0.3498    transfer 0.0010    finalize 0.5630    add 0.0494    
max lb 0.0006814002990722656 min lb -0.10960543155670166
Number of Verified Splits: 963 of 2656
Current worst splitting domains lb-rhs (depth):
-0.10961 (31), -0.10926 (31), -0.10474 (31), -0.10443 (31), -0.10193 (31), -0.10157 (31), -0.09957 (31), -0.09950 (31), -0.09931 (31), -0.09694 (31), -0.09661 (31), -0.09481 (31), -0.09468 (31), -0.09459 (31), -0.09450 (31), -0.09392 (31), -0.09360 (31), -0.09250 (31), -0.08913 (31), -0.08907 (31), 
Current (lb-rhs): -0.10960543155670166
13632 domains visited
Length of domains: 1693
Cumulative time: 6.884139776229858

BaB round 19
batch: 1693
splitting decisions: 
split level 0: [/26, 2785] [/26, 2785] [/input, 515] [/26, 2785] [/26, 2785] [/input, 515] [/26, 2785] [/input, 5212] [/input, 5212] [/input, 5212] 
best_l after optimization: -60.81022644042969
beta sum per layer: [6718.8740234375, 971.9483032226562, 0.0]
alpha/beta optimization time: 0.5185847282409668
pruning_in_iteration open status: True
ratio of positive domain = 1190 / 3386 = 0.351447135262847
pruning-in-iteration extra time: 0.0043790340423583984
Time: get_branching_decision.update_bounds 0.0271    pickout 0.3221    branching_decision 0.0008    decision 0.0008    set_bounds 0.0764    prepare 0.0875    transfer 0.0001    finalize 0.1036    func 0.9777    solve 0.7482    add 0.0096    bab_iteration 0.9604    
Accumulated time: get_branching_decision.update_bounds 0.0271    bab_iteration 6.7958    pickout 1.0408    decision 0.0053    branching_decision 0.0048    set_bounds 0.4052    solve 5.6804    func 6.6574    prepare 0.4373    transfer 0.0011    finalize 0.6666    add 0.0590    
max lb 0.002332448959350586 min lb -0.1077578067779541
Number of Verified Splits: 1190 of 3386
Current worst splitting domains lb-rhs (depth):
-0.10776 (32), -0.10742 (32), -0.10351 (32), -0.10326 (32), -0.10275 (32), -0.10253 (32), -0.09984 (32), -0.09984 (32), -0.09953 (32), -0.09949 (32), -0.09872 (32), -0.09573 (32), -0.09545 (32), -0.09485 (32), -0.09453 (32), -0.09389 (32), -0.09248 (32), -0.09208 (32), -0.09176 (32), -0.09149 (32), 
Current (lb-rhs): -0.1077578067779541
17018 domains visited
Length of domains: 2196
Cumulative time: 8.27979063987732

BaB round 20
batch: 2048
splitting decisions: 
split level 0: [/input, 5726] [/input, 5726] [/input, 3512] [/input, 3512] [/26, 3671] [/input, 5726] [/input, 5726] [/input, 5726] [/input, 5726] [/input, 4075] 
best_l after optimization: -64.615478515625
beta sum per layer: [8476.66015625, 1020.9017333984375, 0.0]
alpha/beta optimization time: 0.5965380668640137
pruning_in_iteration open status: True
ratio of positive domain = 1644 / 4096 = 0.4013671875
pruning-in-iteration extra time: 0.004781246185302734
Time: get_branching_decision.update_bounds 0.0271    pickout 0.2148    branching_decision 0.0009    decision 0.0009    set_bounds 0.2396    prepare 0.1088    transfer 0.0005    finalize 0.1160    func 1.1217    solve 0.9777    add 0.0179    bab_iteration 1.3956    
Accumulated time: get_branching_decision.update_bounds 0.0271    bab_iteration 8.1915    pickout 1.2556    decision 0.0063    branching_decision 0.0057    set_bounds 0.6448    solve 6.6581    func 7.7790    prepare 0.5461    transfer 0.0016    finalize 0.7826    add 0.0769    
max lb 0.0022821426391601562 min lb -0.10605168342590332
Number of Verified Splits: 1644 of 4096
Current worst splitting domains lb-rhs (depth):
-0.10742 (32), -0.10605 (33), -0.10253 (32), -0.10105 (33), -0.10043 (33), -0.10015 (33), -0.09949 (32), -0.09872 (32), -0.09814 (33), -0.09787 (33), -0.09739 (33), -0.09453 (32), -0.09401 (33), -0.09369 (33), -0.09247 (33), -0.09234 (33), -0.09200 (33), -0.09057 (33), -0.09037 (33), -0.09028 (33), 
Current (lb-rhs): -0.10741794109344482
21114 domains visited
Length of domains: 2600
current_vram/total_varm: 10.6GB/47.7GB, batch_size increase to 4096
Cumulative time: 9.870900392532349

BaB round 21
batch: 2600
splitting decisions: 
split level 0: [/input, 5726] [/input, 5726] [/input, 5726] [/input, 5726] [/input, 4075] [/input, 5726] [/input, 4075] [/26, 2757] [/26, 2757] [/input, 4075] 
best_l after optimization: -72.17994689941406
beta sum per layer: [10748.5556640625, 1473.34619140625, 0.0]
alpha/beta optimization time: 0.7156484127044678
pruning_in_iteration open status: True
ratio of positive domain = 2450 / 5200 = 0.47115384615384615
pruning-in-iteration extra time: 0.005166292190551758
Time: get_branching_decision.update_bounds 0.0271    pickout 0.2809    branching_decision 0.0010    decision 0.0011    set_bounds 0.1177    prepare 0.1373    transfer 0.0003    finalize 0.1313    func 1.4722    solve 1.1217    add 0.0131    bab_iteration 1.5911    
Accumulated time: get_branching_decision.update_bounds 0.0271    bab_iteration 9.7826    pickout 1.5365    decision 0.0074    branching_decision 0.0067    set_bounds 0.7626    solve 7.7799    func 9.2512    prepare 0.6834    transfer 0.0019    finalize 0.9139    add 0.0900    
max lb 0.002004861831665039 min lb -0.10571610927581787
Number of Verified Splits: 2450 of 5200
Current worst splitting domains lb-rhs (depth):
-0.10572 (33), -0.10531 (34), -0.10075 (33), -0.10031 (34), -0.09970 (34), -0.09934 (34), -0.09740 (34), -0.09708 (33), -0.09699 (34), -0.09554 (34), -0.09539 (33), -0.09514 (33), -0.09328 (34), -0.09294 (34), -0.09214 (33), -0.09129 (34), -0.09128 (34), -0.09052 (34), -0.09028 (34), -0.08975 (34), 
Current (lb-rhs): -0.10571610927581787
26314 domains visited
Length of domains: 2750
Cumulative time: 11.759644508361816

BaB round 22
batch: 2750
splitting decisions: 
split level 0: [/26, 2757] [/26, 2757] [/26, 2757] [/26, 2757] [/26, 2783] [/26, 2757] [/26, 2089] [/26, 2089] [/input, 2728] [/input, 5726] 
best_l after optimization: -77.20423889160156
beta sum per layer: [11704.3046875, 1621.7626953125, 0.0]
alpha/beta optimization time: 0.7889211177825928
pruning_in_iteration open status: True
ratio of positive domain = 2435 / 5500 = 0.44272727272727275
pruning-in-iteration extra time: 0.005300998687744141
Time: get_branching_decision.update_bounds 0.0271    pickout 0.3010    branching_decision 0.0011    decision 0.0012    set_bounds 0.1274    prepare 0.1447    transfer 0.0005    finalize 0.1530    func 1.6138    solve 1.4722    add 0.0153    bab_iteration 1.8887    
Accumulated time: get_branching_decision.update_bounds 0.0271    bab_iteration 11.6713    pickout 1.8375    decision 0.0085    branching_decision 0.0079    set_bounds 0.8900    solve 9.2521    func 10.8650    prepare 0.8281    transfer 0.0024    finalize 1.0669    add 0.1052    
max lb 0.00273817777633667 min lb -0.10498166084289551
Number of Verified Splits: 2435 of 5500
Current worst splitting domains lb-rhs (depth):
-0.10498 (34), -0.10333 (35), -0.09999 (34), -0.09833 (35), -0.09772 (35), -0.09736 (35), -0.09542 (35), -0.09524 (34), -0.09502 (35), -0.09457 (34), -0.09427 (34), -0.09310 (35), -0.09130 (35), -0.09108 (34), -0.09098 (35), -0.09052 (35), -0.09023 (34), -0.08838 (35), -0.08809 (35), -0.08766 (35), 
Current (lb-rhs): -0.10498166084289551
31814 domains visited
Length of domains: 3065
Cumulative time: 13.81995940208435

BaB round 23
batch: 3065
splitting decisions: 
split level 0: [/input, 5212] [/26, 3616] [/26, 3616] [/input, 460] [/input, 460] [/input, 460] [/input, 460] [/input, 5212] [/input, 460] [/26, 3616] 
best_l after optimization: -94.825927734375
beta sum per layer: [13232.220703125, 1802.5079345703125, 0.0]
alpha/beta optimization time: 0.9269702434539795
pruning_in_iteration open status: True
ratio of positive domain = 2276 / 6130 = 0.37128874388254485
pruning-in-iteration extra time: 0.0050792694091796875
Time: get_branching_decision.update_bounds 0.0271    pickout 0.3339    branching_decision 0.0013    decision 0.0013    set_bounds 0.1420    prepare 0.1623    transfer 0.0003    finalize 0.1956    func 1.9050    solve 1.6138    add 0.0159    bab_iteration 2.0603    
Accumulated time: get_branching_decision.update_bounds 0.0271    bab_iteration 13.7316    pickout 2.1714    decision 0.0098    branching_decision 0.0091    set_bounds 1.0320    solve 10.8659    func 12.7700    prepare 0.9904    transfer 0.0028    finalize 1.2625    add 0.1212    
max lb 0.002126336097717285 min lb -0.10300290584564209
Number of Verified Splits: 2276 of 6130
Current worst splitting domains lb-rhs (depth):
-0.10300 (35), -0.10176 (36), -0.09801 (35), -0.09676 (36), -0.09615 (36), -0.09579 (36), -0.09385 (36), -0.09345 (36), -0.09341 (36), -0.09282 (35), -0.09248 (35), -0.09217 (35), -0.09137 (36), -0.08973 (36), -0.08941 (36), -0.08885 (36), -0.08857 (36), -0.08811 (36), -0.08779 (36), -0.08774 (35), 
Current (lb-rhs): -0.10300290584564209
37944 domains visited
Length of domains: 3854
Cumulative time: 16.227375507354736

BaB round 24
batch: 3854
splitting decisions: 
split level 0: [/26, 2757] [/26, 2757] [/26, 2757] [/26, 2757] [/26, 2757] [/26, 2757] [/26, 2757] [/input, 5726] [/26, 2757] [/26, 2757] 
best_l after optimization: -97.41870880126953
beta sum per layer: [16718.03125, 2078.065185546875, 0.0]
alpha/beta optimization time: 1.0350711345672607
pruning_in_iteration open status: True
ratio of positive domain = 3655 / 7708 = 0.4741826673585885
pruning-in-iteration extra time: 0.0055217742919921875
Time: get_branching_decision.update_bounds 0.0271    pickout 0.4441    branching_decision 0.0014    decision 0.0014    set_bounds 0.3395    prepare 0.2075    transfer 0.0006    finalize 0.2068    func 1.9450    solve 1.9050    add 0.0233    bab_iteration 2.4074    
Accumulated time: get_branching_decision.update_bounds 0.0271    bab_iteration 16.1390    pickout 2.6155    decision 0.0113    branching_decision 0.0106    set_bounds 1.3714    solve 12.7709    func 14.7150    prepare 1.1980    transfer 0.0033    finalize 1.4693    add 0.1444    
max lb 0.002712249755859375 min lb -0.1014333963394165
Number of Verified Splits: 3655 of 7708
Current worst splitting domains lb-rhs (depth):
-0.10143 (36), -0.10115 (37), -0.09644 (36), -0.09616 (37), -0.09554 (37), -0.09518 (37), -0.09325 (37), -0.09311 (36), -0.09284 (37), -0.09272 (37), -0.09108 (36), -0.09064 (36), -0.09063 (37), -0.09033 (36), -0.08912 (37), -0.08880 (37), -0.08840 (37), -0.08825 (36), -0.08796 (37), -0.08724 (37), 
Current (lb-rhs): -0.1014333963394165
45652 domains visited
Length of domains: 4053
Cumulative time: 18.984178066253662

BaB round 25
batch: 4053
splitting decisions: 
split level 0: [/26, 2757] [/26, 2757] [/26, 2757] [/26, 2757] [/26, 2757] [/26, 2757] [/26, 2757] [/26, 2757] [/26, 2757] [/26, 2757] 
best_l after optimization: -127.75472259521484
beta sum per layer: [17578.873046875, 2189.135498046875, 0.0]
alpha/beta optimization time: 1.2413291931152344
pruning_in_iteration open status: True
ratio of positive domain = 2750 / 8106 = 0.33925487293362944
pruning-in-iteration extra time: 0.005312442779541016
Time: get_branching_decision.update_bounds 0.0271    pickout 0.6432    branching_decision 0.0015    decision 0.0015    set_bounds 0.1878    prepare 0.2179    transfer 0.0007    finalize 0.2848    func 2.5605    solve 1.9451    add 0.0248    bab_iteration 2.7568    
Accumulated time: get_branching_decision.update_bounds 0.0271    bab_iteration 18.8958    pickout 3.2587    decision 0.0128    branching_decision 0.0121    set_bounds 1.5592    solve 14.7160    func 17.2754    prepare 1.4158    transfer 0.0040    finalize 1.7542    add 0.1692    
max lb 0.0012345314025878906 min lb -0.10082435607910156
Number of Verified Splits: 2750 of 8106
Current worst splitting domains lb-rhs (depth):
-0.10082 (37), -0.09826 (38), -0.09803 (38), -0.09583 (37), -0.09326 (38), -0.09307 (38), -0.09265 (38), -0.09243 (38), -0.09242 (37), -0.09229 (38), -0.09206 (38), -0.09035 (38), -0.09035 (37), -0.09015 (38), -0.08994 (38), -0.08977 (38), -0.08975 (38), -0.08954 (38), -0.08890 (37), -0.08865 (38), 
Current (lb-rhs): -0.10082435607910156
53758 domains visited
Length of domains: 5356
Cumulative time: 22.41518259048462

BaB round 26
batch: 4096
splitting decisions: 
split level 0: [/26, 2728] [/26, 2728] [/26, 2728] [/26, 2728] [/26, 2728] [/26, 2728] [/26, 2728] [/26, 2728] [/26, 2728] [/26, 2728] 
best_l after optimization: -118.45848083496094
beta sum per layer: [18023.85546875, 1946.881591796875, 0.0]
alpha/beta optimization time: 1.2262094020843506
pruning_in_iteration open status: True
ratio of positive domain = 3050 / 8192 = 0.372314453125
pruning-in-iteration extra time: 0.005354404449462891
Time: get_branching_decision.update_bounds 0.0271    pickout 0.4693    branching_decision 0.0013    decision 0.0013    set_bounds 0.3661    prepare 0.2225    transfer 0.0006    finalize 0.2735    func 2.3420    solve 2.5605    add 0.0358    bab_iteration 3.4310    
Accumulated time: get_branching_decision.update_bounds 0.0271    bab_iteration 22.3268    pickout 3.7280    decision 0.0141    branching_decision 0.0133    set_bounds 1.9252    solve 17.2765    func 19.6174    prepare 1.6383    transfer 0.0046    finalize 2.0277    add 0.2050    
max lb 0.0009300708770751953 min lb -0.09793150424957275
Number of Verified Splits: 3050 of 8192
Current worst splitting domains lb-rhs (depth):
-0.09803 (38), -0.09793 (38), -0.09782 (39), -0.09773 (38), -0.09307 (38), -0.09294 (38), -0.09282 (39), -0.09275 (38), -0.09243 (38), -0.09221 (39), -0.09206 (38), -0.09184 (39), -0.09015 (38), -0.08991 (39), -0.08975 (38), -0.08952 (38), -0.08950 (39), -0.08930 (38), -0.08927 (39), -0.08906 (39), 
Current (lb-rhs): -0.09803223609924316
61950 domains visited
Length of domains: 6402
Cumulative time: 25.627614736557007

BaB round 27
batch: 4096
splitting decisions: 
split level 0: [/26, 536] [/26, 536] [/input, 2894] [/input, 2894] [/input, 2894] [/input, 2894] [/input, 2894] [/input, 2894] [/input, 2894] [/input, 2894] 
best_l after optimization: -103.48384857177734
beta sum per layer: [17535.2109375, 2459.607421875, 0.0]
alpha/beta optimization time: 1.1457271575927734
pruning_in_iteration open status: True
ratio of positive domain = 3477 / 8192 = 0.4244384765625
pruning-in-iteration extra time: 0.005568027496337891
Time: get_branching_decision.update_bounds 0.0271    pickout 0.6577    branching_decision 0.0012    decision 0.0012    set_bounds 0.1901    prepare 0.2192    transfer 0.0007    finalize 0.4064    func 2.3454    solve 2.3420    add 0.0316    bab_iteration 3.2124    
Accumulated time: get_branching_decision.update_bounds 0.0271    bab_iteration 25.5393    pickout 4.3857    decision 0.0153    branching_decision 0.0145    set_bounds 2.1153    solve 19.6185    func 21.9628    prepare 1.8575    transfer 0.0052    finalize 2.4341    add 0.2366    
max lb 0.00040328502655029297 min lb -0.09755325317382812
Number of Verified Splits: 3477 of 8192
Current worst splitting domains lb-rhs (depth):
-0.09803 (38), -0.09773 (38), -0.09755 (40), -0.09749 (39), -0.09307 (38), -0.09275 (38), -0.09255 (40), -0.09250 (39), -0.09243 (38), -0.09206 (38), -0.09194 (40), -0.09158 (40), -0.09015 (38), -0.08975 (38), -0.08965 (40), -0.08924 (40), -0.08908 (39), -0.08906 (39), -0.08897 (40), -0.08876 (39), 
Current (lb-rhs): -0.09803223609924316
70142 domains visited
Length of domains: 7021
Cumulative time: 28.85659432411194

BaB round 28
batch: 4096
splitting decisions: 
split level 0: [/input, 5671] [/input, 5671] [/input, 5671] [/input, 5671] [/input, 5671] [/input, 4890] [/input, 4890] [/input, 4890] [/input, 4890] [/input, 4890] 
best_l after optimization: -110.13352966308594
beta sum per layer: [17257.78515625, 3126.115234375, 0.0]
alpha/beta optimization time: 1.2186610698699951
pruning_in_iteration open status: True
ratio of positive domain = 3018 / 8192 = 0.368408203125
pruning-in-iteration extra time: 0.005652904510498047
Time: get_branching_decision.update_bounds 0.0271    pickout 0.4883    branching_decision 0.0013    decision 0.0013    set_bounds 0.3896    prepare 0.2221    transfer 0.0009    finalize 0.2752    func 2.3377    solve 2.3454    add 0.0315    bab_iteration 3.2290    
Accumulated time: get_branching_decision.update_bounds 0.0271    bab_iteration 28.7682    pickout 4.8740    decision 0.0166    branching_decision 0.0158    set_bounds 2.5049    solve 21.9639    func 24.3004    prepare 2.0796    transfer 0.0061    finalize 2.7092    add 0.2681    
max lb 0.0005428791046142578 min lb -0.09722435474395752
Number of Verified Splits: 3018 of 8192
Current worst splitting domains lb-rhs (depth):
-0.09803 (38), -0.09773 (38), -0.09722 (40), -0.09598 (41), -0.09307 (38), -0.09275 (38), -0.09243 (38), -0.09223 (40), -0.09206 (38), -0.09098 (41), -0.09037 (41), -0.09015 (38), -0.09001 (41), -0.08975 (38), -0.08906 (39), -0.08882 (40), -0.08876 (39), -0.08810 (38), -0.08807 (41), -0.08767 (41), 
Current (lb-rhs): -0.09803223609924316
78334 domains visited
Length of domains: 8099
Cumulative time: 32.10825228691101

BaB round 29
batch: 4096
splitting decisions: 
split level 0: [/input, 5814] [/input, 5814] [/input, 5814] [/input, 5814] [/input, 5814] [/input, 5814] [/input, 5814] [/input, 5814] [/input, 5814] [/input, 5814] 
best_l after optimization: -97.08059692382812
beta sum per layer: [17134.46875, 3870.1025390625, 0.0]
alpha/beta optimization time: 1.2184805870056152
pruning_in_iteration open status: True
ratio of positive domain = 3106 / 8192 = 0.379150390625
pruning-in-iteration extra time: 0.005673885345458984
Time: get_branching_decision.update_bounds 0.0271    pickout 0.6725    branching_decision 0.0012    decision 0.0013    set_bounds 0.1897    prepare 0.2202    transfer 0.0006    finalize 0.4501    func 2.5051    solve 2.3377    add 0.0328    bab_iteration 3.2517    
Accumulated time: get_branching_decision.update_bounds 0.0271    bab_iteration 32.0199    pickout 5.5465    decision 0.0179    branching_decision 0.0171    set_bounds 2.6946    solve 24.3016    func 26.8055    prepare 2.2998    transfer 0.0067    finalize 3.1593    add 0.3009    
max lb 0.002002120018005371 min lb -0.09565317630767822
Number of Verified Splits: 3106 of 8192
Current worst splitting domains lb-rhs (depth):
-0.09803 (38), -0.09773 (38), -0.09598 (41), -0.09565 (41), -0.09307 (38), -0.09275 (38), -0.09243 (38), -0.09206 (38), -0.09098 (41), -0.09066 (41), -0.09037 (41), -0.09015 (38), -0.09001 (41), -0.08975 (38), -0.08906 (39), -0.08876 (39), -0.08810 (38), -0.08807 (41), -0.08767 (41), -0.08735 (41), 
Current (lb-rhs): -0.09803223609924316
86526 domains visited
Length of domains: 9089
Cumulative time: 35.52552056312561

BaB round 30
batch: 4096
splitting decisions: 
split level 0: [/26, 535] [/26, 535] [/26, 535] [/input, 2894] [/input, 2894] [/input, 2894] [/input, 2894] [/input, 2894] [/input, 2894] [/input, 2894] 
best_l after optimization: -83.95337677001953
beta sum per layer: [16514.232421875, 4832.7421875, 0.0]
alpha/beta optimization time: 1.1308929920196533
pruning_in_iteration open status: True
ratio of positive domain = 3538 / 8192 = 0.431884765625
pruning-in-iteration extra time: 0.005945682525634766
Time: get_branching_decision.update_bounds 0.0271    pickout 0.4790    branching_decision 0.0013    decision 0.0013    set_bounds 0.4084    prepare 0.2220    transfer 0.0007    finalize 0.2337    func 2.1582    solve 2.5051    add 0.0463    bab_iteration 3.4173    
Accumulated time: get_branching_decision.update_bounds 0.0271    bab_iteration 35.4371    pickout 6.0256    decision 0.0192    branching_decision 0.0183    set_bounds 3.1031    solve 26.8067    func 28.9637    prepare 2.5219    transfer 0.0075    finalize 3.3931    add 0.3472    
max lb 0.000832676887512207 min lb -0.08622622489929199
Number of Verified Splits: 3538 of 8192
Current worst splitting domains lb-rhs (depth):
-0.09803 (38), -0.09773 (38), -0.09598 (41), -0.09565 (41), -0.09307 (38), -0.09275 (38), -0.09243 (38), -0.09206 (38), -0.09098 (41), -0.09066 (41), -0.09037 (41), -0.09015 (38), -0.09001 (41), -0.08975 (38), -0.08906 (39), -0.08876 (39), -0.08810 (38), -0.08807 (41), -0.08767 (41), -0.08735 (41), 
Current (lb-rhs): -0.09803223609924316
94718 domains visited
Length of domains: 9647
Cumulative time: 38.602943897247314

BaB round 31
batch: 4096
splitting decisions: 
split level 0: [/input, 487] [/input, 2894] [/input, 2894] [/input, 2894] [/input, 2894] [/input, 2894] [/input, 2894] [/input, 2894] [/input, 3512] [/input, 3512] 
best_l after optimization: -74.14930725097656
beta sum per layer: [16414.224609375, 4567.208984375, 0.0]
alpha/beta optimization time: 1.0525054931640625
pruning_in_iteration open status: True
ratio of positive domain = 3953 / 8192 = 0.4825439453125
pruning-in-iteration extra time: 0.006417512893676758
Time: get_branching_decision.update_bounds 0.0271    pickout 0.7313    branching_decision 0.0013    decision 0.0013    set_bounds 0.1915    prepare 0.2205    transfer 0.0009    finalize 0.2142    func 2.0066    solve 2.1583    add 0.0282    bab_iteration 3.0774    
Accumulated time: get_branching_decision.update_bounds 0.0271    bab_iteration 38.5146    pickout 6.7568    decision 0.0204    branching_decision 0.0196    set_bounds 3.2946    solve 28.9650    func 30.9702    prepare 2.7423    transfer 0.0083    finalize 3.6072    add 0.3754    
max lb 0.0006902217864990234 min lb -0.07706677913665771
Number of Verified Splits: 3953 of 8192
Current worst splitting domains lb-rhs (depth):
-0.09803 (38), -0.09773 (38), -0.09598 (41), -0.09565 (41), -0.09307 (38), -0.09275 (38), -0.09243 (38), -0.09206 (38), -0.09098 (41), -0.09066 (41), -0.09037 (41), -0.09015 (38), -0.09001 (41), -0.08975 (38), -0.08906 (39), -0.08876 (39), -0.08810 (38), -0.08807 (41), -0.08767 (41), -0.08735 (41), 
Current (lb-rhs): -0.09803223609924316
102910 domains visited
Length of domains: 9790
Cumulative time: 41.61683416366577

BaB round 32
batch: 4096
splitting decisions: 
split level 0: [/input, 5671] [/input, 5671] [/input, 5671] [/input, 5671] [/input, 5671] [/input, 5671] [/input, 5671] [/input, 5671] [/input, 5671] [/input, 5671] 
best_l after optimization: -74.43846130371094
beta sum per layer: [16527.056640625, 4534.4853515625, 0.0]
alpha/beta optimization time: 1.1000211238861084
pruning_in_iteration open status: True
ratio of positive domain = 3770 / 8192 = 0.460205078125
pruning-in-iteration extra time: 0.005918741226196289
Time: get_branching_decision.update_bounds 0.0271    pickout 0.7304    branching_decision 0.0013    decision 0.0013    set_bounds 0.1949    prepare 0.2229    transfer 0.0011    finalize 0.2256    func 2.3000    solve 2.0066    add 0.0810    bab_iteration 3.0139    
Accumulated time: get_branching_decision.update_bounds 0.0271    bab_iteration 41.5284    pickout 7.4872    decision 0.0217    branching_decision 0.0209    set_bounds 3.4895    solve 30.9716    func 33.2703    prepare 2.9653    transfer 0.0095    finalize 3.8328    add 0.4564    
max lb 0.0004203319549560547 min lb -0.07676494121551514
Number of Verified Splits: 3770 of 8192
Current worst splitting domains lb-rhs (depth):
-0.09803 (38), -0.09773 (38), -0.09598 (41), -0.09565 (41), -0.09307 (38), -0.09275 (38), -0.09243 (38), -0.09206 (38), -0.09098 (41), -0.09066 (41), -0.09037 (41), -0.09015 (38), -0.09001 (41), -0.08975 (38), -0.08906 (39), -0.08876 (39), -0.08810 (38), -0.08807 (41), -0.08767 (41), -0.08735 (41), 
Current (lb-rhs): -0.09803223609924316
111102 domains visited
Length of domains: 10116
Cumulative time: 44.87152695655823

BaB round 33
batch: 4096
splitting decisions: 
split level 0: [/26, 3645] [/26, 3645] [/26, 3645] [/26, 3645] [/input, 3373] [/input, 3373] [/26, 3645] [/input, 3373] [/input, 3373] [/26, 3645] 
best_l after optimization: -70.61734771728516
beta sum per layer: [16435.01953125, 4678.560546875, 0.0]
alpha/beta optimization time: 1.1047987937927246
pruning_in_iteration open status: True
ratio of positive domain = 3787 / 8192 = 0.4622802734375
pruning-in-iteration extra time: 0.0059816837310791016
Time: get_branching_decision.update_bounds 0.0271    pickout 0.4956    branching_decision 0.0013    decision 0.0013    set_bounds 0.1963    prepare 0.2227    transfer 0.0012    finalize 0.2209    func 2.3141    solve 2.3001    add 0.0260    bab_iteration 3.2547    
Accumulated time: get_branching_decision.update_bounds 0.0271    bab_iteration 44.7831    pickout 7.9828    decision 0.0231    branching_decision 0.0222    set_bounds 3.6858    solve 33.2717    func 35.5843    prepare 3.1880    transfer 0.0107    finalize 4.0538    add 0.4824    
max lb 0.00019073486328125 min lb -0.07519423961639404
Number of Verified Splits: 3787 of 8192
Current worst splitting domains lb-rhs (depth):
-0.09803 (38), -0.09773 (38), -0.09598 (41), -0.09565 (41), -0.09307 (38), -0.09275 (38), -0.09243 (38), -0.09206 (38), -0.09098 (41), -0.09066 (41), -0.09037 (41), -0.09015 (38), -0.09001 (41), -0.08975 (38), -0.08906 (39), -0.08876 (39), -0.08810 (38), -0.08807 (41), -0.08767 (41), -0.08735 (41), 
Current (lb-rhs): -0.09803223609924316
119294 domains visited
Length of domains: 10425
Cumulative time: 47.90857744216919

BaB round 34
batch: 4096
splitting decisions: 
split level 0: [/26, 3616] [/26, 3616] [/26, 3616] [/26, 3616] [/26, 3616] [/26, 3616] [/26, 3616] [/26, 3616] [/26, 3616] [/26, 3616] 
best_l after optimization: -67.19615173339844
beta sum per layer: [16173.720703125, 5052.17822265625, 0.0]
alpha/beta optimization time: 1.0669529438018799
pruning_in_iteration open status: True
ratio of positive domain = 3823 / 8192 = 0.4666748046875
pruning-in-iteration extra time: 0.00627446174621582
Time: get_branching_decision.update_bounds 0.0271    pickout 0.7223    branching_decision 0.0014    decision 0.0014    set_bounds 0.1963    prepare 0.2221    transfer 0.0010    finalize 0.2196    func 2.0460    solve 2.3141    add 0.0276    bab_iteration 3.0370    
Accumulated time: get_branching_decision.update_bounds 0.0271    bab_iteration 47.8202    pickout 8.7052    decision 0.0245    branching_decision 0.0236    set_bounds 3.8821    solve 35.5858    func 37.6304    prepare 3.4101    transfer 0.0117    finalize 4.2733    add 0.5099    
max lb 0.00023448467254638672 min lb -0.07417440414428711
Number of Verified Splits: 3823 of 8192
Current worst splitting domains lb-rhs (depth):
-0.09803 (38), -0.09773 (38), -0.09598 (41), -0.09565 (41), -0.09307 (38), -0.09275 (38), -0.09243 (38), -0.09206 (38), -0.09098 (41), -0.09066 (41), -0.09037 (41), -0.09015 (38), -0.09001 (41), -0.08975 (38), -0.08906 (39), -0.08876 (39), -0.08810 (38), -0.08807 (41), -0.08767 (41), -0.08735 (41), 
Current (lb-rhs): -0.09803223609924316
127486 domains visited
Length of domains: 10698
Cumulative time: 50.90335559844971

BaB round 35
batch: 4096
splitting decisions: 
split level 0: [/input, 5814] [/26, 3281] [/input, 5814] [/input, 5864] [/26, 3281] [/input, 5814] [/26, 3281] [/26, 536] [/26, 3616] [/26, 3616] 
best_l after optimization: -60.119869232177734
beta sum per layer: [16100.2138671875, 4861.61474609375, 0.0]
alpha/beta optimization time: 0.9973042011260986
pruning_in_iteration open status: True
ratio of positive domain = 4169 / 8192 = 0.5089111328125
pruning-in-iteration extra time: 0.006120443344116211
Time: get_branching_decision.update_bounds 0.0271    pickout 0.7364    branching_decision 0.0014    decision 0.0014    set_bounds 0.1954    prepare 0.2260    transfer 0.0011    finalize 0.2058    func 1.9294    solve 2.0461    add 0.0265    bab_iteration 2.9948    
Accumulated time: get_branching_decision.update_bounds 0.0271    bab_iteration 50.8149    pickout 9.4416    decision 0.0259    branching_decision 0.0250    set_bounds 4.0775    solve 37.6319    func 39.5598    prepare 3.6361    transfer 0.0127    finalize 4.4792    add 0.5364    
max lb 0.00010502338409423828 min lb -0.07347333431243896
Number of Verified Splits: 4169 of 8192
Current worst splitting domains lb-rhs (depth):
-0.09803 (38), -0.09773 (38), -0.09598 (41), -0.09565 (41), -0.09307 (38), -0.09275 (38), -0.09243 (38), -0.09206 (38), -0.09098 (41), -0.09066 (41), -0.09037 (41), -0.09015 (38), -0.09001 (41), -0.08975 (38), -0.08906 (39), -0.08876 (39), -0.08810 (38), -0.08807 (41), -0.08767 (41), -0.08735 (41), 
Current (lb-rhs): -0.09803223609924316
135678 domains visited
Length of domains: 10625
Cumulative time: 54.002532720565796

BaB round 36
batch: 4096
splitting decisions: 
split level 0: [/26, 3281] [/26, 3281] [/26, 3281] [/26, 3281] [/26, 3281] [/26, 3281] [/input, 487] [/26, 3281] [/26, 3281] [/26, 3645] 
best_l after optimization: -57.96841812133789
beta sum per layer: [16011.1484375, 4819.0234375, 0.0]
alpha/beta optimization time: 0.9745018482208252
pruning_in_iteration open status: True
ratio of positive domain = 4265 / 8192 = 0.5206298828125
pruning-in-iteration extra time: 0.006003618240356445
Time: get_branching_decision.update_bounds 0.0271    pickout 0.5037    branching_decision 0.0018    decision 0.0018    set_bounds 0.1992    prepare 0.2233    transfer 0.0010    finalize 0.1941    func 2.1172    solve 1.9295    add 0.2345    bab_iteration 3.0992    
Accumulated time: get_branching_decision.update_bounds 0.0271    bab_iteration 53.9141    pickout 9.9453    decision 0.0278    branching_decision 0.0268    set_bounds 4.2767    solve 39.5614    func 41.6770    prepare 3.8594    transfer 0.0137    finalize 4.6733    add 0.7710    
max lb 0.00023317337036132812 min lb -0.07270419597625732
Number of Verified Splits: 4265 of 8192
Current worst splitting domains lb-rhs (depth):
-0.09803 (38), -0.09773 (38), -0.09598 (41), -0.09565 (41), -0.09307 (38), -0.09275 (38), -0.09243 (38), -0.09206 (38), -0.09098 (41), -0.09066 (41), -0.09037 (41), -0.09015 (38), -0.09001 (41), -0.08975 (38), -0.08906 (39), -0.08876 (39), -0.08810 (38), -0.08807 (41), -0.08767 (41), -0.08735 (41), 
Current (lb-rhs): -0.09803223609924316
143870 domains visited
Length of domains: 10456
Time out!!!!!!!!
Result: unknown in 62.1900 seconds

 %%%%%%%%%%%%%%%%%%%%%%%%%%%%%%%%%%% idx: 6, vnnlib ID: 6 %%%%%%%%%%%%%%%%%%%%%%%%%%%%%%%%%%%
Finished vnnlib processing in 0.001785 seconds
Model: BoundedModule(
  (/input-1): BoundInput(name=/input-1, inputs=[], perturbed=True)
  (/shape): BoundBuffers(name=/shape, inputs=[], perturbed=False)
  (/12): BoundParams(name=/12, inputs=[], perturbed=False)
  (/13): BoundParams(name=/13, inputs=[], perturbed=False)
  (/14): BoundParams(name=/14, inputs=[], perturbed=False)
  (/15): BoundParams(name=/15, inputs=[], perturbed=False)
  (/16): BoundParams(name=/16, inputs=[], perturbed=False)
  (/17): BoundParams(name=/17, inputs=[], perturbed=False)
  (/18): BoundParams(name=/18, inputs=[], perturbed=False)
  (/19): BoundParams(name=/19, inputs=[], perturbed=False)
  (/20): BoundParams(name=/20, inputs=[], perturbed=False)
  (/21): BoundParams(name=/21, inputs=[], perturbed=False)
  (/input): BoundConv(name=/input, inputs=[/input-1, /12, /13], perturbed=True)
  (/input-4): BoundRelu(name=/input-4, inputs=[/input], perturbed=True)
  (/24): BoundConv(name=/24, inputs=[/input-4, /14, /15], perturbed=True)
  (/25): BoundConv(name=/25, inputs=[/input-4, /16, /17], perturbed=True)
  (/26): BoundAdd(name=/26, inputs=[/24, /25], perturbed=True)
  (/27): BoundRelu(name=/27, inputs=[/26], perturbed=True)
  (/28): BoundSplit(name=/28, inputs=[/shape], perturbed=False)
  (/29): BoundSplit(name=/29, inputs=[/shape], perturbed=False)
  (/30): BoundConstant(name=/30, value=tensor([0], device='cuda:0'))
  (/31): BoundSqueeze(name=/31, inputs=[/28, /30], perturbed=False)
  (/32): BoundConstant(name=/32, value=tensor([0], device='cuda:0'))
  (/33): BoundSqueeze(name=/33, inputs=[/29, /32], perturbed=False)
  (/34): BoundConstant(name=/34, value=tensor([0], device='cuda:0'))
  (/35): BoundUnsqueeze(name=/35, inputs=[/31, /34], perturbed=False)
  (/36): BoundConstant(name=/36, value=tensor([0], device='cuda:0'))
  (/37): BoundUnsqueeze(name=/37, inputs=[/33, /36], perturbed=False)
  (/38): BoundConcat(name=/38, inputs=[/35, /37], perturbed=False)
  (/39): BoundReshape(name=/39, inputs=[/27, /38], perturbed=True)
  (/input-8): BoundLinear(name=/input-8, inputs=[/39, /18, /19], perturbed=True)
  (/41): BoundRelu(name=/41, inputs=[/input-8], perturbed=True)
  (/42): BoundLinear(name=/42, inputs=[/41, /20, /21], perturbed=True)
)
Original output in the first batch: tensor([[-2.45666289, -2.22475696, -1.73973835,  2.25172806,  7.18227243,
          4.33149242, -3.62663269,  4.87875891,  4.05887079,  4.12637424]],
       device='cuda:0')
Split layers:
Nonlinear functions:
   BoundRelu(name=/input-4, inputs=[/input], perturbed=True)
   BoundRelu(name=/27, inputs=[/26], perturbed=True)
   BoundRelu(name=/41, inputs=[/input-8], perturbed=True)
build batch [1/1]
layer /input-4 using sparse-features alpha with shape [1530]; unstable size 1530; total size 6272 ([1, 8, 28, 28])
layer /input-4 start_node /26 using full alpha [2, 6272, 1, 1530] with unstable size None total_size 6272 output_shape torch.Size([8, 28, 28])
layer /input-4 start_node /input-8 using sparse-spec alpha [2, 14, 1, 1530] with unstable size 13 total_size 64 output_shape torch.Size([64])
layer /input-4 start_node /42 using full alpha [2, 9, 1, 1530] with unstable size None total_size 9 output_shape 9
layer /27 using sparse-features alpha with shape [1981]; unstable size 1981; total size 6272 ([1, 8, 28, 28])
layer /27 start_node /input-8 using sparse-spec alpha [2, 14, 1, 1981] with unstable size 13 total_size 64 output_shape torch.Size([64])
layer /27 start_node /42 using full alpha [2, 9, 1, 1981] with unstable size None total_size 9 output_shape 9
layer /41 using sparse-features alpha with shape [13]; unstable size 13; total size 64 ([1, 64])
layer /41 start_node /42 using full alpha [2, 9, 1, 13] with unstable size None total_size 9 output_shape 9
Optimizable variables initialized.
initial CROWN bounds (first 10 items): [3.715841293334961, 4.418389320373535, 2.820502758026123, -1.7836171388626099, -2.465853691101074, 4.374538421630859, -2.9962735176086426, -1.8790521621704102, -0.9684591293334961]
prune_after_crown optimization in use
  original spec size = torch.Size([1, 9])
  pruned spec size = torch.Size([1, 5])
Using alpha-CROWN to initialize bounds.
best_l after optimization: -8.051464080810547
alpha/beta optimization time: 4.959444522857666
initial alpha-crown bounds (first 10 items): [-1.0762344598770142, -2.146385669708252, -2.5952258110046387, -1.5391900539398193, -0.6944283843040466]
Global lower bound: -2.5952258110046387
4 / 9 OR specs are verified.
Verified OR indices (first 10 items): [0, 1, 2, 5]
Verified OR lbs (first 10 items): [[inf], [inf], [inf], [inf]]
Unverified OR indices (first 10 items): [3, 4, 6, 7, 8]
Unverified OR lbs (first 10 items): [[-1.0762344598770142], [-2.146385669708252], [-2.5952258110046387], [-1.5391900539398193], [-0.6944283843040466]]
###### Verifying property Instance 6 ######
Batch size: 5
First 10 spec matrices
C: tensor([[[ 0.,  0.,  0., -1.,  1.,  0.,  0.,  0.,  0.,  0.]],

        [[ 0.,  0.,  0.,  0.,  1., -1.,  0.,  0.,  0.,  0.]],

        [[ 0.,  0.,  0.,  0.,  1.,  0.,  0., -1.,  0.,  0.]],

        [[ 0.,  0.,  0.,  0.,  1.,  0.,  0.,  0., -1.,  0.]],

        [[ 0.,  0.,  0.,  0.,  1.,  0.,  0.,  0.,  0., -1.]]], device='cuda:0')
RHS: tensor([[0.],
        [0.],
        [0.],
        [0.],
        [0.]], device='cuda:0')
OR spec sizes: tensor([1, 1, 1, 1, 1], device='cuda:0', dtype=torch.int32)
Remaining timeout: 54.5264995098114
Model prediction is: tensor([-2.45666289, -2.22475696, -1.73973835,  2.25172806,  7.18227243,
         4.33149242, -3.62663269,  4.87875891,  4.05887079,  4.12637424],
       device='cuda:0')
Activation BaB batch 1/1 
build_with_refined_bounds batch [1/1]
Optimizable variables initialized.
all alpha initialized
directly get lb and ub from refined bounds
c shape: torch.Size([5, 1, 10])
lA shapes: [torch.Size([5, 1, 8, 28, 28]), torch.Size([5, 1, 8, 28, 28]), torch.Size([5, 1, 64])]
(alpha-)CROWN with fixed intermediate bounds: tensor([[-1.07623446],
        [-2.14638567],
        [-2.59522581],
        [-1.53919005],
        [-0.69442838]], device='cuda:0') tensor([[inf],
        [inf],
        [inf],
        [inf],
        [inf]], device='cuda:0')
Intermediate layers: /input,/26,/input-8
Keeping alphas for these layers: ['/42']
Node /input-4 input 0: size torch.Size([8, 28, 28]) unstable 1530
Node /27 input 0: size torch.Size([8, 28, 28]) unstable 1970
Node /41 input 0: size torch.Size([64]) unstable 13
-----------------
# of unstable neurons: 3513
-----------------

BaB round 1
batch: 5
splitting decisions: 
split level 0: [/input-8, 57] [/input-8, 57] [/input-8, 57] [/input-8, 26] [/input-8, 57] 
split level 1: [/input-8, 10] [/input-8, 17] [/input-8, 26] [/input-8, 22] [/input-8, 28] 
split level 2: [/input-8, 28] [/input-8, 28] [/input-8, 28] [/input-8, 28] [/input-8, 26] 
split level 3: [/input-8, 22] [/input-8, 26] [/input-8, 22] [/input-8, 46] [/input-8, 22] 
split level 4: [/input-8, 17] [/input-8, 63] [/input-8, 34] [/input-8, 57] [/input-8, 46] 
best_l after optimization: -23.78118133544922
beta sum per layer: [0.0, 0.0, 20.569751739501953]
alpha/beta optimization time: 0.162614107131958
pruning_in_iteration open status: True
ratio of positive domain = 126 / 160 = 0.7875
pruning-in-iteration extra time: 0.006266355514526367
Time: get_branching_decision.update_bounds 0.0229    pickout 0.0017    branching_decision 0.0001    decision 0.0001    set_bounds 0.0076    prepare 0.0017    transfer 0.0000    finalize 0.0018    func 0.1878    
Accumulated time: get_branching_decision.update_bounds 0.0229    bab_iteration 0.0000    pickout 0.0017    decision 0.0001    branching_decision 0.0001    set_bounds 0.0076    solve 0.0000    func 0.1878    prepare 0.0017    transfer 0.0000    finalize 0.0018    
max lb 9.999999747378752e-05 min lb -2.3011348247528076
Number of Verified Splits: 126 of 160
Current worst splitting domains lb-rhs (depth):
-2.30113 (5), -2.22296 (5), -1.63379 (5), -1.57765 (5), -1.56976 (5), -1.56322 (5), -1.20455 (5), -1.20451 (5), -1.10138 (5), -1.08827 (5), -0.77783 (5), -0.72118 (5), -0.58783 (5), -0.57193 (5), -0.56476 (5), -0.56002 (5), -0.50264 (5), -0.50023 (5), -0.43751 (5), -0.41182 (5), 
Current (lb-rhs): -2.3011348247528076
160 domains visited
Length of domains: 34
Cumulative time: 0.28398585319519043

BaB round 2
batch: 34
splitting decisions: 
split level 0: [/input-8, 54] [/input-8, 54] [/input-8, 54] [/input, 2543] [/input-8, 22] [/input-8, 22] [/input, 2781] [/input-8, 54] [/input-8, 54] [/input, 2781] 
split level 1: [/input, 4353] [/input, 4242] [/input, 2543] [/input, 2781] [/input, 2781] [/input, 4242] [/input, 2543] [/input, 4248] [/input, 2543] [/input, 4150] 
best_l after optimization: -63.225013732910156
beta sum per layer: [37.66368103027344, 0.0, 83.26712036132812]
alpha/beta optimization time: 0.18473052978515625
pruning_in_iteration open status: True
ratio of positive domain = 59 / 136 = 0.4338235294117647
pruning-in-iteration extra time: 0.0047228336334228516
Time: get_branching_decision.update_bounds 0.0229    pickout 0.0039    branching_decision 0.0001    decision 0.0001    set_bounds 0.0047    prepare 0.0033    transfer 0.0000    finalize 0.0095    func 0.2279    solve 0.1879    add 0.0008    bab_iteration 0.1982    
Accumulated time: get_branching_decision.update_bounds 0.0229    bab_iteration 0.1982    pickout 0.0056    decision 0.0002    branching_decision 0.0001    set_bounds 0.0122    solve 0.1879    func 0.4157    prepare 0.0049    transfer 0.0001    finalize 0.0112    add 0.0008    
max lb 9.999999747378752e-05 min lb -2.2940263748168945
Number of Verified Splits: 59 of 136
Current worst splitting domains lb-rhs (depth):
-2.29403 (7), -2.25562 (7), -2.24585 (7), -2.21573 (7), -2.20892 (7), -2.17224 (7), -2.16600 (7), -2.12468 (7), -1.61876 (7), -1.57343 (7), -1.55452 (7), -1.54011 (7), -1.51509 (7), -1.51064 (7), -1.50358 (7), -1.49556 (7), -1.48961 (7), -1.47113 (7), -1.46567 (7), -1.44536 (7), 
Current (lb-rhs): -2.2940263748168945
296 domains visited
Length of domains: 77
Cumulative time: 0.5219464302062988

BaB round 3
batch: 77
splitting decisions: 
split level 0: [/input, 5719] [/input, 4177] [/input, 4177] [/input, 4177] [/input, 5719] [/input, 3395] [/input-8, 46] [/input, 4177] [/26, 3356] [/input, 4241] 
best_l after optimization: -102.95957946777344
beta sum per layer: [115.33965301513672, 1.1337881088256836, 106.61514282226562]
alpha/beta optimization time: 0.1422748565673828
pruning_in_iteration open status: False
ratio of positive domain = 24 / 154 = 0.1558441558441559
pruning-in-iteration extra time: 7.009506225585938e-05
Time: get_branching_decision.update_bounds 0.0229    pickout 0.0081    branching_decision 0.0001    decision 0.0001    set_bounds 0.0040    prepare 0.0039    transfer 0.0000    finalize 0.0067    func 0.1805    solve 0.2279    add 0.0013    bab_iteration 0.2380    
Accumulated time: get_branching_decision.update_bounds 0.0229    bab_iteration 0.4362    pickout 0.0137    decision 0.0003    branching_decision 0.0002    set_bounds 0.0162    solve 0.4158    func 0.5962    prepare 0.0088    transfer 0.0001    finalize 0.0179    add 0.0021    
max lb 0.9576414823532104 min lb -2.2909464836120605
Number of Verified Splits: 24 of 154
Current worst splitting domains lb-rhs (depth):
-2.29095 (8), -2.28447 (8), -2.25191 (8), -2.24507 (8), -2.24011 (8), -2.23360 (8), -2.21265 (8), -2.20616 (8), -2.20059 (8), -2.19384 (8), -2.16869 (8), -2.16147 (8), -2.16145 (8), -2.15483 (8), -2.11610 (8), -2.10916 (8), -1.61525 (8), -1.56911 (8), -1.55089 (8), -1.51900 (8), 
Current (lb-rhs): -2.2909464836120605
450 domains visited
Length of domains: 130
Cumulative time: 0.7162051200866699

BaB round 4
batch: 130
splitting decisions: 
split level 0: [/input, 4177] [/input, 4150] [/input, 4189] [/input, 4189] [/input, 3449] [/input, 3449] [/input, 4189] [/input-8, 46] [/input, 4189] [/input, 4241] 
best_l after optimization: -200.3396453857422
beta sum per layer: [294.419921875, 4.506011962890625, 179.30880737304688]
alpha/beta optimization time: 0.1371309757232666
pruning_in_iteration open status: False
ratio of positive domain = 31 / 260 = 0.11923076923076925
pruning-in-iteration extra time: 6.318092346191406e-05
Time: get_branching_decision.update_bounds 0.0229    pickout 0.0128    branching_decision 0.0001    decision 0.0001    set_bounds 0.0063    prepare 0.0062    transfer 0.0001    finalize 0.0111    func 0.1903    solve 0.1805    add 0.0013    bab_iteration 0.1943    
Accumulated time: get_branching_decision.update_bounds 0.0229    bab_iteration 0.6304    pickout 0.0265    decision 0.0004    branching_decision 0.0003    set_bounds 0.0225    solve 0.5963    func 0.7865    prepare 0.0151    transfer 0.0002    finalize 0.0290    add 0.0035    
max lb 0.5643911361694336 min lb -2.288889169692993
Number of Verified Splits: 31 of 260
Current worst splitting domains lb-rhs (depth):
-2.28889 (9), -2.28243 (9), -2.28010 (9), -2.27363 (9), -2.24978 (9), -2.24256 (9), -2.24098 (9), -2.23717 (9), -2.23377 (9), -2.23082 (9), -2.22838 (9), -2.22225 (9), -2.21030 (9), -2.20226 (9), -2.20220 (9), -2.19783 (9), -2.19333 (9), -2.19053 (9), -2.18913 (9), -2.18172 (9), 
Current (lb-rhs): -2.288889169692993
710 domains visited
Length of domains: 229
Cumulative time: 0.9277703762054443

BaB round 5
batch: 229
splitting decisions: 
split level 0: [/input, 2671] [/input, 2671] [/input, 4162] [/input, 4162] [/input, 5691] [/input, 4177] [/input, 2542] [/input, 2542] [/input, 2818] [/input, 2512] 
best_l after optimization: -393.58673095703125
beta sum per layer: [748.8243408203125, 17.35784912109375, 310.263671875]
alpha/beta optimization time: 0.14283323287963867
pruning_in_iteration open status: False
ratio of positive domain = 14 / 458 = 0.03056768558951961
pruning-in-iteration extra time: 7.319450378417969e-05
Time: get_branching_decision.update_bounds 0.0229    pickout 0.0218    branching_decision 0.0001    decision 0.0002    set_bounds 0.0107    prepare 0.0107    transfer 0.0001    finalize 0.0207    func 0.2340    solve 0.1903    add 0.0019    bab_iteration 0.2116    
Accumulated time: get_branching_decision.update_bounds 0.0229    bab_iteration 0.8420    pickout 0.0483    decision 0.0005    branching_decision 0.0005    set_bounds 0.0332    solve 0.7866    func 1.0205    prepare 0.0258    transfer 0.0003    finalize 0.0497    add 0.0053    
max lb 0.05384230613708496 min lb -2.286984443664551
Number of Verified Splits: 14 of 458
Current worst splitting domains lb-rhs (depth):
-2.28698 (10), -2.28054 (10), -2.27041 (10), -2.26396 (10), -2.24782 (10), -2.24082 (10), -2.23658 (10), -2.23468 (10), -2.23124 (10), -2.23019 (10), -2.22814 (10), -2.22410 (10), -2.22255 (10), -2.21811 (10), -2.21619 (10), -2.21187 (10), -2.20801 (10), -2.19958 (10), -2.19738 (10), -2.19515 (10), 
Current (lb-rhs): -2.286984443664551
1168 domains visited
Length of domains: 444
Cumulative time: 1.199101209640503

BaB round 6
batch: 444
splitting decisions: 
split level 0: [/input, 2672] [/input, 2672] [/input, 4633] [/input, 4633] [/input, 4177] [/input, 4150] [/input, 2543] [/input, 2514] [/input, 4524] [/input, 2515] 
best_l after optimization: -743.3971557617188
beta sum per layer: [1849.428466796875, 46.431617736816406, 597.69677734375]
alpha/beta optimization time: 0.1469252109527588
pruning_in_iteration open status: False
ratio of positive domain = 67 / 888 = 0.0754504504504504
pruning-in-iteration extra time: 6.079673767089844e-05
Time: get_branching_decision.update_bounds 0.0229    pickout 0.0410    branching_decision 0.0002    decision 0.0002    set_bounds 0.0202    prepare 0.0203    transfer 0.0001    finalize 0.0395    func 0.3116    solve 0.2341    add 0.0044    bab_iteration 0.2713    
Accumulated time: get_branching_decision.update_bounds 0.0229    bab_iteration 1.1133    pickout 0.0893    decision 0.0008    branching_decision 0.0007    set_bounds 0.0534    solve 1.0207    func 1.3321    prepare 0.0461    transfer 0.0003    finalize 0.0892    add 0.0097    
max lb 0.05376708507537842 min lb -2.284153461456299
Number of Verified Splits: 68 of 888
Current worst splitting domains lb-rhs (depth):
-2.28415 (11), -2.27765 (11), -2.27004 (11), -2.26354 (11), -2.26241 (11), -2.25590 (11), -2.24824 (11), -2.24485 (11), -2.24171 (11), -2.23776 (11), -2.23171 (11), -2.23095 (11), -2.23063 (11), -2.22901 (11), -2.22545 (11), -2.22438 (11), -2.22356 (11), -2.22295 (11), -2.22247 (11), -2.21707 (11), 
Current (lb-rhs): -2.284153461456299
2056 domains visited
Length of domains: 820
Cumulative time: 1.5788190364837646

BaB round 7
batch: 820
splitting decisions: 
split level 0: [/26, 743] [/26, 743] [/input, 2785] [/input, 2785] [/input, 4150] [/input, 4099] [/input, 2514] [/input, 4162] [/input, 4353] [/input, 2841] 
best_l after optimization: -1437.809814453125
beta sum per layer: [3719.20947265625, 119.76599884033203, 999.2689208984375]
alpha/beta optimization time: 0.2551147937774658
pruning_in_iteration open status: False
ratio of positive domain = 136 / 1640 = 0.08292682926829265
pruning-in-iteration extra time: 9.131431579589844e-05
Time: get_branching_decision.update_bounds 0.0229    pickout 0.0742    branching_decision 0.0004    decision 0.0004    set_bounds 0.0366    prepare 0.0377    transfer 0.0001    finalize 0.0646    func 0.5429    solve 0.3116    add 0.0065    bab_iteration 0.3797    
Accumulated time: get_branching_decision.update_bounds 0.0229    bab_iteration 1.4930    pickout 0.1634    decision 0.0012    branching_decision 0.0011    set_bounds 0.0900    solve 1.3323    func 1.8749    prepare 0.0838    transfer 0.0004    finalize 0.1538    add 0.0162    
max lb 0.0934445858001709 min lb -2.282372236251831
Number of Verified Splits: 137 of 1640
Current worst splitting domains lb-rhs (depth):
-2.28237 (12), -2.27585 (12), -2.26836 (12), -2.26190 (12), -2.26041 (12), -2.26017 (12), -2.25444 (12), -2.25367 (12), -2.24640 (12), -2.24331 (12), -2.24285 (12), -2.23988 (12), -2.23843 (12), -2.23642 (12), -2.23626 (12), -2.22903 (12), -2.22880 (12), -2.22879 (12), -2.22804 (12), -2.22649 (12), 
Current (lb-rhs): -2.282372236251831
3696 domains visited
Length of domains: 1503
Cumulative time: 2.245926856994629

BaB round 8
batch: 1503
splitting decisions: 
split level 0: [/input, 2750] [/input, 3395] [/26, 2697] [/26, 2697] [/input, 4099] [/input, 5691] [/input, 4162] [/input, 2543] [/input, 2791] [/26, 3317] 
best_l after optimization: -2817.910400390625
beta sum per layer: [7312.23291015625, 401.17120361328125, 1646.9273681640625]
alpha/beta optimization time: 0.5176746845245361
pruning_in_iteration open status: False
ratio of positive domain = 125 / 3006 = 0.04158349966733199
pruning-in-iteration extra time: 5.435943603515625e-05
Time: get_branching_decision.update_bounds 0.0229    pickout 0.1323    branching_decision 0.0007    decision 0.0007    set_bounds 0.0621    prepare 0.0715    transfer 0.0001    finalize 0.1480    func 1.2806    solve 0.5429    add 0.0125    bab_iteration 0.6671    
Accumulated time: get_branching_decision.update_bounds 0.0229    bab_iteration 2.1601    pickout 0.2957    decision 0.0019    branching_decision 0.0018    set_bounds 0.1520    solve 1.8752    func 3.1555    prepare 0.1553    transfer 0.0005    finalize 0.3017    add 0.0287    
max lb 0.0701678991317749 min lb -2.281266212463379
Number of Verified Splits: 128 of 3006
Current worst splitting domains lb-rhs (depth):
-2.28127 (13), -2.27476 (13), -2.26664 (13), -2.26013 (13), -2.25928 (13), -2.25852 (13), -2.25546 (13), -2.25277 (13), -2.25206 (13), -2.24899 (13), -2.24585 (13), -2.24452 (13), -2.24175 (13), -2.24032 (13), -2.23930 (13), -2.23798 (13), -2.23657 (13), -2.23466 (13), -2.23376 (13), -2.23357 (13), 
Current (lb-rhs): -2.281266212463379
6702 domains visited
Length of domains: 2878
Cumulative time: 3.779338836669922

BaB round 9
batch: 2048
splitting decisions: 
split level 0: [/26, 743] [/26, 743] [/input, 2750] [/input, 2750] [/input, 4243] [/input, 4633] [/input, 3449] [/input, 4554] [/26, 3318] [/input, 4885] 
best_l after optimization: -3888.310546875
beta sum per layer: [11537.65625, 1382.7099609375, 2065.462890625]
alpha/beta optimization time: 0.7218585014343262
pruning_in_iteration open status: False
ratio of positive domain = 174 / 4096 = 0.04248046875
pruning-in-iteration extra time: 5.459785461425781e-05
Time: get_branching_decision.update_bounds 0.0229    pickout 0.1891    branching_decision 0.0009    decision 0.0009    set_bounds 0.0928    prepare 0.1031    transfer 0.0001    finalize 0.3512    func 1.6418    solve 1.2806    add 0.0569    bab_iteration 1.5334    
Accumulated time: get_branching_decision.update_bounds 0.0229    bab_iteration 3.6935    pickout 0.4848    decision 0.0028    branching_decision 0.0026    set_bounds 0.2449    solve 3.1558    func 4.7973    prepare 0.2583    transfer 0.0006    finalize 0.6530    add 0.0856    
max lb 0.0836869478225708 min lb -2.2548131942749023
Number of Verified Splits: 176 of 4096
Current worst splitting domains lb-rhs (depth):
-2.28127 (13), -2.27476 (13), -2.26664 (13), -2.26013 (13), -2.25928 (13), -2.25481 (14), -2.25277 (13), -2.25186 (14), -2.24836 (14), -2.24524 (14), -2.24452 (13), -2.24287 (14), -2.24199 (14), -2.24175 (13), -2.23998 (14), -2.23798 (13), -2.23693 (14), -2.23555 (14), -2.23467 (14), -2.23466 (13), 
Current (lb-rhs): -2.281266212463379
10798 domains visited
Length of domains: 4750
current_vram/total_varm: 16.5GB/47.7GB, batch_size increase to 4096
Cumulative time: 5.740390777587891

BaB round 10
batch: 4096
splitting decisions: 
split level 0: [/input, 3449] [/input, 4554] [/input, 152] [/26, 743] [/26, 743] [/input, 2791] [/input, 2750] [/input, 2750] [/input, 2901] [/input, 4072] 
best_l after optimization: -7839.82080078125
beta sum per layer: [25865.01953125, 4014.360595703125, 4020.831787109375]
alpha/beta optimization time: 1.4365472793579102
pruning_in_iteration open status: False
ratio of positive domain = 185 / 8192 = 0.0225830078125
pruning-in-iteration extra time: 7.200241088867188e-05
Time: get_branching_decision.update_bounds 0.0229    pickout 0.3767    branching_decision 0.0013    decision 0.0013    set_bounds 0.1892    prepare 0.2027    transfer 0.0002    finalize 0.3757    func 3.3604    solve 1.6418    add 0.0352    bab_iteration 1.9610    
Accumulated time: get_branching_decision.update_bounds 0.0229    bab_iteration 5.6546    pickout 0.8616    decision 0.0041    branching_decision 0.0039    set_bounds 0.4340    solve 4.7976    func 8.1577    prepare 0.4610    transfer 0.0008    finalize 1.0286    add 0.1207    
max lb 0.06645596027374268 min lb -2.2508554458618164
Number of Verified Splits: 195 of 8192
Current worst splitting domains lb-rhs (depth):
-2.28127 (13), -2.27476 (13), -2.26664 (13), -2.26013 (13), -2.25928 (13), -2.25277 (13), -2.25086 (15), -2.24856 (15), -2.24820 (15), -2.24604 (15), -2.24452 (13), -2.24445 (15), -2.24216 (15), -2.24175 (13), -2.24170 (15), -2.23965 (15), -2.23891 (15), -2.23802 (15), -2.23798 (13), -2.23686 (15), 
Current (lb-rhs): -2.281266212463379
18990 domains visited
Length of domains: 8651
Cumulative time: 9.72912073135376

BaB round 11
batch: 4096
splitting decisions: 
split level 0: [/26, 2787] [/input, 5025] [/input, 4554] [/input, 374] [/input, 374] [/26, 2787] [/input, 4068] [/input, 4095] [/input, 2670] [/input, 3449] 
best_l after optimization: -7725.4326171875
beta sum per layer: [29172.849609375, 6180.00537109375, 3991.300537109375]
alpha/beta optimization time: 1.4372608661651611
pruning_in_iteration open status: False
ratio of positive domain = 134 / 8192 = 0.016357421875
pruning-in-iteration extra time: 6.699562072753906e-05
Time: get_branching_decision.update_bounds 0.0229    pickout 0.3735    branching_decision 0.0013    decision 0.0013    set_bounds 0.1804    prepare 0.2221    transfer 0.0001    finalize 0.3979    func 3.2143    solve 3.3605    add 0.0582    bab_iteration 3.9887    
Accumulated time: get_branching_decision.update_bounds 0.0229    bab_iteration 9.6433    pickout 1.2351    decision 0.0054    branching_decision 0.0052    set_bounds 0.6144    solve 8.1581    func 11.3720    prepare 0.6831    transfer 0.0009    finalize 1.4265    add 0.1789    
max lb 0.05486929416656494 min lb -2.2488694190979004
Number of Verified Splits: 144 of 8192
Current worst splitting domains lb-rhs (depth):
-2.28127 (13), -2.27476 (13), -2.26664 (13), -2.26013 (13), -2.25928 (13), -2.25277 (13), -2.24887 (16), -2.24856 (15), -2.24664 (16), -2.24604 (15), -2.24452 (13), -2.24238 (16), -2.24216 (15), -2.24175 (13), -2.24017 (16), -2.23965 (15), -2.23798 (13), -2.23708 (16), -2.23686 (15), -2.23594 (15), 
Current (lb-rhs): -2.281266212463379
27182 domains visited
Length of domains: 12603
Cumulative time: 13.80738377571106

BaB round 12
batch: 4096
splitting decisions: 
split level 0: [/input, 4095] [/input, 4068] [/input, 2515] [/input, 4633] [/26, 3264] [/input, 2736] [/input, 3432] [/input, 5357] [/input, 5049] [/26, 3264] 
best_l after optimization: -7610.87939453125
beta sum per layer: [32038.025390625, 8051.2763671875, 4017.59912109375]
alpha/beta optimization time: 1.438478946685791
pruning_in_iteration open status: False
ratio of positive domain = 96 / 8192 = 0.01171875
pruning-in-iteration extra time: 9.322166442871094e-05
Time: get_branching_decision.update_bounds 0.0229    pickout 0.6258    branching_decision 0.0013    decision 0.0013    set_bounds 0.1777    prepare 0.2166    transfer 0.0001    finalize 0.4085    func 3.5566    solve 3.2144    add 0.2956    bab_iteration 4.0783    
Accumulated time: get_branching_decision.update_bounds 0.0229    bab_iteration 13.7215    pickout 1.8609    decision 0.0068    branching_decision 0.0065    set_bounds 0.7921    solve 11.3725    func 14.9286    prepare 0.8997    transfer 0.0010    finalize 1.8349    add 0.4745    
max lb 0.067241370677948 min lb -2.2044460773468018
Number of Verified Splits: 99 of 8192
Current worst splitting domains lb-rhs (depth):
-2.28127 (13), -2.27476 (13), -2.26664 (13), -2.26013 (13), -2.25928 (13), -2.25277 (13), -2.24887 (16), -2.24856 (15), -2.24664 (16), -2.24604 (15), -2.24452 (13), -2.24238 (16), -2.24216 (15), -2.24175 (13), -2.24017 (16), -2.23965 (15), -2.23798 (13), -2.23708 (16), -2.23686 (15), -2.23594 (15), 
Current (lb-rhs): -2.281266212463379
35374 domains visited
Length of domains: 16600
Cumulative time: 18.3672091960907

BaB round 13
batch: 4096
splitting decisions: 
split level 0: [/26, 3816] [/input, 2672] [/input, 2672] [/input, 5719] [/input, 2515] [/input, 2750] [/input, 2780] [/26, 3816] [/input, 2750] [/input, 2672] 
best_l after optimization: -7265.43310546875
beta sum per layer: [35071.9609375, 10652.017578125, 4013.012939453125]
alpha/beta optimization time: 1.4353039264678955
pruning_in_iteration open status: False
ratio of positive domain = 73 / 8192 = 0.0089111328125
pruning-in-iteration extra time: 6.0558319091796875e-05
Time: get_branching_decision.update_bounds 0.0229    pickout 0.3764    branching_decision 0.0012    decision 0.0012    set_bounds 0.4237    prepare 0.2098    transfer 0.0001    finalize 0.3953    func 2.9792    solve 3.5566    add 0.1945    bab_iteration 4.5598    
Accumulated time: get_branching_decision.update_bounds 0.0229    bab_iteration 18.2814    pickout 2.2373    decision 0.0080    branching_decision 0.0078    set_bounds 1.2158    solve 14.9291    func 17.9078    prepare 1.1095    transfer 0.0011    finalize 2.2302    add 0.6690    
max lb 0.0615391731262207 min lb -2.158883810043335
Number of Verified Splits: 75 of 8192
Current worst splitting domains lb-rhs (depth):
-2.28127 (13), -2.27476 (13), -2.26664 (13), -2.26013 (13), -2.25928 (13), -2.25277 (13), -2.24887 (16), -2.24856 (15), -2.24664 (16), -2.24604 (15), -2.24452 (13), -2.24238 (16), -2.24216 (15), -2.24175 (13), -2.24017 (16), -2.23965 (15), -2.23798 (13), -2.23708 (16), -2.23686 (15), -2.23594 (15), 
Current (lb-rhs): -2.281266212463379
43566 domains visited
Length of domains: 20621
Cumulative time: 22.438281297683716

BaB round 14
batch: 4096
splitting decisions: 
split level 0: [/input, 2780] [/input, 2515] [/26, 743] [/input, 3383] [/input, 2785] [/input, 3816] [/input, 4205] [/input, 2539] [/input, 2539] [/26, 743] 
best_l after optimization: -6736.07421875
beta sum per layer: [39644.8359375, 13236.419921875, 4083.74560546875]
alpha/beta optimization time: 1.4351105690002441
pruning_in_iteration open status: False
ratio of positive domain = 169 / 8192 = 0.0206298828125
pruning-in-iteration extra time: 6.008148193359375e-05
Time: get_branching_decision.update_bounds 0.0229    pickout 0.3768    branching_decision 0.0011    decision 0.0011    set_bounds 0.1746    prepare 0.2113    transfer 0.0001    finalize 0.3877    func 3.2244    solve 2.9792    add 0.2864    bab_iteration 4.0711    
Accumulated time: get_branching_decision.update_bounds 0.0229    bab_iteration 22.3524    pickout 2.6141    decision 0.0091    branching_decision 0.0088    set_bounds 1.3904    solve 17.9084    func 21.1322    prepare 1.3207    transfer 0.0012    finalize 2.6179    add 0.9555    
max lb 0.05611467361450195 min lb -2.064089775085449
Number of Verified Splits: 181 of 8192
Current worst splitting domains lb-rhs (depth):
-2.28127 (13), -2.27476 (13), -2.26664 (13), -2.26013 (13), -2.25928 (13), -2.25277 (13), -2.24887 (16), -2.24856 (15), -2.24664 (16), -2.24604 (15), -2.24452 (13), -2.24238 (16), -2.24216 (15), -2.24175 (13), -2.24017 (16), -2.23965 (15), -2.23798 (13), -2.23708 (16), -2.23686 (15), -2.23594 (15), 
Current (lb-rhs): -2.281266212463379
51758 domains visited
Length of domains: 24536
Cumulative time: 26.288350820541382

BaB round 15
batch: 4096
splitting decisions: 
split level 0: [/input, 3816] [/input, 3816] [/input, 463] [/input, 2780] [/input, 4042] [/input, 5184] [/input, 2512] [/input, 4243] [/input, 2750] [/26, 743] 
best_l after optimization: -6326.5
beta sum per layer: [44390.28125, 16357.2705078125, 4176.609375]
alpha/beta optimization time: 1.4339230060577393
pruning_in_iteration open status: False
ratio of positive domain = 180 / 8192 = 0.02197265625
pruning-in-iteration extra time: 5.7220458984375e-05
Time: get_branching_decision.update_bounds 0.0229    pickout 0.3870    branching_decision 0.0011    decision 0.0011    set_bounds 0.1732    prepare 0.2120    transfer 0.0001    finalize 0.3992    func 3.2408    solve 3.2245    add 0.0689    bab_iteration 3.8501    
Accumulated time: get_branching_decision.update_bounds 0.0229    bab_iteration 26.2025    pickout 3.0012    decision 0.0102    branching_decision 0.0099    set_bounds 1.5636    solve 21.1328    func 24.3730    prepare 1.5327    transfer 0.0013    finalize 3.0171    add 1.0244    
max lb 0.06470918655395508 min lb -2.0558414459228516
Number of Verified Splits: 194 of 8192
Current worst splitting domains lb-rhs (depth):
-2.28127 (13), -2.27476 (13), -2.26664 (13), -2.26013 (13), -2.25928 (13), -2.25277 (13), -2.24887 (16), -2.24856 (15), -2.24664 (16), -2.24604 (15), -2.24452 (13), -2.24238 (16), -2.24216 (15), -2.24175 (13), -2.24017 (16), -2.23965 (15), -2.23798 (13), -2.23708 (16), -2.23686 (15), -2.23594 (15), 
Current (lb-rhs): -2.281266212463379
59950 domains visited
Length of domains: 28438
Cumulative time: 30.143133640289307

BaB round 16
batch: 4096
splitting decisions: 
split level 0: [/input, 5357] [/input, 436] [/input, 4042] [/input, 2539] [/input, 4205] [/input, 3450] [/input, 5383] [/input, 5357] [/input, 4042] [/input, 4042] 
best_l after optimization: -5764.39208984375
beta sum per layer: [50714.890625, 19476.51953125, 4190.1201171875]
alpha/beta optimization time: 1.4374594688415527
pruning_in_iteration open status: False
ratio of positive domain = 785 / 8192 = 0.0958251953125
pruning-in-iteration extra time: 0.00013017654418945312
Time: get_branching_decision.update_bounds 0.0229    pickout 0.3917    branching_decision 0.2985    decision 0.2986    set_bounds 0.1863    prepare 0.2200    transfer 0.0001    finalize 0.3850    func 2.9092    solve 3.2409    add 0.0480    bab_iteration 3.8548    
Accumulated time: get_branching_decision.update_bounds 0.0229    bab_iteration 30.0573    pickout 3.3929    decision 0.3088    branching_decision 0.3085    set_bounds 1.7499    solve 24.3737    func 27.2822    prepare 1.7527    transfer 0.0014    finalize 3.4021    add 1.0724    
max lb 0.07634687423706055 min lb -1.9630330801010132
Number of Verified Splits: 798 of 8192
Current worst splitting domains lb-rhs (depth):
-2.28127 (13), -2.27476 (13), -2.26664 (13), -2.26013 (13), -2.25928 (13), -2.25277 (13), -2.24887 (16), -2.24856 (15), -2.24664 (16), -2.24604 (15), -2.24452 (13), -2.24238 (16), -2.24216 (15), -2.24175 (13), -2.24017 (16), -2.23965 (15), -2.23798 (13), -2.23708 (16), -2.23686 (15), -2.23594 (15), 
Current (lb-rhs): -2.281266212463379
68142 domains visited
Length of domains: 31736
Cumulative time: 33.9796257019043

BaB round 17
batch: 4096
splitting decisions: 
split level 0: [/input, 2785] [/26, 3819] [/input, 2750] [/input, 3356] [/input, 4205] [/input, 3789] [/input, 3843] [/input, 4633] [/input, 4633] [/input, 6204] 
best_l after optimization: -5963.751953125
beta sum per layer: [58678.375, 25084.265625, 3985.637451171875]
alpha/beta optimization time: 1.439058542251587
pruning_in_iteration open status: False
ratio of positive domain = 634 / 8192 = 0.077392578125
pruning-in-iteration extra time: 5.984306335449219e-05
Time: get_branching_decision.update_bounds 0.0229    pickout 0.7327    branching_decision 0.0012    decision 0.0012    set_bounds 0.1842    prepare 0.2202    transfer 0.0001    finalize 0.3994    func 2.9461    solve 2.9092    add 0.0461    bab_iteration 3.8365    
Accumulated time: get_branching_decision.update_bounds 0.0229    bab_iteration 33.8938    pickout 4.1255    decision 0.3100    branching_decision 0.3097    set_bounds 1.9341    solve 27.2829    func 30.2283    prepare 1.9729    transfer 0.0015    finalize 3.8015    add 1.1186    
max lb 0.06598424911499023 min lb -1.8778510093688965
Number of Verified Splits: 651 of 8192
Current worst splitting domains lb-rhs (depth):
-2.28127 (13), -2.27476 (13), -2.26664 (13), -2.26013 (13), -2.25928 (13), -2.25277 (13), -2.24887 (16), -2.24856 (15), -2.24664 (16), -2.24604 (15), -2.24452 (13), -2.24238 (16), -2.24216 (15), -2.24175 (13), -2.24017 (16), -2.23965 (15), -2.23798 (13), -2.23708 (16), -2.23686 (15), -2.23594 (15), 
Current (lb-rhs): -2.281266212463379
76334 domains visited
Length of domains: 35181
Cumulative time: 38.24798846244812

BaB round 18
batch: 4096
splitting decisions: 
split level 0: [/input, 3787] [/input, 5383] [/input, 6204] [/input, 6204] [/input, 464] [/input, 3787] [/input, 5383] [/input, 464] [/input, 6204] [/input, 6204] 
best_l after optimization: -6133.935546875
beta sum per layer: [67834.0, 31633.94140625, 3543.81884765625]
alpha/beta optimization time: 1.4384500980377197
pruning_in_iteration open status: False
ratio of positive domain = 533 / 8192 = 0.0650634765625
pruning-in-iteration extra time: 6.365776062011719e-05
Time: get_branching_decision.update_bounds 0.0229    pickout 0.4129    branching_decision 0.0011    decision 0.0011    set_bounds 0.1858    prepare 0.2290    transfer 0.0001    finalize 0.4063    func 3.3672    solve 2.9462    add 0.3990    bab_iteration 4.2684    
Accumulated time: get_branching_decision.update_bounds 0.0229    bab_iteration 38.1621    pickout 4.5384    decision 0.3111    branching_decision 0.3108    set_bounds 2.1199    solve 30.2291    func 33.5954    prepare 2.2018    transfer 0.0016    finalize 4.2078    add 1.5175    
max lb 0.06893342733383179 min lb -1.8506999015808105
Number of Verified Splits: 537 of 8192
Current worst splitting domains lb-rhs (depth):
-2.28127 (13), -2.27476 (13), -2.26664 (13), -2.26013 (13), -2.25928 (13), -2.25277 (13), -2.24887 (16), -2.24856 (15), -2.24664 (16), -2.24604 (15), -2.24452 (13), -2.24238 (16), -2.24216 (15), -2.24175 (13), -2.24017 (16), -2.23965 (15), -2.23798 (13), -2.23708 (16), -2.23686 (15), -2.23594 (15), 
Current (lb-rhs): -2.281266212463379
84526 domains visited
Length of domains: 38740
Cumulative time: 42.26863074302673

BaB round 19
batch: 4096
splitting decisions: 
split level 0: [/input, 3264] [/input, 3817] [/input, 3789] [/input, 2780] [/26, 2312] [/input, 5774] [/input, 3817] [/input, 3789] [/input, 5773] [/input, 4608] 
best_l after optimization: -6086.904296875
beta sum per layer: [74972.5234375, 35718.578125, 3194.3935546875]
alpha/beta optimization time: 1.438990831375122
pruning_in_iteration open status: False
ratio of positive domain = 730 / 8192 = 0.089111328125
pruning-in-iteration extra time: 6.508827209472656e-05
Time: get_branching_decision.update_bounds 0.0229    pickout 0.4138    branching_decision 0.0011    decision 0.0011    set_bounds 0.1853    prepare 0.2260    transfer 0.0001    finalize 0.7948    func 3.3336    solve 3.3672    add 0.0483    bab_iteration 4.0206    
Accumulated time: get_branching_decision.update_bounds 0.0229    bab_iteration 42.1827    pickout 4.9522    decision 0.3123    branching_decision 0.3119    set_bounds 2.3052    solve 33.5963    func 36.9290    prepare 2.4278    transfer 0.0018    finalize 5.0027    add 1.5658    
max lb 0.0758061408996582 min lb -1.8467408418655396
Number of Verified Splits: 742 of 8192
Current worst splitting domains lb-rhs (depth):
-2.28127 (13), -2.27476 (13), -2.26664 (13), -2.26013 (13), -2.25928 (13), -2.25277 (13), -2.24887 (16), -2.24856 (15), -2.24664 (16), -2.24604 (15), -2.24452 (13), -2.24238 (16), -2.24216 (15), -2.24175 (13), -2.24017 (16), -2.23965 (15), -2.23798 (13), -2.23708 (16), -2.23686 (15), -2.23594 (15), 
Current (lb-rhs): -2.281266212463379
92718 domains visited
Length of domains: 42094
Cumulative time: 46.25605368614197

BaB round 20
batch: 4096
splitting decisions: 
split level 0: [/input, 5773] [/26, 1816] [/input, 5774] [/26, 743] [/input, 3787] [/input, 5773] [/input, 5773] [/input, 3291] [/input, 4897] [/26, 3732] 
best_l after optimization: -6237.85498046875
beta sum per layer: [82293.7890625, 37336.5234375, 2771.72119140625]
alpha/beta optimization time: 1.438873291015625
pruning_in_iteration open status: False
ratio of positive domain = 647 / 8192 = 0.0789794921875
pruning-in-iteration extra time: 6.0558319091796875e-05
Time: get_branching_decision.update_bounds 0.0229    pickout 0.4132    branching_decision 0.0010    decision 0.0010    set_bounds 0.1846    prepare 0.2242    transfer 0.0001    finalize 0.8198    func 3.3669    solve 3.3336    add 0.0482    bab_iteration 3.9874    
Accumulated time: get_branching_decision.update_bounds 0.0229    bab_iteration 46.1702    pickout 5.3655    decision 0.3133    branching_decision 0.3129    set_bounds 2.4898    solve 36.9300    func 40.2959    prepare 2.6520    transfer 0.0019    finalize 5.8225    add 1.6140    
max lb 0.09210491180419922 min lb -1.817082166671753
Number of Verified Splits: 655 of 8192
Current worst splitting domains lb-rhs (depth):
-2.28127 (13), -2.27476 (13), -2.26664 (13), -2.26013 (13), -2.25928 (13), -2.25277 (13), -2.24887 (16), -2.24856 (15), -2.24664 (16), -2.24604 (15), -2.24452 (13), -2.24238 (16), -2.24216 (15), -2.24175 (13), -2.24017 (16), -2.23965 (15), -2.23798 (13), -2.23708 (16), -2.23686 (15), -2.23594 (15), 
Current (lb-rhs): -2.281266212463379
100910 domains visited
Length of domains: 45535
Cumulative time: 50.27681875228882

BaB round 21
batch: 4096
splitting decisions: 
split level 0: [/input, 5774] [/input, 4318] [/input, 3817] [/input, 4099] [/input, 5448] [/26, 5708] [/input, 5774] [/input, 3817] [/input, 5448] [/input, 5773] 
best_l after optimization: -6408.216796875
beta sum per layer: [90023.7578125, 37988.94140625, 2434.400146484375]
alpha/beta optimization time: 1.4383697509765625
pruning_in_iteration open status: False
ratio of positive domain = 1082 / 8192 = 0.132080078125
pruning-in-iteration extra time: 0.00017976760864257812
Time: get_branching_decision.update_bounds 0.0229    pickout 0.4296    branching_decision 0.0011    decision 0.0011    set_bounds 0.1848    prepare 0.2261    transfer 0.0001    finalize 0.8097    func 3.3095    solve 3.3669    add 0.0492    bab_iteration 4.0208    
Accumulated time: get_branching_decision.update_bounds 0.0229    bab_iteration 50.1909    pickout 5.7951    decision 0.3144    branching_decision 0.3140    set_bounds 2.6746    solve 40.2969    func 43.6054    prepare 2.8781    transfer 0.0020    finalize 6.6322    add 1.6632    
max lb 0.10471963882446289 min lb -1.8147064447402954
Number of Verified Splits: 1087 of 8192
Current worst splitting domains lb-rhs (depth):
-2.28127 (13), -2.27476 (13), -2.26664 (13), -2.26013 (13), -2.25928 (13), -2.25277 (13), -2.24887 (16), -2.24856 (15), -2.24664 (16), -2.24604 (15), -2.24452 (13), -2.24238 (16), -2.24216 (15), -2.24175 (13), -2.24017 (16), -2.23965 (15), -2.23798 (13), -2.23708 (16), -2.23686 (15), -2.23594 (15), 
Current (lb-rhs): -2.281266212463379
109102 domains visited
Length of domains: 48544
Cumulative time: 54.25312376022339

BaB round 22
batch: 4096
splitting decisions: 
split level 0: [/input, 3789] [/input, 4099] [/input, 3450] [/26, 5708] [/26, 716] [/input, 3789] [/input, 3789] [/input, 5774] [/26, 2312] [/input, 4099] 
best_l after optimization: -7318.193359375
beta sum per layer: [91225.9609375, 32676.33984375, 1530.2530517578125]
alpha/beta optimization time: 1.4371659755706787
pruning_in_iteration open status: False
ratio of positive domain = 1008 / 8192 = 0.123046875
pruning-in-iteration extra time: 8.058547973632812e-05
Time: get_branching_decision.update_bounds 0.0229    pickout 0.4251    branching_decision 0.0012    decision 0.0012    set_bounds 0.1880    prepare 0.2256    transfer 0.0001    finalize 0.3873    func 2.8896    solve 3.3096    add 0.0450    bab_iteration 3.9763    
Accumulated time: get_branching_decision.update_bounds 0.0229    bab_iteration 54.1672    pickout 6.2201    decision 0.3156    branching_decision 0.3152    set_bounds 2.8626    solve 43.6065    func 46.4950    prepare 3.1037    transfer 0.0021    finalize 7.0195    add 1.7082    
max lb 0.11466693878173828 min lb -1.7983129024505615
Number of Verified Splits: 1011 of 8192
Current worst splitting domains lb-rhs (depth):
-2.28127 (13), -2.27476 (13), -2.26664 (13), -2.26013 (13), -2.25928 (13), -2.25277 (13), -2.24887 (16), -2.24856 (15), -2.24664 (16), -2.24604 (15), -2.24452 (13), -2.24238 (16), -2.24216 (15), -2.24175 (13), -2.24017 (16), -2.23965 (15), -2.23798 (13), -2.23708 (16), -2.23686 (15), -2.23594 (15), 
Current (lb-rhs): -2.281266212463379
117294 domains visited
Length of domains: 51629
Time out!!!!!!!!
Result: unknown in 63.9730 seconds

 %%%%%%%%%%%%%%%%%%%%%%%%%%%%%%%%%%% idx: 7, vnnlib ID: 7 %%%%%%%%%%%%%%%%%%%%%%%%%%%%%%%%%%%
Finished vnnlib processing in 0.001669 seconds
Model: BoundedModule(
  (/input-1): BoundInput(name=/input-1, inputs=[], perturbed=True)
  (/shape): BoundBuffers(name=/shape, inputs=[], perturbed=False)
  (/12): BoundParams(name=/12, inputs=[], perturbed=False)
  (/13): BoundParams(name=/13, inputs=[], perturbed=False)
  (/14): BoundParams(name=/14, inputs=[], perturbed=False)
  (/15): BoundParams(name=/15, inputs=[], perturbed=False)
  (/16): BoundParams(name=/16, inputs=[], perturbed=False)
  (/17): BoundParams(name=/17, inputs=[], perturbed=False)
  (/18): BoundParams(name=/18, inputs=[], perturbed=False)
  (/19): BoundParams(name=/19, inputs=[], perturbed=False)
  (/20): BoundParams(name=/20, inputs=[], perturbed=False)
  (/21): BoundParams(name=/21, inputs=[], perturbed=False)
  (/input): BoundConv(name=/input, inputs=[/input-1, /12, /13], perturbed=True)
  (/input-4): BoundRelu(name=/input-4, inputs=[/input], perturbed=True)
  (/24): BoundConv(name=/24, inputs=[/input-4, /14, /15], perturbed=True)
  (/25): BoundConv(name=/25, inputs=[/input-4, /16, /17], perturbed=True)
  (/26): BoundAdd(name=/26, inputs=[/24, /25], perturbed=True)
  (/27): BoundRelu(name=/27, inputs=[/26], perturbed=True)
  (/28): BoundSplit(name=/28, inputs=[/shape], perturbed=False)
  (/29): BoundSplit(name=/29, inputs=[/shape], perturbed=False)
  (/30): BoundConstant(name=/30, value=tensor([0], device='cuda:0'))
  (/31): BoundSqueeze(name=/31, inputs=[/28, /30], perturbed=False)
  (/32): BoundConstant(name=/32, value=tensor([0], device='cuda:0'))
  (/33): BoundSqueeze(name=/33, inputs=[/29, /32], perturbed=False)
  (/34): BoundConstant(name=/34, value=tensor([0], device='cuda:0'))
  (/35): BoundUnsqueeze(name=/35, inputs=[/31, /34], perturbed=False)
  (/36): BoundConstant(name=/36, value=tensor([0], device='cuda:0'))
  (/37): BoundUnsqueeze(name=/37, inputs=[/33, /36], perturbed=False)
  (/38): BoundConcat(name=/38, inputs=[/35, /37], perturbed=False)
  (/39): BoundReshape(name=/39, inputs=[/27, /38], perturbed=True)
  (/input-8): BoundLinear(name=/input-8, inputs=[/39, /18, /19], perturbed=True)
  (/41): BoundRelu(name=/41, inputs=[/input-8], perturbed=True)
  (/42): BoundLinear(name=/42, inputs=[/41, /20, /21], perturbed=True)
)
Original output in the first batch: tensor([[-3.35555530, -2.20065260, -1.00345206,  0.12420868,  3.57004762,
          1.70801926,  0.07874458,  0.39305973,  2.08584809,  4.65091181]],
       device='cuda:0')
Split layers:
Nonlinear functions:
   BoundRelu(name=/input-4, inputs=[/input], perturbed=True)
   BoundRelu(name=/27, inputs=[/26], perturbed=True)
   BoundRelu(name=/41, inputs=[/input-8], perturbed=True)
build batch [1/1]
layer /input-4 using sparse-features alpha with shape [1491]; unstable size 1491; total size 6272 ([1, 8, 28, 28])
layer /input-4 start_node /26 using full alpha [2, 6272, 1, 1491] with unstable size None total_size 6272 output_shape torch.Size([8, 28, 28])
layer /input-4 start_node /input-8 using sparse-spec alpha [2, 17, 1, 1491] with unstable size 16 total_size 64 output_shape torch.Size([64])
layer /input-4 start_node /42 using full alpha [2, 9, 1, 1491] with unstable size None total_size 9 output_shape 9
layer /27 using sparse-features alpha with shape [2073]; unstable size 2073; total size 6272 ([1, 8, 28, 28])
layer /27 start_node /input-8 using sparse-spec alpha [2, 17, 1, 2073] with unstable size 16 total_size 64 output_shape torch.Size([64])
layer /27 start_node /42 using full alpha [2, 9, 1, 2073] with unstable size None total_size 9 output_shape 9
layer /41 using sparse-features alpha with shape [16]; unstable size 16; total size 64 ([1, 64])
layer /41 start_node /42 using full alpha [2, 9, 1, 16] with unstable size None total_size 9 output_shape 9
Optimizable variables initialized.
initial CROWN bounds (first 10 items): [1.5739073753356934, 0.2539334297180176, -1.9353487491607666, -1.9742419719696045, -3.395949125289917, -3.2322397232055664, -2.8880462646484375, -0.46129870414733887, -2.2511167526245117]
prune_after_crown optimization in use
  original spec size = torch.Size([1, 9])
  pruned spec size = torch.Size([1, 7])
Using alpha-CROWN to initialize bounds.
best_l after optimization: -13.958934783935547
alpha/beta optimization time: 5.006283283233643
initial alpha-crown bounds (first 10 items): [-1.5459165573120117, -1.7429271936416626, -3.040541172027588, -2.970186471939087, -2.4710214138031006, -0.25817155838012695, -1.9301702976226807]
Global lower bound: -3.040541172027588
2 / 9 OR specs are verified.
Verified OR indices (first 10 items): [0, 1]
Verified OR lbs (first 10 items): [[inf], [inf]]
Unverified OR indices (first 10 items): [2, 3, 4, 5, 6, 7, 8]
Unverified OR lbs (first 10 items): [[-1.5459165573120117], [-1.7429271936416626], [-3.040541172027588], [-2.970186471939087], [-2.4710214138031006], [-0.25817155838012695], [-1.9301702976226807]]
###### Verifying property Instance 7 ######
Batch size: 7
First 10 spec matrices
C: tensor([[[ 0.,  0., -1.,  0.,  0.,  0.,  0.,  0.,  0.,  1.]],

        [[ 0.,  0.,  0., -1.,  0.,  0.,  0.,  0.,  0.,  1.]],

        [[ 0.,  0.,  0.,  0., -1.,  0.,  0.,  0.,  0.,  1.]],

        [[ 0.,  0.,  0.,  0.,  0., -1.,  0.,  0.,  0.,  1.]],

        [[ 0.,  0.,  0.,  0.,  0.,  0., -1.,  0.,  0.,  1.]],

        [[ 0.,  0.,  0.,  0.,  0.,  0.,  0., -1.,  0.,  1.]],

        [[ 0.,  0.,  0.,  0.,  0.,  0.,  0.,  0., -1.,  1.]]], device='cuda:0')
RHS: tensor([[0.],
        [0.],
        [0.],
        [0.],
        [0.],
        [0.],
        [0.]], device='cuda:0')
OR spec sizes: tensor([1, 1, 1, 1, 1, 1, 1], device='cuda:0', dtype=torch.int32)
Remaining timeout: 54.644532203674316
Model prediction is: tensor([-3.35555530, -2.20065260, -1.00345206,  0.12420868,  3.57004762,
         1.70801926,  0.07874458,  0.39305973,  2.08584809,  4.65091181],
       device='cuda:0')
Activation BaB batch 1/1 
build_with_refined_bounds batch [1/1]
Optimizable variables initialized.
all alpha initialized
directly get lb and ub from refined bounds
c shape: torch.Size([7, 1, 10])
lA shapes: [torch.Size([7, 1, 8, 28, 28]), torch.Size([7, 1, 8, 28, 28]), torch.Size([7, 1, 64])]
(alpha-)CROWN with fixed intermediate bounds: tensor([[-1.54591656],
        [-1.74292719],
        [-3.04054117],
        [-2.97018647],
        [-2.47102141],
        [-0.25817156],
        [-1.93017030]], device='cuda:0') tensor([[inf],
        [inf],
        [inf],
        [inf],
        [inf],
        [inf],
        [inf]], device='cuda:0')
Intermediate layers: /input,/26,/input-8
Keeping alphas for these layers: ['/42']
Node /input-4 input 0: size torch.Size([8, 28, 28]) unstable 1491
Node /27 input 0: size torch.Size([8, 28, 28]) unstable 2067
Node /41 input 0: size torch.Size([64]) unstable 15
-----------------
# of unstable neurons: 3573
-----------------

BaB round 1
batch: 7
splitting decisions: 
split level 0: [/input-8, 10] [/input-8, 10] [/input-8, 10] [/input-8, 29] [/input-8, 10] [/input-8, 57] [/input-8, 18] 
split level 1: [/input-8, 17] [/input-8, 29] [/input-8, 18] [/input-8, 17] [/input-8, 29] [/input-8, 34] [/input-8, 55] 
split level 2: [/input-8, 18] [/input-8, 55] [/input-8, 29] [/input-8, 34] [/input-8, 34] [/input-8, 29] [/input-8, 22] 
split level 3: [/input-8, 34] [/input-8, 17] [/input-8, 55] [/input-8, 55] [/input-8, 63] [/input-8, 55] [/input-8, 26] 
best_l after optimization: -41.39993667602539
beta sum per layer: [0.0, 0.0, 28.42367172241211]
alpha/beta optimization time: 0.1703777313232422
pruning_in_iteration open status: True
ratio of positive domain = 76 / 112 = 0.6785714285714286
pruning-in-iteration extra time: 0.006281614303588867
Time: get_branching_decision.update_bounds 0.0301    pickout 0.0016    branching_decision 0.0001    decision 0.0001    set_bounds 0.0047    prepare 0.0013    transfer 0.0000    finalize 0.0234    func 0.2167    
Accumulated time: get_branching_decision.update_bounds 0.0301    bab_iteration 0.0000    pickout 0.0016    decision 0.0001    branching_decision 0.0001    set_bounds 0.0047    solve 0.0000    func 0.2167    prepare 0.0013    transfer 0.0000    finalize 0.0234    
max lb 9.999999747378752e-05 min lb -2.561025619506836
Number of Verified Splits: 76 of 112
Current worst splitting domains lb-rhs (depth):
-2.56103 (4), -2.51552 (4), -2.50106 (4), -2.34525 (4), -2.26325 (4), -2.01467 (4), -1.84935 (4), -1.64164 (4), -1.64042 (4), -1.49926 (4), -1.45358 (4), -1.42321 (4), -1.34418 (4), -1.26925 (4), -1.24828 (4), -1.23479 (4), -1.22102 (4), -1.04315 (4), -1.01649 (4), -0.95968 (4), 
Current (lb-rhs): -2.561025619506836
112 domains visited
Length of domains: 36
Cumulative time: 0.5370628833770752

BaB round 2
batch: 36
splitting decisions: 
split level 0: [/input-8, 17] [/input-8, 17] [/input-8, 17] [/input-8, 17] [/input-8, 17] [/input-8, 17] [/input-8, 17] [/input-8, 17] [/input-8, 17] [/input-8, 18] 
split level 1: [/input-8, 34] [/input-8, 34] [/input-8, 34] [/input-8, 34] [/input-8, 34] [/input-8, 34] [/input-8, 34] [/input-8, 34] [/input-8, 34] [/input-8, 63] 
best_l after optimization: -69.73617553710938
beta sum per layer: [0.0, 0.0, 137.01211547851562]
alpha/beta optimization time: 0.16541790962219238
pruning_in_iteration open status: True
ratio of positive domain = 68 / 144 = 0.4722222222222222
pruning-in-iteration extra time: 0.004972219467163086
Time: get_branching_decision.update_bounds 0.0301    pickout 0.0262    branching_decision 0.0001    decision 0.0001    set_bounds 0.0050    prepare 0.0028    transfer 0.0000    finalize 0.0166    func 0.2083    solve 0.2167    add 0.1641    bab_iteration 0.3983    
Accumulated time: get_branching_decision.update_bounds 0.0301    bab_iteration 0.3983    pickout 0.0278    decision 0.0002    branching_decision 0.0002    set_bounds 0.0096    solve 0.2167    func 0.4250    prepare 0.0041    transfer 0.0001    finalize 0.0400    add 0.1641    
max lb 9.999999747378752e-05 min lb -2.3783888816833496
Number of Verified Splits: 68 of 144
Current worst splitting domains lb-rhs (depth):
-2.37839 (6), -2.36326 (6), -2.33874 (6), -2.18802 (6), -2.07938 (6), -2.06204 (6), -1.92342 (6), -1.85129 (6), -1.75543 (6), -1.75495 (6), -1.72272 (6), -1.60590 (6), -1.56535 (6), -1.52742 (6), -1.45212 (6), -1.41934 (6), -1.30334 (6), -1.22227 (6), -1.21390 (6), -1.18339 (6), 
Current (lb-rhs): -2.3783888816833496
256 domains visited
Length of domains: 76
Cumulative time: 0.7966310977935791

BaB round 3
batch: 76
splitting decisions: 
split level 0: [/input-8, 63] [/input-8, 63] [/input-8, 63] [/input-8, 63] [/input-8, 63] [/input-8, 63] [/input-8, 63] [/input-8, 63] [/input-8, 63] [/input-8, 63] 
best_l after optimization: -89.34955596923828
beta sum per layer: [5.142930507659912, 0.0, 178.34982299804688]
alpha/beta optimization time: 0.17409706115722656
pruning_in_iteration open status: True
ratio of positive domain = 38 / 152 = 0.25
pruning-in-iteration extra time: 0.0028290748596191406
Time: get_branching_decision.update_bounds 0.0301    pickout 0.0069    branching_decision 0.0001    decision 0.0001    set_bounds 0.0038    prepare 0.0032    transfer 0.0000    finalize 0.0043    func 0.2102    solve 0.2083    add 0.0198    bab_iteration 0.2595    
Accumulated time: get_branching_decision.update_bounds 0.0301    bab_iteration 0.6578    pickout 0.0347    decision 0.0003    branching_decision 0.0003    set_bounds 0.0135    solve 0.4251    func 0.6352    prepare 0.0073    transfer 0.0001    finalize 0.0443    add 0.1838    
max lb 9.999999747378752e-05 min lb -2.3236637115478516
Number of Verified Splits: 38 of 152
Current worst splitting domains lb-rhs (depth):
-2.32366 (7), -2.32035 (7), -2.30042 (7), -2.17042 (7), -2.12775 (7), -2.03176 (7), -1.99613 (7), -1.85466 (7), -1.84074 (7), -1.80044 (7), -1.68617 (7), -1.67967 (7), -1.67399 (7), -1.63261 (7), -1.60423 (7), -1.58852 (7), -1.46936 (7), -1.41310 (7), -1.37720 (7), -1.35354 (7), 
Current (lb-rhs): -2.3236637115478516
408 domains visited
Length of domains: 114
Cumulative time: 1.0192618370056152

BaB round 4
batch: 114
splitting decisions: 
split level 0: [/input-8, 30] [/input-8, 30] [/input-8, 30] [/input-8, 30] [/input-8, 30] [/input-8, 30] [/input-8, 14] [/input-8, 30] [/input, 4296] [/input-8, 30] 
best_l after optimization: -95.90142822265625
beta sum per layer: [19.54307746887207, 0.0, 241.08343505859375]
alpha/beta optimization time: 0.17017602920532227
pruning_in_iteration open status: True
ratio of positive domain = 107 / 228 = 0.4692982456140351
pruning-in-iteration extra time: 0.005124092102050781
Time: get_branching_decision.update_bounds 0.0301    pickout 0.0100    branching_decision 0.0001    decision 0.0001    set_bounds 0.0056    prepare 0.0046    transfer 0.0000    finalize 0.0052    func 0.2063    solve 0.2103    add 0.0013    bab_iteration 0.2226    
Accumulated time: get_branching_decision.update_bounds 0.0301    bab_iteration 0.8804    pickout 0.0447    decision 0.0004    branching_decision 0.0004    set_bounds 0.0191    solve 0.6354    func 0.8416    prepare 0.0119    transfer 0.0002    finalize 0.0495    add 0.1852    
max lb 9.999999747378752e-05 min lb -2.2910139560699463
Number of Verified Splits: 107 of 228
Current worst splitting domains lb-rhs (depth):
-2.29101 (8), -2.28691 (8), -2.27353 (8), -2.13460 (8), -2.06977 (8), -2.01621 (8), -1.94750 (8), -1.83420 (8), -1.81947 (8), -1.77684 (8), -1.66120 (8), -1.65496 (8), -1.63807 (8), -1.60278 (8), -1.59006 (8), -1.57274 (8), -1.56507 (8), -1.56002 (8), -1.42752 (8), -1.35160 (8), 
Current (lb-rhs): -2.2910139560699463
636 domains visited
Length of domains: 121
Cumulative time: 1.2427728176116943

BaB round 5
batch: 121
splitting decisions: 
split level 0: [/input-8, 14] [/input-8, 14] [/input-8, 14] [/input-8, 14] [/input-8, 14] [/input-8, 14] [/input-8, 30] [/input-8, 14] [/input, 2723] [/input-8, 14] 
best_l after optimization: -127.05127716064453
beta sum per layer: [64.8907470703125, 0.0, 246.0001220703125]
alpha/beta optimization time: 0.17061305046081543
pruning_in_iteration open status: True
ratio of positive domain = 89 / 242 = 0.3677685950413223
pruning-in-iteration extra time: 0.004957437515258789
Time: get_branching_decision.update_bounds 0.0301    pickout 0.0104    branching_decision 0.0001    decision 0.0001    set_bounds 0.0059    prepare 0.0049    transfer 0.0000    finalize 0.0057    func 0.2099    solve 0.2064    add 0.0013    bab_iteration 0.2235    
Accumulated time: get_branching_decision.update_bounds 0.0301    bab_iteration 1.1040    pickout 0.0552    decision 0.0005    branching_decision 0.0004    set_bounds 0.0250    solve 0.8417    func 1.0514    prepare 0.0168    transfer 0.0002    finalize 0.0552    add 0.1864    
max lb 0.002250194549560547 min lb -2.2836663722991943
Number of Verified Splits: 89 of 242
Current worst splitting domains lb-rhs (depth):
-2.28367 (9), -2.26963 (9), -2.25122 (9), -2.20205 (9), -2.12953 (9), -2.04976 (9), -2.03560 (9), -1.98547 (9), -1.90588 (9), -1.81383 (9), -1.79998 (9), -1.74486 (9), -1.64145 (9), -1.63541 (9), -1.60153 (9), -1.59602 (9), -1.58763 (9), -1.57171 (9), -1.56222 (9), -1.55823 (9), 
Current (lb-rhs): -2.2836663722991943
878 domains visited
Length of domains: 153
Cumulative time: 1.470602035522461

BaB round 6
batch: 153
splitting decisions: 
split level 0: [/input-8, 33] [/input-8, 33] [/input-8, 33] [/input-8, 33] [/input-8, 33] [/input-8, 33] [/input-8, 33] [/input-8, 33] [/input, 2808] [/input-8, 33] 
best_l after optimization: -197.5438995361328
beta sum per layer: [191.56011962890625, 3.1686882972717285, 278.67864990234375]
alpha/beta optimization time: 0.16872191429138184
pruning_in_iteration open status: True
ratio of positive domain = 74 / 306 = 0.24183006535947715
pruning-in-iteration extra time: 0.0038890838623046875
Time: get_branching_decision.update_bounds 0.0301    pickout 0.0132    branching_decision 0.0001    decision 0.0001    set_bounds 0.0071    prepare 0.0067    transfer 0.0000    finalize 0.0103    func 0.2431    solve 0.2099    add 0.0012    bab_iteration 0.2278    
Accumulated time: get_branching_decision.update_bounds 0.0301    bab_iteration 1.3317    pickout 0.0684    decision 0.0007    branching_decision 0.0006    set_bounds 0.0321    solve 1.0516    func 1.2945    prepare 0.0235    transfer 0.0003    finalize 0.0655    add 0.1876    
max lb 9.999999747378752e-05 min lb -2.2817726135253906
Number of Verified Splits: 74 of 306
Current worst splitting domains lb-rhs (depth):
-2.28177 (10), -2.25625 (10), -2.23963 (10), -2.19750 (10), -2.13366 (10), -2.12651 (10), -2.04939 (10), -2.04400 (10), -2.02066 (10), -1.97708 (10), -1.97226 (10), -1.89432 (10), -1.88239 (10), -1.81066 (10), -1.79671 (10), -1.72396 (10), -1.72384 (10), -1.70854 (10), -1.63724 (10), -1.63143 (10), 
Current (lb-rhs): -2.2817726135253906
1184 domains visited
Length of domains: 232
Cumulative time: 1.7364153861999512

BaB round 7
batch: 232
splitting decisions: 
split level 0: [/input, 2534] [/input, 2534] [/input, 2534] [/input, 2534] [/input, 2534] [/input, 2534] [/input, 2592] [/input, 2534] [/input, 3486] [/input, 2534] 
best_l after optimization: -375.1007995605469
beta sum per layer: [535.968017578125, 19.38791275024414, 394.482666015625]
alpha/beta optimization time: 0.137068510055542
pruning_in_iteration open status: False
ratio of positive domain = 7 / 464 = 0.015086206896551713
pruning-in-iteration extra time: 5.626678466796875e-05
Time: get_branching_decision.update_bounds 0.0301    pickout 0.0204    branching_decision 0.0001    decision 0.0001    set_bounds 0.0094    prepare 0.0107    transfer 0.0000    finalize 0.0222    func 0.2308    solve 0.2431    add 0.0020    bab_iteration 0.2658    
Accumulated time: get_branching_decision.update_bounds 0.0301    bab_iteration 1.5975    pickout 0.0888    decision 0.0008    branching_decision 0.0007    set_bounds 0.0415    solve 1.2948    func 1.5253    prepare 0.0342    transfer 0.0003    finalize 0.0877    add 0.1897    
max lb 0.8303842544555664 min lb -2.2803425788879395
Number of Verified Splits: 7 of 464
Current worst splitting domains lb-rhs (depth):
-2.28034 (11), -2.25281 (11), -2.23866 (11), -2.23629 (11), -2.21617 (11), -2.19502 (11), -2.13222 (11), -2.12416 (11), -2.05651 (11), -2.04690 (11), -2.04003 (11), -2.02351 (11), -2.01639 (11), -1.99301 (11), -1.97394 (11), -1.97118 (11), -1.96635 (11), -1.95692 (11), -1.93818 (11), -1.89589 (11), 
Current (lb-rhs): -2.2803425788879395
1648 domains visited
Length of domains: 457
Cumulative time: 2.001917839050293

BaB round 8
batch: 457
splitting decisions: 
split level 0: [/input, 4382] [/input, 3626] [/input, 4382] [/input, 3626] [/input, 5978] [/input, 4382] [/input, 2534] [/26, 2532] [/input, 2678] [/input, 4382] 
best_l after optimization: -720.076416015625
beta sum per layer: [1410.90625, 80.27098083496094, 785.2508544921875]
alpha/beta optimization time: 0.15356159210205078
pruning_in_iteration open status: False
ratio of positive domain = 22 / 914 = 0.024070021881838044
pruning-in-iteration extra time: 7.319450378417969e-05
Time: get_branching_decision.update_bounds 0.0301    pickout 0.0403    branching_decision 0.0002    decision 0.0002    set_bounds 0.0210    prepare 0.0211    transfer 0.0001    finalize 0.0435    func 0.3301    solve 0.2308    add 0.0045    bab_iteration 0.2655    
Accumulated time: get_branching_decision.update_bounds 0.0301    bab_iteration 1.8630    pickout 0.1291    decision 0.0010    branching_decision 0.0009    set_bounds 0.0626    solve 1.5256    func 1.8554    prepare 0.0553    transfer 0.0004    finalize 0.1311    add 0.1942    
max lb 0.37119853496551514 min lb -2.2795004844665527
Number of Verified Splits: 23 of 914
Current worst splitting domains lb-rhs (depth):
-2.27950 (12), -2.25082 (12), -2.24922 (12), -2.23625 (12), -2.23461 (12), -2.23296 (12), -2.23090 (12), -2.21243 (12), -2.21153 (12), -2.19585 (12), -2.19347 (12), -2.12154 (12), -2.10993 (12), -2.04256 (12), -2.03716 (12), -2.01523 (12), -2.01328 (12), -2.00780 (12), -1.99145 (12), -1.99013 (12), 
Current (lb-rhs): -2.2795004844665527
2562 domains visited
Length of domains: 891
Cumulative time: 2.4006831645965576

BaB round 9
batch: 891
splitting decisions: 
split level 0: [/input, 5978] [/input, 4382] [/input, 2592] [/input, 4382] [/input, 4382] [/input, 2848] [/input, 2867] [/input, 2533] [/input, 3541] [/input, 2592] 
best_l after optimization: -1380.1839599609375
beta sum per layer: [3506.2568359375, 272.368408203125, 1506.22802734375]
alpha/beta optimization time: 0.27938055992126465
pruning_in_iteration open status: False
ratio of positive domain = 39 / 1782 = 0.02188552188552184
pruning-in-iteration extra time: 5.7220458984375e-05
Time: get_branching_decision.update_bounds 0.0301    pickout 0.0783    branching_decision 0.0004    decision 0.0004    set_bounds 0.0398    prepare 0.0412    transfer 0.0001    finalize 0.0768    func 0.6093    solve 0.3301    add 0.0068    bab_iteration 0.3988    
Accumulated time: get_branching_decision.update_bounds 0.0301    bab_iteration 2.2618    pickout 0.2074    decision 0.0015    branching_decision 0.0013    set_bounds 0.1023    solve 1.8557    func 2.4647    prepare 0.0965    transfer 0.0004    finalize 0.2080    add 0.2010    
max lb 0.05311095714569092 min lb -2.278411388397217
Number of Verified Splits: 42 of 1782
Current worst splitting domains lb-rhs (depth):
-2.27841 (13), -2.24946 (13), -2.24793 (13), -2.23470 (13), -2.23316 (13), -2.23210 (13), -2.23119 (13), -2.23095 (13), -2.22998 (13), -2.22724 (13), -2.22088 (13), -2.21951 (13), -2.21834 (13), -2.20961 (13), -2.20804 (13), -2.19876 (13), -2.19713 (13), -2.19164 (13), -2.18720 (13), -2.13410 (13), 
Current (lb-rhs): -2.278411388397217
4344 domains visited
Length of domains: 1740
Cumulative time: 3.141928195953369

BaB round 10
batch: 1740
splitting decisions: 
split level 0: [/input, 4411] [/input, 2848] [/input, 4411] [/input, 5109] [/input, 2592] [/input, 3626] [/input, 2667] [/input, 4382] [/input, 2791] [/input, 2667] 
best_l after optimization: -2649.091552734375
beta sum per layer: [8290.513671875, 790.8331909179688, 2914.5400390625]
alpha/beta optimization time: 0.6023654937744141
pruning_in_iteration open status: False
ratio of positive domain = 48 / 3480 = 0.01379310344827589
pruning-in-iteration extra time: 5.4836273193359375e-05
Time: get_branching_decision.update_bounds 0.0301    pickout 0.1529    branching_decision 0.0008    decision 0.0009    set_bounds 0.0766    prepare 0.0824    transfer 0.0001    finalize 0.1499    func 1.3857    solve 0.6094    add 0.0128    bab_iteration 0.7412    
Accumulated time: get_branching_decision.update_bounds 0.0301    bab_iteration 3.0030    pickout 0.3603    decision 0.0024    branching_decision 0.0021    set_bounds 0.1789    solve 2.4651    func 3.8504    prepare 0.1789    transfer 0.0005    finalize 0.3579    add 0.2138    
max lb 0.06167304515838623 min lb -2.2773494720458984
Number of Verified Splits: 51 of 3480
Current worst splitting domains lb-rhs (depth):
-2.27735 (14), -2.24698 (14), -2.24549 (14), -2.23989 (14), -2.23871 (14), -2.23207 (14), -2.23085 (14), -2.23081 (14), -2.22925 (14), -2.22893 (14), -2.22760 (14), -2.22728 (14), -2.22619 (14), -2.22545 (14), -2.22418 (14), -2.21902 (14), -2.21886 (14), -2.21793 (14), -2.21780 (14), -2.21716 (14), 
Current (lb-rhs): -2.2773494720458984
7824 domains visited
Length of domains: 3429
Cumulative time: 4.779948949813843

BaB round 11
batch: 2048
splitting decisions: 
split level 0: [/input, 4382] [/input, 4897] [/26, 543] [/input, 4445] [/input, 3355] [/input, 2592] [/input, 4435] [/input, 2592] [/26, 3265] [/input, 4382] 
best_l after optimization: -2963.900390625
beta sum per layer: [12134.951171875, 1681.392578125, 3372.592041015625]
alpha/beta optimization time: 0.7149753570556641
pruning_in_iteration open status: False
ratio of positive domain = 55 / 4096 = 0.013427734375
pruning-in-iteration extra time: 8.368492126464844e-05
Time: get_branching_decision.update_bounds 0.0301    pickout 0.1828    branching_decision 0.0007    decision 0.0007    set_bounds 0.0886    prepare 0.0994    transfer 0.0001    finalize 0.1695    func 1.6324    solve 1.3857    add 0.0211    bab_iteration 1.6380    
Accumulated time: get_branching_decision.update_bounds 0.0301    bab_iteration 4.6411    pickout 0.5431    decision 0.0031    branching_decision 0.0029    set_bounds 0.2675    solve 3.8508    func 5.4828    prepare 0.2783    transfer 0.0006    finalize 0.5274    add 0.2348    
max lb 0.060724735260009766 min lb -2.246161699295044
Number of Verified Splits: 59 of 4096
Current worst splitting domains lb-rhs (depth):
-2.27735 (14), -2.24616 (15), -2.24469 (15), -2.23989 (14), -2.23871 (14), -2.23118 (15), -2.23085 (14), -2.22983 (15), -2.22925 (14), -2.22893 (14), -2.22760 (14), -2.22728 (14), -2.22619 (14), -2.22545 (14), -2.22294 (15), -2.22211 (15), -2.22098 (15), -2.21886 (14), -2.21762 (15), -2.21716 (14), 
Current (lb-rhs): -2.2773494720458984
11920 domains visited
Length of domains: 5418
current_vram/total_varm: 18.3GB/47.7GB, batch_size increase to 4096
Cumulative time: 6.7186119556427

BaB round 12
batch: 4096
splitting decisions: 
split level 0: [/input, 2592] [/input, 2584] [/input, 5978] [/input, 3626] [/input, 4347] [/input, 2621] [/input, 3044] [/input, 5944] [/input, 2621] [/input, 2592] 
best_l after optimization: -5701.4853515625
beta sum per layer: [26722.3984375, 4907.1396484375, 6726.57080078125]
alpha/beta optimization time: 1.4303936958312988
pruning_in_iteration open status: False
ratio of positive domain = 151 / 8192 = 0.0184326171875
pruning-in-iteration extra time: 5.984306335449219e-05
Time: get_branching_decision.update_bounds 0.0301    pickout 0.3677    branching_decision 0.0012    decision 0.0013    set_bounds 0.3347    prepare 0.2090    transfer 0.0001    finalize 0.5625    func 3.1306    solve 1.6325    add 0.0328    bab_iteration 1.9387    
Accumulated time: get_branching_decision.update_bounds 0.0301    bab_iteration 6.5797    pickout 0.9108    decision 0.0043    branching_decision 0.0041    set_bounds 0.6022    solve 5.4833    func 8.6134    prepare 0.4873    transfer 0.0007    finalize 1.0899    add 0.2676    
max lb 0.09827625751495361 min lb -2.2449657917022705
Number of Verified Splits: 158 of 8192
Current worst splitting domains lb-rhs (depth):
-2.27735 (14), -2.24497 (16), -2.24352 (16), -2.23989 (14), -2.23871 (14), -2.23790 (16), -2.23649 (16), -2.23085 (14), -2.22999 (16), -2.22893 (14), -2.22866 (16), -2.22808 (15), -2.22728 (14), -2.22646 (15), -2.22619 (14), -2.22545 (14), -2.22327 (16), -2.22216 (16), -2.22178 (16), -2.22111 (15), 
Current (lb-rhs): -2.2773494720458984
20112 domains visited
Length of domains: 9356
Cumulative time: 10.609797477722168

BaB round 13
batch: 4096
splitting decisions: 
split level 0: [/input, 4408] [/26, 3671] [/input, 3354] [/input, 4435] [/26, 3264] [/input, 3432] [/input, 2808] [/input, 2848] [/input, 2751] [/input, 5865] 
best_l after optimization: -5288.052734375
beta sum per layer: [30826.4609375, 8417.5595703125, 6588.95166015625]
alpha/beta optimization time: 1.4303197860717773
pruning_in_iteration open status: False
ratio of positive domain = 229 / 8192 = 0.0279541015625
pruning-in-iteration extra time: 7.867813110351562e-05
Time: get_branching_decision.update_bounds 0.0301    pickout 0.3776    branching_decision 0.0012    decision 0.0013    set_bounds 0.1691    prepare 0.2130    transfer 0.0001    finalize 0.3900    func 3.3485    solve 3.1307    add 0.0540    bab_iteration 3.8912    
Accumulated time: get_branching_decision.update_bounds 0.0301    bab_iteration 10.4709    pickout 1.2884    decision 0.0056    branching_decision 0.0053    set_bounds 0.7713    solve 8.6140    func 11.9619    prepare 0.7002    transfer 0.0008    finalize 1.4799    add 0.3216    
max lb 0.09134924411773682 min lb -2.235738754272461
Number of Verified Splits: 237 of 8192
Current worst splitting domains lb-rhs (depth):
-2.27735 (14), -2.24497 (16), -2.24352 (16), -2.23989 (14), -2.23871 (14), -2.23574 (17), -2.23423 (17), -2.23085 (14), -2.22999 (16), -2.22893 (14), -2.22866 (16), -2.22808 (15), -2.22728 (14), -2.22646 (15), -2.22619 (14), -2.22545 (14), -2.22216 (16), -2.22079 (17), -2.22038 (16), -2.21924 (17), 
Current (lb-rhs): -2.2773494720458984
28304 domains visited
Length of domains: 13215
Cumulative time: 14.552496194839478

BaB round 14
batch: 4096
splitting decisions: 
split level 0: [/input, 6005] [/input, 4436] [/input, 4408] [/input, 4436] [/input, 6005] [/input, 6005] [/input, 2621] [/input, 2678] [/input, 3015] [/input, 4319] 
best_l after optimization: -4903.7041015625
beta sum per layer: [35805.1015625, 11898.890625, 6443.52587890625]
alpha/beta optimization time: 1.4318337440490723
pruning_in_iteration open status: False
ratio of positive domain = 268 / 8192 = 0.03271484375
pruning-in-iteration extra time: 6.771087646484375e-05
Time: get_branching_decision.update_bounds 0.0301    pickout 0.3893    branching_decision 0.0011    decision 0.0011    set_bounds 0.1760    prepare 0.2148    transfer 0.0001    finalize 0.3918    func 3.2067    solve 3.3486    add 0.0434    bab_iteration 3.9427    
Accumulated time: get_branching_decision.update_bounds 0.0301    bab_iteration 14.4136    pickout 1.6777    decision 0.0067    branching_decision 0.0064    set_bounds 0.9473    solve 11.9625    func 15.1686    prepare 0.9151    transfer 0.0009    finalize 1.8717    add 0.3650    
max lb 0.8000017404556274 min lb -2.1984403133392334
Number of Verified Splits: 282 of 8192
Current worst splitting domains lb-rhs (depth):
-2.27735 (14), -2.24497 (16), -2.24352 (16), -2.23989 (14), -2.23871 (14), -2.23574 (17), -2.23423 (17), -2.23085 (14), -2.22999 (16), -2.22893 (14), -2.22866 (16), -2.22808 (15), -2.22728 (14), -2.22646 (15), -2.22619 (14), -2.22545 (14), -2.22216 (16), -2.22079 (17), -2.22038 (16), -2.21924 (17), 
Current (lb-rhs): -2.2773494720458984
36496 domains visited
Length of domains: 17029
Cumulative time: 18.393762350082397

BaB round 15
batch: 4096
splitting decisions: 
split level 0: [/input, 2751] [/input, 4924] [/26, 2229] [/input, 2837] [/input, 3410] [/input, 2723] [/input, 4923] [/input, 2751] [/input, 3329] [/26, 3181] 
best_l after optimization: -4526.984375
beta sum per layer: [41902.9375, 15199.552734375, 6189.689453125]
alpha/beta optimization time: 1.4314115047454834
pruning_in_iteration open status: False
ratio of positive domain = 280 / 8192 = 0.0341796875
pruning-in-iteration extra time: 6.723403930664062e-05
Time: get_branching_decision.update_bounds 0.0301    pickout 0.3853    branching_decision 0.0011    decision 0.0011    set_bounds 0.4097    prepare 0.2154    transfer 0.0001    finalize 0.3929    func 3.1945    solve 3.2067    add 0.0652    bab_iteration 3.8413    
Accumulated time: get_branching_decision.update_bounds 0.0301    bab_iteration 18.2549    pickout 2.0630    decision 0.0078    branching_decision 0.0075    set_bounds 1.3571    solve 15.1693    func 18.3631    prepare 1.1305    transfer 0.0010    finalize 2.2646    add 0.4302    
max lb 0.06117016077041626 min lb -2.1919023990631104
Number of Verified Splits: 295 of 8192
Current worst splitting domains lb-rhs (depth):
-2.27735 (14), -2.24497 (16), -2.24352 (16), -2.23989 (14), -2.23871 (14), -2.23574 (17), -2.23423 (17), -2.23085 (14), -2.22999 (16), -2.22893 (14), -2.22866 (16), -2.22808 (15), -2.22728 (14), -2.22646 (15), -2.22619 (14), -2.22545 (14), -2.22216 (16), -2.22079 (17), -2.22038 (16), -2.21924 (17), 
Current (lb-rhs): -2.2773494720458984
44688 domains visited
Length of domains: 20830
Cumulative time: 22.432525396347046

BaB round 16
batch: 4096
splitting decisions: 
split level 0: [/input, 2751] [/input, 3356] [/input, 5184] [/input, 2751] [/input, 4831] [/input, 3383] [/26, 2229] [/input, 4388] [/input, 3356] [/input, 5184] 
best_l after optimization: -4146.52392578125
beta sum per layer: [48157.421875, 17655.13671875, 5931.828125]
alpha/beta optimization time: 1.4313030242919922
pruning_in_iteration open status: False
ratio of positive domain = 502 / 8192 = 0.061279296875
pruning-in-iteration extra time: 7.963180541992188e-05
Time: get_branching_decision.update_bounds 0.0301    pickout 0.3878    branching_decision 0.0011    decision 0.0011    set_bounds 0.1802    prepare 0.2184    transfer 0.0001    finalize 0.3892    func 3.1855    solve 3.1945    add 0.0449    bab_iteration 4.0388    
Accumulated time: get_branching_decision.update_bounds 0.0301    bab_iteration 22.2936    pickout 2.4508    decision 0.0089    branching_decision 0.0086    set_bounds 1.5373    solve 18.3638    func 21.5486    prepare 1.3489    transfer 0.0011    finalize 2.6538    add 0.4751    
max lb 0.08751916885375977 min lb -2.156360387802124
Number of Verified Splits: 511 of 8192
Current worst splitting domains lb-rhs (depth):
-2.27735 (14), -2.24497 (16), -2.24352 (16), -2.23989 (14), -2.23871 (14), -2.23574 (17), -2.23423 (17), -2.23085 (14), -2.22999 (16), -2.22893 (14), -2.22866 (16), -2.22808 (15), -2.22728 (14), -2.22646 (15), -2.22619 (14), -2.22545 (14), -2.22216 (16), -2.22079 (17), -2.22038 (16), -2.21924 (17), 
Current (lb-rhs): -2.2773494720458984
52880 domains visited
Length of domains: 24415
Cumulative time: 26.234167337417603

BaB round 17
batch: 4096
splitting decisions: 
split level 0: [/input, 4950] [/input, 4408] [/input, 4497] [/input, 5184] [/input, 266] [/input, 4748] [/input, 3643] [/26, 3326] [/26, 1698] [/26, 3263] 
best_l after optimization: -3926.434814453125
beta sum per layer: [55664.84765625, 20626.775390625, 5403.80859375]
alpha/beta optimization time: 1.4309210777282715
pruning_in_iteration open status: False
ratio of positive domain = 831 / 8192 = 0.1014404296875
pruning-in-iteration extra time: 5.8650970458984375e-05
Time: get_branching_decision.update_bounds 0.0301    pickout 0.3949    branching_decision 0.0011    decision 0.0011    set_bounds 0.1819    prepare 0.2175    transfer 0.0001    finalize 0.3709    func 3.1458    solve 3.1856    add 0.0434    bab_iteration 3.8016    
Accumulated time: get_branching_decision.update_bounds 0.0301    bab_iteration 26.0952    pickout 2.8457    decision 0.0100    branching_decision 0.0097    set_bounds 1.7192    solve 21.5493    func 24.6945    prepare 1.5664    transfer 0.0012    finalize 3.0247    add 0.5185    
max lb 0.08761310577392578 min lb -2.0678250789642334
Number of Verified Splits: 844 of 8192
Current worst splitting domains lb-rhs (depth):
-2.27735 (14), -2.24497 (16), -2.24352 (16), -2.23989 (14), -2.23871 (14), -2.23574 (17), -2.23423 (17), -2.23085 (14), -2.22999 (16), -2.22893 (14), -2.22866 (16), -2.22808 (15), -2.22728 (14), -2.22646 (15), -2.22619 (14), -2.22545 (14), -2.22216 (16), -2.22079 (17), -2.22038 (16), -2.21924 (17), 
Current (lb-rhs): -2.2773494720458984
61072 domains visited
Length of domains: 27667
Cumulative time: 30.005109071731567

BaB round 18
batch: 4096
splitting decisions: 
split level 0: [/input, 3354] [/input, 3356] [/input, 3643] [/26, 3671] [/input, 3298] [/input, 3291] [/input, 3409] [/input, 5865] [/input, 3643] [/input, 3291] 
best_l after optimization: -3940.57177734375
beta sum per layer: [60668.2578125, 23320.984375, 4798.9501953125]
alpha/beta optimization time: 1.4321584701538086
pruning_in_iteration open status: False
ratio of positive domain = 869 / 8192 = 0.1060791015625
pruning-in-iteration extra time: 7.843971252441406e-05
Time: get_branching_decision.update_bounds 0.0301    pickout 0.3962    branching_decision 0.0012    decision 0.0012    set_bounds 0.4731    prepare 0.2178    transfer 0.0001    finalize 0.3595    func 2.8557    solve 3.1459    add 0.0432    bab_iteration 3.7709    
Accumulated time: get_branching_decision.update_bounds 0.0301    bab_iteration 29.8662    pickout 3.2419    decision 0.0112    branching_decision 0.0108    set_bounds 2.1923    solve 24.6952    func 27.5502    prepare 1.7842    transfer 0.0013    finalize 3.3842    add 0.5617    
max lb 0.10676288604736328 min lb -2.061842918395996
Number of Verified Splits: 876 of 8192
Current worst splitting domains lb-rhs (depth):
-2.27735 (14), -2.24497 (16), -2.24352 (16), -2.23989 (14), -2.23871 (14), -2.23574 (17), -2.23423 (17), -2.23085 (14), -2.22999 (16), -2.22893 (14), -2.22866 (16), -2.22808 (15), -2.22728 (14), -2.22646 (15), -2.22619 (14), -2.22545 (14), -2.22216 (16), -2.22079 (17), -2.22038 (16), -2.21924 (17), 
Current (lb-rhs): -2.2773494720458984
69264 domains visited
Length of domains: 30887
Cumulative time: 33.778486251831055

BaB round 19
batch: 4096
splitting decisions: 
split level 0: [/input, 266] [/input, 3644] [/input, 5079] [/input, 4832] [/input, 5109] [/input, 5109] [/input, 5109] [/input, 6005] [/input, 4411] [/input, 4331] 
best_l after optimization: -3984.7431640625
beta sum per layer: [64925.953125, 25525.9609375, 4617.41162109375]
alpha/beta optimization time: 1.431429386138916
pruning_in_iteration open status: False
ratio of positive domain = 517 / 8192 = 0.0631103515625
pruning-in-iteration extra time: 6.031990051269531e-05
Time: get_branching_decision.update_bounds 0.0301    pickout 0.7026    branching_decision 0.0011    decision 0.0012    set_bounds 0.1824    prepare 0.2172    transfer 0.0001    finalize 0.3762    func 2.9090    solve 2.8557    add 0.0430    bab_iteration 3.7734    
Accumulated time: get_branching_decision.update_bounds 0.0301    bab_iteration 33.6396    pickout 3.9445    decision 0.0124    branching_decision 0.0120    set_bounds 2.3747    solve 27.5510    func 30.4592    prepare 2.0015    transfer 0.0013    finalize 3.7604    add 0.6047    
max lb 0.13010215759277344 min lb -1.9795063734054565
Number of Verified Splits: 525 of 8192
Current worst splitting domains lb-rhs (depth):
-2.27735 (14), -2.24497 (16), -2.24352 (16), -2.23989 (14), -2.23871 (14), -2.23574 (17), -2.23423 (17), -2.23085 (14), -2.22999 (16), -2.22893 (14), -2.22866 (16), -2.22808 (15), -2.22728 (14), -2.22646 (15), -2.22619 (14), -2.22545 (14), -2.22216 (16), -2.22079 (17), -2.22038 (16), -2.21924 (17), 
Current (lb-rhs): -2.2773494720458984
77456 domains visited
Length of domains: 34458
Cumulative time: 37.670571088790894

BaB round 20
batch: 4096
splitting decisions: 
split level 0: [/input, 3264] [/input, 3355] [/26, 3671] [/input, 3671] [/input, 3264] [/input, 3382] [/input, 4896] [/26, 544] [/input, 3671] [/input, 3299] 
best_l after optimization: -3692.607177734375
beta sum per layer: [71527.609375, 28877.8203125, 4546.75390625]
alpha/beta optimization time: 1.431384563446045
pruning_in_iteration open status: False
ratio of positive domain = 867 / 8192 = 0.1058349609375
pruning-in-iteration extra time: 5.793571472167969e-05
Time: get_branching_decision.update_bounds 0.0301    pickout 0.7283    branching_decision 0.0012    decision 0.0012    set_bounds 0.1833    prepare 0.2177    transfer 0.0001    finalize 0.3702    func 2.8801    solve 2.9091    add 0.0927    bab_iteration 3.8921    
Accumulated time: get_branching_decision.update_bounds 0.0301    bab_iteration 37.5316    pickout 4.6728    decision 0.0136    branching_decision 0.0131    set_bounds 2.5580    solve 30.4600    func 33.3392    prepare 2.2192    transfer 0.0014    finalize 4.1306    add 0.6974    
max lb 0.08524608612060547 min lb -1.949955701828003
Number of Verified Splits: 870 of 8192
Current worst splitting domains lb-rhs (depth):
-2.27735 (14), -2.24497 (16), -2.24352 (16), -2.23989 (14), -2.23871 (14), -2.23574 (17), -2.23423 (17), -2.23085 (14), -2.22999 (16), -2.22893 (14), -2.22866 (16), -2.22808 (15), -2.22728 (14), -2.22646 (15), -2.22619 (14), -2.22545 (14), -2.22216 (16), -2.22079 (17), -2.22038 (16), -2.21924 (17), 
Current (lb-rhs): -2.2773494720458984
85648 domains visited
Length of domains: 37684
Cumulative time: 41.85781645774841

BaB round 21
batch: 4096
splitting decisions: 
split level 0: [/input, 4949] [/input, 2837] [/input, 3643] [/input, 3326] [/input, 4497] [/input, 4949] [/input, 3325] [/input, 3643] [/input, 4921] [/input, 4805] 
best_l after optimization: -3676.14501953125
beta sum per layer: [80314.171875, 31402.49609375, 4565.06103515625]
alpha/beta optimization time: 1.4329490661621094
pruning_in_iteration open status: False
ratio of positive domain = 932 / 8192 = 0.11376953125
pruning-in-iteration extra time: 6.604194641113281e-05
Time: get_branching_decision.update_bounds 0.0301    pickout 0.4025    branching_decision 0.0011    decision 0.0011    set_bounds 0.1828    prepare 0.2180    transfer 0.0001    finalize 0.3842    func 2.8831    solve 2.8801    add 0.3894    bab_iteration 4.1872    
Accumulated time: get_branching_decision.update_bounds 0.0301    bab_iteration 41.7189    pickout 5.0753    decision 0.0147    branching_decision 0.0142    set_bounds 2.7407    solve 33.3402    func 36.2224    prepare 2.4372    transfer 0.0015    finalize 4.5148    add 1.0868    
max lb 0.10312223434448242 min lb -1.9480507373809814
Number of Verified Splits: 935 of 8192
Current worst splitting domains lb-rhs (depth):
-2.27735 (14), -2.24497 (16), -2.24352 (16), -2.23989 (14), -2.23871 (14), -2.23574 (17), -2.23423 (17), -2.23085 (14), -2.22999 (16), -2.22893 (14), -2.22866 (16), -2.22808 (15), -2.22728 (14), -2.22646 (15), -2.22619 (14), -2.22545 (14), -2.22216 (16), -2.22079 (17), -2.22038 (16), -2.21924 (17), 
Current (lb-rhs): -2.2773494720458984
93840 domains visited
Length of domains: 40845
Cumulative time: 45.7618248462677

BaB round 22
batch: 4096
splitting decisions: 
split level 0: [/input, 5275] [/26, 591] [/input, 6003] [/input, 3264] [/input, 3383] [/input, 4921] [/input, 5275] [/input, 4805] [/input, 3264] [/input, 3383] 
best_l after optimization: -3680.531005859375
beta sum per layer: [87565.15625, 33029.734375, 4654.3271484375]
alpha/beta optimization time: 1.432978868484497
pruning_in_iteration open status: False
ratio of positive domain = 1163 / 8192 = 0.1419677734375
pruning-in-iteration extra time: 8.463859558105469e-05
Time: get_branching_decision.update_bounds 0.0301    pickout 0.4048    branching_decision 0.0011    decision 0.0011    set_bounds 0.1810    prepare 0.2182    transfer 0.0001    finalize 0.3776    func 2.8560    solve 2.8832    add 0.4294    bab_iteration 3.9040    
Accumulated time: get_branching_decision.update_bounds 0.0301    bab_iteration 45.6229    pickout 5.4801    decision 0.0158    branching_decision 0.0153    set_bounds 2.9217    solve 36.2234    func 39.0784    prepare 2.6555    transfer 0.0016    finalize 4.8924    add 1.5162    
max lb 0.11523127555847168 min lb -1.8989664316177368
Number of Verified Splits: 1167 of 8192
Current worst splitting domains lb-rhs (depth):
-2.27735 (14), -2.24497 (16), -2.24352 (16), -2.23989 (14), -2.23871 (14), -2.23574 (17), -2.23423 (17), -2.23085 (14), -2.22999 (16), -2.22893 (14), -2.22866 (16), -2.22808 (15), -2.22728 (14), -2.22646 (15), -2.22619 (14), -2.22545 (14), -2.22216 (16), -2.22079 (17), -2.22038 (16), -2.21924 (17), 
Current (lb-rhs): -2.2773494720458984
102032 domains visited
Length of domains: 43774
Cumulative time: 49.25556755065918

BaB round 23
batch: 4096
splitting decisions: 
split level 0: [/input, 5249] [/26, 2560] [/input, 2667] [/input, 237] [/input, 2621] [/input, 4383] [/input, 1217] [/26, 2113] [/26, 2086] [/input, 4180] 
best_l after optimization: -3833.91796875
beta sum per layer: [90333.09375, 32153.84765625, 4569.341796875]
alpha/beta optimization time: 1.432544469833374
pruning_in_iteration open status: False
ratio of positive domain = 932 / 8192 = 0.11376953125
pruning-in-iteration extra time: 8.535385131835938e-05
Time: get_branching_decision.update_bounds 0.0301    pickout 0.8086    branching_decision 0.0011    decision 0.0011    set_bounds 0.1832    prepare 0.2198    transfer 0.0001    finalize 0.3850    func 2.8895    solve 2.8561    add 0.0455    bab_iteration 3.4937    
Accumulated time: get_branching_decision.update_bounds 0.0301    bab_iteration 49.1166    pickout 6.2886    decision 0.0169    branching_decision 0.0164    set_bounds 3.1048    solve 39.0794    func 41.9679    prepare 2.8753    transfer 0.0017    finalize 5.2774    add 1.5617    
max lb 0.12275505065917969 min lb -1.8835724592208862
Number of Verified Splits: 943 of 8192
Current worst splitting domains lb-rhs (depth):
-2.27735 (14), -2.24497 (16), -2.24352 (16), -2.23989 (14), -2.23871 (14), -2.23574 (17), -2.23423 (17), -2.23085 (14), -2.22999 (16), -2.22893 (14), -2.22866 (16), -2.22808 (15), -2.22728 (14), -2.22646 (15), -2.22619 (14), -2.22545 (14), -2.22216 (16), -2.22079 (17), -2.22038 (16), -2.21924 (17), 
Current (lb-rhs): -2.2773494720458984
110224 domains visited
Length of domains: 46927
Cumulative time: 53.187182664871216

BaB round 24
batch: 4096
splitting decisions: 
split level 0: [/26, 3269] [/input, 3210] [/input, 4319] [/input, 4893] [/26, 544] [/input, 3383] [/26, 2696] [/input, 266] [/input, 551] [/input, 5195] 
best_l after optimization: -3845.45263671875
beta sum per layer: [93320.640625, 33021.89453125, 4226.1201171875]
alpha/beta optimization time: 1.4312775135040283
pruning_in_iteration open status: False
ratio of positive domain = 1007 / 8192 = 0.1229248046875
pruning-in-iteration extra time: 7.796287536621094e-05
Time: get_branching_decision.update_bounds 0.0301    pickout 0.8195    branching_decision 0.0011    decision 0.0011    set_bounds 0.1831    prepare 0.2194    transfer 0.0001    finalize 0.3779    func 2.8683    solve 2.8896    add 0.0436    bab_iteration 3.9316    
Accumulated time: get_branching_decision.update_bounds 0.0301    bab_iteration 53.0482    pickout 7.1081    decision 0.0180    branching_decision 0.0175    set_bounds 3.2879    solve 41.9690    func 44.8362    prepare 3.0947    transfer 0.0018    finalize 5.6553    add 1.6054    
max lb 0.13234829902648926 min lb -1.8271405696868896
Number of Verified Splits: 1013 of 8192
Current worst splitting domains lb-rhs (depth):
-2.27735 (14), -2.24497 (16), -2.24352 (16), -2.23989 (14), -2.23871 (14), -2.23574 (17), -2.23423 (17), -2.23085 (14), -2.22999 (16), -2.22893 (14), -2.22866 (16), -2.22808 (15), -2.22728 (14), -2.22646 (15), -2.22619 (14), -2.22545 (14), -2.22216 (16), -2.22079 (17), -2.22038 (16), -2.21924 (17), 
Current (lb-rhs): -2.2773494720458984
118416 domains visited
Length of domains: 50010
Time out!!!!!!!!
Result: unknown in 62.7149 seconds

 %%%%%%%%%%%%%%%%%%%%%%%%%%%%%%%%%%% idx: 8, vnnlib ID: 8 %%%%%%%%%%%%%%%%%%%%%%%%%%%%%%%%%%%
Finished vnnlib processing in 0.001659 seconds
Model: BoundedModule(
  (/input-1): BoundInput(name=/input-1, inputs=[], perturbed=True)
  (/shape): BoundBuffers(name=/shape, inputs=[], perturbed=False)
  (/12): BoundParams(name=/12, inputs=[], perturbed=False)
  (/13): BoundParams(name=/13, inputs=[], perturbed=False)
  (/14): BoundParams(name=/14, inputs=[], perturbed=False)
  (/15): BoundParams(name=/15, inputs=[], perturbed=False)
  (/16): BoundParams(name=/16, inputs=[], perturbed=False)
  (/17): BoundParams(name=/17, inputs=[], perturbed=False)
  (/18): BoundParams(name=/18, inputs=[], perturbed=False)
  (/19): BoundParams(name=/19, inputs=[], perturbed=False)
  (/20): BoundParams(name=/20, inputs=[], perturbed=False)
  (/21): BoundParams(name=/21, inputs=[], perturbed=False)
  (/input): BoundConv(name=/input, inputs=[/input-1, /12, /13], perturbed=True)
  (/input-4): BoundRelu(name=/input-4, inputs=[/input], perturbed=True)
  (/24): BoundConv(name=/24, inputs=[/input-4, /14, /15], perturbed=True)
  (/25): BoundConv(name=/25, inputs=[/input-4, /16, /17], perturbed=True)
  (/26): BoundAdd(name=/26, inputs=[/24, /25], perturbed=True)
  (/27): BoundRelu(name=/27, inputs=[/26], perturbed=True)
  (/28): BoundSplit(name=/28, inputs=[/shape], perturbed=False)
  (/29): BoundSplit(name=/29, inputs=[/shape], perturbed=False)
  (/30): BoundConstant(name=/30, value=tensor([0], device='cuda:0'))
  (/31): BoundSqueeze(name=/31, inputs=[/28, /30], perturbed=False)
  (/32): BoundConstant(name=/32, value=tensor([0], device='cuda:0'))
  (/33): BoundSqueeze(name=/33, inputs=[/29, /32], perturbed=False)
  (/34): BoundConstant(name=/34, value=tensor([0], device='cuda:0'))
  (/35): BoundUnsqueeze(name=/35, inputs=[/31, /34], perturbed=False)
  (/36): BoundConstant(name=/36, value=tensor([0], device='cuda:0'))
  (/37): BoundUnsqueeze(name=/37, inputs=[/33, /36], perturbed=False)
  (/38): BoundConcat(name=/38, inputs=[/35, /37], perturbed=False)
  (/39): BoundReshape(name=/39, inputs=[/27, /38], perturbed=True)
  (/input-8): BoundLinear(name=/input-8, inputs=[/39, /18, /19], perturbed=True)
  (/41): BoundRelu(name=/41, inputs=[/input-8], perturbed=True)
  (/42): BoundLinear(name=/42, inputs=[/41, /20, /21], perturbed=True)
)
Original output in the first batch: tensor([[ 3.56452107, -4.44834280,  2.88382959, -6.23205280,  2.92965817,
          5.25511169,  5.56408167, -3.27116036,  1.51702487, -2.78414989]],
       device='cuda:0')
Split layers:
Nonlinear functions:
   BoundRelu(name=/input-4, inputs=[/input], perturbed=True)
   BoundRelu(name=/27, inputs=[/26], perturbed=True)
   BoundRelu(name=/41, inputs=[/input-8], perturbed=True)
build batch [1/1]
layer /input-4 using sparse-features alpha with shape [1441]; unstable size 1441; total size 6272 ([1, 8, 28, 28])
layer /input-4 start_node /26 using full alpha [2, 6272, 1, 1441] with unstable size None total_size 6272 output_shape torch.Size([8, 28, 28])
layer /input-4 start_node /input-8 using sparse-spec alpha [2, 5, 1, 1441] with unstable size 4 total_size 64 output_shape torch.Size([64])
layer /input-4 start_node /42 using full alpha [2, 9, 1, 1441] with unstable size None total_size 9 output_shape 9
layer /27 using sparse-features alpha with shape [1809]; unstable size 1809; total size 6272 ([1, 8, 28, 28])
layer /27 start_node /input-8 using sparse-spec alpha [2, 5, 1, 1809] with unstable size 4 total_size 64 output_shape torch.Size([64])
layer /27 start_node /42 using full alpha [2, 9, 1, 1809] with unstable size None total_size 9 output_shape 9
layer /41 using sparse-features alpha with shape [4]; unstable size 4; total size 64 ([1, 64])
layer /41 start_node /42 using full alpha [2, 9, 1, 4] with unstable size None total_size 9 output_shape 9
Optimizable variables initialized.
initial CROWN bounds (first 10 items): [-2.21598219871521, 4.966917991638184, -3.4298605918884277, 6.237771987915039, -2.4500250816345215, -6.100803375244141, 2.68212890625, -0.2567102909088135, 2.4668054580688477]
prune_after_crown optimization in use
  original spec size = torch.Size([1, 9])
  pruned spec size = torch.Size([1, 5])
Using alpha-CROWN to initialize bounds.
best_l after optimization: -13.33135986328125
alpha/beta optimization time: 4.924220323562622
initial alpha-crown bounds (first 10 items): [-2.023519992828369, -3.2245309352874756, -2.2305774688720703, -5.818866729736328, -0.033864736557006836]
Global lower bound: -5.818866729736328
4 / 9 OR specs are verified.
Verified OR indices (first 10 items): [1, 3, 6, 8]
Verified OR lbs (first 10 items): [[inf], [inf], [inf], [inf]]
Unverified OR indices (first 10 items): [0, 2, 4, 5, 7]
Unverified OR lbs (first 10 items): [[-2.023519992828369], [-3.2245309352874756], [-2.2305774688720703], [-5.818866729736328], [-0.033864736557006836]]
###### Verifying property Instance 8 ######
Batch size: 5
First 10 spec matrices
C: tensor([[[-1.,  0.,  0.,  0.,  0.,  1.,  0.,  0.,  0.,  0.]],

        [[ 0.,  0., -1.,  0.,  0.,  1.,  0.,  0.,  0.,  0.]],

        [[ 0.,  0.,  0.,  0., -1.,  1.,  0.,  0.,  0.,  0.]],

        [[ 0.,  0.,  0.,  0.,  0.,  1., -1.,  0.,  0.,  0.]],

        [[ 0.,  0.,  0.,  0.,  0.,  1.,  0.,  0., -1.,  0.]]], device='cuda:0')
RHS: tensor([[0.],
        [0.],
        [0.],
        [0.],
        [0.]], device='cuda:0')
OR spec sizes: tensor([1, 1, 1, 1, 1], device='cuda:0', dtype=torch.int32)
Remaining timeout: 54.664472818374634
Model prediction is: tensor([ 3.56452107, -4.44834280,  2.88382959, -6.23205280,  2.92965817,
         5.25511169,  5.56408167, -3.27116036,  1.51702487, -2.78414989],
       device='cuda:0')
Activation BaB batch 1/1 
build_with_refined_bounds batch [1/1]
Optimizable variables initialized.
all alpha initialized
directly get lb and ub from refined bounds
c shape: torch.Size([5, 1, 10])
lA shapes: [torch.Size([5, 1, 8, 28, 28]), torch.Size([5, 1, 8, 28, 28]), torch.Size([5, 1, 64])]
(alpha-)CROWN with fixed intermediate bounds: tensor([[-2.02351999],
        [-3.22453094],
        [-2.23057747],
        [-5.81886673],
        [-0.03386474]], device='cuda:0') tensor([[inf],
        [inf],
        [inf],
        [inf],
        [inf]], device='cuda:0')
Intermediate layers: /input,/26,/input-8
Keeping alphas for these layers: ['/42']
Node /input-4 input 0: size torch.Size([8, 28, 28]) unstable 1441
Node /27 input 0: size torch.Size([8, 28, 28]) unstable 1802
Node /41 input 0: size torch.Size([64]) unstable 3
-----------------
# of unstable neurons: 3246
-----------------

BaB round 1
batch: 5
splitting decisions: 
split level 0: [/input-8, 27] [/input-8, 57] [/input-8, 27] [/input-8, 57] [/input-8, 27] 
split level 1: [/input-8, 28] [/input-8, 27] [/input, 3600] [/input, 4461] [/input, 4327] 
split level 2: [/input-8, 57] [/input, 2697] [/input, 4328] [/input, 2601] [/input, 4326] 
split level 3: [/input, 4461] [/input, 2601] [/input, 4329] [/input, 3039] [/input, 2601] 
split level 4: [/input, 2601] [/input, 2670] [/input, 2601] [/input, 2622] [/input, 4325] 
best_l after optimization: -270.4731140136719
beta sum per layer: [127.04591369628906, 0.0, 53.205135345458984]
alpha/beta optimization time: 0.1649913787841797
pruning_in_iteration open status: True
ratio of positive domain = 44 / 160 = 0.275
pruning-in-iteration extra time: 0.004462003707885742
Time: get_branching_decision.update_bounds 0.0243    pickout 0.0013    branching_decision 0.0001    decision 0.0001    set_bounds 0.0087    prepare 0.0023    transfer 0.0000    finalize 0.0052    func 0.1996    
Accumulated time: get_branching_decision.update_bounds 0.0243    bab_iteration 0.0000    pickout 0.0013    decision 0.0001    branching_decision 0.0001    set_bounds 0.0087    solve 0.0000    func 0.1996    prepare 0.0023    transfer 0.0000    finalize 0.0052    
max lb 9.999999747378752e-05 min lb -5.740657806396484
Number of Verified Splits: 44 of 160
Current worst splitting domains lb-rhs (depth):
-5.74066 (5), -5.73607 (5), -5.68464 (5), -5.68005 (5), -5.66730 (5), -5.66271 (5), -5.64849 (5), -5.64396 (5), -5.61128 (5), -5.60669 (5), -5.59285 (5), -5.58826 (5), -5.57551 (5), -5.57092 (5), -5.51949 (5), -5.51490 (5), -4.41810 (5), -4.41757 (5), -4.36081 (5), -4.36028 (5), 
Current (lb-rhs): -5.740657806396484
160 domains visited
Length of domains: 116
Cumulative time: 0.28670549392700195

BaB round 2
batch: 116
splitting decisions: 
split level 0: [/input, 3597] [/input, 3599] [/input, 4023] [/input, 4461] [/input, 3599] [/input, 3239] [/input, 3597] [/input, 3599] [/input, 4023] [/input, 3595] 
best_l after optimization: -520.47705078125
beta sum per layer: [340.83978271484375, 0.0, 139.74551391601562]
alpha/beta optimization time: 0.13975095748901367
pruning_in_iteration open status: False
ratio of positive domain = 24 / 232 = 0.10344827586206895
pruning-in-iteration extra time: 5.459785461425781e-05
Time: get_branching_decision.update_bounds 0.0243    pickout 0.0114    branching_decision 0.0001    decision 0.0001    set_bounds 0.0056    prepare 0.0054    transfer 0.0001    finalize 0.0254    func 0.2361    solve 0.1997    add 0.0014    bab_iteration 0.2114    
Accumulated time: get_branching_decision.update_bounds 0.0243    bab_iteration 0.2114    pickout 0.0127    decision 0.0002    branching_decision 0.0002    set_bounds 0.0144    solve 0.1997    func 0.4357    prepare 0.0077    transfer 0.0001    finalize 0.0305    add 0.0014    
max lb 0.02137899398803711 min lb -5.736695766448975
Number of Verified Splits: 24 of 232
Current worst splitting domains lb-rhs (depth):
-5.73670 (6), -5.73195 (6), -5.72451 (6), -5.71976 (6), -5.67160 (6), -5.66694 (6), -5.65994 (6), -5.65519 (6), -5.64744 (6), -5.64324 (6), -5.64272 (6), -5.63857 (6), -5.63528 (6), -5.63115 (6), -5.63053 (6), -5.62638 (6), -5.58290 (6), -5.57833 (6), -5.57815 (6), -5.57367 (6), 
Current (lb-rhs): -5.736695766448975
392 domains visited
Length of domains: 208
Cumulative time: 0.6877422332763672

BaB round 3
batch: 208
splitting decisions: 
split level 0: [/input, 4326] [/input, 4327] [/input, 4490] [/input, 3574] [/input, 4023] [/input, 4326] [/input, 4327] [/input, 2583] [/input, 2600] [/input, 3574] 
best_l after optimization: -1024.7601318359375
beta sum per layer: [781.6192016601562, 6.250692844390869, 232.40475463867188]
alpha/beta optimization time: 0.14740419387817383
pruning_in_iteration open status: False
ratio of positive domain = 16 / 416 = 0.038461538461538436
pruning-in-iteration extra time: 7.367134094238281e-05
Time: get_branching_decision.update_bounds 0.0243    pickout 0.0411    branching_decision 0.0002    decision 0.0002    set_bounds 0.0101    prepare 0.0099    transfer 0.0001    finalize 0.0241    func 0.2830    solve 0.2361    add 0.1371    bab_iteration 0.4010    
Accumulated time: get_branching_decision.update_bounds 0.0243    bab_iteration 0.6124    pickout 0.0538    decision 0.0004    branching_decision 0.0003    set_bounds 0.0245    solve 0.4358    func 0.7187    prepare 0.0176    transfer 0.0001    finalize 0.0547    add 0.1385    
max lb 0.03601193428039551 min lb -5.734710216522217
Number of Verified Splits: 16 of 416
Current worst splitting domains lb-rhs (depth):
-5.73471 (7), -5.72998 (7), -5.72153 (7), -5.71761 (7), -5.71690 (7), -5.71373 (7), -5.71300 (7), -5.70907 (7), -5.66776 (7), -5.66296 (7), -5.65415 (7), -5.65126 (7), -5.64947 (7), -5.64658 (7), -5.64658 (7), -5.64193 (7), -5.64124 (7), -5.64021 (7), -5.63663 (7), -5.63542 (7), 
Current (lb-rhs): -5.734710216522217
808 domains visited
Length of domains: 400
Cumulative time: 1.0259699821472168

BaB round 4
batch: 400
splitting decisions: 
split level 0: [/input, 2610] [/input, 4326] [/input, 4073] [/input, 5925] [/input, 2586] [/input, 4327] [/input, 4326] [/input, 2586] [/input, 2755] [/input, 5925] 
best_l after optimization: -2009.3779296875
beta sum per layer: [1828.3603515625, 30.67611312866211, 449.041748046875]
alpha/beta optimization time: 0.15248656272888184
pruning_in_iteration open status: False
ratio of positive domain = 0 / 800 = 0.0
pruning-in-iteration extra time: 5.340576171875e-05
Time: get_branching_decision.update_bounds 0.0243    pickout 0.0355    branching_decision 0.0003    decision 0.0003    set_bounds 0.0206    prepare 0.0200    transfer 0.0002    finalize 0.0374    func 0.3140    solve 0.2830    add 0.0036    bab_iteration 0.3382    
Accumulated time: get_branching_decision.update_bounds 0.0243    bab_iteration 0.9506    pickout 0.0893    decision 0.0007    branching_decision 0.0006    set_bounds 0.0451    solve 0.7188    func 1.0327    prepare 0.0377    transfer 0.0003    finalize 0.0920    add 0.1420    
max lb -0.08928918838500977 min lb -5.733517169952393
Number of Verified Splits: 0 of 800
Current worst splitting domains lb-rhs (depth):
-5.73352 (8), -5.72880 (8), -5.72035 (8), -5.71611 (8), -5.71535 (8), -5.71255 (8), -5.71127 (8), -5.70770 (8), -5.68360 (8), -5.67895 (8), -5.67046 (8), -5.66662 (8), -5.66544 (8), -5.66486 (8), -5.66327 (8), -5.66169 (8), -5.65994 (8), -5.65830 (8), -5.65139 (8), -5.64833 (8), 
Current (lb-rhs): -5.733517169952393
1608 domains visited
Length of domains: 800
Cumulative time: 1.40385103225708

BaB round 5
batch: 800
splitting decisions: 
split level 0: [/input, 5921] [/input, 3597] [/input, 2692] [/input, 5897] [/input, 4490] [/input, 2610] [/input, 3597] [/input, 4293] [/input, 4461] [/input, 5897] 
best_l after optimization: -3950.777099609375
beta sum per layer: [4231.3740234375, 140.16087341308594, 926.8731689453125]
alpha/beta optimization time: 0.2528703212738037
pruning_in_iteration open status: False
ratio of positive domain = 0 / 1600 = 0.0
pruning-in-iteration extra time: 5.936622619628906e-05
Time: get_branching_decision.update_bounds 0.0243    pickout 0.0670    branching_decision 0.0005    decision 0.0005    set_bounds 0.0361    prepare 0.0379    transfer 0.0001    finalize 0.0706    func 0.5582    solve 0.3141    add 0.0071    bab_iteration 0.3779    
Accumulated time: get_branching_decision.update_bounds 0.0243    bab_iteration 1.3285    pickout 0.1563    decision 0.0012    branching_decision 0.0011    set_bounds 0.0811    solve 1.0329    func 1.5909    prepare 0.0756    transfer 0.0004    finalize 0.1626    add 0.1491    
max lb -0.01207876205444336 min lb -5.732327461242676
Number of Verified Splits: 0 of 1600
Current worst splitting domains lb-rhs (depth):
-5.73233 (9), -5.72754 (9), -5.71918 (9), -5.71492 (9), -5.71412 (9), -5.71146 (9), -5.70992 (9), -5.70828 (9), -5.70653 (9), -5.70436 (9), -5.69513 (9), -5.69104 (9), -5.69087 (9), -5.68794 (9), -5.68726 (9), -5.68433 (9), -5.68226 (9), -5.67743 (9), -5.66928 (9), -5.66512 (9), 
Current (lb-rhs): -5.732327461242676
3208 domains visited
Length of domains: 1600
Cumulative time: 2.0801470279693604

BaB round 6
batch: 1600
splitting decisions: 
split level 0: [/input, 4327] [/input, 4024] [/26, 3203] [/input, 4327] [/input, 247] [/input, 5921] [/input, 4024] [/26, 329] [/input, 2458] [/input, 4327] 
best_l after optimization: -7773.892578125
beta sum per layer: [9546.4375, 442.7035217285156, 1906.92919921875]
alpha/beta optimization time: 0.5504939556121826
pruning_in_iteration open status: False
ratio of positive domain = 19 / 3200 = 0.00593750000000004
pruning-in-iteration extra time: 6.318092346191406e-05
Time: get_branching_decision.update_bounds 0.0243    pickout 0.1361    branching_decision 0.0009    decision 0.0009    set_bounds 0.0736    prepare 0.0757    transfer 0.0001    finalize 0.1397    func 1.3189    solve 0.5582    add 0.0139    bab_iteration 0.6763    
Accumulated time: get_branching_decision.update_bounds 0.0243    bab_iteration 2.0048    pickout 0.2924    decision 0.0021    branching_decision 0.0020    set_bounds 0.1547    solve 1.5911    func 2.9098    prepare 0.1513    transfer 0.0005    finalize 0.3023    add 0.1630    
max lb 0.028929710388183594 min lb -5.7284111976623535
Number of Verified Splits: 19 of 3200
Current worst splitting domains lb-rhs (depth):
-5.72841 (10), -5.72612 (10), -5.72345 (10), -5.72118 (10), -5.71527 (10), -5.71331 (10), -5.71118 (10), -5.71015 (10), -5.70928 (10), -5.70813 (10), -5.70765 (10), -5.70614 (10), -5.70582 (10), -5.70424 (10), -5.70264 (10), -5.70234 (10), -5.70067 (10), -5.70006 (10), -5.69804 (10), -5.69574 (10), 
Current (lb-rhs): -5.7284111976623535
6408 domains visited
Length of domains: 3181
Cumulative time: 3.631284236907959

BaB round 7
batch: 2048
splitting decisions: 
split level 0: [/input, 4073] [/input, 5924] [/input, 3238] [/input, 3040] [/input, 2616] [/input, 5921] [/input, 2600] [/input, 2692] [/input, 5924] [/input, 3238] 
best_l after optimization: -9760.646484375
beta sum per layer: [14363.6796875, 953.7203369140625, 2492.621826171875]
alpha/beta optimization time: 0.7104237079620361
pruning_in_iteration open status: False
ratio of positive domain = 136 / 4096 = 0.033203125
pruning-in-iteration extra time: 5.507469177246094e-05
Time: get_branching_decision.update_bounds 0.0243    pickout 0.1744    branching_decision 0.0010    decision 0.0010    set_bounds 0.0935    prepare 0.0961    transfer 0.0001    finalize 0.3029    func 1.5963    solve 1.3190    add 0.0207    bab_iteration 1.5511    
Accumulated time: get_branching_decision.update_bounds 0.0243    bab_iteration 3.5559    pickout 0.4668    decision 0.0032    branching_decision 0.0030    set_bounds 0.2482    solve 2.9101    func 4.5062    prepare 0.2474    transfer 0.0005    finalize 0.6052    add 0.1837    
max lb 0.0864114761352539 min lb -5.724664211273193
Number of Verified Splits: 138 of 4096
Current worst splitting domains lb-rhs (depth):
-5.72612 (10), -5.72466 (11), -5.72343 (11), -5.72118 (10), -5.71956 (11), -5.71832 (11), -5.71331 (10), -5.71177 (11), -5.70944 (11), -5.70928 (10), -5.70813 (10), -5.70796 (11), -5.70665 (11), -5.70582 (10), -5.70432 (11), -5.70424 (10), -5.70407 (11), -5.70295 (11), -5.70291 (11), -5.70069 (11), 
Current (lb-rhs): -5.726118087768555
10504 domains visited
Length of domains: 5091
current_vram/total_varm: 17.0GB/47.7GB, batch_size increase to 4096
Cumulative time: 5.5294623374938965

BaB round 8
batch: 4096
splitting decisions: 
split level 0: [/input, 5921] [/input, 5004] [/input, 4073] [/input, 5924] [/input, 3238] [/input, 2616] [/input, 5921] [/input, 2692] [/input, 5924] [/input, 3238] 
best_l after optimization: -19792.08203125
beta sum per layer: [31872.12109375, 2697.510009765625, 4849.9873046875]
alpha/beta optimization time: 1.4183197021484375
pruning_in_iteration open status: False
ratio of positive domain = 246 / 8192 = 0.030029296875
pruning-in-iteration extra time: 5.626678466796875e-05
Time: get_branching_decision.update_bounds 0.0243    pickout 0.3391    branching_decision 0.0015    decision 0.0015    set_bounds 0.1706    prepare 0.1987    transfer 0.0002    finalize 0.3794    func 3.2640    solve 1.5964    add 0.0317    bab_iteration 1.8982    
Accumulated time: get_branching_decision.update_bounds 0.0243    bab_iteration 5.4541    pickout 0.8059    decision 0.0046    branching_decision 0.0044    set_bounds 0.4188    solve 4.5065    func 7.7702    prepare 0.4461    transfer 0.0007    finalize 0.9847    add 0.2154    
max lb 0.122802734375 min lb -5.723760604858398
Number of Verified Splits: 253 of 8192
Current worst splitting domains lb-rhs (depth):
-5.72612 (10), -5.72376 (12), -5.72260 (12), -5.72118 (10), -5.71845 (12), -5.71747 (12), -5.71331 (10), -5.71078 (12), -5.70928 (10), -5.70813 (10), -5.70750 (12), -5.70693 (12), -5.70582 (10), -5.70562 (12), -5.70424 (10), -5.70309 (12), -5.70232 (12), -5.70160 (12), -5.70144 (12), -5.70067 (10), 
Current (lb-rhs): -5.726118087768555
18696 domains visited
Length of domains: 8934
Cumulative time: 9.420185565948486

BaB round 9
batch: 4096
splitting decisions: 
split level 0: [/input, 2615] [/input, 4293] [/input, 3294] [/input, 4023] [/input, 2637] [/input, 2621] [/input, 2757] [/26, 3204] [/input, 4293] [/input, 3294] 
best_l after optimization: -20200.548828125
beta sum per layer: [37877.8671875, 5027.205078125, 4573.5693359375]
alpha/beta optimization time: 1.4148533344268799
pruning_in_iteration open status: False
ratio of positive domain = 236 / 8192 = 0.02880859375
pruning-in-iteration extra time: 8.0108642578125e-05
Time: get_branching_decision.update_bounds 0.0243    pickout 0.3449    branching_decision 0.0012    decision 0.0012    set_bounds 0.1759    prepare 0.2013    transfer 0.0001    finalize 0.3721    func 3.1378    solve 3.2641    add 0.1125    bab_iteration 3.8907    
Accumulated time: get_branching_decision.update_bounds 0.0243    bab_iteration 9.3448    pickout 1.1508    decision 0.0058    branching_decision 0.0056    set_bounds 0.5947    solve 7.7706    func 10.9080    prepare 0.6474    transfer 0.0008    finalize 1.3567    add 0.3279    
max lb 0.09227442741394043 min lb -5.68283748626709
Number of Verified Splits: 246 of 8192
Current worst splitting domains lb-rhs (depth):
-5.72612 (10), -5.72376 (12), -5.72260 (12), -5.72118 (10), -5.71845 (12), -5.71747 (12), -5.71331 (10), -5.71078 (12), -5.70928 (10), -5.70813 (10), -5.70750 (12), -5.70693 (12), -5.70582 (10), -5.70562 (12), -5.70424 (10), -5.70309 (12), -5.70232 (12), -5.70160 (12), -5.70144 (12), -5.70067 (10), 
Current (lb-rhs): -5.726118087768555
26888 domains visited
Length of domains: 12784
Cumulative time: 13.124683380126953

BaB round 10
batch: 4096
splitting decisions: 
split level 0: [/input, 3466] [/input, 3599] [/input, 5922] [/input, 3040] [/input, 2621] [/input, 4047] [/input, 5922] [/input, 3040] [/input, 2621] [/input, 3599] 
best_l after optimization: -20667.09375
beta sum per layer: [42454.08203125, 7231.466796875, 4288.009765625]
alpha/beta optimization time: 1.4139602184295654
pruning_in_iteration open status: False
ratio of positive domain = 220 / 8192 = 0.02685546875
pruning-in-iteration extra time: 6.365776062011719e-05
Time: get_branching_decision.update_bounds 0.0243    pickout 0.5662    branching_decision 0.0011    decision 0.0011    set_bounds 0.1805    prepare 0.2024    transfer 0.0001    finalize 0.3915    func 3.5433    solve 3.1379    add 0.0417    bab_iteration 3.7045    
Accumulated time: get_branching_decision.update_bounds 0.0243    bab_iteration 13.0493    pickout 1.7170    decision 0.0070    branching_decision 0.0067    set_bounds 0.7753    solve 10.9084    func 14.4513    prepare 0.8497    transfer 0.0009    finalize 1.7482    add 0.3697    
max lb 0.06389236450195312 min lb -5.608657360076904
Number of Verified Splits: 224 of 8192
Current worst splitting domains lb-rhs (depth):
-5.72612 (10), -5.72376 (12), -5.72260 (12), -5.72118 (10), -5.71845 (12), -5.71747 (12), -5.71331 (10), -5.71078 (12), -5.70928 (10), -5.70813 (10), -5.70750 (12), -5.70693 (12), -5.70582 (10), -5.70562 (12), -5.70424 (10), -5.70309 (12), -5.70232 (12), -5.70160 (12), -5.70144 (12), -5.70067 (10), 
Current (lb-rhs): -5.726118087768555
35080 domains visited
Length of domains: 16656
Cumulative time: 17.478997230529785

BaB round 11
batch: 4096
splitting decisions: 
split level 0: [/input, 2615] [/input, 4324] [/26, 329] [/input, 3599] [/input, 247] [/input, 4747] [/input, 4324] [/input, 3039] [/input, 247] [/input, 4747] 
best_l after optimization: -21156.697265625
beta sum per layer: [47920.015625, 8814.7978515625, 4051.5390625]
alpha/beta optimization time: 1.4145541191101074
pruning_in_iteration open status: False
ratio of positive domain = 277 / 8192 = 0.0338134765625
pruning-in-iteration extra time: 8.511543273925781e-05
Time: get_branching_decision.update_bounds 0.0243    pickout 0.3477    branching_decision 0.0012    decision 0.0012    set_bounds 0.1829    prepare 0.2038    transfer 0.0001    finalize 0.3860    func 3.1489    solve 3.5434    add 0.0596    bab_iteration 4.3543    
Accumulated time: get_branching_decision.update_bounds 0.0243    bab_iteration 17.4036    pickout 2.0648    decision 0.0081    branching_decision 0.0079    set_bounds 0.9582    solve 14.4518    func 17.6002    prepare 1.0535    transfer 0.0010    finalize 2.1343    add 0.4292    
max lb 0.09047412872314453 min lb -5.541916847229004
Number of Verified Splits: 280 of 8192
Current worst splitting domains lb-rhs (depth):
-5.72612 (10), -5.72376 (12), -5.72260 (12), -5.72118 (10), -5.71845 (12), -5.71747 (12), -5.71331 (10), -5.71078 (12), -5.70928 (10), -5.70813 (10), -5.70750 (12), -5.70693 (12), -5.70582 (10), -5.70562 (12), -5.70424 (10), -5.70309 (12), -5.70232 (12), -5.70160 (12), -5.70144 (12), -5.70067 (10), 
Current (lb-rhs): -5.726118087768555
43272 domains visited
Length of domains: 20472
Cumulative time: 21.206939697265625

BaB round 12
batch: 4096
splitting decisions: 
split level 0: [/26, 329] [/input, 2459] [/input, 247] [/input, 4326] [/input, 268] [/input, 4770] [/input, 247] [/input, 4326] [/input, 268] [/input, 2459] 
best_l after optimization: -21847.91796875
beta sum per layer: [51260.0703125, 10232.353515625, 3699.533203125]
alpha/beta optimization time: 1.4134705066680908
pruning_in_iteration open status: False
ratio of positive domain = 167 / 8192 = 0.0203857421875
pruning-in-iteration extra time: 5.7697296142578125e-05
Time: get_branching_decision.update_bounds 0.0243    pickout 0.5882    branching_decision 0.0011    decision 0.0012    set_bounds 0.1827    prepare 0.2041    transfer 0.0001    finalize 0.6224    func 3.1673    solve 3.1490    add 0.0435    bab_iteration 3.7279    
Accumulated time: get_branching_decision.update_bounds 0.0243    bab_iteration 21.1316    pickout 2.6530    decision 0.0093    branching_decision 0.0090    set_bounds 1.1409    solve 17.6008    func 20.7675    prepare 1.2576    transfer 0.0011    finalize 2.7566    add 0.4727    
max lb 0.07433176040649414 min lb -5.487508773803711
Number of Verified Splits: 171 of 8192
Current worst splitting domains lb-rhs (depth):
-5.72612 (10), -5.72376 (12), -5.72260 (12), -5.72118 (10), -5.71845 (12), -5.71747 (12), -5.71331 (10), -5.71078 (12), -5.70928 (10), -5.70813 (10), -5.70750 (12), -5.70693 (12), -5.70582 (10), -5.70562 (12), -5.70424 (10), -5.70309 (12), -5.70232 (12), -5.70160 (12), -5.70144 (12), -5.70067 (10), 
Current (lb-rhs): -5.726118087768555
51464 domains visited
Length of domains: 24397
Cumulative time: 25.192270755767822

BaB round 13
batch: 4096
splitting decisions: 
split level 0: [/input, 3294] [/input, 2610] [/input, 268] [/26, 272] [/input, 4328] [/input, 3601] [/input, 3294] [/input, 268] [/26, 3204] [/input, 3601] 
best_l after optimization: -22012.45703125
beta sum per layer: [56416.7109375, 11373.59375, 3572.322265625]
alpha/beta optimization time: 1.4140136241912842
pruning_in_iteration open status: False
ratio of positive domain = 46 / 8192 = 0.005615234375
pruning-in-iteration extra time: 5.6743621826171875e-05
Time: get_branching_decision.update_bounds 0.0243    pickout 0.3555    branching_decision 0.0012    decision 0.0012    set_bounds 0.1834    prepare 0.2053    transfer 0.0001    finalize 0.3925    func 3.4638    solve 3.1674    add 0.0418    bab_iteration 3.9853    
Accumulated time: get_branching_decision.update_bounds 0.0243    bab_iteration 25.1169    pickout 3.0085    decision 0.0106    branching_decision 0.0102    set_bounds 1.3243    solve 20.7682    func 24.2313    prepare 1.4629    transfer 0.0012    finalize 3.1491    add 0.5145    
max lb 0.041756629943847656 min lb -5.461520195007324
Number of Verified Splits: 47 of 8192
Current worst splitting domains lb-rhs (depth):
-5.72612 (10), -5.72376 (12), -5.72260 (12), -5.72118 (10), -5.71845 (12), -5.71747 (12), -5.71331 (10), -5.71078 (12), -5.70928 (10), -5.70813 (10), -5.70750 (12), -5.70693 (12), -5.70582 (10), -5.70562 (12), -5.70424 (10), -5.70309 (12), -5.70232 (12), -5.70160 (12), -5.70144 (12), -5.70067 (10), 
Current (lb-rhs): -5.726118087768555
59656 domains visited
Length of domains: 28446
Cumulative time: 29.24522042274475

BaB round 14
batch: 4096
splitting decisions: 
split level 0: [/input, 268] [/input, 4744] [/input, 5111] [/input, 2600] [/input, 268] [/input, 246] [/input, 5111] [/input, 2600] [/input, 3543] [/26, 3494] 
best_l after optimization: -21933.498046875
beta sum per layer: [60021.4140625, 12346.6533203125, 3622.8583984375]
alpha/beta optimization time: 1.4124715328216553
pruning_in_iteration open status: False
ratio of positive domain = 51 / 8192 = 0.0062255859375
pruning-in-iteration extra time: 7.843971252441406e-05
Time: get_branching_decision.update_bounds 0.0243    pickout 0.3576    branching_decision 0.0012    decision 0.0012    set_bounds 0.1826    prepare 0.2051    transfer 0.0001    finalize 0.3885    func 3.2303    solve 3.4638    add 0.0446    bab_iteration 4.0529    
Accumulated time: get_branching_decision.update_bounds 0.0243    bab_iteration 29.1698    pickout 3.3661    decision 0.0117    branching_decision 0.0114    set_bounds 1.5070    solve 24.2320    func 27.4616    prepare 1.6680    transfer 0.0012    finalize 3.5376    add 0.5592    
max lb 0.04426169395446777 min lb -5.446648597717285
Number of Verified Splits: 52 of 8192
Current worst splitting domains lb-rhs (depth):
-5.72612 (10), -5.72376 (12), -5.72260 (12), -5.72118 (10), -5.71845 (12), -5.71747 (12), -5.71331 (10), -5.71078 (12), -5.70928 (10), -5.70813 (10), -5.70750 (12), -5.70693 (12), -5.70582 (10), -5.70562 (12), -5.70424 (10), -5.70309 (12), -5.70232 (12), -5.70160 (12), -5.70144 (12), -5.70067 (10), 
Current (lb-rhs): -5.726118087768555
67848 domains visited
Length of domains: 32490
Cumulative time: 33.07007455825806

BaB round 15
batch: 4096
splitting decisions: 
split level 0: [/input, 3602] [/26, 5563] [/input, 2557] [/26, 3203] [/input, 3602] [/26, 5563] [/input, 2557] [/26, 358] [/input, 2725] [/input, 3602] 
best_l after optimization: -21685.11328125
beta sum per layer: [63535.4765625, 14628.6904296875, 3658.346923828125]
alpha/beta optimization time: 1.4151973724365234
pruning_in_iteration open status: False
ratio of positive domain = 114 / 8192 = 0.013916015625
pruning-in-iteration extra time: 5.841255187988281e-05
Time: get_branching_decision.update_bounds 0.0243    pickout 0.3574    branching_decision 0.0011    decision 0.0011    set_bounds 0.4826    prepare 0.2040    transfer 0.0001    finalize 0.3929    func 2.9493    solve 3.2303    add 0.0484    bab_iteration 3.8248    
Accumulated time: get_branching_decision.update_bounds 0.0243    bab_iteration 32.9947    pickout 3.7235    decision 0.0128    branching_decision 0.0124    set_bounds 1.9896    solve 27.4623    func 30.4109    prepare 1.8721    transfer 0.0013    finalize 3.9305    add 0.6076    
max lb 0.05244088172912598 min lb -5.44353723526001
Number of Verified Splits: 114 of 8192
Current worst splitting domains lb-rhs (depth):
-5.72612 (10), -5.72376 (12), -5.72260 (12), -5.72118 (10), -5.71845 (12), -5.71747 (12), -5.71331 (10), -5.71078 (12), -5.70928 (10), -5.70813 (10), -5.70750 (12), -5.70693 (12), -5.70582 (10), -5.70562 (12), -5.70424 (10), -5.70309 (12), -5.70232 (12), -5.70160 (12), -5.70144 (12), -5.70067 (10), 
Current (lb-rhs): -5.726118087768555
76040 domains visited
Length of domains: 36472
Cumulative time: 36.96009612083435

BaB round 16
batch: 4096
splitting decisions: 
split level 0: [/26, 3230] [/input, 5923] [/input, 4752] [/input, 2760] [/input, 5894] [/26, 3523] [/input, 2616] [/input, 5923] [/input, 4752] [/input, 5922] 
best_l after optimization: -21486.318359375
beta sum per layer: [68896.328125, 16942.94921875, 3702.75439453125]
alpha/beta optimization time: 1.4152026176452637
pruning_in_iteration open status: False
ratio of positive domain = 231 / 8192 = 0.0281982421875
pruning-in-iteration extra time: 9.202957153320312e-05
Time: get_branching_decision.update_bounds 0.0243    pickout 0.7032    branching_decision 0.0011    decision 0.0011    set_bounds 0.1830    prepare 0.2038    transfer 0.0001    finalize 0.3916    func 2.9314    solve 2.9493    add 0.0946    bab_iteration 3.8900    
Accumulated time: get_branching_decision.update_bounds 0.0243    bab_iteration 36.8847    pickout 4.4267    decision 0.0139    branching_decision 0.0135    set_bounds 2.1726    solve 30.4116    func 33.3423    prepare 2.0759    transfer 0.0014    finalize 4.3221    add 0.7022    
max lb 0.06407785415649414 min lb -5.4302978515625
Number of Verified Splits: 232 of 8192
Current worst splitting domains lb-rhs (depth):
-5.72612 (10), -5.72376 (12), -5.72260 (12), -5.72118 (10), -5.71845 (12), -5.71747 (12), -5.71331 (10), -5.71078 (12), -5.70928 (10), -5.70813 (10), -5.70750 (12), -5.70693 (12), -5.70582 (10), -5.70562 (12), -5.70424 (10), -5.70309 (12), -5.70232 (12), -5.70160 (12), -5.70144 (12), -5.70067 (10), 
Current (lb-rhs): -5.726118087768555
84232 domains visited
Length of domains: 40336
Cumulative time: 40.82997536659241

BaB round 17
batch: 4096
splitting decisions: 
split level 0: [/26, 3203] [/input, 5926] [/input, 4752] [/input, 5922] [/input, 3467] [/input, 4825] [/input, 5926] [/input, 4751] [/input, 4022] [/input, 5922] 
best_l after optimization: -21970.48828125
beta sum per layer: [72255.421875, 17561.78125, 3766.72607421875]
alpha/beta optimization time: 1.4157800674438477
pruning_in_iteration open status: False
ratio of positive domain = 298 / 8192 = 0.036376953125
pruning-in-iteration extra time: 6.103515625e-05
Time: get_branching_decision.update_bounds 0.0243    pickout 0.7149    branching_decision 0.0012    decision 0.0013    set_bounds 0.1837    prepare 0.2032    transfer 0.0001    finalize 0.3958    func 2.9398    solve 2.9315    add 0.0457    bab_iteration 3.8699    
Accumulated time: get_branching_decision.update_bounds 0.0243    bab_iteration 40.7546    pickout 5.1416    decision 0.0152    branching_decision 0.0147    set_bounds 2.3563    solve 33.3431    func 36.2821    prepare 2.2791    transfer 0.0015    finalize 4.7179    add 0.7479    
max lb 0.07118487358093262 min lb -5.411398887634277
Number of Verified Splits: 303 of 8192
Current worst splitting domains lb-rhs (depth):
-5.72612 (10), -5.72376 (12), -5.72260 (12), -5.72118 (10), -5.71845 (12), -5.71747 (12), -5.71331 (10), -5.71078 (12), -5.70928 (10), -5.70813 (10), -5.70750 (12), -5.70693 (12), -5.70582 (10), -5.70562 (12), -5.70424 (10), -5.70309 (12), -5.70232 (12), -5.70160 (12), -5.70144 (12), -5.70067 (10), 
Current (lb-rhs): -5.726118087768555
92424 domains visited
Length of domains: 44129
Cumulative time: 44.72194957733154

BaB round 18
batch: 4096
splitting decisions: 
split level 0: [/input, 4022] [/input, 2610] [/input, 5064] [/input, 2616] [/input, 3594] [/input, 4806] [/input, 2586] [/input, 4825] [/input, 3594] [/input, 4751] 
best_l after optimization: -22631.291015625
beta sum per layer: [78571.2265625, 18058.544921875, 3814.698486328125]
alpha/beta optimization time: 1.4146513938903809
pruning_in_iteration open status: False
ratio of positive domain = 165 / 8192 = 0.0201416015625
pruning-in-iteration extra time: 6.079673767089844e-05
Time: get_branching_decision.update_bounds 0.0243    pickout 0.7138    branching_decision 0.0011    decision 0.0011    set_bounds 0.1829    prepare 0.2056    transfer 0.0001    finalize 0.3860    func 2.9327    solve 2.9399    add 0.0467    bab_iteration 3.8920    
Accumulated time: get_branching_decision.update_bounds 0.0243    bab_iteration 44.6465    pickout 5.8554    decision 0.0163    branching_decision 0.0158    set_bounds 2.5392    solve 36.2830    func 39.2148    prepare 2.4847    transfer 0.0016    finalize 5.1039    add 0.7947    
max lb 0.08119559288024902 min lb -5.3232855796813965
Number of Verified Splits: 169 of 8192
Current worst splitting domains lb-rhs (depth):
-5.72612 (10), -5.72376 (12), -5.72260 (12), -5.72118 (10), -5.71845 (12), -5.71747 (12), -5.71331 (10), -5.71078 (12), -5.70928 (10), -5.70813 (10), -5.70750 (12), -5.70693 (12), -5.70582 (10), -5.70562 (12), -5.70424 (10), -5.70309 (12), -5.70232 (12), -5.70160 (12), -5.70144 (12), -5.70067 (10), 
Current (lb-rhs): -5.726118087768555
100616 domains visited
Length of domains: 48056
Cumulative time: 48.60448503494263

BaB round 19
batch: 4096
splitting decisions: 
split level 0: [/input, 2479] [/input, 4806] [/input, 267] [/input, 2756] [/input, 2479] [/input, 4806] [/input, 267] [/input, 3257] [/input, 2479] [/input, 4750] 
best_l after optimization: -22768.251953125
beta sum per layer: [86768.1015625, 19426.7265625, 3886.534912109375]
alpha/beta optimization time: 1.4140198230743408
pruning_in_iteration open status: False
ratio of positive domain = 18 / 8192 = 0.002197265625
pruning-in-iteration extra time: 5.7697296142578125e-05
Time: get_branching_decision.update_bounds 0.0243    pickout 0.7295    branching_decision 0.0011    decision 0.0011    set_bounds 0.1835    prepare 0.2052    transfer 0.0001    finalize 0.4127    func 2.9960    solve 2.9327    add 0.0464    bab_iteration 3.8825    
Accumulated time: get_branching_decision.update_bounds 0.0243    bab_iteration 48.5291    pickout 6.5849    decision 0.0174    branching_decision 0.0169    set_bounds 2.7227    solve 39.2157    func 42.2108    prepare 2.6899    transfer 0.0017    finalize 5.5166    add 0.8411    
max lb 0.0714561939239502 min lb -5.3110456466674805
Number of Verified Splits: 18 of 8192
Current worst splitting domains lb-rhs (depth):
-5.72612 (10), -5.72376 (12), -5.72260 (12), -5.72118 (10), -5.71845 (12), -5.71747 (12), -5.71331 (10), -5.71078 (12), -5.70928 (10), -5.70813 (10), -5.70750 (12), -5.70693 (12), -5.70582 (10), -5.70562 (12), -5.70424 (10), -5.70309 (12), -5.70232 (12), -5.70160 (12), -5.70144 (12), -5.70067 (10), 
Current (lb-rhs): -5.726118087768555
108808 domains visited
Length of domains: 52134
Cumulative time: 52.746837854385376

BaB round 20
batch: 4096
splitting decisions: 
split level 0: [/input, 4047] [/26, 3518] [/input, 4750] [/input, 2833] [/input, 4797] [/26, 3518] [/input, 4780] [/input, 2833] [/input, 4047] [/26, 3518] 
best_l after optimization: -22337.26953125
beta sum per layer: [93789.796875, 22205.490234375, 3982.68701171875]
alpha/beta optimization time: 1.4205141067504883
pruning_in_iteration open status: False
ratio of positive domain = 34 / 8192 = 0.004150390625
pruning-in-iteration extra time: 5.7697296142578125e-05
Time: get_branching_decision.update_bounds 0.0243    pickout 0.3631    branching_decision 0.0011    decision 0.0012    set_bounds 0.5997    prepare 0.2189    transfer 0.0001    finalize 0.4123    func 2.9957    solve 2.9961    add 0.2260    bab_iteration 4.1423    
Accumulated time: get_branching_decision.update_bounds 0.0243    bab_iteration 52.6714    pickout 6.9480    decision 0.0185    branching_decision 0.0180    set_bounds 3.3224    solve 42.2118    func 45.2065    prepare 2.9088    transfer 0.0018    finalize 5.9289    add 1.0671    
max lb 0.10663914680480957 min lb -5.306317329406738
Number of Verified Splits: 34 of 8192
Current worst splitting domains lb-rhs (depth):
-5.72612 (10), -5.72376 (12), -5.72260 (12), -5.72118 (10), -5.71845 (12), -5.71747 (12), -5.71331 (10), -5.71078 (12), -5.70928 (10), -5.70813 (10), -5.70750 (12), -5.70693 (12), -5.70582 (10), -5.70562 (12), -5.70424 (10), -5.70309 (12), -5.70232 (12), -5.70160 (12), -5.70144 (12), -5.70067 (10), 
Current (lb-rhs): -5.726118087768555
117000 domains visited
Length of domains: 56196
Time out!!!!!!!!
Result: unknown in 62.3637 seconds

 %%%%%%%%%%%%%%%%%%%%%%%%%%%%%%%%%%% idx: 9, vnnlib ID: 9 %%%%%%%%%%%%%%%%%%%%%%%%%%%%%%%%%%%
Finished vnnlib processing in 0.001662 seconds
Model: BoundedModule(
  (/input-1): BoundInput(name=/input-1, inputs=[], perturbed=True)
  (/shape): BoundBuffers(name=/shape, inputs=[], perturbed=False)
  (/12): BoundParams(name=/12, inputs=[], perturbed=False)
  (/13): BoundParams(name=/13, inputs=[], perturbed=False)
  (/14): BoundParams(name=/14, inputs=[], perturbed=False)
  (/15): BoundParams(name=/15, inputs=[], perturbed=False)
  (/16): BoundParams(name=/16, inputs=[], perturbed=False)
  (/17): BoundParams(name=/17, inputs=[], perturbed=False)
  (/18): BoundParams(name=/18, inputs=[], perturbed=False)
  (/19): BoundParams(name=/19, inputs=[], perturbed=False)
  (/20): BoundParams(name=/20, inputs=[], perturbed=False)
  (/21): BoundParams(name=/21, inputs=[], perturbed=False)
  (/input): BoundConv(name=/input, inputs=[/input-1, /12, /13], perturbed=True)
  (/input-4): BoundRelu(name=/input-4, inputs=[/input], perturbed=True)
  (/24): BoundConv(name=/24, inputs=[/input-4, /14, /15], perturbed=True)
  (/25): BoundConv(name=/25, inputs=[/input-4, /16, /17], perturbed=True)
  (/26): BoundAdd(name=/26, inputs=[/24, /25], perturbed=True)
  (/27): BoundRelu(name=/27, inputs=[/26], perturbed=True)
  (/28): BoundSplit(name=/28, inputs=[/shape], perturbed=False)
  (/29): BoundSplit(name=/29, inputs=[/shape], perturbed=False)
  (/30): BoundConstant(name=/30, value=tensor([0], device='cuda:0'))
  (/31): BoundSqueeze(name=/31, inputs=[/28, /30], perturbed=False)
  (/32): BoundConstant(name=/32, value=tensor([0], device='cuda:0'))
  (/33): BoundSqueeze(name=/33, inputs=[/29, /32], perturbed=False)
  (/34): BoundConstant(name=/34, value=tensor([0], device='cuda:0'))
  (/35): BoundUnsqueeze(name=/35, inputs=[/31, /34], perturbed=False)
  (/36): BoundConstant(name=/36, value=tensor([0], device='cuda:0'))
  (/37): BoundUnsqueeze(name=/37, inputs=[/33, /36], perturbed=False)
  (/38): BoundConcat(name=/38, inputs=[/35, /37], perturbed=False)
  (/39): BoundReshape(name=/39, inputs=[/27, /38], perturbed=True)
  (/input-8): BoundLinear(name=/input-8, inputs=[/39, /18, /19], perturbed=True)
  (/41): BoundRelu(name=/41, inputs=[/input-8], perturbed=True)
  (/42): BoundLinear(name=/42, inputs=[/41, /20, /21], perturbed=True)
)
Original output in the first batch: tensor([[ 1.04654598, -7.43773699, -3.66529036, -0.54224443,  6.54814911,
          1.16001344, -2.97473383,  9.17031384,  2.76273775,  9.89842701]],
       device='cuda:0')
Split layers:
Nonlinear functions:
   BoundRelu(name=/input-4, inputs=[/input], perturbed=True)
   BoundRelu(name=/27, inputs=[/26], perturbed=True)
   BoundRelu(name=/41, inputs=[/input-8], perturbed=True)
build batch [1/1]
layer /input-4 using sparse-features alpha with shape [1389]; unstable size 1389; total size 6272 ([1, 8, 28, 28])
layer /input-4 start_node /26 using full alpha [2, 6272, 1, 1389] with unstable size None total_size 6272 output_shape torch.Size([8, 28, 28])
layer /input-4 start_node /input-8 using sparse-spec alpha [2, 11, 1, 1389] with unstable size 10 total_size 64 output_shape torch.Size([64])
layer /input-4 start_node /42 using full alpha [2, 9, 1, 1389] with unstable size None total_size 9 output_shape 9
layer /27 using sparse-features alpha with shape [1874]; unstable size 1874; total size 6272 ([1, 8, 28, 28])
layer /27 start_node /input-8 using sparse-spec alpha [2, 11, 1, 1874] with unstable size 10 total_size 64 output_shape torch.Size([64])
layer /27 start_node /42 using full alpha [2, 9, 1, 1874] with unstable size None total_size 9 output_shape 9
layer /41 using sparse-features alpha with shape [10]; unstable size 10; total size 64 ([1, 64])
layer /41 start_node /42 using full alpha [2, 9, 1, 10] with unstable size None total_size 9 output_shape 9
Optimizable variables initialized.
initial CROWN bounds (first 10 items): [2.9263668060302734, 10.709126472473145, 6.253227710723877, 4.1273088455200195, -0.99947190284729, 2.831716775894165, 5.39783239364624, -3.376777410507202, 2.555457353591919]
prune_after_crown optimization in use
  original spec size = torch.Size([1, 9])
  pruned spec size = torch.Size([1, 2])
Using alpha-CROWN to initialize bounds.
best_l after optimization: -4.026694297790527
alpha/beta optimization time: 4.977262020111084
initial alpha-crown bounds (first 10 items): [-0.8000211715698242, -3.226672887802124]
Global lower bound: -3.226672887802124
7 / 9 OR specs are verified.
Verified OR indices (first 10 items): [0, 1, 2, 3, 5, 6, 8]
Verified OR lbs (first 10 items): [[inf], [inf], [inf], [inf], [inf], [inf], [inf]]
Unverified OR indices (first 10 items): [4, 7]
Unverified OR lbs (first 10 items): [[-0.8000211715698242], [-3.226672887802124]]
###### Verifying property Instance 9 ######
Batch size: 2
First 10 spec matrices
C: tensor([[[ 0.,  0.,  0.,  0., -1.,  0.,  0.,  0.,  0.,  1.]],

        [[ 0.,  0.,  0.,  0.,  0.,  0.,  0., -1.,  0.,  1.]]], device='cuda:0')
RHS: tensor([[0.],
        [0.]], device='cuda:0')
OR spec sizes: tensor([1, 1], device='cuda:0', dtype=torch.int32)
Remaining timeout: 54.633153200149536
Model prediction is: tensor([ 1.04654598, -7.43773699, -3.66529036, -0.54224443,  6.54814911,
         1.16001344, -2.97473383,  9.17031384,  2.76273775,  9.89842701],
       device='cuda:0')
Activation BaB batch 1/1 
build_with_refined_bounds batch [1/1]
Optimizable variables initialized.
all alpha initialized
directly get lb and ub from refined bounds
c shape: torch.Size([2, 1, 10])
lA shapes: [torch.Size([2, 1, 8, 28, 28]), torch.Size([2, 1, 8, 28, 28]), torch.Size([2, 1, 64])]
(alpha-)CROWN with fixed intermediate bounds: tensor([[-0.80002117],
        [-3.22667289]], device='cuda:0') tensor([[inf],
        [inf]], device='cuda:0')
Intermediate layers: /input,/26,/input-8
Keeping alphas for these layers: ['/42']
Node /input-4 input 0: size torch.Size([8, 28, 28]) unstable 1389
Node /27 input 0: size torch.Size([8, 28, 28]) unstable 1869
Node /41 input 0: size torch.Size([64]) unstable 10
-----------------
# of unstable neurons: 3268
-----------------

BaB round 1
batch: 2
splitting decisions: 
split level 0: [/input-8, 10] [/input-8, 17] 
split level 1: [/input-8, 7] [/input-8, 10] 
split level 2: [/input-8, 17] [/input-8, 29] 
split level 3: [/input-8, 63] [/input-8, 63] 
split level 4: [/input-8, 29] [/input-8, 49] 
split level 5: [/input-8, 14] [/input-8, 26] 
best_l after optimization: -47.017005920410156
beta sum per layer: [0.0, 0.0, 49.004859924316406]
alpha/beta optimization time: 0.16011810302734375
pruning_in_iteration open status: True
ratio of positive domain = 87 / 128 = 0.6796875
pruning-in-iteration extra time: 0.007764339447021484
Time: get_branching_decision.update_bounds 0.0274    pickout 0.0012    branching_decision 0.0001    decision 0.0001    set_bounds 0.0071    prepare 0.0014    transfer 0.0000    finalize 0.0019    func 0.1878    
Accumulated time: get_branching_decision.update_bounds 0.0274    bab_iteration 0.0000    pickout 0.0012    decision 0.0001    branching_decision 0.0001    set_bounds 0.0071    solve 0.0000    func 0.1878    prepare 0.0014    transfer 0.0000    finalize 0.0019    
max lb 0.02914208173751831 min lb -3.072765588760376
Number of Verified Splits: 87 of 128
Current worst splitting domains lb-rhs (depth):
-3.07277 (6), -3.05246 (6), -3.02209 (6), -3.02104 (6), -2.54701 (6), -2.53948 (6), -2.51846 (6), -2.51107 (6), -2.43285 (6), -2.42981 (6), -2.34152 (6), -2.31063 (6), -2.09380 (6), -2.06868 (6), -1.98048 (6), -1.97958 (6), -0.73911 (6), -0.62747 (6), -0.55813 (6), -0.49172 (6), 
Current (lb-rhs): -3.072765588760376
128 domains visited
Length of domains: 41
Cumulative time: 0.27420663833618164

BaB round 2
batch: 41
splitting decisions: 
split level 0: [/input, 2538] [/input, 2538] [/input, 4215] [/input, 4215] [/input, 4215] [/input, 4215] [/input, 4215] [/input, 4215] [/input, 2538] [/input, 2534] 
split level 1: [/input, 2627] [/input, 2627] [/input, 2779] [/input, 2779] [/input, 2809] [/input, 2534] [/input, 2534] [/input, 2534] [/input, 2809] [/input, 2809] 
best_l after optimization: -156.8676300048828
beta sum per layer: [53.19675064086914, 1.512520432472229, 135.31927490234375]
alpha/beta optimization time: 0.17404627799987793
pruning_in_iteration open status: True
ratio of positive domain = 88 / 164 = 0.5365853658536586
pruning-in-iteration extra time: 0.0048863887786865234
Time: get_branching_decision.update_bounds 0.0274    pickout 0.0044    branching_decision 0.0001    decision 0.0001    set_bounds 0.0048    prepare 0.0041    transfer 0.0000    finalize 0.0038    func 0.2049    solve 0.1879    add 0.0009    bab_iteration 0.1973    
Accumulated time: get_branching_decision.update_bounds 0.0274    bab_iteration 0.1973    pickout 0.0056    decision 0.0002    branching_decision 0.0001    set_bounds 0.0119    solve 0.1879    func 0.3927    prepare 0.0056    transfer 0.0001    finalize 0.0057    add 0.0009    
max lb 9.999999747378752e-05 min lb -3.069936513900757
Number of Verified Splits: 88 of 164
Current worst splitting domains lb-rhs (depth):
-3.06994 (8), -3.04873 (8), -3.03257 (8), -3.01770 (8), -3.01671 (8), -3.00329 (8), -2.98001 (8), -2.97365 (8), -2.97114 (8), -2.95251 (8), -2.94265 (8), -2.91953 (8), -2.91747 (8), -2.90706 (8), -2.87483 (8), -2.87101 (8), -2.53533 (8), -2.52841 (8), -2.50438 (8), -2.49408 (8), 
Current (lb-rhs): -3.069936513900757
292 domains visited
Length of domains: 76
Cumulative time: 0.4896101951599121

BaB round 3
batch: 76
splitting decisions: 
split level 0: [/input, 2779] [/input, 2809] [/input, 2809] [/input, 2809] [/input, 2894] [/input, 2538] [/input, 2534] [/input, 2538] [/input, 3477] [/input, 4214] 
best_l after optimization: -307.10064697265625
beta sum per layer: [168.88902282714844, 7.8286662101745605, 101.61421203613281]
alpha/beta optimization time: 0.14326858520507812
pruning_in_iteration open status: False
ratio of positive domain = 0 / 152 = 0.0
pruning-in-iteration extra time: 7.510185241699219e-05
Time: get_branching_decision.update_bounds 0.0274    pickout 0.0085    branching_decision 0.0001    decision 0.0001    set_bounds 0.0039    prepare 0.0039    transfer 0.0000    finalize 0.0067    func 0.1828    solve 0.2049    add 0.0010    bab_iteration 0.2154    
Accumulated time: get_branching_decision.update_bounds 0.0274    bab_iteration 0.4127    pickout 0.0141    decision 0.0003    branching_decision 0.0002    set_bounds 0.0157    solve 0.3927    func 0.5755    prepare 0.0094    transfer 0.0001    finalize 0.0124    add 0.0019    
max lb -0.11691427230834961 min lb -3.0677971839904785
Number of Verified Splits: 0 of 152
Current worst splitting domains lb-rhs (depth):
-3.06780 (9), -3.05483 (9), -3.04730 (9), -3.02652 (9), -3.01581 (9), -3.01458 (9), -3.01441 (9), -3.01210 (9), -2.99695 (9), -2.97968 (9), -2.96901 (9), -2.96615 (9), -2.96573 (9), -2.96363 (9), -2.95940 (9), -2.95357 (9), -2.93102 (9), -2.93042 (9), -2.92951 (9), -2.92484 (9), 
Current (lb-rhs): -3.0677971839904785
444 domains visited
Length of domains: 152
Cumulative time: 0.6868391036987305

BaB round 4
batch: 152
splitting decisions: 
split level 0: [/input, 4214] [/input, 2779] [/input, 2538] [/input, 2779] [/input, 4215] [/input, 4215] [/input, 2809] [/input, 4215] [/input, 2809] [/input, 2534] 
best_l after optimization: -605.29296875
beta sum per layer: [419.8423156738281, 16.78782081604004, 204.09063720703125]
alpha/beta optimization time: 0.14452862739562988
pruning_in_iteration open status: False
ratio of positive domain = 0 / 304 = 0.0
pruning-in-iteration extra time: 5.5789947509765625e-05
Time: get_branching_decision.update_bounds 0.0274    pickout 0.0157    branching_decision 0.0001    decision 0.0001    set_bounds 0.0077    prepare 0.0072    transfer 0.0000    finalize 0.0149    func 0.2088    solve 0.1829    add 0.0017    bab_iteration 0.1972    
Accumulated time: get_branching_decision.update_bounds 0.0274    bab_iteration 0.6099    pickout 0.0298    decision 0.0004    branching_decision 0.0003    set_bounds 0.0234    solve 0.5757    func 0.7843    prepare 0.0166    transfer 0.0002    finalize 0.0274    add 0.0037    
max lb -0.03991198539733887 min lb -3.0668179988861084
Number of Verified Splits: 0 of 304
Current worst splitting domains lb-rhs (depth):
-3.06682 (10), -3.05363 (10), -3.04616 (10), -3.04051 (10), -3.02738 (10), -3.02553 (10), -3.01379 (10), -3.01308 (10), -3.01262 (10), -3.01081 (10), -2.99922 (10), -2.99459 (10), -2.98451 (10), -2.97977 (10), -2.97737 (10), -2.97707 (10), -2.96685 (10), -2.96441 (10), -2.96195 (10), -2.96098 (10), 
Current (lb-rhs): -3.0668179988861084
748 domains visited
Length of domains: 304
Cumulative time: 0.92191481590271

BaB round 5
batch: 304
splitting decisions: 
split level 0: [/input, 2538] [/input, 4572] [/input, 2779] [/input, 4572] [/input, 2534] [/input, 2894] [/input, 2894] [/input, 2894] [/input, 3425] [/input, 3422] 
best_l after optimization: -1192.4013671875
beta sum per layer: [948.2613525390625, 42.64628982543945, 418.09368896484375]
alpha/beta optimization time: 0.1476304531097412
pruning_in_iteration open status: False
ratio of positive domain = 6 / 608 = 0.009868421052631526
pruning-in-iteration extra time: 7.486343383789062e-05
Time: get_branching_decision.update_bounds 0.0274    pickout 0.0290    branching_decision 0.0002    decision 0.0002    set_bounds 0.0151    prepare 0.0141    transfer 0.0001    finalize 0.0278    func 0.2662    solve 0.2089    add 0.0025    bab_iteration 0.2351    
Accumulated time: get_branching_decision.update_bounds 0.0274    bab_iteration 0.8450    pickout 0.0588    decision 0.0006    branching_decision 0.0005    set_bounds 0.0385    solve 0.7845    func 1.0505    prepare 0.0307    transfer 0.0002    finalize 0.0552    add 0.0062    
max lb 0.045181095600128174 min lb -3.0659267902374268
Number of Verified Splits: 6 of 608
Current worst splitting domains lb-rhs (depth):
-3.06593 (11), -3.05198 (11), -3.04488 (11), -3.03903 (11), -3.03318 (11), -3.02508 (11), -3.02419 (11), -3.01124 (11), -3.01110 (11), -3.01110 (11), -3.00861 (11), -3.00113 (11), -2.99930 (11), -2.99927 (11), -2.99734 (11), -2.99728 (11), -2.99299 (11), -2.98397 (11), -2.98176 (11), -2.98131 (11), 
Current (lb-rhs): -3.0659267902374268
1356 domains visited
Length of domains: 602
Cumulative time: 1.2370884418487549

BaB round 6
batch: 602
splitting decisions: 
split level 0: [/input, 2534] [/input, 2538] [/input, 3422] [/input, 2538] [/input, 2739] [/input, 2739] [/input, 3604] [/input, 4468] [/input, 3422] [/input, 3479] 
best_l after optimization: -2357.601806640625
beta sum per layer: [2070.878173828125, 114.21102905273438, 840.1516723632812]
alpha/beta optimization time: 0.18555998802185059
pruning_in_iteration open status: False
ratio of positive domain = 36 / 1204 = 0.029900332225913595
pruning-in-iteration extra time: 5.364418029785156e-05
Time: get_branching_decision.update_bounds 0.0274    pickout 0.0552    branching_decision 0.0003    decision 0.0003    set_bounds 0.0316    prepare 0.0280    transfer 0.0001    finalize 0.0519    func 0.4116    solve 0.2662    add 0.0044    bab_iteration 0.3152    
Accumulated time: get_branching_decision.update_bounds 0.0274    bab_iteration 1.1601    pickout 0.1141    decision 0.0009    branching_decision 0.0008    set_bounds 0.0700    solve 1.0507    func 1.4621    prepare 0.0587    transfer 0.0003    finalize 0.1070    add 0.0106    
max lb 0.053377389907836914 min lb -3.0638387203216553
Number of Verified Splits: 36 of 1204
Current worst splitting domains lb-rhs (depth):
-3.06384 (12), -3.06120 (12), -3.04991 (12), -3.04726 (12), -3.04322 (12), -3.03641 (12), -3.03385 (12), -3.03126 (12), -3.03104 (12), -3.02252 (12), -3.02204 (12), -3.01991 (12), -3.01951 (12), -3.01922 (12), -3.00967 (12), -3.00885 (12), -3.00865 (12), -3.00642 (12), -3.00409 (12), -2.99949 (12), 
Current (lb-rhs): -3.0638387203216553
2560 domains visited
Length of domains: 1168
Cumulative time: 1.7474162578582764

BaB round 7
batch: 1168
splitting decisions: 
split level 0: [/input, 3422] [/input, 2894] [/input, 4214] [/input, 2894] [/input, 3604] [/26, 2726] [/26, 2726] [/26, 2726] [/input, 374] [/input, 2779] 
best_l after optimization: -4663.58056640625
beta sum per layer: [4319.8857421875, 382.67681884765625, 1650.089111328125]
alpha/beta optimization time: 0.37909817695617676
pruning_in_iteration open status: False
ratio of positive domain = 80 / 2336 = 0.03424657534246578
pruning-in-iteration extra time: 8.20159912109375e-05
Time: get_branching_decision.update_bounds 0.0274    pickout 0.1069    branching_decision 0.0007    decision 0.0007    set_bounds 0.0491    prepare 0.0563    transfer 0.0001    finalize 0.0966    func 0.8056    solve 0.4117    add 0.0112    bab_iteration 0.5103    
Accumulated time: get_branching_decision.update_bounds 0.0274    bab_iteration 1.6705    pickout 0.2209    decision 0.0016    branching_decision 0.0015    set_bounds 0.1191    solve 1.4624    func 2.2677    prepare 0.1150    transfer 0.0004    finalize 0.2037    add 0.0218    
max lb 0.06403326988220215 min lb -3.0618128776550293
Number of Verified Splits: 81 of 2336
Current worst splitting domains lb-rhs (depth):
-3.06181 (13), -3.05918 (13), -3.04787 (13), -3.04527 (13), -3.04103 (13), -3.03818 (13), -3.03412 (13), -3.03155 (13), -3.02911 (13), -3.02856 (13), -3.02761 (13), -3.02632 (13), -3.02574 (13), -3.02540 (13), -3.02021 (13), -3.01999 (13), -3.01770 (13), -3.01734 (13), -3.01649 (13), -3.01371 (13), 
Current (lb-rhs): -3.0618128776550293
4896 domains visited
Length of domains: 2255
Cumulative time: 2.726686954498291

BaB round 8
batch: 2048
splitting decisions: 
split level 0: [/26, 3335] [/input, 2739] [/input, 2739] [/input, 374] [/input, 3425] [/input, 3378] [/input, 2779] [/26, 2726] [/input, 5705] [/input, 3353] 
best_l after optimization: -8404.419921875
beta sum per layer: [8391.1923828125, 1160.92041015625, 2952.136474609375]
alpha/beta optimization time: 0.7127234935760498
pruning_in_iteration open status: False
ratio of positive domain = 87 / 4096 = 0.021240234375
pruning-in-iteration extra time: 5.936622619628906e-05
Time: get_branching_decision.update_bounds 0.0274    pickout 0.3802    branching_decision 0.0010    decision 0.0010    set_bounds 0.0860    prepare 0.1066    transfer 0.0001    finalize 0.1753    func 1.4706    solve 0.8057    add 0.0163    bab_iteration 0.9793    
Accumulated time: get_branching_decision.update_bounds 0.0274    bab_iteration 2.6497    pickout 0.6011    decision 0.0027    branching_decision 0.0025    set_bounds 0.2051    solve 2.2681    func 3.7383    prepare 0.2217    transfer 0.0004    finalize 0.3789    add 0.0381    
max lb 0.07301056385040283 min lb -3.0582613945007324
Number of Verified Splits: 87 of 4096
Current worst splitting domains lb-rhs (depth):
-3.06181 (13), -3.05826 (14), -3.04787 (13), -3.04664 (14), -3.04437 (14), -3.04103 (13), -3.03578 (14), -3.03288 (14), -3.03285 (14), -3.03041 (14), -3.02699 (14), -3.02639 (14), -3.02366 (14), -3.02342 (14), -3.02128 (14), -3.01999 (13), -3.01919 (14), -3.01896 (14), -3.01667 (14), -3.01644 (14), 
Current (lb-rhs): -3.0618128776550293
8992 domains visited
Length of domains: 4216
current_vram/total_varm: 11.7GB/47.7GB, batch_size increase to 4096
Cumulative time: 4.691832065582275

BaB round 9
batch: 4096
splitting decisions: 
split level 0: [/input, 374] [/input, 3425] [/input, 3458] [/input, 3458] [/26, 2726] [/input, 2779] [/input, 3378] [/input, 2779] [/input, 3422] [/input, 2894] 
best_l after optimization: -16954.658203125
beta sum per layer: [17852.189453125, 3691.74755859375, 5955.5537109375]
alpha/beta optimization time: 1.4311397075653076
pruning_in_iteration open status: False
ratio of positive domain = 95 / 8192 = 0.0115966796875
pruning-in-iteration extra time: 6.532669067382812e-05
Time: get_branching_decision.update_bounds 0.0274    pickout 0.5818    branching_decision 0.0017    decision 0.0017    set_bounds 0.1741    prepare 0.2149    transfer 0.0003    finalize 0.4207    func 3.2079    solve 1.4707    add 0.0248    bab_iteration 1.9651    
Accumulated time: get_branching_decision.update_bounds 0.0274    bab_iteration 4.6149    pickout 1.1829    decision 0.0044    branching_decision 0.0042    set_bounds 0.3793    solve 3.7388    func 6.9462    prepare 0.4366    transfer 0.0007    finalize 0.7996    add 0.0628    
max lb 0.056688785552978516 min lb -3.0573925971984863
Number of Verified Splits: 96 of 8192
Current worst splitting domains lb-rhs (depth):
-3.06181 (13), -3.05739 (15), -3.04695 (14), -3.04564 (15), -3.04352 (15), -3.04103 (13), -3.03527 (14), -3.03493 (15), -3.03182 (15), -3.03181 (15), -3.02936 (15), -3.02615 (15), -3.02546 (15), -3.02257 (15), -3.02227 (15), -3.02019 (15), -3.01999 (13), -3.01790 (15), -3.01763 (15), -3.01561 (15), 
Current (lb-rhs): -3.0618128776550293
17184 domains visited
Length of domains: 8216
Cumulative time: 8.712417602539062

BaB round 10
batch: 4096
splitting decisions: 
split level 0: [/26, 2726] [/input, 2538] [/26, 2726] [/input, 3425] [/input, 4572] [/input, 3425] [/input, 4572] [/26, 1853] [/input, 4572] [/input, 2739] 
best_l after optimization: -16824.697265625
beta sum per layer: [20249.05859375, 7083.912109375, 6031.40771484375]
alpha/beta optimization time: 1.4191877841949463
pruning_in_iteration open status: False
ratio of positive domain = 61 / 8192 = 0.0074462890625
pruning-in-iteration extra time: 6.127357482910156e-05
Time: get_branching_decision.update_bounds 0.0274    pickout 0.5887    branching_decision 0.0014    decision 0.0014    set_bounds 0.1643    prepare 0.2212    transfer 0.0001    finalize 0.4290    func 3.2193    solve 3.2080    add 0.0515    bab_iteration 4.0206    
Accumulated time: get_branching_decision.update_bounds 0.0274    bab_iteration 8.6355    pickout 1.7716    decision 0.0057    branching_decision 0.0055    set_bounds 0.5436    solve 6.9467    func 10.1655    prepare 0.6578    transfer 0.0008    finalize 1.2287    add 0.1144    
max lb 0.06614190340042114 min lb -3.034313201904297
Number of Verified Splits: 63 of 8192
Current worst splitting domains lb-rhs (depth):
-3.06181 (13), -3.05739 (15), -3.04695 (14), -3.04564 (15), -3.04352 (15), -3.04103 (13), -3.03493 (15), -3.03431 (15), -3.03182 (15), -3.03181 (15), -3.02936 (15), -3.02615 (15), -3.02546 (15), -3.02257 (15), -3.02227 (15), -3.02019 (15), -3.01999 (13), -3.01790 (15), -3.01763 (15), -3.01559 (15), 
Current (lb-rhs): -3.0618128776550293
25376 domains visited
Length of domains: 12249
Cumulative time: 12.732834815979004

BaB round 11
batch: 4096
splitting decisions: 
split level 0: [/input, 2739] [/26, 3335] [/input, 4876] [/input, 4876] [/input, 2839] [/input, 2839] [/input, 2839] [/26, 2535] [/26, 2726] [/input, 3460] 
best_l after optimization: -16569.021484375
beta sum per layer: [23015.41015625, 11069.8984375, 6201.9404296875]
alpha/beta optimization time: 1.4190633296966553
pruning_in_iteration open status: False
ratio of positive domain = 77 / 8192 = 0.0093994140625
pruning-in-iteration extra time: 5.745887756347656e-05
Time: get_branching_decision.update_bounds 0.0274    pickout 0.4091    branching_decision 0.0014    decision 0.0014    set_bounds 0.3964    prepare 0.2237    transfer 0.0001    finalize 0.6406    func 3.2209    solve 3.2193    add 0.0433    bab_iteration 4.0204    
Accumulated time: get_branching_decision.update_bounds 0.0274    bab_iteration 12.6559    pickout 2.1807    decision 0.0071    branching_decision 0.0069    set_bounds 0.9400    solve 10.1661    func 13.3864    prepare 0.8816    transfer 0.0009    finalize 1.8693    add 0.1577    
max lb 0.034102678298950195 min lb -2.9899752140045166
Number of Verified Splits: 80 of 8192
Current worst splitting domains lb-rhs (depth):
-3.06181 (13), -3.05739 (15), -3.04695 (14), -3.04564 (15), -3.04352 (15), -3.04103 (13), -3.03493 (15), -3.03431 (15), -3.03182 (15), -3.03181 (15), -3.02936 (15), -3.02615 (15), -3.02546 (15), -3.02257 (15), -3.02227 (15), -3.02019 (15), -3.01999 (13), -3.01790 (15), -3.01763 (15), -3.01559 (15), 
Current (lb-rhs): -3.0618128776550293
33568 domains visited
Length of domains: 16265
Cumulative time: 16.807499647140503

BaB round 12
batch: 4096
splitting decisions: 
split level 0: [/input, 2534] [/26, 3337] [/input, 4876] [/26, 3337] [/input, 2739] [/input, 2839] [/input, 4468] [/input, 4103] [/input, 2839] [/input, 2538] 
best_l after optimization: -16451.55859375
beta sum per layer: [26149.02734375, 13963.478515625, 6453.94775390625]
alpha/beta optimization time: 1.420050859451294
pruning_in_iteration open status: False
ratio of positive domain = 52 / 8192 = 0.00634765625
pruning-in-iteration extra time: 5.5789947509765625e-05
Time: get_branching_decision.update_bounds 0.0274    pickout 0.4054    branching_decision 0.0011    decision 0.0011    set_bounds 0.1820    prepare 0.2237    transfer 0.0001    finalize 0.4362    func 3.3816    solve 3.2210    add 0.0428    bab_iteration 4.0747    
Accumulated time: get_branching_decision.update_bounds 0.0274    bab_iteration 16.7305    pickout 2.5861    decision 0.0083    branching_decision 0.0080    set_bounds 1.1221    solve 13.3870    func 16.7680    prepare 1.1053    transfer 0.0010    finalize 2.3055    add 0.2005    
max lb 0.04399728775024414 min lb -2.9596853256225586
Number of Verified Splits: 55 of 8192
Current worst splitting domains lb-rhs (depth):
-3.06181 (13), -3.05739 (15), -3.04695 (14), -3.04564 (15), -3.04352 (15), -3.04103 (13), -3.03493 (15), -3.03431 (15), -3.03182 (15), -3.03181 (15), -3.02936 (15), -3.02615 (15), -3.02546 (15), -3.02257 (15), -3.02227 (15), -3.02019 (15), -3.01999 (13), -3.01790 (15), -3.01763 (15), -3.01559 (15), 
Current (lb-rhs): -3.0618128776550293
41760 domains visited
Length of domains: 20306
Cumulative time: 20.848924160003662

BaB round 13
batch: 4096
splitting decisions: 
split level 0: [/input, 4876] [/26, 228] [/input, 2839] [/input, 2627] [/input, 4380] [/input, 3604] [/26, 2535] [/input, 3460] [/26, 2535] [/input, 2739] 
best_l after optimization: -16232.857421875
beta sum per layer: [29417.8671875, 16567.76171875, 6726.888671875]
alpha/beta optimization time: 1.4256579875946045
pruning_in_iteration open status: False
ratio of positive domain = 41 / 8192 = 0.0050048828125
pruning-in-iteration extra time: 5.817413330078125e-05
Time: get_branching_decision.update_bounds 0.0274    pickout 0.6599    branching_decision 0.0012    decision 0.0012    set_bounds 0.1862    prepare 0.2260    transfer 0.0001    finalize 0.7185    func 3.3192    solve 3.3816    add 0.0674    bab_iteration 4.0414    
Accumulated time: get_branching_decision.update_bounds 0.0274    bab_iteration 20.7719    pickout 3.2460    decision 0.0095    branching_decision 0.0092    set_bounds 1.3083    solve 16.7687    func 20.0872    prepare 1.3313    transfer 0.0012    finalize 3.0239    add 0.2679    
max lb 0.036368370056152344 min lb -2.9150195121765137
Number of Verified Splits: 42 of 8192
Current worst splitting domains lb-rhs (depth):
-3.06181 (13), -3.05739 (15), -3.04695 (14), -3.04564 (15), -3.04352 (15), -3.04103 (13), -3.03493 (15), -3.03431 (15), -3.03182 (15), -3.03181 (15), -3.02936 (15), -3.02615 (15), -3.02546 (15), -3.02257 (15), -3.02227 (15), -3.02019 (15), -3.01999 (13), -3.01790 (15), -3.01763 (15), -3.01559 (15), 
Current (lb-rhs): -3.0618128776550293
49952 domains visited
Length of domains: 24360
Cumulative time: 25.063549757003784

BaB round 14
batch: 4096
splitting decisions: 
split level 0: [/input, 2739] [/input, 2538] [/input, 3409] [/input, 4180] [/input, 3409] [/input, 2538] [/input, 3459] [/input, 4932] [/26, 228] [/input, 3362] 
best_l after optimization: -16007.95703125
beta sum per layer: [32951.53125, 19132.9609375, 6992.16552734375]
alpha/beta optimization time: 1.419243335723877
pruning_in_iteration open status: False
ratio of positive domain = 12 / 8192 = 0.00146484375
pruning-in-iteration extra time: 6.29425048828125e-05
Time: get_branching_decision.update_bounds 0.0274    pickout 0.4091    branching_decision 0.0012    decision 0.0012    set_bounds 0.1840    prepare 0.2247    transfer 0.0001    finalize 0.4366    func 3.3358    solve 3.3193    add 0.0438    bab_iteration 4.2146    
Accumulated time: get_branching_decision.update_bounds 0.0274    bab_iteration 24.9866    pickout 3.6551    decision 0.0107    branching_decision 0.0104    set_bounds 1.4923    solve 20.0880    func 23.4230    prepare 1.5560    transfer 0.0013    finalize 3.4605    add 0.3117    
max lb 0.021198034286499023 min lb -2.8951971530914307
Number of Verified Splits: 13 of 8192
Current worst splitting domains lb-rhs (depth):
-3.06181 (13), -3.05739 (15), -3.04695 (14), -3.04564 (15), -3.04352 (15), -3.04103 (13), -3.03493 (15), -3.03431 (15), -3.03182 (15), -3.03181 (15), -3.02936 (15), -3.02615 (15), -3.02546 (15), -3.02257 (15), -3.02227 (15), -3.02019 (15), -3.01999 (13), -3.01790 (15), -3.01763 (15), -3.01559 (15), 
Current (lb-rhs): -3.0618128776550293
58144 domains visited
Length of domains: 28443
Cumulative time: 29.04790186882019

BaB round 15
batch: 4096
splitting decisions: 
split level 0: [/input, 3538] [/26, 255] [/input, 3449] [/26, 255] [/26, 3364] [/input, 4180] [/26, 2535] [/input, 3425] [/26, 2676] [/input, 3449] 
best_l after optimization: -15711.025390625
beta sum per layer: [35914.55078125, 21378.70703125, 7163.55908203125]
alpha/beta optimization time: 1.4214890003204346
pruning_in_iteration open status: False
ratio of positive domain = 3 / 8192 = 0.0003662109375
pruning-in-iteration extra time: 7.343292236328125e-05
Time: get_branching_decision.update_bounds 0.0274    pickout 0.4207    branching_decision 0.0011    decision 0.0011    set_bounds 0.4976    prepare 0.2487    transfer 0.0001    finalize 0.4740    func 3.1024    solve 3.3359    add 0.0495    bab_iteration 3.9843    
Accumulated time: get_branching_decision.update_bounds 0.0274    bab_iteration 28.9709    pickout 4.0758    decision 0.0118    branching_decision 0.0115    set_bounds 1.9899    solve 23.4239    func 26.5254    prepare 1.8048    transfer 0.0014    finalize 3.9345    add 0.3612    
max lb 0.0216524600982666 min lb -2.8854684829711914
Number of Verified Splits: 4 of 8192
Current worst splitting domains lb-rhs (depth):
-3.06181 (13), -3.05739 (15), -3.04695 (14), -3.04564 (15), -3.04352 (15), -3.04103 (13), -3.03493 (15), -3.03431 (15), -3.03182 (15), -3.03181 (15), -3.02936 (15), -3.02615 (15), -3.02546 (15), -3.02257 (15), -3.02227 (15), -3.02019 (15), -3.01999 (13), -3.01790 (15), -3.01763 (15), -3.01559 (15), 
Current (lb-rhs): -3.0618128776550293
66336 domains visited
Length of domains: 32535
Cumulative time: 33.37863755226135

BaB round 16
batch: 4096
splitting decisions: 
split level 0: [/input, 3449] [/input, 2538] [/26, 2701] [/input, 3335] [/26, 283] [/26, 3364] [/26, 283] [/input, 4959] [/26, 255] [/input, 3425] 
best_l after optimization: -15376.431640625
beta sum per layer: [38969.1328125, 24046.23046875, 7343.65625]
alpha/beta optimization time: 1.4184138774871826
pruning_in_iteration open status: False
ratio of positive domain = 4 / 8192 = 0.00048828125
pruning-in-iteration extra time: 5.650520324707031e-05
Time: get_branching_decision.update_bounds 0.0274    pickout 0.7578    branching_decision 0.0011    decision 0.0011    set_bounds 0.1832    prepare 0.2369    transfer 0.0001    finalize 0.4472    func 3.3472    solve 3.1024    add 0.2953    bab_iteration 4.3307    
Accumulated time: get_branching_decision.update_bounds 0.0274    bab_iteration 33.3016    pickout 4.8336    decision 0.0129    branching_decision 0.0126    set_bounds 2.1731    solve 26.5263    func 29.8726    prepare 2.0417    transfer 0.0014    finalize 4.3817    add 0.6565    
max lb 0.042300641536712646 min lb -2.8500266075134277
Number of Verified Splits: 4 of 8192
Current worst splitting domains lb-rhs (depth):
-3.06181 (13), -3.05739 (15), -3.04695 (14), -3.04564 (15), -3.04352 (15), -3.04103 (13), -3.03493 (15), -3.03431 (15), -3.03182 (15), -3.03181 (15), -3.02936 (15), -3.02615 (15), -3.02546 (15), -3.02257 (15), -3.02227 (15), -3.02019 (15), -3.01999 (13), -3.01790 (15), -3.01763 (15), -3.01559 (15), 
Current (lb-rhs): -3.0618128776550293
74528 domains visited
Length of domains: 36627
Cumulative time: 37.986449241638184

BaB round 17
batch: 4096
splitting decisions: 
split level 0: [/input, 3449] [/input, 4962] [/input, 5812] [/input, 3425] [/input, 4962] [/26, 3310] [/input, 3362] [/input, 4987] [/input, 4959] [/input, 4987] 
best_l after optimization: -15055.330078125
beta sum per layer: [43132.3125, 25892.93359375, 7521.2138671875]
alpha/beta optimization time: 1.4222455024719238
pruning_in_iteration open status: False
ratio of positive domain = 0 / 8192 = 0.0
pruning-in-iteration extra time: 5.7220458984375e-05
Time: get_branching_decision.update_bounds 0.0274    pickout 0.4221    branching_decision 0.0012    decision 0.0012    set_bounds 0.1834    prepare 0.2193    transfer 0.0001    finalize 0.7840    func 3.3677    solve 3.3472    add 0.3131    bab_iteration 4.6078    
Accumulated time: get_branching_decision.update_bounds 0.0274    bab_iteration 37.9095    pickout 5.2558    decision 0.0141    branching_decision 0.0137    set_bounds 2.3565    solve 29.8735    func 33.2403    prepare 2.2610    transfer 0.0015    finalize 5.1657    add 0.9696    
max lb -0.4535861015319824 min lb -2.754650354385376
Number of Verified Splits: 0 of 8192
Current worst splitting domains lb-rhs (depth):
-3.06181 (13), -3.05739 (15), -3.04695 (14), -3.04564 (15), -3.04352 (15), -3.04103 (13), -3.03493 (15), -3.03431 (15), -3.03182 (15), -3.03181 (15), -3.02936 (15), -3.02615 (15), -3.02546 (15), -3.02257 (15), -3.02227 (15), -3.02019 (15), -3.01999 (13), -3.01790 (15), -3.01763 (15), -3.01559 (15), 
Current (lb-rhs): -3.0618128776550293
82720 domains visited
Length of domains: 40723
Cumulative time: 42.01827883720398

BaB round 18
batch: 4096
splitting decisions: 
split level 0: [/input, 373] [/26, 255] [/input, 3483] [/input, 4138] [/26, 255] [/input, 4905] [/input, 3306] [/input, 4180] [/input, 373] [/26, 3364] 
best_l after optimization: -14649.796875
beta sum per layer: [48471.3359375, 27971.42578125, 7697.9921875]
alpha/beta optimization time: 1.423964500427246
pruning_in_iteration open status: False
ratio of positive domain = 0 / 8192 = 0.0
pruning-in-iteration extra time: 6.4849853515625e-05
Time: get_branching_decision.update_bounds 0.0274    pickout 0.4295    branching_decision 0.0014    decision 0.0014    set_bounds 0.1832    prepare 0.2204    transfer 0.0001    finalize 0.4305    func 3.4558    solve 3.3677    add 0.0520    bab_iteration 4.0318    
Accumulated time: get_branching_decision.update_bounds 0.0274    bab_iteration 41.9413    pickout 5.6853    decision 0.0155    branching_decision 0.0151    set_bounds 2.5396    solve 33.2413    func 36.6961    prepare 2.4814    transfer 0.0016    finalize 5.5962    add 1.0216    
max lb -0.39469242095947266 min lb -2.752951145172119
Number of Verified Splits: 0 of 8192
Current worst splitting domains lb-rhs (depth):
-3.06181 (13), -3.05739 (15), -3.04695 (14), -3.04564 (15), -3.04352 (15), -3.04103 (13), -3.03493 (15), -3.03431 (15), -3.03182 (15), -3.03181 (15), -3.02936 (15), -3.02615 (15), -3.02546 (15), -3.02257 (15), -3.02227 (15), -3.02019 (15), -3.01999 (13), -3.01790 (15), -3.01763 (15), -3.01559 (15), 
Current (lb-rhs): -3.0618128776550293
90912 domains visited
Length of domains: 44819
Cumulative time: 46.14407563209534

BaB round 19
batch: 4096
splitting decisions: 
split level 0: [/26, 228] [/26, 283] [/input, 5079] [/input, 373] [/26, 283] [/input, 373] [/input, 4902] [/26, 3364] [/input, 3364] [/26, 2726] 
best_l after optimization: -14135.712890625
beta sum per layer: [55526.54296875, 31029.15625, 7889.4560546875]
alpha/beta optimization time: 1.4237418174743652
pruning_in_iteration open status: False
ratio of positive domain = 0 / 8192 = 0.0
pruning-in-iteration extra time: 8.296966552734375e-05
Time: get_branching_decision.update_bounds 0.0274    pickout 0.4318    branching_decision 0.0012    decision 0.0012    set_bounds 0.1830    prepare 0.2199    transfer 0.0001    finalize 0.8533    func 3.4545    solve 3.4559    add 0.0502    bab_iteration 4.1258    
Accumulated time: get_branching_decision.update_bounds 0.0274    bab_iteration 46.0671    pickout 6.1171    decision 0.0167    branching_decision 0.0163    set_bounds 2.7226    solve 36.6971    func 40.1506    prepare 2.7013    transfer 0.0017    finalize 6.4495    add 1.0718    
max lb -0.24073076248168945 min lb -2.7436683177948
Number of Verified Splits: 0 of 8192
Current worst splitting domains lb-rhs (depth):
-3.06181 (13), -3.05739 (15), -3.04695 (14), -3.04564 (15), -3.04352 (15), -3.04103 (13), -3.03493 (15), -3.03431 (15), -3.03182 (15), -3.03181 (15), -3.02936 (15), -3.02615 (15), -3.02546 (15), -3.02257 (15), -3.02227 (15), -3.02019 (15), -3.01999 (13), -3.01790 (15), -3.01763 (15), -3.01559 (15), 
Current (lb-rhs): -3.0618128776550293
99104 domains visited
Length of domains: 48915
Cumulative time: 50.27131795883179

BaB round 20
batch: 4096
splitting decisions: 
split level 0: [/input, 4960] [/26, 2534] [/input, 5027] [/26, 228] [/26, 2534] [/input, 3310] [/input, 3336] [/input, 4905] [/input, 4905] [/input, 374] 
best_l after optimization: -13603.685546875
beta sum per layer: [64328.1953125, 34553.5859375, 8078.0185546875]
alpha/beta optimization time: 1.4213593006134033
pruning_in_iteration open status: False
ratio of positive domain = 0 / 8192 = 0.0
pruning-in-iteration extra time: 5.698204040527344e-05
Time: get_branching_decision.update_bounds 0.0274    pickout 0.4278    branching_decision 0.0012    decision 0.0012    set_bounds 0.1825    prepare 0.2174    transfer 0.0001    finalize 0.4329    func 3.4587    solve 3.4546    add 0.0506    bab_iteration 4.1272    
Accumulated time: get_branching_decision.update_bounds 0.0274    bab_iteration 50.1943    pickout 6.5449    decision 0.0179    branching_decision 0.0175    set_bounds 2.9051    solve 40.1517    func 43.6093    prepare 2.9187    transfer 0.0018    finalize 6.8824    add 1.1224    
max lb -0.0755319595336914 min lb -2.6239256858825684
Number of Verified Splits: 0 of 8192
Current worst splitting domains lb-rhs (depth):
-3.06181 (13), -3.05739 (15), -3.04695 (14), -3.04564 (15), -3.04352 (15), -3.04103 (13), -3.03493 (15), -3.03431 (15), -3.03182 (15), -3.03181 (15), -3.02936 (15), -3.02615 (15), -3.02546 (15), -3.02257 (15), -3.02227 (15), -3.02019 (15), -3.01999 (13), -3.01790 (15), -3.01763 (15), -3.01559 (15), 
Current (lb-rhs): -3.0618128776550293
107296 domains visited
Length of domains: 53011
Cumulative time: 54.39952492713928

BaB round 21
batch: 4096
splitting decisions: 
split level 0: [/input, 3483] [/input, 4885] [/input, 3432] [/input, 4960] [/input, 4885] [/input, 4851] [/input, 4435] [/input, 3477] [/input, 3391] [/input, 4905] 
best_l after optimization: -13061.6630859375
beta sum per layer: [74455.4609375, 38389.0078125, 8253.64453125]
alpha/beta optimization time: 1.421442985534668
pruning_in_iteration open status: False
ratio of positive domain = 4 / 8192 = 0.00048828125
pruning-in-iteration extra time: 5.9604644775390625e-05
Time: get_branching_decision.update_bounds 0.0274    pickout 0.4250    branching_decision 0.0011    decision 0.0011    set_bounds 0.1835    prepare 0.2167    transfer 0.0001    finalize 0.8648    func 3.4440    solve 3.4587    add 0.0518    bab_iteration 4.1282    
Accumulated time: get_branching_decision.update_bounds 0.0274    bab_iteration 54.3225    pickout 6.9699    decision 0.0190    branching_decision 0.0186    set_bounds 3.0886    solve 43.6105    func 47.0532    prepare 3.1353    transfer 0.0019    finalize 7.7472    add 1.1742    
max lb 0.04476642608642578 min lb -2.606458902359009
Number of Verified Splits: 4 of 8192
Current worst splitting domains lb-rhs (depth):
-3.06181 (13), -3.05739 (15), -3.04695 (14), -3.04564 (15), -3.04352 (15), -3.04103 (13), -3.03493 (15), -3.03431 (15), -3.03182 (15), -3.03181 (15), -3.02936 (15), -3.02615 (15), -3.02546 (15), -3.02257 (15), -3.02227 (15), -3.02019 (15), -3.01999 (13), -3.01790 (15), -3.01763 (15), -3.01559 (15), 
Current (lb-rhs): -3.0618128776550293
115488 domains visited
Length of domains: 57103
Time out!!!!!!!!
Result: unknown in 64.2925 seconds
############# Summary #############
Final verified acc: 30.0% (total 10 examples)
Problem instances count: 10 , total verified (safe/unsat): 3 , total falsified (unsafe/sat): 0 , timeout: 7
mean time for ALL instances (total 10):47.40354580285984, max time: 64.31283855438232
mean time for verified SAFE instances(total 3): 10.344561576843262, max time: 29.68089723587036
mean time for verified SAFE + TIMEOUT instances (total 10): 47.40359320640564, max time: 64.31283855438232 
safe-incomplete (total 2), index: [0, 3]
safe (total 1), index: [1]
unknown (total 7), index: [2, 4, 5, 6, 7, 8, 9]
