/mmfs1/gscratch/scrubbed/sgvtc/E-graphs for Verifiability/alpha-beta-CROWN/.venv/lib/python3.11/site-packages/torch/jit/_script.py:1488: DeprecationWarning: `torch.jit.script` is deprecated. Please switch to `torch.compile` or `torch.export`.
  warnings.warn(
INFO     16:17:12     [tensor_storage.py:70] Hugepage enabled for branch-and-bound domains.
/mmfs1/gscratch/scrubbed/sgvtc/E-graphs for Verifiability/alpha-beta-CROWN/.venv/lib/python3.11/site-packages/onnx2pytorch/convert/layer.py:29: UserWarning: The given NumPy array is not writable, and PyTorch does not support non-writable tensors. This means writing to this tensor will result in undefined behavior. You may want to copy the array to protect its data or make it writable before converting it to a tensor. This type of warning will be suppressed for the rest of this program. (Triggered internally at /pytorch/torch/csrc/utils/tensor_numpy.cpp:213.)
  layer.weight.data = torch.from_numpy(numpy_helper.to_array(weight))
/mmfs1/gscratch/scrubbed/sgvtc/E-graphs for Verifiability/alpha-beta-CROWN/.venv/lib/python3.11/site-packages/onnx2pytorch/convert/model.py:151: UserWarning: Using experimental implementation that allows 'batch_size > 1'.Batchnorm layers could potentially produce false outputs.
  warnings.warn(
/mmfs1/gscratch/scrubbed/sgvtc/E-graphs for Verifiability/alpha-beta-CROWN/.venv/lib/python3.11/site-packages/onnx2pytorch/operations/reshape.py:36: TracerWarning: Converting a tensor to a Python boolean might cause the trace to be incorrect. We can't record the data flow of Python values, so this value will be treated as a constant in the future. This means that the trace might not generalize to other inputs!
  if shape[0] == 1 and len(shape) in [2, 3, 4, 5] and self.quirks.get("fix_batch_size") is True:
/mmfs1/gscratch/scrubbed/sgvtc/E-graphs for Verifiability/alpha-beta-CROWN/.venv/lib/python3.11/site-packages/onnx2pytorch/operations/reshape.py:54: TracerWarning: torch.tensor results are registered as constants in the trace. You can safely ignore this warning if you use this function to create tensors out of constant variables that would be the same every time you call this function. In any other case, this might cause the trace to be incorrect.
  if (torch.prod(torch.tensor(input.shape)) != torch.prod(shape) and len(input.size()) == len(shape) + 1
/mmfs1/gscratch/scrubbed/sgvtc/E-graphs for Verifiability/alpha-beta-CROWN/.venv/lib/python3.11/site-packages/onnx2pytorch/operations/reshape.py:54: TracerWarning: Using len to get tensor shape might cause the trace to be incorrect. Recommended usage would be tensor.shape[0]. Passing a tensor of different shape might lead to errors or silently give incorrect results.
  if (torch.prod(torch.tensor(input.shape)) != torch.prod(shape) and len(input.size()) == len(shape) + 1
/mmfs1/gscratch/scrubbed/sgvtc/E-graphs for Verifiability/alpha-beta-CROWN/.venv/lib/python3.11/site-packages/onnx2pytorch/operations/reshape.py:58: TracerWarning: Iterating over a tensor might cause the trace to be incorrect. Passing a tensor of different shape won't change the number of iterations executed (and might lead to errors or silently give incorrect results).
  shape = [x if x != 0 else input.size(i) for i, x in enumerate(shape)]
/mmfs1/gscratch/scrubbed/sgvtc/E-graphs for Verifiability/alpha-beta-CROWN/complete_verifier/auto_LiRPA/operators/leaf.py:93: UserWarning: The "has_batchdim" option for BoundBuffers is deprecated. It may be removed from the next release.
  warnings.warn('The "has_batchdim" option for BoundBuffers is deprecated.'
/mmfs1/gscratch/scrubbed/sgvtc/E-graphs for Verifiability/alpha-beta-CROWN/complete_verifier/auto_LiRPA/bound_general.py:1020: UserWarning: Creating an identity matrix with size 12544x12544 for node BoundBatchNormalization(name=/input-15, inputs=[/input-11, /66, /67, /68, /69], perturbed=True). This may indicate poor performance for bound computation. If you see this message on a small network please submit a bug report.
  sparse_C = self.get_sparse_C(node, ref_intermediate)
/mmfs1/gscratch/scrubbed/sgvtc/E-graphs for Verifiability/alpha-beta-CROWN/complete_verifier/auto_LiRPA/bound_general.py:1020: UserWarning: Creating an identity matrix with size 28800x28800 for node BoundBatchNormalization(name=/input-23, inputs=[/input-19, /73, /74, /75, /76], perturbed=True). This may indicate poor performance for bound computation. If you see this message on a small network please submit a bug report.
  sparse_C = self.get_sparse_C(node, ref_intermediate)
/mmfs1/gscratch/scrubbed/sgvtc/E-graphs for Verifiability/alpha-beta-CROWN/complete_verifier/auto_LiRPA/bound_general.py:1020: UserWarning: Creating an identity matrix with size 4096x4096 for node BoundConv(name=/input-31, inputs=[/input-27, /80, /81], perturbed=True). This may indicate poor performance for bound computation. If you see this message on a small network please submit a bug report.
  sparse_C = self.get_sparse_C(node, ref_intermediate)
/mmfs1/gscratch/scrubbed/sgvtc/E-graphs for Verifiability/alpha-beta-CROWN/complete_verifier/auto_LiRPA/bound_general.py:1020: UserWarning: Creating an identity matrix with size 2048x2048 for node BoundConv(name=/input-39, inputs=[/input-35, /82, /83], perturbed=True). This may indicate poor performance for bound computation. If you see this message on a small network please submit a bug report.
  sparse_C = self.get_sparse_C(node, ref_intermediate)
/mmfs1/gscratch/scrubbed/sgvtc/E-graphs for Verifiability/alpha-beta-CROWN/complete_verifier/auto_LiRPA/bound_general.py:1020: UserWarning: Creating an identity matrix with size 1024x1024 for node BoundConv(name=/input-51, inputs=[/input-47, /89, /90], perturbed=True). This may indicate poor performance for bound computation. If you see this message on a small network please submit a bug report.
  sparse_C = self.get_sparse_C(node, ref_intermediate)
Configurations:

general:
  device: cuda
  seed: 100
  conv_mode: matrix
  deterministic: false
  double_fp: false
  loss_reduction_func: sum
  sparse_alpha: true
  sparse_interm: true
  save_adv_example: false
  verify_onnxruntime_output: false
  eval_adv_example: false
  onnx_adv_example: false
  show_adv_example: false
  precompile_jit: false
  reset_seed_after_precompile: false
  prepare_only: false
  complete_verifier: bab
  enable_incomplete_verification: true
  csv_name: null
  results_file: out.txt
  root_path: ''
  deterministic_opt: false
  graph_optimizer: 'Customized("custom_graph_optimizer", "default_optimizer")'
  buffer_has_batchdim: false
  save_output: false
  output_file: out.pkl
  return_optimized_model: false
  store_all_specs_on_cpu: false
  adhoc_tuning: null
model:
  name: null
  path: null
  onnx_path: /mmfs1/gscratch/scrubbed/sgvtc/E-graphs for Verifiability/NNs/candidate_models/exotic2023/cgan/cGAN_imgSz32_nCh_1.onnx
  onnx_path_prefix: ''
  cache_onnx_conversion: false
  debug_onnx: false
  onnx_quirks: null
  input_shape: null
  onnx_loader: default_onnx_and_vnnlib_loader
  onnx_optimization_flags: []
  onnx_vnnlib_joint_optimization_flags: none
  check_optimized: false
  flatten_final_output: false
  optimize_graph: null
  with_jacobian: false
  bound_opts: null
data:
  start: 0
  end: 10000
  select_instance: null
  num_outputs: 10
  mean: 0.0
  std: 1.0
  pkl_path: null
  dataset: null
  data_filter_path: null
  data_idx_file: null
specification:
  type: lp
  robustness_type: verified-acc
  norm: .inf
  epsilon: null
  epsilon_min: 0.0
  vnnlib_path: /mmfs1/gscratch/scrubbed/sgvtc/E-graphs for Verifiability/NNs/candidate_models/exotic2023/cgan/cGAN_prop_0.vnnlib
  vnnlib_path_prefix: ''
  shrink_eps: null
  rhs_offset: null
solver:
  batch_size: 2048
  auto_enlarge_batch_size: true
  batched_crown_auto_enlarge_max_vram_ratio: 0.9
  min_batch_size_ratio: 0.1
  use_float64_in_last_iteration: false
  early_stop_patience: 10
  start_save_best: 0.5
  bound_prop_method: alpha-crown
  init_bound_prop_method: same
  prune_after_crown: true
  optimize_disjuncts_separately: false
  build_batch_size: 1000000
  skip_with_refined_bound: true
  forward_before_compute_bounds: false
  crown:
    batch_size: 1000000000
    max_crown_size: 1000000000
    activation_bound_option: adaptive
    compare_crown_with_ibp: false
  alpha-crown:
    alpha: true
    lr_alpha: 0.1
    iteration: 100
    share_alphas: false
    lr_decay: 0.98
    full_conv_alpha: true
    max_coeff_mul: .inf
    matmul_share_alphas: false
    disable_optimization: []
    max_time: 1.0
    alpha_dtype: float16
    input_split_alpha_iteration: 5
    input_split_lr_alpha: 0.05
  invprop:
    apply_output_constraints_to: []
    tighten_input_bounds: false
    best_of_oc_and_no_oc: false
    directly_optimize: []
    oc_lr: 0.1
    share_gammas: false
  beta-crown:
    lr_alpha: 0.01
    lr_beta: 0.05
    lr_decay: 0.98
    optimizer: adam
    iteration: 50
    beta: true
    beta_warmup: true
    enable_opt_interm_bounds: false
    all_node_split_LP: false
  forward:
    refine: false
    max_dim: 10000
    reset_threshold: 1.0
  mip:
    unstable_neuron_threshold: 0
    parallel_solvers: null
    solver_threads: 1
    refine_neuron_timeout: 15
    refine_neuron_time_percentage: 0.8
    early_stop: true
    adv_warmup: true
    mip_solver: gurobi
    skip_unsafe: false
    topk_filter: 1.0
    sliding_window: -1
    extra_constraint: false
    refine_neuron_timeout_increasement: 0
    timeout_neuron_percentage: 0.3
    remaining_timeout_threshold: 1
    remove_unstable_neurons: false
    formulation: mip
    output_cut: false
bab:
  max_domains: .inf
  decision_thresh: 0
  timeout: 900.0
  timeout_scale: 1
  max_iterations: -1
  override_timeout: null
  get_upper_bound: false
  pruning_in_iteration: true
  pruning_in_iteration_ratio: 0.2
  sort_targets: false
  batched_domain_list: true
  optimized_interm: ''
  interm_transfer: true
  recompute_interm: false
  sort_domain_interval: -1
  tree_traversal: depth_first
  hugetensor_allocator: true
  cut:
    enabled: false
    cuts_path: null
    bab_cut: false
    lp_cut: false
    lr: 0.01
    lr_decay: 1.0
    iteration: 100
    bab_iteration: -1
    early_stop_patience: -1
    lr_beta: 0.02
    number_cuts: 50
    topk_cuts_in_filter: 1000
    batch_size_primal: 100
    max_num: 1000000000
    patches_cut: false
    cplex_cuts: false
    cplex_cuts_wait: 0
    cplex_cuts_revpickup: true
    cut_reference_bounds: true
    fix_intermediate_bounds: false
    manual_cuts: null
    record_cplex_cut_to: null
    read_cplex_cut_from: null
    biccos:
      enabled: false
      auto_param: true
      constraint_strengthening: true
      drop_ratio: 0.5
      max_infer_iter: 20
      max_domain: 10000.0
      heuristic: neuron_influence_score
      save_cuts: false
      multi_tree_branching:
        enabled: false
        restore_best_tree: true
        keep_n_best_domains: 50
        target_batch_size: 200
        iterations: 3
  clip_n_verify:
    rearrange_constraints: false
    alpha_crown: false
    prune: false
    final_layer: false
    clip_input_domain:
      enabled: false
      clip_type: relaxed
      clip_neuron_selection_type: ratio
      clip_neuron_selection_value: -1.0
      clip_iterations: 1
      clip_calculate_volume_metrics: false
    clip_interm_domain:
      enabled: false
      with_input: false
      clip_in_alpha_crown: false
      topk_objective: 20
  branching:
    method: kfsb
    candidates: 3
    reduceop: min
    enable_intermediate_bound_opt: false
    branching_input_and_activation: false
    branching_input_and_activation_order: [input, relu]
    branching_input_iterations: 30
    branching_relu_iterations: 50
    save_visited_domains_to: ''
    nonlinear_split:
      method: bbps
      disable: false
      branching_point_method: uniform
      num_branches: 2
      filter: false
      filter_beta: false
      filter_clamp: false
      filter_batch_size: 10000
      filter_iterations: 25
      relu_only: false
      loose_tanh_threshold: null
      branching_point:
        db_path: branching_points.pt
        num_iterations: 1000
        batch_size: 1000000
        range_l: -5.0
        range_u: 5.0
        log_interval: 100
        step_size_1d: 0.01
        step_size: 0.2
    input_split:
      split_hint: null
      enable: false
      reorder_bab: false
      input_dim_threshold: 20
      adv_check: 0
      split_partitions: 2
      sb_margin_weight: 1.0
      sb_sum: false
      sb_primary_spec: null
      bf_backup_thresh: -1
      bf_rhs_offset: 0
      bf_iters: 1000000000.0
      bf_batch_size: 100000
      bf_zero_crossing_score: false
      touch_zero_score: 0
      ibp_enhancement: true
      compare_with_old_bounds: true
      update_rhs_with_attack: false
      sb_coeff_thresh: 0.001
      sort_index: null
      sort_descending: true
      show_progress: false
      presplit_domains: null
      skip_getting_worst_domain: false
  branching_decision_precompute:
    enable: true
  attack:
    enabled: false
    beam_candidates: 8
    beam_depth: 7
    max_dive_fix_ratio: 0.8
    min_local_free_ratio: 0.2
    mip_start_iteration: 5
    mip_timeout: 30.0
    adv_pool_threshold: null
    refined_mip_attacker: false
    refined_batch_size: null
attack:
  general_attack: true
  pgd_order: skip
  pgd_steps: 100
  pgd_restarts: 30
  pgd_batch_size: 100000000
  pgd_early_stop: true
  pgd_lr_decay: 0.99
  pgd_alpha: auto
  pgd_alpha_scale: false
  pgd_loss_mode: null
  pgd_restart_when_stuck: false
  enable_mip_attack: false
  adv_saver: default_adv_saver
  adv_verifier: default_adv_verifier
  early_stop_condition: default_early_stop_condition
  adv_example_finalizer: default_adv_example_finalizer
  pgd_loss: default_pgd_loss
  cex_path: ./test_cex.txt
  attack_mode: PGD
  attack_tolerance: 0.0
  attack_func: attack_with_general_specs
  gama_lambda: 10.0
  gama_decay: 0.9
  input_split:
    pgd_steps: 100
    pgd_restarts: 30
    pgd_alpha: auto
  input_split_check_adv:
    enabled: auto
    pgd_steps: 5
    pgd_restarts: 5
    pgd_alpha: auto
    max_num_domains: 10
debug:
  view_model: false
  lp_test: null
  rescale_vnnlib_ptb: null
  test_optimized_bounds: false
  test_optimized_bounds_after_n_iterations: 0
  print_verbose_decisions: false
  biccos_mip_sanity_check: false
  sanity_check: 0
  z_split_enabled: false
  save_minimal_config: null
  save_minimal_config_omit_keys: []
solving:
  solving_mode: false
  obj_index: 0

Experiments at Sat Aug 29 16:17:12 2026 on g3113
Internal results will be saved to out.txt.

 %%%%%%%%%%%%%%%%%%%%%%%%%%%%%%%%%%% idx: 0, vnnlib ID: 0 %%%%%%%%%%%%%%%%%%%%%%%%%%%%%%%%%%%
Using onnx /mmfs1/gscratch/scrubbed/sgvtc/E-graphs for Verifiability/NNs/candidate_models/exotic2023/cgan/cGAN_imgSz32_nCh_1.onnx
Using vnnlib /mmfs1/gscratch/scrubbed/sgvtc/E-graphs for Verifiability/NNs/candidate_models/exotic2023/cgan/cGAN_prop_0.vnnlib
Precompiled vnnlib file found at /mmfs1/gscratch/scrubbed/sgvtc/E-graphs for Verifiability/NNs/candidate_models/exotic2023/cgan/cGAN_prop_0.vnnlib.compiled
Loading onnx /mmfs1/gscratch/scrubbed/sgvtc/E-graphs for Verifiability/NNs/candidate_models/exotic2023/cgan/cGAN_imgSz32_nCh_1.onnx with quirks {}
Finished onnx model loading in 1.4140 seconds
Finished vnnlib processing in 0.228216 seconds
Model: BoundedModule(
  (/0): BoundInput(name=/0, inputs=[], perturbed=True)
  (/49): BoundParams(name=/49, inputs=[], perturbed=False)
  (/50): BoundParams(name=/50, inputs=[], perturbed=False)
  (/shape-1): BoundBuffers(name=/shape-1, inputs=[], perturbed=False)
  (/52): BoundParams(name=/52, inputs=[], perturbed=False)
  (/53): BoundParams(name=/53, inputs=[], perturbed=False)
  (/54): BoundBuffers(name=/54, inputs=[], perturbed=False)
  (/55): BoundBuffers(name=/55, inputs=[], perturbed=False)
  (/57): BoundParams(name=/57, inputs=[], perturbed=False)
  (/58): BoundParams(name=/58, inputs=[], perturbed=False)
  (/59): BoundParams(name=/59, inputs=[], perturbed=False)
  (/60): BoundParams(name=/60, inputs=[], perturbed=False)
  (/61): BoundBuffers(name=/61, inputs=[], perturbed=False)
  (/62): BoundBuffers(name=/62, inputs=[], perturbed=False)
  (/64): BoundParams(name=/64, inputs=[], perturbed=False)
  (/65): BoundParams(name=/65, inputs=[], perturbed=False)
  (/66): BoundParams(name=/66, inputs=[], perturbed=False)
  (/67): BoundParams(name=/67, inputs=[], perturbed=False)
  (/68): BoundBuffers(name=/68, inputs=[], perturbed=False)
  (/69): BoundBuffers(name=/69, inputs=[], perturbed=False)
  (/71): BoundParams(name=/71, inputs=[], perturbed=False)
  (/72): BoundParams(name=/72, inputs=[], perturbed=False)
  (/73): BoundParams(name=/73, inputs=[], perturbed=False)
  (/74): BoundParams(name=/74, inputs=[], perturbed=False)
  (/75): BoundBuffers(name=/75, inputs=[], perturbed=False)
  (/76): BoundBuffers(name=/76, inputs=[], perturbed=False)
  (/78): BoundParams(name=/78, inputs=[], perturbed=False)
  (/79): BoundParams(name=/79, inputs=[], perturbed=False)
  (/80): BoundParams(name=/80, inputs=[], perturbed=False)
  (/81): BoundParams(name=/81, inputs=[], perturbed=False)
  (/82): BoundParams(name=/82, inputs=[], perturbed=False)
  (/83): BoundParams(name=/83, inputs=[], perturbed=False)
  (/84): BoundParams(name=/84, inputs=[], perturbed=False)
  (/85): BoundParams(name=/85, inputs=[], perturbed=False)
  (/86): BoundBuffers(name=/86, inputs=[], perturbed=False)
  (/87): BoundBuffers(name=/87, inputs=[], perturbed=False)
  (/89): BoundParams(name=/89, inputs=[], perturbed=False)
  (/90): BoundParams(name=/90, inputs=[], perturbed=False)
  (/91): BoundParams(name=/91, inputs=[], perturbed=False)
  (/92): BoundParams(name=/92, inputs=[], perturbed=False)
  (/93): BoundBuffers(name=/93, inputs=[], perturbed=False)
  (/94): BoundBuffers(name=/94, inputs=[], perturbed=False)
  (/96): BoundParams(name=/96, inputs=[], perturbed=False)
  (/97): BoundParams(name=/97, inputs=[], perturbed=False)
  (/98): BoundParams(name=/98, inputs=[], perturbed=False)
  (/99): BoundParams(name=/99, inputs=[], perturbed=False)
  (/100): BoundBuffers(name=/100, inputs=[], perturbed=False)
  (/101): BoundBuffers(name=/101, inputs=[], perturbed=False)
  (/shape): BoundBuffers(name=/shape, inputs=[], perturbed=False)
  (/104): BoundParams(name=/104, inputs=[], perturbed=False)
  (/105): BoundParams(name=/105, inputs=[], perturbed=False)
  (/106): BoundLinear(name=/106, inputs=[/0, /49, /50], perturbed=True)
  (/107): BoundSplit(name=/107, inputs=[/shape-1], perturbed=False)
  (/108): BoundSplit(name=/108, inputs=[/shape-1], perturbed=False)
  (/109): BoundSplit(name=/109, inputs=[/shape-1], perturbed=False)
  (/110): BoundSplit(name=/110, inputs=[/shape-1], perturbed=False)
  (/111): BoundConstant(name=/111, value=tensor([0], device='cuda:0'))
  (/112): BoundSqueeze(name=/112, inputs=[/107, /111], perturbed=False)
  (/113): BoundConstant(name=/113, value=tensor([0], device='cuda:0'))
  (/114): BoundSqueeze(name=/114, inputs=[/108, /113], perturbed=False)
  (/115): BoundConstant(name=/115, value=tensor([0], device='cuda:0'))
  (/116): BoundSqueeze(name=/116, inputs=[/109, /115], perturbed=False)
  (/117): BoundConstant(name=/117, value=tensor([0], device='cuda:0'))
  (/118): BoundSqueeze(name=/118, inputs=[/110, /117], perturbed=False)
  (/119): BoundConstant(name=/119, value=tensor([0], device='cuda:0'))
  (/120): BoundUnsqueeze(name=/120, inputs=[/112, /119], perturbed=False)
  (/121): BoundConstant(name=/121, value=tensor([0], device='cuda:0'))
  (/122): BoundUnsqueeze(name=/122, inputs=[/114, /121], perturbed=False)
  (/123): BoundConstant(name=/123, value=tensor([0], device='cuda:0'))
  (/124): BoundUnsqueeze(name=/124, inputs=[/116, /123], perturbed=False)
  (/125): BoundConstant(name=/125, value=tensor([0], device='cuda:0'))
  (/126): BoundUnsqueeze(name=/126, inputs=[/118, /125], perturbed=False)
  (/127): BoundConcat(name=/127, inputs=[/120, /122, /124, /126], perturbed=False)
  (/input): BoundReshape(name=/input, inputs=[/106, /127], perturbed=True)
  (/129): BoundBatchNormalization(name=/129, inputs=[/input, /52, /53, /54, /55], perturbed=True)
  (/input-3): BoundConvTranspose(name=/input-3, inputs=[/129, /57, /58], perturbed=True)
  (/input-7): BoundBatchNormalization(name=/input-7, inputs=[/input-3, /59, /60, /61, /62], perturbed=True)
  (/132): BoundRelu(name=/132, inputs=[/input-7], perturbed=True)
  (/input-11): BoundConvTranspose(name=/input-11, inputs=[/132, /64, /65], perturbed=True)
  (/input-15): BoundBatchNormalization(name=/input-15, inputs=[/input-11, /66, /67, /68, /69], perturbed=True)
  (/135): BoundRelu(name=/135, inputs=[/input-15], perturbed=True)
  (/input-19): BoundConvTranspose(name=/input-19, inputs=[/135, /71, /72], perturbed=True)
  (/input-23): BoundBatchNormalization(name=/input-23, inputs=[/input-19, /73, /74, /75, /76], perturbed=True)
  (/138): BoundRelu(name=/138, inputs=[/input-23], perturbed=True)
  (/input-27): BoundConvTranspose(name=/input-27, inputs=[/138, /78, /79], perturbed=True)
  (/input-31): BoundConv(name=/input-31, inputs=[/input-27, /80, /81], perturbed=True)
  (/input-35): BoundRelu(name=/input-35, inputs=[/input-31], perturbed=True)
  (/input-39): BoundConv(name=/input-39, inputs=[/input-35, /82, /83], perturbed=True)
  (/input-43): BoundRelu(name=/input-43, inputs=[/input-39], perturbed=True)
  (/input-47): BoundBatchNormalization(name=/input-47, inputs=[/input-43, /84, /85, /86, /87], perturbed=True)
  (/input-51): BoundConv(name=/input-51, inputs=[/input-47, /89, /90], perturbed=True)
  (/input-55): BoundRelu(name=/input-55, inputs=[/input-51], perturbed=True)
  (/input-59): BoundBatchNormalization(name=/input-59, inputs=[/input-55, /91, /92, /93, /94], perturbed=True)
  (/input-63): BoundConv(name=/input-63, inputs=[/input-59, /96, /97], perturbed=True)
  (/input-67): BoundRelu(name=/input-67, inputs=[/input-63], perturbed=True)
  (/150): BoundBatchNormalization(name=/150, inputs=[/input-67, /98, /99, /100, /101], perturbed=True)
  (/151): BoundSplit(name=/151, inputs=[/shape], perturbed=False)
  (/152): BoundSplit(name=/152, inputs=[/shape], perturbed=False)
  (/153): BoundConstant(name=/153, value=tensor([0], device='cuda:0'))
  (/154): BoundSqueeze(name=/154, inputs=[/151, /153], perturbed=False)
  (/155): BoundConstant(name=/155, value=tensor([0], device='cuda:0'))
  (/156): BoundSqueeze(name=/156, inputs=[/152, /155], perturbed=False)
  (/157): BoundConstant(name=/157, value=tensor([0], device='cuda:0'))
  (/158): BoundUnsqueeze(name=/158, inputs=[/154, /157], perturbed=False)
  (/159): BoundConstant(name=/159, value=tensor([0], device='cuda:0'))
  (/160): BoundUnsqueeze(name=/160, inputs=[/156, /159], perturbed=False)
  (/161): BoundConcat(name=/161, inputs=[/158, /160], perturbed=False)
  (/162): BoundReshape(name=/162, inputs=[/150, /161], perturbed=True)
  (/163): BoundLinear(name=/163, inputs=[/162, /104, /105], perturbed=True)
)
Original output in the first batch: tensor([[0.53289700]], device='cuda:0')
Split layers:
Nonlinear functions:
   BoundRelu(name=/132, inputs=[/input-7], perturbed=True)
   BoundRelu(name=/135, inputs=[/input-15], perturbed=True)
   BoundRelu(name=/138, inputs=[/input-23], perturbed=True)
   BoundRelu(name=/input-35, inputs=[/input-31], perturbed=True)
   BoundRelu(name=/input-43, inputs=[/input-39], perturbed=True)
   BoundRelu(name=/input-55, inputs=[/input-51], perturbed=True)
   BoundRelu(name=/input-67, inputs=[/input-63], perturbed=True)
build batch [1/1]
layer /132 using sparse-features alpha with shape [39]; unstable size 39; total size 4608 ([1, 128, 6, 6])
layer /132 start_node /input-15 using full alpha [2, 12544, 1, 39] with unstable size None total_size 12544 output_shape torch.Size([64, 14, 14])
layer /132 start_node /input-23 using full alpha [2, 28800, 1, 39] with unstable size None total_size 28800 output_shape torch.Size([32, 30, 30])
layer /132 start_node /input-31 using full alpha [2, 4096, 1, 39] with unstable size None total_size 4096 output_shape torch.Size([16, 16, 16])
layer /132 start_node /input-39 using full alpha [2, 2048, 1, 39] with unstable size None total_size 2048 output_shape torch.Size([32, 8, 8])
layer /132 start_node /input-51 using full alpha [2, 1024, 1, 39] with unstable size None total_size 1024 output_shape torch.Size([64, 4, 4])
layer /132 start_node /input-63 using full alpha [2, 512, 1, 39] with unstable size None total_size 512 output_shape torch.Size([128, 2, 2])
layer /132 start_node /163 using full alpha [2, 2, 1, 39] with unstable size None total_size 2 output_shape 2
layer /135 using sparse-features alpha with shape [197]; unstable size 197; total size 12544 ([1, 64, 14, 14])
layer /135 start_node /input-23 using full alpha [2, 28800, 1, 197] with unstable size None total_size 28800 output_shape torch.Size([32, 30, 30])
layer /135 start_node /input-31 using full alpha [2, 4096, 1, 197] with unstable size None total_size 4096 output_shape torch.Size([16, 16, 16])
layer /135 start_node /input-39 using full alpha [2, 2048, 1, 197] with unstable size None total_size 2048 output_shape torch.Size([32, 8, 8])
layer /135 start_node /input-51 using full alpha [2, 1024, 1, 197] with unstable size None total_size 1024 output_shape torch.Size([64, 4, 4])
layer /135 start_node /input-63 using full alpha [2, 512, 1, 197] with unstable size None total_size 512 output_shape torch.Size([128, 2, 2])
layer /135 start_node /163 using full alpha [2, 2, 1, 197] with unstable size None total_size 2 output_shape 2
layer /138 using sparse-features alpha with shape [282]; unstable size 282; total size 28800 ([1, 32, 30, 30])
layer /138 start_node /input-31 using full alpha [2, 4096, 1, 282] with unstable size None total_size 4096 output_shape torch.Size([16, 16, 16])
layer /138 start_node /input-39 using full alpha [2, 2048, 1, 282] with unstable size None total_size 2048 output_shape torch.Size([32, 8, 8])
layer /138 start_node /input-51 using full alpha [2, 1024, 1, 282] with unstable size None total_size 1024 output_shape torch.Size([64, 4, 4])
layer /138 start_node /input-63 using full alpha [2, 512, 1, 282] with unstable size None total_size 512 output_shape torch.Size([128, 2, 2])
layer /138 start_node /163 using full alpha [2, 2, 1, 282] with unstable size None total_size 2 output_shape 2
layer /input-35 using sparse-features alpha with shape [12]; unstable size 12; total size 4096 ([1, 16, 16, 16])
layer /input-35 start_node /input-39 using full alpha [2, 2048, 1, 12] with unstable size None total_size 2048 output_shape torch.Size([32, 8, 8])
layer /input-35 start_node /input-51 using full alpha [2, 1024, 1, 12] with unstable size None total_size 1024 output_shape torch.Size([64, 4, 4])
layer /input-35 start_node /input-63 using full alpha [2, 512, 1, 12] with unstable size None total_size 512 output_shape torch.Size([128, 2, 2])
layer /input-35 start_node /163 using full alpha [2, 2, 1, 12] with unstable size None total_size 2 output_shape 2
layer /input-43 using sparse-features alpha with shape [16]; unstable size 16; total size 2048 ([1, 32, 8, 8])
layer /input-43 start_node /input-51 using full alpha [2, 1024, 1, 16] with unstable size None total_size 1024 output_shape torch.Size([64, 4, 4])
layer /input-43 start_node /input-63 using full alpha [2, 512, 1, 16] with unstable size None total_size 512 output_shape torch.Size([128, 2, 2])
layer /input-43 start_node /163 using full alpha [2, 2, 1, 16] with unstable size None total_size 2 output_shape 2
layer /input-55 using sparse-features alpha with shape [16]; unstable size 16; total size 1024 ([1, 64, 4, 4])
layer /input-55 start_node /input-63 using full alpha [2, 512, 1, 16] with unstable size None total_size 512 output_shape torch.Size([128, 2, 2])
layer /input-55 start_node /163 using full alpha [2, 2, 1, 16] with unstable size None total_size 2 output_shape 2
layer /input-67 using sparse-features alpha with shape [10]; unstable size 10; total size 512 ([1, 128, 2, 2])
layer /input-67 start_node /163 using full alpha [2, 2, 1, 10] with unstable size None total_size 2 output_shape 2
Optimizable variables initialized.
initial CROWN bounds (first 10 items): [-0.5508161187171936, 0.5163884162902832]
prune_after_crown optimization in use
  original spec size = torch.Size([1, 2])
  pruned spec size = torch.Size([1, 1])
Using alpha-CROWN to initialize bounds.
Early stop at 59th iter due to 10 iterations no improvement!
best_l after optimization: -0.5478487014770508
alpha/beta optimization time: 74.80981492996216
initial alpha-crown bounds (first 10 items): [-0.5478487014770508]
Global lower bound: -0.5478487014770508
1 / 2 OR specs are verified.
Verified OR indices (first 10 items): [1]
Verified OR lbs (first 10 items): [[inf]]
Unverified OR indices (first 10 items): [0]
Unverified OR lbs (first 10 items): [[-0.5478487014770508]]
###### Verifying property Instance 0 ######
Batch size: 1
First 10 spec matrices
C: tensor([[[-1.]]], device='cuda:0')
RHS: tensor([[-0.53643966]], device='cuda:0')
OR spec sizes: tensor([1], device='cuda:0', dtype=torch.int32)
Remaining timeout: 821.5943026542664
Model prediction is: tensor([0.53289700], device='cuda:0')
Activation BaB batch 1/1 
build_with_refined_bounds batch [1/1]
Optimizable variables initialized.
all alpha initialized
directly get lb and ub from refined bounds
c shape: torch.Size([1, 1, 1])
lA shapes: [torch.Size([1, 1, 128, 6, 6]), torch.Size([1, 1, 64, 14, 14]), torch.Size([1, 1, 32, 30, 30]), torch.Size([1, 1, 16, 16, 16]), torch.Size([1, 1, 32, 8, 8]), torch.Size([1, 1, 64, 4, 4]), torch.Size([1, 1, 128, 2, 2])]
(alpha-)CROWN with fixed intermediate bounds: tensor([[-0.54784870]], device='cuda:0') tensor([[inf]], device='cuda:0')
Intermediate layers: /input-7,/input-15,/input-23,/input-31,/input-39,/input-51,/input-63
Keeping alphas for these layers: ['/163']
Node /132 input 0: size torch.Size([128, 6, 6]) unstable 39
Node /135 input 0: size torch.Size([64, 14, 14]) unstable 197
Node /138 input 0: size torch.Size([32, 30, 30]) unstable 276
Node /input-35 input 0: size torch.Size([16, 16, 16]) unstable 12
Node /input-43 input 0: size torch.Size([32, 8, 8]) unstable 15
Node /input-55 input 0: size torch.Size([64, 4, 4]) unstable 16
Node /input-67 input 0: size torch.Size([128, 2, 2]) unstable 8
-----------------
# of unstable neurons: 563
-----------------

BaB round 1
batch: 1
splitting decisions: 
split level 0: [/input-63, 203] 
split level 1: [/input-31, 1625] 
split level 2: [/input-39, 1428] 
split level 3: [/input-51, 406] 
split level 4: [/input-15, 4752] 
split level 5: [/input-15, 9064] 
split level 6: [/input-63, 223] 
best_l after optimization: -68.68995666503906
beta sum per layer: [0.0, 1.2369403839111328, 0.0, 3.1780927181243896, 6.074491024017334, 5.101838111877441, 2.806014060974121]
alpha/beta optimization time: 1.823155403137207
pruning_in_iteration open status: True
ratio of positive domain = 120 / 128 = 0.9375
pruning-in-iteration extra time: 0.017627954483032227
Time: get_branching_decision.update_bounds 0.1490    pickout 0.0022    branching_decision 0.0001    decision 0.0001    set_bounds 0.0183    prepare 0.0043    transfer 0.0000    finalize 0.0018    func 1.8891    
Accumulated time: get_branching_decision.update_bounds 0.1490    bab_iteration 0.0000    pickout 0.0022    decision 0.0001    branching_decision 0.0001    set_bounds 0.0183    solve 0.0000    func 1.8891    prepare 0.0043    transfer 0.0000    finalize 0.0018    
max lb -0.5363396406173706 min lb -0.5476891994476318
Number of Verified Splits: 120 of 128
Current worst splitting domains lb-rhs (depth):
-0.01125 (7), -0.00786 (7), -0.00639 (7), -0.00590 (7), -0.00288 (7), -0.00266 (7), -0.00043 (7), -0.00032 (7), 
Current (lb-rhs): -0.011249542236328125
128 domains visited
Length of domains: 8
Cumulative time: 2.274355411529541

BaB round 2
batch: 8
splitting decisions: 
split level 0: [/input-51, 926] [/input-51, 926] [/input-39, 468] [/input-39, 468] [/input-39, 468] [/input-51, 926] [/input-39, 468] [/input-39, 468] 
split level 1: [/input-51, 823] [/input-51, 823] [/input-23, 25453] [/input-23, 25484] [/input-23, 25453] [/input-51, 823] [/input-23, 25453] [/input-23, 25453] 
split level 2: [/input-39, 269] [/input-39, 269] [/input-39, 1108] [/input-23, 25453] [/input-39, 1108] [/input-39, 269] [/input-39, 1108] [/input-23, 25484] 
split level 3: [/input-39, 1820] [/input-39, 1820] [/input-39, 1820] [/input-39, 1108] [/input-23, 22757] [/input-39, 1820] [/input-39, 1820] [/input-39, 1108] 
best_l after optimization: -68.76902770996094
beta sum per layer: [0.0, 14.582847595214844, 2.5430150032043457, 15.037205696105957, 73.04832458496094, 88.36476135253906, 0.0]
alpha/beta optimization time: 1.1460094451904297
pruning_in_iteration open status: True
ratio of positive domain = 96 / 128 = 0.75
pruning-in-iteration extra time: 0.017745494842529297
Time: get_branching_decision.update_bounds 0.1490    pickout 0.0056    branching_decision 0.0001    decision 0.0001    set_bounds 0.0077    prepare 0.0072    transfer 0.0000    finalize 0.0038    func 1.2014    solve 1.8892    add 0.0335    bab_iteration 1.9544    
Accumulated time: get_branching_decision.update_bounds 0.1490    bab_iteration 1.9544    pickout 0.0078    decision 0.0002    branching_decision 0.0002    set_bounds 0.0260    solve 1.8892    func 3.0905    prepare 0.0115    transfer 0.0001    finalize 0.0056    add 0.0335    
max lb -0.5363396406173706 min lb -0.5476208925247192
Number of Verified Splits: 96 of 128
Current worst splitting domains lb-rhs (depth):
-0.01118 (11), -0.00750 (11), -0.00735 (11), -0.00684 (11), -0.00649 (11), -0.00638 (11), -0.00501 (11), -0.00501 (11), -0.00498 (11), -0.00467 (11), -0.00458 (11), -0.00452 (11), -0.00387 (11), -0.00380 (11), -0.00323 (11), -0.00299 (11), -0.00288 (11), -0.00287 (11), -0.00279 (11), -0.00275 (11), 
Current (lb-rhs): -0.011181235313415527
256 domains visited
Length of domains: 32
Cumulative time: 3.5790727138519287

BaB round 3
batch: 32
splitting decisions: 
split level 0: [/input-39, 468] [/input-39, 468] [/input-39, 468] [/input-39, 468] [/input-39, 468] [/input-39, 468] [/input-39, 468] [/input-39, 468] [/input-39, 468] [/input-39, 468] 
split level 1: [/input-39, 595] [/input-39, 595] [/input-39, 595] [/input-39, 595] [/input-39, 595] [/input-39, 595] [/input-39, 620] [/input-39, 595] [/input-39, 595] [/input-39, 595] 
best_l after optimization: -68.94023132324219
beta sum per layer: [0.31129780411720276, 14.710098266601562, 18.963376998901367, 0.0, 46.834564208984375, 276.1134338378906, 0.0]
alpha/beta optimization time: 0.9930558204650879
pruning_in_iteration open status: True
ratio of positive domain = 50 / 128 = 0.390625
pruning-in-iteration extra time: 0.013437032699584961
Time: get_branching_decision.update_bounds 0.1490    pickout 0.0098    branching_decision 0.0001    decision 0.0001    set_bounds 0.0053    prepare 0.0074    transfer 0.0000    finalize 0.0189    func 1.0753    solve 1.2014    add 0.0789    bab_iteration 1.3047    
Accumulated time: get_branching_decision.update_bounds 0.1490    bab_iteration 3.2592    pickout 0.0176    decision 0.0003    branching_decision 0.0002    set_bounds 0.0313    solve 3.0906    func 4.1657    prepare 0.0189    transfer 0.0001    finalize 0.0244    add 0.1124    
max lb -0.5363396406173706 min lb -0.5476187467575073
Number of Verified Splits: 50 of 128
Current worst splitting domains lb-rhs (depth):
-0.01118 (13), -0.01090 (13), -0.01034 (13), -0.01033 (13), -0.00750 (13), -0.00726 (13), -0.00723 (13), -0.00701 (13), -0.00683 (13), -0.00671 (13), -0.00664 (13), -0.00586 (13), -0.00575 (13), -0.00529 (13), -0.00523 (13), -0.00478 (13), -0.00476 (13), -0.00460 (13), -0.00457 (13), -0.00456 (13), 
Current (lb-rhs): -0.011179089546203613
384 domains visited
Length of domains: 78
Cumulative time: 4.816839933395386

BaB round 4
batch: 78
splitting decisions: 
split level 0: [/input-23, 9165] [/input-7, 2313] [/input-23, 9165] [/input-7, 2313] [/input-23, 9165] [/input-23, 10877] [/input-39, 595] [/input-39, 595] [/input-15, 9023] [/input-39, 595] 
best_l after optimization: -84.05604553222656
beta sum per layer: [0.9497276544570923, 21.457426071166992, 49.436607360839844, 0.0, 128.27606201171875, 373.95611572265625, 0.0]
alpha/beta optimization time: 0.9194517135620117
pruning_in_iteration open status: True
ratio of positive domain = 40 / 156 = 0.2564102564102564
pruning-in-iteration extra time: 0.0050771236419677734
Time: get_branching_decision.update_bounds 0.1490    pickout 0.0232    branching_decision 0.0001    decision 0.0001    set_bounds 0.0038    prepare 0.0091    transfer 0.0000    finalize 0.0284    func 1.0194    solve 1.0753    add 0.1361    bab_iteration 1.2378    
Accumulated time: get_branching_decision.update_bounds 0.1490    bab_iteration 4.4969    pickout 0.0408    decision 0.0004    branching_decision 0.0003    set_bounds 0.0351    solve 4.1659    func 5.1851    prepare 0.0280    transfer 0.0002    finalize 0.0528    add 0.2485    
max lb -0.5363396406173706 min lb -0.5476176738739014
Number of Verified Splits: 40 of 156
Current worst splitting domains lb-rhs (depth):
-0.01118 (14), -0.01118 (14), -0.01085 (14), -0.01085 (14), -0.01010 (14), -0.01002 (14), -0.00943 (14), -0.00942 (14), -0.00750 (14), -0.00745 (14), -0.00717 (14), -0.00715 (14), -0.00689 (14), -0.00670 (14), -0.00663 (14), -0.00656 (14), -0.00648 (14), -0.00637 (14), -0.00634 (14), -0.00519 (14), 
Current (lb-rhs): -0.011178016662597656
540 domains visited
Length of domains: 116
Cumulative time: 6.020931243896484

BaB round 5
batch: 116
splitting decisions: 
split level 0: [/input-15, 2778] [/input-23, 9165] [/input-39, 620] [/input-39, 620] [/input-15, 9416] [/input-7, 1977] [/input-15, 2778] [/input-15, 11375] [/input-15, 2778] [/input-15, 2778] 
best_l after optimization: -124.89871978759766
beta sum per layer: [6.548671245574951, 43.639305114746094, 81.1108627319336, 0.0, 221.20693969726562, 574.6921997070312, 0.0]
alpha/beta optimization time: 1.1845228672027588
pruning_in_iteration open status: True
ratio of positive domain = 90 / 232 = 0.3879310344827587
pruning-in-iteration extra time: 0.013058662414550781
Time: get_branching_decision.update_bounds 0.1490    pickout 0.0459    branching_decision 0.0001    decision 0.0001    set_bounds 0.0055    prepare 0.0133    transfer 0.0000    finalize 0.0465    func 1.3294    solve 1.0194    add 0.1470    bab_iteration 1.2041    
Accumulated time: get_branching_decision.update_bounds 0.1490    bab_iteration 5.7010    pickout 0.0867    decision 0.0006    branching_decision 0.0005    set_bounds 0.0406    solve 5.1853    func 6.5145    prepare 0.0413    transfer 0.0002    finalize 0.0993    add 0.3955    
max lb -0.5363396406173706 min lb -0.5476166605949402
Number of Verified Splits: 90 of 232
Current worst splitting domains lb-rhs (depth):
-0.01118 (15), -0.01118 (15), -0.01085 (15), -0.01085 (15), -0.01084 (15), -0.01081 (15), -0.00993 (15), -0.00967 (15), -0.00869 (15), -0.00849 (15), -0.00842 (15), -0.00749 (15), -0.00745 (15), -0.00711 (15), -0.00711 (15), -0.00680 (15), -0.00667 (15), -0.00657 (15), -0.00653 (15), -0.00629 (15), 
Current (lb-rhs): -0.011177003383636475
772 domains visited
Length of domains: 142
Cumulative time: 7.672724962234497

BaB round 6
batch: 142
splitting decisions: 
split level 0: [/input-7, 2313] [/input-15, 2778] [/input-23, 9165] [/input-15, 2778] [/input-23, 9286] [/input-7, 1977] [/input-15, 3382] [/input-23, 10965] [/input-15, 1715] [/input-23, 9165] 
best_l after optimization: -152.8653564453125
beta sum per layer: [19.99688720703125, 80.17652893066406, 97.09762573242188, 0.0, 303.7681579589844, 709.6193237304688, 0.0]
alpha/beta optimization time: 1.2095067501068115
pruning_in_iteration open status: True
ratio of positive domain = 119 / 284 = 0.41901408450704225
pruning-in-iteration extra time: 0.012612104415893555
Time: get_branching_decision.update_bounds 0.1490    pickout 0.0565    branching_decision 0.0001    decision 0.0002    set_bounds 0.0069    prepare 0.0167    transfer 0.0000    finalize 0.0722    func 1.3722    solve 1.3295    add 0.2599    bab_iteration 1.6518    
Accumulated time: get_branching_decision.update_bounds 0.1490    bab_iteration 7.3528    pickout 0.1432    decision 0.0008    branching_decision 0.0006    set_bounds 0.0475    solve 6.5148    func 7.8867    prepare 0.0581    transfer 0.0003    finalize 0.1715    add 0.6555    
max lb -0.5363396406173706 min lb -0.5476166009902954
Number of Verified Splits: 119 of 284
Current worst splitting domains lb-rhs (depth):
-0.01118 (16), -0.01118 (16), -0.01084 (16), -0.01084 (16), -0.01084 (16), -0.01081 (16), -0.01017 (16), -0.00973 (16), -0.00940 (16), -0.00919 (16), -0.00915 (16), -0.00914 (16), -0.00759 (16), -0.00749 (16), -0.00746 (16), -0.00745 (16), -0.00740 (16), -0.00729 (16), -0.00708 (16), -0.00703 (16), 
Current (lb-rhs): -0.0111769437789917
1056 domains visited
Length of domains: 165
Cumulative time: 9.645121574401855

BaB round 7
batch: 165
splitting decisions: 
split level 0: [/input-15, 1715] [/input-23, 10965] [/input-15, 9067] [/input-15, 9067] [/input-23, 22662] [/input-23, 17238] [/input-7, 2313] [/input-23, 10965] [/input-15, 11375] [/input-15, 9067] 
best_l after optimization: -177.6148681640625
beta sum per layer: [26.81487464904785, 111.4787368774414, 99.80982208251953, 1.129755973815918, 392.2735900878906, 878.238037109375, 0.0]
alpha/beta optimization time: 1.282984972000122
pruning_in_iteration open status: True
ratio of positive domain = 139 / 330 = 0.42121212121212126
pruning-in-iteration extra time: 0.013907432556152344
Time: get_branching_decision.update_bounds 0.1490    pickout 0.0899    branching_decision 0.0001    decision 0.0001    set_bounds 0.0079    prepare 0.0194    transfer 0.0000    finalize 0.0358    func 1.4189    solve 1.3722    add 0.5036    bab_iteration 1.9724    
Accumulated time: get_branching_decision.update_bounds 0.1490    bab_iteration 9.3252    pickout 0.2331    decision 0.0009    branching_decision 0.0007    set_bounds 0.0554    solve 7.8870    func 9.3056    prepare 0.0775    transfer 0.0003    finalize 0.2073    add 1.1591    
max lb -0.5363396406173706 min lb -0.5476154088973999
Number of Verified Splits: 139 of 330
Current worst splitting domains lb-rhs (depth):
-0.01118 (17), -0.01118 (17), -0.01084 (17), -0.01084 (17), -0.01084 (17), -0.01080 (17), -0.01061 (17), -0.01051 (17), -0.01026 (17), -0.01007 (17), -0.00998 (17), -0.00949 (17), -0.00913 (17), -0.00912 (17), -0.00848 (17), -0.00749 (17), -0.00745 (17), -0.00701 (17), -0.00698 (17), -0.00683 (17), 
Current (lb-rhs): -0.011175751686096191
1386 domains visited
Length of domains: 191
Cumulative time: 11.406280279159546

BaB round 8
batch: 191
splitting decisions: 
split level 0: [/input-7, 2313] [/input-15, 9416] [/input-39, 468] [/input-15, 3551] [/input-15, 9416] [/input-15, 9416] [/input-39, 468] [/input-7, 1977] [/input-15, 4573] [/input-7, 4257] 
best_l after optimization: -205.6934814453125
beta sum per layer: [46.01326370239258, 125.70321655273438, 107.79590606689453, 4.482047080993652, 446.516357421875, 1110.947265625, 0.0]
alpha/beta optimization time: 1.146045446395874
pruning_in_iteration open status: True
ratio of positive domain = 144 / 382 = 0.37696335078534027
pruning-in-iteration extra time: 0.013770341873168945
Time: get_branching_decision.update_bounds 0.1490    pickout 0.0620    branching_decision 0.0001    decision 0.0001    set_bounds 0.0091    prepare 0.0225    transfer 0.0000    finalize 0.0801    func 1.3441    solve 1.4190    add 0.2335    bab_iteration 1.7611    
Accumulated time: get_branching_decision.update_bounds 0.1490    bab_iteration 11.0863    pickout 0.2951    decision 0.0011    branching_decision 0.0009    set_bounds 0.0645    solve 9.3060    func 10.6497    prepare 0.1000    transfer 0.0004    finalize 0.2874    add 1.3926    
max lb -0.5363396406173706 min lb -0.5476104617118835
Number of Verified Splits: 144 of 382
Current worst splitting domains lb-rhs (depth):
-0.01117 (18), -0.01117 (18), -0.01084 (18), -0.01084 (18), -0.01084 (18), -0.01080 (18), -0.01059 (18), -0.01047 (18), -0.01011 (18), -0.01008 (18), -0.00998 (18), -0.00988 (18), -0.00986 (18), -0.00916 (18), -0.00887 (18), -0.00882 (18), -0.00872 (18), -0.00833 (18), -0.00831 (18), -0.00818 (18), 
Current (lb-rhs): -0.011170804500579834
1768 domains visited
Length of domains: 238
Cumulative time: 13.137106657028198

BaB round 9
batch: 238
splitting decisions: 
split level 0: [/input-23, 10870] [/input-7, 2313] [/input-7, 4257] [/input-23, 22790] [/input-23, 22790] [/input-15, 7006] [/input-15, 7006] [/input-23, 10965] [/input-7, 2313] [/input-23, 9165] 
best_l after optimization: -256.3252868652344
beta sum per layer: [83.62281799316406, 202.46266174316406, 146.3643341064453, 8.156593322753906, 577.9345092773438, 1525.6973876953125, 0.0]
alpha/beta optimization time: 1.2624034881591797
pruning_in_iteration open status: True
ratio of positive domain = 156 / 476 = 0.32773109243697474
pruning-in-iteration extra time: 0.012971162796020508
Time: get_branching_decision.update_bounds 0.1490    pickout 0.0715    branching_decision 0.0002    decision 0.0002    set_bounds 0.0110    prepare 0.0281    transfer 0.0000    finalize 0.0493    func 1.4644    solve 1.3442    add 0.3047    bab_iteration 1.7308    
Accumulated time: get_branching_decision.update_bounds 0.1490    bab_iteration 12.8172    pickout 0.3666    decision 0.0013    branching_decision 0.0010    set_bounds 0.0756    solve 10.6501    func 12.1141    prepare 0.1280    transfer 0.0004    finalize 0.3367    add 1.6973    
max lb -0.5363396406173706 min lb -0.5476104021072388
Number of Verified Splits: 156 of 476
Current worst splitting domains lb-rhs (depth):
-0.01117 (19), -0.01117 (19), -0.01087 (19), -0.01084 (19), -0.01084 (19), -0.01084 (19), -0.01080 (19), -0.01064 (19), -0.01058 (19), -0.01045 (19), -0.01016 (19), -0.00999 (19), -0.00997 (19), -0.00992 (19), -0.00990 (19), -0.00979 (19), -0.00963 (19), -0.00957 (19), -0.00882 (19), -0.00872 (19), 
Current (lb-rhs): -0.011170744895935059
2244 domains visited
Length of domains: 320
Cumulative time: 15.106932163238525

BaB round 10
batch: 320
splitting decisions: 
split level 0: [/input-23, 22790] [/input-23, 10870] [/input-15, 2403] [/input-15, 11013] [/input-23, 10870] [/input-15, 2778] [/input-23, 10965] [/input-23, 10965] [/input-23, 22790] [/input-23, 22790] 
best_l after optimization: -344.445068359375
beta sum per layer: [104.35041046142578, 355.30029296875, 294.2113342285156, 29.88237762451172, 726.2059936523438, 2035.5205078125, 0.0]
alpha/beta optimization time: 1.382986307144165
pruning_in_iteration open status: True
ratio of positive domain = 238 / 640 = 0.37187499999999996
pruning-in-iteration extra time: 0.012613296508789062
Time: get_branching_decision.update_bounds 0.1490    pickout 0.0871    branching_decision 0.0002    decision 0.0002    set_bounds 0.0149    prepare 0.0376    transfer 0.0001    finalize 0.0600    func 1.6180    solve 1.4645    add 0.4119    bab_iteration 1.9698    
Accumulated time: get_branching_decision.update_bounds 0.1490    bab_iteration 14.7870    pickout 0.4537    decision 0.0014    branching_decision 0.0012    set_bounds 0.0904    solve 12.1146    func 13.7322    prepare 0.1656    transfer 0.0005    finalize 0.3967    add 2.1092    
max lb -0.5363396406173706 min lb -0.5476104021072388
Number of Verified Splits: 238 of 640
Current worst splitting domains lb-rhs (depth):
-0.01117 (20), -0.01117 (20), -0.01087 (20), -0.01084 (20), -0.01084 (20), -0.01083 (20), -0.01079 (20), -0.01063 (20), -0.01055 (20), -0.01042 (20), -0.01003 (20), -0.00993 (20), -0.00989 (20), -0.00983 (20), -0.00982 (20), -0.00963 (20), -0.00947 (20), -0.00943 (20), -0.00931 (20), -0.00891 (20), 
Current (lb-rhs): -0.011170744895935059
2884 domains visited
Length of domains: 402
Cumulative time: 17.332244157791138

BaB round 11
batch: 402
splitting decisions: 
split level 0: [/input-15, 5903] [/input-23, 22790] [/input-23, 113] [/input-23, 28095] [/input-23, 28095] [/input-7, 4257] [/input-15, 2778] [/input-39, 1108] [/input-7, 4257] [/input-39, 1108] 
best_l after optimization: -432.574951171875
beta sum per layer: [151.61428833007812, 504.17047119140625, 444.463134765625, 80.08079528808594, 922.6555786132812, 2533.92236328125, 0.0]
alpha/beta optimization time: 1.5141847133636475
pruning_in_iteration open status: True
ratio of positive domain = 343 / 804 = 0.4266169154228856
pruning-in-iteration extra time: 0.014404058456420898
Time: get_branching_decision.update_bounds 0.1490    pickout 0.1042    branching_decision 0.0002    decision 0.0002    set_bounds 0.0187    prepare 0.0475    transfer 0.0001    finalize 0.0938    func 1.8108    solve 1.6181    add 0.4871    bab_iteration 2.2253    
Accumulated time: get_branching_decision.update_bounds 0.1490    bab_iteration 17.0123    pickout 0.5579    decision 0.0017    branching_decision 0.0014    set_bounds 0.1091    solve 13.7327    func 15.5429    prepare 0.2130    transfer 0.0005    finalize 0.4905    add 2.5963    
max lb -0.5363396406173706 min lb -0.547579824924469
Number of Verified Splits: 343 of 804
Current worst splitting domains lb-rhs (depth):
-0.01114 (21), -0.01114 (21), -0.01108 (21), -0.01083 (21), -0.01083 (21), -0.01083 (21), -0.01083 (21), -0.01082 (21), -0.01079 (21), -0.01061 (21), -0.01055 (21), -0.01041 (21), -0.00990 (21), -0.00988 (21), -0.00987 (21), -0.00979 (21), -0.00968 (21), -0.00962 (21), -0.00931 (21), -0.00925 (21), 
Current (lb-rhs): -0.011140167713165283
3688 domains visited
Length of domains: 461
Cumulative time: 19.60852837562561

BaB round 12
batch: 461
splitting decisions: 
split level 0: [/input-23, 27949] [/input-15, 399] [/input-15, 11013] [/input-15, 5903] [/input-51, 98] [/input-15, 4133] [/input-15, 11013] [/input-15, 9416] [/input-15, 11013] [/input-23, 27949] 
best_l after optimization: -496.0718688964844
beta sum per layer: [144.87091064453125, 695.6728515625, 508.9718933105469, 127.3716812133789, 1104.2607421875, 2858.114501953125, 0.0]
alpha/beta optimization time: 1.6023728847503662
pruning_in_iteration open status: True
ratio of positive domain = 403 / 922 = 0.4370932754880694
pruning-in-iteration extra time: 0.014417409896850586
Time: get_branching_decision.update_bounds 0.1490    pickout 0.1277    branching_decision 0.0002    decision 0.0003    set_bounds 0.0214    prepare 0.0545    transfer 0.0001    finalize 0.0792    func 1.9420    solve 1.8108    add 0.3315    bab_iteration 2.2763    
Accumulated time: get_branching_decision.update_bounds 0.1490    bab_iteration 19.2886    pickout 0.6856    decision 0.0019    branching_decision 0.0017    set_bounds 0.1305    solve 15.5435    func 17.4849    prepare 0.2676    transfer 0.0006    finalize 0.5697    add 2.9279    
max lb -0.5363396406173706 min lb -0.5475790500640869
Number of Verified Splits: 403 of 922
Current worst splitting domains lb-rhs (depth):
-0.01114 (22), -0.01114 (22), -0.01108 (22), -0.01090 (22), -0.01089 (22), -0.01086 (22), -0.01083 (22), -0.01083 (22), -0.01083 (22), -0.01082 (22), -0.01082 (22), -0.01079 (22), -0.01062 (22), -0.01060 (22), -0.01051 (22), -0.01049 (22), -0.01038 (22), -0.00989 (22), -0.00986 (22), -0.00980 (22), 
Current (lb-rhs): -0.011139392852783203
4610 domains visited
Length of domains: 519
Cumulative time: 22.02092409133911

BaB round 13
batch: 519
splitting decisions: 
split level 0: [/input-15, 11013] [/input-15, 7876] [/input-15, 11013] [/input-23, 25453] [/input-7, 2313] [/input-15, 2950] [/input-15, 5903] [/input-15, 4712] [/input-15, 7876] [/input-51, 98] 
best_l after optimization: -558.6666259765625
beta sum per layer: [208.83689880371094, 865.852294921875, 571.2381591796875, 185.45050048828125, 1336.8330078125, 3085.566162109375, 0.0]
alpha/beta optimization time: 1.6694629192352295
pruning_in_iteration open status: True
ratio of positive domain = 478 / 1038 = 0.4605009633911368
pruning-in-iteration extra time: 0.015395879745483398
Time: get_branching_decision.update_bounds 0.1490    pickout 0.1400    branching_decision 0.0003    decision 0.0003    set_bounds 0.0245    prepare 0.0616    transfer 0.0001    finalize 0.0884    func 2.0043    solve 1.9421    add 0.3101    bab_iteration 2.4124    
Accumulated time: get_branching_decision.update_bounds 0.1490    bab_iteration 21.7009    pickout 0.8256    decision 0.0022    branching_decision 0.0020    set_bounds 0.1550    solve 17.4855    func 19.4892    prepare 0.3292    transfer 0.0007    finalize 0.6581    add 3.2380    
max lb -0.5363396406173706 min lb -0.5475786924362183
Number of Verified Splits: 478 of 1038
Current worst splitting domains lb-rhs (depth):
-0.01114 (23), -0.01114 (23), -0.01114 (23), -0.01108 (23), -0.01094 (23), -0.01089 (23), -0.01088 (23), -0.01085 (23), -0.01083 (23), -0.01082 (23), -0.01081 (23), -0.01081 (23), -0.01081 (23), -0.01080 (23), -0.01079 (23), -0.01076 (23), -0.01072 (23), -0.01057 (23), -0.01057 (23), -0.01051 (23), 
Current (lb-rhs): -0.01113903522491455
5648 domains visited
Length of domains: 560
Cumulative time: 24.57055687904358

BaB round 14
batch: 560
splitting decisions: 
split level 0: [/input-23, 10965] [/input-15, 2389] [/input-15, 7876] [/input-15, 399] [/input-23, 27949] [/input-15, 5903] [/input-15, 5721] [/input-15, 5721] [/input-23, 3921] [/input-23, 27949] 
best_l after optimization: -603.2670288085938
beta sum per layer: [248.7422332763672, 970.016357421875, 657.1395263671875, 206.44381713867188, 1420.62548828125, 3013.5810546875, 0.0]
alpha/beta optimization time: 1.8440704345703125
pruning_in_iteration open status: True
ratio of positive domain = 422 / 1120 = 0.3767857142857143
pruning-in-iteration extra time: 0.014310359954833984
Time: get_branching_decision.update_bounds 0.1490    pickout 0.1502    branching_decision 0.0003    decision 0.0003    set_bounds 0.0265    prepare 0.0667    transfer 0.0001    finalize 0.1378    func 2.2740    solve 2.0043    add 0.3641    bab_iteration 2.5496    
Accumulated time: get_branching_decision.update_bounds 0.1490    bab_iteration 24.2506    pickout 0.9758    decision 0.0026    branching_decision 0.0023    set_bounds 0.1815    solve 19.4899    func 21.7632    prepare 0.3959    transfer 0.0009    finalize 0.7959    add 3.6021    
max lb -0.5363396406173706 min lb -0.5475760698318481
Number of Verified Splits: 422 of 1120
Current worst splitting domains lb-rhs (depth):
-0.01114 (24), -0.01114 (24), -0.01113 (24), -0.01107 (24), -0.01088 (24), -0.01087 (24), -0.01084 (24), -0.01082 (24), -0.01082 (24), -0.01081 (24), -0.01081 (24), -0.01081 (24), -0.01080 (24), -0.01080 (24), -0.01080 (24), -0.01079 (24), -0.01078 (24), -0.01078 (24), -0.01077 (24), -0.01076 (24), 
Current (lb-rhs): -0.011136412620544434
6768 domains visited
Length of domains: 698
Cumulative time: 27.504356384277344

BaB round 15
batch: 698
splitting decisions: 
split level 0: [/input-15, 7877] [/input-15, 2389] [/input-15, 5721] [/input-15, 4712] [/input-15, 2389] [/input-15, 2389] [/input-39, 1101] [/input-23, 22662] [/input-15, 2778] [/input-15, 5903] 
best_l after optimization: -751.99755859375
beta sum per layer: [352.76446533203125, 1392.23681640625, 885.4346313476562, 274.8267822265625, 1712.3125, 3455.3466796875, 0.0]
alpha/beta optimization time: 2.2243974208831787
pruning_in_iteration open status: True
ratio of positive domain = 533 / 1396 = 0.38180515759312317
pruning-in-iteration extra time: 0.014033079147338867
Time: get_branching_decision.update_bounds 0.1490    pickout 0.1857    branching_decision 0.0004    decision 0.0004    set_bounds 0.0323    prepare 0.0829    transfer 0.0002    finalize 0.1376    func 2.7196    solve 2.2740    add 0.4717    bab_iteration 2.9338    
Accumulated time: get_branching_decision.update_bounds 0.1490    bab_iteration 27.1844    pickout 1.1616    decision 0.0030    branching_decision 0.0026    set_bounds 0.2138    solve 21.7639    func 24.4829    prepare 0.4788    transfer 0.0011    finalize 0.9335    add 4.0738    
max lb -0.5363396406173706 min lb -0.5475566983222961
Number of Verified Splits: 533 of 1396
Current worst splitting domains lb-rhs (depth):
-0.01112 (25), -0.01112 (25), -0.01111 (25), -0.01107 (25), -0.01088 (25), -0.01087 (25), -0.01084 (25), -0.01082 (25), -0.01082 (25), -0.01081 (25), -0.01081 (25), -0.01081 (25), -0.01080 (25), -0.01080 (25), -0.01080 (25), -0.01080 (25), -0.01078 (25), -0.01078 (25), -0.01077 (25), -0.01077 (25), 
Current (lb-rhs): -0.011117041110992432
8164 domains visited
Length of domains: 863
Cumulative time: 30.595748901367188

BaB round 16
batch: 863
splitting decisions: 
split level 0: [/input-15, 2778] [/input-15, 11013] [/input-39, 1108] [/input-23, 3921] [/input-15, 5903] [/input-23, 225] [/input-15, 4133] [/input-15, 4133] [/input-7, 1965] [/input-23, 27949] 
best_l after optimization: -929.7626953125
beta sum per layer: [427.920654296875, 1889.666259765625, 1112.17333984375, 289.32391357421875, 2237.01318359375, 4124.8544921875, 0.0]
alpha/beta optimization time: 2.6901729106903076
pruning_in_iteration open status: True
ratio of positive domain = 659 / 1726 = 0.3818076477404403
pruning-in-iteration extra time: 0.014327764511108398
Time: get_branching_decision.update_bounds 0.1490    pickout 0.1793    branching_decision 0.0005    decision 0.0005    set_bounds 0.0422    prepare 0.1033    transfer 0.0002    finalize 0.1822    func 3.3099    solve 2.7197    add 0.1527    bab_iteration 3.0914    
Accumulated time: get_branching_decision.update_bounds 0.1490    bab_iteration 30.2758    pickout 1.3408    decision 0.0034    branching_decision 0.0031    set_bounds 0.2559    solve 24.4836    func 27.7927    prepare 0.5821    transfer 0.0013    finalize 1.1157    add 4.2265    
max lb -0.5363396406173706 min lb -0.5475455522537231
Number of Verified Splits: 659 of 1726
Current worst splitting domains lb-rhs (depth):
-0.01111 (26), -0.01111 (26), -0.01110 (26), -0.01110 (26), -0.01109 (26), -0.01104 (26), -0.01092 (26), -0.01085 (26), -0.01085 (26), -0.01085 (26), -0.01083 (26), -0.01082 (26), -0.01081 (26), -0.01081 (26), -0.01080 (26), -0.01080 (26), -0.01080 (26), -0.01079 (26), -0.01078 (26), -0.01078 (26), 
Current (lb-rhs): -0.011105895042419434
9890 domains visited
Length of domains: 1067
Cumulative time: 34.70421862602234

BaB round 17
batch: 1067
splitting decisions: 
split level 0: [/input-7, 1965] [/input-15, 5721] [/input-15, 2389] [/input-7, 4257] [/input-15, 2403] [/input-15, 2778] [/input-23, 225] [/input-23, 27949] [/input-23, 9532] [/input-15, 2389] 
best_l after optimization: -1149.8201904296875
beta sum per layer: [509.79925537109375, 2433.093017578125, 1540.57177734375, 317.61651611328125, 2998.01611328125, 4787.63525390625, 0.0]
alpha/beta optimization time: 3.3105080127716064
pruning_in_iteration open status: True
ratio of positive domain = 781 / 2134 = 0.365979381443299
pruning-in-iteration extra time: 0.01475977897644043
Time: get_branching_decision.update_bounds 0.1490    pickout 0.3477    branching_decision 0.0005    decision 0.0005    set_bounds 0.0492    prepare 0.1281    transfer 0.0003    finalize 0.1997    func 4.0568    solve 3.3099    add 0.5191    bab_iteration 4.1085    
Accumulated time: get_branching_decision.update_bounds 0.1490    bab_iteration 34.3842    pickout 1.6885    decision 0.0040    branching_decision 0.0036    set_bounds 0.3051    solve 27.7936    func 31.8496    prepare 0.7102    transfer 0.0016    finalize 1.3154    add 4.7457    
max lb -0.5363396406173706 min lb -0.5475441217422485
Number of Verified Splits: 781 of 2134
Current worst splitting domains lb-rhs (depth):
-0.01110 (27), -0.01110 (27), -0.01110 (27), -0.01110 (27), -0.01110 (27), -0.01109 (27), -0.01109 (27), -0.01108 (27), -0.01105 (27), -0.01104 (27), -0.01104 (27), -0.01101 (27), -0.01092 (27), -0.01084 (27), -0.01084 (27), -0.01084 (27), -0.01083 (27), -0.01081 (27), -0.01080 (27), -0.01079 (27), 
Current (lb-rhs): -0.011104464530944824
12024 domains visited
Length of domains: 1353
Cumulative time: 39.53109383583069

BaB round 18
batch: 1353
splitting decisions: 
split level 0: [/input-23, 27949] [/input-23, 8714] [/input-39, 620] [/input-15, 4712] [/input-7, 4257] [/input-23, 18292] [/input-23, 9153] [/input-15, 2950] [/input-7, 4257] [/input-23, 22127] 
best_l after optimization: -1458.265380859375
beta sum per layer: [631.478759765625, 3289.610107421875, 2160.27099609375, 345.9442138671875, 3901.909912109375, 5931.69677734375, 0.0]
alpha/beta optimization time: 4.290099382400513
pruning_in_iteration open status: True
ratio of positive domain = 910 / 2706 = 0.336289726533629
pruning-in-iteration extra time: 0.01414942741394043
Time: get_branching_decision.update_bounds 0.1490    pickout 0.4823    branching_decision 0.0006    decision 0.0006    set_bounds 0.0621    prepare 0.1684    transfer 0.0003    finalize 0.2954    func 5.3043    solve 4.0569    add 0.3610    bab_iteration 4.8269    
Accumulated time: get_branching_decision.update_bounds 0.1490    bab_iteration 39.2111    pickout 2.1709    decision 0.0046    branching_decision 0.0043    set_bounds 0.3672    solve 31.8504    func 37.1539    prepare 0.8787    transfer 0.0019    finalize 1.6108    add 5.1066    
max lb -0.5363396406173706 min lb -0.5475291013717651
Number of Verified Splits: 910 of 2706
Current worst splitting domains lb-rhs (depth):
-0.01109 (28), -0.01109 (28), -0.01109 (28), -0.01109 (28), -0.01109 (28), -0.01108 (28), -0.01107 (28), -0.01107 (28), -0.01103 (28), -0.01102 (28), -0.01102 (28), -0.01098 (28), -0.01090 (28), -0.01083 (28), -0.01082 (28), -0.01082 (28), -0.01082 (28), -0.01080 (28), -0.01080 (28), -0.01079 (28), 
Current (lb-rhs): -0.011089444160461426
14730 domains visited
Length of domains: 1796
Cumulative time: 45.9039626121521

BaB round 19
batch: 1796
splitting decisions: 
split level 0: [/input-15, 4712] [/input-15, 1395] [/input-7, 2313] [/input-15, 11375] [/input-15, 5903] [/input-15, 1395] [/input-15, 2778] [/input-7, 1965] [/input-23, 16399] [/input-39, 1442] 
best_l after optimization: -1935.776611328125
beta sum per layer: [749.6174926757812, 4709.0546875, 3001.369140625, 269.96209716796875, 5010.896484375, 7248.32177734375, 0.0]
alpha/beta optimization time: 5.670166254043579
pruning_in_iteration open status: True
ratio of positive domain = 1160 / 3592 = 0.3229398663697105
pruning-in-iteration extra time: 0.01559758186340332
Time: get_branching_decision.update_bounds 0.1490    pickout 0.4898    branching_decision 0.0008    decision 0.0008    set_bounds 0.2280    prepare 0.2350    transfer 0.0004    finalize 0.3755    func 7.3656    solve 5.3044    add 0.5077    bab_iteration 6.3729    
Accumulated time: get_branching_decision.update_bounds 0.1490    bab_iteration 45.5839    pickout 2.6606    decision 0.0054    branching_decision 0.0051    set_bounds 0.5953    solve 37.1548    func 44.5195    prepare 1.1137    transfer 0.0023    finalize 1.9863    add 5.6143    
max lb -0.5363396406173706 min lb -0.5475288033485413
Number of Verified Splits: 1160 of 3592
Current worst splitting domains lb-rhs (depth):
-0.01109 (29), -0.01109 (29), -0.01109 (29), -0.01109 (29), -0.01109 (29), -0.01107 (29), -0.01106 (29), -0.01105 (29), -0.01102 (29), -0.01102 (29), -0.01102 (29), -0.01098 (29), -0.01090 (29), -0.01082 (29), -0.01082 (29), -0.01081 (29), -0.01080 (29), -0.01080 (29), -0.01078 (29), -0.01077 (29), 
Current (lb-rhs): -0.011089146137237549
18322 domains visited
Length of domains: 2432
Cumulative time: 54.589656352996826

BaB round 20
batch: 2048
splitting decisions: 
split level 0: [/input-23, 7486] [/input-15, 2389] [/input-23, 18675] [/input-51, 98] [/input-15, 7877] [/input-31, 12] [/input-23, 22127] [/input-23, 18292] [/input-51, 98] [/input-7, 377] 
best_l after optimization: -2207.6533203125
beta sum per layer: [817.1768798828125, 5503.67822265625, 3625.176025390625, 349.83935546875, 6026.61572265625, 7899.9716796875, 0.0]
alpha/beta optimization time: 6.561869382858276
pruning_in_iteration open status: True
ratio of positive domain = 1330 / 4096 = 0.32470703125
pruning-in-iteration extra time: 0.01464986801147461
Time: get_branching_decision.update_bounds 0.1490    pickout 0.4995    branching_decision 0.0008    decision 0.0008    set_bounds 0.2697    prepare 0.2677    transfer 0.0006    finalize 0.4155    func 8.0792    solve 7.3656    add 0.5900    bab_iteration 8.6857    
Accumulated time: get_branching_decision.update_bounds 0.1490    bab_iteration 54.2696    pickout 3.1602    decision 0.0063    branching_decision 0.0058    set_bounds 0.8649    solve 44.5205    func 52.5987    prepare 1.3814    transfer 0.0029    finalize 2.4018    add 6.2043    
max lb -0.5363261699676514 min lb -0.5475287437438965
Number of Verified Splits: 1330 of 4096
Current worst splitting domains lb-rhs (depth):
-0.01109 (30), -0.01109 (30), -0.01109 (30), -0.01109 (30), -0.01108 (30), -0.01107 (30), -0.01106 (30), -0.01104 (30), -0.01102 (30), -0.01102 (30), -0.01102 (30), -0.01098 (29), -0.01090 (30), -0.01082 (30), -0.01082 (30), -0.01080 (30), -0.01080 (30), -0.01078 (30), -0.01077 (30), -0.01076 (30), 
Current (lb-rhs): -0.011089086532592773
22418 domains visited
Length of domains: 3150
Cumulative time: 63.93975567817688

BaB round 21
batch: 2048
splitting decisions: 
split level 0: [/input-7, 1091] [/input-15, 2778] [/input-23, 22662] [/input-23, 3761] [/input-23, 16399] [/input-23, 16399] [/input-7, 1669] [/input-7, 4005] [/input-15, 3551] [/input-15, 3566] 
best_l after optimization: -2207.908203125
beta sum per layer: [757.7887573242188, 5620.796875, 3719.58447265625, 416.82037353515625, 6717.6435546875, 7545.89990234375, 0.0]
alpha/beta optimization time: 6.504705905914307
pruning_in_iteration open status: True
ratio of positive domain = 1344 / 4096 = 0.328125
pruning-in-iteration extra time: 0.014497518539428711
Time: get_branching_decision.update_bounds 0.1490    pickout 0.4989    branching_decision 0.0008    decision 0.0008    set_bounds 0.0940    prepare 0.2671    transfer 0.0003    finalize 0.3671    func 8.1531    solve 8.0793    add 0.4840    bab_iteration 9.3501    
Accumulated time: get_branching_decision.update_bounds 0.1490    bab_iteration 63.6197    pickout 3.6590    decision 0.0071    branching_decision 0.0066    set_bounds 0.9590    solve 52.5997    func 60.7518    prepare 1.6485    transfer 0.0032    finalize 2.7689    add 6.6883    
max lb -0.5363396406173706 min lb -0.5475287437438965
Number of Verified Splits: 1344 of 4096
Current worst splitting domains lb-rhs (depth):
-0.01109 (31), -0.01109 (31), -0.01109 (31), -0.01109 (30), -0.01108 (31), -0.01107 (31), -0.01104 (31), -0.01103 (31), -0.01102 (31), -0.01102 (31), -0.01102 (31), -0.01098 (29), -0.01089 (31), -0.01082 (31), -0.01082 (31), -0.01080 (31), -0.01080 (31), -0.01077 (31), -0.01077 (31), -0.01076 (30), 
Current (lb-rhs): -0.011089086532592773
26514 domains visited
Length of domains: 3854
Cumulative time: 73.25574564933777

BaB round 22
batch: 2048
splitting decisions: 
split level 0: [/input-23, 17238] [/input-15, 8840] [/input-7, 962] [/input-15, 5903] [/input-23, 22757] [/input-23, 12795] [/input-15, 11210] [/input-23, 113] [/input-51, 39] [/input-7, 4005] 
best_l after optimization: -2207.91796875
beta sum per layer: [835.8712768554688, 5879.1865234375, 3797.523681640625, 565.8341064453125, 7724.171875, 6955.06640625, 0.0]
alpha/beta optimization time: 6.455791711807251
pruning_in_iteration open status: True
ratio of positive domain = 1406 / 4096 = 0.34326171875
pruning-in-iteration extra time: 0.014334440231323242
Time: get_branching_decision.update_bounds 0.1490    pickout 0.5013    branching_decision 0.0008    decision 0.0008    set_bounds 0.0940    prepare 0.2848    transfer 0.0001    finalize 0.4031    func 8.1278    solve 8.1532    add 0.5574    bab_iteration 9.3160    
Accumulated time: get_branching_decision.update_bounds 0.1490    bab_iteration 72.9357    pickout 4.1604    decision 0.0079    branching_decision 0.0074    set_bounds 1.0529    solve 60.7529    func 68.8796    prepare 1.9333    transfer 0.0033    finalize 3.1720    add 7.2457    
max lb -0.5363396406173706 min lb -0.5475279688835144
Number of Verified Splits: 1406 of 4096
Current worst splitting domains lb-rhs (depth):
-0.01109 (32), -0.01109 (30), -0.01109 (32), -0.01109 (32), -0.01108 (32), -0.01107 (32), -0.01102 (32), -0.01102 (32), -0.01102 (32), -0.01102 (32), -0.01101 (32), -0.01098 (29), -0.01089 (32), -0.01082 (31), -0.01082 (31), -0.01080 (31), -0.01080 (31), -0.01077 (31), -0.01077 (31), -0.01076 (30), 
Current (lb-rhs): -0.011088252067565918
30610 domains visited
Length of domains: 4496
Cumulative time: 82.89568209648132

BaB round 23
batch: 2048
splitting decisions: 
split level 0: [/input-15, 11374] [/input-15, 3566] [/input-23, 6788] [/input-23, 22127] [/input-23, 22790] [/input-7, 3101] [/input-23, 6788] [/input-51, 39] [/input-39, 620] [/input-15, 11008] 
best_l after optimization: -2208.247802734375
beta sum per layer: [931.46142578125, 6232.47119140625, 3791.780517578125, 559.4912109375, 8626.77734375, 5721.337890625, 0.0]
alpha/beta optimization time: 6.461963415145874
pruning_in_iteration open status: True
ratio of positive domain = 1351 / 4096 = 0.329833984375
pruning-in-iteration extra time: 0.014863252639770508
Time: get_branching_decision.update_bounds 0.1490    pickout 0.5034    branching_decision 0.0009    decision 0.0009    set_bounds 0.0941    prepare 0.2659    transfer 0.0003    finalize 0.3750    func 8.1117    solve 8.1279    add 0.9042    bab_iteration 9.6399    
Accumulated time: get_branching_decision.update_bounds 0.1490    bab_iteration 82.5756    pickout 4.6638    decision 0.0088    branching_decision 0.0083    set_bounds 1.1471    solve 68.8808    func 76.9914    prepare 2.1992    transfer 0.0036    finalize 3.5471    add 8.1500    
max lb -0.5363396406173706 min lb -0.5475260019302368
Number of Verified Splits: 1351 of 4096
Current worst splitting domains lb-rhs (depth):
-0.01109 (32), -0.01109 (30), -0.01109 (33), -0.01109 (33), -0.01108 (33), -0.01107 (33), -0.01102 (33), -0.01102 (33), -0.01102 (32), -0.01102 (33), -0.01100 (33), -0.01098 (29), -0.01089 (32), -0.01082 (31), -0.01082 (31), -0.01080 (31), -0.01080 (31), -0.01077 (31), -0.01077 (31), -0.01076 (30), 
Current (lb-rhs): -0.011088252067565918
34706 domains visited
Length of domains: 5193
Cumulative time: 92.09274983406067

BaB round 24
batch: 2048
splitting decisions: 
split level 0: [/input-15, 399] [/input-7, 1520] [/input-23, 22662] [/input-23, 22216] [/input-23, 22662] [/input-23, 22307] [/input-23, 7486] [/input-7, 1977] [/input-39, 1442] [/input-23, 6756] 
best_l after optimization: -2208.10693359375
beta sum per layer: [1064.06396484375, 6837.24609375, 4118.8193359375, 499.9283142089844, 9182.33203125, 5056.17529296875, 0.0]
alpha/beta optimization time: 6.5082173347473145
pruning_in_iteration open status: True
ratio of positive domain = 1318 / 4096 = 0.32177734375
pruning-in-iteration extra time: 0.014349937438964844
Time: get_branching_decision.update_bounds 0.1490    pickout 0.5092    branching_decision 0.0008    decision 0.0008    set_bounds 0.0950    prepare 0.2720    transfer 0.0002    finalize 0.5499    func 8.4549    solve 8.1118    add 0.4744    bab_iteration 9.1971    
Accumulated time: get_branching_decision.update_bounds 0.1490    bab_iteration 91.7727    pickout 5.1730    decision 0.0096    branching_decision 0.0091    set_bounds 1.2421    solve 76.9926    func 85.4463    prepare 2.4712    transfer 0.0038    finalize 4.0970    add 8.6244    
max lb -0.5363396406173706 min lb -0.547514796257019
Number of Verified Splits: 1318 of 4096
Current worst splitting domains lb-rhs (depth):
-0.01109 (32), -0.01109 (30), -0.01109 (33), -0.01109 (33), -0.01108 (34), -0.01107 (34), -0.01102 (34), -0.01102 (34), -0.01102 (32), -0.01102 (34), -0.01100 (34), -0.01098 (29), -0.01089 (32), -0.01082 (31), -0.01082 (31), -0.01080 (31), -0.01080 (31), -0.01077 (31), -0.01077 (31), -0.01076 (30), 
Current (lb-rhs): -0.011088252067565918
38802 domains visited
Length of domains: 5923
Cumulative time: 101.35580086708069

BaB round 25
batch: 2048
splitting decisions: 
split level 0: [/input-51, 342] [/input-15, 11013] [/input-23, 28095] [/input-15, 4712] [/input-23, 5944] [/input-15, 9067] [/input-15, 9416] [/input-7, 1520] [/input-23, 6788] [/input-23, 6788] 
best_l after optimization: -2207.378173828125
beta sum per layer: [1167.207763671875, 7696.046875, 4505.9560546875, 413.608154296875, 9717.357421875, 4657.013671875, 0.0]
alpha/beta optimization time: 6.367411375045776
pruning_in_iteration open status: True
ratio of positive domain = 1443 / 4096 = 0.352294921875
pruning-in-iteration extra time: 0.015421867370605469
Time: get_branching_decision.update_bounds 0.1490    pickout 0.4343    branching_decision 0.0008    decision 0.0008    set_bounds 0.0939    prepare 0.2826    transfer 0.0001    finalize 0.6155    func 8.0699    solve 8.4550    add 0.2015    bab_iteration 9.2630    
Accumulated time: get_branching_decision.update_bounds 0.1490    bab_iteration 101.0357    pickout 5.6073    decision 0.0104    branching_decision 0.0098    set_bounds 1.3359    solve 85.4476    func 93.5163    prepare 2.7538    transfer 0.0039    finalize 4.7125    add 8.8258    
max lb -0.5363396406173706 min lb -0.5475085377693176
Number of Verified Splits: 1443 of 4096
Current worst splitting domains lb-rhs (depth):
-0.01109 (32), -0.01109 (30), -0.01109 (33), -0.01109 (33), -0.01107 (35), -0.01106 (35), -0.01102 (34), -0.01102 (32), -0.01102 (35), -0.01102 (35), -0.01100 (34), -0.01098 (29), -0.01089 (32), -0.01082 (31), -0.01082 (31), -0.01080 (31), -0.01080 (31), -0.01077 (31), -0.01077 (31), -0.01076 (30), 
Current (lb-rhs): -0.011088252067565918
42898 domains visited
Length of domains: 6528
Cumulative time: 110.4927613735199

BaB round 26
batch: 2048
splitting decisions: 
split level 0: [/input-23, 9996] [/input-15, 8479] [/input-15, 9620] [/input-15, 2778] [/input-15, 3566] [/input-15, 7266] [/input-15, 9620] [/input-15, 5343] [/input-7, 1419] [/input-15, 9067] 
best_l after optimization: -2207.1962890625
beta sum per layer: [1261.096923828125, 8344.380859375, 4526.92529296875, 505.19952392578125, 10540.6376953125, 4602.4091796875, 0.0]
alpha/beta optimization time: 6.464569330215454
pruning_in_iteration open status: True
ratio of positive domain = 1416 / 4096 = 0.345703125
pruning-in-iteration extra time: 0.014452934265136719
Time: get_branching_decision.update_bounds 0.1490    pickout 0.5124    branching_decision 0.0007    decision 0.0007    set_bounds 0.0937    prepare 0.2673    transfer 0.0002    finalize 0.3604    func 7.9008    solve 8.0700    add 0.5255    bab_iteration 9.1369    
Accumulated time: get_branching_decision.update_bounds 0.1490    bab_iteration 110.1727    pickout 6.1196    decision 0.0111    branching_decision 0.0106    set_bounds 1.4296    solve 93.5175    func 101.4171    prepare 3.0211    transfer 0.0041    finalize 5.0729    add 9.3513    
max lb -0.5363332033157349 min lb -0.5475084781646729
Number of Verified Splits: 1416 of 4096
Current worst splitting domains lb-rhs (depth):
-0.01109 (32), -0.01109 (30), -0.01109 (33), -0.01109 (33), -0.01107 (36), -0.01106 (36), -0.01102 (34), -0.01102 (32), -0.01102 (35), -0.01101 (36), -0.01100 (34), -0.01098 (29), -0.01089 (32), -0.01082 (31), -0.01082 (31), -0.01080 (31), -0.01080 (31), -0.01077 (31), -0.01077 (31), -0.01076 (30), 
Current (lb-rhs): -0.011088252067565918
46994 domains visited
Length of domains: 7160
Cumulative time: 119.04942846298218

BaB round 27
batch: 2048
splitting decisions: 
split level 0: [/input-23, 27949] [/input-51, 727] [/input-15, 9416] [/input-7, 4510] [/input-7, 1520] [/input-23, 28095] [/input-51, 727] [/input-15, 399] [/input-15, 9657] [/input-7, 4005] 
best_l after optimization: -2206.8583984375
beta sum per layer: [1191.602783203125, 8801.482421875, 4611.9443359375, 528.013427734375, 10148.572265625, 4416.69580078125, 0.0]
alpha/beta optimization time: 6.288369417190552
pruning_in_iteration open status: True
ratio of positive domain = 1525 / 4096 = 0.372314453125
pruning-in-iteration extra time: 0.015306949615478516
Time: get_branching_decision.update_bounds 0.1490    pickout 0.6759    branching_decision 0.0007    decision 0.0007    set_bounds 0.0942    prepare 0.2673    transfer 0.0003    finalize 0.3562    func 7.6903    solve 7.9009    add 0.0433    bab_iteration 8.5567    
Accumulated time: get_branching_decision.update_bounds 0.1490    bab_iteration 118.7293    pickout 6.7955    decision 0.0118    branching_decision 0.0112    set_bounds 1.5238    solve 101.4184    func 109.1074    prepare 3.2883    transfer 0.0044    finalize 5.4291    add 9.3946    
max lb -0.5363396406173706 min lb -0.5475059151649475
Number of Verified Splits: 1525 of 4096
Current worst splitting domains lb-rhs (depth):
-0.01109 (32), -0.01109 (30), -0.01109 (33), -0.01109 (33), -0.01107 (37), -0.01106 (36), -0.01102 (34), -0.01102 (32), -0.01102 (35), -0.01101 (36), -0.01100 (34), -0.01098 (29), -0.01089 (32), -0.01082 (31), -0.01082 (31), -0.01080 (31), -0.01080 (31), -0.01077 (31), -0.01077 (31), -0.01076 (30), 
Current (lb-rhs): -0.011088252067565918
51090 domains visited
Length of domains: 7683
Cumulative time: 127.97525525093079

BaB round 28
batch: 2048
splitting decisions: 
split level 0: [/input-15, 787] [/input-23, 17238] [/input-15, 1395] [/input-23, 7364] [/input-15, 8479] [/input-15, 2966] [/input-31, 829] [/input-15, 7876] [/input-15, 2403] [/input-15, 4573] 
best_l after optimization: -2206.97509765625
beta sum per layer: [1205.50634765625, 8972.2568359375, 4711.35009765625, 532.41650390625, 10525.537109375, 4211.583984375, 0.0]
alpha/beta optimization time: 6.420894145965576
pruning_in_iteration open status: True
ratio of positive domain = 1395 / 4096 = 0.340576171875
pruning-in-iteration extra time: 0.014941215515136719
Time: get_branching_decision.update_bounds 0.1490    pickout 0.5133    branching_decision 0.0007    decision 0.0007    set_bounds 0.3215    prepare 0.2697    transfer 0.0003    finalize 0.3628    func 7.8703    solve 7.6904    add 0.4521    bab_iteration 8.9258    
Accumulated time: get_branching_decision.update_bounds 0.1490    bab_iteration 127.6552    pickout 7.3088    decision 0.0125    branching_decision 0.0119    set_bounds 1.8453    solve 109.1088    func 116.9777    prepare 3.5580    transfer 0.0047    finalize 5.7919    add 9.8467    
max lb -0.5363396406173706 min lb -0.5471830368041992
Number of Verified Splits: 1395 of 4096
Current worst splitting domains lb-rhs (depth):
-0.01109 (32), -0.01109 (30), -0.01109 (33), -0.01109 (33), -0.01107 (37), -0.01106 (36), -0.01102 (34), -0.01102 (32), -0.01102 (35), -0.01101 (36), -0.01100 (34), -0.01098 (29), -0.01089 (32), -0.01082 (31), -0.01082 (31), -0.01080 (31), -0.01080 (31), -0.01077 (31), -0.01077 (31), -0.01076 (30), 
Current (lb-rhs): -0.011088252067565918
55186 domains visited
Length of domains: 8336
Cumulative time: 136.86640548706055

BaB round 29
batch: 2048
splitting decisions: 
split level 0: [/input-23, 17238] [/input-7, 1419] [/input-23, 5944] [/input-7, 4257] [/input-15, 4723] [/input-15, 4798] [/input-15, 4712] [/input-15, 1190] [/input-31, 1588] [/input-15, 7266] 
best_l after optimization: -2206.51806640625
beta sum per layer: [1193.006591796875, 9116.41796875, 4744.67822265625, 513.960693359375, 10438.68359375, 3995.11865234375, 0.0]
alpha/beta optimization time: 6.37663197517395
pruning_in_iteration open status: True
ratio of positive domain = 1452 / 4096 = 0.3544921875
pruning-in-iteration extra time: 0.01471400260925293
Time: get_branching_decision.update_bounds 0.1490    pickout 0.4653    branching_decision 0.0007    decision 0.0007    set_bounds 0.0943    prepare 0.2667    transfer 0.0001    finalize 0.3605    func 8.0325    solve 7.8703    add 0.1736    bab_iteration 8.8911    
Accumulated time: get_branching_decision.update_bounds 0.1490    bab_iteration 136.5463    pickout 7.7742    decision 0.0132    branching_decision 0.0126    set_bounds 1.9396    solve 116.9791    func 125.0101    prepare 3.8247    transfer 0.0048    finalize 6.1524    add 10.0203    
max lb -0.5363186597824097 min lb -0.5469862222671509
Number of Verified Splits: 1452 of 4096
Current worst splitting domains lb-rhs (depth):
-0.01109 (32), -0.01109 (30), -0.01109 (33), -0.01109 (33), -0.01107 (37), -0.01106 (36), -0.01102 (34), -0.01102 (32), -0.01102 (35), -0.01101 (36), -0.01100 (34), -0.01098 (29), -0.01089 (32), -0.01082 (31), -0.01082 (31), -0.01080 (31), -0.01080 (31), -0.01077 (31), -0.01077 (31), -0.01076 (30), 
Current (lb-rhs): -0.011088252067565918
59282 domains visited
Length of domains: 8932
Cumulative time: 145.91220331192017

BaB round 30
batch: 2048
splitting decisions: 
split level 0: [/input-7, 1419] [/input-23, 28085] [/input-15, 11250] [/input-15, 2966] [/input-15, 3551] [/input-7, 4510] [/input-15, 2966] [/input-15, 3566] [/input-7, 1965] [/input-15, 3566] 
best_l after optimization: -2206.0810546875
beta sum per layer: [1148.863037109375, 9766.6103515625, 4760.2880859375, 601.7930908203125, 10479.439453125, 3630.744140625, 0.0]
alpha/beta optimization time: 6.285250425338745
pruning_in_iteration open status: True
ratio of positive domain = 1539 / 4096 = 0.375732421875
pruning-in-iteration extra time: 0.01520228385925293
Time: get_branching_decision.update_bounds 0.1490    pickout 0.5336    branching_decision 0.0006    decision 0.0007    set_bounds 0.0947    prepare 0.2664    transfer 0.0001    finalize 0.3552    func 7.6846    solve 8.0325    add 0.4304    bab_iteration 9.0458    
Accumulated time: get_branching_decision.update_bounds 0.1490    bab_iteration 145.5921    pickout 8.3077    decision 0.0139    branching_decision 0.0132    set_bounds 2.0343    solve 125.0116    func 132.6947    prepare 4.0911    transfer 0.0048    finalize 6.5076    add 10.4507    
max lb -0.5362972021102905 min lb -0.5469862222671509
Number of Verified Splits: 1539 of 4096
Current worst splitting domains lb-rhs (depth):
-0.01109 (32), -0.01109 (30), -0.01109 (33), -0.01109 (33), -0.01107 (37), -0.01106 (36), -0.01102 (34), -0.01102 (32), -0.01102 (35), -0.01101 (36), -0.01100 (34), -0.01098 (29), -0.01089 (32), -0.01082 (31), -0.01082 (31), -0.01080 (31), -0.01080 (31), -0.01077 (31), -0.01077 (31), -0.01076 (30), 
Current (lb-rhs): -0.011088252067565918
63378 domains visited
Length of domains: 9441
Cumulative time: 154.6665289402008

BaB round 31
batch: 2048
splitting decisions: 
split level 0: [/input-15, 5903] [/input-7, 4590] [/input-15, 3566] [/input-7, 2599] [/input-7, 4257] [/input-7, 1965] [/input-39, 1442] [/input-23, 22834] [/input-23, 22834] [/input-15, 9023] 
best_l after optimization: -2205.887939453125
beta sum per layer: [1090.53955078125, 10131.01171875, 4861.125, 706.5486450195312, 9940.0234375, 3332.91064453125, 0.143840491771698]
alpha/beta optimization time: 6.313122510910034
pruning_in_iteration open status: True
ratio of positive domain = 1516 / 4096 = 0.3701171875
pruning-in-iteration extra time: 0.015465259552001953
Time: get_branching_decision.update_bounds 0.1490    pickout 0.7644    branching_decision 0.0007    decision 0.0007    set_bounds 0.0952    prepare 0.2754    transfer 0.0001    finalize 0.3751    func 7.7464    solve 7.6846    add 0.4280    bab_iteration 8.7543    
Accumulated time: get_branching_decision.update_bounds 0.1490    bab_iteration 154.3464    pickout 9.0721    decision 0.0146    branching_decision 0.0139    set_bounds 2.1295    solve 132.6963    func 140.4411    prepare 4.3665    transfer 0.0049    finalize 6.8827    add 10.8788    
max lb -0.5362790822982788 min lb -0.5469859838485718
Number of Verified Splits: 1516 of 4096
Current worst splitting domains lb-rhs (depth):
-0.01109 (32), -0.01109 (30), -0.01109 (33), -0.01109 (33), -0.01107 (37), -0.01106 (36), -0.01102 (34), -0.01102 (32), -0.01102 (35), -0.01101 (36), -0.01100 (34), -0.01098 (29), -0.01089 (32), -0.01082 (31), -0.01082 (31), -0.01080 (31), -0.01080 (31), -0.01077 (31), -0.01077 (31), -0.01076 (30), 
Current (lb-rhs): -0.011088252067565918
67474 domains visited
Length of domains: 9973
Cumulative time: 163.83585357666016

BaB round 32
batch: 2048
splitting decisions: 
split level 0: [/input-15, 2389] [/input-15, 5161] [/input-23, 16383] [/input-23, 18292] [/input-7, 4257] [/input-15, 8479] [/input-15, 2418] [/input-23, 17238] [/input-23, 17238] [/input-7, 4257] 
best_l after optimization: -2205.392333984375
beta sum per layer: [1131.9591064453125, 10677.275390625, 5286.9892578125, 688.7793579101562, 9482.181640625, 3344.10546875, 0.9887796640396118]
alpha/beta optimization time: 6.189751625061035
pruning_in_iteration open status: True
ratio of positive domain = 1601 / 4096 = 0.390869140625
pruning-in-iteration extra time: 0.015241861343383789
Time: get_branching_decision.update_bounds 0.1490    pickout 0.5157    branching_decision 0.0007    decision 0.0007    set_bounds 0.3413    prepare 0.3161    transfer 0.0006    finalize 0.3495    func 7.6132    solve 7.7465    add 0.5509    bab_iteration 9.1693    
Accumulated time: get_branching_decision.update_bounds 0.1490    bab_iteration 163.5157    pickout 9.5879    decision 0.0153    branching_decision 0.0147    set_bounds 2.4708    solve 140.4427    func 148.0544    prepare 4.6826    transfer 0.0055    finalize 7.2322    add 11.4297    
max lb -0.5363396406173706 min lb -0.5469673275947571
Number of Verified Splits: 1601 of 4096
Current worst splitting domains lb-rhs (depth):
-0.01109 (32), -0.01109 (30), -0.01109 (33), -0.01109 (33), -0.01107 (37), -0.01106 (36), -0.01102 (34), -0.01102 (32), -0.01102 (35), -0.01101 (36), -0.01100 (34), -0.01098 (29), -0.01089 (32), -0.01082 (31), -0.01082 (31), -0.01080 (31), -0.01080 (31), -0.01077 (31), -0.01077 (31), -0.01076 (30), 
Current (lb-rhs): -0.011088252067565918
71570 domains visited
Length of domains: 10420
Cumulative time: 172.52191185951233

BaB round 33
batch: 2048
splitting decisions: 
split level 0: [/input-23, 7364] [/input-15, 4723] [/input-23, 13693] [/input-15, 11981] [/input-15, 7400] [/input-15, 9416] [/input-23, 22757] [/input-15, 3551] [/input-15, 3382] [/input-7, 3101] 
best_l after optimization: -2205.614990234375
beta sum per layer: [1052.921875, 11198.404296875, 5614.7900390625, 665.87060546875, 8989.3583984375, 3315.201171875, 4.780367851257324]
alpha/beta optimization time: 6.2582433223724365
pruning_in_iteration open status: True
ratio of positive domain = 1573 / 4096 = 0.384033203125
pruning-in-iteration extra time: 0.01564192771911621
Time: get_branching_decision.update_bounds 0.1490    pickout 0.4497    branching_decision 0.0008    decision 0.0008    set_bounds 0.0963    prepare 0.2961    transfer 0.0002    finalize 0.6618    func 7.9842    solve 7.6133    add 0.2131    bab_iteration 8.6861    
Accumulated time: get_branching_decision.update_bounds 0.1490    bab_iteration 172.2018    pickout 10.0376    decision 0.0161    branching_decision 0.0154    set_bounds 2.5671    solve 148.0560    func 156.0386    prepare 4.9787    transfer 0.0057    finalize 7.8940    add 11.6428    
max lb -0.536292314529419 min lb -0.5469673871994019
Number of Verified Splits: 1573 of 4096
Current worst splitting domains lb-rhs (depth):
-0.01109 (32), -0.01109 (30), -0.01109 (33), -0.01109 (33), -0.01107 (37), -0.01106 (36), -0.01102 (34), -0.01102 (32), -0.01102 (35), -0.01101 (36), -0.01100 (34), -0.01098 (29), -0.01089 (32), -0.01082 (31), -0.01082 (31), -0.01080 (31), -0.01080 (31), -0.01077 (31), -0.01077 (31), -0.01076 (30), 
Current (lb-rhs): -0.011088252067565918
75666 domains visited
Length of domains: 10895
Cumulative time: 181.60045433044434

BaB round 34
batch: 2048
splitting decisions: 
split level 0: [/input-7, 1091] [/input-15, 9067] [/input-15, 2778] [/input-23, 13693] [/input-15, 12415] [/input-23, 13693] [/input-15, 3566] [/input-15, 11981] [/input-7, 3688] [/input-15, 3382] 
best_l after optimization: -2205.731689453125
beta sum per layer: [1121.7314453125, 12044.9384765625, 6026.0576171875, 681.1265869140625, 8752.18359375, 3292.085693359375, 8.259421348571777]
alpha/beta optimization time: 6.36686110496521
pruning_in_iteration open status: True
ratio of positive domain = 1557 / 4096 = 0.380126953125
pruning-in-iteration extra time: 0.014315128326416016
Time: get_branching_decision.update_bounds 0.1490    pickout 0.5238    branching_decision 0.0009    decision 0.0009    set_bounds 0.0959    prepare 0.2779    transfer 0.0002    finalize 0.4194    func 7.8360    solve 7.9843    add 0.5358    bab_iteration 9.0785    
Accumulated time: get_branching_decision.update_bounds 0.1490    bab_iteration 181.2803    pickout 10.5614    decision 0.0170    branching_decision 0.0163    set_bounds 2.6630    solve 156.0403    func 163.8745    prepare 5.2566    transfer 0.0058    finalize 8.3134    add 12.1786    
max lb -0.5363386869430542 min lb -0.5469674468040466
Number of Verified Splits: 1557 of 4096
Current worst splitting domains lb-rhs (depth):
-0.01109 (32), -0.01109 (30), -0.01109 (33), -0.01109 (33), -0.01107 (37), -0.01106 (36), -0.01102 (34), -0.01102 (32), -0.01102 (35), -0.01101 (36), -0.01100 (34), -0.01098 (29), -0.01089 (32), -0.01082 (31), -0.01082 (31), -0.01080 (31), -0.01080 (31), -0.01077 (31), -0.01077 (31), -0.01076 (30), 
Current (lb-rhs): -0.011088252067565918
79762 domains visited
Length of domains: 11386
Cumulative time: 190.62600135803223

BaB round 35
batch: 2048
splitting decisions: 
split level 0: [/input-23, 8354] [/input-15, 4723] [/input-7, 1419] [/input-15, 1190] [/input-15, 226] [/input-15, 226] [/input-15, 9067] [/input-15, 12415] [/input-15, 9023] [/input-23, 7364] 
best_l after optimization: -2205.6806640625
beta sum per layer: [1211.830078125, 11977.685546875, 6561.9677734375, 655.6177368164062, 8342.3330078125, 3225.443359375, 28.818817138671875]
alpha/beta optimization time: 6.30054783821106
pruning_in_iteration open status: True
ratio of positive domain = 1554 / 4096 = 0.37939453125
pruning-in-iteration extra time: 0.014711856842041016
Time: get_branching_decision.update_bounds 0.1490    pickout 0.8382    branching_decision 0.0008    decision 0.0008    set_bounds 0.0960    prepare 0.2750    transfer 0.0001    finalize 0.3486    func 7.6946    solve 7.8361    add 0.5561    bab_iteration 9.0255    
Accumulated time: get_branching_decision.update_bounds 0.1490    bab_iteration 190.3059    pickout 11.3996    decision 0.0178    branching_decision 0.0171    set_bounds 2.7590    solve 163.8764    func 171.5692    prepare 5.5316    transfer 0.0060    finalize 8.6620    add 12.7346    
max lb -0.5363180041313171 min lb -0.5469674468040466
Number of Verified Splits: 1554 of 4096
Current worst splitting domains lb-rhs (depth):
-0.01109 (32), -0.01109 (30), -0.01109 (33), -0.01109 (33), -0.01107 (37), -0.01106 (36), -0.01102 (34), -0.01102 (32), -0.01102 (35), -0.01101 (36), -0.01100 (34), -0.01098 (29), -0.01089 (32), -0.01082 (31), -0.01082 (31), -0.01080 (31), -0.01080 (31), -0.01077 (31), -0.01077 (31), -0.01076 (30), 
Current (lb-rhs): -0.011088252067565918
83858 domains visited
Length of domains: 11880
Cumulative time: 199.3994722366333

BaB round 36
batch: 2048
splitting decisions: 
split level 0: [/input-15, 9416] [/input-15, 5161] [/input-7, 4291] [/input-15, 8479] [/input-7, 4005] [/input-23, 16399] [/input-23, 16399] [/input-7, 4005] [/input-15, 3566] [/input-15, 7266] 
best_l after optimization: -2205.560546875
beta sum per layer: [1268.39404296875, 11535.55859375, 7315.13818359375, 695.34375, 7316.115234375, 3216.1298828125, 65.8282241821289]
alpha/beta optimization time: 6.272711515426636
pruning_in_iteration open status: True
ratio of positive domain = 1583 / 4096 = 0.386474609375
pruning-in-iteration extra time: 0.014589309692382812
Time: get_branching_decision.update_bounds 0.1490    pickout 0.4710    branching_decision 0.0008    decision 0.0008    set_bounds 0.0956    prepare 0.2702    transfer 0.0005    finalize 0.3453    func 7.9392    solve 7.6947    add 0.1417    bab_iteration 8.7735    
Accumulated time: get_branching_decision.update_bounds 0.1490    bab_iteration 199.0793    pickout 11.8706    decision 0.0186    branching_decision 0.0179    set_bounds 2.8546    solve 171.5711    func 179.5083    prepare 5.8018    transfer 0.0065    finalize 9.0073    add 12.8763    
max lb -0.5362467169761658 min lb -0.5469516515731812
Number of Verified Splits: 1583 of 4096
Current worst splitting domains lb-rhs (depth):
-0.01109 (32), -0.01109 (30), -0.01109 (33), -0.01109 (33), -0.01107 (37), -0.01106 (36), -0.01102 (34), -0.01102 (32), -0.01102 (35), -0.01101 (36), -0.01100 (34), -0.01098 (29), -0.01089 (32), -0.01082 (31), -0.01082 (31), -0.01080 (31), -0.01080 (31), -0.01077 (31), -0.01077 (31), -0.01076 (30), 
Current (lb-rhs): -0.011088252067565918
87954 domains visited
Length of domains: 12345
Cumulative time: 208.21725130081177

BaB round 37
batch: 2048
splitting decisions: 
split level 0: [/input-7, 4510] [/input-15, 5161] [/input-23, 11153] [/input-15, 3594] [/input-7, 4005] [/input-15, 11451] [/input-15, 5343] [/input-23, 9153] [/input-15, 2950] [/input-31, 12] 
best_l after optimization: -2205.409912109375
beta sum per layer: [1290.1287841796875, 11503.20703125, 7854.1650390625, 691.69140625, 6541.32421875, 3292.843505859375, 113.14568328857422]
alpha/beta optimization time: 6.245271682739258
pruning_in_iteration open status: True
ratio of positive domain = 1568 / 4096 = 0.3828125
pruning-in-iteration extra time: 0.015176057815551758
Time: get_branching_decision.update_bounds 0.1490    pickout 0.4468    branching_decision 0.0008    decision 0.0008    set_bounds 0.0957    prepare 0.2694    transfer 0.0001    finalize 0.3477    func 7.6296    solve 7.9392    add 0.3091    bab_iteration 8.8178    
Accumulated time: get_branching_decision.update_bounds 0.1490    bab_iteration 207.8971    pickout 12.3175    decision 0.0194    branching_decision 0.0187    set_bounds 2.9503    solve 179.5103    func 187.1380    prepare 6.0713    transfer 0.0066    finalize 9.3550    add 13.1854    
max lb -0.5363396406173706 min lb -0.5468619465827942
Number of Verified Splits: 1568 of 4096
Current worst splitting domains lb-rhs (depth):
-0.01109 (32), -0.01109 (30), -0.01109 (33), -0.01109 (33), -0.01107 (37), -0.01106 (36), -0.01102 (34), -0.01102 (32), -0.01102 (35), -0.01101 (36), -0.01100 (34), -0.01098 (29), -0.01089 (32), -0.01082 (31), -0.01082 (31), -0.01080 (31), -0.01080 (31), -0.01077 (31), -0.01077 (31), -0.01076 (30), 
Current (lb-rhs): -0.011088252067565918
92050 domains visited
Length of domains: 12825
Cumulative time: 216.75752663612366

BaB round 38
batch: 2048
splitting decisions: 
split level 0: [/input-15, 10455] [/input-23, 9153] [/input-23, 8354] [/input-23, 16524] [/input-7, 4291] [/input-7, 962] [/input-63, 467] [/input-51, 742] [/input-15, 5343] [/input-23, 21760] 
best_l after optimization: -2205.306640625
beta sum per layer: [1260.666259765625, 11872.955078125, 8304.8984375, 648.89990234375, 6005.3798828125, 3080.207763671875, 177.31915283203125]
alpha/beta optimization time: 6.144213914871216
pruning_in_iteration open status: True
ratio of positive domain = 1639 / 4096 = 0.400146484375
pruning-in-iteration extra time: 0.015425682067871094
Time: get_branching_decision.update_bounds 0.1490    pickout 0.7276    branching_decision 0.0007    decision 0.0008    set_bounds 0.0954    prepare 0.2705    transfer 0.0002    finalize 0.3536    func 7.5180    solve 7.6297    add 0.3651    bab_iteration 8.5403    
Accumulated time: get_branching_decision.update_bounds 0.1490    bab_iteration 216.4374    pickout 13.0451    decision 0.0202    branching_decision 0.0194    set_bounds 3.0456    solve 187.1400    func 194.6560    prepare 6.3418    transfer 0.0068    finalize 9.7086    add 13.5505    
max lb -0.5363396406173706 min lb -0.5468619465827942
Number of Verified Splits: 1639 of 4096
Current worst splitting domains lb-rhs (depth):
-0.01109 (32), -0.01109 (30), -0.01109 (33), -0.01109 (33), -0.01107 (37), -0.01106 (36), -0.01102 (34), -0.01102 (32), -0.01102 (35), -0.01101 (36), -0.01100 (34), -0.01098 (29), -0.01089 (32), -0.01082 (31), -0.01082 (31), -0.01080 (31), -0.01080 (31), -0.01077 (31), -0.01077 (31), -0.01076 (30), 
Current (lb-rhs): -0.011088252067565918
96146 domains visited
Length of domains: 13234
Cumulative time: 225.60181522369385

BaB round 39
batch: 2048
splitting decisions: 
split level 0: [/input-15, 11373] [/input-23, 25266] [/input-15, 12415] [/input-23, 27949] [/input-7, 3101] [/input-7, 3101] [/input-39, 1802] [/input-23, 25266] [/input-23, 16383] [/input-15, 5903] 
best_l after optimization: -2205.691650390625
beta sum per layer: [1226.2183837890625, 12039.056640625, 9060.55078125, 527.3248291015625, 5393.19775390625, 3020.75341796875, 291.0437927246094]
alpha/beta optimization time: 6.3501317501068115
pruning_in_iteration open status: True
ratio of positive domain = 1511 / 4096 = 0.368896484375
pruning-in-iteration extra time: 0.013976335525512695
Time: get_branching_decision.update_bounds 0.1490    pickout 0.5256    branching_decision 0.0008    decision 0.0008    set_bounds 0.0959    prepare 0.5705    transfer 0.0002    finalize 0.3582    func 8.0606    solve 7.5181    add 0.4909    bab_iteration 8.8443    
Accumulated time: get_branching_decision.update_bounds 0.1490    bab_iteration 225.2816    pickout 13.5707    decision 0.0210    branching_decision 0.0202    set_bounds 3.1416    solve 194.6581    func 202.7166    prepare 6.9122    transfer 0.0070    finalize 10.0668    add 14.0415    
max lb -0.5363396406173706 min lb -0.5468619465827942
Number of Verified Splits: 1511 of 4096
Current worst splitting domains lb-rhs (depth):
-0.01109 (32), -0.01109 (30), -0.01109 (33), -0.01109 (33), -0.01107 (37), -0.01106 (36), -0.01102 (34), -0.01102 (32), -0.01102 (35), -0.01101 (36), -0.01100 (34), -0.01098 (29), -0.01089 (32), -0.01082 (31), -0.01082 (31), -0.01080 (31), -0.01080 (31), -0.01077 (31), -0.01077 (31), -0.01076 (30), 
Current (lb-rhs): -0.011088252067565918
100242 domains visited
Length of domains: 13771
Cumulative time: 234.29709553718567

BaB round 40
batch: 2048
splitting decisions: 
split level 0: [/input-7, 330] [/input-15, 827] [/input-23, 9153] [/input-7, 1734] [/input-15, 813] [/input-7, 4257] [/input-23, 16399] [/input-7, 4257] [/input-23, 17238] [/input-23, 7848] 
best_l after optimization: -2205.619140625
beta sum per layer: [1209.727783203125, 12045.107421875, 9154.14453125, 532.5657958984375, 5347.48828125, 3064.52880859375, 412.6455078125]
alpha/beta optimization time: 6.234602689743042
pruning_in_iteration open status: True
ratio of positive domain = 1576 / 4096 = 0.384765625
pruning-in-iteration extra time: 0.015178918838500977
Time: get_branching_decision.update_bounds 0.1490    pickout 0.4561    branching_decision 0.0008    decision 0.0008    set_bounds 0.0953    prepare 0.2658    transfer 0.0002    finalize 0.3686    func 7.6360    solve 8.0606    add 0.0103    bab_iteration 8.6953    
Accumulated time: get_branching_decision.update_bounds 0.1490    bab_iteration 233.9769    pickout 14.0268    decision 0.0218    branching_decision 0.0210    set_bounds 3.2369    solve 202.7187    func 210.3526    prepare 7.1780    transfer 0.0072    finalize 10.4354    add 14.0517    
max lb -0.5363396406173706 min lb -0.546785295009613
Number of Verified Splits: 1576 of 4096
Current worst splitting domains lb-rhs (depth):
-0.01109 (32), -0.01109 (30), -0.01109 (33), -0.01109 (33), -0.01107 (37), -0.01106 (36), -0.01102 (34), -0.01102 (32), -0.01102 (35), -0.01101 (36), -0.01100 (34), -0.01098 (29), -0.01089 (32), -0.01082 (31), -0.01082 (31), -0.01080 (31), -0.01080 (31), -0.01077 (31), -0.01077 (31), -0.01076 (30), 
Current (lb-rhs): -0.011088252067565918
104338 domains visited
Length of domains: 14243
Cumulative time: 242.9921817779541

BaB round 41
batch: 2048
splitting decisions: 
split level 0: [/input-7, 1091] [/input-15, 3566] [/input-23, 21760] [/input-23, 10975] [/input-7, 330] [/input-15, 813] [/input-23, 9153] [/input-31, 12] [/input-15, 813] [/input-15, 12415] 
best_l after optimization: -2206.12451171875
beta sum per layer: [1306.4571533203125, 12201.072265625, 9159.958984375, 534.6975708007812, 4967.5517578125, 3008.99658203125, 500.37646484375]
alpha/beta optimization time: 6.364512205123901
pruning_in_iteration open status: True
ratio of positive domain = 1490 / 4096 = 0.36376953125
pruning-in-iteration extra time: 0.014950990676879883
Time: get_branching_decision.update_bounds 0.1490    pickout 0.8459    branching_decision 0.0008    decision 0.0008    set_bounds 0.0962    prepare 0.2727    transfer 0.0002    finalize 0.3529    func 7.7798    solve 7.6361    add 0.4951    bab_iteration 8.6951    
Accumulated time: get_branching_decision.update_bounds 0.1490    bab_iteration 242.6720    pickout 14.8727    decision 0.0226    branching_decision 0.0218    set_bounds 3.3331    solve 210.3548    func 218.1324    prepare 7.4507    transfer 0.0073    finalize 10.7882    add 14.5468    
max lb -0.5363396406173706 min lb -0.5467849969863892
Number of Verified Splits: 1490 of 4096
Current worst splitting domains lb-rhs (depth):
-0.01109 (32), -0.01109 (30), -0.01109 (33), -0.01109 (33), -0.01107 (37), -0.01106 (36), -0.01102 (34), -0.01102 (32), -0.01102 (35), -0.01101 (36), -0.01100 (34), -0.01098 (29), -0.01089 (32), -0.01082 (31), -0.01082 (31), -0.01080 (31), -0.01080 (31), -0.01077 (31), -0.01077 (31), -0.01076 (30), 
Current (lb-rhs): -0.011088252067565918
108434 domains visited
Length of domains: 14801
Cumulative time: 252.15590167045593

BaB round 42
batch: 2048
splitting decisions: 
split level 0: [/input-15, 4723] [/input-15, 813] [/input-7, 1669] [/input-15, 1190] [/input-15, 3566] [/input-51, 103] [/input-15, 813] [/input-23, 16405] [/input-15, 3175] [/input-51, 742] 
best_l after optimization: -2206.47216796875
beta sum per layer: [1187.439208984375, 12018.26171875, 9201.25, 532.3751220703125, 5044.25439453125, 2628.10302734375, 501.9937438964844]
alpha/beta optimization time: 6.450291633605957
pruning_in_iteration open status: True
ratio of positive domain = 1426 / 4096 = 0.34814453125
pruning-in-iteration extra time: 0.014220237731933594
Time: get_branching_decision.update_bounds 0.1490    pickout 0.5269    branching_decision 0.0007    decision 0.0007    set_bounds 0.0954    prepare 0.2709    transfer 0.0002    finalize 0.3788    func 8.2711    solve 7.7798    add 0.4293    bab_iteration 9.1637    
Accumulated time: get_branching_decision.update_bounds 0.1490    bab_iteration 251.8357    pickout 15.3996    decision 0.0234    branching_decision 0.0225    set_bounds 3.4284    solve 218.1346    func 226.4035    prepare 7.7217    transfer 0.0075    finalize 11.1670    add 14.9761    
max lb -0.5362957715988159 min lb -0.546777606010437
Number of Verified Splits: 1426 of 4096
Current worst splitting domains lb-rhs (depth):
-0.01109 (32), -0.01109 (30), -0.01109 (33), -0.01109 (33), -0.01107 (37), -0.01106 (36), -0.01102 (34), -0.01102 (32), -0.01102 (35), -0.01101 (36), -0.01100 (34), -0.01098 (29), -0.01089 (32), -0.01082 (31), -0.01082 (31), -0.01080 (31), -0.01080 (31), -0.01077 (31), -0.01077 (31), -0.01076 (30), 
Current (lb-rhs): -0.011088252067565918
112530 domains visited
Length of domains: 15423
Cumulative time: 261.48020124435425

BaB round 43
batch: 2048
splitting decisions: 
split level 0: [/input-63, 335] [/input-7, 1] [/input-15, 3382] [/input-7, 962] [/input-15, 399] [/input-23, 10975] [/input-39, 595] [/input-39, 595] [/input-51, 742] [/input-15, 9416] 
best_l after optimization: -2206.748291015625
beta sum per layer: [1111.8388671875, 11480.880859375, 8738.09375, 595.4249877929688, 4870.6103515625, 2352.855712890625, 641.106689453125]
alpha/beta optimization time: 6.534327268600464
pruning_in_iteration open status: True
ratio of positive domain = 1390 / 4096 = 0.33935546875
pruning-in-iteration extra time: 0.013347625732421875
Time: get_branching_decision.update_bounds 0.1490    pickout 0.5362    branching_decision 0.0007    decision 0.0007    set_bounds 0.0950    prepare 0.2754    transfer 0.0001    finalize 0.3997    func 8.0273    solve 8.2711    add 0.4185    bab_iteration 9.3243    
Accumulated time: get_branching_decision.update_bounds 0.1490    bab_iteration 261.1600    pickout 15.9358    decision 0.0241    branching_decision 0.0232    set_bounds 3.5234    solve 226.4058    func 234.4308    prepare 7.9971    transfer 0.0076    finalize 11.5667    add 15.3946    
max lb -0.5363396406173706 min lb -0.5467740297317505
Number of Verified Splits: 1390 of 4096
Current worst splitting domains lb-rhs (depth):
-0.01109 (32), -0.01109 (30), -0.01109 (33), -0.01109 (33), -0.01107 (37), -0.01106 (36), -0.01102 (34), -0.01102 (32), -0.01102 (35), -0.01101 (36), -0.01100 (34), -0.01098 (29), -0.01089 (32), -0.01082 (31), -0.01082 (31), -0.01080 (31), -0.01080 (31), -0.01077 (31), -0.01077 (31), -0.01076 (30), 
Current (lb-rhs): -0.011088252067565918
116626 domains visited
Length of domains: 16081
Cumulative time: 270.6155438423157

BaB round 44
batch: 2048
splitting decisions: 
split level 0: [/input-15, 827] [/input-23, 8191] [/input-7, 377] [/input-7, 962] [/input-15, 3657] [/input-51, 103] [/input-23, 16383] [/input-15, 9657] [/input-23, 16399] [/input-15, 9464] 
best_l after optimization: -2206.52587890625
beta sum per layer: [1080.310791015625, 11359.54296875, 8610.6083984375, 617.9180908203125, 4852.396484375, 2328.83837890625, 780.3442993164062]
alpha/beta optimization time: 6.441704511642456
pruning_in_iteration open status: True
ratio of positive domain = 1425 / 4096 = 0.347900390625
pruning-in-iteration extra time: 0.013696432113647461
Time: get_branching_decision.update_bounds 0.1490    pickout 0.8561    branching_decision 0.0007    decision 0.0007    set_bounds 0.0947    prepare 0.2915    transfer 0.0001    finalize 0.3624    func 7.9022    solve 8.0273    add 0.4645    bab_iteration 9.1353    
Accumulated time: get_branching_decision.update_bounds 0.1490    bab_iteration 270.2953    pickout 16.7919    decision 0.0248    branching_decision 0.0239    set_bounds 3.6181    solve 234.4331    func 242.3330    prepare 8.2886    transfer 0.0078    finalize 11.9291    add 15.8591    
max lb -0.5363396406173706 min lb -0.5467724800109863
Number of Verified Splits: 1425 of 4096
Current worst splitting domains lb-rhs (depth):
-0.01109 (32), -0.01109 (30), -0.01109 (33), -0.01109 (33), -0.01107 (37), -0.01106 (36), -0.01102 (34), -0.01102 (32), -0.01102 (35), -0.01101 (36), -0.01100 (34), -0.01098 (29), -0.01089 (32), -0.01082 (31), -0.01082 (31), -0.01080 (31), -0.01080 (31), -0.01077 (31), -0.01077 (31), -0.01076 (30), 
Current (lb-rhs): -0.011088252067565918
120722 domains visited
Length of domains: 16704
Cumulative time: 280.2061448097229

BaB round 45
batch: 2048
splitting decisions: 
split level 0: [/input-15, 11210] [/input-23, 18292] [/input-7, 1] [/input-23, 17238] [/input-15, 11373] [/input-15, 11210] [/input-7, 4257] [/input-15, 2418] [/input-15, 4573] [/input-15, 4573] 
best_l after optimization: -2206.3662109375
beta sum per layer: [1089.4896240234375, 11381.44921875, 8352.599609375, 608.647705078125, 4956.00439453125, 2171.7841796875, 884.7919311523438]
alpha/beta optimization time: 6.444427490234375
pruning_in_iteration open status: True
ratio of positive domain = 1455 / 4096 = 0.355224609375
pruning-in-iteration extra time: 0.01370692253112793
Time: get_branching_decision.update_bounds 0.1490    pickout 0.5327    branching_decision 0.0008    decision 0.0008    set_bounds 0.0945    prepare 0.2761    transfer 0.0001    finalize 0.3645    func 8.2358    solve 7.9022    add 0.7236    bab_iteration 9.5906    
Accumulated time: get_branching_decision.update_bounds 0.1490    bab_iteration 279.8859    pickout 17.3246    decision 0.0256    branching_decision 0.0247    set_bounds 3.7126    solve 242.3353    func 250.5688    prepare 8.5647    transfer 0.0079    finalize 12.2937    add 16.5827    
max lb -0.5363396406173706 min lb -0.54676753282547
Number of Verified Splits: 1455 of 4096
Current worst splitting domains lb-rhs (depth):
-0.01109 (32), -0.01109 (30), -0.01109 (33), -0.01109 (33), -0.01107 (37), -0.01106 (36), -0.01102 (34), -0.01102 (32), -0.01102 (35), -0.01101 (36), -0.01100 (34), -0.01098 (29), -0.01089 (32), -0.01082 (31), -0.01082 (31), -0.01080 (31), -0.01080 (31), -0.01077 (31), -0.01077 (31), -0.01076 (30), 
Current (lb-rhs): -0.011088252067565918
124818 domains visited
Length of domains: 17297
Cumulative time: 289.5034370422363

BaB round 46
batch: 2048
splitting decisions: 
split level 0: [/input-31, 1588] [/input-7, 1419] [/input-15, 813] [/input-15, 11013] [/input-51, 742] [/input-15, 11761] [/input-15, 11761] [/input-7, 1091] [/input-7, 3101] [/input-7, 2624] 
best_l after optimization: -2206.43408203125
beta sum per layer: [1089.22607421875, 11463.720703125, 7997.5947265625, 677.1964111328125, 4915.1650390625, 2061.6220703125, 1010.6961669921875]
alpha/beta optimization time: 6.538617372512817
pruning_in_iteration open status: True
ratio of positive domain = 1417 / 4096 = 0.345947265625
pruning-in-iteration extra time: 0.012807607650756836
Time: get_branching_decision.update_bounds 0.1490    pickout 0.5356    branching_decision 0.0007    decision 0.0007    set_bounds 0.0945    prepare 0.2918    transfer 0.0001    finalize 0.3680    func 8.0345    solve 8.2359    add 0.4218    bab_iteration 9.2973    
Accumulated time: get_branching_decision.update_bounds 0.1490    bab_iteration 289.1832    pickout 17.8603    decision 0.0263    branching_decision 0.0254    set_bounds 3.8070    solve 250.5712    func 258.6033    prepare 8.8565    transfer 0.0080    finalize 12.6617    add 17.0046    
max lb -0.5363396406173706 min lb -0.5467655658721924
Number of Verified Splits: 1417 of 4096
Current worst splitting domains lb-rhs (depth):
-0.01109 (32), -0.01109 (30), -0.01109 (33), -0.01109 (33), -0.01107 (37), -0.01106 (36), -0.01102 (34), -0.01102 (32), -0.01102 (35), -0.01101 (36), -0.01100 (34), -0.01098 (29), -0.01089 (32), -0.01082 (31), -0.01082 (31), -0.01080 (31), -0.01080 (31), -0.01077 (31), -0.01077 (31), -0.01076 (30), 
Current (lb-rhs): -0.011088252067565918
128914 domains visited
Length of domains: 17928
Cumulative time: 298.82171630859375

BaB round 47
batch: 2048
splitting decisions: 
split level 0: [/input-39, 595] [/input-23, 16399] [/input-51, 727] [/input-7, 962] [/input-15, 4712] [/input-15, 9067] [/input-23, 16524] [/input-15, 1395] [/input-23, 319] [/input-23, 9286] 
best_l after optimization: -2206.2734375
beta sum per layer: [1169.694091796875, 11782.83203125, 7691.556640625, 827.5703125, 4802.0546875, 2079.53955078125, 1077.59765625]
alpha/beta optimization time: 6.435177326202393
pruning_in_iteration open status: True
ratio of positive domain = 1485 / 4096 = 0.362548828125
pruning-in-iteration extra time: 0.013666391372680664
Time: get_branching_decision.update_bounds 0.1490    pickout 0.6514    branching_decision 0.0008    decision 0.0008    set_bounds 0.4473    prepare 0.3130    transfer 0.0001    finalize 0.5012    func 8.0397    solve 8.0346    add 0.6139    bab_iteration 9.3183    
Accumulated time: get_branching_decision.update_bounds 0.1490    bab_iteration 298.5015    pickout 18.5117    decision 0.0271    branching_decision 0.0262    set_bounds 4.2543    solve 258.6058    func 266.6430    prepare 9.1694    transfer 0.0082    finalize 13.1629    add 17.6185    
max lb -0.5362483263015747 min lb -0.5467655658721924
Number of Verified Splits: 1485 of 4096
Current worst splitting domains lb-rhs (depth):
-0.01109 (32), -0.01109 (30), -0.01109 (33), -0.01109 (33), -0.01107 (37), -0.01106 (36), -0.01102 (34), -0.01102 (32), -0.01102 (35), -0.01101 (36), -0.01100 (34), -0.01098 (29), -0.01089 (32), -0.01082 (31), -0.01082 (31), -0.01080 (31), -0.01080 (31), -0.01077 (31), -0.01077 (31), -0.01076 (30), 
Current (lb-rhs): -0.011088252067565918
133010 domains visited
Length of domains: 18491
Cumulative time: 308.46207332611084

BaB round 48
batch: 2048
splitting decisions: 
split level 0: [/input-15, 9416] [/input-15, 4712] [/input-23, 14721] [/input-31, 4021] [/input-7, 4257] [/input-15, 4201] [/input-7, 1977] [/input-7, 2105] [/input-15, 9657] [/input-23, 22757] 
best_l after optimization: -2206.20068359375
beta sum per layer: [1206.398681640625, 12299.22265625, 7549.26318359375, 949.4561767578125, 4786.015625, 2043.8701171875, 1193.54541015625]
alpha/beta optimization time: 6.500646114349365
pruning_in_iteration open status: True
ratio of positive domain = 1459 / 4096 = 0.356201171875
pruning-in-iteration extra time: 0.013027667999267578
Time: get_branching_decision.update_bounds 0.1490    pickout 0.5575    branching_decision 0.0008    decision 0.0008    set_bounds 0.0955    prepare 0.2826    transfer 0.0001    finalize 0.3607    func 7.9414    solve 8.0397    add 0.4885    bab_iteration 9.6404    
Accumulated time: get_branching_decision.update_bounds 0.1490    bab_iteration 308.1418    pickout 19.0692    decision 0.0279    branching_decision 0.0269    set_bounds 4.3498    solve 266.6455    func 274.5844    prepare 9.4520    transfer 0.0083    finalize 13.5235    add 18.1070    
max lb -0.5363396406173706 min lb -0.5467655062675476
Number of Verified Splits: 1459 of 4096
Current worst splitting domains lb-rhs (depth):
-0.01109 (32), -0.01109 (30), -0.01109 (33), -0.01109 (33), -0.01107 (37), -0.01106 (36), -0.01102 (34), -0.01102 (32), -0.01102 (35), -0.01101 (36), -0.01100 (34), -0.01098 (29), -0.01089 (32), -0.01082 (31), -0.01082 (31), -0.01080 (31), -0.01080 (31), -0.01077 (31), -0.01077 (31), -0.01076 (30), 
Current (lb-rhs): -0.011088252067565918
137106 domains visited
Length of domains: 19080
Cumulative time: 317.5594620704651

BaB round 49
batch: 2048
splitting decisions: 
split level 0: [/input-39, 595] [/input-15, 9067] [/input-15, 11013] [/input-15, 7877] [/input-23, 27949] [/input-51, 742] [/input-7, 1520] [/input-15, 5903] [/input-15, 3534] [/input-15, 9416] 
best_l after optimization: -2206.055419921875
beta sum per layer: [1212.51318359375, 12839.244140625, 7658.8662109375, 1044.9697265625, 4750.2763671875, 1848.92431640625, 1175.2015380859375]
alpha/beta optimization time: 6.364531755447388
pruning_in_iteration open status: True
ratio of positive domain = 1522 / 4096 = 0.37158203125
pruning-in-iteration extra time: 0.014693975448608398
Time: get_branching_decision.update_bounds 0.1490    pickout 0.9227    branching_decision 0.0008    decision 0.0008    set_bounds 0.0952    prepare 0.2841    transfer 0.0001    finalize 0.3657    func 7.7965    solve 7.9415    add 0.4904    bab_iteration 9.0974    
Accumulated time: get_branching_decision.update_bounds 0.1490    bab_iteration 317.2392    pickout 19.9919    decision 0.0287    branching_decision 0.0277    set_bounds 4.4450    solve 274.5870    func 282.3809    prepare 9.7361    transfer 0.0085    finalize 13.8892    add 18.5974    
max lb -0.5363396406173706 min lb -0.5467654466629028
Number of Verified Splits: 1522 of 4096
Current worst splitting domains lb-rhs (depth):
-0.01109 (32), -0.01109 (30), -0.01109 (33), -0.01109 (33), -0.01107 (37), -0.01106 (36), -0.01102 (34), -0.01102 (32), -0.01102 (35), -0.01101 (36), -0.01100 (34), -0.01098 (29), -0.01089 (32), -0.01082 (31), -0.01082 (31), -0.01080 (31), -0.01080 (31), -0.01077 (31), -0.01077 (31), -0.01076 (30), 
Current (lb-rhs): -0.011088252067565918
141202 domains visited
Length of domains: 19606
Cumulative time: 327.00168347358704

BaB round 50
batch: 2048
splitting decisions: 
split level 0: [/input-51, 103] [/input-15, 9620] [/input-15, 2418] [/input-15, 3175] [/input-15, 813] [/input-31, 1588] [/input-31, 1588] [/input-63, 335] [/input-51, 727] [/input-23, 17238] 
best_l after optimization: -2206.12451171875
beta sum per layer: [1161.5977783203125, 13009.67578125, 7635.271484375, 1273.27490234375, 4477.37744140625, 1659.735107421875, 1183.75439453125]
alpha/beta optimization time: 6.323732376098633
pruning_in_iteration open status: True
ratio of positive domain = 1504 / 4096 = 0.3671875
pruning-in-iteration extra time: 0.014808893203735352
Time: get_branching_decision.update_bounds 0.1490    pickout 0.5420    branching_decision 0.0007    decision 0.0008    set_bounds 0.0951    prepare 0.3120    transfer 0.0002    finalize 0.3610    func 8.1910    solve 7.7966    add 0.6063    bab_iteration 9.4422    
Accumulated time: get_branching_decision.update_bounds 0.1490    bab_iteration 326.6814    pickout 20.5339    decision 0.0295    branching_decision 0.0284    set_bounds 4.5401    solve 282.3836    func 290.5719    prepare 10.0480    transfer 0.0086    finalize 14.2502    add 19.2037    
max lb -0.5363396406173706 min lb -0.5467655658721924
Number of Verified Splits: 1504 of 4096
Current worst splitting domains lb-rhs (depth):
-0.01109 (32), -0.01109 (30), -0.01109 (33), -0.01109 (33), -0.01107 (37), -0.01106 (36), -0.01102 (34), -0.01102 (32), -0.01102 (35), -0.01101 (36), -0.01100 (34), -0.01098 (29), -0.01089 (32), -0.01082 (31), -0.01082 (31), -0.01080 (31), -0.01080 (31), -0.01077 (31), -0.01077 (31), -0.01076 (30), 
Current (lb-rhs): -0.011088252067565918
145298 domains visited
Length of domains: 20150
Cumulative time: 336.2196464538574

BaB round 51
batch: 2048
splitting decisions: 
split level 0: [/input-15, 2] [/input-7, 1] [/input-15, 1395] [/input-15, 4714] [/input-15, 813] [/input-7, 1091] [/input-7, 4257] [/input-15, 11375] [/input-7, 1977] [/input-23, 11362] 
best_l after optimization: -2206.1669921875
beta sum per layer: [1169.59765625, 13086.3994140625, 7501.62158203125, 1566.37353515625, 4383.640625, 1756.492431640625, 1293.5206298828125]
alpha/beta optimization time: 6.402966499328613
pruning_in_iteration open status: True
ratio of positive domain = 1489 / 4096 = 0.363525390625
pruning-in-iteration extra time: 0.014370203018188477
Time: get_branching_decision.update_bounds 0.1490    pickout 0.4729    branching_decision 0.0006    decision 0.0007    set_bounds 0.0960    prepare 0.2891    transfer 0.0005    finalize 0.3584    func 7.8407    solve 8.1911    add 0.3864    bab_iteration 9.2180    
Accumulated time: get_branching_decision.update_bounds 0.1490    bab_iteration 335.8994    pickout 21.0068    decision 0.0301    branching_decision 0.0291    set_bounds 4.6361    solve 290.5747    func 298.4127    prepare 10.3371    transfer 0.0091    finalize 14.6086    add 19.5901    
max lb -0.5362873077392578 min lb -0.5467466115951538
Number of Verified Splits: 1489 of 4096
Current worst splitting domains lb-rhs (depth):
-0.01109 (32), -0.01109 (30), -0.01109 (33), -0.01109 (33), -0.01107 (37), -0.01106 (36), -0.01102 (34), -0.01102 (32), -0.01102 (35), -0.01101 (36), -0.01100 (34), -0.01098 (29), -0.01089 (32), -0.01082 (31), -0.01082 (31), -0.01080 (31), -0.01080 (31), -0.01077 (31), -0.01077 (31), -0.01076 (30), 
Current (lb-rhs): -0.011088252067565918
149394 domains visited
Length of domains: 20709
Cumulative time: 345.08936071395874

BaB round 52
batch: 2048
splitting decisions: 
split level 0: [/input-7, 3288] [/input-23, 9532] [/input-63, 335] [/input-15, 813] [/input-7, 4291] [/input-23, 11362] [/input-15, 4573] [/input-7, 3101] [/input-7, 4590] [/input-23, 11362] 
best_l after optimization: -2205.755615234375
beta sum per layer: [1259.924072265625, 13212.83203125, 7466.19921875, 1789.153076171875, 4203.63671875, 1875.442138671875, 1351.92626953125]
alpha/beta optimization time: 6.2120256423950195
pruning_in_iteration open status: True
ratio of positive domain = 1630 / 4096 = 0.39794921875
pruning-in-iteration extra time: 0.015352725982666016
Time: get_branching_decision.update_bounds 0.1490    pickout 0.4753    branching_decision 0.0007    decision 0.0008    set_bounds 0.4855    prepare 0.2897    transfer 0.0004    finalize 0.3534    func 7.6097    solve 7.8408    add 0.4550    bab_iteration 8.8697    
Accumulated time: get_branching_decision.update_bounds 0.1490    bab_iteration 344.7691    pickout 21.4821    decision 0.0309    branching_decision 0.0298    set_bounds 5.1216    solve 298.4155    func 306.0224    prepare 10.6268    transfer 0.0095    finalize 14.9619    add 20.0451    
max lb -0.5363016128540039 min lb -0.545924186706543
Number of Verified Splits: 1630 of 4096
Current worst splitting domains lb-rhs (depth):
-0.01109 (32), -0.01109 (30), -0.01109 (33), -0.01109 (33), -0.01107 (37), -0.01106 (36), -0.01102 (34), -0.01102 (32), -0.01102 (35), -0.01101 (36), -0.01100 (34), -0.01098 (29), -0.01089 (32), -0.01082 (31), -0.01082 (31), -0.01080 (31), -0.01080 (31), -0.01077 (31), -0.01077 (31), -0.01076 (30), 
Current (lb-rhs): -0.011088252067565918
153490 domains visited
Length of domains: 21127
Cumulative time: 354.10932993888855

BaB round 53
batch: 2048
splitting decisions: 
split level 0: [/input-15, 9067] [/input-15, 11008] [/input-15, 2973] [/input-15, 11210] [/input-15, 4917] [/input-31, 1588] [/input-23, 18204] [/input-15, 11008] [/input-15, 11008] [/input-15, 2] 
best_l after optimization: -2205.9404296875
beta sum per layer: [1295.6827392578125, 13607.666015625, 7488.95654296875, 2004.0322265625, 3931.813232421875, 2027.718505859375, 1505.225830078125]
alpha/beta optimization time: 6.290036678314209
pruning_in_iteration open status: True
ratio of positive domain = 1559 / 4096 = 0.380615234375
pruning-in-iteration extra time: 0.015020608901977539
Time: get_branching_decision.update_bounds 0.1490    pickout 0.5651    branching_decision 0.0008    decision 0.0008    set_bounds 0.0969    prepare 0.2987    transfer 0.0004    finalize 0.3543    func 7.7182    solve 7.6098    add 0.4370    bab_iteration 9.0200    
Accumulated time: get_branching_decision.update_bounds 0.1490    bab_iteration 353.7891    pickout 22.0471    decision 0.0317    branching_decision 0.0306    set_bounds 5.2185    solve 306.0253    func 313.7406    prepare 10.9255    transfer 0.0098    finalize 15.3162    add 20.4821    
max lb -0.5363027453422546 min lb -0.5457910895347595
Number of Verified Splits: 1559 of 4096
Current worst splitting domains lb-rhs (depth):
-0.01109 (32), -0.01109 (30), -0.01109 (33), -0.01109 (33), -0.01107 (37), -0.01106 (36), -0.01102 (34), -0.01102 (32), -0.01102 (35), -0.01101 (36), -0.01100 (34), -0.01098 (29), -0.01089 (32), -0.01082 (31), -0.01082 (31), -0.01080 (31), -0.01080 (31), -0.01077 (31), -0.01077 (31), -0.01076 (30), 
Current (lb-rhs): -0.011088252067565918
157586 domains visited
Length of domains: 21616
Cumulative time: 362.93417525291443

BaB round 54
batch: 2048
splitting decisions: 
split level 0: [/input-15, 787] [/input-15, 11008] [/input-15, 3566] [/input-31, 4021] [/input-15, 2950] [/input-15, 4917] [/input-7, 3288] [/input-15, 9416] [/input-15, 3657] [/input-15, 787] 
best_l after optimization: -2205.772216796875
beta sum per layer: [1343.090576171875, 14047.46875, 7469.35888671875, 2016.34765625, 3858.731689453125, 2292.278076171875, 1574.876708984375]
alpha/beta optimization time: 6.232386350631714
pruning_in_iteration open status: True
ratio of positive domain = 1577 / 4096 = 0.385009765625
pruning-in-iteration extra time: 0.015136957168579102
Time: get_branching_decision.update_bounds 0.1490    pickout 1.0028    branching_decision 0.0007    decision 0.0008    set_bounds 0.0958    prepare 0.2843    transfer 0.0004    finalize 0.4047    func 7.6912    solve 7.7183    add 0.4321    bab_iteration 8.8248    
Accumulated time: get_branching_decision.update_bounds 0.1490    bab_iteration 362.6139    pickout 23.0500    decision 0.0324    branching_decision 0.0313    set_bounds 5.3143    solve 313.7435    func 321.4318    prepare 11.2098    transfer 0.0102    finalize 15.7209    add 20.9142    
max lb -0.5363396406173706 min lb -0.544927179813385
Number of Verified Splits: 1577 of 4096
Current worst splitting domains lb-rhs (depth):
-0.01109 (32), -0.01109 (30), -0.01109 (33), -0.01109 (33), -0.01107 (37), -0.01106 (36), -0.01102 (34), -0.01102 (32), -0.01102 (35), -0.01101 (36), -0.01100 (34), -0.01098 (29), -0.01089 (32), -0.01082 (31), -0.01082 (31), -0.01080 (31), -0.01080 (31), -0.01077 (31), -0.01077 (31), -0.01076 (30), 
Current (lb-rhs): -0.011088252067565918
161682 domains visited
Length of domains: 22087
Cumulative time: 372.02680373191833

BaB round 55
batch: 2048
splitting decisions: 
split level 0: [/input-15, 4723] [/input-15, 3551] [/input-23, 28085] [/input-15, 11008] [/input-15, 3645] [/input-15, 3657] [/input-15, 4201] [/input-51, 742] [/input-15, 813] [/input-15, 11008] 
best_l after optimization: -2205.614990234375
beta sum per layer: [1451.2725830078125, 14881.095703125, 7161.20166015625, 2209.186767578125, 3613.10205078125, 2385.33837890625, 1489.6085205078125]
alpha/beta optimization time: 6.17730712890625
pruning_in_iteration open status: True
ratio of positive domain = 1585 / 4096 = 0.386962890625
pruning-in-iteration extra time: 0.01580357551574707
Time: get_branching_decision.update_bounds 0.1490    pickout 0.4839    branching_decision 0.0007    decision 0.0007    set_bounds 0.0960    prepare 0.2839    transfer 0.0004    finalize 0.3484    func 7.5766    solve 7.6912    add 0.2988    bab_iteration 9.0926    
Accumulated time: get_branching_decision.update_bounds 0.1490    bab_iteration 371.7065    pickout 23.5339    decision 0.0332    branching_decision 0.0320    set_bounds 5.4103    solve 321.4348    func 329.0084    prepare 11.4937    transfer 0.0106    finalize 16.0693    add 21.2130    
max lb -0.5363396406173706 min lb -0.544927179813385
Number of Verified Splits: 1585 of 4096
Current worst splitting domains lb-rhs (depth):
-0.01109 (32), -0.01109 (30), -0.01109 (33), -0.01109 (33), -0.01107 (37), -0.01106 (36), -0.01102 (34), -0.01102 (32), -0.01102 (35), -0.01101 (36), -0.01100 (34), -0.01098 (29), -0.01089 (32), -0.01082 (31), -0.01082 (31), -0.01080 (31), -0.01080 (31), -0.01077 (31), -0.01077 (31), -0.01076 (30), 
Current (lb-rhs): -0.011088252067565918
165778 domains visited
Length of domains: 22550
Cumulative time: 380.640084028244

BaB round 56
batch: 2048
splitting decisions: 
split level 0: [/input-7, 876] [/input-7, 1977] [/input-7, 4005] [/input-15, 7877] [/input-15, 2389] [/input-23, 28085] [/input-7, 4257] [/input-23, 13693] [/input-39, 595] [/input-23, 10219] 
best_l after optimization: -2205.34130859375
beta sum per layer: [1539.497314453125, 15617.30078125, 7160.9267578125, 2429.35693359375, 3460.783203125, 2435.662353515625, 1498.11474609375]
alpha/beta optimization time: 6.126181602478027
pruning_in_iteration open status: True
ratio of positive domain = 1651 / 4096 = 0.403076171875
pruning-in-iteration extra time: 0.015657663345336914
Time: get_branching_decision.update_bounds 0.1490    pickout 1.0084    branching_decision 0.0007    decision 0.0008    set_bounds 0.0960    prepare 0.3059    transfer 0.0002    finalize 0.3447    func 7.5240    solve 7.5767    add 0.4443    bab_iteration 8.6133    
Accumulated time: get_branching_decision.update_bounds 0.1490    bab_iteration 380.3198    pickout 24.5422    decision 0.0339    branching_decision 0.0328    set_bounds 5.5063    solve 329.0114    func 336.5324    prepare 11.7996    transfer 0.0108    finalize 16.4140    add 21.6574    
max lb -0.5363287329673767 min lb -0.544927179813385
Number of Verified Splits: 1651 of 4096
Current worst splitting domains lb-rhs (depth):
-0.01109 (32), -0.01109 (30), -0.01109 (33), -0.01109 (33), -0.01107 (37), -0.01106 (36), -0.01102 (34), -0.01102 (32), -0.01102 (35), -0.01101 (36), -0.01100 (34), -0.01098 (29), -0.01089 (32), -0.01082 (31), -0.01082 (31), -0.01080 (31), -0.01080 (31), -0.01077 (31), -0.01077 (31), -0.01076 (30), 
Current (lb-rhs): -0.011088252067565918
169874 domains visited
Length of domains: 22947
Cumulative time: 389.7831118106842

BaB round 57
batch: 2048
splitting decisions: 
split level 0: [/input-7, 330] [/input-7, 2833] [/input-23, 17455] [/input-7, 2833] [/input-7, 4257] [/input-23, 17238] [/input-15, 11373] [/input-7, 4005] [/input-7, 3288] [/input-7, 962] 
best_l after optimization: -2205.18896484375
beta sum per layer: [1560.517333984375, 16166.498046875, 7443.189453125, 2628.144287109375, 3460.99853515625, 2401.83349609375, 1386.38916015625]
alpha/beta optimization time: 6.0912134647369385
pruning_in_iteration open status: True
ratio of positive domain = 1701 / 4096 = 0.415283203125
pruning-in-iteration extra time: 0.01563739776611328
Time: get_branching_decision.update_bounds 0.1490    pickout 0.5693    branching_decision 0.0007    decision 0.0007    set_bounds 0.0969    prepare 0.2832    transfer 0.0003    finalize 0.3442    func 7.9247    solve 7.5241    add 0.5020    bab_iteration 9.1430    
Accumulated time: get_branching_decision.update_bounds 0.1490    bab_iteration 389.4628    pickout 25.1115    decision 0.0347    branching_decision 0.0335    set_bounds 5.6033    solve 336.5356    func 344.4571    prepare 12.0828    transfer 0.0111    finalize 16.7582    add 22.1594    
max lb -0.5363048911094666 min lb -0.544927179813385
Number of Verified Splits: 1701 of 4096
Current worst splitting domains lb-rhs (depth):
-0.01109 (32), -0.01109 (30), -0.01109 (33), -0.01109 (33), -0.01107 (37), -0.01106 (36), -0.01102 (34), -0.01102 (32), -0.01102 (35), -0.01101 (36), -0.01100 (34), -0.01098 (29), -0.01089 (32), -0.01082 (31), -0.01082 (31), -0.01080 (31), -0.01080 (31), -0.01077 (31), -0.01077 (31), -0.01076 (30), 
Current (lb-rhs): -0.011088252067565918
173970 domains visited
Length of domains: 23294
Cumulative time: 398.59280228614807

BaB round 58
batch: 2048
splitting decisions: 
split level 0: [/input-15, 10455] [/input-15, 787] [/input-15, 4201] [/input-15, 11008] [/input-51, 342] [/input-15, 787] [/input-23, 10219] [/input-15, 4714] [/input-7, 2599] [/input-23, 10877] 
best_l after optimization: -2205.3857421875
beta sum per layer: [1616.20166015625, 16514.49609375, 7552.837890625, 2901.4052734375, 3612.830322265625, 2305.8955078125, 1279.507568359375]
alpha/beta optimization time: 6.076860427856445
pruning_in_iteration open status: True
ratio of positive domain = 1674 / 4096 = 0.40869140625
pruning-in-iteration extra time: 0.01602029800415039
Time: get_branching_decision.update_bounds 0.1490    pickout 0.5359    branching_decision 0.0007    decision 0.0008    set_bounds 0.0966    prepare 0.2833    transfer 0.0004    finalize 0.3345    func 7.4388    solve 7.9247    add 0.2096    bab_iteration 8.8097    
Accumulated time: get_branching_decision.update_bounds 0.1490    bab_iteration 398.2725    pickout 25.6474    decision 0.0354    branching_decision 0.0342    set_bounds 5.6999    solve 344.4603    func 351.8959    prepare 12.3661    transfer 0.0115    finalize 17.0926    add 22.3690    
max lb -0.5363396406173706 min lb -0.5449271202087402
Number of Verified Splits: 1674 of 4096
Current worst splitting domains lb-rhs (depth):
-0.01109 (32), -0.01109 (30), -0.01109 (33), -0.01109 (33), -0.01107 (37), -0.01106 (36), -0.01102 (34), -0.01102 (32), -0.01102 (35), -0.01101 (36), -0.01100 (34), -0.01098 (29), -0.01089 (32), -0.01082 (31), -0.01082 (31), -0.01080 (31), -0.01080 (31), -0.01077 (31), -0.01077 (31), -0.01076 (30), 
Current (lb-rhs): -0.011088252067565918
178066 domains visited
Length of domains: 23668
Cumulative time: 406.87097930908203

BaB round 59
batch: 2048
splitting decisions: 
split level 0: [/input-23, 21927] [/input-15, 7877] [/input-15, 3566] [/input-15, 7877] [/input-7, 4510] [/input-15, 7876] [/input-15, 9067] [/input-7, 2105] [/input-7, 4510] [/input-15, 4201] 
best_l after optimization: -2205.37255859375
beta sum per layer: [1663.75439453125, 16937.2109375, 7606.32666015625, 3139.162109375, 3655.801025390625, 2396.7490234375, 1301.702880859375]
alpha/beta optimization time: 6.176214933395386
pruning_in_iteration open status: True
ratio of positive domain = 1624 / 4096 = 0.396484375
pruning-in-iteration extra time: 0.01583385467529297
Time: get_branching_decision.update_bounds 0.1490    pickout 0.4868    branching_decision 0.0007    decision 0.0008    set_bounds 0.0969    prepare 0.2828    transfer 0.0004    finalize 0.3385    func 8.0395    solve 7.4388    add 0.2031    bab_iteration 8.2782    
Accumulated time: get_branching_decision.update_bounds 0.1490    bab_iteration 406.5507    pickout 26.1342    decision 0.0362    branching_decision 0.0350    set_bounds 5.7968    solve 351.8991    func 359.9354    prepare 12.6489    transfer 0.0119    finalize 17.4311    add 22.5720    
max lb -0.5363396406173706 min lb -0.5449270009994507
Number of Verified Splits: 1624 of 4096
Current worst splitting domains lb-rhs (depth):
-0.01109 (32), -0.01109 (30), -0.01109 (33), -0.01109 (33), -0.01107 (37), -0.01106 (36), -0.01102 (34), -0.01102 (32), -0.01102 (35), -0.01101 (36), -0.01100 (34), -0.01098 (29), -0.01089 (32), -0.01082 (31), -0.01082 (31), -0.01080 (31), -0.01080 (31), -0.01077 (31), -0.01077 (31), -0.01076 (30), 
Current (lb-rhs): -0.011088252067565918
182162 domains visited
Length of domains: 24092
Cumulative time: 415.9516270160675

BaB round 60
batch: 2048
splitting decisions: 
split level 0: [/input-15, 2389] [/input-51, 742] [/input-15, 2418] [/input-15, 787] [/input-15, 9416] [/input-15, 7876] [/input-23, 9153] [/input-7, 3101] [/input-15, 7876] [/input-7, 4257] 
best_l after optimization: -2205.232666015625
beta sum per layer: [1753.770263671875, 17360.373046875, 7722.93505859375, 3282.30419921875, 3650.117431640625, 2503.31005859375, 1258.4150390625]
alpha/beta optimization time: 6.169866323471069
pruning_in_iteration open status: True
ratio of positive domain = 1646 / 4096 = 0.40185546875
pruning-in-iteration extra time: 0.015808582305908203
Time: get_branching_decision.update_bounds 0.1490    pickout 0.5671    branching_decision 0.0006    decision 0.0007    set_bounds 0.0971    prepare 0.2940    transfer 0.0003    finalize 0.3622    func 7.5852    solve 8.0396    add 0.4449    bab_iteration 9.0806    
Accumulated time: get_branching_decision.update_bounds 0.1490    bab_iteration 415.6313    pickout 26.7013    decision 0.0369    branching_decision 0.0356    set_bounds 5.8939    solve 359.9387    func 367.5206    prepare 12.9429    transfer 0.0122    finalize 17.7933    add 23.0169    
max lb -0.5363396406173706 min lb -0.5449299812316895
Number of Verified Splits: 1646 of 4096
Current worst splitting domains lb-rhs (depth):
-0.01109 (32), -0.01109 (30), -0.01109 (33), -0.01109 (33), -0.01107 (37), -0.01106 (36), -0.01102 (34), -0.01102 (32), -0.01102 (35), -0.01101 (36), -0.01100 (34), -0.01098 (29), -0.01089 (32), -0.01082 (31), -0.01082 (31), -0.01080 (31), -0.01080 (31), -0.01077 (31), -0.01077 (31), -0.01076 (30), 
Current (lb-rhs): -0.011088252067565918
186258 domains visited
Length of domains: 24494
Cumulative time: 424.650226354599

BaB round 61
batch: 2048
splitting decisions: 
split level 0: [/input-7, 3288] [/input-39, 1820] [/input-7, 330] [/input-7, 4257] [/input-15, 226] [/input-15, 787] [/input-7, 1734] [/input-15, 11250] [/input-7, 4257] [/input-7, 4005] 
best_l after optimization: -2205.015625
beta sum per layer: [1870.486328125, 17603.61328125, 7873.525390625, 3404.664306640625, 3498.615234375, 2627.476318359375, 1107.0189208984375]
alpha/beta optimization time: 6.120506286621094
pruning_in_iteration open status: True
ratio of positive domain = 1712 / 4096 = 0.41796875
pruning-in-iteration extra time: 0.015069723129272461
Time: get_branching_decision.update_bounds 0.1490    pickout 0.5770    branching_decision 0.0007    decision 0.0008    set_bounds 0.0968    prepare 0.3210    transfer 0.0009    finalize 0.3419    func 7.9685    solve 7.5852    add 0.4368    bab_iteration 8.6986    
Accumulated time: get_branching_decision.update_bounds 0.1490    bab_iteration 424.3299    pickout 27.2784    decision 0.0376    branching_decision 0.0364    set_bounds 5.9907    solve 367.5239    func 375.4891    prepare 13.2639    transfer 0.0131    finalize 18.1353    add 23.4538    
max lb -0.5363250970840454 min lb -0.5449300408363342
Number of Verified Splits: 1712 of 4096
Current worst splitting domains lb-rhs (depth):
-0.01109 (32), -0.01109 (30), -0.01109 (33), -0.01109 (33), -0.01107 (37), -0.01106 (36), -0.01102 (34), -0.01102 (32), -0.01102 (35), -0.01101 (36), -0.01100 (34), -0.01098 (29), -0.01089 (32), -0.01082 (31), -0.01082 (31), -0.01080 (31), -0.01080 (31), -0.01077 (31), -0.01077 (31), -0.01076 (30), 
Current (lb-rhs): -0.011088252067565918
190354 domains visited
Length of domains: 24830
Cumulative time: 433.7457001209259

BaB round 62
batch: 2048
splitting decisions: 
split level 0: [/input-15, 10636] [/input-15, 5903] [/input-15, 5161] [/input-39, 1820] [/input-15, 5721] [/input-15, 11008] [/input-23, 16876] [/input-15, 787] [/input-39, 1820] [/input-23, 21221] 
best_l after optimization: -2205.040771484375
beta sum per layer: [1905.7374267578125, 17750.40234375, 8253.0703125, 3636.14208984375, 3396.525390625, 2787.94189453125, 925.3685302734375]
alpha/beta optimization time: 6.138454437255859
pruning_in_iteration open status: True
ratio of positive domain = 1635 / 4096 = 0.399169921875
pruning-in-iteration extra time: 0.015573978424072266
Time: get_branching_decision.update_bounds 0.1490    pickout 0.6023    branching_decision 0.0007    decision 0.0007    set_bounds 0.0988    prepare 0.2965    transfer 0.0004    finalize 0.3445    func 7.5418    solve 7.9686    add 0.4296    bab_iteration 9.0955    
Accumulated time: get_branching_decision.update_bounds 0.1490    bab_iteration 433.4254    pickout 27.8806    decision 0.0383    branching_decision 0.0371    set_bounds 6.0895    solve 375.4925    func 383.0309    prepare 13.5604    transfer 0.0135    finalize 18.4798    add 23.8833    
max lb -0.5363396406173706 min lb -0.544930100440979
Number of Verified Splits: 1635 of 4096
Current worst splitting domains lb-rhs (depth):
-0.01109 (32), -0.01109 (30), -0.01109 (33), -0.01109 (33), -0.01107 (37), -0.01106 (36), -0.01102 (34), -0.01102 (32), -0.01102 (35), -0.01101 (36), -0.01100 (34), -0.01098 (29), -0.01089 (32), -0.01082 (31), -0.01082 (31), -0.01080 (31), -0.01080 (31), -0.01077 (31), -0.01077 (31), -0.01076 (30), 
Current (lb-rhs): -0.011088252067565918
194450 domains visited
Length of domains: 25243
Cumulative time: 442.4364929199219

BaB round 63
batch: 2048
splitting decisions: 
split level 0: [/input-15, 6219] [/input-15, 11375] [/input-15, 6109] [/input-23, 18026] [/input-15, 12463] [/input-15, 3566] [/input-7, 4257] [/input-15, 5721] [/input-15, 11008] [/input-23, 22216] 
best_l after optimization: -2204.78955078125
beta sum per layer: [1866.8350830078125, 18515.234375, 8340.01953125, 3864.60107421875, 3440.27587890625, 2908.767578125, 944.1815185546875]
alpha/beta optimization time: 6.05348539352417
pruning_in_iteration open status: True
ratio of positive domain = 1700 / 4096 = 0.4150390625
pruning-in-iteration extra time: 0.016293764114379883
Time: get_branching_decision.update_bounds 0.1490    pickout 0.5687    branching_decision 0.0008    decision 0.0008    set_bounds 0.0970    prepare 0.2895    transfer 0.0004    finalize 0.3843    func 7.9595    solve 7.5419    add 0.4331    bab_iteration 8.6908    
Accumulated time: get_branching_decision.update_bounds 0.1490    bab_iteration 442.1162    pickout 28.4493    decision 0.0391    branching_decision 0.0378    set_bounds 6.1864    solve 383.0344    func 390.9904    prepare 13.8499    transfer 0.0139    finalize 18.8641    add 24.3165    
max lb -0.5363396406173706 min lb -0.544930100440979
Number of Verified Splits: 1700 of 4096
Current worst splitting domains lb-rhs (depth):
-0.01109 (32), -0.01109 (30), -0.01109 (33), -0.01109 (33), -0.01107 (37), -0.01106 (36), -0.01102 (34), -0.01102 (32), -0.01102 (35), -0.01101 (36), -0.01100 (34), -0.01098 (29), -0.01089 (32), -0.01082 (31), -0.01082 (31), -0.01080 (31), -0.01080 (31), -0.01077 (31), -0.01077 (31), -0.01076 (30), 
Current (lb-rhs): -0.011088252067565918
198546 domains visited
Length of domains: 25591
Cumulative time: 451.22262048721313

BaB round 64
batch: 2048
splitting decisions: 
split level 0: [/input-15, 2973] [/input-15, 11008] [/input-23, 10877] [/input-15, 11008] [/input-23, 16876] [/input-23, 8714] [/input-15, 2973] [/input-7, 330] [/input-15, 5343] [/input-15, 1502] 
best_l after optimization: -2204.7861328125
beta sum per layer: [1870.3758544921875, 18737.4453125, 8654.2685546875, 4122.94970703125, 3546.293701171875, 3186.58203125, 784.490234375]
alpha/beta optimization time: 6.05054497718811
pruning_in_iteration open status: True
ratio of positive domain = 1706 / 4096 = 0.41650390625
pruning-in-iteration extra time: 0.016028165817260742
Time: get_branching_decision.update_bounds 0.1490    pickout 0.4962    branching_decision 0.0008    decision 0.0008    set_bounds 0.0967    prepare 0.2939    transfer 0.0005    finalize 0.3381    func 7.4222    solve 7.9595    add 0.1570    bab_iteration 8.7861    
Accumulated time: get_branching_decision.update_bounds 0.1490    bab_iteration 450.9023    pickout 28.9455    decision 0.0399    branching_decision 0.0386    set_bounds 6.2831    solve 390.9940    func 398.4126    prepare 14.1438    transfer 0.0143    finalize 19.2022    add 24.4734    
max lb -0.5362987518310547 min lb -0.5449299216270447
Number of Verified Splits: 1706 of 4096
Current worst splitting domains lb-rhs (depth):
-0.01109 (32), -0.01109 (30), -0.01109 (33), -0.01109 (33), -0.01107 (37), -0.01106 (36), -0.01102 (34), -0.01102 (32), -0.01102 (35), -0.01101 (36), -0.01100 (34), -0.01098 (29), -0.01089 (32), -0.01082 (31), -0.01082 (31), -0.01080 (31), -0.01080 (31), -0.01077 (31), -0.01077 (31), -0.01076 (30), 
Current (lb-rhs): -0.011088252067565918
202642 domains visited
Length of domains: 25933
Cumulative time: 459.7550780773163

BaB round 65
batch: 2048
splitting decisions: 
split level 0: [/input-15, 813] [/input-39, 1820] [/input-15, 11008] [/input-15, 4712] [/input-15, 9416] [/input-7, 962] [/input-15, 1395] [/input-23, 10975] [/input-7, 1965] [/input-7, 4291] 
best_l after optimization: -2204.71728515625
beta sum per layer: [1852.069091796875, 19036.30078125, 8758.267578125, 4312.63818359375, 3720.53369140625, 3287.010498046875, 822.3242797851562]
alpha/beta optimization time: 6.005772590637207
pruning_in_iteration open status: True
ratio of positive domain = 1738 / 4096 = 0.42431640625
pruning-in-iteration extra time: 0.016000747680664062
Time: get_branching_decision.update_bounds 0.1490    pickout 0.5660    branching_decision 0.0008    decision 0.0008    set_bounds 0.1064    prepare 0.3284    transfer 0.0005    finalize 0.4278    func 7.9910    solve 7.4223    add 0.5048    bab_iteration 8.5325    
Accumulated time: get_branching_decision.update_bounds 0.1490    bab_iteration 459.4347    pickout 29.5114    decision 0.0408    branching_decision 0.0394    set_bounds 6.3895    solve 398.4162    func 406.4036    prepare 14.4723    transfer 0.0148    finalize 19.6299    add 24.9782    
max lb -0.5363396406173706 min lb -0.5449295043945312
Number of Verified Splits: 1738 of 4096
Current worst splitting domains lb-rhs (depth):
-0.01109 (32), -0.01109 (30), -0.01109 (33), -0.01109 (33), -0.01107 (37), -0.01106 (36), -0.01102 (34), -0.01102 (32), -0.01102 (35), -0.01101 (36), -0.01100 (34), -0.01098 (29), -0.01089 (32), -0.01082 (31), -0.01082 (31), -0.01080 (31), -0.01080 (31), -0.01077 (31), -0.01077 (31), -0.01076 (30), 
Current (lb-rhs): -0.011088252067565918
206738 domains visited
Length of domains: 26243
Cumulative time: 468.9247784614563

BaB round 66
batch: 2048
splitting decisions: 
split level 0: [/input-23, 113] [/input-15, 4133] [/input-15, 6709] [/input-23, 16399] [/input-23, 10877] [/input-15, 11647] [/input-15, 4201] [/input-23, 8354] [/input-15, 6597] [/input-7, 2624] 
best_l after optimization: -2204.883056640625
beta sum per layer: [1795.664306640625, 19983.669921875, 8982.2822265625, 4490.9599609375, 4159.96484375, 3165.552734375, 777.6826782226562]
alpha/beta optimization time: 6.239985227584839
pruning_in_iteration open status: True
ratio of positive domain = 1614 / 4096 = 0.39404296875
pruning-in-iteration extra time: 0.014677047729492188
Time: get_branching_decision.update_bounds 0.1490    pickout 0.5202    branching_decision 0.0008    decision 0.0008    set_bounds 0.1046    prepare 0.3217    transfer 0.0008    finalize 0.3554    func 7.6855    solve 7.9910    add 0.4914    bab_iteration 9.1697    
Accumulated time: get_branching_decision.update_bounds 0.1490    bab_iteration 468.6044    pickout 30.0316    decision 0.0415    branching_decision 0.0402    set_bounds 6.4941    solve 406.4073    func 414.0890    prepare 14.7940    transfer 0.0156    finalize 19.9853    add 25.4696    
max lb -0.536329448223114 min lb -0.5448982119560242
Number of Verified Splits: 1614 of 4096
Current worst splitting domains lb-rhs (depth):
-0.01109 (32), -0.01109 (30), -0.01109 (33), -0.01109 (33), -0.01107 (37), -0.01106 (36), -0.01102 (34), -0.01102 (32), -0.01102 (35), -0.01101 (36), -0.01100 (34), -0.01098 (29), -0.01089 (32), -0.01082 (31), -0.01082 (31), -0.01080 (31), -0.01080 (31), -0.01077 (31), -0.01077 (31), -0.01076 (30), 
Current (lb-rhs): -0.011088252067565918
210834 domains visited
Length of domains: 26677
Cumulative time: 478.08650255203247

BaB round 67
batch: 2048
splitting decisions: 
split level 0: [/input-15, 5343] [/input-7, 962] [/input-15, 1730] [/input-7, 962] [/input-15, 11008] [/input-15, 813] [/input-15, 11008] [/input-15, 1395] [/input-23, 113] [/input-15, 226] 
best_l after optimization: -2204.520263671875
beta sum per layer: [1747.5843505859375, 20349.5703125, 9247.0009765625, 4649.91015625, 4399.79296875, 3296.31494140625, 576.197021484375]
alpha/beta optimization time: 6.105342864990234
pruning_in_iteration open status: True
ratio of positive domain = 1696 / 4096 = 0.4140625
pruning-in-iteration extra time: 0.015540361404418945
Time: get_branching_decision.update_bounds 0.1490    pickout 0.6306    branching_decision 0.0008    decision 0.0009    set_bounds 0.0979    prepare 0.2991    transfer 0.0006    finalize 0.3849    func 8.0433    solve 7.6855    add 0.8383    bab_iteration 9.1617    
Accumulated time: get_branching_decision.update_bounds 0.1490    bab_iteration 477.7662    pickout 30.6623    decision 0.0424    branching_decision 0.0410    set_bounds 6.5920    solve 414.0928    func 422.1324    prepare 15.0931    transfer 0.0162    finalize 20.3702    add 26.3080    
max lb -0.5363385677337646 min lb -0.5448979139328003
Number of Verified Splits: 1696 of 4096
Current worst splitting domains lb-rhs (depth):
-0.01109 (32), -0.01109 (30), -0.01109 (33), -0.01109 (33), -0.01107 (37), -0.01106 (36), -0.01102 (34), -0.01102 (32), -0.01102 (35), -0.01101 (36), -0.01100 (34), -0.01098 (29), -0.01089 (32), -0.01082 (31), -0.01082 (31), -0.01080 (31), -0.01080 (31), -0.01077 (31), -0.01077 (31), -0.01076 (30), 
Current (lb-rhs): -0.011088252067565918
214930 domains visited
Length of domains: 27029
Cumulative time: 486.9668574333191

BaB round 68
batch: 2048
splitting decisions: 
split level 0: [/input-15, 5343] [/input-15, 8479] [/input-7, 208] [/input-7, 330] [/input-7, 1520] [/input-15, 9416] [/input-15, 11008] [/input-15, 5161] [/input-7, 1520] [/input-7, 4291] 
best_l after optimization: -2204.220458984375
beta sum per layer: [1817.704345703125, 20525.66796875, 9326.818359375, 4718.6806640625, 4905.1640625, 3661.9130859375, 624.4148559570312]
alpha/beta optimization time: 6.033973932266235
pruning_in_iteration open status: True
ratio of positive domain = 1811 / 4096 = 0.442138671875
pruning-in-iteration extra time: 0.01573967933654785
Time: get_branching_decision.update_bounds 0.1490    pickout 0.5053    branching_decision 0.0009    decision 0.0009    set_bounds 0.0982    prepare 0.2927    transfer 0.0005    finalize 0.3886    func 7.4273    solve 8.0434    add 0.1043    bab_iteration 8.8803    
Accumulated time: get_branching_decision.update_bounds 0.1490    bab_iteration 486.6465    pickout 31.1675    decision 0.0433    branching_decision 0.0419    set_bounds 6.6902    solve 422.1362    func 429.5597    prepare 15.3857    transfer 0.0168    finalize 20.7588    add 26.4123    
max lb -0.5363143682479858 min lb -0.5448980331420898
Number of Verified Splits: 1811 of 4096
Current worst splitting domains lb-rhs (depth):
-0.01109 (32), -0.01109 (30), -0.01109 (33), -0.01109 (33), -0.01107 (37), -0.01106 (36), -0.01102 (34), -0.01102 (32), -0.01102 (35), -0.01101 (36), -0.01100 (34), -0.01098 (29), -0.01089 (32), -0.01082 (31), -0.01082 (31), -0.01080 (31), -0.01080 (31), -0.01077 (31), -0.01077 (31), -0.01076 (30), 
Current (lb-rhs): -0.011088252067565918
219026 domains visited
Length of domains: 27266
Cumulative time: 495.43842339515686

BaB round 69
batch: 2048
splitting decisions: 
split level 0: [/input-15, 12415] [/input-15, 787] [/input-15, 2403] [/input-15, 2389] [/input-15, 2389] [/input-31, 829] [/input-7, 1965] [/input-15, 2403] [/input-7, 4590] [/input-15, 813] 
best_l after optimization: -2204.595458984375
beta sum per layer: [1981.377197265625, 20548.220703125, 9333.6982421875, 4625.875, 5020.982421875, 3882.7587890625, 458.6141357421875]
alpha/beta optimization time: 6.046575307846069
pruning_in_iteration open status: True
ratio of positive domain = 1786 / 4096 = 0.43603515625
pruning-in-iteration extra time: 0.01572132110595703
Time: get_branching_decision.update_bounds 0.1490    pickout 0.5792    branching_decision 0.0009    decision 0.0009    set_bounds 0.0986    prepare 0.2893    transfer 0.0007    finalize 0.3320    func 7.9384    solve 7.4274    add 0.4280    bab_iteration 8.4716    
Accumulated time: get_branching_decision.update_bounds 0.1490    bab_iteration 495.1181    pickout 31.7468    decision 0.0442    branching_decision 0.0428    set_bounds 6.7888    solve 429.5636    func 437.4982    prepare 15.6750    transfer 0.0174    finalize 21.0909    add 26.8403    
max lb -0.5363396406173706 min lb -0.5448979735374451
Number of Verified Splits: 1786 of 4096
Current worst splitting domains lb-rhs (depth):
-0.01109 (32), -0.01109 (30), -0.01109 (33), -0.01109 (33), -0.01107 (37), -0.01106 (36), -0.01102 (34), -0.01102 (32), -0.01102 (35), -0.01101 (36), -0.01100 (34), -0.01098 (29), -0.01089 (32), -0.01082 (31), -0.01082 (31), -0.01080 (31), -0.01080 (31), -0.01077 (31), -0.01077 (31), -0.01076 (30), 
Current (lb-rhs): -0.011088252067565918
223122 domains visited
Length of domains: 27528
Cumulative time: 504.4936525821686

BaB round 70
batch: 2048
splitting decisions: 
split level 0: [/input-15, 813] [/input-15, 1920] [/input-23, 10254] [/input-15, 9416] [/input-15, 11981] [/input-51, 342] [/input-63, 379] [/input-23, 4726] [/input-15, 4314] [/input-23, 5754] 
best_l after optimization: -2204.970458984375
beta sum per layer: [2091.72216796875, 20244.197265625, 9169.5078125, 4604.58447265625, 5035.494140625, 4073.23974609375, 407.50677490234375]
alpha/beta optimization time: 6.226118564605713
pruning_in_iteration open status: True
ratio of positive domain = 1645 / 4096 = 0.401611328125
pruning-in-iteration extra time: 0.014977693557739258
Time: get_branching_decision.update_bounds 0.1490    pickout 0.5844    branching_decision 0.0009    decision 0.0010    set_bounds 0.0982    prepare 0.2895    transfer 0.0008    finalize 0.3842    func 7.6635    solve 7.9385    add 0.4262    bab_iteration 9.0552    
Accumulated time: get_branching_decision.update_bounds 0.1490    bab_iteration 504.1733    pickout 32.3312    decision 0.0452    branching_decision 0.0438    set_bounds 6.8870    solve 437.5021    func 445.1616    prepare 15.9646    transfer 0.0182    finalize 21.4751    add 27.2665    
max lb -0.5363396406173706 min lb -0.5448979139328003
Number of Verified Splits: 1645 of 4096
Current worst splitting domains lb-rhs (depth):
-0.01109 (32), -0.01109 (30), -0.01109 (33), -0.01109 (33), -0.01107 (37), -0.01106 (36), -0.01102 (34), -0.01102 (32), -0.01102 (35), -0.01101 (36), -0.01100 (34), -0.01098 (29), -0.01089 (32), -0.01082 (31), -0.01082 (31), -0.01080 (31), -0.01080 (31), -0.01077 (31), -0.01077 (31), -0.01076 (30), 
Current (lb-rhs): -0.011088252067565918
227218 domains visited
Length of domains: 27931
Cumulative time: 513.2983598709106

BaB round 71
batch: 2048
splitting decisions: 
split level 0: [/input-23, 18204] [/input-39, 1820] [/input-7, 315] [/input-15, 10636] [/input-23, 5754] [/input-15, 813] [/input-15, 7876] [/input-15, 9416] [/input-15, 787] [/input-23, 3761] 
best_l after optimization: -2204.7822265625
beta sum per layer: [2181.20458984375, 19736.57421875, 9336.0419921875, 5058.96240234375, 5576.12548828125, 3956.60791015625, 347.35552978515625]
alpha/beta optimization time: 6.222072601318359
pruning_in_iteration open status: True
ratio of positive domain = 1647 / 4096 = 0.402099609375
pruning-in-iteration extra time: 0.014773130416870117
Time: get_branching_decision.update_bounds 0.1490    pickout 0.5733    branching_decision 0.0009    decision 0.0010    set_bounds 0.0973    prepare 0.3026    transfer 0.0008    finalize 0.8737    func 8.1589    solve 7.6636    add 0.4460    bab_iteration 8.8047    
Accumulated time: get_branching_decision.update_bounds 0.1490    bab_iteration 512.9780    pickout 32.9045    decision 0.0462    branching_decision 0.0447    set_bounds 6.9843    solve 445.1657    func 453.3205    prepare 16.2672    transfer 0.0190    finalize 22.3488    add 27.7125    
max lb -0.5363166928291321 min lb -0.5448979735374451
Number of Verified Splits: 1647 of 4096
Current worst splitting domains lb-rhs (depth):
-0.01109 (32), -0.01109 (30), -0.01109 (33), -0.01109 (33), -0.01107 (37), -0.01106 (36), -0.01102 (34), -0.01102 (32), -0.01102 (35), -0.01101 (36), -0.01100 (34), -0.01098 (29), -0.01089 (32), -0.01082 (31), -0.01082 (31), -0.01080 (31), -0.01080 (31), -0.01077 (31), -0.01077 (31), -0.01076 (30), 
Current (lb-rhs): -0.011088252067565918
231314 domains visited
Length of domains: 28332
Cumulative time: 522.6201994419098

BaB round 72
batch: 2048
splitting decisions: 
split level 0: [/input-15, 81] [/input-15, 8479] [/input-7, 1520] [/input-15, 1395] [/input-15, 1395] [/input-15, 6109] [/input-15, 5322] [/input-7, 4291] [/input-7, 2599] [/input-23, 9153] 
best_l after optimization: -2204.246337890625
beta sum per layer: [2355.50341796875, 20024.03125, 9339.8955078125, 5712.92822265625, 6026.9169921875, 3679.39013671875, 393.13311767578125]
alpha/beta optimization time: 6.16739559173584
pruning_in_iteration open status: True
ratio of positive domain = 1705 / 4096 = 0.416259765625
pruning-in-iteration extra time: 0.015138864517211914
Time: get_branching_decision.update_bounds 0.1490    pickout 0.5809    branching_decision 0.0009    decision 0.0010    set_bounds 0.0972    prepare 0.3112    transfer 0.0008    finalize 0.3911    func 7.6148    solve 8.1589    add 0.4797    bab_iteration 9.3218    
Accumulated time: get_branching_decision.update_bounds 0.1490    bab_iteration 522.2998    pickout 33.4854    decision 0.0472    branching_decision 0.0456    set_bounds 7.0814    solve 453.3246    func 460.9353    prepare 16.5784    transfer 0.0199    finalize 22.7398    add 28.1922    
max lb -0.5363396406173706 min lb -0.5448979139328003
Number of Verified Splits: 1705 of 4096
Current worst splitting domains lb-rhs (depth):
-0.01109 (32), -0.01109 (30), -0.01109 (33), -0.01109 (33), -0.01107 (37), -0.01106 (36), -0.01102 (34), -0.01102 (32), -0.01102 (35), -0.01101 (36), -0.01100 (34), -0.01098 (29), -0.01089 (32), -0.01082 (31), -0.01082 (31), -0.01080 (31), -0.01080 (31), -0.01077 (31), -0.01077 (31), -0.01076 (30), 
Current (lb-rhs): -0.011088252067565918
235410 domains visited
Length of domains: 28675
Cumulative time: 531.1823863983154

BaB round 73
batch: 2048
splitting decisions: 
split level 0: [/input-15, 10636] [/input-31, 1588] [/input-15, 7072] [/input-7, 3288] [/input-15, 827] [/input-63, 379] [/input-15, 2950] [/input-23, 17238] [/input-7, 4257] [/input-23, 17455] 
best_l after optimization: -2203.88037109375
beta sum per layer: [2518.39697265625, 20009.810546875, 9279.19921875, 6323.60791015625, 6409.4990234375, 3690.3583984375, 381.07977294921875]
alpha/beta optimization time: 6.04296088218689
pruning_in_iteration open status: True
ratio of positive domain = 1830 / 4096 = 0.44677734375
pruning-in-iteration extra time: 0.015655994415283203
Time: get_branching_decision.update_bounds 0.1490    pickout 0.5058    branching_decision 0.0009    decision 0.0009    set_bounds 0.0977    prepare 0.3027    transfer 0.0010    finalize 0.9240    func 7.9770    solve 7.6148    add 0.2648    bab_iteration 8.5622    
Accumulated time: get_branching_decision.update_bounds 0.1490    bab_iteration 530.8620    pickout 33.9912    decision 0.0481    branching_decision 0.0466    set_bounds 7.1791    solve 460.9394    func 468.9123    prepare 16.8810    transfer 0.0208    finalize 23.6638    add 28.4571    
max lb -0.5363341569900513 min lb -0.5448979735374451
Number of Verified Splits: 1830 of 4096
Current worst splitting domains lb-rhs (depth):
-0.01109 (32), -0.01109 (30), -0.01109 (33), -0.01109 (33), -0.01107 (37), -0.01106 (36), -0.01102 (34), -0.01102 (32), -0.01102 (35), -0.01101 (36), -0.01100 (34), -0.01098 (29), -0.01089 (32), -0.01082 (31), -0.01082 (31), -0.01080 (31), -0.01080 (31), -0.01077 (31), -0.01077 (31), -0.01076 (30), 
Current (lb-rhs): -0.011088252067565918
239506 domains visited
Length of domains: 28893
Cumulative time: 540.2100727558136

BaB round 74
batch: 2048
splitting decisions: 
split level 0: [/input-15, 9620] [/input-15, 813] [/input-15, 8840] [/input-15, 813] [/input-7, 1091] [/input-15, 2418] [/input-15, 2403] [/input-39, 269] [/input-7, 2624] [/input-7, 308] 
best_l after optimization: -2203.75927734375
beta sum per layer: [2599.29052734375, 20324.080078125, 9356.416015625, 6922.6103515625, 6535.1201171875, 3351.061279296875, 393.255615234375]
alpha/beta optimization time: 5.978555917739868
pruning_in_iteration open status: True
ratio of positive domain = 1789 / 4096 = 0.436767578125
pruning-in-iteration extra time: 0.01634979248046875
Time: get_branching_decision.update_bounds 0.1490    pickout 0.5823    branching_decision 0.0010    decision 0.0010    set_bounds 0.0989    prepare 0.2917    transfer 0.0009    finalize 0.3358    func 7.3298    solve 7.9771    add 0.4344    bab_iteration 9.0277    
Accumulated time: get_branching_decision.update_bounds 0.1490    bab_iteration 539.8897    pickout 34.5735    decision 0.0491    branching_decision 0.0475    set_bounds 7.2780    solve 468.9165    func 476.2421    prepare 17.1727    transfer 0.0217    finalize 23.9996    add 28.8915    
max lb -0.5363396406173706 min lb -0.5448979139328003
Number of Verified Splits: 1789 of 4096
Current worst splitting domains lb-rhs (depth):
-0.01109 (32), -0.01109 (30), -0.01109 (33), -0.01109 (33), -0.01107 (37), -0.01106 (36), -0.01102 (34), -0.01102 (32), -0.01102 (35), -0.01101 (36), -0.01100 (34), -0.01098 (29), -0.01089 (32), -0.01082 (31), -0.01082 (31), -0.01080 (31), -0.01080 (31), -0.01077 (31), -0.01077 (31), -0.01076 (30), 
Current (lb-rhs): -0.011088252067565918
243602 domains visited
Length of domains: 29152
Cumulative time: 548.345475435257

BaB round 75
batch: 2048
splitting decisions: 
split level 0: [/input-51, 322] [/input-7, 3101] [/input-7, 4005] [/input-23, 10877] [/input-15, 4714] [/input-15, 813] [/input-23, 12698] [/input-15, 399] [/input-23, 18292] [/input-7, 4005] 
best_l after optimization: -2203.67333984375
beta sum per layer: [2951.646240234375, 20176.37109375, 9584.8466796875, 7357.6435546875, 6866.3046875, 2992.60888671875, 445.63568115234375]
alpha/beta optimization time: 5.965048551559448
pruning_in_iteration open status: True
ratio of positive domain = 1846 / 4096 = 0.45068359375
pruning-in-iteration extra time: 0.016278505325317383
Time: get_branching_decision.update_bounds 0.1490    pickout 0.5111    branching_decision 0.0009    decision 0.0010    set_bounds 0.0989    prepare 0.2914    transfer 0.0009    finalize 0.3306    func 7.2927    solve 7.3298    add 0.1200    bab_iteration 8.1354    
Accumulated time: get_branching_decision.update_bounds 0.1490    bab_iteration 548.0251    pickout 35.0846    decision 0.0501    branching_decision 0.0485    set_bounds 7.3769    solve 476.2463    func 483.5348    prepare 17.4641    transfer 0.0227    finalize 24.3302    add 29.0115    
max lb -0.5363017320632935 min lb -0.5448979735374451
Number of Verified Splits: 1846 of 4096
Current worst splitting domains lb-rhs (depth):
-0.01109 (32), -0.01109 (30), -0.01109 (33), -0.01109 (33), -0.01107 (37), -0.01106 (36), -0.01102 (34), -0.01102 (32), -0.01102 (35), -0.01101 (36), -0.01100 (34), -0.01098 (29), -0.01089 (32), -0.01082 (31), -0.01082 (31), -0.01080 (31), -0.01080 (31), -0.01077 (31), -0.01077 (31), -0.01076 (30), 
Current (lb-rhs): -0.011088252067565918
247698 domains visited
Length of domains: 29354
Cumulative time: 556.4567918777466

BaB round 76
batch: 2048
splitting decisions: 
split level 0: [/input-39, 269] [/input-15, 8479] [/input-7, 4590] [/input-7, 4291] [/input-7, 4590] [/input-7, 1965] [/input-15, 8479] [/input-23, 10870] [/input-23, 18204] [/input-15, 813] 
best_l after optimization: -2203.6845703125
beta sum per layer: [3296.8193359375, 19971.17578125, 9629.15234375, 7577.54833984375, 6705.16845703125, 2846.21435546875, 371.9495849609375]
alpha/beta optimization time: 5.9545578956604
pruning_in_iteration open status: True
ratio of positive domain = 1859 / 4096 = 0.453857421875
pruning-in-iteration extra time: 0.016466856002807617
Time: get_branching_decision.update_bounds 0.1490    pickout 1.0916    branching_decision 0.0010    decision 0.0010    set_bounds 0.0983    prepare 0.2959    transfer 0.0014    finalize 0.3227    func 7.2755    solve 7.2927    add 0.2040    bab_iteration 8.1113    
Accumulated time: get_branching_decision.update_bounds 0.1490    bab_iteration 556.1364    pickout 36.1762    decision 0.0510    branching_decision 0.0494    set_bounds 7.4752    solve 483.5391    func 490.8103    prepare 17.7601    transfer 0.0240    finalize 24.6529    add 29.2155    
max lb -0.5362921953201294 min lb -0.5448980331420898
Number of Verified Splits: 1859 of 4096
Current worst splitting domains lb-rhs (depth):
-0.01109 (32), -0.01109 (30), -0.01109 (33), -0.01109 (33), -0.01107 (37), -0.01106 (36), -0.01102 (34), -0.01102 (32), -0.01102 (35), -0.01101 (36), -0.01100 (34), -0.01098 (29), -0.01089 (32), -0.01082 (31), -0.01082 (31), -0.01080 (31), -0.01080 (31), -0.01077 (31), -0.01077 (31), -0.01076 (30), 
Current (lb-rhs): -0.011088252067565918
251794 domains visited
Length of domains: 29543
Cumulative time: 565.4512498378754

BaB round 77
batch: 2048
splitting decisions: 
split level 0: [/input-7, 4063] [/input-15, 11451] [/input-39, 1101] [/input-15, 11981] [/input-7, 1734] [/input-23, 17466] [/input-7, 4257] [/input-23, 2834] [/input-7, 4257] [/input-7, 2833] 
best_l after optimization: -2203.6787109375
beta sum per layer: [3458.0390625, 19922.0859375, 9676.486328125, 7694.36767578125, 6660.77734375, 2703.877685546875, 364.88531494140625]
alpha/beta optimization time: 5.928156137466431
pruning_in_iteration open status: True
ratio of positive domain = 1868 / 4096 = 0.4560546875
pruning-in-iteration extra time: 0.016285181045532227
Time: get_branching_decision.update_bounds 0.1490    pickout 0.5922    branching_decision 0.0010    decision 0.0010    set_bounds 0.0986    prepare 0.2894    transfer 0.0010    finalize 0.2542    func 7.1738    solve 7.2756    add 0.5164    bab_iteration 8.9944    
Accumulated time: get_branching_decision.update_bounds 0.1490    bab_iteration 565.1308    pickout 36.7684    decision 0.0521    branching_decision 0.0505    set_bounds 7.5738    solve 490.8147    func 497.9842    prepare 18.0495    transfer 0.0250    finalize 24.9071    add 29.7319    
max lb -0.5363110899925232 min lb -0.5448439121246338
Number of Verified Splits: 1868 of 4096
Current worst splitting domains lb-rhs (depth):
-0.01109 (32), -0.01109 (30), -0.01109 (33), -0.01109 (33), -0.01107 (37), -0.01106 (36), -0.01102 (34), -0.01102 (32), -0.01102 (35), -0.01101 (36), -0.01100 (34), -0.01098 (29), -0.01089 (32), -0.01082 (31), -0.01082 (31), -0.01080 (31), -0.01080 (31), -0.01077 (31), -0.01077 (31), -0.01076 (30), 
Current (lb-rhs): -0.011088252067565918
255890 domains visited
Length of domains: 29723
Cumulative time: 573.7515797615051

BaB round 78
batch: 2048
splitting decisions: 
split level 0: [/input-15, 6709] [/input-15, 1190] [/input-15, 4712] [/input-7, 1] [/input-7, 2624] [/input-15, 7411] [/input-23, 2972] [/input-23, 16405] [/input-7, 2624] [/input-23, 21760] 
best_l after optimization: -2203.797607421875
beta sum per layer: [3675.259521484375, 20106.97265625, 9689.990234375, 7436.7138671875, 6651.8671875, 2651.081787109375, 352.7183532714844]
alpha/beta optimization time: 6.078305006027222
pruning_in_iteration open status: True
ratio of positive domain = 1786 / 4096 = 0.43603515625
pruning-in-iteration extra time: 0.015247583389282227
Time: get_branching_decision.update_bounds 0.1490    pickout 1.1546    branching_decision 0.0010    decision 0.0011    set_bounds 0.0994    prepare 0.2939    transfer 0.0013    finalize 0.3378    func 7.4308    solve 7.1739    add 0.4228    bab_iteration 8.3003    
Accumulated time: get_branching_decision.update_bounds 0.1490    bab_iteration 573.4312    pickout 37.9230    decision 0.0531    branching_decision 0.0515    set_bounds 7.6732    solve 497.9886    func 505.4149    prepare 18.3434    transfer 0.0263    finalize 25.2448    add 30.1548    
max lb -0.5363322496414185 min lb -0.5448184013366699
Number of Verified Splits: 1786 of 4096
Current worst splitting domains lb-rhs (depth):
-0.01109 (32), -0.01109 (30), -0.01109 (33), -0.01109 (33), -0.01107 (37), -0.01106 (36), -0.01102 (34), -0.01102 (32), -0.01102 (35), -0.01101 (36), -0.01100 (34), -0.01098 (29), -0.01089 (32), -0.01082 (31), -0.01082 (31), -0.01080 (31), -0.01080 (31), -0.01077 (31), -0.01077 (31), -0.01076 (30), 
Current (lb-rhs): -0.011088252067565918
259986 domains visited
Length of domains: 29985
Cumulative time: 582.6683163642883

BaB round 79
batch: 2048
splitting decisions: 
split level 0: [/input-7, 2599] [/input-7, 4510] [/input-15, 11373] [/input-23, 27983] [/input-15, 4723] [/input-31, 3934] [/input-15, 827] [/input-15, 5322] [/input-15, 5343] [/input-15, 10636] 
best_l after optimization: -2203.602783203125
beta sum per layer: [3999.852294921875, 20407.4296875, 9993.9609375, 7201.5576171875, 6912.5498046875, 2609.77587890625, 347.4150695800781]
alpha/beta optimization time: 6.017919063568115
pruning_in_iteration open status: True
ratio of positive domain = 1786 / 4096 = 0.43603515625
pruning-in-iteration extra time: 0.016045570373535156
Time: get_branching_decision.update_bounds 0.1490    pickout 0.5160    branching_decision 0.0010    decision 0.0011    set_bounds 0.0992    prepare 0.2917    transfer 0.0011    finalize 0.3347    func 7.3680    solve 7.4308    add 0.2209    bab_iteration 8.9167    
Accumulated time: get_branching_decision.update_bounds 0.1490    bab_iteration 582.3479    pickout 38.4390    decision 0.0542    branching_decision 0.0525    set_bounds 7.7724    solve 505.4194    func 512.7829    prepare 18.6350    transfer 0.0273    finalize 25.5795    add 30.3756    
max lb -0.5362589359283447 min lb -0.5448184609413147
Number of Verified Splits: 1786 of 4096
Current worst splitting domains lb-rhs (depth):
-0.01109 (32), -0.01109 (30), -0.01109 (33), -0.01109 (33), -0.01107 (37), -0.01106 (36), -0.01102 (34), -0.01102 (32), -0.01102 (35), -0.01101 (36), -0.01100 (34), -0.01098 (29), -0.01089 (32), -0.01082 (31), -0.01082 (31), -0.01080 (31), -0.01080 (31), -0.01077 (31), -0.01077 (31), -0.01076 (30), 
Current (lb-rhs): -0.011088252067565918
264082 domains visited
Length of domains: 30247
Cumulative time: 591.1151251792908

BaB round 80
batch: 2048
splitting decisions: 
split level 0: [/input-15, 4133] [/input-7, 2910] [/input-7, 1419] [/input-7, 330] [/input-7, 4590] [/input-23, 24076] [/input-15, 11451] [/input-23, 10877] [/input-15, 6109] [/input-7, 4510] 
best_l after optimization: -2203.439697265625
beta sum per layer: [4104.4580078125, 20554.48828125, 10391.935546875, 7137.70849609375, 6972.349609375, 2638.442626953125, 332.27783203125]
alpha/beta optimization time: 5.991630554199219
pruning_in_iteration open status: True
ratio of positive domain = 1837 / 4096 = 0.448486328125
pruning-in-iteration extra time: 0.015744447708129883
Time: get_branching_decision.update_bounds 0.1490    pickout 1.1673    branching_decision 0.0010    decision 0.0010    set_bounds 0.0987    prepare 0.3232    transfer 0.0010    finalize 0.3418    func 7.3652    solve 7.3680    add 0.4452    bab_iteration 8.4468    
Accumulated time: get_branching_decision.update_bounds 0.1490    bab_iteration 590.7947    pickout 39.6063    decision 0.0552    branching_decision 0.0535    set_bounds 7.8711    solve 512.7874    func 520.1481    prepare 18.9583    transfer 0.0283    finalize 25.9213    add 30.8208    
max lb -0.5363396406173706 min lb -0.5448135137557983
Number of Verified Splits: 1837 of 4096
Current worst splitting domains lb-rhs (depth):
-0.01109 (32), -0.01109 (30), -0.01109 (33), -0.01109 (33), -0.01107 (37), -0.01106 (36), -0.01102 (34), -0.01102 (32), -0.01102 (35), -0.01101 (36), -0.01100 (34), -0.01098 (29), -0.01089 (32), -0.01082 (31), -0.01082 (31), -0.01080 (31), -0.01080 (31), -0.01077 (31), -0.01077 (31), -0.01076 (30), 
Current (lb-rhs): -0.011088252067565918
268178 domains visited
Length of domains: 30458
Cumulative time: 600.0401558876038

BaB round 81
batch: 2048
splitting decisions: 
split level 0: [/input-15, 11008] [/input-7, 330] [/input-15, 11981] [/input-15, 9464] [/input-15, 2973] [/input-7, 2105] [/input-7, 1091] [/input-7, 962] [/input-15, 813] [/input-7, 3864] 
best_l after optimization: -2203.41650390625
beta sum per layer: [4435.3662109375, 20438.9609375, 10712.9208984375, 6864.27197265625, 7313.0712890625, 2662.87744140625, 327.2882385253906]
alpha/beta optimization time: 5.994607925415039
pruning_in_iteration open status: True
ratio of positive domain = 1803 / 4096 = 0.440185546875
pruning-in-iteration extra time: 0.015844106674194336
Time: get_branching_decision.update_bounds 0.1490    pickout 0.5163    branching_decision 0.0010    decision 0.0010    set_bounds 0.0998    prepare 0.2962    transfer 0.0011    finalize 0.3480    func 7.3622    solve 7.3652    add 0.2892    bab_iteration 8.9250    
Accumulated time: get_branching_decision.update_bounds 0.1490    bab_iteration 599.7197    pickout 40.1227    decision 0.0563    branching_decision 0.0545    set_bounds 7.9708    solve 520.1526    func 527.5102    prepare 19.2545    transfer 0.0294    finalize 26.2694    add 31.1100    
max lb -0.5362669229507446 min lb -0.5448125600814819
Number of Verified Splits: 1803 of 4096
Current worst splitting domains lb-rhs (depth):
-0.01109 (32), -0.01109 (30), -0.01109 (33), -0.01109 (33), -0.01107 (37), -0.01106 (36), -0.01102 (34), -0.01102 (32), -0.01102 (35), -0.01101 (36), -0.01100 (34), -0.01098 (29), -0.01089 (32), -0.01082 (31), -0.01082 (31), -0.01080 (31), -0.01080 (31), -0.01077 (31), -0.01077 (31), -0.01076 (30), 
Current (lb-rhs): -0.011088252067565918
272274 domains visited
Length of domains: 30703
Cumulative time: 608.4790949821472

BaB round 82
batch: 2048
splitting decisions: 
split level 0: [/input-7, 1091] [/input-7, 2624] [/input-15, 4573] [/input-7, 1419] [/input-23, 18026] [/input-7, 377] [/input-7, 208] [/input-7, 330] [/input-15, 3175] [/input-23, 2834] 
best_l after optimization: -2203.36962890625
beta sum per layer: [4581.7109375, 20310.33203125, 10909.49609375, 6692.1064453125, 7312.67578125, 2807.453857421875, 401.6613464355469]
alpha/beta optimization time: 6.021470546722412
pruning_in_iteration open status: True
ratio of positive domain = 1789 / 4096 = 0.436767578125
pruning-in-iteration extra time: 0.01583266258239746
Time: get_branching_decision.update_bounds 0.1490    pickout 0.5886    branching_decision 0.0010    decision 0.0010    set_bounds 0.1017    prepare 0.8772    transfer 0.0011    finalize 0.3399    func 7.9689    solve 7.3623    add 0.4423    bab_iteration 8.4389    
Accumulated time: get_branching_decision.update_bounds 0.1490    bab_iteration 608.1586    pickout 40.7113    decision 0.0573    branching_decision 0.0556    set_bounds 8.0725    solve 527.5149    func 535.4791    prepare 20.1317    transfer 0.0305    finalize 26.6093    add 31.5523    
max lb -0.5363128781318665 min lb -0.5448125600814819
Number of Verified Splits: 1789 of 4096
Current worst splitting domains lb-rhs (depth):
-0.01109 (32), -0.01109 (30), -0.01109 (33), -0.01109 (33), -0.01107 (37), -0.01106 (36), -0.01102 (34), -0.01102 (32), -0.01102 (35), -0.01101 (36), -0.01100 (34), -0.01098 (29), -0.01089 (32), -0.01082 (31), -0.01082 (31), -0.01080 (31), -0.01080 (31), -0.01077 (31), -0.01077 (31), -0.01076 (30), 
Current (lb-rhs): -0.011088252067565918
276370 domains visited
Length of domains: 30962
Cumulative time: 617.644101858139

BaB round 83
batch: 2048
splitting decisions: 
split level 0: [/input-7, 3101] [/input-15, 6109] [/input-15, 3175] [/input-15, 4274] [/input-15, 2403] [/input-23, 21760] [/input-23, 10877] [/input-15, 11210] [/input-7, 1520] [/input-23, 10975] 
best_l after optimization: -2203.09765625
beta sum per layer: [4634.03271484375, 20348.23046875, 11253.853515625, 6706.86083984375, 7492.27685546875, 2900.831298828125, 504.5728454589844]
alpha/beta optimization time: 5.949393272399902
pruning_in_iteration open status: True
ratio of positive domain = 1861 / 4096 = 0.454345703125
pruning-in-iteration extra time: 0.015667438507080078
Time: get_branching_decision.update_bounds 0.1490    pickout 0.5919    branching_decision 0.0010    decision 0.0010    set_bounds 0.0994    prepare 0.3175    transfer 0.0010    finalize 0.3523    func 7.3232    solve 7.9689    add 0.4902    bab_iteration 9.1650    
Accumulated time: get_branching_decision.update_bounds 0.1490    bab_iteration 617.3236    pickout 41.3032    decision 0.0583    branching_decision 0.0565    set_bounds 8.1719    solve 535.4838    func 542.8023    prepare 20.4492    transfer 0.0315    finalize 26.9616    add 32.0425    
max lb -0.5363396406173706 min lb -0.5448125600814819
Number of Verified Splits: 1861 of 4096
Current worst splitting domains lb-rhs (depth):
-0.01109 (32), -0.01109 (30), -0.01109 (33), -0.01109 (33), -0.01107 (37), -0.01106 (36), -0.01102 (34), -0.01102 (32), -0.01102 (35), -0.01101 (36), -0.01100 (34), -0.01098 (29), -0.01089 (32), -0.01082 (31), -0.01082 (31), -0.01080 (31), -0.01080 (31), -0.01077 (31), -0.01077 (31), -0.01076 (30), 
Current (lb-rhs): -0.011088252067565918
280466 domains visited
Length of domains: 31149
Cumulative time: 625.927631855011

BaB round 84
batch: 2048
splitting decisions: 
split level 0: [/input-7, 2833] [/input-7, 1734] [/input-15, 11981] [/input-7, 3688] [/input-7, 1965] [/input-23, 28130] [/input-15, 287] [/input-15, 7072] [/input-23, 3761] [/input-7, 1734] 
best_l after optimization: -2203.19189453125
beta sum per layer: [4505.3896484375, 20575.7578125, 11676.8935546875, 6656.6689453125, 7882.673828125, 2919.804931640625, 546.920166015625]
alpha/beta optimization time: 5.938977003097534
pruning_in_iteration open status: True
ratio of positive domain = 1909 / 4096 = 0.466064453125
pruning-in-iteration extra time: 0.01599407196044922
Time: get_branching_decision.update_bounds 0.1490    pickout 0.5193    branching_decision 0.0010    decision 0.0010    set_bounds 0.0995    prepare 0.2901    transfer 0.0010    finalize 0.3280    func 7.8203    solve 7.3233    add 0.2642    bab_iteration 8.2835    
Accumulated time: get_branching_decision.update_bounds 0.1490    bab_iteration 625.6072    pickout 41.8225    decision 0.0593    branching_decision 0.0575    set_bounds 8.2713    solve 542.8071    func 550.6226    prepare 20.7392    transfer 0.0325    finalize 27.2895    add 32.3067    
max lb -0.5362337231636047 min lb -0.5448125600814819
Number of Verified Splits: 1909 of 4096
Current worst splitting domains lb-rhs (depth):
-0.01109 (32), -0.01109 (30), -0.01109 (33), -0.01109 (33), -0.01107 (37), -0.01106 (36), -0.01102 (34), -0.01102 (32), -0.01102 (35), -0.01101 (36), -0.01100 (34), -0.01098 (29), -0.01089 (32), -0.01082 (31), -0.01082 (31), -0.01080 (31), -0.01080 (31), -0.01077 (31), -0.01077 (31), -0.01076 (30), 
Current (lb-rhs): -0.011088252067565918
284562 domains visited
Length of domains: 31288
Cumulative time: 634.8482472896576

BaB round 85
batch: 2048
splitting decisions: 
split level 0: [/input-15, 8840] [/input-31, 1588] [/input-7, 962] [/input-15, 5534] [/input-15, 9868] [/input-7, 2624] [/input-15, 7877] [/input-23, 16399] [/input-23, 15101] [/input-23, 18204] 
best_l after optimization: -2203.64599609375
beta sum per layer: [4462.47705078125, 20399.853515625, 11743.3154296875, 6748.1630859375, 8325.22265625, 3033.90087890625, 562.6561279296875]
alpha/beta optimization time: 6.075266122817993
pruning_in_iteration open status: True
ratio of positive domain = 1764 / 4096 = 0.4306640625
pruning-in-iteration extra time: 0.015486717224121094
Time: get_branching_decision.update_bounds 0.1490    pickout 0.5947    branching_decision 0.0010    decision 0.0010    set_bounds 0.0996    prepare 0.2941    transfer 0.0010    finalize 0.3945    func 7.4967    solve 7.8204    add 0.4687    bab_iteration 8.9206    
Accumulated time: get_branching_decision.update_bounds 0.1490    bab_iteration 634.5278    pickout 42.4172    decision 0.0603    branching_decision 0.0585    set_bounds 8.3710    solve 550.6275    func 558.1193    prepare 21.0333    transfer 0.0335    finalize 27.6840    add 32.7754    
max lb -0.5363396406173706 min lb -0.5446523427963257
Number of Verified Splits: 1764 of 4096
Current worst splitting domains lb-rhs (depth):
-0.01109 (32), -0.01109 (30), -0.01109 (33), -0.01109 (33), -0.01107 (37), -0.01106 (36), -0.01102 (34), -0.01102 (32), -0.01102 (35), -0.01101 (36), -0.01100 (34), -0.01098 (29), -0.01089 (32), -0.01082 (31), -0.01082 (31), -0.01080 (31), -0.01080 (31), -0.01077 (31), -0.01077 (31), -0.01076 (30), 
Current (lb-rhs): -0.011088252067565918
288658 domains visited
Length of domains: 31572
Cumulative time: 643.5348381996155

BaB round 86
batch: 2048
splitting decisions: 
split level 0: [/input-15, 813] [/input-15, 80] [/input-15, 827] [/input-15, 80] [/input-7, 1734] [/input-7, 315] [/input-15, 8479] [/input-15, 4573] [/input-15, 5161] [/input-23, 22307] 
best_l after optimization: -2203.608154296875
beta sum per layer: [4746.98486328125, 20002.548828125, 12007.533203125, 7031.95947265625, 8003.9453125, 3178.29638671875, 559.6063842773438]
alpha/beta optimization time: 6.188040256500244
pruning_in_iteration open status: True
ratio of positive domain = 1727 / 4096 = 0.421630859375
pruning-in-iteration extra time: 0.014822244644165039
Time: get_branching_decision.update_bounds 0.1490    pickout 0.5923    branching_decision 0.0010    decision 0.0011    set_bounds 0.0996    prepare 0.3245    transfer 0.0010    finalize 0.3472    func 7.6012    solve 7.4967    add 0.4798    bab_iteration 8.6866    
Accumulated time: get_branching_decision.update_bounds 0.1490    bab_iteration 643.2144    pickout 43.0095    decision 0.0614    branching_decision 0.0596    set_bounds 8.4706    solve 558.1242    func 565.7205    prepare 21.3578    transfer 0.0345    finalize 28.0312    add 33.2552    
max lb -0.5363396406173706 min lb -0.5446524024009705
Number of Verified Splits: 1727 of 4096
Current worst splitting domains lb-rhs (depth):
-0.01109 (32), -0.01109 (30), -0.01109 (33), -0.01109 (33), -0.01107 (37), -0.01106 (36), -0.01102 (34), -0.01102 (32), -0.01102 (35), -0.01101 (36), -0.01100 (34), -0.01098 (29), -0.01089 (32), -0.01082 (31), -0.01082 (31), -0.01080 (31), -0.01080 (31), -0.01077 (31), -0.01077 (31), -0.01076 (30), 
Current (lb-rhs): -0.011088252067565918
292754 domains visited
Length of domains: 31893
Cumulative time: 652.2657148838043

BaB round 87
batch: 2048
splitting decisions: 
split level 0: [/input-15, 4573] [/input-15, 813] [/input-15, 4573] [/input-7, 4291] [/input-7, 4510] [/input-15, 1502] [/input-15, 8840] [/input-7, 1091] [/input-15, 12197] [/input-23, 10975] 
best_l after optimization: -2203.465087890625
beta sum per layer: [4803.8076171875, 19981.216796875, 12451.037109375, 7229.7890625, 7823.58203125, 3310.21044921875, 536.8507690429688]
alpha/beta optimization time: 5.956535339355469
pruning_in_iteration open status: True
ratio of positive domain = 1806 / 4096 = 0.44091796875
pruning-in-iteration extra time: 0.01667499542236328
Time: get_branching_decision.update_bounds 0.1490    pickout 1.2214    branching_decision 0.0012    decision 0.0012    set_bounds 0.1058    prepare 0.3440    transfer 0.0011    finalize 0.3555    func 7.3844    solve 7.6012    add 0.4249    bab_iteration 8.7309    
Accumulated time: get_branching_decision.update_bounds 0.1490    bab_iteration 651.9452    pickout 44.2309    decision 0.0626    branching_decision 0.0607    set_bounds 8.5763    solve 565.7254    func 573.1049    prepare 21.7019    transfer 0.0356    finalize 28.3867    add 33.6801    
max lb -0.5363355875015259 min lb -0.5446523427963257
Number of Verified Splits: 1806 of 4096
Current worst splitting domains lb-rhs (depth):
-0.01109 (32), -0.01109 (30), -0.01109 (33), -0.01109 (33), -0.01107 (37), -0.01106 (36), -0.01102 (34), -0.01102 (32), -0.01102 (35), -0.01101 (36), -0.01100 (34), -0.01098 (29), -0.01089 (32), -0.01082 (31), -0.01082 (31), -0.01080 (31), -0.01080 (31), -0.01077 (31), -0.01077 (31), -0.01076 (30), 
Current (lb-rhs): -0.011088252067565918
296850 domains visited
Length of domains: 32135
Cumulative time: 661.4239797592163

BaB round 88
batch: 2048
splitting decisions: 
split level 0: [/input-15, 9067] [/input-23, 4659] [/input-15, 2966] [/input-7, 4510] [/input-51, 322] [/input-7, 4291] [/input-15, 4069] [/input-7, 2599] [/input-15, 12415] [/input-23, 319] 
best_l after optimization: -2203.47607421875
beta sum per layer: [4848.677734375, 19781.71875, 12514.896484375, 7715.59375, 8281.837890625, 3148.36376953125, 532.9447631835938]
alpha/beta optimization time: 6.076085567474365
pruning_in_iteration open status: True
ratio of positive domain = 1743 / 4096 = 0.425537109375
pruning-in-iteration extra time: 0.015877246856689453
Time: get_branching_decision.update_bounds 0.1490    pickout 0.6113    branching_decision 0.0010    decision 0.0010    set_bounds 0.0994    prepare 0.3264    transfer 0.0010    finalize 0.3569    func 7.5030    solve 7.3845    add 0.4310    bab_iteration 9.1583    
Accumulated time: get_branching_decision.update_bounds 0.1490    bab_iteration 661.1035    pickout 44.8422    decision 0.0636    branching_decision 0.0617    set_bounds 8.6757    solve 573.1099    func 580.6078    prepare 22.0283    transfer 0.0366    finalize 28.7436    add 34.1111    
max lb -0.5363396406173706 min lb -0.5446522235870361
Number of Verified Splits: 1743 of 4096
Current worst splitting domains lb-rhs (depth):
-0.01109 (32), -0.01109 (30), -0.01109 (33), -0.01109 (33), -0.01107 (37), -0.01106 (36), -0.01102 (34), -0.01102 (32), -0.01102 (35), -0.01101 (36), -0.01100 (34), -0.01098 (29), -0.01089 (32), -0.01082 (31), -0.01082 (31), -0.01080 (31), -0.01080 (31), -0.01077 (31), -0.01077 (31), -0.01076 (30), 
Current (lb-rhs): -0.011088252067565918
300946 domains visited
Length of domains: 32440
Cumulative time: 670.0794155597687

BaB round 89
batch: 2048
splitting decisions: 
split level 0: [/input-23, 21927] [/input-23, 12795] [/input-7, 4063] [/input-15, 12415] [/input-7, 4291] [/input-15, 813] [/input-15, 11013] [/input-7, 4257] [/input-15, 8067] [/input-39, 269] 
best_l after optimization: -2203.14013671875
beta sum per layer: [5028.66015625, 20377.15625, 13229.23828125, 8220.369140625, 8309.9091796875, 3147.1982421875, 475.0946044921875]
alpha/beta optimization time: 6.141671895980835
pruning_in_iteration open status: True
ratio of positive domain = 1785 / 4096 = 0.435791015625
pruning-in-iteration extra time: 0.014837980270385742
Time: get_branching_decision.update_bounds 0.1490    pickout 0.5835    branching_decision 0.0010    decision 0.0010    set_bounds 0.6999    prepare 0.2912    transfer 0.0010    finalize 0.3684    func 7.5351    solve 7.5030    add 0.4291    bab_iteration 8.6554    
Accumulated time: get_branching_decision.update_bounds 0.1490    bab_iteration 669.7589    pickout 45.4257    decision 0.0646    branching_decision 0.0627    set_bounds 9.3756    solve 580.6129    func 588.1430    prepare 22.3195    transfer 0.0376    finalize 29.1119    add 34.5401    
max lb -0.5363396406173706 min lb -0.5446523427963257
Number of Verified Splits: 1785 of 4096
Current worst splitting domains lb-rhs (depth):
-0.01109 (32), -0.01109 (30), -0.01109 (33), -0.01109 (33), -0.01107 (37), -0.01106 (36), -0.01102 (34), -0.01102 (32), -0.01102 (35), -0.01101 (36), -0.01100 (34), -0.01098 (29), -0.01089 (32), -0.01082 (31), -0.01082 (31), -0.01080 (31), -0.01080 (31), -0.01077 (31), -0.01077 (31), -0.01076 (30), 
Current (lb-rhs): -0.011088252067565918
305042 domains visited
Length of domains: 32703
Cumulative time: 679.3589487075806

BaB round 90
batch: 2048
splitting decisions: 
split level 0: [/input-15, 4995] [/input-15, 7072] [/input-15, 9023] [/input-7, 2599] [/input-23, 16399] [/input-15, 5343] [/input-7, 1419] [/input-7, 315] [/input-7, 4291] [/input-23, 14721] 
best_l after optimization: -2202.98876953125
beta sum per layer: [5351.59375, 20969.169921875, 13557.025390625, 8540.888671875, 8333.138671875, 3266.82421875, 512.0474853515625]
alpha/beta optimization time: 6.09167742729187
pruning_in_iteration open status: True
ratio of positive domain = 1790 / 4096 = 0.43701171875
pruning-in-iteration extra time: 0.015433073043823242
Time: get_branching_decision.update_bounds 0.1490    pickout 0.5831    branching_decision 0.0009    decision 0.0010    set_bounds 0.0996    prepare 0.2911    transfer 0.0013    finalize 0.3476    func 7.4553    solve 7.5352    add 0.4482    bab_iteration 9.2795    
Accumulated time: get_branching_decision.update_bounds 0.1490    bab_iteration 679.0384    pickout 46.0087    decision 0.0656    branching_decision 0.0637    set_bounds 9.4752    solve 588.1481    func 595.5982    prepare 22.6107    transfer 0.0389    finalize 29.4595    add 34.9883    
max lb -0.5363396406173706 min lb -0.5446176528930664
Number of Verified Splits: 1790 of 4096
Current worst splitting domains lb-rhs (depth):
-0.01109 (32), -0.01109 (30), -0.01109 (33), -0.01109 (33), -0.01107 (37), -0.01106 (36), -0.01102 (34), -0.01102 (32), -0.01102 (35), -0.01101 (36), -0.01100 (34), -0.01098 (29), -0.01089 (32), -0.01082 (31), -0.01082 (31), -0.01080 (31), -0.01080 (31), -0.01077 (31), -0.01077 (31), -0.01076 (30), 
Current (lb-rhs): -0.011088252067565918
309138 domains visited
Length of domains: 32961
Cumulative time: 688.1225700378418

BaB round 91
batch: 2048
splitting decisions: 
split level 0: [/input-15, 11375] [/input-15, 9868] [/input-15, 11013] [/input-15, 787] [/input-15, 10009] [/input-23, 21221] [/input-15, 514] [/input-15, 3645] [/input-15, 11981] [/input-15, 4714] 
best_l after optimization: -2202.713623046875
beta sum per layer: [5609.3408203125, 20944.37109375, 13610.5625, 9034.2724609375, 9095.5234375, 3292.30859375, 556.0985717773438]
alpha/beta optimization time: 5.920641660690308
pruning_in_iteration open status: True
ratio of positive domain = 1895 / 4096 = 0.462646484375
pruning-in-iteration extra time: 0.016374826431274414
Time: get_branching_decision.update_bounds 0.1490    pickout 0.5270    branching_decision 0.0010    decision 0.0010    set_bounds 0.0994    prepare 0.2911    transfer 0.0008    finalize 0.9451    func 7.8490    solve 7.4553    add 0.5855    bab_iteration 8.7636    
Accumulated time: get_branching_decision.update_bounds 0.1490    bab_iteration 687.8021    pickout 46.5357    decision 0.0666    branching_decision 0.0646    set_bounds 9.5746    solve 595.6034    func 603.4472    prepare 22.9018    transfer 0.0397    finalize 30.4046    add 35.5738    
max lb -0.5363276600837708 min lb -0.5446174740791321
Number of Verified Splits: 1895 of 4096
Current worst splitting domains lb-rhs (depth):
-0.01109 (32), -0.01109 (30), -0.01109 (33), -0.01109 (33), -0.01107 (37), -0.01106 (36), -0.01102 (34), -0.01102 (32), -0.01102 (35), -0.01101 (36), -0.01100 (34), -0.01098 (29), -0.01089 (32), -0.01082 (31), -0.01082 (31), -0.01080 (31), -0.01080 (31), -0.01077 (31), -0.01077 (31), -0.01076 (30), 
Current (lb-rhs): -0.011088252067565918
313234 domains visited
Length of domains: 33114
Cumulative time: 696.6131873130798

BaB round 92
batch: 2048
splitting decisions: 
split level 0: [/input-39, 1765] [/input-15, 9657] [/input-7, 1091] [/input-15, 9023] [/input-15, 81] [/input-15, 5343] [/input-15, 4573] [/input-15, 2966] [/input-23, 18292] [/input-7, 4291] 
best_l after optimization: -2202.897216796875
beta sum per layer: [5943.6865234375, 20928.90625, 13855.15625, 9182.2529296875, 9206.931640625, 3401.4443359375, 601.9212646484375]
alpha/beta optimization time: 5.997751712799072
pruning_in_iteration open status: True
ratio of positive domain = 1822 / 4096 = 0.44482421875
pruning-in-iteration extra time: 0.015680551528930664
Time: get_branching_decision.update_bounds 0.1490    pickout 0.5206    branching_decision 0.0010    decision 0.0010    set_bounds 0.0995    prepare 0.2910    transfer 0.0010    finalize 0.3402    func 7.3454    solve 7.8490    add 0.0106    bab_iteration 8.4906    
Accumulated time: get_branching_decision.update_bounds 0.1490    bab_iteration 696.2927    pickout 47.0563    decision 0.0676    branching_decision 0.0657    set_bounds 9.6741    solve 603.4524    func 610.7926    prepare 23.1928    transfer 0.0407    finalize 30.7448    add 35.5844    
max lb -0.5363396406173706 min lb -0.5446129441261292
Number of Verified Splits: 1822 of 4096
Current worst splitting domains lb-rhs (depth):
-0.01109 (32), -0.01109 (30), -0.01109 (33), -0.01109 (33), -0.01107 (37), -0.01106 (36), -0.01102 (34), -0.01102 (32), -0.01102 (35), -0.01101 (36), -0.01100 (34), -0.01098 (29), -0.01089 (32), -0.01082 (31), -0.01082 (31), -0.01080 (31), -0.01080 (31), -0.01077 (31), -0.01077 (31), -0.01076 (30), 
Current (lb-rhs): -0.011088252067565918
317330 domains visited
Length of domains: 33340
Cumulative time: 705.1838030815125

BaB round 93
batch: 2048
splitting decisions: 
split level 0: [/input-7, 3864] [/input-15, 2966] [/input-15, 2950] [/input-15, 12415] [/input-15, 9868] [/input-7, 2910] [/input-15, 11210] [/input-23, 17466] [/input-15, 787] [/input-15, 10009] 
best_l after optimization: -2202.99365234375
beta sum per layer: [6262.33837890625, 20572.263671875, 14033.1865234375, 9659.8798828125, 9032.5078125, 3650.5615234375, 551.6002197265625]
alpha/beta optimization time: 6.111057281494141
pruning_in_iteration open status: True
ratio of positive domain = 1720 / 4096 = 0.419921875
pruning-in-iteration extra time: 0.015285491943359375
Time: get_branching_decision.update_bounds 0.1490    pickout 0.5969    branching_decision 0.0010    decision 0.0010    set_bounds 0.1004    prepare 0.2933    transfer 0.0010    finalize 0.3425    func 7.4945    solve 7.3455    add 0.5487    bab_iteration 8.5706    
Accumulated time: get_branching_decision.update_bounds 0.1490    bab_iteration 704.8633    pickout 47.6532    decision 0.0686    branching_decision 0.0666    set_bounds 9.7745    solve 610.7979    func 618.2871    prepare 23.4861    transfer 0.0417    finalize 31.0873    add 36.1331    
max lb -0.5363396406173706 min lb -0.5446034073829651
Number of Verified Splits: 1720 of 4096
Current worst splitting domains lb-rhs (depth):
-0.01109 (32), -0.01109 (30), -0.01109 (33), -0.01109 (33), -0.01107 (37), -0.01106 (36), -0.01102 (34), -0.01102 (32), -0.01102 (35), -0.01101 (36), -0.01100 (34), -0.01098 (29), -0.01089 (32), -0.01082 (31), -0.01082 (31), -0.01080 (31), -0.01080 (31), -0.01077 (31), -0.01077 (31), -0.01076 (30), 
Current (lb-rhs): -0.011088252067565918
321426 domains visited
Length of domains: 33668
Cumulative time: 713.9524638652802

BaB round 94
batch: 2048
splitting decisions: 
split level 0: [/input-23, 12278] [/input-15, 10441] [/input-7, 3101] [/input-7, 2105] [/input-7, 1419] [/input-15, 787] [/input-15, 10494] [/input-23, 4659] [/input-15, 7876] [/input-39, 1101] 
best_l after optimization: -2202.712890625
beta sum per layer: [6582.423828125, 20701.419921875, 14827.7109375, 10312.388671875, 8609.5048828125, 3721.6806640625, 634.1798095703125]
alpha/beta optimization time: 6.016873598098755
pruning_in_iteration open status: True
ratio of positive domain = 1852 / 4096 = 0.4521484375
pruning-in-iteration extra time: 0.01569962501525879
Time: get_branching_decision.update_bounds 0.1490    pickout 1.2211    branching_decision 0.0010    decision 0.0010    set_bounds 0.0991    prepare 0.3055    transfer 0.0011    finalize 0.3266    func 7.3621    solve 7.4946    add 0.4743    bab_iteration 8.7687    
Accumulated time: get_branching_decision.update_bounds 0.1490    bab_iteration 713.6319    pickout 48.8743    decision 0.0696    branching_decision 0.0676    set_bounds 9.8736    solve 618.2924    func 625.6492    prepare 23.7916    transfer 0.0428    finalize 31.4139    add 36.6074    
max lb -0.5363396406173706 min lb -0.5446034669876099
Number of Verified Splits: 1852 of 4096
Current worst splitting domains lb-rhs (depth):
-0.01109 (32), -0.01109 (30), -0.01109 (33), -0.01109 (33), -0.01107 (37), -0.01106 (36), -0.01102 (34), -0.01102 (32), -0.01102 (35), -0.01101 (36), -0.01100 (34), -0.01098 (29), -0.01089 (32), -0.01082 (31), -0.01082 (31), -0.01080 (31), -0.01080 (31), -0.01077 (31), -0.01077 (31), -0.01076 (30), 
Current (lb-rhs): -0.011088252067565918
325522 domains visited
Length of domains: 33864
Cumulative time: 723.2347505092621

BaB round 95
batch: 2048
splitting decisions: 
split level 0: [/input-15, 2403] [/input-23, 17704] [/input-15, 5343] [/input-15, 4714] [/input-15, 787] [/input-23, 13716] [/input-23, 113] [/input-15, 9657] [/input-23, 17380] [/input-23, 3761] 
best_l after optimization: -2202.583984375
beta sum per layer: [6722.25439453125, 20141.0234375, 15264.095703125, 10685.248046875, 9049.826171875, 3841.9189453125, 554.9797973632812]
alpha/beta optimization time: 6.043884754180908
pruning_in_iteration open status: True
ratio of positive domain = 1832 / 4096 = 0.447265625
pruning-in-iteration extra time: 0.015211343765258789
Time: get_branching_decision.update_bounds 0.1490    pickout 0.5917    branching_decision 0.0010    decision 0.0010    set_bounds 0.0995    prepare 0.3523    transfer 0.0011    finalize 0.3771    func 7.4930    solve 7.3621    add 0.5439    bab_iteration 9.2823    
Accumulated time: get_branching_decision.update_bounds 0.1490    bab_iteration 722.9142    pickout 49.4659    decision 0.0706    branching_decision 0.0686    set_bounds 9.9731    solve 625.6546    func 633.1421    prepare 24.1439    transfer 0.0439    finalize 31.7910    add 37.1513    
max lb -0.5363211631774902 min lb -0.5446034073829651
Number of Verified Splits: 1832 of 4096
Current worst splitting domains lb-rhs (depth):
-0.01109 (32), -0.01109 (30), -0.01109 (33), -0.01109 (33), -0.01107 (37), -0.01106 (36), -0.01102 (34), -0.01102 (32), -0.01102 (35), -0.01101 (36), -0.01100 (34), -0.01098 (29), -0.01089 (32), -0.01082 (31), -0.01082 (31), -0.01080 (31), -0.01080 (31), -0.01077 (31), -0.01077 (31), -0.01076 (30), 
Current (lb-rhs): -0.011088252067565918
329618 domains visited
Length of domains: 34080
Cumulative time: 732.0591764450073

BaB round 96
batch: 2048
splitting decisions: 
split level 0: [/input-15, 4995] [/input-15, 7199] [/input-23, 21760] [/input-15, 11647] [/input-15, 9620] [/input-15, 813] [/input-15, 4573] [/input-15, 11373] [/input-15, 11981] [/input-15, 11210] 
best_l after optimization: -2202.542724609375
beta sum per layer: [7119.2373046875, 19926.0859375, 16014.580078125, 11293.998046875, 8804.19140625, 3839.26708984375, 533.9715576171875]
alpha/beta optimization time: 6.060304880142212
pruning_in_iteration open status: True
ratio of positive domain = 1820 / 4096 = 0.4443359375
pruning-in-iteration extra time: 0.015337467193603516
Time: get_branching_decision.update_bounds 0.1490    pickout 0.6972    branching_decision 0.0010    decision 0.0011    set_bounds 0.7483    prepare 0.3404    transfer 0.0012    finalize 0.4430    func 7.5666    solve 7.4931    add 0.5281    bab_iteration 8.8244    
Accumulated time: get_branching_decision.update_bounds 0.1490    bab_iteration 731.7386    pickout 50.1632    decision 0.0717    branching_decision 0.0696    set_bounds 10.7213    solve 633.1476    func 640.7088    prepare 24.4843    transfer 0.0451    finalize 32.2340    add 37.6794    
max lb -0.5363396406173706 min lb -0.5446034669876099
Number of Verified Splits: 1820 of 4096
Current worst splitting domains lb-rhs (depth):
-0.01109 (32), -0.01109 (30), -0.01109 (33), -0.01109 (33), -0.01107 (37), -0.01106 (36), -0.01102 (34), -0.01102 (32), -0.01102 (35), -0.01101 (36), -0.01100 (34), -0.01098 (29), -0.01089 (32), -0.01082 (31), -0.01082 (31), -0.01080 (31), -0.01080 (31), -0.01077 (31), -0.01077 (31), -0.01076 (30), 
Current (lb-rhs): -0.011088252067565918
333714 domains visited
Length of domains: 34308
Cumulative time: 741.6965327262878

BaB round 97
batch: 2048
splitting decisions: 
split level 0: [/input-15, 7411] [/input-15, 5534] [/input-7, 4257] [/input-7, 4291] [/input-7, 315] [/input-15, 4917] [/input-15, 787] [/input-7, 4257] [/input-15, 3175] [/input-23, 8129] 
best_l after optimization: -2202.3486328125
beta sum per layer: [7224.4443359375, 19594.51953125, 17093.66796875, 11602.0263671875, 9034.060546875, 3942.172607421875, 564.3054809570312]
alpha/beta optimization time: 5.987027406692505
pruning_in_iteration open status: True
ratio of positive domain = 1864 / 4096 = 0.455078125
pruning-in-iteration extra time: 0.01577925682067871
Time: get_branching_decision.update_bounds 0.1490    pickout 0.6285    branching_decision 0.0010    decision 0.0010    set_bounds 0.0999    prepare 0.2980    transfer 0.0011    finalize 0.3471    func 7.3470    solve 7.5667    add 0.5564    bab_iteration 9.6374    
Accumulated time: get_branching_decision.update_bounds 0.1490    bab_iteration 741.3760    pickout 50.7917    decision 0.0727    branching_decision 0.0706    set_bounds 10.8212    solve 640.7143    func 648.0558    prepare 24.7824    transfer 0.0462    finalize 32.5812    add 38.2358    
max lb -0.5363396406173706 min lb -0.5446034073829651
Number of Verified Splits: 1864 of 4096
Current worst splitting domains lb-rhs (depth):
-0.01109 (32), -0.01109 (30), -0.01109 (33), -0.01109 (33), -0.01107 (37), -0.01106 (36), -0.01102 (34), -0.01102 (32), -0.01102 (35), -0.01101 (36), -0.01100 (34), -0.01098 (29), -0.01089 (32), -0.01082 (31), -0.01082 (31), -0.01080 (31), -0.01080 (31), -0.01077 (31), -0.01077 (31), -0.01076 (30), 
Current (lb-rhs): -0.011088252067565918
337810 domains visited
Length of domains: 34492
Cumulative time: 750.297810792923

BaB round 98
batch: 2048
splitting decisions: 
split level 0: [/input-15, 7411] [/input-23, 5786] [/input-15, 5721] [/input-15, 827] [/input-7, 1965] [/input-15, 353] [/input-15, 399] [/input-23, 17466] [/input-31, 829] [/input-15, 4917] 
best_l after optimization: -2202.50244140625
beta sum per layer: [7200.599609375, 19457.59375, 17555.9921875, 11757.0234375, 9863.1875, 3912.43798828125, 586.519287109375]
alpha/beta optimization time: 5.978738307952881
pruning_in_iteration open status: True
ratio of positive domain = 1853 / 4096 = 0.452392578125
pruning-in-iteration extra time: 0.015931129455566406
Time: get_branching_decision.update_bounds 0.1490    pickout 0.5993    branching_decision 0.0009    decision 0.0010    set_bounds 0.1003    prepare 0.3061    transfer 0.0011    finalize 0.3302    func 7.3282    solve 7.3471    add 0.4697    bab_iteration 8.6013    
Accumulated time: get_branching_decision.update_bounds 0.1490    bab_iteration 749.9773    pickout 51.3910    decision 0.0737    branching_decision 0.0716    set_bounds 10.9215    solve 648.0614    func 655.3840    prepare 25.0885    transfer 0.0473    finalize 32.9114    add 38.7055    
max lb -0.5363396406173706 min lb -0.5446034669876099
Number of Verified Splits: 1853 of 4096
Current worst splitting domains lb-rhs (depth):
-0.01109 (32), -0.01109 (30), -0.01109 (33), -0.01109 (33), -0.01107 (37), -0.01106 (36), -0.01102 (34), -0.01102 (32), -0.01102 (35), -0.01101 (36), -0.01100 (34), -0.01098 (29), -0.01089 (32), -0.01082 (31), -0.01082 (31), -0.01080 (31), -0.01080 (31), -0.01077 (31), -0.01077 (31), -0.01076 (30), 
Current (lb-rhs): -0.011088252067565918
341906 domains visited
Length of domains: 34687
Cumulative time: 759.4954707622528

BaB round 99
batch: 2048
splitting decisions: 
split level 0: [/input-15, 7610] [/input-63, 470] [/input-15, 11451] [/input-23, 24076] [/input-23, 14721] [/input-15, 4573] [/input-15, 80] [/input-7, 1419] [/input-15, 1190] [/input-15, 2580] 
best_l after optimization: -2202.471923828125
beta sum per layer: [7287.5546875, 19367.625, 17628.654296875, 11446.978515625, 10711.69921875, 3546.207763671875, 575.7593994140625]
alpha/beta optimization time: 5.874528169631958
pruning_in_iteration open status: True
ratio of positive domain = 1912 / 4096 = 0.466796875
pruning-in-iteration extra time: 0.0161283016204834
Time: get_branching_decision.update_bounds 0.1490    pickout 0.5955    branching_decision 0.0010    decision 0.0010    set_bounds 0.0999    prepare 0.2998    transfer 0.0011    finalize 0.4194    func 7.2911    solve 7.3283    add 1.1131    bab_iteration 9.1977    
Accumulated time: get_branching_decision.update_bounds 0.1490    bab_iteration 759.1749    pickout 51.9865    decision 0.0746    branching_decision 0.0725    set_bounds 11.0214    solve 655.3896    func 662.6751    prepare 25.3883    transfer 0.0484    finalize 33.3308    add 39.8186    
max lb -0.5362963080406189 min lb -0.5446032881736755
Number of Verified Splits: 1912 of 4096
Current worst splitting domains lb-rhs (depth):
-0.01109 (32), -0.01109 (30), -0.01109 (33), -0.01109 (33), -0.01107 (37), -0.01106 (36), -0.01102 (34), -0.01102 (32), -0.01102 (35), -0.01101 (36), -0.01100 (34), -0.01098 (29), -0.01089 (32), -0.01082 (31), -0.01082 (31), -0.01080 (31), -0.01080 (31), -0.01077 (31), -0.01077 (31), -0.01076 (30), 
Current (lb-rhs): -0.011088252067565918
346002 domains visited
Length of domains: 34823
Cumulative time: 768.0436201095581

BaB round 100
batch: 2048
splitting decisions: 
split level 0: [/input-15, 827] [/input-23, 5410] [/input-15, 9131] [/input-7, 2599] [/input-23, 23209] [/input-7, 2599] [/input-15, 9067] [/input-7, 4005] [/input-7, 4291] [/input-15, 3167] 
best_l after optimization: -2202.65478515625
beta sum per layer: [7501.95849609375, 19084.32421875, 17556.791015625, 11188.80859375, 11289.3642578125, 3340.86328125, 679.4046630859375]
alpha/beta optimization time: 5.981712341308594
pruning_in_iteration open status: True
ratio of positive domain = 1852 / 4096 = 0.4521484375
pruning-in-iteration extra time: 0.015747785568237305
Time: get_branching_decision.update_bounds 0.1490    pickout 0.5985    branching_decision 0.0010    decision 0.0010    set_bounds 0.0998    prepare 0.3018    transfer 0.0012    finalize 0.3295    func 7.3273    solve 7.2911    add 0.4940    bab_iteration 8.5481    
Accumulated time: get_branching_decision.update_bounds 0.1490    bab_iteration 767.7231    pickout 52.5850    decision 0.0756    branching_decision 0.0735    set_bounds 11.1212    solve 662.6808    func 670.0024    prepare 25.6901    transfer 0.0496    finalize 33.6603    add 40.3126    
max lb -0.5362862944602966 min lb -0.5446032285690308
Number of Verified Splits: 1852 of 4096
Current worst splitting domains lb-rhs (depth):
-0.01109 (32), -0.01109 (30), -0.01109 (33), -0.01109 (33), -0.01107 (37), -0.01106 (36), -0.01102 (34), -0.01102 (32), -0.01102 (35), -0.01101 (36), -0.01100 (34), -0.01098 (29), -0.01089 (32), -0.01082 (31), -0.01082 (31), -0.01080 (31), -0.01080 (31), -0.01077 (31), -0.01077 (31), -0.01076 (30), 
Current (lb-rhs): -0.011088252067565918
350098 domains visited
Length of domains: 35019
Cumulative time: 776.6014068126678

BaB round 101
batch: 2048
splitting decisions: 
split level 0: [/input-15, 8479] [/input-23, 23209] [/input-7, 2599] [/input-23, 378] [/input-7, 4590] [/input-31, 3934] [/input-15, 4314] [/input-15, 12415] [/input-7, 4590] [/input-7, 4291] 
best_l after optimization: -2202.74169921875
beta sum per layer: [7179.61083984375, 19421.89453125, 17821.6015625, 10793.390625, 12678.759765625, 3232.594482421875, 539.9002075195312]
alpha/beta optimization time: 5.947865009307861
pruning_in_iteration open status: True
ratio of positive domain = 1852 / 4096 = 0.4521484375
pruning-in-iteration extra time: 0.016475677490234375
Time: get_branching_decision.update_bounds 0.1490    pickout 0.6025    branching_decision 0.0009    decision 0.0009    set_bounds 0.7881    prepare 0.2929    transfer 0.0014    finalize 0.3302    func 7.2866    solve 7.3274    add 0.4699    bab_iteration 8.5578    
Accumulated time: get_branching_decision.update_bounds 0.1490    bab_iteration 776.2808    pickout 53.1875    decision 0.0765    branching_decision 0.0744    set_bounds 11.9093    solve 670.0082    func 677.2889    prepare 25.9830    transfer 0.0511    finalize 33.9905    add 40.7824    
max lb -0.5363396406173706 min lb -0.5446030497550964
Number of Verified Splits: 1852 of 4096
Current worst splitting domains lb-rhs (depth):
-0.01109 (32), -0.01109 (30), -0.01109 (33), -0.01109 (33), -0.01107 (37), -0.01106 (36), -0.01102 (34), -0.01102 (32), -0.01102 (35), -0.01101 (36), -0.01100 (34), -0.01098 (29), -0.01089 (32), -0.01082 (31), -0.01082 (31), -0.01080 (31), -0.01080 (31), -0.01077 (31), -0.01077 (31), -0.01076 (30), 
Current (lb-rhs): -0.011088252067565918
354194 domains visited
Length of domains: 35215
Cumulative time: 785.9106874465942

BaB round 102
batch: 2048
splitting decisions: 
split level 0: [/input-15, 7610] [/input-15, 12415] [/input-23, 17466] [/input-7, 1419] [/input-7, 4005] [/input-7, 3101] [/input-15, 11828] [/input-23, 9996] [/input-15, 9215] [/input-15, 10441] 
best_l after optimization: -2202.7529296875
beta sum per layer: [7165.197265625, 19428.26171875, 17869.208984375, 11290.220703125, 13415.880859375, 3235.02490234375, 551.5538330078125]
alpha/beta optimization time: 6.017240285873413
pruning_in_iteration open status: True
ratio of positive domain = 1847 / 4096 = 0.450927734375
pruning-in-iteration extra time: 0.016222238540649414
Time: get_branching_decision.update_bounds 0.1490    pickout 0.6019    branching_decision 0.0009    decision 0.0009    set_bounds 0.1003    prepare 0.2955    transfer 0.0011    finalize 0.3619    func 7.3941    solve 7.2866    add 0.5760    bab_iteration 9.3093    
Accumulated time: get_branching_decision.update_bounds 0.1490    bab_iteration 785.5901    pickout 53.7894    decision 0.0775    branching_decision 0.0753    set_bounds 12.0096    solve 677.2948    func 684.6830    prepare 26.2785    transfer 0.0522    finalize 34.3524    add 41.3584    
max lb -0.5363121628761292 min lb -0.5446030497550964
Number of Verified Splits: 1847 of 4096
Current worst splitting domains lb-rhs (depth):
-0.01109 (32), -0.01109 (30), -0.01109 (33), -0.01109 (33), -0.01107 (37), -0.01106 (36), -0.01102 (34), -0.01102 (32), -0.01102 (35), -0.01101 (36), -0.01100 (34), -0.01098 (29), -0.01089 (32), -0.01082 (31), -0.01082 (31), -0.01080 (31), -0.01080 (31), -0.01077 (31), -0.01077 (31), -0.01076 (30), 
Current (lb-rhs): -0.011088252067565918
358290 domains visited
Length of domains: 35416
Cumulative time: 794.5723369121552

BaB round 103
batch: 2048
splitting decisions: 
split level 0: [/input-23, 2834] [/input-7, 2599] [/input-7, 330] [/input-15, 81] [/input-15, 3175] [/input-23, 319] [/input-23, 24076] [/input-15, 6709] [/input-15, 11250] [/input-23, 4659] 
best_l after optimization: -2202.844970703125
beta sum per layer: [7227.8984375, 19298.796875, 17736.07421875, 11458.2373046875, 13883.2724609375, 3408.234619140625, 546.7093505859375]
alpha/beta optimization time: 5.960193157196045
pruning_in_iteration open status: True
ratio of positive domain = 1855 / 4096 = 0.452880859375
pruning-in-iteration extra time: 0.016893625259399414
Time: get_branching_decision.update_bounds 0.1490    pickout 0.6050    branching_decision 0.0010    decision 0.0010    set_bounds 0.1014    prepare 0.3003    transfer 0.0011    finalize 0.3459    func 7.3376    solve 7.3941    add 0.4865    bab_iteration 8.6616    
Accumulated time: get_branching_decision.update_bounds 0.1490    bab_iteration 794.2518    pickout 54.3944    decision 0.0785    branching_decision 0.0763    set_bounds 12.1111    solve 684.6890    func 692.0206    prepare 26.5788    transfer 0.0533    finalize 34.6983    add 41.8449    
max lb -0.5362751483917236 min lb -0.5446031093597412
Number of Verified Splits: 1855 of 4096
Current worst splitting domains lb-rhs (depth):
-0.01109 (32), -0.01109 (30), -0.01109 (33), -0.01109 (33), -0.01107 (37), -0.01106 (36), -0.01102 (34), -0.01102 (32), -0.01102 (35), -0.01101 (36), -0.01100 (34), -0.01098 (29), -0.01089 (32), -0.01082 (31), -0.01082 (31), -0.01080 (31), -0.01080 (31), -0.01077 (31), -0.01077 (31), -0.01076 (30), 
Current (lb-rhs): -0.011088252067565918
362386 domains visited
Length of domains: 35609
Cumulative time: 803.8181715011597

BaB round 104
batch: 2048
splitting decisions: 
split level 0: [/input-23, 16399] [/input-7, 4291] [/input-23, 17704] [/input-23, 16399] [/input-15, 6376] [/input-15, 8479] [/input-15, 7876] [/input-15, 2950] [/input-7, 4291] [/input-15, 813] 
best_l after optimization: -2203.01806640625
beta sum per layer: [7284.09912109375, 19446.1875, 18109.306640625, 11286.2626953125, 14481.0615234375, 3258.29736328125, 615.5543823242188]
alpha/beta optimization time: 5.9311418533325195
pruning_in_iteration open status: True
ratio of positive domain = 1795 / 4096 = 0.438232421875
pruning-in-iteration extra time: 0.016585111618041992
Time: get_branching_decision.update_bounds 0.1490    pickout 0.5992    branching_decision 0.0010    decision 0.0010    set_bounds 0.1002    prepare 0.3244    transfer 0.0011    finalize 0.3354    func 7.3247    solve 7.3376    add 1.1450    bab_iteration 9.2458    
Accumulated time: get_branching_decision.update_bounds 0.1490    bab_iteration 803.4976    pickout 54.9936    decision 0.0795    branching_decision 0.0773    set_bounds 12.2113    solve 692.0266    func 699.3453    prepare 26.9032    transfer 0.0544    finalize 35.0338    add 42.9899    
max lb -0.5363396406173706 min lb -0.5446030497550964
Number of Verified Splits: 1795 of 4096
Current worst splitting domains lb-rhs (depth):
-0.01109 (32), -0.01109 (30), -0.01109 (33), -0.01109 (33), -0.01107 (37), -0.01106 (36), -0.01102 (34), -0.01102 (32), -0.01102 (35), -0.01101 (36), -0.01100 (34), -0.01098 (29), -0.01089 (32), -0.01082 (31), -0.01082 (31), -0.01080 (31), -0.01080 (31), -0.01077 (31), -0.01077 (31), -0.01076 (30), 
Current (lb-rhs): -0.011088252067565918
366482 domains visited
Length of domains: 35862
Cumulative time: 812.3732748031616

BaB round 105
batch: 2048
splitting decisions: 
split level 0: [/input-15, 10494] [/input-7, 4510] [/input-15, 2966] [/input-23, 5021] [/input-15, 3175] [/input-15, 81] [/input-51, 755] [/input-15, 8840] [/input-23, 14721] [/input-7, 4005] 
best_l after optimization: -2203.03857421875
beta sum per layer: [7272.052734375, 19205.787109375, 18174.37890625, 11121.1796875, 15234.875, 3228.5546875, 660.22412109375]
alpha/beta optimization time: 5.977105379104614
pruning_in_iteration open status: True
ratio of positive domain = 1818 / 4096 = 0.44384765625
pruning-in-iteration extra time: 0.016431331634521484
Time: get_branching_decision.update_bounds 0.1490    pickout 0.5963    branching_decision 0.0010    decision 0.0011    set_bounds 0.1005    prepare 0.2920    transfer 0.0014    finalize 0.3314    func 7.3299    solve 7.3247    add 0.4748    bab_iteration 8.5551    
Accumulated time: get_branching_decision.update_bounds 0.1490    bab_iteration 812.0527    pickout 55.5899    decision 0.0806    branching_decision 0.0783    set_bounds 12.3118    solve 699.3513    func 706.6752    prepare 27.1953    transfer 0.0558    finalize 35.3651    add 43.4646    
max lb -0.5363396406173706 min lb -0.5446030497550964
Number of Verified Splits: 1818 of 4096
Current worst splitting domains lb-rhs (depth):
-0.01109 (32), -0.01109 (30), -0.01109 (33), -0.01109 (33), -0.01107 (37), -0.01106 (36), -0.01102 (34), -0.01102 (32), -0.01102 (35), -0.01101 (36), -0.01100 (34), -0.01098 (29), -0.01089 (32), -0.01082 (31), -0.01082 (31), -0.01080 (31), -0.01080 (31), -0.01077 (31), -0.01077 (31), -0.01076 (30), 
Current (lb-rhs): -0.011088252067565918
370578 domains visited
Length of domains: 36092
Cumulative time: 820.5765054225922

BaB round 106
batch: 2048
splitting decisions: 
split level 0: [/input-15, 11210] [/input-7, 1520] [/input-15, 7072] [/input-7, 4005] [/input-15, 8256] [/input-7, 330] [/input-7, 208] [/input-15, 827] [/input-7, 4291] [/input-23, 18204] 
best_l after optimization: -2203.28564453125
beta sum per layer: [7194.1845703125, 19381.62109375, 18504.544921875, 10525.240234375, 16481.28515625, 3179.2900390625, 773.18408203125]
alpha/beta optimization time: 6.089790344238281
pruning_in_iteration open status: True
ratio of positive domain = 1746 / 4096 = 0.42626953125
pruning-in-iteration extra time: 0.016309499740600586
Time: get_branching_decision.update_bounds 0.1490    pickout 0.5267    branching_decision 0.0010    decision 0.0010    set_bounds 0.7848    prepare 0.2944    transfer 0.0015    finalize 0.3398    func 7.4738    solve 7.3299    add 0.1712    bab_iteration 8.2032    
Accumulated time: get_branching_decision.update_bounds 0.1490    bab_iteration 820.2559    pickout 56.1166    decision 0.0817    branching_decision 0.0793    set_bounds 13.0965    solve 706.6813    func 714.1489    prepare 27.4897    transfer 0.0573    finalize 35.7049    add 43.6358    
max lb -0.5363396406173706 min lb -0.5445977449417114
Number of Verified Splits: 1746 of 4096
Current worst splitting domains lb-rhs (depth):
-0.01109 (32), -0.01109 (30), -0.01109 (33), -0.01109 (33), -0.01107 (37), -0.01106 (36), -0.01102 (34), -0.01102 (32), -0.01102 (35), -0.01101 (36), -0.01100 (34), -0.01098 (29), -0.01089 (32), -0.01082 (31), -0.01082 (31), -0.01080 (31), -0.01080 (31), -0.01077 (31), -0.01077 (31), -0.01076 (30), 
Current (lb-rhs): -0.011088252067565918
374674 domains visited
Length of domains: 36394
Time out!!!!!!!!
Result: timeout
Time: 908.8241114616394
