$ /mmfs1/gscratch/scrubbed/sgvtc/E-graphs for Verifiability/alpha-beta-CROWN/.venv/bin/python abcrown.py --config exp_configs/beta_crown/abcrown_config_inception_mnist_fused_v2.yaml --onnx_path /mmfs1/gscratch/scrubbed/sgvtc/E-graphs for Verifiability/NNs/inception_mnist_fused_v2_simplified.onnx --epsilon 0.15 --start 0 --end 10
(cwd=/mmfs1/gscratch/scrubbed/sgvtc/E-graphs for Verifiability/alpha-beta-CROWN/complete_verifier)

=== STDOUT ===
INFO     15:29:11     [tensor_storage.py:70] Hugepage enabled for branch-and-bound domains.
Configurations:

general:
  device: cuda
  seed: 100
  conv_mode: patches
  deterministic: false
  double_fp: false
  loss_reduction_func: sum
  sparse_alpha: true
  sparse_interm: true
  save_adv_example: false
  verify_onnxruntime_output: false
  eval_adv_example: false
  onnx_adv_example: false
  show_adv_example: false
  precompile_jit: false
  reset_seed_after_precompile: false
  prepare_only: false
  complete_verifier: bab
  enable_incomplete_verification: true
  csv_name: null
  results_file: out.txt
  root_path: ''
  deterministic_opt: false
  graph_optimizer: 'Customized("custom_graph_optimizer", "default_optimizer")'
  buffer_has_batchdim: false
  save_output: false
  output_file: out.pkl
  return_optimized_model: false
  store_all_specs_on_cpu: false
  adhoc_tuning: null
model:
  name: null
  path: null
  onnx_path: /mmfs1/gscratch/scrubbed/sgvtc/E-graphs for Verifiability/NNs/inception_mnist_fused_v2_simplified.onnx
  onnx_path_prefix: ''
  cache_onnx_conversion: false
  debug_onnx: false
  onnx_quirks: null
  input_shape: null
  onnx_loader: default_onnx_and_vnnlib_loader
  onnx_optimization_flags: []
  onnx_vnnlib_joint_optimization_flags: none
  check_optimized: false
  flatten_final_output: false
  optimize_graph: null
  with_jacobian: false
  bound_opts: null
data:
  start: 0
  end: 10
  select_instance: null
  num_outputs: 10
  mean: [0.0]
  std: [1.0]
  pkl_path: null
  dataset: MNIST
  data_filter_path: null
  data_idx_file: null
specification:
  type: lp
  robustness_type: verified-acc
  norm: .inf
  epsilon: 0.15
  epsilon_min: 0.0
  vnnlib_path: null
  vnnlib_path_prefix: ''
  shrink_eps: null
  rhs_offset: null
solver:
  batch_size: 2048
  auto_enlarge_batch_size: true
  batched_crown_auto_enlarge_max_vram_ratio: 0.9
  min_batch_size_ratio: 0.1
  use_float64_in_last_iteration: false
  early_stop_patience: 10
  start_save_best: 0.5
  bound_prop_method: alpha-crown
  init_bound_prop_method: same
  prune_after_crown: true
  optimize_disjuncts_separately: false
  build_batch_size: 1000000
  skip_with_refined_bound: true
  forward_before_compute_bounds: false
  crown:
    batch_size: 1000000000
    max_crown_size: 1000000000
    activation_bound_option: adaptive
    compare_crown_with_ibp: false
  alpha-crown:
    alpha: true
    lr_alpha: 0.1
    iteration: 100
    share_alphas: false
    lr_decay: 0.98
    full_conv_alpha: true
    max_coeff_mul: .inf
    matmul_share_alphas: false
    disable_optimization: []
    max_time: 1.0
    alpha_dtype: float16
    input_split_alpha_iteration: 5
    input_split_lr_alpha: 0.05
  invprop:
    apply_output_constraints_to: []
    tighten_input_bounds: false
    best_of_oc_and_no_oc: false
    directly_optimize: []
    oc_lr: 0.1
    share_gammas: false
  beta-crown:
    lr_alpha: 0.01
    lr_beta: 0.05
    lr_decay: 0.98
    optimizer: adam
    iteration: 20
    beta: true
    beta_warmup: true
    enable_opt_interm_bounds: false
    all_node_split_LP: false
  forward:
    refine: false
    max_dim: 10000
    reset_threshold: 1.0
  mip:
    unstable_neuron_threshold: 0
    parallel_solvers: null
    solver_threads: 1
    refine_neuron_timeout: 15
    refine_neuron_time_percentage: 0.8
    early_stop: true
    adv_warmup: true
    mip_solver: gurobi
    skip_unsafe: false
    topk_filter: 1.0
    sliding_window: -1
    extra_constraint: false
    refine_neuron_timeout_increasement: 0
    timeout_neuron_percentage: 0.3
    remaining_timeout_threshold: 1
    remove_unstable_neurons: false
    formulation: mip
    output_cut: false
bab:
  max_domains: .inf
  decision_thresh: 0
  timeout: 60
  timeout_scale: 1
  max_iterations: -1
  override_timeout: null
  get_upper_bound: false
  pruning_in_iteration: true
  pruning_in_iteration_ratio: 0.2
  sort_targets: false
  batched_domain_list: true
  optimized_interm: ''
  interm_transfer: true
  recompute_interm: false
  sort_domain_interval: -1
  tree_traversal: depth_first
  hugetensor_allocator: true
  cut:
    enabled: false
    cuts_path: null
    bab_cut: false
    lp_cut: false
    lr: 0.01
    lr_decay: 1.0
    iteration: 100
    bab_iteration: -1
    early_stop_patience: -1
    lr_beta: 0.02
    number_cuts: 50
    topk_cuts_in_filter: 1000
    batch_size_primal: 100
    max_num: 1000000000
    patches_cut: false
    cplex_cuts: false
    cplex_cuts_wait: 0
    cplex_cuts_revpickup: true
    cut_reference_bounds: true
    fix_intermediate_bounds: false
    manual_cuts: null
    record_cplex_cut_to: null
    read_cplex_cut_from: null
    biccos:
      enabled: false
      auto_param: true
      constraint_strengthening: true
      drop_ratio: 0.5
      max_infer_iter: 20
      max_domain: 10000.0
      heuristic: neuron_influence_score
      save_cuts: false
      multi_tree_branching:
        enabled: false
        restore_best_tree: true
        keep_n_best_domains: 50
        target_batch_size: 200
        iterations: 3
  clip_n_verify:
    rearrange_constraints: false
    alpha_crown: false
    prune: false
    final_layer: false
    clip_input_domain:
      enabled: false
      clip_type: relaxed
      clip_neuron_selection_type: ratio
      clip_neuron_selection_value: -1.0
      clip_iterations: 1
      clip_calculate_volume_metrics: false
    clip_interm_domain:
      enabled: false
      with_input: false
      clip_in_alpha_crown: false
      topk_objective: 20
  branching:
    method: random
    candidates: 3
    reduceop: min
    enable_intermediate_bound_opt: false
    branching_input_and_activation: false
    branching_input_and_activation_order: [input, relu]
    branching_input_iterations: 30
    branching_relu_iterations: 50
    save_visited_domains_to: ''
    nonlinear_split:
      method: bbps
      disable: false
      branching_point_method: uniform
      num_branches: 2
      filter: false
      filter_beta: false
      filter_clamp: false
      filter_batch_size: 10000
      filter_iterations: 25
      relu_only: false
      loose_tanh_threshold: null
      branching_point:
        db_path: branching_points.pt
        num_iterations: 1000
        batch_size: 1000000
        range_l: -5.0
        range_u: 5.0
        log_interval: 100
        step_size_1d: 0.01
        step_size: 0.2
    input_split:
      split_hint: null
      enable: false
      reorder_bab: false
      input_dim_threshold: 20
      adv_check: 0
      split_partitions: 2
      sb_margin_weight: 1.0
      sb_sum: false
      sb_primary_spec: null
      bf_backup_thresh: -1
      bf_rhs_offset: 0
      bf_iters: 1000000000.0
      bf_batch_size: 100000
      bf_zero_crossing_score: false
      touch_zero_score: 0
      ibp_enhancement: true
      compare_with_old_bounds: true
      update_rhs_with_attack: false
      sb_coeff_thresh: 0.001
      sort_index: null
      sort_descending: true
      show_progress: false
      presplit_domains: null
      skip_getting_worst_domain: false
  branching_decision_precompute:
    enable: true
  attack:
    enabled: false
    beam_candidates: 8
    beam_depth: 7
    max_dive_fix_ratio: 0.8
    min_local_free_ratio: 0.2
    mip_start_iteration: 5
    mip_timeout: 30.0
    adv_pool_threshold: null
    refined_mip_attacker: false
    refined_batch_size: null
attack:
  general_attack: true
  pgd_order: skip
  pgd_steps: 100
  pgd_restarts: 50
  pgd_batch_size: 100000000
  pgd_early_stop: true
  pgd_lr_decay: 0.99
  pgd_alpha: auto
  pgd_alpha_scale: false
  pgd_loss_mode: null
  pgd_restart_when_stuck: false
  enable_mip_attack: false
  adv_saver: default_adv_saver
  adv_verifier: default_adv_verifier
  early_stop_condition: default_early_stop_condition
  adv_example_finalizer: default_adv_example_finalizer
  pgd_loss: default_pgd_loss
  cex_path: ./test_cex.txt
  attack_mode: PGD
  attack_tolerance: 0.0
  attack_func: attack_with_general_specs
  gama_lambda: 10.0
  gama_decay: 0.9
  input_split:
    pgd_steps: 100
    pgd_restarts: 30
    pgd_alpha: auto
  input_split_check_adv:
    enabled: auto
    pgd_steps: 5
    pgd_restarts: 5
    pgd_alpha: auto
    max_num_domains: 10
debug:
  view_model: false
  lp_test: null
  rescale_vnnlib_ptb: null
  test_optimized_bounds: false
  test_optimized_bounds_after_n_iterations: 0
  print_verbose_decisions: false
  biccos_mip_sanity_check: false
  sanity_check: 0
  z_split_enabled: false
  save_minimal_config: null
  save_minimal_config_omit_keys: []
solving:
  solving_mode: false
  obj_index: 0

Experiments at Mon Aug 24 15:29:12 2026 on g3104
Loading onnx /mmfs1/gscratch/scrubbed/sgvtc/E-graphs for Verifiability/NNs/inception_mnist_fused_v2_simplified.onnx with quirks {}
Finished onnx model loading in 1.1869 seconds
ConvertModel(
  (Conv_Conv111_fwd0): Conv2d(1, 8, kernel_size=(3, 3), stride=(1, 1), padding=(1, 1))
  (Relu_Relu118_fwd0): ReLU()
  (Conv_Conv119_fwd0): Conv2d(8, 8, kernel_size=(1, 1), stride=(1, 1))
  (Conv_Conv120_fwd0): Conv2d(8, 8, kernel_size=(3, 3), stride=(1, 1), padding=(1, 1))
  (Add_Add123_fwd0): Add()
  (Relu_Relu125_fwd0): ReLU()
  (Split_Split126_fwd0): Split()
  (Reshape_Reshape127_fwd0): Reshape(shape=[  -1 6272])
  (Gemm_Add129_fwd0): Linear(in_features=64, out_features=6272, bias=True)
  (Relu_Relu130_fwd0): ReLU()
  (Gemm_Add132_fwd0): Linear(in_features=10, out_features=64, bias=True)
)
Parameters:
  Conv_Conv111_fwd0.weight: shape torch.Size([8, 1, 3, 3])
  Conv_Conv111_fwd0.bias: shape torch.Size([8])
  Conv_Conv119_fwd0.weight: shape torch.Size([8, 8, 1, 1])
  Conv_Conv119_fwd0.bias: shape torch.Size([8])
  Conv_Conv120_fwd0.weight: shape torch.Size([8, 8, 3, 3])
  Conv_Conv120_fwd0.bias: shape torch.Size([8])
  Gemm_Add129_fwd0.weight: shape torch.Size([64, 6272])
  Gemm_Add129_fwd0.bias: shape torch.Size([64])
  Gemm_Add132_fwd0.weight: shape torch.Size([10, 64])
  Gemm_Add132_fwd0.bias: shape torch.Size([10])
Trying generic MNIST/CIFAR data loader.
Internal results will be saved to out.txt.

 %%%%%%%%%%%%%%%%%%%%%%%%%%%%%%%%%%% idx: 0, vnnlib ID: 0 %%%%%%%%%%%%%%%%%%%%%%%%%%%%%%%%%%%
Finished vnnlib processing in 4.170569 seconds
Model: BoundedModule(
  (/input-1): BoundInput(name=/input-1, inputs=[], perturbed=True)
  (/shape): BoundBuffers(name=/shape, inputs=[], perturbed=False)
  (/12): BoundParams(name=/12, inputs=[], perturbed=False)
  (/13): BoundParams(name=/13, inputs=[], perturbed=False)
  (/14): BoundParams(name=/14, inputs=[], perturbed=False)
  (/15): BoundParams(name=/15, inputs=[], perturbed=False)
  (/16): BoundParams(name=/16, inputs=[], perturbed=False)
  (/17): BoundParams(name=/17, inputs=[], perturbed=False)
  (/18): BoundParams(name=/18, inputs=[], perturbed=False)
  (/19): BoundParams(name=/19, inputs=[], perturbed=False)
  (/20): BoundParams(name=/20, inputs=[], perturbed=False)
  (/21): BoundParams(name=/21, inputs=[], perturbed=False)
  (/input): BoundConv(name=/input, inputs=[/input-1, /12, /13], perturbed=True)
  (/input-4): BoundRelu(name=/input-4, inputs=[/input], perturbed=True)
  (/24): BoundConv(name=/24, inputs=[/input-4, /14, /15], perturbed=True)
  (/25): BoundConv(name=/25, inputs=[/input-4, /16, /17], perturbed=True)
  (/26): BoundAdd(name=/26, inputs=[/24, /25], perturbed=True)
  (/input-8): BoundConcat(name=/input-8, inputs=[/input, /26], perturbed=True)
  (/tensor): BoundRelu(name=/tensor, inputs=[/input-8], perturbed=True)
  (/30): BoundSplit(name=/30, inputs=[/tensor], perturbed=True)
  (/31): BoundSplit(name=/31, inputs=[/shape], perturbed=False)
  (/32): BoundSplit(name=/32, inputs=[/shape], perturbed=False)
  (/33): BoundConstant(name=/33, value=tensor([0], device='cuda:0'))
  (/34): BoundSqueeze(name=/34, inputs=[/31, /33], perturbed=False)
  (/35): BoundConstant(name=/35, value=tensor([0], device='cuda:0'))
  (/36): BoundSqueeze(name=/36, inputs=[/32, /35], perturbed=False)
  (/37): BoundConstant(name=/37, value=tensor([0], device='cuda:0'))
  (/38): BoundUnsqueeze(name=/38, inputs=[/34, /37], perturbed=False)
  (/39): BoundConstant(name=/39, value=tensor([0], device='cuda:0'))
  (/40): BoundUnsqueeze(name=/40, inputs=[/36, /39], perturbed=False)
  (/41): BoundConcat(name=/41, inputs=[/38, /40], perturbed=False)
  (/42): BoundReshape(name=/42, inputs=[/30, /41], perturbed=True)
  (/input-12): BoundLinear(name=/input-12, inputs=[/42, /18, /19], perturbed=True)
  (/44): BoundRelu(name=/44, inputs=[/input-12], perturbed=True)
  (/45): BoundLinear(name=/45, inputs=[/44, /20, /21], perturbed=True)
)
Original output in the first batch: tensor([[-0.28371912, -5.62402868, -0.24910486,  4.17613935,  1.49504280,
          1.59982181, -5.48358488, 11.25294495, -0.32638600,  4.78586054]],
       device='cuda:0')
Split layers:
Nonlinear functions:
   BoundRelu(name=/input-4, inputs=[/input], perturbed=True)
   BoundRelu(name=/tensor, inputs=[/input-8], perturbed=True)
   BoundRelu(name=/44, inputs=[/input-12], perturbed=True)
build batch [1/1]
layer /input-4 using sparse-features alpha with shape [2711]; unstable size 2711; total size 6272 ([1, 8, 28, 28])
layer /input-4 start_node /input-12 using sparse-spec alpha [2, 30, 1, 2711] with unstable size 29 total_size 64 output_shape torch.Size([64])
layer /input-4 start_node /45 using full alpha [2, 9, 1, 2711] with unstable size None total_size 9 output_shape 9
layer /tensor using sparse-features alpha with shape [6974]; unstable size 6974; total size 12544 ([1, 16, 28, 28])
layer /tensor start_node /input-12 using sparse-spec alpha [2, 30, 1, 6974] with unstable size 29 total_size 64 output_shape torch.Size([64])
layer /tensor start_node /45 using full alpha [2, 9, 1, 6974] with unstable size None total_size 9 output_shape 9
layer /44 using sparse-features alpha with shape [29]; unstable size 29; total size 64 ([1, 64])
layer /44 start_node /45 using full alpha [2, 9, 1, 29] with unstable size None total_size 9 output_shape 9
Optimizable variables initialized.
initial CROWN bounds (first 10 items): [-5.4926557540893555, 0.7841024398803711, -6.364235877990723, -6.018856525421143, -3.517815589904785, -5.832728385925293, -5.25260066986084, -3.748991012573242, -3.6677205562591553]
prune_after_crown optimization in use
  original spec size = torch.Size([1, 9])
  pruned spec size = torch.Size([1, 8])
Using alpha-CROWN to initialize bounds.
best_l after optimization: -35.69206237792969
alpha/beta optimization time: 2.4315264225006104
initial alpha-crown bounds (first 10 items): [-4.934789180755615, -5.843501567840576, -5.601122856140137, -2.981088638305664, -5.364944934844971, -4.576911926269531, -3.146392822265625, -3.2433106899261475]
Global lower bound: -5.843501567840576
1 / 9 OR specs are verified.
Verified OR indices (first 10 items): [1]
Verified OR lbs (first 10 items): [[inf]]
Unverified OR indices (first 10 items): [0, 2, 3, 4, 5, 6, 7, 8]
Unverified OR lbs (first 10 items): [[-4.934789180755615], [-5.843501567840576], [-5.601122856140137], [-2.981088638305664], [-5.364944934844971], [-4.576911926269531], [-3.146392822265625], [-3.2433106899261475]]
###### Verifying property Instance 0 ######
Batch size: 8
First 10 spec matrices
C: tensor([[[-1.,  0.,  0.,  0.,  0.,  0.,  0.,  1.,  0.,  0.]],

        [[ 0.,  0., -1.,  0.,  0.,  0.,  0.,  1.,  0.,  0.]],

        [[ 0.,  0.,  0., -1.,  0.,  0.,  0.,  1.,  0.,  0.]],

        [[ 0.,  0.,  0.,  0., -1.,  0.,  0.,  1.,  0.,  0.]],

        [[ 0.,  0.,  0.,  0.,  0., -1.,  0.,  1.,  0.,  0.]],

        [[ 0.,  0.,  0.,  0.,  0.,  0., -1.,  1.,  0.,  0.]],

        [[ 0.,  0.,  0.,  0.,  0.,  0.,  0.,  1., -1.,  0.]],

        [[ 0.,  0.,  0.,  0.,  0.,  0.,  0.,  1.,  0., -1.]]], device='cuda:0')
RHS: tensor([[0.],
        [0.],
        [0.],
        [0.],
        [0.],
        [0.],
        [0.],
        [0.]], device='cuda:0')
OR spec sizes: tensor([1, 1, 1, 1, 1, 1, 1, 1], device='cuda:0', dtype=torch.int32)
Remaining timeout: 37.24126982688904
Model prediction is: tensor([-0.28371912, -5.62402868, -0.24910486,  4.17613935,  1.49504280,
         1.59982181, -5.48358488, 11.25294495, -0.32638600,  4.78586054],
       device='cuda:0')
Activation BaB batch 1/1 
build_with_refined_bounds batch [1/1]
Optimizable variables initialized.
all alpha initialized
directly get lb and ub from refined bounds
c shape: torch.Size([8, 1, 10])
lA shapes: [torch.Size([8, 1, 8, 28, 28]), torch.Size([8, 1, 16, 28, 28]), torch.Size([8, 1, 64])]
(alpha-)CROWN with fixed intermediate bounds: tensor([[-4.93478918],
        [-5.84350157],
        [-5.60112286],
        [-2.98108864],
        [-5.36494493],
        [-4.57691193],
        [-3.14639282],
        [-3.24331069]], device='cuda:0') tensor([[inf],
        [inf],
        [inf],
        [inf],
        [inf],
        [inf],
        [inf],
        [inf]], device='cuda:0')
Intermediate layers: /input,/input-8,/input-12
Keeping alphas for these layers: ['/45']
Node /input-4 input 0: size torch.Size([8, 28, 28]) unstable 2711
Node /tensor input 0: size torch.Size([16, 28, 28]) unstable 6974
Node /44 input 0: size torch.Size([64]) unstable 28
-----------------
# of unstable neurons: 9713
-----------------

BaB round 1
batch: 8
splitting decisions: 
split level 0: [/input-8, 9211] [/input-8, 12041] [/input-8, 7773] [/input-8, 12476] [/input-8, 6040] [/input-8, 7179] [/input, 5111] [/input, 3676] 
split level 1: [/input-8, 11291] [/input-8, 5071] [/input-8, 9213] [/input, 676] [/input-8, 9753] [/input-8, 10052] [/input, 3843] [/input-8, 4958] 
split level 2: [/input-8, 6587] [/input-8, 9138] [/input, 4708] [/input-8, 12461] [/input-8, 6883] [/input-8, 3165] [/input-8, 9874] [/input, 3356] 
split level 3: [/input, 733] [/input-8, 8298] [/input, 3139] [/input-8, 12392] [/input, 3591] [/input-8, 522] [/input-8, 7529] [/input-8, 5895] 
best_l after optimization: -554.6460571289062
beta sum per layer: [23.613597869873047, 68.11337280273438, 0.0]
alpha/beta optimization time: 0.43543100357055664
pruning_in_iteration open status: False
ratio of positive domain = 0 / 128 = 0.0
pruning-in-iteration extra time: 5.340576171875e-05
Time: pickout 0.0016    branching_decision 0.0001    decision 0.0001    set_bounds 0.0060    prepare 0.0019    transfer 0.0000    finalize 0.0075    func 0.4499    
Accumulated time: bab_iteration 0.0000    pickout 0.0016    decision 0.0001    branching_decision 0.0001    set_bounds 0.0060    solve 0.0000    func 0.4499    prepare 0.0019    transfer 0.0000    finalize 0.0075    
max lb -2.642699718475342 min lb -5.838675498962402
Number of Verified Splits: 0 of 128
Current worst splitting domains lb-rhs (depth):
-5.83868 (4), -5.83868 (4), -5.83864 (4), -5.83864 (4), -5.69353 (4), -5.69353 (4), -5.69350 (4), -5.69350 (4), -5.62738 (4), -5.62738 (4), -5.62735 (4), -5.62735 (4), -5.60097 (4), -5.60080 (4), -5.60001 (4), -5.59999 (4), -5.48987 (4), -5.48987 (4), -5.48984 (4), -5.48984 (4), 
Current (lb-rhs): -5.838675498962402
128 domains visited
Length of domains: 128
Cumulative time: 0.8245885372161865

BaB round 2
batch: 128
splitting decisions: 
split level 0: [/input-8, 7678] [/input-8, 9288] [/input-8, 5475] [/input-8, 12464] [/input-8, 12247] [/input-8, 7380] [/input-8, 11786] [/input, 5560] [/input-8, 8670] [/input, 3476] 
best_l after optimization: -1076.185791015625
beta sum per layer: [67.58795928955078, 278.8437194824219, 0.6889303922653198]
alpha/beta optimization time: 0.14878463745117188
pruning_in_iteration open status: False
ratio of positive domain = 0 / 256 = 0.0
pruning-in-iteration extra time: 5.316734313964844e-05
Time: pickout 0.0119    branching_decision 0.0001    decision 0.0001    set_bounds 0.0058    prepare 0.0058    transfer 0.0000    finalize 0.0175    func 0.1778    solve 0.4499    add 0.0024    bab_iteration 0.4602    
Accumulated time: bab_iteration 0.4602    pickout 0.0135    decision 0.0002    branching_decision 0.0002    set_bounds 0.0119    solve 0.4499    func 0.6277    prepare 0.0077    transfer 0.0001    finalize 0.0249    add 0.0024    
max lb -2.056610107421875 min lb -5.838675022125244
Number of Verified Splits: 0 of 256
Current worst splitting domains lb-rhs (depth):
-5.83868 (5), -5.83868 (5), -5.83864 (5), -5.83864 (5), -5.80904 (5), -5.77288 (5), -5.71121 (5), -5.66625 (5), -5.66625 (5), -5.66622 (5), -5.66595 (5), -5.66486 (5), -5.66184 (5), -5.65865 (5), -5.60096 (5), -5.60079 (5), -5.60079 (5), -5.59984 (5), -5.59984 (5), -5.59976 (5), 
Current (lb-rhs): -5.838675022125244
384 domains visited
Length of domains: 256
Cumulative time: 1.025118350982666

BaB round 3
batch: 256
splitting decisions: 
split level 0: [/input-8, 8876] [/input, 1524] [/input, 3415] [/input-8, 9273] [/input, 125] [/input-8, 5035] [/input-8, 9334] [/input-8, 9069] [/input, 3716] [/input-8, 6908] 
best_l after optimization: -2074.81884765625
beta sum per layer: [172.44647216796875, 886.62255859375, 2.714921236038208]
alpha/beta optimization time: 0.16212153434753418
pruning_in_iteration open status: False
ratio of positive domain = 0 / 512 = 0.0
pruning-in-iteration extra time: 5.3882598876953125e-05
Time: pickout 0.0239    branching_decision 0.0001    decision 0.0002    set_bounds 0.0118    prepare 0.0112    transfer 0.0000    finalize 0.0356    func 0.2165    solve 0.1779    add 0.0035    bab_iteration 0.2005    
Accumulated time: bab_iteration 0.6607    pickout 0.0373    decision 0.0004    branching_decision 0.0003    set_bounds 0.0236    solve 0.6278    func 0.8442    prepare 0.0189    transfer 0.0001    finalize 0.0605    add 0.0059    
max lb -0.26152992248535156 min lb -5.838675022125244
Number of Verified Splits: 0 of 512
Current worst splitting domains lb-rhs (depth):
-5.83868 (6), -5.83867 (6), -5.83864 (6), -5.83864 (6), -5.82877 (6), -5.80497 (6), -5.78055 (6), -5.76388 (6), -5.66494 (6), -5.66494 (6), -5.66494 (6), -5.66491 (6), -5.66457 (6), -5.66354 (6), -5.66347 (6), -5.65538 (6), -5.62933 (6), -5.60691 (6), -5.60096 (6), -5.60075 (6), 
Current (lb-rhs): -5.838675022125244
896 domains visited
Length of domains: 512
Cumulative time: 1.2846863269805908

BaB round 4
batch: 512
splitting decisions: 
split level 0: [/input-8, 8612] [/input-8, 7343] [/input-8, 8638] [/input, 5204] [/input, 88] [/input, 3595] [/input-8, 5583] [/input, 6254] [/input, 4099] [/input-8, 5167] 
best_l after optimization: -3990.990234375
beta sum per layer: [437.3961181640625, 2521.69677734375, 6.883405685424805]
alpha/beta optimization time: 0.26872873306274414
pruning_in_iteration open status: False
ratio of positive domain = 3 / 1024 = 0.0029296875
pruning-in-iteration extra time: 5.3882598876953125e-05
Time: pickout 0.0449    branching_decision 0.0002    decision 0.0002    set_bounds 0.0228    prepare 0.0222    transfer 0.0000    finalize 0.0626    func 0.3649    solve 0.2165    add 0.0057    bab_iteration 0.2596    
Accumulated time: bab_iteration 0.9203    pickout 0.0823    decision 0.0006    branching_decision 0.0005    set_bounds 0.0464    solve 0.8443    func 1.2091    prepare 0.0411    transfer 0.0002    finalize 0.1231    add 0.0116    
max lb 0.5176429748535156 min lb -5.838675022125244
Number of Verified Splits: 3 of 1024
Current worst splitting domains lb-rhs (depth):
-5.83868 (7), -5.83868 (7), -5.83867 (7), -5.83864 (7), -5.83738 (7), -5.83533 (7), -5.83354 (7), -5.82684 (7), -5.80493 (7), -5.78025 (7), -5.78025 (7), -5.77641 (7), -5.76228 (7), -5.76228 (7), -5.71812 (7), -5.66331 (7), -5.66331 (7), -5.66331 (7), -5.66331 (7), -5.66331 (7), 
Current (lb-rhs): -5.838675022125244
1920 domains visited
Length of domains: 1021
Cumulative time: 1.7308876514434814

BaB round 5
batch: 1021
splitting decisions: 
split level 0: [/input, 3364] [/input-8, 7384] [/input-8, 8900] [/input-8, 5570] [/input-8, 10132] [/input-8, 7949] [/input-8, 9412] [/input-8, 9552] [/input, 117] [/input-8, 4989] 
best_l after optimization: -7644.27880859375
beta sum per layer: [1061.7318115234375, 6737.9228515625, 9.47517204284668]
alpha/beta optimization time: 0.5746409893035889
pruning_in_iteration open status: False
ratio of positive domain = 0 / 2042 = 0.0
pruning-in-iteration extra time: 7.2479248046875e-05
Time: pickout 0.0891    branching_decision 0.0003    decision 0.0004    set_bounds 0.0451    prepare 0.0444    transfer 0.0000    finalize 0.1242    func 0.7636    solve 0.3649    add 0.0121    bab_iteration 0.4462    
Accumulated time: bab_iteration 1.3665    pickout 0.1714    decision 0.0010    branching_decision 0.0008    set_bounds 0.0915    solve 1.2093    func 1.9726    prepare 0.0855    transfer 0.0002    finalize 0.2473    add 0.0237    
max lb -0.36626720428466797 min lb -5.838675022125244
Number of Verified Splits: 0 of 2042
Current worst splitting domains lb-rhs (depth):
-5.83868 (8), -5.83867 (8), -5.83777 (8), -5.83760 (8), -5.83695 (8), -5.83479 (8), -5.83349 (8), -5.83349 (8), -5.82669 (8), -5.82659 (8), -5.82584 (8), -5.80775 (8), -5.80541 (8), -5.80493 (8), -5.80493 (8), -5.77977 (8), -5.77977 (8), -5.77977 (8), -5.76891 (8), -5.76009 (8), 
Current (lb-rhs): -5.838675022125244
3962 domains visited
Length of domains: 2042
Cumulative time: 2.6564457416534424

BaB round 6
batch: 2042
splitting decisions: 
split level 0: [/input-8, 11986] [/input-8, 5173] [/input-8, 7953] [/input-8, 6060] [/input, 33] [/input-8, 6343] [/input-8, 11924] [/input, 5262] [/input-8, 6363] [/input, 5660] 
best_l after optimization: -14544.6640625
beta sum per layer: [2523.859619140625, 17176.09765625, 25.935279846191406]
alpha/beta optimization time: 1.1810667514801025
pruning_in_iteration open status: False
ratio of positive domain = 28 / 4084 = 0.006856023506366271
pruning-in-iteration extra time: 8.821487426757812e-05
Time: pickout 0.1794    branching_decision 0.0006    decision 0.0006    set_bounds 0.0914    prepare 0.0894    transfer 0.0001    finalize 0.3673    func 1.6763    solve 0.7636    add 0.0264    bab_iteration 0.9256    
Accumulated time: bab_iteration 2.2920    pickout 0.3508    decision 0.0015    branching_decision 0.0014    set_bounds 0.1829    solve 1.9729    func 3.6489    prepare 0.1749    transfer 0.0003    finalize 0.6145    add 0.0500    
max lb 0.7218389511108398 min lb -5.838617324829102
Number of Verified Splits: 28 of 4084
Current worst splitting domains lb-rhs (depth):
-5.83862 (9), -5.83849 (9), -5.83777 (9), -5.83777 (9), -5.83760 (9), -5.83692 (9), -5.83432 (9), -5.83349 (9), -5.83333 (9), -5.82758 (9), -5.82669 (9), -5.82663 (9), -5.82657 (9), -5.82657 (9), -5.82563 (9), -5.82563 (9), -5.81386 (9), -5.80601 (9), -5.80493 (9), -5.80364 (9), 
Current (lb-rhs): -5.838617324829102
8046 domains visited
Length of domains: 4056
Cumulative time: 4.649393796920776

BaB round 7
batch: 2048
splitting decisions: 
split level 0: [/input, 5210] [/input-8, 6232] [/input, 5035] [/input-8, 4779] [/input-8, 12459] [/input-8, 7507] [/input, 4718] [/input-8, 6225] [/input-8, 11979] [/input-8, 11869] 
best_l after optimization: -13882.544921875
beta sum per layer: [2962.8349609375, 21145.064453125, 33.84589385986328]
alpha/beta optimization time: 1.1845736503601074
pruning_in_iteration open status: False
ratio of positive domain = 50 / 4096 = 0.01220703125
pruning-in-iteration extra time: 6.341934204101562e-05
Time: pickout 0.1779    branching_decision 0.0005    decision 0.0006    set_bounds 0.0899    prepare 0.0913    transfer 0.0001    finalize 0.2380    func 1.5515    solve 1.6763    add 0.0434    bab_iteration 1.9929    
Accumulated time: bab_iteration 4.2850    pickout 0.5287    decision 0.0021    branching_decision 0.0020    set_bounds 0.2728    solve 3.6492    func 5.2003    prepare 0.2662    transfer 0.0003    finalize 0.8525    add 0.0934    
max lb 1.7906379699707031 min lb -5.838492393493652
Number of Verified Splits: 50 of 4096
Current worst splitting domains lb-rhs (depth):
-5.83862 (9), -5.83849 (10), -5.83777 (10), -5.83777 (10), -5.83777 (9), -5.83760 (10), -5.83760 (10), -5.83696 (10), -5.83692 (9), -5.83432 (9), -5.83349 (10), -5.83333 (10), -5.82758 (9), -5.82667 (10), -5.82663 (9), -5.82657 (9), -5.82563 (9), -5.82092 (10), -5.81926 (10), -5.81799 (10), 
Current (lb-rhs): -5.838617324829102
12142 domains visited
Length of domains: 6054
current_vram/total_varm: 11.8GB/47.7GB, batch_size increase to 4096
Cumulative time: 6.528598308563232

BaB round 8
batch: 4096
splitting decisions: 
split level 0: [/input-8, 8484] [/input-8, 3588] [/input-8, 4880] [/input-8, 6001] [/input-8, 498] [/input-8, 11921] [/input, 3270] [/input-8, 10604] [/input-8, 7167] [/input-8, 12424] 
best_l after optimization: -26491.515625
beta sum per layer: [6735.49267578125, 50061.16015625, 74.3167724609375]
alpha/beta optimization time: 2.3448197841644287
pruning_in_iteration open status: False
ratio of positive domain = 202 / 8192 = 0.024658203125
pruning-in-iteration extra time: 5.936622619628906e-05
Time: pickout 0.5016    branching_decision 0.0010    decision 0.0010    set_bounds 0.1871    prepare 0.1839    transfer 0.0001    finalize 0.4552    func 3.0551    solve 1.5515    add 0.0568    bab_iteration 1.8792    
Accumulated time: bab_iteration 6.1642    pickout 1.0303    decision 0.0031    branching_decision 0.0029    set_bounds 0.4599    solve 5.2007    func 8.2555    prepare 0.4501    transfer 0.0004    finalize 1.3077    add 0.1502    
max lb 0.29689884185791016 min lb -5.838492393493652
Number of Verified Splits: 202 of 8192
Current worst splitting domains lb-rhs (depth):
-5.83862 (9), -5.83849 (11), -5.83849 (11), -5.83777 (11), -5.83777 (9), -5.83760 (11), -5.83760 (11), -5.83760 (11), -5.83692 (9), -5.83687 (11), -5.83687 (11), -5.83634 (11), -5.83432 (9), -5.83349 (11), -5.83333 (11), -5.83236 (11), -5.83170 (11), -5.82758 (9), -5.82665 (11), -5.82663 (9), 
Current (lb-rhs): -5.838617324829102
20334 domains visited
Length of domains: 9948
Cumulative time: 10.518059730529785

BaB round 9
batch: 4096
splitting decisions: 
split level 0: [/input-8, 6137] [/input-8, 11525] [/input-8, 5229] [/input-8, 8252] [/input-8, 5046] [/input-8, 7995] [/input-8, 5550] [/input-8, 9091] [/input-8, 8466] [/input, 5653] 
best_l after optimization: -25421.08984375
beta sum per layer: [7725.810546875, 58028.3125, 86.02049255371094]
alpha/beta optimization time: 2.3438730239868164
pruning_in_iteration open status: False
ratio of positive domain = 123 / 8192 = 0.0150146484375
pruning-in-iteration extra time: 5.745887756347656e-05
Time: pickout 0.3595    branching_decision 0.0010    decision 0.0010    set_bounds 0.1794    prepare 0.1848    transfer 0.0001    finalize 0.4596    func 3.0585    solve 3.0552    add 0.2411    bab_iteration 3.9895    
Accumulated time: bab_iteration 10.1536    pickout 1.3898    decision 0.0041    branching_decision 0.0040    set_bounds 0.6393    solve 8.2559    func 11.3140    prepare 0.6350    transfer 0.0005    finalize 1.7674    add 0.3914    
max lb 1.3869032859802246 min lb -5.838492393493652
Number of Verified Splits: 123 of 8192
Current worst splitting domains lb-rhs (depth):
-5.83862 (9), -5.83849 (12), -5.83849 (11), -5.83777 (12), -5.83777 (12), -5.83777 (9), -5.83760 (11), -5.83760 (12), -5.83760 (11), -5.83760 (12), -5.83692 (9), -5.83687 (11), -5.83684 (12), -5.83634 (11), -5.83432 (9), -5.83349 (11), -5.83333 (11), -5.83229 (12), -5.83170 (11), -5.83108 (12), 
Current (lb-rhs): -5.838617324829102
28526 domains visited
Length of domains: 13921
Cumulative time: 14.36809778213501

BaB round 10
batch: 4096
splitting decisions: 
split level 0: [/input-8, 7116] [/input, 4742] [/input-8, 7763] [/input-8, 9799] [/input-8, 8396] [/input-8, 3509] [/input-8, 6595] [/input-8, 8856] [/input-8, 6720] [/input-8, 5137] 
best_l after optimization: -23991.462890625
beta sum per layer: [8838.169921875, 67189.8984375, 86.04536437988281]
alpha/beta optimization time: 2.344724655151367
pruning_in_iteration open status: False
ratio of positive domain = 195 / 8192 = 0.0238037109375
pruning-in-iteration extra time: 5.555152893066406e-05
Time: pickout 0.3618    branching_decision 0.0010    decision 0.0011    set_bounds 0.1799    prepare 0.1865    transfer 0.0001    finalize 0.4576    func 3.0605    solve 3.0585    add 0.2478    bab_iteration 3.8500    
Accumulated time: bab_iteration 14.0037    pickout 1.7515    decision 0.0052    branching_decision 0.0050    set_bounds 0.8192    solve 11.3144    func 14.3744    prepare 0.8215    transfer 0.0005    finalize 2.2250    add 0.6392    
max lb 2.128096580505371 min lb -5.837765693664551
Number of Verified Splits: 195 of 8192
Current worst splitting domains lb-rhs (depth):
-5.83862 (9), -5.83849 (11), -5.83849 (12), -5.83777 (13), -5.83777 (12), -5.83777 (9), -5.83760 (12), -5.83760 (11), -5.83760 (13), -5.83760 (13), -5.83760 (11), -5.83692 (9), -5.83687 (11), -5.83678 (13), -5.83678 (13), -5.83634 (11), -5.83432 (9), -5.83349 (11), -5.83333 (11), -5.83229 (12), 
Current (lb-rhs): -5.838617324829102
36718 domains visited
Length of domains: 17822
Cumulative time: 18.286400318145752

BaB round 11
batch: 4096
splitting decisions: 
split level 0: [/input-8, 415] [/input, 4208] [/input-8, 6728] [/input-8, 12228] [/input, 5047] [/input, 5690] [/input, 3835] [/input-8, 3690] [/input-8, 7619] [/input-8, 5373] 
best_l after optimization: -22745.349609375
beta sum per layer: [10001.8876953125, 75916.5078125, 87.63287353515625]
alpha/beta optimization time: 2.3457179069519043
pruning_in_iteration open status: False
ratio of positive domain = 287 / 8192 = 0.0350341796875
pruning-in-iteration extra time: 6.127357482910156e-05
Time: pickout 0.3646    branching_decision 0.0010    decision 0.0010    set_bounds 0.1814    prepare 0.1847    transfer 0.0001    finalize 0.4512    func 3.0513    solve 3.0605    add 0.3109    bab_iteration 3.9183    
Accumulated time: bab_iteration 17.9220    pickout 2.1162    decision 0.0062    branching_decision 0.0060    set_bounds 1.0006    solve 14.3749    func 17.4257    prepare 1.0062    transfer 0.0006    finalize 2.6761    add 0.9501    
max lb 1.7539334297180176 min lb -5.837602138519287
Number of Verified Splits: 287 of 8192
Current worst splitting domains lb-rhs (depth):
-5.83862 (9), -5.83849 (12), -5.83849 (11), -5.83777 (9), -5.83777 (12), -5.83777 (13), -5.83760 (12), -5.83760 (14), -5.83760 (13), -5.83760 (14), -5.83760 (11), -5.83760 (11), -5.83692 (9), -5.83687 (11), -5.83678 (13), -5.83675 (14), -5.83675 (14), -5.83634 (11), -5.83432 (9), -5.83349 (11), 
Current (lb-rhs): -5.838617324829102
44910 domains visited
Length of domains: 21631
Cumulative time: 21.971662044525146

BaB round 12
batch: 4096
splitting decisions: 
split level 0: [/input-8, 7884] [/input, 3535] [/input-8, 127] [/input-8, 9285] [/input, 4573] [/input, 5172] [/input, 619] [/input-8, 7386] [/input, 407] [/input, 5158] 
best_l after optimization: -21714.79296875
beta sum per layer: [11157.833984375, 84447.25, 91.00575256347656]
alpha/beta optimization time: 2.345489740371704
pruning_in_iteration open status: False
ratio of positive domain = 417 / 8192 = 0.0509033203125
pruning-in-iteration extra time: 6.222724914550781e-05
Time: pickout 0.6075    branching_decision 0.0010    decision 0.0011    set_bounds 0.1828    prepare 0.1839    transfer 0.0001    finalize 0.4444    func 3.0433    solve 3.0513    add 0.0827    bab_iteration 3.6853    
Accumulated time: bab_iteration 21.6072    pickout 2.7236    decision 0.0073    branching_decision 0.0070    set_bounds 1.1833    solve 17.4263    func 20.4690    prepare 1.1901    transfer 0.0006    finalize 3.1205    add 1.0329    
max lb 1.2570319175720215 min lb -5.837602138519287
Number of Verified Splits: 417 of 8192
Current worst splitting domains lb-rhs (depth):
-5.83862 (9), -5.83849 (12), -5.83849 (11), -5.83777 (12), -5.83777 (13), -5.83777 (9), -5.83760 (12), -5.83760 (11), -5.83760 (13), -5.83760 (15), -5.83760 (11), -5.83760 (14), -5.83692 (9), -5.83687 (11), -5.83678 (13), -5.83675 (14), -5.83671 (15), -5.83634 (11), -5.83432 (9), -5.83349 (11), 
Current (lb-rhs): -5.838617324829102
53102 domains visited
Length of domains: 25310
Cumulative time: 25.890129804611206

BaB round 13
batch: 4096
splitting decisions: 
split level 0: [/input, 4355] [/input-8, 5607] [/input-8, 7414] [/input-8, 620] [/input, 322] [/input-8, 12322] [/input, 4094] [/input-8, 7399] [/input, 4803] [/input-8, 7336] 
best_l after optimization: -20969.044921875
beta sum per layer: [12397.4619140625, 92065.640625, 102.13607788085938]
alpha/beta optimization time: 2.3459632396698
pruning_in_iteration open status: False
ratio of positive domain = 457 / 8192 = 0.0557861328125
pruning-in-iteration extra time: 6.198883056640625e-05
Time: pickout 0.3663    branching_decision 0.0010    decision 0.0010    set_bounds 0.4300    prepare 0.1852    transfer 0.0001    finalize 0.4478    func 3.0478    solve 3.0433    add 0.0789    bab_iteration 3.9185    
Accumulated time: bab_iteration 25.5257    pickout 3.0899    decision 0.0083    branching_decision 0.0080    set_bounds 1.6133    solve 20.4696    func 23.5168    prepare 1.3754    transfer 0.0007    finalize 3.5683    add 1.1118    
max lb 1.7203760147094727 min lb -5.830824375152588
Number of Verified Splits: 457 of 8192
Current worst splitting domains lb-rhs (depth):
-5.83862 (9), -5.83849 (11), -5.83849 (12), -5.83777 (12), -5.83777 (9), -5.83777 (13), -5.83760 (14), -5.83760 (11), -5.83760 (13), -5.83760 (15), -5.83760 (12), -5.83760 (11), -5.83692 (9), -5.83687 (11), -5.83678 (13), -5.83675 (14), -5.83671 (15), -5.83634 (11), -5.83432 (9), -5.83349 (11), 
Current (lb-rhs): -5.838617324829102
61294 domains visited
Length of domains: 28949
Cumulative time: 29.819356679916382

BaB round 14
batch: 4096
splitting decisions: 
split level 0: [/input-8, 519] [/input, 3375] [/input-8, 5004] [/input-8, 5412] [/input, 95] [/input, 5255] [/input-8, 9285] [/input-8, 12007] [/input, 5607] [/input-8, 626] 
best_l after optimization: -20313.55078125
beta sum per layer: [13910.57421875, 98705.75, 112.9248046875]
alpha/beta optimization time: 2.345202684402466
pruning_in_iteration open status: False
ratio of positive domain = 371 / 8192 = 0.0452880859375
pruning-in-iteration extra time: 6.413459777832031e-05
Time: pickout 0.3754    branching_decision 0.0010    decision 0.0010    set_bounds 0.1827    prepare 0.1872    transfer 0.0001    finalize 0.7095    func 3.3110    solve 3.0479    add 0.0790    bab_iteration 3.9292    
Accumulated time: bab_iteration 29.4549    pickout 3.4653    decision 0.0093    branching_decision 0.0089    set_bounds 1.7960    solve 23.5175    func 26.8278    prepare 1.5626    transfer 0.0008    finalize 4.2778    add 1.1908    
max lb 0.6289019584655762 min lb -5.828173637390137
Number of Verified Splits: 371 of 8192
Current worst splitting domains lb-rhs (depth):
-5.83862 (9), -5.83849 (11), -5.83849 (12), -5.83777 (13), -5.83777 (9), -5.83777 (12), -5.83760 (15), -5.83760 (14), -5.83760 (12), -5.83760 (11), -5.83760 (13), -5.83760 (11), -5.83692 (9), -5.83687 (11), -5.83678 (13), -5.83675 (14), -5.83671 (15), -5.83634 (11), -5.83432 (9), -5.83349 (11), 
Current (lb-rhs): -5.838617324829102
69486 domains visited
Length of domains: 32674
Cumulative time: 33.8743851184845

BaB round 15
batch: 4096
splitting decisions: 
split level 0: [/input, 282] [/input, 5586] [/input, 6149] [/input-8, 6088] [/input, 5995] [/input-8, 278] [/input-8, 7648] [/input, 3248] [/input-8, 9997] [/input-8, 5915] 
best_l after optimization: -19349.96875
beta sum per layer: [15308.0078125, 107266.4921875, 126.74781036376953]
alpha/beta optimization time: 2.3465425968170166
pruning_in_iteration open status: False
ratio of positive domain = 496 / 8192 = 0.060546875
pruning-in-iteration extra time: 5.793571472167969e-05
Time: pickout 0.3889    branching_decision 0.0010    decision 0.0010    set_bounds 0.1806    prepare 0.1958    transfer 0.0001    finalize 0.4614    func 3.0781    solve 3.3111    add 0.1717    bab_iteration 4.0550    
Accumulated time: bab_iteration 33.5099    pickout 3.8541    decision 0.0103    branching_decision 0.0099    set_bounds 1.9766    solve 26.8286    func 29.9059    prepare 1.7584    transfer 0.0008    finalize 4.7392    add 1.3625    
max lb 1.630810260772705 min lb -5.792659759521484
Number of Verified Splits: 496 of 8192
Current worst splitting domains lb-rhs (depth):
-5.83862 (9), -5.83849 (12), -5.83849 (11), -5.83777 (9), -5.83777 (12), -5.83777 (13), -5.83760 (12), -5.83760 (11), -5.83760 (14), -5.83760 (13), -5.83760 (11), -5.83760 (15), -5.83692 (9), -5.83687 (11), -5.83678 (13), -5.83675 (14), -5.83671 (15), -5.83634 (11), -5.83432 (9), -5.83349 (11), 
Current (lb-rhs): -5.838617324829102
77678 domains visited
Length of domains: 36274
Time out!!!!!!!!
Result: unknown in 61.2828 seconds

 %%%%%%%%%%%%%%%%%%%%%%%%%%%%%%%%%%% idx: 1, vnnlib ID: 1 %%%%%%%%%%%%%%%%%%%%%%%%%%%%%%%%%%%
Finished vnnlib processing in 0.001611 seconds
Model: BoundedModule(
  (/input-1): BoundInput(name=/input-1, inputs=[], perturbed=True)
  (/shape): BoundBuffers(name=/shape, inputs=[], perturbed=False)
  (/12): BoundParams(name=/12, inputs=[], perturbed=False)
  (/13): BoundParams(name=/13, inputs=[], perturbed=False)
  (/14): BoundParams(name=/14, inputs=[], perturbed=False)
  (/15): BoundParams(name=/15, inputs=[], perturbed=False)
  (/16): BoundParams(name=/16, inputs=[], perturbed=False)
  (/17): BoundParams(name=/17, inputs=[], perturbed=False)
  (/18): BoundParams(name=/18, inputs=[], perturbed=False)
  (/19): BoundParams(name=/19, inputs=[], perturbed=False)
  (/20): BoundParams(name=/20, inputs=[], perturbed=False)
  (/21): BoundParams(name=/21, inputs=[], perturbed=False)
  (/input): BoundConv(name=/input, inputs=[/input-1, /12, /13], perturbed=True)
  (/input-4): BoundRelu(name=/input-4, inputs=[/input], perturbed=True)
  (/24): BoundConv(name=/24, inputs=[/input-4, /14, /15], perturbed=True)
  (/25): BoundConv(name=/25, inputs=[/input-4, /16, /17], perturbed=True)
  (/26): BoundAdd(name=/26, inputs=[/24, /25], perturbed=True)
  (/input-8): BoundConcat(name=/input-8, inputs=[/input, /26], perturbed=True)
  (/tensor): BoundRelu(name=/tensor, inputs=[/input-8], perturbed=True)
  (/30): BoundSplit(name=/30, inputs=[/tensor], perturbed=True)
  (/31): BoundSplit(name=/31, inputs=[/shape], perturbed=False)
  (/32): BoundSplit(name=/32, inputs=[/shape], perturbed=False)
  (/33): BoundConstant(name=/33, value=tensor([0], device='cuda:0'))
  (/34): BoundSqueeze(name=/34, inputs=[/31, /33], perturbed=False)
  (/35): BoundConstant(name=/35, value=tensor([0], device='cuda:0'))
  (/36): BoundSqueeze(name=/36, inputs=[/32, /35], perturbed=False)
  (/37): BoundConstant(name=/37, value=tensor([0], device='cuda:0'))
  (/38): BoundUnsqueeze(name=/38, inputs=[/34, /37], perturbed=False)
  (/39): BoundConstant(name=/39, value=tensor([0], device='cuda:0'))
  (/40): BoundUnsqueeze(name=/40, inputs=[/36, /39], perturbed=False)
  (/41): BoundConcat(name=/41, inputs=[/38, /40], perturbed=False)
  (/42): BoundReshape(name=/42, inputs=[/30, /41], perturbed=True)
  (/input-12): BoundLinear(name=/input-12, inputs=[/42, /18, /19], perturbed=True)
  (/44): BoundRelu(name=/44, inputs=[/input-12], perturbed=True)
  (/45): BoundLinear(name=/45, inputs=[/44, /20, /21], perturbed=True)
)
Original output in the first batch: tensor([[ 2.46813273, -3.71063018,  8.47472382,  1.54106712, -4.99275398,
          3.33013988,  4.20621729, -6.17068958,  1.24827886, -7.05575085]],
       device='cuda:0')
Split layers:
Nonlinear functions:
   BoundRelu(name=/input-4, inputs=[/input], perturbed=True)
   BoundRelu(name=/tensor, inputs=[/input-8], perturbed=True)
   BoundRelu(name=/44, inputs=[/input-12], perturbed=True)
build batch [1/1]
layer /input-4 using sparse-features alpha with shape [2548]; unstable size 2548; total size 6272 ([1, 8, 28, 28])
layer /input-4 start_node /input-12 using sparse-spec alpha [2, 24, 1, 2548] with unstable size 23 total_size 64 output_shape torch.Size([64])
layer /input-4 start_node /45 using full alpha [2, 9, 1, 2548] with unstable size None total_size 9 output_shape 9
layer /tensor using sparse-features alpha with shape [6541]; unstable size 6541; total size 12544 ([1, 16, 28, 28])
layer /tensor start_node /input-12 using sparse-spec alpha [2, 24, 1, 6541] with unstable size 23 total_size 64 output_shape torch.Size([64])
layer /tensor start_node /45 using full alpha [2, 9, 1, 6541] with unstable size None total_size 9 output_shape 9
layer /44 using sparse-features alpha with shape [23]; unstable size 23; total size 64 ([1, 64])
layer /44 start_node /45 using full alpha [2, 9, 1, 23] with unstable size None total_size 9 output_shape 9
Optimizable variables initialized.
initial CROWN bounds (first 10 items): [-7.391547203063965, -0.17301559448242188, -4.871648788452148, 0.47844791412353516, -8.48147964477539, -8.528177261352539, -0.37195396423339844, -5.5474443435668945, 0.013024330139160156]
prune_after_crown optimization in use
  original spec size = torch.Size([1, 9])
  pruned spec size = torch.Size([1, 7])
Using alpha-CROWN to initialize bounds.
best_l after optimization: -32.38022994995117
alpha/beta optimization time: 1.2636067867279053
initial alpha-crown bounds (first 10 items): [-6.920016288757324, 0.2952747344970703, -4.534229278564453, -8.069717407226562, -8.089776039123535, 0.01453399658203125, -5.076299667358398]
Global lower bound: -8.089776039123535
4 / 9 OR specs are verified.
Verified OR indices (first 10 items): [1, 3, 6, 8]
Verified OR lbs (first 10 items): [[0.2952747344970703], [inf], [0.01453399658203125], [inf]]
Unverified OR indices (first 10 items): [0, 2, 4, 5, 7]
Unverified OR lbs (first 10 items): [[-6.920016288757324], [-4.534229278564453], [-8.069717407226562], [-8.089776039123535], [-5.076299667358398]]
###### Verifying property Instance 1 ######
Batch size: 5
First 10 spec matrices
C: tensor([[[-1.,  0.,  1.,  0.,  0.,  0.,  0.,  0.,  0.,  0.]],

        [[ 0.,  0.,  1., -1.,  0.,  0.,  0.,  0.,  0.,  0.]],

        [[ 0.,  0.,  1.,  0.,  0., -1.,  0.,  0.,  0.,  0.]],

        [[ 0.,  0.,  1.,  0.,  0.,  0., -1.,  0.,  0.,  0.]],

        [[ 0.,  0.,  1.,  0.,  0.,  0.,  0.,  0., -1.,  0.]]], device='cuda:0')
RHS: tensor([[0.],
        [0.],
        [0.],
        [0.],
        [0.]], device='cuda:0')
OR spec sizes: tensor([1, 1, 1, 1, 1], device='cuda:0', dtype=torch.int32)
Remaining timeout: 58.28324341773987
Model prediction is: tensor([ 2.46813273, -3.71063018,  8.47472382,  1.54106712, -4.99275398,
         3.33013988,  4.20621729, -6.17068958,  1.24827886, -7.05575085],
       device='cuda:0')
Activation BaB batch 1/1 
build_with_refined_bounds batch [1/1]
Optimizable variables initialized.
all alpha initialized
directly get lb and ub from refined bounds
c shape: torch.Size([5, 1, 10])
lA shapes: [torch.Size([5, 1, 8, 28, 28]), torch.Size([5, 1, 16, 28, 28]), torch.Size([5, 1, 64])]
(alpha-)CROWN with fixed intermediate bounds: tensor([[-6.92001629],
        [-4.53422928],
        [-8.06971741],
        [-8.08977604],
        [-5.07629967]], device='cuda:0') tensor([[inf],
        [inf],
        [inf],
        [inf],
        [inf]], device='cuda:0')
Intermediate layers: /input,/input-8,/input-12
Keeping alphas for these layers: ['/45']
Node /input-4 input 0: size torch.Size([8, 28, 28]) unstable 2548
Node /tensor input 0: size torch.Size([16, 28, 28]) unstable 6541
Node /44 input 0: size torch.Size([64]) unstable 21
-----------------
# of unstable neurons: 9110
-----------------

BaB round 1
batch: 5
splitting decisions: 
split level 0: [/input-8, 6347] [/input-8, 12281] [/input, 137] [/input, 4820] [/input-8, 12021] 
split level 1: [/input-8, 2878] [/input-8, 3357] [/input, 6233] [/input-8, 12512] [/input-8, 4891] 
split level 2: [/input, 5524] [/input-8, 12010] [/input, 184] [/input-8, 9819] [/input, 3476] 
split level 3: [/input-8, 207] [/input, 5180] [/input-8, 7982] [/input-8, 291] [/input, 5461] 
split level 4: [/input-8, 5280] [/input-8, 1411] [/input-8, 3838] [/input-8, 5932] [/input, 5695] 
best_l after optimization: -1041.197021484375
beta sum per layer: [31.29022979736328, 34.99430465698242, 0.0]
alpha/beta optimization time: 0.14674592018127441
pruning_in_iteration open status: False
ratio of positive domain = 0 / 160 = 0.0
pruning-in-iteration extra time: 6.008148193359375e-05
Time: pickout 0.0020    branching_decision 0.0001    decision 0.0001    set_bounds 0.0095    prepare 0.0023    transfer 0.0000    finalize 0.0083    func 0.1623    
Accumulated time: bab_iteration 0.0000    pickout 0.0020    decision 0.0001    branching_decision 0.0001    set_bounds 0.0095    solve 0.0000    func 0.1623    prepare 0.0023    transfer 0.0000    finalize 0.0083    
max lb -4.444864749908447 min lb -8.089385986328125
Number of Verified Splits: 0 of 160
Current worst splitting domains lb-rhs (depth):
-8.08939 (5), -8.08939 (5), -8.08939 (5), -8.08939 (5), -8.08927 (5), -8.08927 (5), -8.08927 (5), -8.08927 (5), -8.08864 (5), -8.08864 (5), -8.08864 (5), -8.08864 (5), -8.08856 (5), -8.08856 (5), -8.08856 (5), -8.08856 (5), -8.07488 (5), -8.07488 (5), -8.07488 (5), -8.07488 (5), 
Current (lb-rhs): -8.089385986328125
160 domains visited
Length of domains: 160
Cumulative time: 0.20655202865600586

BaB round 2
batch: 160
splitting decisions: 
split level 0: [/input, 190] [/input-8, 677] [/input-8, 7857] [/input-8, 10127] [/input, 5556] [/input-8, 7553] [/input-8, 515] [/input-8, 8778] [/input-8, 12321] [/input, 5660] 
best_l after optimization: -2068.3017578125
beta sum per layer: [75.51380920410156, 134.80780029296875, 1.1821162700653076]
alpha/beta optimization time: 0.1497483253479004
pruning_in_iteration open status: False
ratio of positive domain = 0 / 320 = 0.0
pruning-in-iteration extra time: 5.4836273193359375e-05
Time: pickout 0.0148    branching_decision 0.0001    decision 0.0001    set_bounds 0.0074    prepare 0.0075    transfer 0.0000    finalize 0.0161    func 0.1794    solve 0.1623    add 0.0032    bab_iteration 0.1774    
Accumulated time: bab_iteration 0.1774    pickout 0.0168    decision 0.0002    branching_decision 0.0002    set_bounds 0.0170    solve 0.1623    func 0.3417    prepare 0.0098    transfer 0.0001    finalize 0.0244    add 0.0032    
max lb -3.804201126098633 min lb -8.089371681213379
Number of Verified Splits: 0 of 320
Current worst splitting domains lb-rhs (depth):
-8.08937 (6), -8.08937 (6), -8.08937 (6), -8.08922 (6), -8.08922 (6), -8.08922 (6), -8.08922 (6), -8.08867 (6), -8.08862 (6), -8.08862 (6), -8.08862 (6), -8.08862 (6), -8.08862 (6), -8.08852 (6), -8.08852 (6), -8.08852 (6), -8.08852 (6), -8.08852 (6), -8.08848 (6), -8.08845 (6), 
Current (lb-rhs): -8.089371681213379
480 domains visited
Length of domains: 320
Cumulative time: 0.41403746604919434

BaB round 3
batch: 320
splitting decisions: 
split level 0: [/input-8, 6769] [/input-8, 5722] [/input, 538] [/input-8, 7509] [/input, 5911] [/input, 4574] [/input-8, 445] [/input-8, 12181] [/input-8, 10052] [/input-8, 6004] 
best_l after optimization: -4106.6494140625
beta sum per layer: [190.16102600097656, 446.72100830078125, 2.4190573692321777]
alpha/beta optimization time: 0.17106103897094727
pruning_in_iteration open status: False
ratio of positive domain = 0 / 640 = 0.0
pruning-in-iteration extra time: 5.173683166503906e-05
Time: pickout 0.0287    branching_decision 0.0002    decision 0.0002    set_bounds 0.0149    prepare 0.0142    transfer 0.0000    finalize 0.0344    func 0.2281    solve 0.1795    add 0.0055    bab_iteration 0.2075    
Accumulated time: bab_iteration 0.3848    pickout 0.0455    decision 0.0004    branching_decision 0.0004    set_bounds 0.0318    solve 0.3418    func 0.5698    prepare 0.0240    transfer 0.0001    finalize 0.0588    add 0.0087    
max lb -3.748762845993042 min lb -8.089371681213379
Number of Verified Splits: 0 of 640
Current worst splitting domains lb-rhs (depth):
-8.08937 (7), -8.08937 (7), -8.08937 (7), -8.08937 (7), -8.08924 (7), -8.08919 (7), -8.08919 (7), -8.08919 (7), -8.08913 (7), -8.08892 (7), -8.08889 (7), -8.08860 (7), -8.08860 (7), -8.08854 (7), -8.08854 (7), -8.08851 (7), -8.08850 (7), -8.08847 (7), -8.08847 (7), -8.08847 (7), 
Current (lb-rhs): -8.089371681213379
1120 domains visited
Length of domains: 640
Cumulative time: 0.6951756477355957

BaB round 4
batch: 640
splitting decisions: 
split level 0: [/input-8, 489] [/input-8, 4757] [/input-8, 8905] [/input-8, 10131] [/input, 5679] [/input, 4439] [/input-8, 10058] [/input-8, 5771] [/input-8, 7214] [/input-8, 2482] 
best_l after optimization: -8125.912109375
beta sum per layer: [474.0855712890625, 1378.33837890625, 9.04931354522705]
alpha/beta optimization time: 0.33594465255737305
pruning_in_iteration open status: False
ratio of positive domain = 0 / 1280 = 0.0
pruning-in-iteration extra time: 5.412101745605469e-05
Time: pickout 0.0559    branching_decision 0.0002    decision 0.0003    set_bounds 0.0310    prepare 0.0284    transfer 0.0000    finalize 0.0721    func 0.4507    solve 0.2282    add 0.0089    bab_iteration 0.2811    
Accumulated time: bab_iteration 0.6660    pickout 0.1013    decision 0.0007    branching_decision 0.0006    set_bounds 0.0629    solve 0.5699    func 1.0205    prepare 0.0524    transfer 0.0002    finalize 0.1310    add 0.0176    
max lb -1.9092106819152832 min lb -8.089208602905273
Number of Verified Splits: 0 of 1280
Current worst splitting domains lb-rhs (depth):
-8.08921 (8), -8.08919 (8), -8.08909 (8), -8.08907 (8), -8.08899 (8), -8.08892 (8), -8.08890 (8), -8.08890 (8), -8.08879 (8), -8.08879 (8), -8.08876 (8), -8.08860 (8), -8.08860 (8), -8.08859 (8), -8.08859 (8), -8.08848 (8), -8.08847 (8), -8.08847 (8), -8.08844 (8), -8.08844 (8), 
Current (lb-rhs): -8.089208602905273
2400 domains visited
Length of domains: 1280
Cumulative time: 1.2493791580200195

BaB round 5
batch: 1280
splitting decisions: 
split level 0: [/input, 4929] [/input, 3627] [/input-8, 573] [/input-8, 9765] [/input, 3384] [/input, 3196] [/input-8, 7095] [/input-8, 5801] [/input-8, 6471] [/input-8, 5702] 
best_l after optimization: -16040.21875
beta sum per layer: [1183.7093505859375, 3936.68896484375, 25.645217895507812]
alpha/beta optimization time: 0.7139225006103516
pruning_in_iteration open status: False
ratio of positive domain = 1 / 2560 = 0.0003906249999999778
pruning-in-iteration extra time: 5.507469177246094e-05
Time: pickout 0.1100    branching_decision 0.0005    decision 0.0006    set_bounds 0.0575    prepare 0.0568    transfer 0.0000    finalize 0.1367    func 0.9332    solve 0.4507    add 0.0160    bab_iteration 0.5542    
Accumulated time: bab_iteration 1.2202    pickout 0.2114    decision 0.0012    branching_decision 0.0011    set_bounds 0.1204    solve 1.0207    func 1.9536    prepare 0.1092    transfer 0.0002    finalize 0.2676    add 0.0336    
max lb 0.38649654388427734 min lb -8.089207649230957
Number of Verified Splits: 1 of 2560
Current worst splitting domains lb-rhs (depth):
-8.08921 (9), -8.08921 (9), -8.08918 (9), -8.08908 (9), -8.08898 (9), -8.08898 (9), -8.08892 (9), -8.08888 (9), -8.08888 (9), -8.08888 (9), -8.08876 (9), -8.08873 (9), -8.08873 (9), -8.08864 (9), -8.08860 (9), -8.08860 (9), -8.08860 (9), -8.08860 (9), -8.08859 (9), -8.08858 (9), 
Current (lb-rhs): -8.089207649230957
4960 domains visited
Length of domains: 2559
Cumulative time: 2.378704071044922

BaB round 6
batch: 2048
splitting decisions: 
split level 0: [/input-8, 8731] [/input-8, 9102] [/input-8, 9152] [/input-8, 8682] [/input-8, 9435] [/input-8, 12144] [/input, 461] [/input-8, 7039] [/input, 209] [/input, 5259] 
best_l after optimization: -25274.03515625
beta sum per layer: [2347.599853515625, 8794.32421875, 44.97704315185547]
alpha/beta optimization time: 1.1627860069274902
pruning_in_iteration open status: False
ratio of positive domain = 0 / 4096 = 0.0
pruning-in-iteration extra time: 5.4836273193359375e-05
Time: pickout 0.1786    branching_decision 0.0006    decision 0.0006    set_bounds 0.2249    prepare 0.0922    transfer 0.0001    finalize 0.2119    func 1.5047    solve 0.9332    add 0.0270    bab_iteration 1.1293    
Accumulated time: bab_iteration 2.3495    pickout 0.3899    decision 0.0019    branching_decision 0.0017    set_bounds 0.3453    solve 1.9539    func 3.4583    prepare 0.2014    transfer 0.0003    finalize 0.4795    add 0.0605    
max lb -0.34456849098205566 min lb -8.089198112487793
Number of Verified Splits: 0 of 4096
Current worst splitting domains lb-rhs (depth):
-8.08920 (10), -8.08920 (10), -8.08920 (10), -8.08917 (10), -8.08898 (10), -8.08898 (10), -8.08898 (10), -8.08892 (10), -8.08892 (10), -8.08888 (9), -8.08888 (10), -8.08888 (10), -8.08888 (10), -8.08876 (10), -8.08876 (10), -8.08873 (9), -8.08867 (10), -8.08864 (10), -8.08860 (10), -8.08860 (10), 
Current (lb-rhs): -8.089198112487793
9056 domains visited
Length of domains: 4607
current_vram/total_varm: 13.0GB/47.7GB, batch_size increase to 4096
Cumulative time: 4.338400363922119

BaB round 7
batch: 4096
splitting decisions: 
split level 0: [/input-8, 752] [/input-8, 5299] [/input-8, 4737] [/input-8, 9481] [/input-8, 7169] [/input-8, 4756] [/input-8, 4768] [/input-8, 12402] [/input-8, 7932] [/input-8, 9153] 
best_l after optimization: -49641.1015625
beta sum per layer: [5546.517578125, 22973.34375, 98.877197265625]
alpha/beta optimization time: 2.308955192565918
pruning_in_iteration open status: False
ratio of positive domain = 5 / 8192 = 0.0006103515625
pruning-in-iteration extra time: 7.700920104980469e-05
Time: pickout 0.3586    branching_decision 0.0011    decision 0.0012    set_bounds 0.3286    prepare 0.1854    transfer 0.0001    finalize 0.4512    func 3.0174    solve 1.5047    add 0.0493    bab_iteration 1.9597    
Accumulated time: bab_iteration 4.3092    pickout 0.7485    decision 0.0030    branching_decision 0.0029    set_bounds 0.6739    solve 3.4586    func 6.4757    prepare 0.3868    transfer 0.0003    finalize 0.9308    add 0.1098    
max lb 2.4864983558654785 min lb -8.089197158813477
Number of Verified Splits: 5 of 8192
Current worst splitting domains lb-rhs (depth):
-8.08920 (11), -8.08920 (11), -8.08917 (11), -8.08915 (11), -8.08915 (11), -8.08896 (11), -8.08896 (11), -8.08892 (11), -8.08892 (11), -8.08891 (11), -8.08888 (9), -8.08886 (11), -8.08881 (11), -8.08875 (11), -8.08873 (9), -8.08863 (11), -8.08860 (11), -8.08860 (11), -8.08860 (11), -8.08860 (11), 
Current (lb-rhs): -8.089197158813477
17248 domains visited
Length of domains: 8698
Cumulative time: 8.243245363235474

BaB round 8
batch: 4096
splitting decisions: 
split level 0: [/input-8, 5298] [/input-8, 1801] [/input, 2841] [/input-8, 3184] [/input-8, 6557] [/input, 6192] [/input, 5363] [/input, 260] [/input-8, 6655] [/input-8, 5389] 
best_l after optimization: -48618.96875
beta sum per layer: [6526.0185546875, 29478.109375, 97.04845428466797]
alpha/beta optimization time: 2.310731887817383
pruning_in_iteration open status: False
ratio of positive domain = 0 / 8192 = 0.0
pruning-in-iteration extra time: 7.796287536621094e-05
Time: pickout 0.3810    branching_decision 0.0011    decision 0.0011    set_bounds 0.3371    prepare 0.1971    transfer 0.0001    finalize 0.4708    func 3.0548    solve 3.0175    add 0.1864    bab_iteration 3.9048    
Accumulated time: bab_iteration 8.2140    pickout 1.1295    decision 0.0041    branching_decision 0.0040    set_bounds 1.0110    solve 6.4761    func 9.5305    prepare 0.5839    transfer 0.0004    finalize 1.4015    add 0.2962    
max lb -0.3706932067871094 min lb -8.089154243469238
Number of Verified Splits: 0 of 8192
Current worst splitting domains lb-rhs (depth):
-8.08920 (11), -8.08915 (12), -8.08915 (11), -8.08914 (12), -8.08911 (12), -8.08896 (11), -8.08895 (12), -8.08892 (11), -8.08892 (12), -8.08891 (12), -8.08888 (9), -8.08884 (12), -8.08880 (12), -8.08875 (12), -8.08873 (9), -8.08863 (11), -8.08860 (11), -8.08860 (12), -8.08860 (12), -8.08860 (12), 
Current (lb-rhs): -8.089197158813477
25440 domains visited
Length of domains: 12794
Cumulative time: 12.37025237083435

BaB round 9
batch: 4096
splitting decisions: 
split level 0: [/input, 4812] [/input, 4779] [/input-8, 6792] [/input-8, 6401] [/input, 1413] [/input, 281] [/input-8, 7001] [/input-8, 6714] [/input-8, 6054] [/input-8, 73] 
best_l after optimization: -47396.0078125
beta sum per layer: [7602.81201171875, 36913.7421875, 109.42961120605469]
alpha/beta optimization time: 2.3134682178497314
pruning_in_iteration open status: False
ratio of positive domain = 1 / 8192 = 0.0001220703125
pruning-in-iteration extra time: 6.318092346191406e-05
Time: pickout 0.5911    branching_decision 0.0010    decision 0.0011    set_bounds 0.1814    prepare 0.1965    transfer 0.0001    finalize 0.4724    func 3.0585    solve 3.0549    add 0.3400    bab_iteration 4.1270    
Accumulated time: bab_iteration 12.3410    pickout 1.7206    decision 0.0052    branching_decision 0.0050    set_bounds 1.1924    solve 9.5309    func 12.5890    prepare 0.7804    transfer 0.0004    finalize 1.8739    add 0.6363    
max lb 2.143080711364746 min lb -8.089111328125
Number of Verified Splits: 1 of 8192
Current worst splitting domains lb-rhs (depth):
-8.08920 (11), -8.08915 (12), -8.08915 (11), -8.08914 (12), -8.08911 (13), -8.08911 (13), -8.08896 (11), -8.08895 (12), -8.08892 (13), -8.08892 (11), -8.08891 (12), -8.08888 (9), -8.08883 (13), -8.08883 (13), -8.08878 (13), -8.08875 (12), -8.08873 (9), -8.08863 (11), -8.08860 (12), -8.08860 (13), 
Current (lb-rhs): -8.089197158813477
33632 domains visited
Length of domains: 16889
Cumulative time: 16.703436136245728

BaB round 10
batch: 4096
splitting decisions: 
split level 0: [/input-8, 7016] [/input-8, 6183] [/input-8, 11848] [/input-8, 3642] [/input-8, 3627] [/input-8, 572] [/input-8, 7381] [/input, 4181] [/input-8, 12503] [/input, 5868] 
best_l after optimization: -46062.25
beta sum per layer: [8775.5595703125, 45120.7421875, 121.42871856689453]
alpha/beta optimization time: 2.3123998641967773
pruning_in_iteration open status: False
ratio of positive domain = 7 / 8192 = 0.0008544921875
pruning-in-iteration extra time: 7.915496826171875e-05
Time: pickout 0.6018    branching_decision 0.0010    decision 0.0010    set_bounds 0.1811    prepare 0.1975    transfer 0.0001    finalize 0.4722    func 3.0578    solve 3.0585    add 0.4885    bab_iteration 4.3332    
Accumulated time: bab_iteration 16.6742    pickout 2.3223    decision 0.0062    branching_decision 0.0060    set_bounds 1.3736    solve 12.5894    func 15.6468    prepare 0.9779    transfer 0.0005    finalize 2.3461    add 1.1248    
max lb 0.22187185287475586 min lb -8.089111328125
Number of Verified Splits: 7 of 8192
Current worst splitting domains lb-rhs (depth):
-8.08920 (11), -8.08915 (12), -8.08915 (11), -8.08914 (12), -8.08911 (13), -8.08911 (14), -8.08911 (14), -8.08896 (11), -8.08895 (12), -8.08892 (11), -8.08892 (13), -8.08891 (12), -8.08888 (9), -8.08883 (13), -8.08883 (14), -8.08878 (14), -8.08875 (12), -8.08873 (9), -8.08865 (14), -8.08863 (11), 
Current (lb-rhs): -8.089197158813477
41824 domains visited
Length of domains: 20978
Cumulative time: 20.894667625427246

BaB round 11
batch: 4096
splitting decisions: 
split level 0: [/input-8, 6922] [/input-8, 7343] [/input, 3438] [/input-8, 12011] [/input-8, 9870] [/input, 327] [/input-8, 7648] [/input-8, 8128] [/input-8, 11640] [/input, 5327] 
best_l after optimization: -44608.875
beta sum per layer: [10028.314453125, 54076.4921875, 136.38543701171875]
alpha/beta optimization time: 2.3155312538146973
pruning_in_iteration open status: False
ratio of positive domain = 13 / 8192 = 0.0015869140625
pruning-in-iteration extra time: 5.91278076171875e-05
Time: pickout 0.3884    branching_decision 0.0010    decision 0.0011    set_bounds 0.3960    prepare 0.1986    transfer 0.0001    finalize 0.4751    func 3.0660    solve 3.0578    add 0.3368    bab_iteration 4.1912    
Accumulated time: bab_iteration 20.8654    pickout 2.7107    decision 0.0072    branching_decision 0.0070    set_bounds 1.7695    solve 15.6473    func 18.7128    prepare 1.1765    transfer 0.0006    finalize 2.8213    add 1.4616    
max lb 1.3761029243469238 min lb -8.089111328125
Number of Verified Splits: 13 of 8192
Current worst splitting domains lb-rhs (depth):
-8.08920 (11), -8.08915 (12), -8.08915 (11), -8.08914 (12), -8.08911 (14), -8.08911 (13), -8.08911 (15), -8.08896 (11), -8.08895 (12), -8.08892 (13), -8.08892 (11), -8.08891 (12), -8.08888 (9), -8.08883 (13), -8.08883 (15), -8.08883 (15), -8.08875 (12), -8.08873 (9), -8.08865 (14), -8.08863 (11), 
Current (lb-rhs): -8.089197158813477
50016 domains visited
Length of domains: 25061
Cumulative time: 25.09823441505432

BaB round 12
batch: 4096
splitting decisions: 
split level 0: [/input, 3164] [/input-8, 8254] [/input-8, 4798] [/input, 3862] [/input-8, 5661] [/input-8, 6634] [/input-8, 7406] [/input-8, 3627] [/input, 5912] [/input-8, 468] 
best_l after optimization: -43099.140625
beta sum per layer: [11435.5048828125, 63880.08984375, 145.12059020996094]
alpha/beta optimization time: 2.313547372817993
pruning_in_iteration open status: False
ratio of positive domain = 31 / 8192 = 0.0037841796875
pruning-in-iteration extra time: 6.031990051269531e-05
Time: pickout 0.3874    branching_decision 0.0010    decision 0.0010    set_bounds 0.1801    prepare 0.4364    transfer 0.0001    finalize 0.4703    func 3.2956    solve 3.0661    add 0.3394    bab_iteration 4.2036    
Accumulated time: bab_iteration 25.0690    pickout 3.0981    decision 0.0083    branching_decision 0.0080    set_bounds 1.9496    solve 18.7133    func 22.0084    prepare 1.6129    transfer 0.0006    finalize 3.2915    add 1.8010    
max lb 0.7037181854248047 min lb -8.088828086853027
Number of Verified Splits: 31 of 8192
Current worst splitting domains lb-rhs (depth):
-8.08920 (11), -8.08915 (12), -8.08915 (11), -8.08914 (12), -8.08911 (15), -8.08911 (13), -8.08911 (14), -8.08896 (11), -8.08895 (12), -8.08892 (13), -8.08892 (11), -8.08891 (12), -8.08888 (9), -8.08883 (13), -8.08883 (15), -8.08883 (16), -8.08875 (12), -8.08873 (9), -8.08865 (14), -8.08863 (11), 
Current (lb-rhs): -8.089197158813477
58208 domains visited
Length of domains: 29126
Cumulative time: 29.311191082000732

BaB round 13
batch: 4096
splitting decisions: 
split level 0: [/input, 3447] [/input, 5886] [/input-8, 9278] [/input-8, 9079] [/input-8, 7380] [/input-8, 7984] [/input-8, 5685] [/input, 3632] [/input-8, 9093] [/input-8, 8989] 
best_l after optimization: -41558.1953125
beta sum per layer: [12879.1826171875, 74174.859375, 148.90574645996094]
alpha/beta optimization time: 2.3135621547698975
pruning_in_iteration open status: False
ratio of positive domain = 50 / 8192 = 0.006103515625
pruning-in-iteration extra time: 5.7697296142578125e-05
Time: pickout 0.3821    branching_decision 0.0010    decision 0.0011    set_bounds 0.1808    prepare 0.1857    transfer 0.0001    finalize 0.4467    func 3.2813    solve 3.2957    add 0.3361    bab_iteration 4.2130    
Accumulated time: bab_iteration 29.2819    pickout 3.4803    decision 0.0093    branching_decision 0.0091    set_bounds 2.1305    solve 22.0090    func 25.2898    prepare 1.7986    transfer 0.0007    finalize 3.7383    add 2.1371    
max lb 1.8017282485961914 min lb -8.087099075317383
Number of Verified Splits: 50 of 8192
Current worst splitting domains lb-rhs (depth):
-8.08920 (11), -8.08915 (12), -8.08915 (11), -8.08914 (12), -8.08911 (14), -8.08911 (13), -8.08911 (15), -8.08896 (11), -8.08895 (12), -8.08892 (11), -8.08892 (13), -8.08891 (12), -8.08888 (9), -8.08883 (13), -8.08883 (16), -8.08883 (15), -8.08875 (12), -8.08873 (9), -8.08865 (14), -8.08863 (11), 
Current (lb-rhs): -8.089197158813477
66400 domains visited
Length of domains: 33172
Cumulative time: 33.36559009552002

BaB round 14
batch: 4096
splitting decisions: 
split level 0: [/input-8, 5066] [/input-8, 7094] [/input-8, 11234] [/input-8, 4066] [/input-8, 654] [/input-8, 7459] [/input-8, 9718] [/input-8, 11646] [/input-8, 148] [/input-8, 11940] 
best_l after optimization: -39986.91796875
beta sum per layer: [14357.01953125, 85049.921875, 152.5812225341797]
alpha/beta optimization time: 2.314288377761841
pruning_in_iteration open status: False
ratio of positive domain = 75 / 8192 = 0.0091552734375
pruning-in-iteration extra time: 5.984306335449219e-05
Time: pickout 0.3753    branching_decision 0.0011    decision 0.0011    set_bounds 0.1809    prepare 0.1854    transfer 0.0001    finalize 0.4476    func 3.0168    solve 3.2814    add 0.2044    bab_iteration 4.0544    
Accumulated time: bab_iteration 33.3363    pickout 3.8555    decision 0.0105    branching_decision 0.0101    set_bounds 2.3114    solve 25.2904    func 28.3065    prepare 1.9840    transfer 0.0007    finalize 4.1859    add 2.3415    
max lb 2.62101411819458 min lb -8.087071418762207
Number of Verified Splits: 75 of 8192
Current worst splitting domains lb-rhs (depth):
-8.08920 (11), -8.08915 (12), -8.08915 (11), -8.08914 (12), -8.08911 (13), -8.08911 (14), -8.08911 (15), -8.08896 (11), -8.08895 (12), -8.08892 (13), -8.08892 (11), -8.08891 (12), -8.08888 (9), -8.08883 (13), -8.08883 (15), -8.08883 (16), -8.08875 (12), -8.08873 (9), -8.08865 (14), -8.08863 (11), 
Current (lb-rhs): -8.089197158813477
74592 domains visited
Length of domains: 37193
Cumulative time: 37.024648904800415

BaB round 15
batch: 4096
splitting decisions: 
split level 0: [/input-8, 7181] [/input, 5902] [/input-8, 6165] [/input-8, 5872] [/input-8, 9944] [/input-8, 7491] [/input-8, 7638] [/input-8, 9789] [/input, 4408] [/input-8, 5270] 
best_l after optimization: -38440.71875
beta sum per layer: [16031.119140625, 96207.9765625, 156.06040954589844]
alpha/beta optimization time: 2.3156073093414307
pruning_in_iteration open status: False
ratio of positive domain = 108 / 8192 = 0.01318359375
pruning-in-iteration extra time: 5.698204040527344e-05
Time: pickout 0.3740    branching_decision 0.0010    decision 0.0010    set_bounds 0.4673    prepare 0.1869    transfer 0.0001    finalize 0.4483    func 3.0204    solve 3.0168    add 0.0799    bab_iteration 3.6591    
Accumulated time: bab_iteration 36.9954    pickout 4.2295    decision 0.0115    branching_decision 0.0111    set_bounds 2.7787    solve 28.3072    func 31.3269    prepare 2.1709    transfer 0.0008    finalize 4.6342    add 2.4214    
max lb 1.6336381435394287 min lb -8.086020469665527
Number of Verified Splits: 108 of 8192
Current worst splitting domains lb-rhs (depth):
-8.08920 (11), -8.08915 (12), -8.08915 (11), -8.08914 (12), -8.08911 (13), -8.08911 (14), -8.08911 (15), -8.08896 (11), -8.08895 (12), -8.08892 (11), -8.08892 (13), -8.08891 (12), -8.08888 (9), -8.08883 (13), -8.08883 (16), -8.08883 (15), -8.08875 (12), -8.08873 (9), -8.08865 (14), -8.08863 (11), 
Current (lb-rhs): -8.089197158813477
82784 domains visited
Length of domains: 41181
Cumulative time: 40.97364163398743

BaB round 16
batch: 4096
splitting decisions: 
split level 0: [/input-8, 12256] [/input-8, 12458] [/input, 5388] [/input, 5182] [/input-8, 621] [/input-8, 9664] [/input-8, 6229] [/input-8, 5146] [/input-8, 674] [/input-8, 4751] 
best_l after optimization: -36980.3203125
beta sum per layer: [17815.76953125, 107745.1953125, 156.2919158935547]
alpha/beta optimization time: 2.3153417110443115
pruning_in_iteration open status: False
ratio of positive domain = 161 / 8192 = 0.0196533203125
pruning-in-iteration extra time: 5.745887756347656e-05
Time: pickout 0.3781    branching_decision 0.0010    decision 0.0010    set_bounds 0.1818    prepare 0.1867    transfer 0.0001    finalize 0.7702    func 3.3417    solve 3.0204    add 0.0809    bab_iteration 3.9490    
Accumulated time: bab_iteration 40.9444    pickout 4.6076    decision 0.0125    branching_decision 0.0121    set_bounds 2.9605    solve 31.3276    func 34.6686    prepare 2.3576    transfer 0.0008    finalize 5.4043    add 2.5023    
max lb 1.780320644378662 min lb -8.083005905151367
Number of Verified Splits: 161 of 8192
Current worst splitting domains lb-rhs (depth):
-8.08920 (11), -8.08915 (12), -8.08915 (11), -8.08914 (12), -8.08911 (15), -8.08911 (13), -8.08911 (14), -8.08896 (11), -8.08895 (12), -8.08892 (13), -8.08892 (11), -8.08891 (12), -8.08888 (9), -8.08883 (13), -8.08883 (16), -8.08883 (15), -8.08875 (12), -8.08873 (9), -8.08865 (14), -8.08863 (11), 
Current (lb-rhs): -8.089197158813477
90976 domains visited
Length of domains: 45116
Cumulative time: 44.96177530288696

BaB round 17
batch: 4096
splitting decisions: 
split level 0: [/input-8, 8681] [/input-8, 8370] [/input-8, 11777] [/input-8, 9764] [/input-8, 6045] [/input, 3583] [/input-8, 8633] [/input-8, 6232] [/input, 127] [/input, 6217] 
best_l after optimization: -35698.16015625
beta sum per layer: [19612.224609375, 118399.1875, 167.18643188476562]
alpha/beta optimization time: 2.316235303878784
pruning_in_iteration open status: False
ratio of positive domain = 186 / 8192 = 0.022705078125
pruning-in-iteration extra time: 5.817413330078125e-05
Time: pickout 0.3758    branching_decision 0.0010    decision 0.0010    set_bounds 0.1811    prepare 0.1862    transfer 0.0001    finalize 0.4501    func 3.0220    solve 3.3417    add 0.0796    bab_iteration 3.9881    
Accumulated time: bab_iteration 44.9325    pickout 4.9834    decision 0.0135    branching_decision 0.0131    set_bounds 3.1416    solve 34.6693    func 37.6905    prepare 2.5438    transfer 0.0009    finalize 5.8544    add 2.5819    
max lb 2.166278839111328 min lb -8.083005905151367
Number of Verified Splits: 186 of 8192
Current worst splitting domains lb-rhs (depth):
-8.08920 (11), -8.08915 (12), -8.08915 (11), -8.08914 (12), -8.08911 (15), -8.08911 (14), -8.08911 (13), -8.08896 (11), -8.08895 (12), -8.08892 (11), -8.08892 (13), -8.08891 (12), -8.08888 (9), -8.08883 (13), -8.08883 (15), -8.08883 (16), -8.08875 (12), -8.08873 (9), -8.08865 (14), -8.08863 (11), 
Current (lb-rhs): -8.089197158813477
99168 domains visited
Length of domains: 49026
Cumulative time: 48.742239475250244

BaB round 18
batch: 4096
splitting decisions: 
split level 0: [/input-8, 9228] [/input-8, 9088] [/input-8, 8822] [/input-8, 9539] [/input-8, 12520] [/input, 5126] [/input-8, 6918] [/input-8, 6053] [/input-8, 4994] [/input-8, 10031] 
best_l after optimization: -34476.78125
beta sum per layer: [21455.576171875, 129361.078125, 169.18251037597656]
alpha/beta optimization time: 2.315614700317383
pruning_in_iteration open status: False
ratio of positive domain = 184 / 8192 = 0.0224609375
pruning-in-iteration extra time: 5.817413330078125e-05
Time: pickout 0.3970    branching_decision 0.0010    decision 0.0010    set_bounds 0.5370    prepare 0.1995    transfer 0.0001    finalize 0.4705    func 3.0608    solve 3.0220    add 0.1441    bab_iteration 3.7805    
Accumulated time: bab_iteration 48.7130    pickout 5.3804    decision 0.0145    branching_decision 0.0141    set_bounds 3.6786    solve 37.6913    func 40.7513    prepare 2.7433    transfer 0.0010    finalize 6.3249    add 2.7260    
max lb 1.0649199485778809 min lb -8.083005905151367
Number of Verified Splits: 184 of 8192
Current worst splitting domains lb-rhs (depth):
-8.08920 (11), -8.08915 (12), -8.08915 (11), -8.08914 (12), -8.08911 (15), -8.08911 (14), -8.08911 (13), -8.08896 (11), -8.08895 (12), -8.08892 (11), -8.08892 (13), -8.08891 (12), -8.08888 (9), -8.08883 (13), -8.08883 (16), -8.08883 (15), -8.08875 (12), -8.08873 (9), -8.08865 (14), -8.08863 (11), 
Current (lb-rhs): -8.089197158813477
107360 domains visited
Length of domains: 52938
Cumulative time: 53.17139172554016

BaB round 19
batch: 4096
splitting decisions: 
split level 0: [/input, 3254] [/input, 396] [/input, 5961] [/input-8, 3258] [/input-8, 11768] [/input-8, 9378] [/input-8, 9878] [/input-8, 273] [/input-8, 2418] [/input-8, 6461] 
best_l after optimization: -33058.04296875
beta sum per layer: [23576.294921875, 141326.65625, 176.7838134765625]
alpha/beta optimization time: 2.316767930984497
pruning_in_iteration open status: False
ratio of positive domain = 233 / 8192 = 0.0284423828125
pruning-in-iteration extra time: 5.91278076171875e-05
Time: pickout 0.3800    branching_decision 0.0010    decision 0.0010    set_bounds 0.1815    prepare 0.1872    transfer 0.0001    finalize 0.4469    func 3.0201    solve 3.0609    add 0.3768    bab_iteration 4.4291    
Accumulated time: bab_iteration 53.1421    pickout 5.7604    decision 0.0155    branching_decision 0.0151    set_bounds 3.8601    solve 40.7522    func 43.7714    prepare 2.9305    transfer 0.0010    finalize 6.7718    add 3.1028    
max lb 3.148448944091797 min lb -8.080713272094727
Number of Verified Splits: 233 of 8192
Current worst splitting domains lb-rhs (depth):
-8.08920 (11), -8.08915 (12), -8.08915 (11), -8.08914 (12), -8.08911 (13), -8.08911 (14), -8.08911 (15), -8.08896 (11), -8.08895 (12), -8.08892 (11), -8.08892 (13), -8.08891 (12), -8.08888 (9), -8.08883 (13), -8.08883 (15), -8.08883 (16), -8.08875 (12), -8.08873 (9), -8.08865 (14), -8.08863 (11), 
Current (lb-rhs): -8.089197158813477
115552 domains visited
Length of domains: 56801
Cumulative time: 56.8386070728302

BaB round 20
batch: 4096
splitting decisions: 
split level 0: [/input-8, 9575] [/input-8, 6802] [/input-8, 5033] [/input-8, 12091] [/input, 530] [/input-8, 12084] [/input-8, 7641] [/input-8, 7855] [/input-8, 6467] [/input-8, 3867] 
best_l after optimization: -31755.00390625
beta sum per layer: [25742.84375, 153715.78125, 174.42291259765625]
alpha/beta optimization time: 2.3171334266662598
pruning_in_iteration open status: False
ratio of positive domain = 279 / 8192 = 0.0340576171875
pruning-in-iteration extra time: 5.888938903808594e-05
Time: pickout 0.3827    branching_decision 0.0010    decision 0.0010    set_bounds 0.5789    prepare 0.1864    transfer 0.0001    finalize 0.4462    func 3.0189    solve 3.0202    add 0.0776    bab_iteration 3.6672    
Accumulated time: bab_iteration 56.8093    pickout 6.1432    decision 0.0165    branching_decision 0.0161    set_bounds 4.4390    solve 43.7724    func 46.7903    prepare 3.1169    transfer 0.0011    finalize 7.2180    add 3.1804    
max lb 2.2447757720947266 min lb -8.080713272094727
Number of Verified Splits: 279 of 8192
Current worst splitting domains lb-rhs (depth):
-8.08920 (11), -8.08915 (12), -8.08915 (11), -8.08914 (12), -8.08911 (15), -8.08911 (14), -8.08911 (13), -8.08896 (11), -8.08895 (12), -8.08892 (11), -8.08892 (13), -8.08891 (12), -8.08888 (9), -8.08883 (13), -8.08883 (15), -8.08883 (16), -8.08875 (12), -8.08873 (9), -8.08865 (14), -8.08863 (11), 
Current (lb-rhs): -8.089197158813477
123744 domains visited
Length of domains: 60618
Time out!!!!!!!!
Result: unknown in 62.8279 seconds

 %%%%%%%%%%%%%%%%%%%%%%%%%%%%%%%%%%% idx: 2, vnnlib ID: 2 %%%%%%%%%%%%%%%%%%%%%%%%%%%%%%%%%%%
Finished vnnlib processing in 0.001627 seconds
Model: BoundedModule(
  (/input-1): BoundInput(name=/input-1, inputs=[], perturbed=True)
  (/shape): BoundBuffers(name=/shape, inputs=[], perturbed=False)
  (/12): BoundParams(name=/12, inputs=[], perturbed=False)
  (/13): BoundParams(name=/13, inputs=[], perturbed=False)
  (/14): BoundParams(name=/14, inputs=[], perturbed=False)
  (/15): BoundParams(name=/15, inputs=[], perturbed=False)
  (/16): BoundParams(name=/16, inputs=[], perturbed=False)
  (/17): BoundParams(name=/17, inputs=[], perturbed=False)
  (/18): BoundParams(name=/18, inputs=[], perturbed=False)
  (/19): BoundParams(name=/19, inputs=[], perturbed=False)
  (/20): BoundParams(name=/20, inputs=[], perturbed=False)
  (/21): BoundParams(name=/21, inputs=[], perturbed=False)
  (/input): BoundConv(name=/input, inputs=[/input-1, /12, /13], perturbed=True)
  (/input-4): BoundRelu(name=/input-4, inputs=[/input], perturbed=True)
  (/24): BoundConv(name=/24, inputs=[/input-4, /14, /15], perturbed=True)
  (/25): BoundConv(name=/25, inputs=[/input-4, /16, /17], perturbed=True)
  (/26): BoundAdd(name=/26, inputs=[/24, /25], perturbed=True)
  (/input-8): BoundConcat(name=/input-8, inputs=[/input, /26], perturbed=True)
  (/tensor): BoundRelu(name=/tensor, inputs=[/input-8], perturbed=True)
  (/30): BoundSplit(name=/30, inputs=[/tensor], perturbed=True)
  (/31): BoundSplit(name=/31, inputs=[/shape], perturbed=False)
  (/32): BoundSplit(name=/32, inputs=[/shape], perturbed=False)
  (/33): BoundConstant(name=/33, value=tensor([0], device='cuda:0'))
  (/34): BoundSqueeze(name=/34, inputs=[/31, /33], perturbed=False)
  (/35): BoundConstant(name=/35, value=tensor([0], device='cuda:0'))
  (/36): BoundSqueeze(name=/36, inputs=[/32, /35], perturbed=False)
  (/37): BoundConstant(name=/37, value=tensor([0], device='cuda:0'))
  (/38): BoundUnsqueeze(name=/38, inputs=[/34, /37], perturbed=False)
  (/39): BoundConstant(name=/39, value=tensor([0], device='cuda:0'))
  (/40): BoundUnsqueeze(name=/40, inputs=[/36, /39], perturbed=False)
  (/41): BoundConcat(name=/41, inputs=[/38, /40], perturbed=False)
  (/42): BoundReshape(name=/42, inputs=[/30, /41], perturbed=True)
  (/input-12): BoundLinear(name=/input-12, inputs=[/42, /18, /19], perturbed=True)
  (/44): BoundRelu(name=/44, inputs=[/input-12], perturbed=True)
  (/45): BoundLinear(name=/45, inputs=[/44, /20, /21], perturbed=True)
)
Original output in the first batch: tensor([[-3.68088365,  3.60744739,  1.05477095, -0.52485347, -2.03709030,
         -0.26322243,  0.65022653, -0.62519056, -0.35050279, -2.84244919]],
       device='cuda:0')
Split layers:
Nonlinear functions:
   BoundRelu(name=/input-4, inputs=[/input], perturbed=True)
   BoundRelu(name=/tensor, inputs=[/input-8], perturbed=True)
   BoundRelu(name=/44, inputs=[/input-12], perturbed=True)
build batch [1/1]
layer /input-4 using sparse-features alpha with shape [2827]; unstable size 2827; total size 6272 ([1, 8, 28, 28])
layer /input-4 start_node /input-12 using sparse-spec alpha [2, 40, 1, 2827] with unstable size 39 total_size 64 output_shape torch.Size([64])
layer /input-4 start_node /45 using full alpha [2, 9, 1, 2827] with unstable size None total_size 9 output_shape 9
layer /tensor using sparse-features alpha with shape [7284]; unstable size 7284; total size 12544 ([1, 16, 28, 28])
layer /tensor start_node /input-12 using sparse-spec alpha [2, 40, 1, 7284] with unstable size 39 total_size 64 output_shape torch.Size([64])
layer /tensor start_node /45 using full alpha [2, 9, 1, 7284] with unstable size None total_size 9 output_shape 9
layer /44 using sparse-features alpha with shape [39]; unstable size 39; total size 64 ([1, 64])
layer /44 start_node /45 using full alpha [2, 9, 1, 39] with unstable size None total_size 9 output_shape 9
Optimizable variables initialized.
initial CROWN bounds (first 10 items): [-13.398503303527832, -14.898857116699219, -15.11635971069336, -10.80825424194336, -12.367339134216309, -14.747802734375, -15.129724502563477, -9.878491401672363, -12.226388931274414]
prune_after_crown optimization in use
  original spec size = torch.Size([1, 9])
  pruned spec size = torch.Size([1, 9])
Using alpha-CROWN to initialize bounds.
best_l after optimization: -112.95298767089844
alpha/beta optimization time: 1.2660713195800781
initial alpha-crown bounds (first 10 items): [-12.847003936767578, -14.479984283447266, -13.977017402648926, -10.274018287658691, -12.017431259155273, -13.942142486572266, -14.367975234985352, -9.397960662841797, -11.64945125579834]
Global lower bound: -14.479984283447266
0 / 9 OR specs are verified.
Verified OR indices (first 10 items): []
Verified OR lbs (first 10 items): []
Unverified OR indices (first 10 items): [0, 1, 2, 3, 4, 5, 6, 7, 8]
Unverified OR lbs (first 10 items): [[-12.847003936767578], [-14.479984283447266], [-13.977017402648926], [-10.274018287658691], [-12.017431259155273], [-13.942142486572266], [-14.367975234985352], [-9.397960662841797], [-11.64945125579834]]
###### Verifying property Instance 2 ######
Batch size: 9
First 10 spec matrices
C: tensor([[[-1.,  1.,  0.,  0.,  0.,  0.,  0.,  0.,  0.,  0.]],

        [[ 0.,  1., -1.,  0.,  0.,  0.,  0.,  0.,  0.,  0.]],

        [[ 0.,  1.,  0., -1.,  0.,  0.,  0.,  0.,  0.,  0.]],

        [[ 0.,  1.,  0.,  0., -1.,  0.,  0.,  0.,  0.,  0.]],

        [[ 0.,  1.,  0.,  0.,  0., -1.,  0.,  0.,  0.,  0.]],

        [[ 0.,  1.,  0.,  0.,  0.,  0., -1.,  0.,  0.,  0.]],

        [[ 0.,  1.,  0.,  0.,  0.,  0.,  0., -1.,  0.,  0.]],

        [[ 0.,  1.,  0.,  0.,  0.,  0.,  0.,  0., -1.,  0.]],

        [[ 0.,  1.,  0.,  0.,  0.,  0.,  0.,  0.,  0., -1.]]], device='cuda:0')
RHS: tensor([[0.],
        [0.],
        [0.],
        [0.],
        [0.],
        [0.],
        [0.],
        [0.],
        [0.]], device='cuda:0')
OR spec sizes: tensor([1, 1, 1, 1, 1, 1, 1, 1, 1], device='cuda:0', dtype=torch.int32)
Remaining timeout: 58.33702278137207
Model prediction is: tensor([-3.68088365,  3.60744739,  1.05477095, -0.52485347, -2.03709030,
        -0.26322243,  0.65022653, -0.62519056, -0.35050279, -2.84244919],
       device='cuda:0')
Activation BaB batch 1/1 
build_with_refined_bounds batch [1/1]
Optimizable variables initialized.
all alpha initialized
directly get lb and ub from refined bounds
c shape: torch.Size([9, 1, 10])
lA shapes: [torch.Size([9, 1, 8, 28, 28]), torch.Size([9, 1, 16, 28, 28]), torch.Size([9, 1, 64])]
(alpha-)CROWN with fixed intermediate bounds: tensor([[-12.84700394],
        [-14.47998428],
        [-13.97701740],
        [-10.27401829],
        [-12.01743126],
        [-13.94214249],
        [-14.36797523],
        [ -9.39796066],
        [-11.64945126]], device='cuda:0') tensor([[inf],
        [inf],
        [inf],
        [inf],
        [inf],
        [inf],
        [inf],
        [inf],
        [inf]], device='cuda:0')
Intermediate layers: /input,/input-8,/input-12
Keeping alphas for these layers: ['/45']
Node /input-4 input 0: size torch.Size([8, 28, 28]) unstable 2827
Node /tensor input 0: size torch.Size([16, 28, 28]) unstable 7284
Node /44 input 0: size torch.Size([64]) unstable 38
-----------------
# of unstable neurons: 10149
-----------------

BaB round 1
batch: 9
splitting decisions: 
split level 0: [/input-8, 6863] [/input-8, 10089] [/input-8, 6763] [/input-8, 7633] [/input, 5483] [/input, 3364] [/input-8, 6443] [/input-8, 31] [/input-8, 7105] 
split level 1: [/input, 5801] [/input-8, 659] [/input-8, 9968] [/input-8, 9442] [/input-8, 6201] [/input-8, 6392] [/input-8, 10128] [/input-8, 9464] [/input, 5050] 
split level 2: [/input, 5635] [/input-8, 127] [/input-8, 8278] [/input-8, 5382] [/input-8, 3826] [/input-8, 9692] [/input-8, 344] [/input-8, 5418] [/input-8, 5462] 
split level 3: [/input, 3770] [/input-8, 5168] [/input-8, 12345] [/input-8, 40] [/input-8, 11764] [/input, 5698] [/input-8, 8810] [/input-8, 3167] [/input-8, 8998] 
best_l after optimization: -1795.6927490234375
beta sum per layer: [11.88654613494873, 56.59077453613281, 0.0]
alpha/beta optimization time: 0.14742541313171387
pruning_in_iteration open status: False
ratio of positive domain = 0 / 144 = 0.0
pruning-in-iteration extra time: 5.340576171875e-05
Time: pickout 0.0036    branching_decision 0.0001    decision 0.0001    set_bounds 0.0062    prepare 0.0019    transfer 0.0000    finalize 0.0074    func 0.1618    
Accumulated time: bab_iteration 0.0000    pickout 0.0036    decision 0.0001    branching_decision 0.0001    set_bounds 0.0062    solve 0.0000    func 0.1618    prepare 0.0019    transfer 0.0000    finalize 0.0074    
max lb -9.397960662841797 min lb -14.476395606994629
Number of Verified Splits: 0 of 144
Current worst splitting domains lb-rhs (depth):
-14.47640 (4), -14.47640 (4), -14.47640 (4), -14.47640 (4), -14.47640 (4), -14.47640 (4), -14.47640 (4), -14.47640 (4), -14.44659 (4), -14.44659 (4), -14.44659 (4), -14.44659 (4), -14.44659 (4), -14.44659 (4), -14.44659 (4), -14.44659 (4), -14.36601 (4), -14.36601 (4), -14.33916 (4), -14.33916 (4), 
Current (lb-rhs): -14.476395606994629
144 domains visited
Length of domains: 144
Cumulative time: 0.20231962203979492

BaB round 2
batch: 144
splitting decisions: 
split level 0: [/input, 5835] [/input, 6174] [/input, 5629] [/input-8, 7738] [/input-8, 7096] [/input-8, 6275] [/input, 48] [/input-8, 7443] [/input, 3372] [/input-8, 8323] 
best_l after optimization: -3567.226806640625
beta sum per layer: [29.149097442626953, 204.52365112304688, 0.4615084230899811]
alpha/beta optimization time: 0.1493697166442871
pruning_in_iteration open status: False
ratio of positive domain = 0 / 288 = 0.0
pruning-in-iteration extra time: 5.0067901611328125e-05
Time: pickout 0.0128    branching_decision 0.0001    decision 0.0001    set_bounds 0.0067    prepare 0.0063    transfer 0.0000    finalize 0.0155    func 0.1767    solve 0.1619    add 0.0028    bab_iteration 0.1747    
Accumulated time: bab_iteration 0.1747    pickout 0.0164    decision 0.0002    branching_decision 0.0002    set_bounds 0.0129    solve 0.1619    func 0.3386    prepare 0.0082    transfer 0.0001    finalize 0.0229    add 0.0028    
max lb -8.447839736938477 min lb -14.476386070251465
Number of Verified Splits: 0 of 288
Current worst splitting domains lb-rhs (depth):
-14.47639 (5), -14.47639 (5), -14.47639 (5), -14.47639 (5), -14.47639 (5), -14.47639 (5), -14.47637 (5), -14.47601 (5), -14.47572 (5), -14.47569 (5), -14.47394 (5), -14.47384 (5), -14.44621 (5), -14.44616 (5), -14.44616 (5), -14.44616 (5), -14.44616 (5), -14.44616 (5), -14.44616 (5), -14.44616 (5), 
Current (lb-rhs): -14.476386070251465
432 domains visited
Length of domains: 288
Cumulative time: 0.40358471870422363

BaB round 3
batch: 288
splitting decisions: 
split level 0: [/input-8, 5844] [/input-8, 6709] [/input-8, 5364] [/input-8, 8444] [/input-8, 8388] [/input-8, 7103] [/input-8, 8652] [/input, 5214] [/input-8, 3311] [/input-8, 5312] 
best_l after optimization: -7080.57568359375
beta sum per layer: [87.3670654296875, 651.5582885742188, 1.5288844108581543]
alpha/beta optimization time: 0.20160961151123047
pruning_in_iteration open status: False
ratio of positive domain = 0 / 576 = 0.0
pruning-in-iteration extra time: 5.221366882324219e-05
Time: pickout 0.0252    branching_decision 0.0002    decision 0.0002    set_bounds 0.0145    prepare 0.0121    transfer 0.0000    finalize 0.0261    func 0.2486    solve 0.1768    add 0.0046    bab_iteration 0.2013    
Accumulated time: bab_iteration 0.3760    pickout 0.0416    decision 0.0004    branching_decision 0.0003    set_bounds 0.0274    solve 0.3387    func 0.5871    prepare 0.0203    transfer 0.0001    finalize 0.0489    add 0.0074    
max lb -8.334754943847656 min lb -14.476384162902832
Number of Verified Splits: 0 of 576
Current worst splitting domains lb-rhs (depth):
-14.47638 (6), -14.47638 (6), -14.47638 (6), -14.47638 (6), -14.47638 (6), -14.47638 (6), -14.47635 (6), -14.47618 (6), -14.47601 (6), -14.47601 (6), -14.47567 (6), -14.47567 (6), -14.47566 (6), -14.47566 (6), -14.47393 (6), -14.47393 (6), -14.47325 (6), -14.47296 (6), -14.46361 (6), -14.44579 (6), 
Current (lb-rhs): -14.476384162902832
1008 domains visited
Length of domains: 576
Cumulative time: 0.7012078762054443

BaB round 4
batch: 576
splitting decisions: 
split level 0: [/input, 432] [/input-8, 5119] [/input-8, 12401] [/input-8, 5432] [/input-8, 6514] [/input-8, 9621] [/input, 1385] [/input, 5698] [/input-8, 12184] [/input-8, 9844] 
best_l after optimization: -14030.3056640625
beta sum per layer: [253.6696014404297, 1877.5416259765625, 4.659972190856934]
alpha/beta optimization time: 0.30820488929748535
pruning_in_iteration open status: False
ratio of positive domain = 0 / 1152 = 0.0
pruning-in-iteration extra time: 5.221366882324219e-05
Time: pickout 0.0487    branching_decision 0.0003    decision 0.0003    set_bounds 0.0248    prepare 0.0242    transfer 0.0000    finalize 0.0651    func 0.4106    solve 0.2486    add 0.0089    bab_iteration 0.2976    
Accumulated time: bab_iteration 0.6736    pickout 0.0903    decision 0.0007    branching_decision 0.0006    set_bounds 0.0523    solve 0.5872    func 0.9977    prepare 0.0445    transfer 0.0002    finalize 0.1140    add 0.0163    
max lb -5.517370223999023 min lb -14.47640323638916
Number of Verified Splits: 0 of 1152
Current worst splitting domains lb-rhs (depth):
-14.47638 (7), -14.47638 (7), -14.47638 (7), -14.47638 (7), -14.47638 (7), -14.47638 (7), -14.47638 (7), -14.47638 (7), -14.47635 (7), -14.47593 (7), -14.47584 (7), -14.47581 (7), -14.47566 (7), -14.47566 (7), -14.47565 (7), -14.47565 (7), -14.47552 (7), -14.47533 (7), -14.47528 (7), -14.47443 (7), 
Current (lb-rhs): -14.476384162902832
2160 domains visited
Length of domains: 1152
Cumulative time: 1.202653408050537

BaB round 5
batch: 1152
splitting decisions: 
split level 0: [/input-8, 178] [/input-8, 7475] [/input-8, 9217] [/input, 6225] [/input-8, 6300] [/input, 3359] [/input-8, 6819] [/input-8, 3730] [/input-8, 11772] [/input-8, 6660] 
best_l after optimization: -27783.009765625
beta sum per layer: [675.8994750976562, 5102.39990234375, 12.475618362426758]
alpha/beta optimization time: 0.6553642749786377
pruning_in_iteration open status: False
ratio of positive domain = 0 / 2304 = 0.0
pruning-in-iteration extra time: 5.435943603515625e-05
Time: pickout 0.0956    branching_decision 0.0005    decision 0.0006    set_bounds 0.0494    prepare 0.0493    transfer 0.0000    finalize 0.1220    func 0.8496    solve 0.4106    add 0.0164    bab_iteration 0.5014    
Accumulated time: bab_iteration 1.1751    pickout 0.1859    decision 0.0012    branching_decision 0.0011    set_bounds 0.1017    solve 0.9978    func 1.8473    prepare 0.0938    transfer 0.0002    finalize 0.2360    add 0.0327    
max lb -4.614637851715088 min lb -14.476398468017578
Number of Verified Splits: 0 of 2304
Current worst splitting domains lb-rhs (depth):
-14.47638 (8), -14.47638 (8), -14.47638 (8), -14.47638 (8), -14.47638 (8), -14.47638 (8), -14.47638 (8), -14.47638 (8), -14.47635 (8), -14.47635 (8), -14.47624 (8), -14.47619 (8), -14.47593 (8), -14.47593 (8), -14.47575 (8), -14.47566 (8), -14.47562 (8), -14.47513 (8), -14.47501 (8), -14.47466 (8), 
Current (lb-rhs): -14.476384162902832
4464 domains visited
Length of domains: 2304
Cumulative time: 2.227020025253296

BaB round 6
batch: 2048
splitting decisions: 
split level 0: [/input, 5749] [/input-8, 8435] [/input, 35] [/input-8, 5232] [/input-8, 11912] [/input-8, 9043] [/input, 5540] [/input, 5791] [/input-8, 8858] [/input, 262] 
best_l after optimization: -48824.671875
beta sum per layer: [1551.491943359375, 11859.4716796875, 28.887828826904297]
alpha/beta optimization time: 1.1911604404449463
pruning_in_iteration open status: False
ratio of positive domain = 0 / 4096 = 0.0
pruning-in-iteration extra time: 5.626678466796875e-05
Time: pickout 0.1719    branching_decision 0.0007    decision 0.0007    set_bounds 0.0887    prepare 0.0897    transfer 0.0000    finalize 0.3692    func 1.6887    solve 0.8496    add 0.0282    bab_iteration 1.0244    
Accumulated time: bab_iteration 2.1994    pickout 0.3578    decision 0.0020    branching_decision 0.0018    set_bounds 0.1903    solve 1.8475    func 3.5360    prepare 0.1836    transfer 0.0003    finalize 0.6052    add 0.0608    
max lb -4.177164554595947 min lb -14.476397514343262
Number of Verified Splits: 0 of 4096
Current worst splitting domains lb-rhs (depth):
-14.47638 (9), -14.47638 (9), -14.47637 (9), -14.47637 (9), -14.47637 (9), -14.47637 (9), -14.47635 (9), -14.47635 (9), -14.47627 (9), -14.47619 (9), -14.47593 (9), -14.47593 (9), -14.47593 (9), -14.47575 (9), -14.47575 (9), -14.47568 (9), -14.47566 (8), -14.47561 (9), -14.47561 (9), -14.47513 (8), 
Current (lb-rhs): -14.476384162902832
8560 domains visited
Length of domains: 4352
current_vram/total_varm: 12.7GB/47.7GB, batch_size increase to 4096
Cumulative time: 4.229013204574585

BaB round 7
batch: 4096
splitting decisions: 
split level 0: [/input, 155] [/input, 3332] [/input-8, 4047] [/input, 221] [/input, 611] [/input-8, 11925] [/input-8, 7140] [/input-8, 7906] [/input-8, 3808] [/input, 5523] 
best_l after optimization: -96470.625
beta sum per layer: [3711.2509765625, 29737.34375, 69.38389587402344]
alpha/beta optimization time: 2.361398696899414
pruning_in_iteration open status: False
ratio of positive domain = 0 / 8192 = 0.0
pruning-in-iteration extra time: 7.939338684082031e-05
Time: pickout 0.3486    branching_decision 0.0011    decision 0.0012    set_bounds 0.1806    prepare 0.1822    transfer 0.0001    finalize 0.6064    func 3.2217    solve 1.6887    add 0.0495    bab_iteration 2.0020    
Accumulated time: bab_iteration 4.2014    pickout 0.7065    decision 0.0031    branching_decision 0.0029    set_bounds 0.3710    solve 3.5362    func 6.7577    prepare 0.3658    transfer 0.0003    finalize 1.2116    add 0.1103    
max lb -3.7524666786193848 min lb -14.476414680480957
Number of Verified Splits: 0 of 8192
Current worst splitting domains lb-rhs (depth):
-14.47638 (10), -14.47637 (10), -14.47637 (10), -14.47637 (10), -14.47637 (10), -14.47637 (10), -14.47635 (10), -14.47633 (10), -14.47627 (10), -14.47626 (10), -14.47593 (10), -14.47593 (10), -14.47593 (10), -14.47593 (10), -14.47583 (10), -14.47575 (10), -14.47575 (10), -14.47575 (10), -14.47568 (10), -14.47566 (8), 
Current (lb-rhs): -14.476384162902832
16752 domains visited
Length of domains: 8448
Cumulative time: 8.072875022888184

BaB round 8
batch: 4096
splitting decisions: 
split level 0: [/input, 5667] [/input-8, 4720] [/input-8, 6163] [/input-8, 3199] [/input-8, 5980] [/input, 439] [/input-8, 7209] [/input-8, 7623] [/input, 5084] [/input-8, 12255] 
best_l after optimization: -95116.859375
beta sum per layer: [4466.16943359375, 36819.0625, 85.49057006835938]
alpha/beta optimization time: 2.3628358840942383
pruning_in_iteration open status: False
ratio of positive domain = 0 / 8192 = 0.0
pruning-in-iteration extra time: 5.698204040527344e-05
Time: pickout 0.3500    branching_decision 0.0012    decision 0.0012    set_bounds 0.3383    prepare 0.1847    transfer 0.0001    finalize 0.4678    func 3.0860    solve 3.2218    add 0.0885    bab_iteration 3.8439    
Accumulated time: bab_iteration 8.0453    pickout 1.0565    decision 0.0043    branching_decision 0.0041    set_bounds 0.7093    solve 6.7580    func 9.8437    prepare 0.5506    transfer 0.0004    finalize 1.6794    add 0.1988    
max lb -3.300168514251709 min lb -14.476374626159668
Number of Verified Splits: 0 of 8192
Current worst splitting domains lb-rhs (depth):
-14.47638 (10), -14.47637 (10), -14.47637 (10), -14.47637 (10), -14.47637 (11), -14.47635 (10), -14.47633 (11), -14.47633 (11), -14.47626 (10), -14.47593 (10), -14.47593 (10), -14.47575 (11), -14.47575 (10), -14.47574 (11), -14.47568 (10), -14.47566 (8), -14.47558 (10), -14.47558 (10), -14.47542 (11), -14.47537 (11), 
Current (lb-rhs): -14.476384162902832
24944 domains visited
Length of domains: 12544
Cumulative time: 11.93369197845459

BaB round 9
batch: 4096
splitting decisions: 
split level 0: [/input-8, 8805] [/input, 62] [/input-8, 5882] [/input-8, 7957] [/input-8, 9927] [/input, 5375] [/input, 3357] [/input-8, 685] [/input, 396] [/input-8, 5076] 
best_l after optimization: -93614.546875
beta sum per layer: [5314.640625, 44692.4609375, 105.19670104980469]
alpha/beta optimization time: 2.3643016815185547
pruning_in_iteration open status: False
ratio of positive domain = 0 / 8192 = 0.0
pruning-in-iteration extra time: 5.7697296142578125e-05
Time: pickout 0.3551    branching_decision 0.0010    decision 0.0011    set_bounds 0.3557    prepare 0.1846    transfer 0.0001    finalize 0.4715    func 3.0909    solve 3.0860    add 0.0815    bab_iteration 3.8608    
Accumulated time: bab_iteration 11.9061    pickout 1.4117    decision 0.0054    branching_decision 0.0051    set_bounds 1.0649    solve 9.8440    func 12.9346    prepare 0.7351    transfer 0.0004    finalize 2.1509    add 0.2803    
max lb -2.7380166053771973 min lb -14.476327896118164
Number of Verified Splits: 0 of 8192
Current worst splitting domains lb-rhs (depth):
-14.47638 (10), -14.47637 (10), -14.47637 (10), -14.47637 (10), -14.47635 (10), -14.47633 (11), -14.47633 (12), -14.47626 (10), -14.47613 (12), -14.47593 (10), -14.47593 (10), -14.47575 (11), -14.47575 (10), -14.47568 (10), -14.47566 (8), -14.47558 (10), -14.47558 (10), -14.47542 (11), -14.47528 (11), -14.47527 (11), 
Current (lb-rhs): -14.476384162902832
33136 domains visited
Length of domains: 16640
Cumulative time: 16.159799814224243

BaB round 10
batch: 4096
splitting decisions: 
split level 0: [/input, 245] [/input, 5736] [/input-8, 736] [/input, 3359] [/input, 6096] [/input-8, 286] [/input-8, 3285] [/input-8, 3731] [/input, 498] [/input-8, 8523] 
best_l after optimization: -91996.703125
beta sum per layer: [6164.697265625, 53251.3671875, 129.09027099609375]
alpha/beta optimization time: 2.3645176887512207
pruning_in_iteration open status: False
ratio of positive domain = 0 / 8192 = 0.0
pruning-in-iteration extra time: 5.7697296142578125e-05
Time: pickout 0.3726    branching_decision 0.0011    decision 0.0011    set_bounds 0.3775    prepare 0.1856    transfer 0.0001    finalize 0.4740    func 3.0948    solve 3.0910    add 0.4100    bab_iteration 4.2261    
Accumulated time: bab_iteration 16.1322    pickout 1.7842    decision 0.0065    branching_decision 0.0063    set_bounds 1.4424    solve 12.9350    func 16.0294    prepare 0.9207    transfer 0.0005    finalize 2.6249    add 0.6903    
max lb -2.1770920753479004 min lb -14.474634170532227
Number of Verified Splits: 0 of 8192
Current worst splitting domains lb-rhs (depth):
-14.47638 (10), -14.47637 (10), -14.47637 (10), -14.47637 (10), -14.47635 (10), -14.47633 (11), -14.47633 (12), -14.47626 (10), -14.47613 (12), -14.47593 (10), -14.47593 (10), -14.47575 (11), -14.47575 (10), -14.47568 (10), -14.47566 (8), -14.47558 (10), -14.47558 (10), -14.47542 (11), -14.47528 (11), -14.47527 (11), 
Current (lb-rhs): -14.476384162902832
41328 domains visited
Length of domains: 20736
Cumulative time: 20.092977285385132

BaB round 11
batch: 4096
splitting decisions: 
split level 0: [/input-8, 9221] [/input-8, 9301] [/input-8, 10137] [/input-8, 11819] [/input, 202] [/input, 5771] [/input-8, 8859] [/input-8, 12445] [/input-8, 581] [/input-8, 5384] 
best_l after optimization: -90268.03125
beta sum per layer: [7079.5009765625, 62506.78125, 150.8043975830078]
alpha/beta optimization time: 2.3663101196289062
pruning_in_iteration open status: False
ratio of positive domain = 0 / 8192 = 0.0
pruning-in-iteration extra time: 6.508827209472656e-05
Time: pickout 0.3610    branching_decision 0.0011    decision 0.0012    set_bounds 0.1814    prepare 0.1844    transfer 0.0001    finalize 0.7578    func 3.3790    solve 3.0948    add 0.0830    bab_iteration 3.9332    
Accumulated time: bab_iteration 20.0654    pickout 2.1452    decision 0.0077    branching_decision 0.0074    set_bounds 1.6238    solve 16.0298    func 19.4084    prepare 1.1051    transfer 0.0005    finalize 3.3827    add 0.7734    
max lb -1.6646075248718262 min lb -14.47406005859375
Number of Verified Splits: 0 of 8192
Current worst splitting domains lb-rhs (depth):
-14.47638 (10), -14.47637 (10), -14.47637 (10), -14.47637 (10), -14.47635 (10), -14.47633 (11), -14.47633 (12), -14.47626 (10), -14.47613 (12), -14.47593 (10), -14.47593 (10), -14.47575 (10), -14.47575 (11), -14.47568 (10), -14.47566 (8), -14.47558 (10), -14.47558 (10), -14.47542 (11), -14.47528 (11), -14.47527 (11), 
Current (lb-rhs): -14.476384162902832
49520 domains visited
Length of domains: 24832
Cumulative time: 24.367714881896973

BaB round 12
batch: 4096
splitting decisions: 
split level 0: [/input-8, 8842] [/input, 6230] [/input, 5835] [/input-8, 11966] [/input-8, 4769] [/input-8, 3301] [/input-8, 12090] [/input, 5031] [/input-8, 9467] [/input, 5206] 
best_l after optimization: -88397.2734375
beta sum per layer: [8122.705078125, 72508.796875, 174.59913635253906]
alpha/beta optimization time: 2.365842580795288
pruning_in_iteration open status: False
ratio of positive domain = 0 / 8192 = 0.0
pruning-in-iteration extra time: 5.7220458984375e-05
Time: pickout 0.3812    branching_decision 0.0010    decision 0.0011    set_bounds 0.1799    prepare 0.1968    transfer 0.0001    finalize 0.4929    func 3.3869    solve 3.3791    add 0.3386    bab_iteration 4.2747    
Accumulated time: bab_iteration 24.3401    pickout 2.5264    decision 0.0087    branching_decision 0.0084    set_bounds 1.8037    solve 19.4089    func 22.7953    prepare 1.3019    transfer 0.0006    finalize 3.8755    add 1.1119    
max lb -0.6841630935668945 min lb -14.47319221496582
Number of Verified Splits: 0 of 8192
Current worst splitting domains lb-rhs (depth):
-14.47638 (10), -14.47637 (10), -14.47637 (10), -14.47637 (10), -14.47635 (10), -14.47633 (11), -14.47633 (12), -14.47626 (10), -14.47613 (12), -14.47593 (10), -14.47593 (10), -14.47575 (10), -14.47575 (11), -14.47568 (10), -14.47566 (8), -14.47558 (10), -14.47558 (10), -14.47542 (11), -14.47528 (11), -14.47527 (11), 
Current (lb-rhs): -14.476384162902832
57712 domains visited
Length of domains: 28928
Cumulative time: 28.673720121383667

BaB round 13
batch: 4096
splitting decisions: 
split level 0: [/input-8, 7407] [/input-8, 7086] [/input, 3512] [/input-8, 7958] [/input-8, 396] [/input-8, 6405] [/input-8, 5231] [/input, 4925] [/input-8, 10849] [/input-8, 5538] 
best_l after optimization: -86394.5078125
beta sum per layer: [9256.806640625, 83299.4140625, 196.9340057373047]
alpha/beta optimization time: 2.3657689094543457
pruning_in_iteration open status: False
ratio of positive domain = 2 / 8192 = 0.000244140625
pruning-in-iteration extra time: 7.891654968261719e-05
Time: pickout 0.3848    branching_decision 0.0010    decision 0.0010    set_bounds 0.1810    prepare 0.1975    transfer 0.0001    finalize 0.4951    func 3.1344    solve 3.3870    add 0.3435    bab_iteration 4.3060    
Accumulated time: bab_iteration 28.6461    pickout 2.9113    decision 0.0097    branching_decision 0.0094    set_bounds 1.9848    solve 22.7959    func 25.9297    prepare 1.4995    transfer 0.0007    finalize 4.3706    add 1.4554    
max lb 0.26107025146484375 min lb -14.472616195678711
Number of Verified Splits: 2 of 8192
Current worst splitting domains lb-rhs (depth):
-14.47638 (10), -14.47637 (10), -14.47637 (10), -14.47637 (10), -14.47635 (10), -14.47633 (11), -14.47633 (12), -14.47626 (10), -14.47613 (12), -14.47593 (10), -14.47593 (10), -14.47575 (10), -14.47575 (11), -14.47568 (10), -14.47566 (8), -14.47558 (10), -14.47558 (10), -14.47542 (11), -14.47528 (11), -14.47527 (11), 
Current (lb-rhs): -14.476384162902832
65904 domains visited
Length of domains: 33022
Cumulative time: 32.99747133255005

BaB round 14
batch: 4096
splitting decisions: 
split level 0: [/input-8, 8629] [/input-8, 8572] [/input-8, 5262] [/input-8, 3371] [/input-8, 9695] [/input-8, 8958] [/input-8, 9606] [/input, 4946] [/input, 5076] [/input-8, 4755] 
best_l after optimization: -84304.2109375
beta sum per layer: [10480.109375, 94787.109375, 216.1990966796875]
alpha/beta optimization time: 2.366544723510742
pruning_in_iteration open status: False
ratio of positive domain = 0 / 8192 = 0.0
pruning-in-iteration extra time: 5.698204040527344e-05
Time: pickout 0.6548    branching_decision 0.0011    decision 0.0011    set_bounds 0.1819    prepare 0.1866    transfer 0.0001    finalize 0.4766    func 3.1002    solve 3.1344    add 0.6019    bab_iteration 4.3237    
Accumulated time: bab_iteration 32.9698    pickout 3.5660    decision 0.0109    branching_decision 0.0105    set_bounds 2.1667    solve 25.9303    func 29.0299    prepare 1.6861    transfer 0.0007    finalize 4.8473    add 2.0573    
max lb -0.059931278228759766 min lb -14.467328071594238
Number of Verified Splits: 0 of 8192
Current worst splitting domains lb-rhs (depth):
-14.47638 (10), -14.47637 (10), -14.47637 (10), -14.47637 (10), -14.47635 (10), -14.47633 (11), -14.47633 (12), -14.47626 (10), -14.47613 (12), -14.47593 (10), -14.47593 (10), -14.47575 (10), -14.47575 (11), -14.47568 (10), -14.47566 (8), -14.47558 (10), -14.47558 (10), -14.47542 (11), -14.47528 (11), -14.47527 (11), 
Current (lb-rhs): -14.476384162902832
74096 domains visited
Length of domains: 37118
Cumulative time: 37.02984642982483

BaB round 15
batch: 4096
splitting decisions: 
split level 0: [/input, 5415] [/input-8, 8745] [/input-8, 11946] [/input-8, 5442] [/input-8, 8810] [/input-8, 6717] [/input, 42] [/input, 5926] [/input-8, 5912] [/input-8, 248] 
best_l after optimization: -82117.203125
beta sum per layer: [11765.376953125, 107052.5625, 234.54046630859375]
alpha/beta optimization time: 2.3665478229522705
pruning_in_iteration open status: False
ratio of positive domain = 6 / 8192 = 0.000732421875
pruning-in-iteration extra time: 5.984306335449219e-05
Time: pickout 0.3743    branching_decision 0.0010    decision 0.0010    set_bounds 0.1812    prepare 0.1877    transfer 0.0001    finalize 0.7806    func 3.4048    solve 3.1002    add 0.0885    bab_iteration 4.0324    
Accumulated time: bab_iteration 37.0022    pickout 3.9403    decision 0.0119    branching_decision 0.0116    set_bounds 2.3479    solve 29.0305    func 32.4347    prepare 1.8738    transfer 0.0008    finalize 5.6279    add 2.1458    
max lb 0.2765026092529297 min lb -14.463425636291504
Number of Verified Splits: 6 of 8192
Current worst splitting domains lb-rhs (depth):
-14.47638 (10), -14.47637 (10), -14.47637 (10), -14.47637 (10), -14.47635 (10), -14.47633 (11), -14.47633 (12), -14.47626 (10), -14.47613 (12), -14.47593 (10), -14.47593 (10), -14.47575 (11), -14.47575 (10), -14.47568 (10), -14.47566 (8), -14.47558 (10), -14.47558 (10), -14.47542 (11), -14.47528 (11), -14.47527 (11), 
Current (lb-rhs): -14.476384162902832
82288 domains visited
Length of domains: 41208
Cumulative time: 41.084941148757935

BaB round 16
batch: 4096
splitting decisions: 
split level 0: [/input-8, 9482] [/input, 3524] [/input, 6055] [/input, 745] [/input-8, 9836] [/input-8, 9112] [/input-8, 4868] [/input, 273] [/input-8, 582] [/input-8, 5175] 
best_l after optimization: -79880.75
beta sum per layer: [13142.90625, 119909.703125, 244.56048583984375]
alpha/beta optimization time: 2.367133378982544
pruning_in_iteration open status: False
ratio of positive domain = 1 / 8192 = 0.0001220703125
pruning-in-iteration extra time: 5.793571472167969e-05
Time: pickout 0.3744    branching_decision 0.0010    decision 0.0011    set_bounds 0.1814    prepare 0.1867    transfer 0.0001    finalize 0.4751    func 3.0989    solve 3.4049    add 0.0880    bab_iteration 4.0551    
Accumulated time: bab_iteration 41.0573    pickout 4.3148    decision 0.0129    branching_decision 0.0126    set_bounds 2.5293    solve 32.4354    func 35.5336    prepare 2.0605    transfer 0.0008    finalize 6.1030    add 2.2337    
max lb 0.038289546966552734 min lb -14.460145950317383
Number of Verified Splits: 1 of 8192
Current worst splitting domains lb-rhs (depth):
-14.47638 (10), -14.47637 (10), -14.47637 (10), -14.47637 (10), -14.47635 (10), -14.47633 (11), -14.47633 (12), -14.47626 (10), -14.47613 (12), -14.47593 (10), -14.47593 (10), -14.47575 (11), -14.47575 (10), -14.47568 (10), -14.47566 (8), -14.47558 (10), -14.47558 (10), -14.47542 (11), -14.47528 (11), -14.47527 (11), 
Current (lb-rhs): -14.476384162902832
90480 domains visited
Length of domains: 45303
Cumulative time: 44.83528661727905

BaB round 17
batch: 4096
splitting decisions: 
split level 0: [/input-8, 4840] [/input-8, 5328] [/input-8, 3205] [/input-8, 5607] [/input, 3197] [/input-8, 9145] [/input-8, 10379] [/input-8, 8216] [/input, 3674] [/input, 455] 
best_l after optimization: -77485.1875
beta sum per layer: [14656.666015625, 133637.3125, 257.9011535644531]
alpha/beta optimization time: 2.3670883178710938
pruning_in_iteration open status: False
ratio of positive domain = 13 / 8192 = 0.0015869140625
pruning-in-iteration extra time: 7.724761962890625e-05
Time: pickout 0.7059    branching_decision 0.0010    decision 0.0010    set_bounds 0.1803    prepare 0.1862    transfer 0.0001    finalize 0.4759    func 3.0992    solve 3.0990    add 0.0882    bab_iteration 3.7503    
Accumulated time: bab_iteration 44.8076    pickout 5.0207    decision 0.0140    branching_decision 0.0136    set_bounds 2.7096    solve 35.5344    func 38.6328    prepare 2.2467    transfer 0.0009    finalize 6.5790    add 2.3220    
max lb 0.4052276611328125 min lb -14.460145950317383
Number of Verified Splits: 13 of 8192
Current worst splitting domains lb-rhs (depth):
-14.47638 (10), -14.47637 (10), -14.47637 (10), -14.47637 (10), -14.47635 (10), -14.47633 (11), -14.47633 (12), -14.47626 (10), -14.47613 (12), -14.47593 (10), -14.47593 (10), -14.47575 (10), -14.47575 (11), -14.47568 (10), -14.47566 (8), -14.47558 (10), -14.47558 (10), -14.47542 (11), -14.47528 (11), -14.47527 (11), 
Current (lb-rhs): -14.476384162902832
98672 domains visited
Length of domains: 49386
Cumulative time: 48.91856074333191

BaB round 18
batch: 4096
splitting decisions: 
split level 0: [/input-8, 6836] [/input-8, 4490] [/input-8, 7710] [/input-8, 12266] [/input, 5264] [/input-8, 12490] [/input-8, 8746] [/input-8, 11844] [/input, 5266] [/input-8, 5773] 
best_l after optimization: -75099.90625
beta sum per layer: [16238.041015625, 147619.875, 264.38427734375]
alpha/beta optimization time: 2.367157459259033
pruning_in_iteration open status: False
ratio of positive domain = 13 / 8192 = 0.0015869140625
pruning-in-iteration extra time: 5.745887756347656e-05
Time: pickout 0.3772    branching_decision 0.0011    decision 0.0011    set_bounds 0.1812    prepare 0.1871    transfer 0.0001    finalize 0.4759    func 3.1003    solve 3.0993    add 0.0903    bab_iteration 4.0833    
Accumulated time: bab_iteration 48.8909    pickout 5.3979    decision 0.0151    branching_decision 0.0147    set_bounds 2.8908    solve 38.6336    func 41.7332    prepare 2.4338    transfer 0.0009    finalize 7.0548    add 2.4123    
max lb 0.32025718688964844 min lb -14.456181526184082
Number of Verified Splits: 13 of 8192
Current worst splitting domains lb-rhs (depth):
-14.47638 (10), -14.47637 (10), -14.47637 (10), -14.47637 (10), -14.47635 (10), -14.47633 (11), -14.47633 (12), -14.47626 (10), -14.47613 (12), -14.47593 (10), -14.47593 (10), -14.47575 (10), -14.47575 (11), -14.47568 (10), -14.47566 (8), -14.47558 (10), -14.47558 (10), -14.47542 (11), -14.47528 (11), -14.47527 (11), 
Current (lb-rhs): -14.476384162902832
106864 domains visited
Length of domains: 53469
Cumulative time: 52.673954248428345

BaB round 19
batch: 4096
splitting decisions: 
split level 0: [/input, 4771] [/input-8, 9333] [/input, 5274] [/input-8, 3565] [/input, 5748] [/input-8, 5061] [/input-8, 12211] [/input-8, 9449] [/input, 5426] [/input-8, 12176] 
best_l after optimization: -72592.0703125
beta sum per layer: [17906.734375, 162446.90625, 278.1907653808594]
alpha/beta optimization time: 2.368032217025757
pruning_in_iteration open status: False
ratio of positive domain = 26 / 8192 = 0.003173828125
pruning-in-iteration extra time: 5.698204040527344e-05
Time: pickout 0.7351    branching_decision 0.0010    decision 0.0010    set_bounds 0.1810    prepare 0.1877    transfer 0.0001    finalize 0.4783    func 3.1044    solve 3.1004    add 0.0886    bab_iteration 3.7554    
Accumulated time: bab_iteration 52.6463    pickout 6.1330    decision 0.0161    branching_decision 0.0157    set_bounds 3.0717    solve 41.7340    func 44.8375    prepare 2.6215    transfer 0.0010    finalize 7.5331    add 2.5009    
max lb 0.44461679458618164 min lb -14.454450607299805
Number of Verified Splits: 26 of 8192
Current worst splitting domains lb-rhs (depth):
-14.47638 (10), -14.47637 (10), -14.47637 (10), -14.47637 (10), -14.47635 (10), -14.47633 (11), -14.47633 (12), -14.47626 (10), -14.47613 (12), -14.47593 (10), -14.47593 (10), -14.47575 (11), -14.47575 (10), -14.47568 (10), -14.47566 (8), -14.47558 (10), -14.47558 (10), -14.47542 (11), -14.47528 (11), -14.47527 (11), 
Current (lb-rhs): -14.476384162902832
115056 domains visited
Length of domains: 57539
Cumulative time: 56.79115581512451

BaB round 20
batch: 4096
splitting decisions: 
split level 0: [/input-8, 9240] [/input-8, 3157] [/input, 75] [/input-8, 290] [/input-8, 9117] [/input-8, 3796] [/input, 207] [/input, 5475] [/input-8, 12095] [/input-8, 3438] 
best_l after optimization: -70076.2421875
beta sum per layer: [19638.6484375, 177580.21875, 292.8031005859375]
alpha/beta optimization time: 2.3677241802215576
pruning_in_iteration open status: False
ratio of positive domain = 40 / 8192 = 0.0048828125
pruning-in-iteration extra time: 5.7697296142578125e-05
Time: pickout 0.3804    branching_decision 0.0011    decision 0.0011    set_bounds 0.1816    prepare 0.1879    transfer 0.0001    finalize 0.4770    func 3.1029    solve 3.1044    add 0.0884    bab_iteration 4.1172    
Accumulated time: bab_iteration 56.7635    pickout 6.5134    decision 0.0172    branching_decision 0.0168    set_bounds 3.2533    solve 44.8384    func 47.9404    prepare 2.8094    transfer 0.0011    finalize 8.0101    add 2.5893    
max lb 0.455718994140625 min lb -14.443923950195312
Number of Verified Splits: 40 of 8192
Current worst splitting domains lb-rhs (depth):
-14.47638 (10), -14.47637 (10), -14.47637 (10), -14.47637 (10), -14.47635 (10), -14.47633 (11), -14.47633 (12), -14.47626 (10), -14.47613 (12), -14.47593 (10), -14.47593 (10), -14.47575 (10), -14.47575 (11), -14.47568 (10), -14.47566 (8), -14.47558 (10), -14.47558 (10), -14.47542 (11), -14.47528 (11), -14.47527 (11), 
Current (lb-rhs): -14.476384162902832
123248 domains visited
Length of domains: 61595
Time out!!!!!!!!
Result: unknown in 62.4256 seconds

 %%%%%%%%%%%%%%%%%%%%%%%%%%%%%%%%%%% idx: 3, vnnlib ID: 3 %%%%%%%%%%%%%%%%%%%%%%%%%%%%%%%%%%%
Finished vnnlib processing in 0.001620 seconds
Model: BoundedModule(
  (/input-1): BoundInput(name=/input-1, inputs=[], perturbed=True)
  (/shape): BoundBuffers(name=/shape, inputs=[], perturbed=False)
  (/12): BoundParams(name=/12, inputs=[], perturbed=False)
  (/13): BoundParams(name=/13, inputs=[], perturbed=False)
  (/14): BoundParams(name=/14, inputs=[], perturbed=False)
  (/15): BoundParams(name=/15, inputs=[], perturbed=False)
  (/16): BoundParams(name=/16, inputs=[], perturbed=False)
  (/17): BoundParams(name=/17, inputs=[], perturbed=False)
  (/18): BoundParams(name=/18, inputs=[], perturbed=False)
  (/19): BoundParams(name=/19, inputs=[], perturbed=False)
  (/20): BoundParams(name=/20, inputs=[], perturbed=False)
  (/21): BoundParams(name=/21, inputs=[], perturbed=False)
  (/input): BoundConv(name=/input, inputs=[/input-1, /12, /13], perturbed=True)
  (/input-4): BoundRelu(name=/input-4, inputs=[/input], perturbed=True)
  (/24): BoundConv(name=/24, inputs=[/input-4, /14, /15], perturbed=True)
  (/25): BoundConv(name=/25, inputs=[/input-4, /16, /17], perturbed=True)
  (/26): BoundAdd(name=/26, inputs=[/24, /25], perturbed=True)
  (/input-8): BoundConcat(name=/input-8, inputs=[/input, /26], perturbed=True)
  (/tensor): BoundRelu(name=/tensor, inputs=[/input-8], perturbed=True)
  (/30): BoundSplit(name=/30, inputs=[/tensor], perturbed=True)
  (/31): BoundSplit(name=/31, inputs=[/shape], perturbed=False)
  (/32): BoundSplit(name=/32, inputs=[/shape], perturbed=False)
  (/33): BoundConstant(name=/33, value=tensor([0], device='cuda:0'))
  (/34): BoundSqueeze(name=/34, inputs=[/31, /33], perturbed=False)
  (/35): BoundConstant(name=/35, value=tensor([0], device='cuda:0'))
  (/36): BoundSqueeze(name=/36, inputs=[/32, /35], perturbed=False)
  (/37): BoundConstant(name=/37, value=tensor([0], device='cuda:0'))
  (/38): BoundUnsqueeze(name=/38, inputs=[/34, /37], perturbed=False)
  (/39): BoundConstant(name=/39, value=tensor([0], device='cuda:0'))
  (/40): BoundUnsqueeze(name=/40, inputs=[/36, /39], perturbed=False)
  (/41): BoundConcat(name=/41, inputs=[/38, /40], perturbed=False)
  (/42): BoundReshape(name=/42, inputs=[/30, /41], perturbed=True)
  (/input-12): BoundLinear(name=/input-12, inputs=[/42, /18, /19], perturbed=True)
  (/44): BoundRelu(name=/44, inputs=[/input-12], perturbed=True)
  (/45): BoundLinear(name=/45, inputs=[/44, /20, /21], perturbed=True)
)
Original output in the first batch: tensor([[ 12.90160751, -13.42082024,   2.20945406,   2.16415024,  -1.87921453,
           5.73491716,   5.08671808,   2.30423284,   1.02416039,   0.50322509]],
       device='cuda:0')
Split layers:
Nonlinear functions:
   BoundRelu(name=/input-4, inputs=[/input], perturbed=True)
   BoundRelu(name=/tensor, inputs=[/input-8], perturbed=True)
   BoundRelu(name=/44, inputs=[/input-12], perturbed=True)
build batch [1/1]
layer /input-4 using sparse-features alpha with shape [2421]; unstable size 2421; total size 6272 ([1, 8, 28, 28])
layer /input-4 start_node /input-12 using sparse-spec alpha [2, 12, 1, 2421] with unstable size 11 total_size 64 output_shape torch.Size([64])
layer /input-4 start_node /45 using full alpha [2, 9, 1, 2421] with unstable size None total_size 9 output_shape 9
layer /tensor using sparse-features alpha with shape [6269]; unstable size 6269; total size 12544 ([1, 16, 28, 28])
layer /tensor start_node /input-12 using sparse-spec alpha [2, 12, 1, 6269] with unstable size 11 total_size 64 output_shape torch.Size([64])
layer /tensor start_node /45 using full alpha [2, 9, 1, 6269] with unstable size None total_size 9 output_shape 9
layer /44 using sparse-features alpha with shape [11]; unstable size 11; total size 64 ([1, 64])
layer /44 start_node /45 using full alpha [2, 9, 1, 11] with unstable size None total_size 9 output_shape 9
Optimizable variables initialized.
initial CROWN bounds (first 10 items): [10.685073852539062, -3.9951281547546387, -3.6382017135620117, 0.4407968521118164, -3.323831558227539, -3.813539981842041, -5.607825756072998, 1.6103639602661133, -1.1681747436523438]
prune_after_crown optimization in use
  original spec size = torch.Size([1, 9])
  pruned spec size = torch.Size([1, 6])
Using alpha-CROWN to initialize bounds.
best_l after optimization: -19.435619354248047
alpha/beta optimization time: 1.2528409957885742
initial alpha-crown bounds (first 10 items): [-3.63820219039917, -3.230642795562744, -3.1147475242614746, -3.4850034713745117, -5.200595378875732, -0.7664289474487305]
Global lower bound: -5.200595378875732
3 / 9 OR specs are verified.
Verified OR indices (first 10 items): [0, 3, 7]
Verified OR lbs (first 10 items): [[inf], [inf], [inf]]
Unverified OR indices (first 10 items): [1, 2, 4, 5, 6, 8]
Unverified OR lbs (first 10 items): [[-3.63820219039917], [-3.230642795562744], [-3.1147475242614746], [-3.4850034713745117], [-5.200595378875732], [-0.7664289474487305]]
###### Verifying property Instance 3 ######
Batch size: 6
First 10 spec matrices
C: tensor([[[ 1.,  0., -1.,  0.,  0.,  0.,  0.,  0.,  0.,  0.]],

        [[ 1.,  0.,  0., -1.,  0.,  0.,  0.,  0.,  0.,  0.]],

        [[ 1.,  0.,  0.,  0.,  0., -1.,  0.,  0.,  0.,  0.]],

        [[ 1.,  0.,  0.,  0.,  0.,  0., -1.,  0.,  0.,  0.]],

        [[ 1.,  0.,  0.,  0.,  0.,  0.,  0., -1.,  0.,  0.]],

        [[ 1.,  0.,  0.,  0.,  0.,  0.,  0.,  0.,  0., -1.]]], device='cuda:0')
RHS: tensor([[0.],
        [0.],
        [0.],
        [0.],
        [0.],
        [0.]], device='cuda:0')
OR spec sizes: tensor([1, 1, 1, 1, 1, 1], device='cuda:0', dtype=torch.int32)
Remaining timeout: 58.30264639854431
Model prediction is: tensor([ 12.90160751, -13.42082024,   2.20945406,   2.16415024,  -1.87921453,
          5.73491716,   5.08671808,   2.30423284,   1.02416039,   0.50322509],
       device='cuda:0')
Activation BaB batch 1/1 
build_with_refined_bounds batch [1/1]
Optimizable variables initialized.
all alpha initialized
directly get lb and ub from refined bounds
c shape: torch.Size([6, 1, 10])
lA shapes: [torch.Size([6, 1, 8, 28, 28]), torch.Size([6, 1, 16, 28, 28]), torch.Size([6, 1, 64])]
(alpha-)CROWN with fixed intermediate bounds: tensor([[-3.63820219],
        [-3.23064280],
        [-3.11474752],
        [-3.48500347],
        [-5.20059538],
        [-0.76642895]], device='cuda:0') tensor([[inf],
        [inf],
        [inf],
        [inf],
        [inf],
        [inf]], device='cuda:0')
Intermediate layers: /input,/input-8,/input-12
Keeping alphas for these layers: ['/45']
Node /input-4 input 0: size torch.Size([8, 28, 28]) unstable 2421
Node /tensor input 0: size torch.Size([16, 28, 28]) unstable 6269
Node /44 input 0: size torch.Size([64]) unstable 10
-----------------
# of unstable neurons: 8700
-----------------

BaB round 1
batch: 6
splitting decisions: 
split level 0: [/input-8, 9029] [/input-8, 7591] [/input-8, 6463] [/input-8, 11869] [/input-8, 3531] [/input-8, 9318] 
split level 1: [/input-8, 9058] [/input-8, 244] [/input-8, 7228] [/input-8, 8728] [/input-8, 10060] [/input, 459] 
split level 2: [/input, 3265] [/input-8, 5081] [/input-8, 6694] [/input-8, 1441] [/input-8, 130] [/input-8, 7233] 
split level 3: [/input, 3449] [/input-8, 3355] [/input-8, 7726] [/input-8, 3752] [/input-8, 3287] [/input-8, 6329] 
split level 4: [/input, 5540] [/input-8, 5339] [/input-8, 4262] [/input-8, 7561] [/input-8, 7432] [/input-8, 10349] 
best_l after optimization: -579.3071899414062
beta sum per layer: [28.089250564575195, 162.98431396484375, 0.0]
alpha/beta optimization time: 0.14737415313720703
pruning_in_iteration open status: False
ratio of positive domain = 2 / 192 = 0.01041666666666663
pruning-in-iteration extra time: 5.221366882324219e-05
Time: pickout 0.0023    branching_decision 0.0001    decision 0.0001    set_bounds 0.0109    prepare 0.0022    transfer 0.0000    finalize 0.0092    func 0.1638    
Accumulated time: bab_iteration 0.0000    pickout 0.0023    decision 0.0001    branching_decision 0.0001    set_bounds 0.0109    solve 0.0000    func 0.1638    prepare 0.0022    transfer 0.0000    finalize 0.0092    
max lb 0.0011487007141113281 min lb -5.193796157836914
Number of Verified Splits: 2 of 192
Current worst splitting domains lb-rhs (depth):
-5.19380 (5), -5.19380 (5), -5.19380 (5), -5.19380 (5), -5.19380 (5), -5.19380 (5), -5.19380 (5), -5.19380 (5), -5.04044 (5), -5.04044 (5), -5.04044 (5), -5.04044 (5), -5.04044 (5), -5.04044 (5), -5.04044 (5), -5.04044 (5), -4.86359 (5), -4.86359 (5), -4.86359 (5), -4.86359 (5), 
Current (lb-rhs): -5.193796157836914
192 domains visited
Length of domains: 190
Cumulative time: 0.20980215072631836

BaB round 2
batch: 190
splitting decisions: 
split level 0: [/input-8, 9096] [/input-8, 7339] [/input, 250] [/input-8, 634] [/input-8, 8896] [/input-8, 4933] [/input-8, 5707] [/input-8, 8541] [/input-8, 7007] [/input, 3724] 
best_l after optimization: -1088.695068359375
beta sum per layer: [84.39268493652344, 671.0732421875, 0.0]
alpha/beta optimization time: 0.17829656600952148
pruning_in_iteration open status: False
ratio of positive domain = 21 / 380 = 0.05526315789473679
pruning-in-iteration extra time: 5.3882598876953125e-05
Time: pickout 0.0159    branching_decision 0.0001    decision 0.0001    set_bounds 0.0081    prepare 0.0077    transfer 0.0000    finalize 0.0152    func 0.2083    solve 0.1638    add 0.0027    bab_iteration 0.1801    
Accumulated time: bab_iteration 0.1801    pickout 0.0182    decision 0.0002    branching_decision 0.0002    set_bounds 0.0191    solve 0.1638    func 0.3721    prepare 0.0100    transfer 0.0001    finalize 0.0244    add 0.0027    
max lb 0.18590402603149414 min lb -5.193780422210693
Number of Verified Splits: 21 of 380
Current worst splitting domains lb-rhs (depth):
-5.19378 (6), -5.19378 (6), -5.19378 (6), -5.19377 (6), -5.19376 (6), -5.19334 (6), -5.19324 (6), -5.19300 (6), -5.19180 (6), -5.18409 (6), -5.18076 (6), -5.17912 (6), -5.14532 (6), -5.08957 (6), -5.06005 (6), -4.97153 (6), -4.97153 (6), -4.97153 (6), -4.97153 (6), -4.97153 (6), 
Current (lb-rhs): -5.193780422210693
572 domains visited
Length of domains: 359
Cumulative time: 0.4472503662109375

BaB round 3
batch: 359
splitting decisions: 
split level 0: [/input, 4979] [/input, 3867] [/input-8, 8652] [/input-8, 10108] [/input, 5589] [/input, 4853] [/input, 338] [/input-8, 9142] [/input-8, 3753] [/input-8, 45] 
best_l after optimization: -2054.2587890625
beta sum per layer: [212.68508911132812, 1934.188720703125, 1.1933051347732544]
alpha/beta optimization time: 0.18431687355041504
pruning_in_iteration open status: False
ratio of positive domain = 33 / 718 = 0.04596100278551529
pruning-in-iteration extra time: 5.435943603515625e-05
Time: pickout 0.0293    branching_decision 0.0002    decision 0.0002    set_bounds 0.0154    prepare 0.0151    transfer 0.0000    finalize 0.0391    func 0.2475    solve 0.2083    add 0.0047    bab_iteration 0.2374    
Accumulated time: bab_iteration 0.4175    pickout 0.0475    decision 0.0005    branching_decision 0.0004    set_bounds 0.0344    solve 0.3722    func 0.6196    prepare 0.0251    transfer 0.0001    finalize 0.0635    add 0.0074    
max lb 0.23362016677856445 min lb -5.193759918212891
Number of Verified Splits: 33 of 718
Current worst splitting domains lb-rhs (depth):
-5.19376 (7), -5.19376 (7), -5.19376 (7), -5.19376 (7), -5.19345 (7), -5.19338 (7), -5.19322 (7), -5.19169 (7), -5.19089 (7), -5.19084 (7), -5.19005 (7), -5.18804 (7), -5.18787 (7), -5.18134 (7), -5.17850 (7), -5.17850 (7), -5.16798 (7), -5.11733 (7), -5.09114 (7), -5.08857 (7), 
Current (lb-rhs): -5.193759918212891
1290 domains visited
Length of domains: 685
Cumulative time: 0.7477231025695801

BaB round 4
batch: 685
splitting decisions: 
split level 0: [/input-8, 7732] [/input, 5039] [/input, 3451] [/input-8, 9639] [/input, 5524] [/input-8, 6880] [/input-8, 7787] [/input, 507] [/input, 5347] [/input-8, 6773] 
best_l after optimization: -3851.754638671875
beta sum per layer: [488.68963623046875, 5083.4111328125, 2.489907741546631]
alpha/beta optimization time: 0.3853118419647217
pruning_in_iteration open status: False
ratio of positive domain = 19 / 1370 = 0.013868613138686148
pruning-in-iteration extra time: 5.53131103515625e-05
Time: pickout 0.0551    branching_decision 0.0004    decision 0.0004    set_bounds 0.0315    prepare 0.0290    transfer 0.0000    finalize 0.0719    func 0.5029    solve 0.2476    add 0.0078    bab_iteration 0.3005    
Accumulated time: bab_iteration 0.7180    pickout 0.1026    decision 0.0009    branching_decision 0.0008    set_bounds 0.0659    solve 0.6197    func 1.1225    prepare 0.0540    transfer 0.0002    finalize 0.1354    add 0.0151    
max lb 0.20478057861328125 min lb -5.193753242492676
Number of Verified Splits: 19 of 1370
Current worst splitting domains lb-rhs (depth):
-5.19375 (8), -5.19375 (8), -5.19375 (8), -5.19338 (8), -5.19336 (8), -5.19322 (8), -5.19322 (8), -5.19299 (8), -5.19169 (8), -5.19167 (8), -5.19083 (8), -5.19083 (8), -5.19082 (8), -5.19082 (8), -5.19056 (8), -5.18986 (8), -5.18808 (8), -5.18804 (8), -5.18804 (8), -5.18799 (8), 
Current (lb-rhs): -5.193753242492676
2660 domains visited
Length of domains: 1351
Cumulative time: 1.3543601036071777

BaB round 5
batch: 1351
splitting decisions: 
split level 0: [/input, 5429] [/input-8, 11778] [/input-8, 12350] [/input, 5566] [/input-8, 7782] [/input-8, 121] [/input-8, 11329] [/input-8, 8448] [/input-8, 3384] [/input-8, 5578] 
best_l after optimization: -7153.81005859375
beta sum per layer: [1164.42919921875, 13085.171875, 6.1200642585754395]
alpha/beta optimization time: 0.7514920234680176
pruning_in_iteration open status: False
ratio of positive domain = 91 / 2702 = 0.033678756476683946
pruning-in-iteration extra time: 6.961822509765625e-05
Time: pickout 0.1091    branching_decision 0.0005    decision 0.0005    set_bounds 0.0612    prepare 0.0581    transfer 0.0000    finalize 0.1303    func 0.9671    solve 0.5030    add 0.0159    bab_iteration 0.6066    
Accumulated time: bab_iteration 1.3246    pickout 0.2116    decision 0.0014    branching_decision 0.0013    set_bounds 0.1271    solve 1.1227    func 2.0896    prepare 0.1121    transfer 0.0002    finalize 0.2657    add 0.0311    
max lb 0.12640380859375 min lb -5.193750381469727
Number of Verified Splits: 91 of 2702
Current worst splitting domains lb-rhs (depth):
-5.19375 (9), -5.19374 (9), -5.19337 (9), -5.19322 (9), -5.19322 (9), -5.19298 (9), -5.19278 (9), -5.19252 (9), -5.19157 (9), -5.19083 (9), -5.19083 (9), -5.19083 (9), -5.19081 (9), -5.19039 (9), -5.19030 (9), -5.18997 (9), -5.18973 (9), -5.18888 (9), -5.18804 (9), -5.18763 (9), 
Current (lb-rhs): -5.193750381469727
5362 domains visited
Length of domains: 2611
Cumulative time: 2.520507335662842

BaB round 6
batch: 2048
splitting decisions: 
split level 0: [/input, 3555] [/input, 4898] [/input-8, 5741] [/input-8, 7187] [/input-8, 10060] [/input-8, 5680] [/input-8, 6459] [/input-8, 8787] [/input, 157] [/input-8, 3782] 
best_l after optimization: -10266.7841796875
beta sum per layer: [2093.23388671875, 25404.9609375, 8.01046371459961]
alpha/beta optimization time: 1.1554505825042725
pruning_in_iteration open status: False
ratio of positive domain = 13 / 4096 = 0.003173828125
pruning-in-iteration extra time: 5.53131103515625e-05
Time: pickout 0.1677    branching_decision 0.0008    decision 0.0008    set_bounds 0.2262    prepare 0.0905    transfer 0.0001    finalize 0.2053    func 1.4901    solve 0.9672    add 0.0272    bab_iteration 1.1661    
Accumulated time: bab_iteration 2.4907    pickout 0.3794    decision 0.0022    branching_decision 0.0021    set_bounds 0.3533    solve 2.0899    func 3.5797    prepare 0.2027    transfer 0.0003    finalize 0.4710    add 0.0582    
max lb 0.7510213851928711 min lb -5.193750381469727
Number of Verified Splits: 13 of 4096
Current worst splitting domains lb-rhs (depth):
-5.19375 (10), -5.19375 (10), -5.19374 (10), -5.19374 (10), -5.19337 (9), -5.19322 (9), -5.19303 (10), -5.19298 (9), -5.19278 (9), -5.19252 (10), -5.19252 (10), -5.19157 (9), -5.19083 (9), -5.19082 (10), -5.19082 (10), -5.19082 (10), -5.19066 (10), -5.19066 (10), -5.19026 (10), -5.19025 (10), 
Current (lb-rhs): -5.193750381469727
9458 domains visited
Length of domains: 4646
current_vram/total_varm: 13.2GB/47.7GB, batch_size increase to 4096
Cumulative time: 4.452229976654053

BaB round 7
batch: 4096
splitting decisions: 
split level 0: [/input, 5285] [/input, 717] [/input-8, 12230] [/input, 3388] [/input, 5611] [/input-8, 6637] [/input-8, 6881] [/input-8, 9805] [/input-8, 8833] [/input-8, 5443] 
best_l after optimization: -18682.95703125
beta sum per layer: [4990.77685546875, 61553.2265625, 19.091289520263672]
alpha/beta optimization time: 2.2927699089050293
pruning_in_iteration open status: False
ratio of positive domain = 89 / 8192 = 0.0108642578125
pruning-in-iteration extra time: 5.793571472167969e-05
Time: pickout 0.3402    branching_decision 0.0011    decision 0.0012    set_bounds 0.1782    prepare 0.1814    transfer 0.0001    finalize 0.4312    func 3.1222    solve 1.4901    add 0.0450    bab_iteration 1.9317    
Accumulated time: bab_iteration 4.4225    pickout 0.7196    decision 0.0034    branching_decision 0.0032    set_bounds 0.5315    solve 3.5800    func 6.7020    prepare 0.3841    transfer 0.0003    finalize 0.9022    add 0.1033    
max lb 1.4054489135742188 min lb -5.193750381469727
Number of Verified Splits: 89 of 8192
Current worst splitting domains lb-rhs (depth):
-5.19375 (11), -5.19375 (11), -5.19375 (11), -5.19374 (11), -5.19374 (11), -5.19337 (9), -5.19322 (9), -5.19320 (11), -5.19302 (11), -5.19298 (9), -5.19278 (9), -5.19252 (11), -5.19157 (9), -5.19138 (11), -5.19083 (9), -5.19082 (11), -5.19065 (11), -5.19055 (11), -5.19052 (11), -5.19031 (11), 
Current (lb-rhs): -5.193750381469727
17650 domains visited
Length of domains: 8653
Cumulative time: 8.177364349365234

BaB round 8
batch: 4096
splitting decisions: 
split level 0: [/input-8, 5533] [/input-8, 8349] [/input-8, 689] [/input, 4819] [/input-8, 5470] [/input-8, 3746] [/input-8, 416] [/input, 5476] [/input-8, 7173] [/input-8, 3300] 
best_l after optimization: -16843.359375
beta sum per layer: [5951.126953125, 72895.1953125, 20.794343948364258]
alpha/beta optimization time: 2.291966676712036
pruning_in_iteration open status: False
ratio of positive domain = 295 / 8192 = 0.0360107421875
pruning-in-iteration extra time: 7.605552673339844e-05
Time: pickout 0.3419    branching_decision 0.0011    decision 0.0011    set_bounds 0.3400    prepare 0.1838    transfer 0.0001    finalize 0.4244    func 2.9695    solve 3.1223    add 0.0802    bab_iteration 3.7251    
Accumulated time: bab_iteration 8.1476    pickout 1.0614    decision 0.0045    branching_decision 0.0043    set_bounds 0.8715    solve 6.7023    func 9.6714    prepare 0.5679    transfer 0.0004    finalize 1.3266    add 0.1835    
max lb 0.2837533950805664 min lb -5.193750381469727
Number of Verified Splits: 295 of 8192
Current worst splitting domains lb-rhs (depth):
-5.19375 (12), -5.19375 (12), -5.19375 (11), -5.19375 (12), -5.19375 (12), -5.19374 (11), -5.19374 (12), -5.19374 (12), -5.19337 (9), -5.19322 (9), -5.19320 (11), -5.19302 (12), -5.19298 (9), -5.19278 (9), -5.19252 (12), -5.19157 (9), -5.19138 (11), -5.19083 (9), -5.19082 (12), -5.19065 (11), 
Current (lb-rhs): -5.193750381469727
25842 domains visited
Length of domains: 12454
Cumulative time: 11.905913829803467

BaB round 9
batch: 4096
splitting decisions: 
split level 0: [/input, 5561] [/input-8, 424] [/input, 5718] [/input, 5324] [/input-8, 7354] [/input-8, 4801] [/input, 5948] [/input-8, 12095] [/input, 637] [/input-8, 7165] 
best_l after optimization: -15481.8994140625
beta sum per layer: [6999.59375, 82722.65625, 21.607364654541016]
alpha/beta optimization time: 2.292062282562256
pruning_in_iteration open status: False
ratio of positive domain = 472 / 8192 = 0.0576171875
pruning-in-iteration extra time: 5.555152893066406e-05
Time: pickout 0.3473    branching_decision 0.0011    decision 0.0011    set_bounds 0.3519    prepare 0.1843    transfer 0.0001    finalize 0.4172    func 2.9621    solve 2.9695    add 0.0729    bab_iteration 3.7285    
Accumulated time: bab_iteration 11.8761    pickout 1.4088    decision 0.0055    branching_decision 0.0054    set_bounds 1.2234    solve 9.6718    func 12.6336    prepare 0.7522    transfer 0.0004    finalize 1.7438    add 0.2564    
max lb 1.554107666015625 min lb -5.193742752075195
Number of Verified Splits: 472 of 8192
Current worst splitting domains lb-rhs (depth):
-5.19375 (12), -5.19375 (12), -5.19375 (11), -5.19374 (12), -5.19374 (11), -5.19374 (13), -5.19337 (9), -5.19322 (9), -5.19320 (11), -5.19302 (12), -5.19298 (9), -5.19278 (9), -5.19268 (13), -5.19252 (12), -5.19157 (9), -5.19138 (11), -5.19083 (9), -5.19082 (12), -5.19065 (11), -5.19055 (11), 
Current (lb-rhs): -5.193750381469727
34034 domains visited
Length of domains: 16078
Cumulative time: 15.643322229385376

BaB round 10
batch: 4096
splitting decisions: 
split level 0: [/input, 5380] [/input, 488] [/input-8, 3682] [/input-8, 7217] [/input, 5161] [/input, 735] [/input, 745] [/input-8, 6224] [/input-8, 330] [/input, 4827] 
best_l after optimization: -14517.4228515625
beta sum per layer: [8149.65087890625, 90911.1875, 21.43719482421875]
alpha/beta optimization time: 2.2936675548553467
pruning_in_iteration open status: False
ratio of positive domain = 572 / 8192 = 0.06982421875
pruning-in-iteration extra time: 5.745887756347656e-05
Time: pickout 0.3502    branching_decision 0.0011    decision 0.0011    set_bounds 0.3779    prepare 0.1859    transfer 0.0001    finalize 0.4156    func 2.9668    solve 2.9622    add 0.0714    bab_iteration 3.7374    
Accumulated time: bab_iteration 15.6135    pickout 1.7589    decision 0.0066    branching_decision 0.0064    set_bounds 1.6013    solve 12.6340    func 15.6003    prepare 0.9381    transfer 0.0005    finalize 2.1595    add 0.3277    
max lb 1.0942559242248535 min lb -5.193742752075195
Number of Verified Splits: 572 of 8192
Current worst splitting domains lb-rhs (depth):
-5.19375 (11), -5.19375 (12), -5.19375 (12), -5.19374 (12), -5.19374 (14), -5.19374 (11), -5.19337 (9), -5.19336 (14), -5.19322 (9), -5.19320 (11), -5.19302 (12), -5.19298 (9), -5.19278 (9), -5.19268 (13), -5.19252 (12), -5.19157 (9), -5.19138 (11), -5.19083 (9), -5.19082 (12), -5.19065 (11), 
Current (lb-rhs): -5.193750381469727
42226 domains visited
Length of domains: 19602
Cumulative time: 19.464923858642578

BaB round 11
batch: 4096
splitting decisions: 
split level 0: [/input, 584] [/input-8, 3634] [/input-8, 9209] [/input-8, 8723] [/input-8, 5233] [/input-8, 487] [/input-8, 4076] [/input-8, 8825] [/input, 231] [/input-8, 12487] 
best_l after optimization: -13693.2763671875
beta sum per layer: [9277.341796875, 98287.21875, 25.658327102661133]
alpha/beta optimization time: 2.293030023574829
pruning_in_iteration open status: False
ratio of positive domain = 813 / 8192 = 0.0992431640625
pruning-in-iteration extra time: 6.437301635742188e-05
Time: pickout 0.3534    branching_decision 0.0010    decision 0.0011    set_bounds 0.4486    prepare 0.1872    transfer 0.0001    finalize 0.4038    func 2.9520    solve 2.9668    add 0.1219    bab_iteration 3.8216    
Accumulated time: bab_iteration 19.4351    pickout 2.1124    decision 0.0077    branching_decision 0.0075    set_bounds 2.0498    solve 15.6008    func 18.5523    prepare 1.1252    transfer 0.0006    finalize 2.5632    add 0.4496    
max lb 1.577641487121582 min lb -5.193742752075195
Number of Verified Splits: 813 of 8192
Current worst splitting domains lb-rhs (depth):
-5.19375 (12), -5.19375 (11), -5.19375 (12), -5.19374 (11), -5.19374 (15), -5.19374 (12), -5.19337 (9), -5.19336 (14), -5.19322 (9), -5.19320 (11), -5.19302 (12), -5.19298 (9), -5.19278 (9), -5.19268 (13), -5.19252 (12), -5.19157 (9), -5.19138 (11), -5.19083 (9), -5.19082 (12), -5.19065 (11), 
Current (lb-rhs): -5.193750381469727
50418 domains visited
Length of domains: 22885
Cumulative time: 23.2925705909729

BaB round 12
batch: 4096
splitting decisions: 
split level 0: [/input-8, 5965] [/input, 5898] [/input-8, 5230] [/input-8, 11692] [/input-8, 102] [/input-8, 1051] [/input-8, 7323] [/input-8, 7210] [/input-8, 3807] [/input-8, 8027] 
best_l after optimization: -13326.642578125
beta sum per layer: [10360.26171875, 104093.328125, 31.27382469177246]
alpha/beta optimization time: 2.2926602363586426
pruning_in_iteration open status: False
ratio of positive domain = 1004 / 8192 = 0.12255859375
pruning-in-iteration extra time: 5.8650970458984375e-05
Time: pickout 0.3557    branching_decision 0.0010    decision 0.0011    set_bounds 0.1828    prepare 0.1867    transfer 0.0001    finalize 0.6536    func 3.2009    solve 2.9521    add 0.0684    bab_iteration 3.8276    
Accumulated time: bab_iteration 23.2628    pickout 2.4681    decision 0.0088    branching_decision 0.0085    set_bounds 2.2327    solve 18.5529    func 21.7532    prepare 1.3119    transfer 0.0006    finalize 3.2169    add 0.5180    
max lb 1.1008243560791016 min lb -5.1883440017700195
Number of Verified Splits: 1004 of 8192
Current worst splitting domains lb-rhs (depth):
-5.19375 (12), -5.19375 (12), -5.19375 (11), -5.19374 (11), -5.19374 (12), -5.19374 (15), -5.19337 (9), -5.19336 (14), -5.19322 (9), -5.19320 (11), -5.19302 (12), -5.19298 (9), -5.19278 (9), -5.19268 (13), -5.19252 (12), -5.19157 (9), -5.19138 (11), -5.19083 (9), -5.19082 (12), -5.19065 (11), 
Current (lb-rhs): -5.193750381469727
58610 domains visited
Length of domains: 25977
Cumulative time: 27.106040477752686

BaB round 13
batch: 4096
splitting decisions: 
split level 0: [/input-8, 3831] [/input, 3252] [/input-8, 4871] [/input, 5450] [/input, 5314] [/input-8, 3194] [/input, 5611] [/input-8, 5018] [/input-8, 8299] [/input-8, 7189] 
best_l after optimization: -13404.009765625
beta sum per layer: [11735.794921875, 108512.5546875, 32.929420471191406]
alpha/beta optimization time: 2.2932844161987305
pruning_in_iteration open status: False
ratio of positive domain = 737 / 8192 = 0.0899658203125
pruning-in-iteration extra time: 7.867813110351562e-05
Time: pickout 0.3629    branching_decision 0.0011    decision 0.0011    set_bounds 0.1821    prepare 0.1867    transfer 0.0001    finalize 0.4068    func 2.9558    solve 3.2010    add 0.0684    bab_iteration 3.8135    
Accumulated time: bab_iteration 27.0762    pickout 2.8310    decision 0.0099    branching_decision 0.0096    set_bounds 2.4148    solve 21.7538    func 24.7091    prepare 1.4986    transfer 0.0007    finalize 3.6237    add 0.5864    
max lb 2.292612075805664 min lb -5.1883440017700195
Number of Verified Splits: 737 of 8192
Current worst splitting domains lb-rhs (depth):
-5.19375 (11), -5.19375 (12), -5.19375 (12), -5.19374 (12), -5.19374 (15), -5.19374 (11), -5.19337 (9), -5.19336 (14), -5.19322 (9), -5.19320 (11), -5.19302 (12), -5.19298 (9), -5.19278 (9), -5.19268 (13), -5.19252 (12), -5.19157 (9), -5.19138 (11), -5.19083 (9), -5.19082 (12), -5.19065 (11), 
Current (lb-rhs): -5.193750381469727
66802 domains visited
Length of domains: 29336
Cumulative time: 30.682152032852173

BaB round 14
batch: 4096
splitting decisions: 
split level 0: [/input-8, 3198] [/input-8, 3437] [/input-8, 9637] [/input-8, 12537] [/input-8, 5966] [/input, 3579] [/input, 394] [/input-8, 691] [/input-8, 6940] [/input-8, 8036] 
best_l after optimization: -12941.21484375
beta sum per layer: [13163.2880859375, 114933.8359375, 30.96817398071289]
alpha/beta optimization time: 2.293393135070801
pruning_in_iteration open status: False
ratio of positive domain = 897 / 8192 = 0.1094970703125
pruning-in-iteration extra time: 5.936622619628906e-05
Time: pickout 0.6605    branching_decision 0.0010    decision 0.0010    set_bounds 0.1827    prepare 0.1866    transfer 0.0001    finalize 0.3990    func 2.9474    solve 2.9559    add 0.0695    bab_iteration 3.5761    
Accumulated time: bab_iteration 30.6523    pickout 3.4914    decision 0.0110    branching_decision 0.0106    set_bounds 2.5975    solve 24.7097    func 27.6565    prepare 1.6853    transfer 0.0008    finalize 4.0227    add 0.6559    
max lb 1.9632925987243652 min lb -5.1883440017700195
Number of Verified Splits: 897 of 8192
Current worst splitting domains lb-rhs (depth):
-5.19375 (11), -5.19375 (12), -5.19375 (12), -5.19374 (12), -5.19374 (15), -5.19374 (11), -5.19337 (9), -5.19336 (14), -5.19322 (9), -5.19320 (11), -5.19302 (12), -5.19298 (9), -5.19278 (9), -5.19268 (13), -5.19252 (12), -5.19157 (9), -5.19138 (11), -5.19083 (9), -5.19082 (12), -5.19065 (11), 
Current (lb-rhs): -5.193750381469727
74994 domains visited
Length of domains: 32535
Cumulative time: 34.54746079444885

BaB round 15
batch: 4096
splitting decisions: 
split level 0: [/input-8, 6157] [/input-8, 144] [/input-8, 11863] [/input-8, 4960] [/input, 6213] [/input, 4279] [/input, 3486] [/input-8, 5043] [/input-8, 12482] [/input-8, 7178] 
best_l after optimization: -12818.12890625
beta sum per layer: [14603.71875, 120159.859375, 31.257890701293945]
alpha/beta optimization time: 2.293076992034912
pruning_in_iteration open status: False
ratio of positive domain = 804 / 8192 = 0.09814453125
pruning-in-iteration extra time: 5.5789947509765625e-05
Time: pickout 0.3638    branching_decision 0.0010    decision 0.0011    set_bounds 0.1814    prepare 0.1853    transfer 0.0001    finalize 0.7247    func 3.2718    solve 2.9475    add 0.0687    bab_iteration 3.8653    
Accumulated time: bab_iteration 34.5176    pickout 3.8553    decision 0.0120    branching_decision 0.0116    set_bounds 2.7789    solve 27.6572    func 30.9283    prepare 1.8705    transfer 0.0008    finalize 4.7474    add 0.7247    
max lb 2.317793607711792 min lb -5.1878581047058105
Number of Verified Splits: 804 of 8192
Current worst splitting domains lb-rhs (depth):
-5.19375 (11), -5.19375 (12), -5.19375 (12), -5.19374 (12), -5.19374 (11), -5.19374 (15), -5.19337 (9), -5.19336 (14), -5.19322 (9), -5.19320 (11), -5.19302 (12), -5.19298 (9), -5.19278 (9), -5.19268 (13), -5.19252 (12), -5.19157 (9), -5.19138 (11), -5.19083 (9), -5.19082 (12), -5.19065 (11), 
Current (lb-rhs): -5.193750381469727
83186 domains visited
Length of domains: 35827
Cumulative time: 38.555927991867065

BaB round 16
batch: 4096
splitting decisions: 
split level 0: [/input-8, 3271] [/input-8, 8516] [/input-8, 8207] [/input-8, 9639] [/input-8, 6373] [/input-8, 8616] [/input-8, 535] [/input-8, 12493] [/input-8, 10095] [/input-8, 9062] 
best_l after optimization: -12477.693359375
beta sum per layer: [16348.1865234375, 126968.453125, 33.954803466796875]
alpha/beta optimization time: 2.2934441566467285
pruning_in_iteration open status: False
ratio of positive domain = 816 / 8192 = 0.099609375
pruning-in-iteration extra time: 5.888938903808594e-05
Time: pickout 0.3654    branching_decision 0.0010    decision 0.0010    set_bounds 0.1820    prepare 0.1871    transfer 0.0001    finalize 0.4089    func 2.9583    solve 3.2719    add 0.1852    bab_iteration 4.0085    
Accumulated time: bab_iteration 38.5261    pickout 4.2207    decision 0.0130    branching_decision 0.0126    set_bounds 2.9609    solve 30.9290    func 33.8866    prepare 2.0576    transfer 0.0009    finalize 5.1563    add 0.9099    
max lb 2.1940994262695312 min lb -5.161853790283203
Number of Verified Splits: 816 of 8192
Current worst splitting domains lb-rhs (depth):
-5.19375 (12), -5.19375 (11), -5.19375 (12), -5.19374 (12), -5.19374 (11), -5.19374 (15), -5.19337 (9), -5.19336 (14), -5.19322 (9), -5.19320 (11), -5.19302 (12), -5.19298 (9), -5.19278 (9), -5.19268 (13), -5.19252 (12), -5.19157 (9), -5.19138 (11), -5.19083 (9), -5.19082 (12), -5.19065 (11), 
Current (lb-rhs): -5.193750381469727
91378 domains visited
Length of domains: 39107
Cumulative time: 42.138158321380615

BaB round 17
batch: 4096
splitting decisions: 
split level 0: [/input-8, 5420] [/input, 80] [/input, 6203] [/input, 4242] [/input-8, 3830] [/input-8, 9129] [/input-8, 4762] [/input-8, 6192] [/input, 5735] [/input-8, 416] 
best_l after optimization: -12186.4609375
beta sum per layer: [18147.798828125, 134191.453125, 30.91387176513672]
alpha/beta optimization time: 2.294236660003662
pruning_in_iteration open status: False
ratio of positive domain = 830 / 8192 = 0.101318359375
pruning-in-iteration extra time: 5.650520324707031e-05
Time: pickout 0.7283    branching_decision 0.0010    decision 0.0011    set_bounds 0.1846    prepare 0.1879    transfer 0.0001    finalize 0.4091    func 2.9612    solve 2.9583    add 0.0700    bab_iteration 3.5822    
Accumulated time: bab_iteration 42.1083    pickout 4.9490    decision 0.0141    branching_decision 0.0137    set_bounds 3.1454    solve 33.8874    func 36.8478    prepare 2.2455    transfer 0.0010    finalize 5.5654    add 0.9799    
max lb 1.2604174613952637 min lb -5.1618547439575195
Number of Verified Splits: 830 of 8192
Current worst splitting domains lb-rhs (depth):
-5.19375 (11), -5.19375 (12), -5.19375 (12), -5.19374 (15), -5.19374 (12), -5.19374 (11), -5.19337 (9), -5.19336 (14), -5.19322 (9), -5.19320 (11), -5.19302 (12), -5.19298 (9), -5.19278 (9), -5.19268 (13), -5.19252 (12), -5.19157 (9), -5.19138 (11), -5.19083 (9), -5.19082 (12), -5.19065 (11), 
Current (lb-rhs): -5.193750381469727
99570 domains visited
Length of domains: 42373
Cumulative time: 46.09018921852112

BaB round 18
batch: 4096
splitting decisions: 
split level 0: [/input-8, 4514] [/input-8, 4831] [/input, 6186] [/input-8, 8737] [/input-8, 12342] [/input, 3696] [/input-8, 9357] [/input, 216] [/input, 6225] [/input, 750] 
best_l after optimization: -11962.474609375
beta sum per layer: [20174.33203125, 140228.8125, 33.2382926940918]
alpha/beta optimization time: 2.2941527366638184
pruning_in_iteration open status: False
ratio of positive domain = 925 / 8192 = 0.1129150390625
pruning-in-iteration extra time: 5.9604644775390625e-05
Time: pickout 0.3659    branching_decision 0.0011    decision 0.0011    set_bounds 0.1822    prepare 0.1861    transfer 0.0001    finalize 0.4049    func 2.9541    solve 2.9613    add 0.0709    bab_iteration 3.9520    
Accumulated time: bab_iteration 46.0604    pickout 5.3149    decision 0.0152    branching_decision 0.0148    set_bounds 3.3276    solve 36.8487    func 39.8019    prepare 2.4317    transfer 0.0010    finalize 5.9703    add 1.0508    
max lb 1.923830509185791 min lb -5.149966239929199
Number of Verified Splits: 925 of 8192
Current worst splitting domains lb-rhs (depth):
-5.19375 (12), -5.19375 (11), -5.19375 (12), -5.19374 (12), -5.19374 (15), -5.19374 (11), -5.19337 (9), -5.19336 (14), -5.19322 (9), -5.19320 (11), -5.19302 (12), -5.19298 (9), -5.19278 (9), -5.19268 (13), -5.19252 (12), -5.19157 (9), -5.19138 (11), -5.19083 (9), -5.19082 (12), -5.19065 (11), 
Current (lb-rhs): -5.193750381469727
107762 domains visited
Length of domains: 45544
Cumulative time: 50.0625114440918

BaB round 19
batch: 4096
splitting decisions: 
split level 0: [/input-8, 5326] [/input-8, 6347] [/input, 6239] [/input-8, 7585] [/input, 5870] [/input-8, 10043] [/input-8, 4743] [/input-8, 7189] [/input, 6108] [/input, 5858] 
best_l after optimization: -11885.8427734375
beta sum per layer: [22261.64453125, 146609.21875, 35.782958984375]
alpha/beta optimization time: 2.294865608215332
pruning_in_iteration open status: False
ratio of positive domain = 971 / 8192 = 0.1185302734375
pruning-in-iteration extra time: 6.437301635742188e-05
Time: pickout 0.3717    branching_decision 0.0011    decision 0.0011    set_bounds 0.1844    prepare 0.1868    transfer 0.0001    finalize 0.3992    func 2.9543    solve 2.9541    add 0.4628    bab_iteration 3.9723    
Accumulated time: bab_iteration 50.0327    pickout 5.6866    decision 0.0163    branching_decision 0.0159    set_bounds 3.5120    solve 39.8028    func 42.7562    prepare 2.6184    transfer 0.0011    finalize 6.3695    add 1.5136    
max lb 1.1422090530395508 min lb -5.135329246520996
Number of Verified Splits: 971 of 8192
Current worst splitting domains lb-rhs (depth):
-5.19375 (12), -5.19375 (12), -5.19375 (11), -5.19374 (12), -5.19374 (15), -5.19374 (11), -5.19337 (9), -5.19336 (14), -5.19322 (9), -5.19320 (11), -5.19302 (12), -5.19298 (9), -5.19278 (9), -5.19268 (13), -5.19252 (12), -5.19157 (9), -5.19138 (11), -5.19083 (9), -5.19082 (12), -5.19065 (11), 
Current (lb-rhs): -5.193750381469727
115954 domains visited
Length of domains: 48669
Cumulative time: 53.65130376815796

BaB round 20
batch: 4096
splitting decisions: 
split level 0: [/input-8, 3695] [/input-8, 242] [/input-8, 11786] [/input, 5157] [/input-8, 4801] [/input-8, 7560] [/input-8, 3283] [/input-8, 7580] [/input-8, 7652] [/input, 6082] 
best_l after optimization: -11916.5595703125
beta sum per layer: [23942.046875, 152373.125, 39.053768157958984]
alpha/beta optimization time: 2.295003652572632
pruning_in_iteration open status: False
ratio of positive domain = 991 / 8192 = 0.1209716796875
pruning-in-iteration extra time: 5.817413330078125e-05
Time: pickout 0.3732    branching_decision 0.0010    decision 0.0010    set_bounds 0.1826    prepare 0.1883    transfer 0.0002    finalize 0.4014    func 3.4171    solve 2.9544    add 0.0706    bab_iteration 3.5888    
Accumulated time: bab_iteration 53.6215    pickout 6.0598    decision 0.0174    branching_decision 0.0169    set_bounds 3.6946    solve 42.7572    func 46.1733    prepare 2.8068    transfer 0.0013    finalize 6.7708    add 1.5843    
max lb 1.5947465896606445 min lb -5.135118007659912
Number of Verified Splits: 991 of 8192
Current worst splitting domains lb-rhs (depth):
-5.19375 (11), -5.19375 (12), -5.19375 (12), -5.19374 (12), -5.19374 (15), -5.19374 (11), -5.19337 (9), -5.19336 (14), -5.19322 (9), -5.19320 (11), -5.19302 (12), -5.19298 (9), -5.19278 (9), -5.19268 (13), -5.19252 (12), -5.19157 (9), -5.19138 (11), -5.19083 (9), -5.19082 (12), -5.19065 (11), 
Current (lb-rhs): -5.193750381469727
124146 domains visited
Length of domains: 51774
Cumulative time: 57.702417850494385

BaB round 21
batch: 4096
splitting decisions: 
split level 0: [/input-8, 232] [/input-8, 11446] [/input-8, 3774] [/input-8, 3588] [/input-8, 3285] [/input, 5926] [/input-8, 7673] [/input-8, 7982] [/input, 4223] [/input-8, 7950] 
best_l after optimization: -11984.4951171875
beta sum per layer: [25613.98828125, 157674.90625, 40.45952224731445]
alpha/beta optimization time: 2.2938177585601807
pruning_in_iteration open status: False
ratio of positive domain = 1042 / 8192 = 0.127197265625
pruning-in-iteration extra time: 5.9604644775390625e-05
Time: pickout 0.3720    branching_decision 0.0010    decision 0.0011    set_bounds 0.1824    prepare 0.1875    transfer 0.0001    finalize 0.3950    func 2.9452    solve 3.4172    add 0.0707    bab_iteration 4.0511    
Accumulated time: bab_iteration 57.6726    pickout 6.4318    decision 0.0184    branching_decision 0.0179    set_bounds 3.8770    solve 46.1744    func 49.1185    prepare 2.9943    transfer 0.0014    finalize 7.1659    add 1.6549    
max lb 1.5930252075195312 min lb -5.133932590484619
Number of Verified Splits: 1042 of 8192
Current worst splitting domains lb-rhs (depth):
-5.19375 (12), -5.19375 (12), -5.19375 (11), -5.19374 (12), -5.19374 (15), -5.19374 (11), -5.19337 (9), -5.19336 (14), -5.19322 (9), -5.19320 (11), -5.19302 (12), -5.19298 (9), -5.19278 (9), -5.19268 (13), -5.19252 (12), -5.19157 (9), -5.19138 (11), -5.19083 (9), -5.19082 (12), -5.19065 (11), 
Current (lb-rhs): -5.193750381469727
132338 domains visited
Length of domains: 54828
Time out!!!!!!!!
Result: unknown in 63.2178 seconds

 %%%%%%%%%%%%%%%%%%%%%%%%%%%%%%%%%%% idx: 4, vnnlib ID: 4 %%%%%%%%%%%%%%%%%%%%%%%%%%%%%%%%%%%
Finished vnnlib processing in 0.001631 seconds
Model: BoundedModule(
  (/input-1): BoundInput(name=/input-1, inputs=[], perturbed=True)
  (/shape): BoundBuffers(name=/shape, inputs=[], perturbed=False)
  (/12): BoundParams(name=/12, inputs=[], perturbed=False)
  (/13): BoundParams(name=/13, inputs=[], perturbed=False)
  (/14): BoundParams(name=/14, inputs=[], perturbed=False)
  (/15): BoundParams(name=/15, inputs=[], perturbed=False)
  (/16): BoundParams(name=/16, inputs=[], perturbed=False)
  (/17): BoundParams(name=/17, inputs=[], perturbed=False)
  (/18): BoundParams(name=/18, inputs=[], perturbed=False)
  (/19): BoundParams(name=/19, inputs=[], perturbed=False)
  (/20): BoundParams(name=/20, inputs=[], perturbed=False)
  (/21): BoundParams(name=/21, inputs=[], perturbed=False)
  (/input): BoundConv(name=/input, inputs=[/input-1, /12, /13], perturbed=True)
  (/input-4): BoundRelu(name=/input-4, inputs=[/input], perturbed=True)
  (/24): BoundConv(name=/24, inputs=[/input-4, /14, /15], perturbed=True)
  (/25): BoundConv(name=/25, inputs=[/input-4, /16, /17], perturbed=True)
  (/26): BoundAdd(name=/26, inputs=[/24, /25], perturbed=True)
  (/input-8): BoundConcat(name=/input-8, inputs=[/input, /26], perturbed=True)
  (/tensor): BoundRelu(name=/tensor, inputs=[/input-8], perturbed=True)
  (/30): BoundSplit(name=/30, inputs=[/tensor], perturbed=True)
  (/31): BoundSplit(name=/31, inputs=[/shape], perturbed=False)
  (/32): BoundSplit(name=/32, inputs=[/shape], perturbed=False)
  (/33): BoundConstant(name=/33, value=tensor([0], device='cuda:0'))
  (/34): BoundSqueeze(name=/34, inputs=[/31, /33], perturbed=False)
  (/35): BoundConstant(name=/35, value=tensor([0], device='cuda:0'))
  (/36): BoundSqueeze(name=/36, inputs=[/32, /35], perturbed=False)
  (/37): BoundConstant(name=/37, value=tensor([0], device='cuda:0'))
  (/38): BoundUnsqueeze(name=/38, inputs=[/34, /37], perturbed=False)
  (/39): BoundConstant(name=/39, value=tensor([0], device='cuda:0'))
  (/40): BoundUnsqueeze(name=/40, inputs=[/36, /39], perturbed=False)
  (/41): BoundConcat(name=/41, inputs=[/38, /40], perturbed=False)
  (/42): BoundReshape(name=/42, inputs=[/30, /41], perturbed=True)
  (/input-12): BoundLinear(name=/input-12, inputs=[/42, /18, /19], perturbed=True)
  (/44): BoundRelu(name=/44, inputs=[/input-12], perturbed=True)
  (/45): BoundLinear(name=/45, inputs=[/44, /20, /21], perturbed=True)
)
Original output in the first batch: tensor([[-0.42341667, -5.97700739,  2.76486874, -0.63377404,  6.49804068,
          1.40548885, -0.77616501,  3.67362761,  1.08741665,  2.87715697]],
       device='cuda:0')
Split layers:
Nonlinear functions:
   BoundRelu(name=/input-4, inputs=[/input], perturbed=True)
   BoundRelu(name=/tensor, inputs=[/input-8], perturbed=True)
   BoundRelu(name=/44, inputs=[/input-12], perturbed=True)
build batch [1/1]
layer /input-4 using sparse-features alpha with shape [2718]; unstable size 2718; total size 6272 ([1, 8, 28, 28])
layer /input-4 start_node /input-12 using sparse-spec alpha [2, 29, 1, 2718] with unstable size 28 total_size 64 output_shape torch.Size([64])
layer /input-4 start_node /45 using full alpha [2, 9, 1, 2718] with unstable size None total_size 9 output_shape 9
layer /tensor using sparse-features alpha with shape [6997]; unstable size 6997; total size 12544 ([1, 16, 28, 28])
layer /tensor start_node /input-12 using sparse-spec alpha [2, 29, 1, 6997] with unstable size 28 total_size 64 output_shape torch.Size([64])
layer /tensor start_node /45 using full alpha [2, 9, 1, 6997] with unstable size None total_size 9 output_shape 9
layer /44 using sparse-features alpha with shape [28]; unstable size 28; total size 64 ([1, 64])
layer /44 start_node /45 using full alpha [2, 9, 1, 28] with unstable size None total_size 9 output_shape 9
Optimizable variables initialized.
initial CROWN bounds (first 10 items): [-8.049066543579102, 0.18976688385009766, -11.113378524780273, -9.247129440307617, -8.175657272338867, -8.606656074523926, -9.775060653686523, -7.291745662689209, -6.695440292358398]
prune_after_crown optimization in use
  original spec size = torch.Size([1, 9])
  pruned spec size = torch.Size([1, 8])
Using alpha-CROWN to initialize bounds.
best_l after optimization: -62.82553482055664
alpha/beta optimization time: 1.251922607421875
initial alpha-crown bounds (first 10 items): [-7.452866077423096, -10.619009971618652, -7.672543048858643, -7.441832542419434, -8.114336013793945, -8.918689727783203, -6.33423376083374, -6.272024154663086]
Global lower bound: -10.619009971618652
1 / 9 OR specs are verified.
Verified OR indices (first 10 items): [1]
Verified OR lbs (first 10 items): [[inf]]
Unverified OR indices (first 10 items): [0, 2, 3, 4, 5, 6, 7, 8]
Unverified OR lbs (first 10 items): [[-7.452866077423096], [-10.619009971618652], [-7.672543048858643], [-7.441832542419434], [-8.114336013793945], [-8.918689727783203], [-6.33423376083374], [-6.272024154663086]]
###### Verifying property Instance 4 ######
Batch size: 8
First 10 spec matrices
C: tensor([[[-1.,  0.,  0.,  0.,  1.,  0.,  0.,  0.,  0.,  0.]],

        [[ 0.,  0., -1.,  0.,  1.,  0.,  0.,  0.,  0.,  0.]],

        [[ 0.,  0.,  0., -1.,  1.,  0.,  0.,  0.,  0.,  0.]],

        [[ 0.,  0.,  0.,  0.,  1., -1.,  0.,  0.,  0.,  0.]],

        [[ 0.,  0.,  0.,  0.,  1.,  0., -1.,  0.,  0.,  0.]],

        [[ 0.,  0.,  0.,  0.,  1.,  0.,  0., -1.,  0.,  0.]],

        [[ 0.,  0.,  0.,  0.,  1.,  0.,  0.,  0., -1.,  0.]],

        [[ 0.,  0.,  0.,  0.,  1.,  0.,  0.,  0.,  0., -1.]]], device='cuda:0')
RHS: tensor([[0.],
        [0.],
        [0.],
        [0.],
        [0.],
        [0.],
        [0.],
        [0.]], device='cuda:0')
OR spec sizes: tensor([1, 1, 1, 1, 1, 1, 1, 1], device='cuda:0', dtype=torch.int32)
Remaining timeout: 58.35102987289429
Model prediction is: tensor([-0.42341667, -5.97700739,  2.76486874, -0.63377404,  6.49804068,
         1.40548885, -0.77616501,  3.67362761,  1.08741665,  2.87715697],
       device='cuda:0')
Activation BaB batch 1/1 
build_with_refined_bounds batch [1/1]
Optimizable variables initialized.
all alpha initialized
directly get lb and ub from refined bounds
c shape: torch.Size([8, 1, 10])
lA shapes: [torch.Size([8, 1, 8, 28, 28]), torch.Size([8, 1, 16, 28, 28]), torch.Size([8, 1, 64])]
(alpha-)CROWN with fixed intermediate bounds: tensor([[ -7.45286608],
        [-10.61900997],
        [ -7.67254305],
        [ -7.44183254],
        [ -8.11433601],
        [ -8.91868973],
        [ -6.33423376],
        [ -6.27202415]], device='cuda:0') tensor([[inf],
        [inf],
        [inf],
        [inf],
        [inf],
        [inf],
        [inf],
        [inf]], device='cuda:0')
Intermediate layers: /input,/input-8,/input-12
Keeping alphas for these layers: ['/45']
Node /input-4 input 0: size torch.Size([8, 28, 28]) unstable 2718
Node /tensor input 0: size torch.Size([16, 28, 28]) unstable 6997
Node /44 input 0: size torch.Size([64]) unstable 25
-----------------
# of unstable neurons: 9740
-----------------

BaB round 1
batch: 8
splitting decisions: 
split level 0: [/input-8, 12298] [/input-8, 114] [/input-8, 5458] [/input-8, 4762] [/input, 3864] [/input-8, 10034] [/input-8, 3070] [/input-8, 8783] 
split level 1: [/input-8, 10016] [/input-8, 9427] [/input, 3374] [/input-8, 6138] [/input, 3580] [/input-8, 8685] [/input-8, 5473] [/input-8, 3500] 
split level 2: [/input-8, 12014] [/input, 6147] [/input-8, 8926] [/input-8, 6649] [/input-8, 9754] [/input-8, 9261] [/input-8, 4767] [/input, 746] 
split level 3: [/input-8, 5349] [/input-8, 626] [/input-8, 11722] [/input-8, 11295] [/input-8, 1272] [/input-8, 3471] [/input-8, 8404] [/input, 192] 
best_l after optimization: -990.148193359375
beta sum per layer: [23.34126091003418, 69.77760314941406, 0.0]
alpha/beta optimization time: 0.14093613624572754
pruning_in_iteration open status: False
ratio of positive domain = 0 / 128 = 0.0
pruning-in-iteration extra time: 5.125999450683594e-05
Time: pickout 0.0038    branching_decision 0.0001    decision 0.0001    set_bounds 0.0069    prepare 0.0017    transfer 0.0001    finalize 0.0071    func 0.1546    
Accumulated time: bab_iteration 0.0000    pickout 0.0038    decision 0.0001    branching_decision 0.0001    set_bounds 0.0069    solve 0.0000    func 0.1546    prepare 0.0017    transfer 0.0001    finalize 0.0071    
max lb -6.076198577880859 min lb -10.619000434875488
Number of Verified Splits: 0 of 128
Current worst splitting domains lb-rhs (depth):
-10.61900 (4), -10.61900 (4), -10.61900 (4), -10.61900 (4), -10.61714 (4), -10.61714 (4), -10.61714 (4), -10.61714 (4), -10.55902 (4), -10.55902 (4), -10.55902 (4), -10.55902 (4), -10.55717 (4), -10.55717 (4), -10.55717 (4), -10.55717 (4), -8.91462 (4), -8.91462 (4), -8.84297 (4), -8.84297 (4), 
Current (lb-rhs): -10.619000434875488
128 domains visited
Length of domains: 128
Cumulative time: 0.19425725936889648

BaB round 2
batch: 128
splitting decisions: 
split level 0: [/input-8, 8692] [/input, 5688] [/input, 754] [/input, 376] [/input-8, 7588] [/input, 413] [/input-8, 9911] [/input-8, 9820] [/input-8, 9573] [/input, 3876] 
best_l after optimization: -1952.9344482421875
beta sum per layer: [79.57608032226562, 296.234375, 0.6146710515022278]
alpha/beta optimization time: 0.14428234100341797
pruning_in_iteration open status: False
ratio of positive domain = 0 / 256 = 0.0
pruning-in-iteration extra time: 5.221366882324219e-05
Time: pickout 0.0113    branching_decision 0.0001    decision 0.0001    set_bounds 0.0058    prepare 0.0057    transfer 0.0000    finalize 0.0135    func 0.1692    solve 0.1546    add 0.0022    bab_iteration 0.1678    
Accumulated time: bab_iteration 0.1678    pickout 0.0151    decision 0.0002    branching_decision 0.0002    set_bounds 0.0127    solve 0.1546    func 0.3238    prepare 0.0075    transfer 0.0001    finalize 0.0206    add 0.0022    
max lb -5.797812461853027 min lb -10.618980407714844
Number of Verified Splits: 0 of 256
Current worst splitting domains lb-rhs (depth):
-10.61898 (5), -10.61898 (5), -10.61898 (5), -10.61898 (5), -10.61898 (5), -10.61898 (5), -10.61898 (5), -10.61699 (5), -10.61699 (5), -10.61689 (5), -10.61558 (5), -10.61533 (5), -10.60141 (5), -10.59276 (5), -10.50227 (5), -10.50227 (5), -10.50227 (5), -10.50224 (5), -10.50223 (5), -10.50126 (5), 
Current (lb-rhs): -10.618980407714844
384 domains visited
Length of domains: 256
Cumulative time: 0.38466525077819824

BaB round 3
batch: 256
splitting decisions: 
split level 0: [/input-8, 10167] [/input-8, 9536] [/input-8, 6438] [/input-8, 571] [/input, 6108] [/input-8, 6645] [/input-8, 5586] [/input, 5380] [/input-8, 7805] [/input-8, 5232] 
best_l after optimization: -3848.71240234375
beta sum per layer: [217.22225952148438, 873.5103759765625, 1.3279948234558105]
alpha/beta optimization time: 0.15669703483581543
pruning_in_iteration open status: False
ratio of positive domain = 0 / 512 = 0.0
pruning-in-iteration extra time: 5.173683166503906e-05
Time: pickout 0.0226    branching_decision 0.0002    decision 0.0002    set_bounds 0.0123    prepare 0.0111    transfer 0.0000    finalize 0.0252    func 0.2008    solve 0.1693    add 0.0037    bab_iteration 0.1904    
Accumulated time: bab_iteration 0.3582    pickout 0.0377    decision 0.0004    branching_decision 0.0003    set_bounds 0.0250    solve 0.3239    func 0.5246    prepare 0.0185    transfer 0.0001    finalize 0.0457    add 0.0060    
max lb -5.433111667633057 min lb -10.61898136138916
Number of Verified Splits: 0 of 512
Current worst splitting domains lb-rhs (depth):
-10.61898 (6), -10.61898 (6), -10.61898 (6), -10.61898 (6), -10.61898 (6), -10.61898 (6), -10.61898 (6), -10.61894 (6), -10.61884 (6), -10.61883 (6), -10.61695 (6), -10.61695 (6), -10.61692 (6), -10.61685 (6), -10.61685 (6), -10.61623 (6), -10.61551 (6), -10.61551 (6), -10.61392 (6), -10.61279 (6), 
Current (lb-rhs): -10.618980407714844
896 domains visited
Length of domains: 512
Cumulative time: 0.6277997493743896

BaB round 4
batch: 512
splitting decisions: 
split level 0: [/input-8, 6346] [/input-8, 6406] [/input-8, 7309] [/input, 5663] [/input, 3444] [/input-8, 5076] [/input, 738] [/input-8, 6299] [/input-8, 6937] [/input, 205] 
best_l after optimization: -7567.06787109375
beta sum per layer: [532.1991577148438, 2394.44482421875, 2.785550594329834]
alpha/beta optimization time: 0.2859969139099121
pruning_in_iteration open status: False
ratio of positive domain = 0 / 1024 = 0.0
pruning-in-iteration extra time: 8.344650268554688e-05
Time: pickout 0.0449    branching_decision 0.0002    decision 0.0002    set_bounds 0.0256    prepare 0.0222    transfer 0.0000    finalize 0.0472    func 0.3680    solve 0.2008    add 0.0069    bab_iteration 0.2431    
Accumulated time: bab_iteration 0.6013    pickout 0.0825    decision 0.0007    branching_decision 0.0006    set_bounds 0.0506    solve 0.5247    func 0.8925    prepare 0.0408    transfer 0.0002    finalize 0.0929    add 0.0129    
max lb -4.849452972412109 min lb -10.618995666503906
Number of Verified Splits: 0 of 1024
Current worst splitting domains lb-rhs (depth):
-10.61898 (7), -10.61898 (7), -10.61898 (7), -10.61898 (7), -10.61898 (7), -10.61898 (7), -10.61884 (7), -10.61883 (7), -10.61883 (7), -10.61878 (7), -10.61848 (7), -10.61826 (7), -10.61772 (7), -10.61695 (7), -10.61692 (7), -10.61692 (7), -10.61685 (7), -10.61685 (7), -10.61612 (7), -10.61607 (7), 
Current (lb-rhs): -10.618980407714844
1920 domains visited
Length of domains: 1024
Cumulative time: 1.0791702270507812

BaB round 5
batch: 1024
splitting decisions: 
split level 0: [/input-8, 6782] [/input-8, 7009] [/input, 236] [/input-8, 7333] [/input-8, 2955] [/input, 505] [/input-8, 7676] [/input, 5932] [/input-12, 49] [/input-8, 7405] 
best_l after optimization: -14830.341796875
beta sum per layer: [1250.0303955078125, 6284.5078125, 7.02246618270874]
alpha/beta optimization time: 0.6027374267578125
pruning_in_iteration open status: False
ratio of positive domain = 0 / 2048 = 0.0
pruning-in-iteration extra time: 5.2928924560546875e-05
Time: pickout 0.0822    branching_decision 0.0004    decision 0.0004    set_bounds 0.0445    prepare 0.0444    transfer 0.0000    finalize 0.1075    func 0.7780    solve 0.3680    add 0.0117    bab_iteration 0.4514    
Accumulated time: bab_iteration 1.0527    pickout 0.1648    decision 0.0011    branching_decision 0.0010    set_bounds 0.0951    solve 0.8927    func 1.6705    prepare 0.0851    transfer 0.0002    finalize 0.2004    add 0.0246    
max lb -4.10675048828125 min lb -10.618995666503906
Number of Verified Splits: 0 of 2048
Current worst splitting domains lb-rhs (depth):
-10.61898 (8), -10.61898 (8), -10.61898 (8), -10.61898 (8), -10.61883 (8), -10.61883 (8), -10.61883 (8), -10.61882 (8), -10.61878 (8), -10.61878 (8), -10.61863 (8), -10.61833 (8), -10.61826 (8), -10.61826 (8), -10.61772 (8), -10.61766 (8), -10.61695 (8), -10.61695 (8), -10.61692 (8), -10.61682 (8), 
Current (lb-rhs): -10.618980407714844
3968 domains visited
Length of domains: 2048
Cumulative time: 2.0089943408966064

BaB round 6
batch: 2048
splitting decisions: 
split level 0: [/input-8, 7568] [/input-8, 12430] [/input-8, 9515] [/input-8, 4739] [/input-8, 5352] [/input-8, 5769] [/input-8, 7407] [/input-8, 6212] [/input-8, 9998] [/input-8, 6990] 
best_l after optimization: -28990.37890625
beta sum per layer: [2865.804443359375, 15907.384765625, 18.761503219604492]
alpha/beta optimization time: 1.1804649829864502
pruning_in_iteration open status: False
ratio of positive domain = 0 / 4096 = 0.0
pruning-in-iteration extra time: 5.459785461425781e-05
Time: pickout 0.1667    branching_decision 0.0009    decision 0.0009    set_bounds 0.0890    prepare 0.0907    transfer 0.0000    finalize 0.3631    func 1.6728    solve 0.7780    add 0.0236    bab_iteration 0.9298    
Accumulated time: bab_iteration 1.9825    pickout 0.3315    decision 0.0020    branching_decision 0.0018    set_bounds 0.1841    solve 1.6707    func 3.3433    prepare 0.1759    transfer 0.0003    finalize 0.5635    add 0.0483    
max lb -3.3884668350219727 min lb -10.618995666503906
Number of Verified Splits: 0 of 4096
Current worst splitting domains lb-rhs (depth):
-10.61898 (9), -10.61883 (9), -10.61883 (9), -10.61883 (9), -10.61882 (9), -10.61878 (9), -10.61878 (9), -10.61870 (9), -10.61835 (9), -10.61832 (9), -10.61832 (9), -10.61829 (9), -10.61826 (9), -10.61821 (9), -10.61808 (9), -10.61772 (9), -10.61760 (9), -10.61755 (9), -10.61725 (9), -10.61725 (9), 
Current (lb-rhs): -10.618980407714844
8064 domains visited
Length of domains: 4096
current_vram/total_varm: 11.8GB/47.7GB, batch_size increase to 4096
Cumulative time: 3.984630823135376

BaB round 7
batch: 4096
splitting decisions: 
split level 0: [/input-8, 7140] [/input-8, 5062] [/input, 5245] [/input, 76] [/input, 3507] [/input-8, 8686] [/input-8, 7084] [/input-8, 6434] [/input-8, 8010] [/input, 5298] 
best_l after optimization: -56508.0
beta sum per layer: [6471.62158203125, 39133.4140625, 44.77080535888672]
alpha/beta optimization time: 2.3439996242523193
pruning_in_iteration open status: False
ratio of positive domain = 0 / 8192 = 0.0
pruning-in-iteration extra time: 5.53131103515625e-05
Time: pickout 0.3357    branching_decision 0.0013    decision 0.0014    set_bounds 0.1793    prepare 0.1827    transfer 0.0001    finalize 0.6006    func 3.2049    solve 1.6729    add 0.0442    bab_iteration 1.9756    
Accumulated time: bab_iteration 3.9581    pickout 0.6671    decision 0.0034    branching_decision 0.0032    set_bounds 0.3634    solve 3.3436    func 6.5482    prepare 0.3585    transfer 0.0003    finalize 1.1641    add 0.0925    
max lb -2.035259246826172 min lb -10.61894416809082
Number of Verified Splits: 0 of 8192
Current worst splitting domains lb-rhs (depth):
-10.61894 (10), -10.61883 (10), -10.61883 (10), -10.61883 (10), -10.61883 (10), -10.61883 (10), -10.61870 (10), -10.61866 (10), -10.61832 (10), -10.61832 (10), -10.61832 (10), -10.61832 (10), -10.61826 (10), -10.61815 (10), -10.61813 (10), -10.61810 (10), -10.61808 (10), -10.61784 (10), -10.61753 (10), -10.61739 (10), 
Current (lb-rhs): -10.61894416809082
16256 domains visited
Length of domains: 8192
Cumulative time: 7.79100775718689

BaB round 8
batch: 4096
splitting decisions: 
split level 0: [/input-8, 5584] [/input, 3177] [/input, 5238] [/input, 1446] [/input-8, 5609] [/input-8, 9315] [/input-8, 7604] [/input-8, 8001] [/input, 5928] [/input, 3366] 
best_l after optimization: -54841.2734375
beta sum per layer: [7323.44140625, 47659.4921875, 60.466773986816406]
alpha/beta optimization time: 2.344578981399536
pruning_in_iteration open status: False
ratio of positive domain = 0 / 8192 = 0.0
pruning-in-iteration extra time: 5.793571472167969e-05
Time: pickout 0.3558    branching_decision 0.0012    decision 0.0012    set_bounds 0.3355    prepare 0.1841    transfer 0.0001    finalize 0.4626    func 3.0614    solve 3.2049    add 0.0818    bab_iteration 3.8064    
Accumulated time: bab_iteration 7.7645    pickout 1.0230    decision 0.0046    branching_decision 0.0044    set_bounds 0.6990    solve 6.5485    func 9.6096    prepare 0.5426    transfer 0.0004    finalize 1.6267    add 0.1743    
max lb -1.1490583419799805 min lb -10.61884880065918
Number of Verified Splits: 0 of 8192
Current worst splitting domains lb-rhs (depth):
-10.61894 (10), -10.61883 (11), -10.61883 (10), -10.61883 (10), -10.61883 (11), -10.61883 (10), -10.61870 (10), -10.61866 (10), -10.61834 (11), -10.61832 (11), -10.61832 (11), -10.61832 (10), -10.61832 (11), -10.61832 (10), -10.61826 (10), -10.61815 (11), -10.61813 (10), -10.61809 (11), -10.61808 (11), -10.61784 (11), 
Current (lb-rhs): -10.61894416809082
24448 domains visited
Length of domains: 12288
Cumulative time: 11.652120351791382

BaB round 9
batch: 4096
splitting decisions: 
split level 0: [/input-8, 4927] [/input-8, 9468] [/input-8, 6922] [/input-8, 6581] [/input-8, 10105] [/input-8, 11885] [/input, 352] [/input-8, 5481] [/input, 197] [/input, 244] 
best_l after optimization: -53007.21875
beta sum per layer: [8282.94140625, 57142.34765625, 76.41387176513672]
alpha/beta optimization time: 2.3466224670410156
pruning_in_iteration open status: False
ratio of positive domain = 0 / 8192 = 0.0
pruning-in-iteration extra time: 9.298324584960938e-05
Time: pickout 0.3533    branching_decision 0.0011    decision 0.0011    set_bounds 0.3517    prepare 0.1848    transfer 0.0001    finalize 0.4681    func 3.0717    solve 3.0615    add 0.1035    bab_iteration 3.8611    
Accumulated time: bab_iteration 11.6256    pickout 1.3763    decision 0.0056    branching_decision 0.0054    set_bounds 1.0507    solve 9.6100    func 12.6814    prepare 0.7274    transfer 0.0005    finalize 2.0948    add 0.2778    
max lb -0.13822650909423828 min lb -10.61888313293457
Number of Verified Splits: 0 of 8192
Current worst splitting domains lb-rhs (depth):
-10.61894 (10), -10.61883 (12), -10.61883 (11), -10.61883 (12), -10.61883 (10), -10.61883 (10), -10.61883 (10), -10.61870 (10), -10.61866 (10), -10.61834 (11), -10.61832 (11), -10.61832 (12), -10.61832 (12), -10.61832 (10), -10.61832 (10), -10.61826 (10), -10.61815 (12), -10.61813 (10), -10.61808 (11), -10.61804 (12), 
Current (lb-rhs): -10.61894416809082
32640 domains visited
Length of domains: 16384
Cumulative time: 15.517469882965088

BaB round 10
batch: 4096
splitting decisions: 
split level 0: [/input-8, 38] [/input-8, 8604] [/input-8, 5551] [/input-8, 8406] [/input-8, 12499] [/input-8, 9774] [/input-8, 8036] [/input, 3383] [/input-8, 6312] [/input, 5355] 
best_l after optimization: -51044.59375
beta sum per layer: [9285.3173828125, 67417.09375, 97.16693115234375]
alpha/beta optimization time: 2.348484516143799
pruning_in_iteration open status: False
ratio of positive domain = 11 / 8192 = 0.0013427734375
pruning-in-iteration extra time: 6.198883056640625e-05
Time: pickout 0.3592    branching_decision 0.0011    decision 0.0012    set_bounds 0.4165    prepare 0.1851    transfer 0.0001    finalize 0.4664    func 3.0714    solve 3.0718    add 0.0834    bab_iteration 3.8653    
Accumulated time: bab_iteration 15.4910    pickout 1.7354    decision 0.0068    branching_decision 0.0065    set_bounds 1.4672    solve 12.6818    func 15.7527    prepare 0.9125    transfer 0.0005    finalize 2.5612    add 0.3612    
max lb 0.4237656593322754 min lb -10.618324279785156
Number of Verified Splits: 11 of 8192
Current worst splitting domains lb-rhs (depth):
-10.61894 (10), -10.61883 (10), -10.61883 (12), -10.61883 (10), -10.61883 (11), -10.61883 (10), -10.61870 (10), -10.61866 (10), -10.61834 (11), -10.61832 (11), -10.61832 (12), -10.61832 (10), -10.61832 (10), -10.61832 (13), -10.61826 (10), -10.61815 (12), -10.61813 (10), -10.61808 (11), -10.61804 (12), -10.61784 (11), 
Current (lb-rhs): -10.61894416809082
40832 domains visited
Length of domains: 20469
Cumulative time: 19.508535385131836

BaB round 11
batch: 4096
splitting decisions: 
split level 0: [/input-8, 5347] [/input, 4740] [/input-8, 11305] [/input-8, 166] [/input-8, 10120] [/input-8, 6218] [/input, 3737] [/input, 3556] [/input-8, 6353] [/input-8, 12000] 
best_l after optimization: -49028.734375
beta sum per layer: [10330.744140625, 78412.15625, 101.46505737304688]
alpha/beta optimization time: 2.3467442989349365
pruning_in_iteration open status: False
ratio of positive domain = 21 / 8192 = 0.0025634765625
pruning-in-iteration extra time: 5.984306335449219e-05
Time: pickout 0.3596    branching_decision 0.0011    decision 0.0011    set_bounds 0.4081    prepare 0.1865    transfer 0.0001    finalize 0.4667    func 3.0759    solve 3.0714    add 0.1387    bab_iteration 3.9911    
Accumulated time: bab_iteration 19.4820    pickout 2.0951    decision 0.0079    branching_decision 0.0076    set_bounds 1.8754    solve 15.7532    func 18.8286    prepare 1.0990    transfer 0.0006    finalize 3.0280    add 0.4999    
max lb 1.6189680099487305 min lb -10.618324279785156
Number of Verified Splits: 21 of 8192
Current worst splitting domains lb-rhs (depth):
-10.61894 (10), -10.61883 (10), -10.61883 (10), -10.61883 (12), -10.61883 (11), -10.61883 (10), -10.61870 (10), -10.61866 (10), -10.61834 (11), -10.61832 (10), -10.61832 (11), -10.61832 (12), -10.61832 (14), -10.61832 (10), -10.61826 (10), -10.61815 (12), -10.61813 (10), -10.61808 (11), -10.61804 (12), -10.61784 (11), 
Current (lb-rhs): -10.61894416809082
49024 domains visited
Length of domains: 24544
Cumulative time: 23.441060066223145

BaB round 12
batch: 4096
splitting decisions: 
split level 0: [/input, 3184] [/input-8, 6926] [/input-8, 11933] [/input-8, 11324] [/input, 3361] [/input-8, 12529] [/input-8, 7114] [/input-8, 3681] [/input, 5442] [/input, 747] 
best_l after optimization: -46994.97265625
beta sum per layer: [11467.3291015625, 89828.765625, 102.16371154785156]
alpha/beta optimization time: 2.3474559783935547
pruning_in_iteration open status: False
ratio of positive domain = 34 / 8192 = 0.004150390625
pruning-in-iteration extra time: 5.8650970458984375e-05
Time: pickout 0.3625    branching_decision 0.0010    decision 0.0010    set_bounds 0.1807    prepare 0.1848    transfer 0.0001    finalize 0.7204    func 3.3228    solve 3.0760    add 0.0831    bab_iteration 3.9325    
Accumulated time: bab_iteration 23.4145    pickout 2.4575    decision 0.0090    branching_decision 0.0087    set_bounds 2.0561    solve 18.8292    func 22.1515    prepare 1.2838    transfer 0.0006    finalize 3.7484    add 0.5830    
max lb 1.5004844665527344 min lb -10.616776466369629
Number of Verified Splits: 34 of 8192
Current worst splitting domains lb-rhs (depth):
-10.61894 (10), -10.61883 (10), -10.61883 (10), -10.61883 (10), -10.61883 (12), -10.61883 (11), -10.61870 (10), -10.61866 (10), -10.61834 (11), -10.61832 (10), -10.61832 (14), -10.61832 (11), -10.61832 (10), -10.61832 (12), -10.61826 (10), -10.61815 (12), -10.61813 (10), -10.61808 (11), -10.61804 (12), -10.61784 (11), 
Current (lb-rhs): -10.61894416809082
57216 domains visited
Length of domains: 28606
Cumulative time: 27.39672875404358

BaB round 13
batch: 4096
splitting decisions: 
split level 0: [/input-8, 5199] [/input-8, 9280] [/input-8, 8642] [/input-8, 7760] [/input, 3304] [/input-8, 4941] [/input-8, 12091] [/input-8, 5258] [/input-8, 9858] [/input-8, 5303] 
best_l after optimization: -44882.33203125
beta sum per layer: [12660.0185546875, 101780.9296875, 114.28804016113281]
alpha/beta optimization time: 2.347470760345459
pruning_in_iteration open status: False
ratio of positive domain = 105 / 8192 = 0.0128173828125
pruning-in-iteration extra time: 7.653236389160156e-05
Time: pickout 0.3645    branching_decision 0.0010    decision 0.0010    set_bounds 0.1818    prepare 0.1858    transfer 0.0001    finalize 0.4645    func 3.0680    solve 3.3229    add 0.0837    bab_iteration 3.9557    
Accumulated time: bab_iteration 27.3702    pickout 2.8221    decision 0.0100    branching_decision 0.0097    set_bounds 2.2378    solve 22.1521    func 25.2195    prepare 1.4696    transfer 0.0007    finalize 4.2129    add 0.6666    
max lb 0.5966587066650391 min lb -10.616739273071289
Number of Verified Splits: 105 of 8192
Current worst splitting domains lb-rhs (depth):
-10.61894 (10), -10.61883 (10), -10.61883 (10), -10.61883 (12), -10.61883 (11), -10.61883 (10), -10.61870 (10), -10.61866 (10), -10.61834 (11), -10.61832 (10), -10.61832 (11), -10.61832 (12), -10.61832 (10), -10.61832 (14), -10.61826 (10), -10.61815 (12), -10.61813 (10), -10.61808 (11), -10.61804 (12), -10.61784 (11), 
Current (lb-rhs): -10.61894416809082
65408 domains visited
Length of domains: 32597
Cumulative time: 31.10059666633606

BaB round 14
batch: 4096
splitting decisions: 
split level 0: [/input-8, 5701] [/input-8, 45] [/input-8, 8310] [/input-8, 7283] [/input, 513] [/input-8, 9025] [/input-8, 10059] [/input-8, 7220] [/input-8, 5331] [/input-8, 240] 
best_l after optimization: -43057.6328125
beta sum per layer: [13947.578125, 112943.0, 129.17315673828125]
alpha/beta optimization time: 2.3504199981689453
pruning_in_iteration open status: False
ratio of positive domain = 82 / 8192 = 0.010009765625
pruning-in-iteration extra time: 6.437301635742188e-05
Time: pickout 0.6614    branching_decision 0.0011    decision 0.0011    set_bounds 0.1825    prepare 0.1854    transfer 0.0001    finalize 0.4671    func 3.0745    solve 3.0681    add 0.0828    bab_iteration 3.7039    
Accumulated time: bab_iteration 31.0741    pickout 3.4835    decision 0.0111    branching_decision 0.0107    set_bounds 2.4204    solve 25.2202    func 28.2940    prepare 1.6550    transfer 0.0008    finalize 4.6801    add 0.7494    
max lb 1.8418216705322266 min lb -10.616739273071289
Number of Verified Splits: 82 of 8192
Current worst splitting domains lb-rhs (depth):
-10.61894 (10), -10.61883 (10), -10.61883 (11), -10.61883 (12), -10.61883 (10), -10.61883 (10), -10.61870 (10), -10.61866 (10), -10.61834 (11), -10.61832 (10), -10.61832 (10), -10.61832 (12), -10.61832 (14), -10.61832 (11), -10.61826 (10), -10.61815 (12), -10.61813 (10), -10.61808 (11), -10.61804 (12), -10.61784 (11), 
Current (lb-rhs): -10.61894416809082
73600 domains visited
Length of domains: 36611
Cumulative time: 35.23321557044983

BaB round 15
batch: 4096
splitting decisions: 
split level 0: [/input-8, 7689] [/input, 452] [/input-8, 8280] [/input, 3192] [/input-8, 9408] [/input-12, 55] [/input-8, 7867] [/input-8, 11933] [/input-8, 8349] [/input-8, 3421] 
best_l after optimization: -41030.0546875
beta sum per layer: [15291.880859375, 125338.1640625, 138.02273559570312]
alpha/beta optimization time: 2.348163604736328
pruning_in_iteration open status: False
ratio of positive domain = 181 / 8192 = 0.0220947265625
pruning-in-iteration extra time: 5.888938903808594e-05
Time: pickout 0.3857    branching_decision 0.0010    decision 0.0010    set_bounds 0.5466    prepare 0.1898    transfer 0.0001    finalize 0.4596    func 3.0674    solve 3.0746    add 0.2074    bab_iteration 4.1326    
Accumulated time: bab_iteration 35.2067    pickout 3.8692    decision 0.0121    branching_decision 0.0118    set_bounds 2.9670    solve 28.2948    func 31.3614    prepare 1.8447    transfer 0.0008    finalize 5.1397    add 0.9568    
max lb 1.653672218322754 min lb -10.616739273071289
Number of Verified Splits: 181 of 8192
Current worst splitting domains lb-rhs (depth):
-10.61894 (10), -10.61883 (11), -10.61883 (10), -10.61883 (12), -10.61883 (10), -10.61883 (10), -10.61870 (10), -10.61866 (10), -10.61834 (11), -10.61832 (12), -10.61832 (14), -10.61832 (10), -10.61832 (10), -10.61832 (11), -10.61826 (10), -10.61815 (12), -10.61813 (10), -10.61808 (11), -10.61804 (12), -10.61784 (11), 
Current (lb-rhs): -10.61894416809082
81792 domains visited
Length of domains: 40526
Cumulative time: 39.32524919509888

BaB round 16
batch: 4096
splitting decisions: 
split level 0: [/input-8, 6205] [/input-8, 9040] [/input-8, 5098] [/input-8, 12482] [/input, 5756] [/input, 4791] [/input-8, 9498] [/input-8, 5694] [/input, 5360] [/input-8, 7964] 
best_l after optimization: -39493.6640625
beta sum per layer: [16862.841796875, 136538.03125, 134.275634765625]
alpha/beta optimization time: 2.348325490951538
pruning_in_iteration open status: False
ratio of positive domain = 160 / 8192 = 0.01953125
pruning-in-iteration extra time: 6.771087646484375e-05
Time: pickout 0.3751    branching_decision 0.0010    decision 0.0010    set_bounds 0.1822    prepare 0.1868    transfer 0.0001    finalize 0.4609    func 3.0659    solve 3.0674    add 0.0851    bab_iteration 4.0920    
Accumulated time: bab_iteration 39.2987    pickout 4.2443    decision 0.0132    branching_decision 0.0128    set_bounds 3.1491    solve 31.3622    func 34.4274    prepare 2.0315    transfer 0.0009    finalize 5.6006    add 1.0419    
max lb 0.41745710372924805 min lb -10.616698265075684
Number of Verified Splits: 160 of 8192
Current worst splitting domains lb-rhs (depth):
-10.61894 (10), -10.61883 (12), -10.61883 (10), -10.61883 (10), -10.61883 (10), -10.61883 (11), -10.61870 (10), -10.61866 (10), -10.61834 (11), -10.61832 (11), -10.61832 (14), -10.61832 (12), -10.61832 (10), -10.61832 (10), -10.61826 (10), -10.61815 (12), -10.61813 (10), -10.61808 (11), -10.61804 (12), -10.61784 (11), 
Current (lb-rhs): -10.61894416809082
89984 domains visited
Length of domains: 44462
Cumulative time: 43.04241895675659

BaB round 17
batch: 4096
splitting decisions: 
split level 0: [/input-8, 6367] [/input-8, 5427] [/input-8, 9635] [/input-8, 7429] [/input-8, 7507] [/input-8, 12069] [/input-8, 11785] [/input-8, 8010] [/input-8, 4927] [/input-8, 305] 
best_l after optimization: -37666.78125
beta sum per layer: [18366.13671875, 149239.6875, 130.98236083984375]
alpha/beta optimization time: 2.3476386070251465
pruning_in_iteration open status: False
ratio of positive domain = 258 / 8192 = 0.031494140625
pruning-in-iteration extra time: 5.626678466796875e-05
Time: pickout 0.7314    branching_decision 0.0010    decision 0.0010    set_bounds 0.1821    prepare 0.1856    transfer 0.0001    finalize 0.4542    func 3.0569    solve 3.0660    add 0.0865    bab_iteration 3.7172    
Accumulated time: bab_iteration 43.0159    pickout 4.9757    decision 0.0142    branching_decision 0.0138    set_bounds 3.3312    solve 34.4282    func 37.4842    prepare 2.2171    transfer 0.0009    finalize 6.0548    add 1.1284    
max lb 1.7515158653259277 min lb -10.616698265075684
Number of Verified Splits: 259 of 8192
Current worst splitting domains lb-rhs (depth):
-10.61894 (10), -10.61883 (12), -10.61883 (11), -10.61883 (10), -10.61883 (10), -10.61883 (10), -10.61870 (10), -10.61866 (10), -10.61834 (11), -10.61832 (12), -10.61832 (11), -10.61832 (10), -10.61832 (10), -10.61832 (14), -10.61826 (10), -10.61815 (12), -10.61813 (10), -10.61808 (11), -10.61804 (12), -10.61784 (11), 
Current (lb-rhs): -10.61894416809082
98176 domains visited
Length of domains: 48299
Cumulative time: 47.10590982437134

BaB round 18
batch: 4096
splitting decisions: 
split level 0: [/input-8, 7140] [/input-8, 8512] [/input-8, 10134] [/input-8, 11912] [/input-8, 148] [/input, 2721] [/input-8, 5248] [/input, 5051] [/input-8, 8412] [/input-8, 3837] 
best_l after optimization: -36308.68359375
beta sum per layer: [20012.23828125, 160256.96875, 143.18460083007812]
alpha/beta optimization time: 2.348393678665161
pruning_in_iteration open status: False
ratio of positive domain = 262 / 8192 = 0.031982421875
pruning-in-iteration extra time: 6.532669067382812e-05
Time: pickout 0.3773    branching_decision 0.0011    decision 0.0011    set_bounds 0.1831    prepare 0.1859    transfer 0.0001    finalize 0.4561    func 3.0600    solve 3.0569    add 0.0853    bab_iteration 4.0635    
Accumulated time: bab_iteration 47.0794    pickout 5.3530    decision 0.0153    branching_decision 0.0149    set_bounds 3.5144    solve 37.4851    func 40.5442    prepare 2.4029    transfer 0.0010    finalize 6.5110    add 1.2137    
max lb 0.34752941131591797 min lb -10.616698265075684
Number of Verified Splits: 262 of 8192
Current worst splitting domains lb-rhs (depth):
-10.61894 (10), -10.61883 (10), -10.61883 (10), -10.61883 (10), -10.61883 (12), -10.61883 (11), -10.61870 (10), -10.61866 (10), -10.61834 (11), -10.61832 (10), -10.61832 (14), -10.61832 (12), -10.61832 (11), -10.61832 (10), -10.61826 (10), -10.61815 (12), -10.61813 (10), -10.61808 (11), -10.61804 (12), -10.61784 (11), 
Current (lb-rhs): -10.61894416809082
106368 domains visited
Length of domains: 52133
Cumulative time: 51.19970655441284

BaB round 19
batch: 4096
splitting decisions: 
split level 0: [/input-8, 12277] [/input-8, 263] [/input-8, 3793] [/input-8, 7451] [/input-8, 6595] [/input-8, 7696] [/input-8, 11781] [/input-8, 12461] [/input-8, 158] [/input-8, 8424] 
best_l after optimization: -34871.8671875
beta sum per layer: [21703.15234375, 172102.609375, 147.16787719726562]
alpha/beta optimization time: 2.3488452434539795
pruning_in_iteration open status: False
ratio of positive domain = 331 / 8192 = 0.0404052734375
pruning-in-iteration extra time: 6.246566772460938e-05
Time: pickout 0.3797    branching_decision 0.0011    decision 0.0011    set_bounds 0.1835    prepare 0.1870    transfer 0.0001    finalize 0.4515    func 3.0570    solve 3.0600    add 0.4653    bab_iteration 4.0938    
Accumulated time: bab_iteration 51.1731    pickout 5.7328    decision 0.0163    branching_decision 0.0159    set_bounds 3.6979    solve 40.5452    func 43.6012    prepare 2.5900    transfer 0.0011    finalize 6.9625    add 1.6791    
max lb 1.6965503692626953 min lb -10.616698265075684
Number of Verified Splits: 331 of 8192
Current worst splitting domains lb-rhs (depth):
-10.61894 (10), -10.61883 (12), -10.61883 (10), -10.61883 (10), -10.61883 (11), -10.61883 (10), -10.61870 (10), -10.61866 (10), -10.61834 (11), -10.61832 (10), -10.61832 (11), -10.61832 (14), -10.61832 (12), -10.61832 (10), -10.61826 (10), -10.61815 (12), -10.61813 (10), -10.61808 (11), -10.61804 (12), -10.61784 (11), 
Current (lb-rhs): -10.61894416809082
114560 domains visited
Length of domains: 55898
Cumulative time: 54.91181755065918

BaB round 20
batch: 4096
splitting decisions: 
split level 0: [/input-8, 7740] [/input-8, 3280] [/input-8, 4992] [/input-8, 5797] [/input, 5001] [/input, 4981] [/input-8, 9131] [/input-8, 78] [/input-8, 11693] [/input, 377] 
best_l after optimization: -33695.078125
beta sum per layer: [23702.54296875, 183157.140625, 154.192138671875]
alpha/beta optimization time: 2.3511645793914795
pruning_in_iteration open status: False
ratio of positive domain = 348 / 8192 = 0.04248046875
pruning-in-iteration extra time: 6.604194641113281e-05
Time: pickout 0.3780    branching_decision 0.0010    decision 0.0010    set_bounds 0.1838    prepare 0.1863    transfer 0.0001    finalize 0.4538    func 3.0631    solve 3.0570    add 0.0833    bab_iteration 3.7121    
Accumulated time: bab_iteration 54.8853    pickout 6.1107    decision 0.0174    branching_decision 0.0169    set_bounds 3.8817    solve 43.6022    func 46.6643    prepare 2.7762    transfer 0.0011    finalize 7.4163    add 1.7624    
max lb 0.7559313774108887 min lb -10.616698265075684
Number of Verified Splits: 348 of 8192
Current worst splitting domains lb-rhs (depth):
-10.61894 (10), -10.61883 (10), -10.61883 (10), -10.61883 (11), -10.61883 (12), -10.61883 (10), -10.61870 (10), -10.61866 (10), -10.61834 (11), -10.61832 (10), -10.61832 (12), -10.61832 (14), -10.61832 (11), -10.61832 (10), -10.61826 (10), -10.61815 (12), -10.61813 (10), -10.61808 (11), -10.61804 (12), -10.61784 (11), 
Current (lb-rhs): -10.61894416809082
122752 domains visited
Length of domains: 59646
Time out!!!!!!!!
Result: unknown in 60.9683 seconds

 %%%%%%%%%%%%%%%%%%%%%%%%%%%%%%%%%%% idx: 5, vnnlib ID: 5 %%%%%%%%%%%%%%%%%%%%%%%%%%%%%%%%%%%
Finished vnnlib processing in 0.001690 seconds
Model: BoundedModule(
  (/input-1): BoundInput(name=/input-1, inputs=[], perturbed=True)
  (/shape): BoundBuffers(name=/shape, inputs=[], perturbed=False)
  (/12): BoundParams(name=/12, inputs=[], perturbed=False)
  (/13): BoundParams(name=/13, inputs=[], perturbed=False)
  (/14): BoundParams(name=/14, inputs=[], perturbed=False)
  (/15): BoundParams(name=/15, inputs=[], perturbed=False)
  (/16): BoundParams(name=/16, inputs=[], perturbed=False)
  (/17): BoundParams(name=/17, inputs=[], perturbed=False)
  (/18): BoundParams(name=/18, inputs=[], perturbed=False)
  (/19): BoundParams(name=/19, inputs=[], perturbed=False)
  (/20): BoundParams(name=/20, inputs=[], perturbed=False)
  (/21): BoundParams(name=/21, inputs=[], perturbed=False)
  (/input): BoundConv(name=/input, inputs=[/input-1, /12, /13], perturbed=True)
  (/input-4): BoundRelu(name=/input-4, inputs=[/input], perturbed=True)
  (/24): BoundConv(name=/24, inputs=[/input-4, /14, /15], perturbed=True)
  (/25): BoundConv(name=/25, inputs=[/input-4, /16, /17], perturbed=True)
  (/26): BoundAdd(name=/26, inputs=[/24, /25], perturbed=True)
  (/input-8): BoundConcat(name=/input-8, inputs=[/input, /26], perturbed=True)
  (/tensor): BoundRelu(name=/tensor, inputs=[/input-8], perturbed=True)
  (/30): BoundSplit(name=/30, inputs=[/tensor], perturbed=True)
  (/31): BoundSplit(name=/31, inputs=[/shape], perturbed=False)
  (/32): BoundSplit(name=/32, inputs=[/shape], perturbed=False)
  (/33): BoundConstant(name=/33, value=tensor([0], device='cuda:0'))
  (/34): BoundSqueeze(name=/34, inputs=[/31, /33], perturbed=False)
  (/35): BoundConstant(name=/35, value=tensor([0], device='cuda:0'))
  (/36): BoundSqueeze(name=/36, inputs=[/32, /35], perturbed=False)
  (/37): BoundConstant(name=/37, value=tensor([0], device='cuda:0'))
  (/38): BoundUnsqueeze(name=/38, inputs=[/34, /37], perturbed=False)
  (/39): BoundConstant(name=/39, value=tensor([0], device='cuda:0'))
  (/40): BoundUnsqueeze(name=/40, inputs=[/36, /39], perturbed=False)
  (/41): BoundConcat(name=/41, inputs=[/38, /40], perturbed=False)
  (/42): BoundReshape(name=/42, inputs=[/30, /41], perturbed=True)
  (/input-12): BoundLinear(name=/input-12, inputs=[/42, /18, /19], perturbed=True)
  (/44): BoundRelu(name=/44, inputs=[/input-12], perturbed=True)
  (/45): BoundLinear(name=/45, inputs=[/44, /20, /21], perturbed=True)
)
Original output in the first batch: tensor([[-4.68791437,  4.53384399,  0.78079700,  0.48307347, -2.06701517,
         -0.79258871, -0.96277601,  0.27885693,  0.48013583, -2.20060778]],
       device='cuda:0')
Split layers:
Nonlinear functions:
   BoundRelu(name=/input-4, inputs=[/input], perturbed=True)
   BoundRelu(name=/tensor, inputs=[/input-8], perturbed=True)
   BoundRelu(name=/44, inputs=[/input-12], perturbed=True)
build batch [1/1]
layer /input-4 using sparse-features alpha with shape [2752]; unstable size 2752; total size 6272 ([1, 8, 28, 28])
layer /input-4 start_node /input-12 using sparse-spec alpha [2, 38, 1, 2752] with unstable size 37 total_size 64 output_shape torch.Size([64])
layer /input-4 start_node /45 using full alpha [2, 9, 1, 2752] with unstable size None total_size 9 output_shape 9
layer /tensor using sparse-features alpha with shape [7103]; unstable size 7103; total size 12544 ([1, 16, 28, 28])
layer /tensor start_node /input-12 using sparse-spec alpha [2, 38, 1, 7103] with unstable size 37 total_size 64 output_shape torch.Size([64])
layer /tensor start_node /45 using full alpha [2, 9, 1, 7103] with unstable size None total_size 9 output_shape 9
layer /44 using sparse-features alpha with shape [37]; unstable size 37; total size 64 ([1, 64])
layer /44 start_node /45 using full alpha [2, 9, 1, 37] with unstable size None total_size 9 output_shape 9
Optimizable variables initialized.
initial CROWN bounds (first 10 items): [-10.886852264404297, -13.444060325622559, -14.597057342529297, -9.32888126373291, -10.507153511047363, -11.970624923706055, -14.44927978515625, -9.295974731445312, -11.264772415161133]
prune_after_crown optimization in use
  original spec size = torch.Size([1, 9])
  pruned spec size = torch.Size([1, 9])
Using alpha-CROWN to initialize bounds.
best_l after optimization: -100.2740478515625
alpha/beta optimization time: 1.2663547992706299
initial alpha-crown bounds (first 10 items): [-10.358247756958008, -13.054407119750977, -13.37508773803711, -8.800312995910645, -10.166891098022461, -11.417187690734863, -13.613532066345215, -8.833513259887695, -10.654866218566895]
Global lower bound: -13.613532066345215
0 / 9 OR specs are verified.
Verified OR indices (first 10 items): []
Verified OR lbs (first 10 items): []
Unverified OR indices (first 10 items): [0, 1, 2, 3, 4, 5, 6, 7, 8]
Unverified OR lbs (first 10 items): [[-10.358247756958008], [-13.054407119750977], [-13.37508773803711], [-8.800312995910645], [-10.166891098022461], [-11.417187690734863], [-13.613532066345215], [-8.833513259887695], [-10.654866218566895]]
###### Verifying property Instance 5 ######
Batch size: 9
First 10 spec matrices
C: tensor([[[-1.,  1.,  0.,  0.,  0.,  0.,  0.,  0.,  0.,  0.]],

        [[ 0.,  1., -1.,  0.,  0.,  0.,  0.,  0.,  0.,  0.]],

        [[ 0.,  1.,  0., -1.,  0.,  0.,  0.,  0.,  0.,  0.]],

        [[ 0.,  1.,  0.,  0., -1.,  0.,  0.,  0.,  0.,  0.]],

        [[ 0.,  1.,  0.,  0.,  0., -1.,  0.,  0.,  0.,  0.]],

        [[ 0.,  1.,  0.,  0.,  0.,  0., -1.,  0.,  0.,  0.]],

        [[ 0.,  1.,  0.,  0.,  0.,  0.,  0., -1.,  0.,  0.]],

        [[ 0.,  1.,  0.,  0.,  0.,  0.,  0.,  0., -1.,  0.]],

        [[ 0.,  1.,  0.,  0.,  0.,  0.,  0.,  0.,  0., -1.]]], device='cuda:0')
RHS: tensor([[0.],
        [0.],
        [0.],
        [0.],
        [0.],
        [0.],
        [0.],
        [0.],
        [0.]], device='cuda:0')
OR spec sizes: tensor([1, 1, 1, 1, 1, 1, 1, 1, 1], device='cuda:0', dtype=torch.int32)
Remaining timeout: 58.21928596496582
Model prediction is: tensor([-4.68791437,  4.53384399,  0.78079700,  0.48307347, -2.06701517,
        -0.79258871, -0.96277601,  0.27885693,  0.48013583, -2.20060778],
       device='cuda:0')
Activation BaB batch 1/1 
build_with_refined_bounds batch [1/1]
Optimizable variables initialized.
all alpha initialized
directly get lb and ub from refined bounds
c shape: torch.Size([9, 1, 10])
lA shapes: [torch.Size([9, 1, 8, 28, 28]), torch.Size([9, 1, 16, 28, 28]), torch.Size([9, 1, 64])]
(alpha-)CROWN with fixed intermediate bounds: tensor([[-10.35824776],
        [-13.05440712],
        [-13.37508774],
        [ -8.80031300],
        [-10.16689110],
        [-11.41718769],
        [-13.61353207],
        [ -8.83351326],
        [-10.65486622]], device='cuda:0') tensor([[inf],
        [inf],
        [inf],
        [inf],
        [inf],
        [inf],
        [inf],
        [inf],
        [inf]], device='cuda:0')
Intermediate layers: /input,/input-8,/input-12
Keeping alphas for these layers: ['/45']
Node /input-4 input 0: size torch.Size([8, 28, 28]) unstable 2752
Node /tensor input 0: size torch.Size([16, 28, 28]) unstable 7103
Node /44 input 0: size torch.Size([64]) unstable 35
-----------------
# of unstable neurons: 9890
-----------------

BaB round 1
batch: 9
splitting decisions: 
split level 0: [/input-8, 10003] [/input, 4328] [/input-8, 10050] [/input-8, 2755] [/input-8, 3758] [/input-8, 6371] [/input-8, 4730] [/input-8, 7898] [/input, 4868] 
split level 1: [/input-8, 5475] [/input-8, 6702] [/input, 5240] [/input-8, 243] [/input-8, 9890] [/input, 5293] [/input-8, 7194] [/input-8, 9853] [/input, 135] 
split level 2: [/input-8, 8283] [/input, 487] [/input-8, 3325] [/input-8, 9420] [/input-8, 9802] [/input-8, 11924] [/input, 5438] [/input, 5996] [/input-8, 9157] 
split level 3: [/input-8, 7389] [/input-8, 11953] [/input, 427] [/input-8, 5040] [/input-8, 2672] [/input-8, 7976] [/input, 5779] [/input-8, 6962] [/input, 3501] 
best_l after optimization: -1593.5406494140625
beta sum per layer: [30.132959365844727, 57.1091423034668, 0.0]
alpha/beta optimization time: 0.14205288887023926
pruning_in_iteration open status: False
ratio of positive domain = 0 / 144 = 0.0
pruning-in-iteration extra time: 6.008148193359375e-05
Time: pickout 0.0038    branching_decision 0.0001    decision 0.0001    set_bounds 0.0086    prepare 0.0020    transfer 0.0000    finalize 0.0087    func 0.1576    
Accumulated time: bab_iteration 0.0000    pickout 0.0038    decision 0.0001    branching_decision 0.0001    set_bounds 0.0086    solve 0.0000    func 0.1576    prepare 0.0020    transfer 0.0000    finalize 0.0087    
max lb -8.712574005126953 min lb -13.612003326416016
Number of Verified Splits: 0 of 144
Current worst splitting domains lb-rhs (depth):
-13.61200 (4), -13.61200 (4), -13.61092 (4), -13.61092 (4), -13.58891 (4), -13.58891 (4), -13.58782 (4), -13.58782 (4), -13.47530 (4), -13.47530 (4), -13.47435 (4), -13.47435 (4), -13.45311 (4), -13.45311 (4), -13.45217 (4), -13.45217 (4), -13.37364 (4), -13.37364 (4), -13.37361 (4), -13.37361 (4), 
Current (lb-rhs): -13.612003326416016
144 domains visited
Length of domains: 144
Cumulative time: 0.20097684860229492

BaB round 2
batch: 144
splitting decisions: 
split level 0: [/input-8, 10026] [/input-8, 233] [/input, 4328] [/input-8, 7772] [/input-8, 7672] [/input, 73] [/input, 4861] [/input-8, 8422] [/input-8, 8038] [/input, 3828] 
best_l after optimization: -3171.44140625
beta sum per layer: [83.83848571777344, 228.75625610351562, 0.0]
alpha/beta optimization time: 0.14304375648498535
pruning_in_iteration open status: False
ratio of positive domain = 0 / 288 = 0.0
pruning-in-iteration extra time: 5.91278076171875e-05
Time: pickout 0.0128    branching_decision 0.0001    decision 0.0001    set_bounds 0.0067    prepare 0.0063    transfer 0.0000    finalize 0.0158    func 0.1718    solve 0.1576    add 0.0032    bab_iteration 0.1734    
Accumulated time: bab_iteration 0.1734    pickout 0.0166    decision 0.0002    branching_decision 0.0002    set_bounds 0.0153    solve 0.1576    func 0.3293    prepare 0.0083    transfer 0.0001    finalize 0.0244    add 0.0032    
max lb -8.476490020751953 min lb -13.611990928649902
Number of Verified Splits: 0 of 288
Current worst splitting domains lb-rhs (depth):
-13.61199 (5), -13.61156 (5), -13.61154 (5), -13.61092 (5), -13.61092 (5), -13.60737 (5), -13.58887 (5), -13.58850 (5), -13.58782 (5), -13.58782 (5), -13.58782 (5), -13.58599 (5), -13.52634 (5), -13.45607 (5), -13.42848 (5), -13.37360 (5), -13.37360 (5), -13.37360 (5), -13.37354 (5), -13.37354 (5), 
Current (lb-rhs): -13.611990928649902
432 domains visited
Length of domains: 288
Cumulative time: 0.3973548412322998

BaB round 3
batch: 288
splitting decisions: 
split level 0: [/input, 542] [/input-8, 9577] [/input-8, 11792] [/input-8, 295] [/input-8, 8736] [/input, 5670] [/input-8, 9893] [/input, 6092] [/input-8, 8317] [/input-8, 6675] 
best_l after optimization: -6300.22216796875
beta sum per layer: [208.97279357910156, 716.7991333007812, 0.9693766832351685]
alpha/beta optimization time: 0.16173124313354492
pruning_in_iteration open status: False
ratio of positive domain = 0 / 576 = 0.0
pruning-in-iteration extra time: 5.984306335449219e-05
Time: pickout 0.0269    branching_decision 0.0002    decision 0.0002    set_bounds 0.0132    prepare 0.0126    transfer 0.0000    finalize 0.0296    func 0.2121    solve 0.1718    add 0.0048    bab_iteration 0.1964    
Accumulated time: bab_iteration 0.3698    pickout 0.0434    decision 0.0004    branching_decision 0.0004    set_bounds 0.0284    solve 0.3294    func 0.5415    prepare 0.0209    transfer 0.0001    finalize 0.0540    add 0.0080    
max lb -7.129171371459961 min lb -13.611982345581055
Number of Verified Splits: 0 of 576
Current worst splitting domains lb-rhs (depth):
-13.61198 (6), -13.61175 (6), -13.61154 (6), -13.61092 (6), -13.61092 (6), -13.61032 (6), -13.61028 (6), -13.60737 (6), -13.60737 (6), -13.60622 (6), -13.58850 (6), -13.58850 (6), -13.58782 (6), -13.58762 (6), -13.58636 (6), -13.58622 (6), -13.58614 (6), -13.58582 (6), -13.58423 (6), -13.57717 (6), 
Current (lb-rhs): -13.611982345581055
1008 domains visited
Length of domains: 576
Cumulative time: 0.6595094203948975

BaB round 4
batch: 576
splitting decisions: 
split level 0: [/input-8, 9827] [/input, 86] [/input-8, 5229] [/input-8, 11980] [/input, 288] [/input-8, 7655] [/input-8, 4709] [/input-8, 9252] [/input-8, 12349] [/input-8, 7524] 
best_l after optimization: -12498.1640625
beta sum per layer: [507.78173828125, 2048.81298828125, 4.620353698730469]
alpha/beta optimization time: 0.30173635482788086
pruning_in_iteration open status: False
ratio of positive domain = 0 / 1152 = 0.0
pruning-in-iteration extra time: 5.173683166503906e-05
Time: pickout 0.0489    branching_decision 0.0003    decision 0.0003    set_bounds 0.0256    prepare 0.0253    transfer 0.0000    finalize 0.0636    func 0.4033    solve 0.2122    add 0.0094    bab_iteration 0.2621    
Accumulated time: bab_iteration 0.6320    pickout 0.0923    decision 0.0007    branching_decision 0.0007    set_bounds 0.0540    solve 0.5416    func 0.9448    prepare 0.0462    transfer 0.0002    finalize 0.1176    add 0.0174    
max lb -7.047554969787598 min lb -13.611982345581055
Number of Verified Splits: 0 of 1152
Current worst splitting domains lb-rhs (depth):
-13.61198 (7), -13.61198 (7), -13.61174 (7), -13.61174 (7), -13.61154 (7), -13.61154 (7), -13.61092 (7), -13.61092 (7), -13.61092 (7), -13.61092 (7), -13.61032 (7), -13.61032 (7), -13.60737 (7), -13.60737 (7), -13.60737 (7), -13.60622 (7), -13.60595 (7), -13.59863 (7), -13.58850 (7), -13.58850 (7), 
Current (lb-rhs): -13.611982345581055
2160 domains visited
Length of domains: 1152
Cumulative time: 1.1529111862182617

BaB round 5
batch: 1152
splitting decisions: 
split level 0: [/input-8, 141] [/input-8, 8833] [/input-8, 4850] [/input-8, 6175] [/input, 5903] [/input-8, 4835] [/input-8, 6200] [/input-8, 5130] [/input-8, 6881] [/input-8, 10116] 
best_l after optimization: -24768.7578125
beta sum per layer: [1199.695556640625, 5491.38427734375, 13.78738784790039]
alpha/beta optimization time: 0.6493592262268066
pruning_in_iteration open status: False
ratio of positive domain = 0 / 2304 = 0.0
pruning-in-iteration extra time: 5.435943603515625e-05
Time: pickout 0.0977    branching_decision 0.0005    decision 0.0005    set_bounds 0.0502    prepare 0.0502    transfer 0.0000    finalize 0.1267    func 0.8501    solve 0.4034    add 0.0149    bab_iteration 0.4934    
Accumulated time: bab_iteration 1.1254    pickout 0.1900    decision 0.0013    branching_decision 0.0012    set_bounds 0.1042    solve 0.9450    func 1.7948    prepare 0.0964    transfer 0.0002    finalize 0.2443    add 0.0323    
max lb -6.588226795196533 min lb -13.611764907836914
Number of Verified Splits: 0 of 2304
Current worst splitting domains lb-rhs (depth):
-13.61176 (8), -13.61170 (8), -13.61159 (8), -13.61154 (8), -13.61154 (8), -13.61154 (8), -13.61154 (8), -13.61108 (8), -13.61092 (8), -13.61092 (8), -13.61092 (8), -13.61092 (8), -13.61092 (8), -13.61032 (8), -13.61032 (8), -13.61032 (8), -13.61032 (8), -13.61002 (8), -13.60896 (8), -13.60892 (8), 
Current (lb-rhs): -13.611764907836914
4464 domains visited
Length of domains: 2304
Cumulative time: 2.1789307594299316

BaB round 6
batch: 2048
splitting decisions: 
split level 0: [/input-8, 6240] [/input-8, 7424] [/input-8, 276] [/input, 3195] [/input-8, 7611] [/input-8, 8286] [/input, 4719] [/input-8, 12025] [/input, 4753] [/input-8, 6560] 
best_l after optimization: -43558.52734375
beta sum per layer: [2485.8525390625, 12687.1953125, 35.816104888916016]
alpha/beta optimization time: 1.198326826095581
pruning_in_iteration open status: False
ratio of positive domain = 0 / 4096 = 0.0
pruning-in-iteration extra time: 5.412101745605469e-05
Time: pickout 0.1755    branching_decision 0.0008    decision 0.0009    set_bounds 0.0896    prepare 0.2247    transfer 0.0000    finalize 0.2316    func 1.6967    solve 0.8501    add 0.0265    bab_iteration 1.0260    
Accumulated time: bab_iteration 2.1514    pickout 0.3655    decision 0.0021    branching_decision 0.0020    set_bounds 0.1938    solve 1.7951    func 3.4916    prepare 0.3211    transfer 0.0003    finalize 0.4759    add 0.0588    
max lb -5.104877471923828 min lb -13.611746788024902
Number of Verified Splits: 0 of 4096
Current worst splitting domains lb-rhs (depth):
-13.61175 (9), -13.61175 (9), -13.61170 (9), -13.61154 (9), -13.61154 (8), -13.61154 (9), -13.61154 (9), -13.61092 (9), -13.61092 (9), -13.61092 (9), -13.61092 (9), -13.61092 (9), -13.61092 (8), -13.61091 (9), -13.61053 (9), -13.61052 (9), -13.61032 (8), -13.61032 (9), -13.61032 (9), -13.61032 (9), 
Current (lb-rhs): -13.611746788024902
8560 domains visited
Length of domains: 4352
current_vram/total_varm: 12.6GB/47.7GB, batch_size increase to 4096
Cumulative time: 4.192850112915039

BaB round 7
batch: 4096
splitting decisions: 
split level 0: [/input, 512] [/input-8, 5287] [/input-8, 9377] [/input, 5018] [/input-8, 9064] [/input-8, 8154] [/input-8, 6833] [/input-8, 3609] [/input-8, 9062] [/input, 342] 
best_l after optimization: -86096.8671875
beta sum per layer: [5645.76416015625, 31710.908203125, 86.64347839355469]
alpha/beta optimization time: 2.348292350769043
pruning_in_iteration open status: False
ratio of positive domain = 0 / 8192 = 0.0
pruning-in-iteration extra time: 5.507469177246094e-05
Time: pickout 0.3524    branching_decision 0.0013    decision 0.0013    set_bounds 0.1802    prepare 0.3275    transfer 0.0001    finalize 0.4672    func 3.2153    solve 1.6968    add 0.0492    bab_iteration 2.0139    
Accumulated time: bab_iteration 4.1653    pickout 0.7179    decision 0.0034    branching_decision 0.0033    set_bounds 0.3740    solve 3.4919    func 6.7069    prepare 0.6486    transfer 0.0003    finalize 0.9431    add 0.1080    
max lb -3.5603737831115723 min lb -13.611747741699219
Number of Verified Splits: 0 of 8192
Current worst splitting domains lb-rhs (depth):
-13.61175 (10), -13.61170 (10), -13.61154 (10), -13.61154 (10), -13.61154 (10), -13.61154 (8), -13.61092 (10), -13.61092 (8), -13.61092 (10), -13.61092 (10), -13.61078 (10), -13.61053 (10), -13.61047 (10), -13.61032 (10), -13.61032 (8), -13.61032 (10), -13.61032 (10), -13.61032 (10), -13.61032 (10), -13.61011 (10), 
Current (lb-rhs): -13.611746788024902
16752 domains visited
Length of domains: 8448
Cumulative time: 8.032705783843994

BaB round 8
batch: 4096
splitting decisions: 
split level 0: [/input-8, 5562] [/input, 3254] [/input-8, 6012] [/input, 472] [/input-12, 27] [/input, 5393] [/input-8, 8700] [/input, 303] [/input-8, 9260] [/input-8, 6416] 
best_l after optimization: -84897.828125
beta sum per layer: [6445.3408203125, 39082.1484375, 112.3021240234375]
alpha/beta optimization time: 2.3471381664276123
pruning_in_iteration open status: False
ratio of positive domain = 0 / 8192 = 0.0
pruning-in-iteration extra time: 6.389617919921875e-05
Time: pickout 0.3562    branching_decision 0.0012    decision 0.0012    set_bounds 0.3367    prepare 0.1854    transfer 0.0001    finalize 0.4680    func 3.0708    solve 3.2154    add 0.0871    bab_iteration 3.8399    
Accumulated time: bab_iteration 8.0051    pickout 1.0742    decision 0.0046    branching_decision 0.0044    set_bounds 0.7107    solve 6.7072    func 9.7777    prepare 0.8340    transfer 0.0004    finalize 1.4112    add 0.1951    
max lb -2.2500009536743164 min lb -13.61153793334961
Number of Verified Splits: 0 of 8192
Current worst splitting domains lb-rhs (depth):
-13.61170 (10), -13.61154 (10), -13.61154 (11), -13.61154 (8), -13.61154 (11), -13.61092 (10), -13.61092 (8), -13.61092 (10), -13.61092 (10), -13.61081 (11), -13.61073 (11), -13.61053 (10), -13.61047 (11), -13.61032 (11), -13.61032 (10), -13.61032 (10), -13.61032 (8), -13.61032 (10), -13.61024 (11), -13.61014 (11), 
Current (lb-rhs): -13.611701965332031
24944 domains visited
Length of domains: 12544
Cumulative time: 11.885393142700195

BaB round 9
batch: 4096
splitting decisions: 
split level 0: [/input-8, 7785] [/input-8, 11827] [/input, 714] [/input-8, 9781] [/input-8, 202] [/input-8, 9353] [/input-8, 7855] [/input-8, 9546] [/input-8, 7138] [/input-8, 5163] 
best_l after optimization: -83582.5625
beta sum per layer: [7341.78271484375, 47188.06640625, 141.1492919921875]
alpha/beta optimization time: 2.3527169227600098
pruning_in_iteration open status: False
ratio of positive domain = 0 / 8192 = 0.0
pruning-in-iteration extra time: 0.00010609626770019531
Time: pickout 0.3596    branching_decision 0.0011    decision 0.0011    set_bounds 0.3520    prepare 0.1855    transfer 0.0001    finalize 0.4708    func 3.0819    solve 3.0708    add 0.0842    bab_iteration 3.8527    
Accumulated time: bab_iteration 11.8578    pickout 1.4338    decision 0.0057    branching_decision 0.0056    set_bounds 1.0627    solve 9.7781    func 12.8597    prepare 1.0195    transfer 0.0004    finalize 1.8820    add 0.2792    
max lb -1.1255998611450195 min lb -13.61153793334961
Number of Verified Splits: 0 of 8192
Current worst splitting domains lb-rhs (depth):
-13.61170 (10), -13.61154 (11), -13.61154 (10), -13.61154 (8), -13.61154 (12), -13.61154 (12), -13.61092 (10), -13.61092 (8), -13.61092 (10), -13.61092 (10), -13.61081 (11), -13.61073 (11), -13.61053 (10), -13.61042 (12), -13.61032 (8), -13.61032 (10), -13.61032 (12), -13.61032 (10), -13.61032 (12), -13.61032 (10), 
Current (lb-rhs): -13.611701965332031
33136 domains visited
Length of domains: 16640
Cumulative time: 15.808254957199097

BaB round 10
batch: 4096
splitting decisions: 
split level 0: [/input-8, 3508] [/input-8, 9595] [/input-8, 9376] [/input, 5067] [/input-8, 9330] [/input-8, 11807] [/input-8, 6065] [/input-8, 8990] [/input, 3332] [/input, 5127] 
best_l after optimization: -82159.375
beta sum per layer: [8319.47265625, 56070.5546875, 159.57366943359375]
alpha/beta optimization time: 2.350511312484741
pruning_in_iteration open status: False
ratio of positive domain = 0 / 8192 = 0.0
pruning-in-iteration extra time: 9.036064147949219e-05
Time: pickout 0.3676    branching_decision 0.0011    decision 0.0011    set_bounds 0.4090    prepare 0.1868    transfer 0.0001    finalize 0.4696    func 3.0774    solve 3.0820    add 0.1241    bab_iteration 3.9229    
Accumulated time: bab_iteration 15.7807    pickout 1.8014    decision 0.0068    branching_decision 0.0066    set_bounds 1.4717    solve 12.8601    func 15.9370    prepare 1.2062    transfer 0.0005    finalize 2.3516    add 0.4033    
max lb -0.11468219757080078 min lb -13.61153793334961
Number of Verified Splits: 0 of 8192
Current worst splitting domains lb-rhs (depth):
-13.61170 (10), -13.61154 (11), -13.61154 (13), -13.61154 (10), -13.61154 (12), -13.61154 (8), -13.61092 (10), -13.61092 (10), -13.61092 (10), -13.61092 (8), -13.61081 (11), -13.61073 (11), -13.61053 (10), -13.61032 (13), -13.61032 (10), -13.61032 (12), -13.61032 (10), -13.61032 (8), -13.61032 (10), -13.61032 (13), 
Current (lb-rhs): -13.611701965332031
41328 domains visited
Length of domains: 20736
Cumulative time: 19.753191232681274

BaB round 11
batch: 4096
splitting decisions: 
split level 0: [/input-8, 666] [/input-8, 9237] [/input, 429] [/input, 3889] [/input-8, 5764] [/input-8, 4877] [/input-8, 70] [/input-8, 7841] [/input, 5789] [/input-8, 5624] 
best_l after optimization: -80608.671875
beta sum per layer: [9371.23046875, 65684.9921875, 178.30487060546875]
alpha/beta optimization time: 2.350370407104492
pruning_in_iteration open status: False
ratio of positive domain = 2 / 8192 = 0.000244140625
pruning-in-iteration extra time: 5.936622619628906e-05
Time: pickout 0.3643    branching_decision 0.0010    decision 0.0011    set_bounds 0.3999    prepare 0.1873    transfer 0.0001    finalize 0.4717    func 3.0797    solve 3.0774    add 0.0856    bab_iteration 3.9449    
Accumulated time: bab_iteration 19.7256    pickout 2.1657    decision 0.0079    branching_decision 0.0076    set_bounds 1.8716    solve 15.9375    func 19.0168    prepare 1.3936    transfer 0.0006    finalize 2.8233    add 0.4889    
max lb 0.24079513549804688 min lb -13.610304832458496
Number of Verified Splits: 2 of 8192
Current worst splitting domains lb-rhs (depth):
-13.61170 (10), -13.61154 (11), -13.61154 (10), -13.61154 (8), -13.61154 (12), -13.61154 (13), -13.61092 (8), -13.61092 (10), -13.61092 (10), -13.61092 (10), -13.61081 (11), -13.61073 (11), -13.61053 (10), -13.61032 (10), -13.61032 (8), -13.61032 (10), -13.61032 (12), -13.61032 (10), -13.61030 (14), -13.61011 (11), 
Current (lb-rhs): -13.611701965332031
49520 domains visited
Length of domains: 24830
Cumulative time: 23.687203645706177

BaB round 12
batch: 4096
splitting decisions: 
split level 0: [/input-8, 7903] [/input, 6055] [/input, 6185] [/input-8, 6499] [/input, 443] [/input-8, 12268] [/input-8, 9713] [/input-8, 8087] [/input-8, 9671] [/input, 253] 
best_l after optimization: -78982.640625
beta sum per layer: [10520.322265625, 76007.3828125, 187.08209228515625]
alpha/beta optimization time: 2.350576877593994
pruning_in_iteration open status: False
ratio of positive domain = 6 / 8192 = 0.000732421875
pruning-in-iteration extra time: 8.368492126464844e-05
Time: pickout 0.3666    branching_decision 0.0011    decision 0.0011    set_bounds 0.1813    prepare 0.1859    transfer 0.0001    finalize 0.7118    func 3.3186    solve 3.0798    add 0.0844    bab_iteration 3.9340    
Accumulated time: bab_iteration 23.6596    pickout 2.5323    decision 0.0090    branching_decision 0.0087    set_bounds 2.0529    solve 19.0173    func 22.3354    prepare 1.5795    transfer 0.0006    finalize 3.5351    add 0.5733    
max lb 0.20884132385253906 min lb -13.608980178833008
Number of Verified Splits: 6 of 8192
Current worst splitting domains lb-rhs (depth):
-13.61170 (10), -13.61154 (8), -13.61154 (13), -13.61154 (12), -13.61154 (10), -13.61154 (11), -13.61092 (8), -13.61092 (10), -13.61092 (10), -13.61092 (10), -13.61081 (11), -13.61073 (11), -13.61053 (10), -13.61032 (10), -13.61032 (10), -13.61032 (8), -13.61032 (10), -13.61032 (12), -13.61030 (14), -13.61011 (12), 
Current (lb-rhs): -13.611701965332031
57712 domains visited
Length of domains: 28920
Cumulative time: 27.645409107208252

BaB round 13
batch: 4096
splitting decisions: 
split level 0: [/input, 5805] [/input-8, 5127] [/input-8, 6011] [/input-8, 6425] [/input-8, 113] [/input-8, 6955] [/input-8, 7896] [/input-8, 525] [/input-8, 7262] [/input-8, 12170] 
best_l after optimization: -77286.2421875
beta sum per layer: [11764.931640625, 87071.78125, 171.24819946289062]
alpha/beta optimization time: 2.351322889328003
pruning_in_iteration open status: False
ratio of positive domain = 0 / 8192 = 0.0
pruning-in-iteration extra time: 5.602836608886719e-05
Time: pickout 0.3677    branching_decision 0.0010    decision 0.0011    set_bounds 0.1809    prepare 0.1859    transfer 0.0001    finalize 0.4759    func 3.0849    solve 3.3187    add 0.0855    bab_iteration 3.9582    
Accumulated time: bab_iteration 27.6178    pickout 2.9000    decision 0.0100    branching_decision 0.0098    set_bounds 2.2337    solve 22.3360    func 25.4203    prepare 1.7653    transfer 0.0007    finalize 4.0111    add 0.6588    
max lb -0.36470699310302734 min lb -13.608980178833008
Number of Verified Splits: 0 of 8192
Current worst splitting domains lb-rhs (depth):
-13.61170 (10), -13.61154 (13), -13.61154 (10), -13.61154 (8), -13.61154 (11), -13.61154 (12), -13.61092 (10), -13.61092 (8), -13.61092 (10), -13.61092 (10), -13.61081 (11), -13.61073 (11), -13.61053 (10), -13.61032 (10), -13.61032 (12), -13.61032 (8), -13.61032 (10), -13.61032 (10), -13.61030 (14), -13.61011 (11), 
Current (lb-rhs): -13.611701965332031
65904 domains visited
Length of domains: 33016
Cumulative time: 31.797526121139526

BaB round 14
batch: 4096
splitting decisions: 
split level 0: [/input, 3857] [/input-8, 6627] [/input-8, 12214] [/input, 6055] [/input-8, 12420] [/input-8, 86] [/input, 258] [/input, 5421] [/input, 3235] [/input-8, 4882] 
best_l after optimization: -75419.4375
beta sum per layer: [13065.3212890625, 98897.015625, 186.02049255371094]
alpha/beta optimization time: 2.353381872177124
pruning_in_iteration open status: False
ratio of positive domain = 2 / 8192 = 0.000244140625
pruning-in-iteration extra time: 6.222724914550781e-05
Time: pickout 0.3760    branching_decision 0.0010    decision 0.0011    set_bounds 0.1814    prepare 0.1869    transfer 0.0001    finalize 0.4736    func 3.0849    solve 3.0850    add 0.5124    bab_iteration 4.1521    
Accumulated time: bab_iteration 31.7699    pickout 3.2760    decision 0.0111    branching_decision 0.0108    set_bounds 2.4151    solve 25.4209    func 28.5052    prepare 1.9522    transfer 0.0007    finalize 4.4847    add 1.1712    
max lb 0.3136634826660156 min lb -13.608915328979492
Number of Verified Splits: 2 of 8192
Current worst splitting domains lb-rhs (depth):
-13.61170 (10), -13.61154 (13), -13.61154 (12), -13.61154 (11), -13.61154 (8), -13.61154 (10), -13.61092 (10), -13.61092 (8), -13.61092 (10), -13.61092 (10), -13.61081 (11), -13.61073 (11), -13.61053 (10), -13.61032 (10), -13.61032 (12), -13.61032 (8), -13.61032 (10), -13.61032 (10), -13.61030 (14), -13.61011 (11), 
Current (lb-rhs): -13.611701965332031
74096 domains visited
Length of domains: 37110
Cumulative time: 35.53318762779236

BaB round 15
batch: 4096
splitting decisions: 
split level 0: [/input, 5087] [/input-8, 12438] [/input-8, 11804] [/input-8, 9176] [/input-8, 8622] [/input-8, 7554] [/input-8, 257] [/input-8, 5249] [/input-8, 3839] [/input-8, 8822] 
best_l after optimization: -73468.578125
beta sum per layer: [14460.521484375, 111308.15625, 204.38827514648438]
alpha/beta optimization time: 2.351626396179199
pruning_in_iteration open status: False
ratio of positive domain = 5 / 8192 = 0.0006103515625
pruning-in-iteration extra time: 6.67572021484375e-05
Time: pickout 0.3780    branching_decision 0.0011    decision 0.0011    set_bounds 0.4834    prepare 0.1862    transfer 0.0001    finalize 0.4724    func 3.0812    solve 3.0850    add 0.0864    bab_iteration 3.7357    
Accumulated time: bab_iteration 35.5056    pickout 3.6540    decision 0.0122    branching_decision 0.0119    set_bounds 2.8985    solve 28.5059    func 31.5864    prepare 2.1384    transfer 0.0008    finalize 4.9571    add 1.2575    
max lb 0.4031248092651367 min lb -13.608309745788574
Number of Verified Splits: 5 of 8192
Current worst splitting domains lb-rhs (depth):
-13.61170 (10), -13.61154 (13), -13.61154 (10), -13.61154 (12), -13.61154 (8), -13.61154 (11), -13.61092 (10), -13.61092 (10), -13.61092 (8), -13.61092 (10), -13.61081 (11), -13.61073 (11), -13.61053 (10), -13.61032 (10), -13.61032 (12), -13.61032 (10), -13.61032 (8), -13.61032 (10), -13.61030 (14), -13.61011 (11), 
Current (lb-rhs): -13.611701965332031
82288 domains visited
Length of domains: 41201
Cumulative time: 39.57098650932312

BaB round 16
batch: 4096
splitting decisions: 
split level 0: [/input-8, 7794] [/input, 5893] [/input-8, 496] [/input-8, 12086] [/input-8, 7804] [/input, 3691] [/input, 3703] [/input-8, 7336] [/input, 5652] [/input, 345] 
best_l after optimization: -71431.4375
beta sum per layer: [15924.359375, 124504.5234375, 201.33682250976562]
alpha/beta optimization time: 2.3520925045013428
pruning_in_iteration open status: False
ratio of positive domain = 4 / 8192 = 0.00048828125
pruning-in-iteration extra time: 7.557868957519531e-05
Time: pickout 0.3787    branching_decision 0.0010    decision 0.0011    set_bounds 0.1814    prepare 0.1874    transfer 0.0001    finalize 0.4749    func 3.0846    solve 3.0813    add 0.0877    bab_iteration 4.0378    
Accumulated time: bab_iteration 39.5434    pickout 4.0326    decision 0.0133    branching_decision 0.0129    set_bounds 3.0799    solve 31.5872    func 34.6711    prepare 2.3258    transfer 0.0009    finalize 5.4321    add 1.3452    
max lb 0.716059684753418 min lb -13.608309745788574
Number of Verified Splits: 4 of 8192
Current worst splitting domains lb-rhs (depth):
-13.61170 (10), -13.61154 (10), -13.61154 (12), -13.61154 (13), -13.61154 (8), -13.61154 (11), -13.61092 (10), -13.61092 (10), -13.61092 (8), -13.61092 (10), -13.61081 (11), -13.61073 (11), -13.61053 (10), -13.61032 (8), -13.61032 (10), -13.61032 (12), -13.61032 (10), -13.61032 (10), -13.61030 (14), -13.61011 (12), 
Current (lb-rhs): -13.611701965332031
90480 domains visited
Length of domains: 45293
Cumulative time: 43.64366793632507

BaB round 17
batch: 4096
splitting decisions: 
split level 0: [/input, 5200] [/input-8, 9266] [/input, 5158] [/input-8, 68] [/input-8, 4951] [/input-8, 4720] [/input-8, 3140] [/input-8, 120] [/input, 5118] [/input, 673] 
best_l after optimization: -69270.6875
beta sum per layer: [17484.61328125, 138277.921875, 217.09188842773438]
alpha/beta optimization time: 2.352163076400757
pruning_in_iteration open status: False
ratio of positive domain = 5 / 8192 = 0.0006103515625
pruning-in-iteration extra time: 5.745887756347656e-05
Time: pickout 0.3797    branching_decision 0.0010    decision 0.0010    set_bounds 0.1823    prepare 0.1874    transfer 0.0001    finalize 0.4739    func 3.0840    solve 3.0847    add 0.4205    bab_iteration 4.0727    
Accumulated time: bab_iteration 43.6161    pickout 4.4123    decision 0.0143    branching_decision 0.0140    set_bounds 3.2622    solve 34.6719    func 37.7551    prepare 2.5132    transfer 0.0009    finalize 5.9060    add 1.7658    
max lb 0.7510175704956055 min lb -13.59721565246582
Number of Verified Splits: 5 of 8192
Current worst splitting domains lb-rhs (depth):
-13.61170 (10), -13.61154 (10), -13.61154 (11), -13.61154 (8), -13.61154 (12), -13.61154 (13), -13.61092 (10), -13.61092 (10), -13.61092 (8), -13.61092 (10), -13.61081 (11), -13.61073 (11), -13.61053 (10), -13.61032 (12), -13.61032 (10), -13.61032 (8), -13.61032 (10), -13.61032 (10), -13.61030 (14), -13.61011 (11), 
Current (lb-rhs): -13.611701965332031
98672 domains visited
Length of domains: 49384
Cumulative time: 48.621646881103516

BaB round 18
batch: 4096
splitting decisions: 
split level 0: [/input, 5170] [/input-8, 6003] [/input-8, 10017] [/input-8, 7200] [/input-8, 3576] [/input, 108] [/input, 629] [/input-8, 6918] [/input-8, 10146] [/input-8, 12402] 
best_l after optimization: -66968.765625
beta sum per layer: [19096.64453125, 152866.0625, 227.5177001953125]
alpha/beta optimization time: 2.352602481842041
pruning_in_iteration open status: False
ratio of positive domain = 26 / 8192 = 0.003173828125
pruning-in-iteration extra time: 5.698204040527344e-05
Time: pickout 0.3805    branching_decision 0.0011    decision 0.0012    set_bounds 0.1812    prepare 0.3358    transfer 0.0001    finalize 0.8809    func 3.6400    solve 3.0841    add 1.3241    bab_iteration 4.9780    
Accumulated time: bab_iteration 48.5940    pickout 4.7928    decision 0.0155    branching_decision 0.0151    set_bounds 3.4434    solve 37.7559    func 41.3951    prepare 2.8490    transfer 0.0010    finalize 6.7869    add 3.0898    
max lb 0.47943592071533203 min lb -13.590381622314453
Number of Verified Splits: 26 of 8192
Current worst splitting domains lb-rhs (depth):
-13.61170 (10), -13.61154 (12), -13.61154 (11), -13.61154 (13), -13.61154 (8), -13.61154 (10), -13.61092 (10), -13.61092 (8), -13.61092 (10), -13.61092 (10), -13.61081 (11), -13.61073 (11), -13.61053 (10), -13.61032 (8), -13.61032 (12), -13.61032 (10), -13.61032 (10), -13.61032 (10), -13.61030 (14), -13.61011 (11), 
Current (lb-rhs): -13.611701965332031
106864 domains visited
Length of domains: 53454
Cumulative time: 53.173027753829956

BaB round 19
batch: 4096
splitting decisions: 
split level 0: [/input, 259] [/input-8, 5860] [/input-8, 182] [/input, 3859] [/input-8, 3796] [/input, 332] [/input-8, 7301] [/input-8, 666] [/input-8, 7856] [/input-8, 3203] 
best_l after optimization: -64767.015625
beta sum per layer: [20813.8046875, 167356.265625, 242.11956787109375]
alpha/beta optimization time: 2.356529712677002
pruning_in_iteration open status: False
ratio of positive domain = 37 / 8192 = 0.0045166015625
pruning-in-iteration extra time: 9.489059448242188e-05
Time: pickout 0.3832    branching_decision 0.0011    decision 0.0011    set_bounds 0.1830    prepare 0.1884    transfer 0.0001    finalize 0.4768    func 3.0931    solve 3.6400    add 0.3413    bab_iteration 4.5514    
Accumulated time: bab_iteration 53.1454    pickout 5.1760    decision 0.0166    branching_decision 0.0162    set_bounds 3.6264    solve 41.3960    func 44.4881    prepare 3.0374    transfer 0.0010    finalize 7.2637    add 3.4312    
max lb 0.3426933288574219 min lb -13.59019947052002
Number of Verified Splits: 37 of 8192
Current worst splitting domains lb-rhs (depth):
-13.61170 (10), -13.61154 (10), -13.61154 (12), -13.61154 (8), -13.61154 (13), -13.61154 (11), -13.61092 (10), -13.61092 (8), -13.61092 (10), -13.61092 (10), -13.61081 (11), -13.61073 (11), -13.61053 (10), -13.61032 (10), -13.61032 (12), -13.61032 (10), -13.61032 (10), -13.61032 (8), -13.61030 (14), -13.61011 (11), 
Current (lb-rhs): -13.611701965332031
115056 domains visited
Length of domains: 57513
Cumulative time: 57.072386026382446

BaB round 20
batch: 4096
splitting decisions: 
split level 0: [/input-8, 8200] [/input-8, 698] [/input-8, 8043] [/input, 5594] [/input, 4920] [/input-8, 8241] [/input, 3667] [/input-8, 7496] [/input-8, 7180] [/input-8, 8761] 
best_l after optimization: -62554.70703125
beta sum per layer: [22591.87890625, 181910.21875, 255.6802215576172]
alpha/beta optimization time: 2.3541529178619385
pruning_in_iteration open status: False
ratio of positive domain = 63 / 8192 = 0.0076904296875
pruning-in-iteration extra time: 6.437301635742188e-05
Time: pickout 0.3875    branching_decision 0.0011    decision 0.0011    set_bounds 0.1832    prepare 0.1885    transfer 0.0001    finalize 0.9064    func 3.5199    solve 3.0931    add 0.2318    bab_iteration 3.8994    
Accumulated time: bab_iteration 57.0448    pickout 5.5634    decision 0.0177    branching_decision 0.0173    set_bounds 3.8095    solve 44.4891    func 48.0081    prepare 3.2260    transfer 0.0011    finalize 8.1701    add 3.6629    
max lb 0.5253567695617676 min lb -13.590099334716797
Number of Verified Splits: 63 of 8192
Current worst splitting domains lb-rhs (depth):
-13.61170 (10), -13.61154 (11), -13.61154 (13), -13.61154 (12), -13.61154 (8), -13.61154 (10), -13.61092 (8), -13.61092 (10), -13.61092 (10), -13.61092 (10), -13.61081 (11), -13.61073 (11), -13.61053 (10), -13.61032 (8), -13.61032 (10), -13.61032 (10), -13.61032 (10), -13.61032 (12), -13.61030 (14), -13.61011 (12), 
Current (lb-rhs): -13.611701965332031
123248 domains visited
Length of domains: 61546
Time out!!!!!!!!
Result: unknown in 63.3757 seconds

 %%%%%%%%%%%%%%%%%%%%%%%%%%%%%%%%%%% idx: 6, vnnlib ID: 6 %%%%%%%%%%%%%%%%%%%%%%%%%%%%%%%%%%%
Finished vnnlib processing in 0.045066 seconds
Model: BoundedModule(
  (/input-1): BoundInput(name=/input-1, inputs=[], perturbed=True)
  (/shape): BoundBuffers(name=/shape, inputs=[], perturbed=False)
  (/12): BoundParams(name=/12, inputs=[], perturbed=False)
  (/13): BoundParams(name=/13, inputs=[], perturbed=False)
  (/14): BoundParams(name=/14, inputs=[], perturbed=False)
  (/15): BoundParams(name=/15, inputs=[], perturbed=False)
  (/16): BoundParams(name=/16, inputs=[], perturbed=False)
  (/17): BoundParams(name=/17, inputs=[], perturbed=False)
  (/18): BoundParams(name=/18, inputs=[], perturbed=False)
  (/19): BoundParams(name=/19, inputs=[], perturbed=False)
  (/20): BoundParams(name=/20, inputs=[], perturbed=False)
  (/21): BoundParams(name=/21, inputs=[], perturbed=False)
  (/input): BoundConv(name=/input, inputs=[/input-1, /12, /13], perturbed=True)
  (/input-4): BoundRelu(name=/input-4, inputs=[/input], perturbed=True)
  (/24): BoundConv(name=/24, inputs=[/input-4, /14, /15], perturbed=True)
  (/25): BoundConv(name=/25, inputs=[/input-4, /16, /17], perturbed=True)
  (/26): BoundAdd(name=/26, inputs=[/24, /25], perturbed=True)
  (/input-8): BoundConcat(name=/input-8, inputs=[/input, /26], perturbed=True)
  (/tensor): BoundRelu(name=/tensor, inputs=[/input-8], perturbed=True)
  (/30): BoundSplit(name=/30, inputs=[/tensor], perturbed=True)
  (/31): BoundSplit(name=/31, inputs=[/shape], perturbed=False)
  (/32): BoundSplit(name=/32, inputs=[/shape], perturbed=False)
  (/33): BoundConstant(name=/33, value=tensor([0], device='cuda:0'))
  (/34): BoundSqueeze(name=/34, inputs=[/31, /33], perturbed=False)
  (/35): BoundConstant(name=/35, value=tensor([0], device='cuda:0'))
  (/36): BoundSqueeze(name=/36, inputs=[/32, /35], perturbed=False)
  (/37): BoundConstant(name=/37, value=tensor([0], device='cuda:0'))
  (/38): BoundUnsqueeze(name=/38, inputs=[/34, /37], perturbed=False)
  (/39): BoundConstant(name=/39, value=tensor([0], device='cuda:0'))
  (/40): BoundUnsqueeze(name=/40, inputs=[/36, /39], perturbed=False)
  (/41): BoundConcat(name=/41, inputs=[/38, /40], perturbed=False)
  (/42): BoundReshape(name=/42, inputs=[/30, /41], perturbed=True)
  (/input-12): BoundLinear(name=/input-12, inputs=[/42, /18, /19], perturbed=True)
  (/44): BoundRelu(name=/44, inputs=[/input-12], perturbed=True)
  (/45): BoundLinear(name=/45, inputs=[/44, /20, /21], perturbed=True)
)
Original output in the first batch: tensor([[-2.23416567, -2.55465627, -1.39147651,  2.47894979,  6.66587257,
          4.53523970, -3.37107301,  4.97730637,  3.90590715,  3.86103630]],
       device='cuda:0')
Split layers:
Nonlinear functions:
   BoundRelu(name=/input-4, inputs=[/input], perturbed=True)
   BoundRelu(name=/tensor, inputs=[/input-8], perturbed=True)
   BoundRelu(name=/44, inputs=[/input-12], perturbed=True)
build batch [1/1]
layer /input-4 using sparse-features alpha with shape [2697]; unstable size 2697; total size 6272 ([1, 8, 28, 28])
layer /input-4 start_node /input-12 using sparse-spec alpha [2, 27, 1, 2697] with unstable size 26 total_size 64 output_shape torch.Size([64])
layer /input-4 start_node /45 using full alpha [2, 9, 1, 2697] with unstable size None total_size 9 output_shape 9
layer /tensor using sparse-features alpha with shape [6920]; unstable size 6920; total size 12544 ([1, 16, 28, 28])
layer /tensor start_node /input-12 using sparse-spec alpha [2, 27, 1, 6920] with unstable size 26 total_size 64 output_shape torch.Size([64])
layer /tensor start_node /45 using full alpha [2, 9, 1, 6920] with unstable size None total_size 9 output_shape 9
layer /44 using sparse-features alpha with shape [26]; unstable size 26; total size 64 ([1, 64])
layer /44 start_node /45 using full alpha [2, 9, 1, 26] with unstable size None total_size 9 output_shape 9
Optimizable variables initialized.
initial CROWN bounds (first 10 items): [-6.565027236938477, -2.5219497680664062, -7.654280185699463, -11.849566459655762, -10.870170593261719, -6.458938121795654, -11.179590225219727, -9.779216766357422, -7.584657669067383]
prune_after_crown optimization in use
  original spec size = torch.Size([1, 9])
  pruned spec size = torch.Size([1, 9])
Using alpha-CROWN to initialize bounds.
best_l after optimization: -65.53194427490234
alpha/beta optimization time: 4.985130071640015
initial alpha-crown bounds (first 10 items): [-5.817630290985107, -2.1457815170288086, -7.081881999969482, -9.789704322814941, -9.808147430419922, -6.032798767089844, -9.911543846130371, -8.300580978393555, -6.643874645233154]
Global lower bound: -9.911543846130371
0 / 9 OR specs are verified.
Verified OR indices (first 10 items): []
Verified OR lbs (first 10 items): []
Unverified OR indices (first 10 items): [0, 1, 2, 3, 4, 5, 6, 7, 8]
Unverified OR lbs (first 10 items): [[-5.817630290985107], [-2.1457815170288086], [-7.081881999969482], [-9.789704322814941], [-9.808147430419922], [-6.032798767089844], [-9.911543846130371], [-8.300580978393555], [-6.643874645233154]]
###### Verifying property Instance 6 ######
Batch size: 9
First 10 spec matrices
C: tensor([[[-1.,  0.,  0.,  0.,  1.,  0.,  0.,  0.,  0.,  0.]],

        [[ 0., -1.,  0.,  0.,  1.,  0.,  0.,  0.,  0.,  0.]],

        [[ 0.,  0., -1.,  0.,  1.,  0.,  0.,  0.,  0.,  0.]],

        [[ 0.,  0.,  0., -1.,  1.,  0.,  0.,  0.,  0.,  0.]],

        [[ 0.,  0.,  0.,  0.,  1., -1.,  0.,  0.,  0.,  0.]],

        [[ 0.,  0.,  0.,  0.,  1.,  0., -1.,  0.,  0.,  0.]],

        [[ 0.,  0.,  0.,  0.,  1.,  0.,  0., -1.,  0.,  0.]],

        [[ 0.,  0.,  0.,  0.,  1.,  0.,  0.,  0., -1.,  0.]],

        [[ 0.,  0.,  0.,  0.,  1.,  0.,  0.,  0.,  0., -1.]]], device='cuda:0')
RHS: tensor([[0.],
        [0.],
        [0.],
        [0.],
        [0.],
        [0.],
        [0.],
        [0.],
        [0.]], device='cuda:0')
OR spec sizes: tensor([1, 1, 1, 1, 1, 1, 1, 1, 1], device='cuda:0', dtype=torch.int32)
Remaining timeout: 53.112356662750244
Model prediction is: tensor([-2.23416567, -2.55465627, -1.39147651,  2.47894979,  6.66587257,
         4.53523970, -3.37107301,  4.97730637,  3.90590715,  3.86103630],
       device='cuda:0')
Activation BaB batch 1/1 
build_with_refined_bounds batch [1/1]
Optimizable variables initialized.
all alpha initialized
directly get lb and ub from refined bounds
c shape: torch.Size([9, 1, 10])
lA shapes: [torch.Size([9, 1, 8, 28, 28]), torch.Size([9, 1, 16, 28, 28]), torch.Size([9, 1, 64])]
(alpha-)CROWN with fixed intermediate bounds: tensor([[-5.81763029],
        [-2.14578152],
        [-7.08188200],
        [-9.78970432],
        [-9.80814743],
        [-6.03279877],
        [-9.91154385],
        [-8.30058098],
        [-6.64387465]], device='cuda:0') tensor([[inf],
        [inf],
        [inf],
        [inf],
        [inf],
        [inf],
        [inf],
        [inf],
        [inf]], device='cuda:0')
Intermediate layers: /input,/input-8,/input-12
Keeping alphas for these layers: ['/45']
Node /input-4 input 0: size torch.Size([8, 28, 28]) unstable 2697
Node /tensor input 0: size torch.Size([16, 28, 28]) unstable 6920
Node /44 input 0: size torch.Size([64]) unstable 26
-----------------
# of unstable neurons: 9643
-----------------

BaB round 1
batch: 9
splitting decisions: 
split level 0: [/input-8, 8688] [/input-8, 5091] [/input-8, 6198] [/input-8, 5265] [/input, 3493] [/input-8, 3785] [/input-8, 5940] [/input-8, 8566] [/input, 5428] 
split level 1: [/input, 4984] [/input-8, 8931] [/input-8, 4135] [/input, 5534] [/input, 5030] [/input-8, 8462] [/input-8, 5702] [/input, 3835] [/input-8, 8836] 
split level 2: [/input, 3405] [/input, 711] [/input-8, 7907] [/input-8, 8109] [/input-8, 3533] [/input-8, 9858] [/input-8, 5065] [/input-8, 484] [/input, 2985] 
split level 3: [/input-8, 9391] [/input, 5411] [/input, 5377] [/input, 5635] [/input, 5769] [/input, 3165] [/input-8, 3283] [/input, 5230] [/input-8, 646] 
best_l after optimization: -1040.06591796875
beta sum per layer: [22.49432373046875, 36.729129791259766, 0.0]
alpha/beta optimization time: 0.1417679786682129
pruning_in_iteration open status: False
ratio of positive domain = 0 / 144 = 0.0
pruning-in-iteration extra time: 5.91278076171875e-05
Time: pickout 0.0015    branching_decision 0.0001    decision 0.0001    set_bounds 0.0073    prepare 0.0021    transfer 0.0000    finalize 0.0094    func 0.1581    
Accumulated time: bab_iteration 0.0000    pickout 0.0015    decision 0.0001    branching_decision 0.0001    set_bounds 0.0073    solve 0.0000    func 0.1581    prepare 0.0021    transfer 0.0000    finalize 0.0094    
max lb -1.986738681793213 min lb -9.911458969116211
Number of Verified Splits: 0 of 144
Current worst splitting domains lb-rhs (depth):
-9.91146 (4), -9.91146 (4), -9.91146 (4), -9.91146 (4), -9.91146 (4), -9.91146 (4), -9.91146 (4), -9.91146 (4), -9.91146 (4), -9.91146 (4), -9.91146 (4), -9.91146 (4), -9.91146 (4), -9.91146 (4), -9.91146 (4), -9.91146 (4), -9.80802 (4), -9.80802 (4), -9.80723 (4), -9.80723 (4), 
Current (lb-rhs): -9.911458969116211
144 domains visited
Length of domains: 144
Cumulative time: 0.2889065742492676

BaB round 2
batch: 144
splitting decisions: 
split level 0: [/input, 241] [/input-8, 5664] [/input-8, 9091] [/input-8, 9659] [/input-8, 7127] [/input-8, 2781] [/input-8, 9467] [/input, 3199] [/input-8, 42] [/input-8, 4813] 
best_l after optimization: -2062.48876953125
beta sum per layer: [73.92268371582031, 165.8248748779297, 0.0]
alpha/beta optimization time: 0.1708364486694336
pruning_in_iteration open status: False
ratio of positive domain = 0 / 288 = 0.0
pruning-in-iteration extra time: 5.125999450683594e-05
Time: pickout 0.0131    branching_decision 0.0001    decision 0.0001    set_bounds 0.0068    prepare 0.0064    transfer 0.0000    finalize 0.0157    func 0.1989    solve 0.1581    add 0.0033    bab_iteration 0.1704    
Accumulated time: bab_iteration 0.1704    pickout 0.0145    decision 0.0002    branching_decision 0.0002    set_bounds 0.0140    solve 0.1581    func 0.3570    prepare 0.0085    transfer 0.0001    finalize 0.0252    add 0.0033    
max lb -1.5227389335632324 min lb -9.911407470703125
Number of Verified Splits: 0 of 288
Current worst splitting domains lb-rhs (depth):
-9.91141 (5), -9.91139 (5), -9.91139 (5), -9.91139 (5), -9.91139 (5), -9.91139 (5), -9.91139 (5), -9.91138 (5), -9.91125 (5), -9.91114 (5), -9.91111 (5), -9.91099 (5), -9.91054 (5), -9.91044 (5), -9.91042 (5), -9.91040 (5), -9.90970 (5), -9.90821 (5), -9.90656 (5), -9.90597 (5), 
Current (lb-rhs): -9.911407470703125
432 domains visited
Length of domains: 288
Cumulative time: 0.5122480392456055

BaB round 3
batch: 288
splitting decisions: 
split level 0: [/input-8, 7500] [/input, 3411] [/input-8, 6080] [/input, 255] [/input-8, 7649] [/input-8, 5987] [/input-8, 3413] [/input-8, 7488] [/input, 5582] [/input-8, 12150] 
best_l after optimization: -4075.2763671875
beta sum per layer: [198.414794921875, 574.5850219726562, 0.933925986289978]
alpha/beta optimization time: 0.16104507446289062
pruning_in_iteration open status: False
ratio of positive domain = 0 / 576 = 0.0
pruning-in-iteration extra time: 5.14984130859375e-05
Time: pickout 0.0262    branching_decision 0.0002    decision 0.0002    set_bounds 0.0134    prepare 0.0127    transfer 0.0000    finalize 0.0274    func 0.2093    solve 0.1990    add 0.0042    bab_iteration 0.2233    
Accumulated time: bab_iteration 0.3937    pickout 0.0407    decision 0.0004    branching_decision 0.0003    set_bounds 0.0274    solve 0.3571    func 0.5663    prepare 0.0212    transfer 0.0001    finalize 0.0526    add 0.0075    
max lb -1.0695815086364746 min lb -9.911373138427734
Number of Verified Splits: 0 of 576
Current worst splitting domains lb-rhs (depth):
-9.91137 (6), -9.91137 (6), -9.91137 (6), -9.91137 (6), -9.91137 (6), -9.91137 (6), -9.91135 (6), -9.91129 (6), -9.91110 (6), -9.91110 (6), -9.91109 (6), -9.91108 (6), -9.91065 (6), -9.91060 (6), -9.91051 (6), -9.91041 (6), -9.91041 (6), -9.91041 (6), -9.91041 (6), -9.91041 (6), 
Current (lb-rhs): -9.911373138427734
1008 domains visited
Length of domains: 576
Cumulative time: 0.7693934440612793

BaB round 4
batch: 576
splitting decisions: 
split level 0: [/input-8, 9046] [/input-8, 5619] [/input, 4828] [/input-8, 3787] [/input-8, 6885] [/input, 5079] [/input-8, 6700] [/input-8, 7388] [/input, 3279] [/input-8, 10061] 
best_l after optimization: -8037.03515625
beta sum per layer: [463.41766357421875, 1734.2672119140625, 2.43060040473938]
alpha/beta optimization time: 0.32425856590270996
pruning_in_iteration open status: False
ratio of positive domain = 0 / 1152 = 0.0
pruning-in-iteration extra time: 5.245208740234375e-05
Time: pickout 0.0503    branching_decision 0.0003    decision 0.0003    set_bounds 0.0259    prepare 0.0255    transfer 0.0000    finalize 0.0644    func 0.4281    solve 0.2093    add 0.0078    bab_iteration 0.2571    
Accumulated time: bab_iteration 0.6508    pickout 0.0910    decision 0.0007    branching_decision 0.0006    set_bounds 0.0533    solve 0.5664    func 0.9944    prepare 0.0467    transfer 0.0002    finalize 0.1170    add 0.0153    
max lb -0.08098316192626953 min lb -9.911542892456055
Number of Verified Splits: 0 of 1152
Current worst splitting domains lb-rhs (depth):
-9.91137 (7), -9.91137 (7), -9.91135 (7), -9.91135 (7), -9.91135 (7), -9.91134 (7), -9.91134 (7), -9.91134 (7), -9.91134 (7), -9.91134 (7), -9.91134 (7), -9.91126 (7), -9.91111 (7), -9.91110 (7), -9.91107 (7), -9.91107 (7), -9.91107 (7), -9.91104 (7), -9.91081 (7), -9.91058 (7), 
Current (lb-rhs): -9.911367416381836
2160 domains visited
Length of domains: 1152
Cumulative time: 1.2901771068572998

BaB round 5
batch: 1152
splitting decisions: 
split level 0: [/input-8, 10144] [/input, 6096] [/input, 4776] [/input-8, 9456] [/input-8, 10020] [/input-8, 9527] [/input-8, 7945] [/input-8, 4743] [/input, 5405] [/input-8, 9243] 
best_l after optimization: -15817.0625
beta sum per layer: [1082.283935546875, 4811.75, 7.048626899719238]
alpha/beta optimization time: 0.6657094955444336
pruning_in_iteration open status: False
ratio of positive domain = 5 / 2304 = 0.0021701388888888395
pruning-in-iteration extra time: 5.459785461425781e-05
Time: pickout 0.1005    branching_decision 0.0006    decision 0.0006    set_bounds 0.0509    prepare 0.0508    transfer 0.0000    finalize 0.1271    func 0.8683    solve 0.4282    add 0.0158    bab_iteration 0.5208    
Accumulated time: bab_iteration 1.1716    pickout 0.1915    decision 0.0013    branching_decision 0.0012    set_bounds 0.1042    solve 0.9945    func 1.8626    prepare 0.0975    transfer 0.0002    finalize 0.2440    add 0.0311    
max lb 0.9420919418334961 min lb -9.911406517028809
Number of Verified Splits: 5 of 2304
Current worst splitting domains lb-rhs (depth):
-9.91137 (8), -9.91137 (8), -9.91132 (8), -9.91132 (8), -9.91132 (8), -9.91132 (8), -9.91132 (8), -9.91130 (8), -9.91130 (8), -9.91124 (8), -9.91116 (8), -9.91109 (8), -9.91108 (8), -9.91108 (8), -9.91108 (8), -9.91105 (8), -9.91105 (8), -9.91105 (8), -9.91100 (8), -9.91100 (8), 
Current (lb-rhs): -9.911367416381836
4464 domains visited
Length of domains: 2299
Cumulative time: 2.3397927284240723

BaB round 6
batch: 2048
splitting decisions: 
split level 0: [/input-8, 9854] [/input, 751] [/input-8, 3401] [/input, 5197] [/input-8, 7457] [/input-8, 7019] [/input-8, 2609] [/input-8, 4887] [/input, 4805] [/input-8, 6462] 
best_l after optimization: -27657.1171875
beta sum per layer: [2280.84033203125, 11283.546875, 11.813484191894531]
alpha/beta optimization time: 1.1766653060913086
pruning_in_iteration open status: False
ratio of positive domain = 19 / 4096 = 0.004638671875
pruning-in-iteration extra time: 5.435943603515625e-05
Time: pickout 0.1782    branching_decision 0.0008    decision 0.0008    set_bounds 0.0905    prepare 0.2268    transfer 0.0000    finalize 0.2175    func 1.6602    solve 0.8683    add 0.0282    bab_iteration 1.0496    
Accumulated time: bab_iteration 2.2212    pickout 0.3697    decision 0.0021    branching_decision 0.0020    set_bounds 0.1947    solve 1.8628    func 3.5229    prepare 0.3243    transfer 0.0002    finalize 0.4616    add 0.0593    
max lb 0.8838133811950684 min lb -9.911405563354492
Number of Verified Splits: 19 of 4096
Current worst splitting domains lb-rhs (depth):
-9.91137 (9), -9.91137 (9), -9.91137 (8), -9.91132 (9), -9.91131 (9), -9.91130 (9), -9.91130 (9), -9.91130 (9), -9.91130 (9), -9.91129 (9), -9.91127 (9), -9.91123 (9), -9.91108 (9), -9.91107 (9), -9.91107 (9), -9.91107 (9), -9.91107 (9), -9.91107 (9), -9.91105 (8), -9.91105 (9), 
Current (lb-rhs): -9.911367416381836
8560 domains visited
Length of domains: 4328
current_vram/total_varm: 12.5GB/47.7GB, batch_size increase to 4096
Cumulative time: 4.336259603500366

BaB round 7
batch: 4096
splitting decisions: 
split level 0: [/input-8, 4874] [/input, 5013] [/input-8, 5380] [/input-8, 6725] [/input, 5049] [/input-8, 90] [/input-8, 6493] [/input, 510] [/input-8, 8389] [/input-8, 5411] 
best_l after optimization: -54439.8515625
beta sum per layer: [5187.34375, 28471.486328125, 28.443359375]
alpha/beta optimization time: 2.3368077278137207
pruning_in_iteration open status: False
ratio of positive domain = 22 / 8192 = 0.002685546875
pruning-in-iteration extra time: 8.368492126464844e-05
Time: pickout 0.3596    branching_decision 0.0014    decision 0.0014    set_bounds 0.3312    prepare 0.1870    transfer 0.0001    finalize 0.6237    func 3.2224    solve 1.6603    add 0.0636    bab_iteration 1.9965    
Accumulated time: bab_iteration 4.2177    pickout 0.7294    decision 0.0035    branching_decision 0.0034    set_bounds 0.5259    solve 3.5231    func 6.7453    prepare 0.5113    transfer 0.0003    finalize 1.0853    add 0.1229    
max lb 0.21514225006103516 min lb -9.911405563354492
Number of Verified Splits: 22 of 8192
Current worst splitting domains lb-rhs (depth):
-9.91137 (10), -9.91137 (8), -9.91137 (10), -9.91131 (10), -9.91130 (10), -9.91130 (10), -9.91128 (10), -9.91127 (10), -9.91122 (10), -9.91119 (10), -9.91117 (10), -9.91108 (10), -9.91107 (10), -9.91107 (10), -9.91107 (10), -9.91107 (10), -9.91106 (10), -9.91106 (10), -9.91105 (10), -9.91105 (10), 
Current (lb-rhs): -9.911367416381836
16752 domains visited
Length of domains: 8402
Cumulative time: 8.525712728500366

BaB round 8
batch: 4096
splitting decisions: 
split level 0: [/input, 333] [/input-8, 7037] [/input, 3348] [/input-8, 10624] [/input-8, 8503] [/input-8, 8002] [/input-8, 5049] [/input-8, 9214] [/input-8, 5607] [/input-8, 8669] 
best_l after optimization: -53276.828125
beta sum per layer: [6050.98974609375, 35556.59375, 37.93325424194336]
alpha/beta optimization time: 2.3365838527679443
pruning_in_iteration open status: False
ratio of positive domain = 35 / 8192 = 0.0042724609375
pruning-in-iteration extra time: 5.7220458984375e-05
Time: pickout 0.3624    branching_decision 0.0012    decision 0.0012    set_bounds 0.3843    prepare 0.1868    transfer 0.0001    finalize 0.4679    func 3.0628    solve 3.2225    add 0.2526    bab_iteration 4.1894    
Accumulated time: bab_iteration 8.4071    pickout 1.0918    decision 0.0048    branching_decision 0.0046    set_bounds 0.9103    solve 6.7456    func 9.8081    prepare 0.6980    transfer 0.0004    finalize 1.5532    add 0.3755    
max lb 0.2540135383605957 min lb -9.911393165588379
Number of Verified Splits: 35 of 8192
Current worst splitting domains lb-rhs (depth):
-9.91137 (8), -9.91137 (11), -9.91137 (10), -9.91130 (11), -9.91130 (10), -9.91128 (10), -9.91127 (11), -9.91122 (11), -9.91119 (10), -9.91117 (11), -9.91108 (10), -9.91107 (10), -9.91107 (10), -9.91106 (10), -9.91106 (11), -9.91106 (11), -9.91106 (11), -9.91105 (10), -9.91105 (8), -9.91105 (10), 
Current (lb-rhs): -9.911367416381836
24944 domains visited
Length of domains: 12463
Cumulative time: 12.560330867767334

BaB round 9
batch: 4096
splitting decisions: 
split level 0: [/input-8, 9276] [/input, 3560] [/input-8, 5263] [/input-8, 8024] [/input-8, 505] [/input-8, 12288] [/input-8, 4869] [/input-8, 7245] [/input-8, 11584] [/input-8, 6695] 
best_l after optimization: -52100.8515625
beta sum per layer: [6948.111328125, 43311.06640625, 52.728790283203125]
alpha/beta optimization time: 2.3373656272888184
pruning_in_iteration open status: False
ratio of positive domain = 44 / 8192 = 0.00537109375
pruning-in-iteration extra time: 7.867813110351562e-05
Time: pickout 0.3657    branching_decision 0.0010    decision 0.0010    set_bounds 0.3578    prepare 0.1862    transfer 0.0001    finalize 0.4659    func 3.0601    solve 3.0629    add 0.2203    bab_iteration 4.0346    
Accumulated time: bab_iteration 12.4418    pickout 1.4574    decision 0.0058    branching_decision 0.0057    set_bounds 1.2680    solve 9.8084    func 12.8682    prepare 0.8842    transfer 0.0004    finalize 2.0190    add 0.5958    
max lb 0.20299816131591797 min lb -9.91130256652832
Number of Verified Splits: 44 of 8192
Current worst splitting domains lb-rhs (depth):
-9.91137 (11), -9.91137 (8), -9.91137 (10), -9.91130 (12), -9.91130 (10), -9.91130 (12), -9.91128 (10), -9.91127 (12), -9.91122 (11), -9.91119 (10), -9.91117 (12), -9.91117 (12), -9.91108 (10), -9.91107 (10), -9.91107 (10), -9.91106 (10), -9.91106 (11), -9.91106 (11), -9.91106 (12), -9.91105 (10), 
Current (lb-rhs): -9.911367416381836
33136 domains visited
Length of domains: 16515
Cumulative time: 16.659001350402832

BaB round 10
batch: 4096
splitting decisions: 
split level 0: [/input-8, 12491] [/input-8, 4095] [/input-8, 6350] [/input-8, 3679] [/input-8, 8319] [/input, 5575] [/input-8, 9861] [/input, 4805] [/input-8, 3778] [/input-8, 8178] 
best_l after optimization: -50860.15625
beta sum per layer: [7840.267578125, 51506.44921875, 63.73214340209961]
alpha/beta optimization time: 2.337642192840576
pruning_in_iteration open status: False
ratio of positive domain = 63 / 8192 = 0.0076904296875
pruning-in-iteration extra time: 5.9604644775390625e-05
Time: pickout 0.3672    branching_decision 0.0011    decision 0.0011    set_bounds 0.3796    prepare 0.1869    transfer 0.0001    finalize 0.4662    func 3.0609    solve 3.0602    add 0.3101    bab_iteration 4.0987    
Accumulated time: bab_iteration 16.5404    pickout 1.8247    decision 0.0070    branching_decision 0.0068    set_bounds 1.6476    solve 12.8686    func 15.9291    prepare 1.0711    transfer 0.0005    finalize 2.4853    add 0.9059    
max lb 0.21901369094848633 min lb -9.91130256652832
Number of Verified Splits: 63 of 8192
Current worst splitting domains lb-rhs (depth):
-9.91137 (8), -9.91137 (11), -9.91137 (10), -9.91130 (13), -9.91130 (10), -9.91130 (12), -9.91128 (10), -9.91127 (12), -9.91122 (13), -9.91122 (11), -9.91119 (10), -9.91117 (12), -9.91117 (13), -9.91108 (10), -9.91107 (10), -9.91107 (10), -9.91106 (10), -9.91106 (11), -9.91106 (11), -9.91106 (12), 
Current (lb-rhs): -9.911367416381836
41328 domains visited
Length of domains: 20548
Cumulative time: 20.638431787490845

BaB round 11
batch: 4096
splitting decisions: 
split level 0: [/input-8, 7796] [/input-8, 6404] [/input-8, 5557] [/input, 5791] [/input-8, 9421] [/input-8, 11817] [/input, 453] [/input-8, 742] [/input-8, 9240] [/input, 3501] 
best_l after optimization: -49609.51171875
beta sum per layer: [8798.59765625, 60268.5390625, 81.47377014160156]
alpha/beta optimization time: 2.341136932373047
pruning_in_iteration open status: False
ratio of positive domain = 101 / 8192 = 0.0123291015625
pruning-in-iteration extra time: 7.05718994140625e-05
Time: pickout 0.3690    branching_decision 0.0010    decision 0.0011    set_bounds 0.4069    prepare 0.1882    transfer 0.0001    finalize 0.4668    func 3.0687    solve 3.0609    add 0.1665    bab_iteration 3.9794    
Accumulated time: bab_iteration 20.5198    pickout 2.1937    decision 0.0080    branching_decision 0.0078    set_bounds 2.0545    solve 15.9296    func 18.9979    prepare 1.2592    transfer 0.0006    finalize 2.9521    add 1.0724    
max lb 0.5759878158569336 min lb -9.91130256652832
Number of Verified Splits: 101 of 8192
Current worst splitting domains lb-rhs (depth):
-9.91137 (11), -9.91137 (8), -9.91137 (10), -9.91130 (12), -9.91130 (14), -9.91130 (10), -9.91130 (14), -9.91128 (10), -9.91127 (12), -9.91122 (13), -9.91122 (11), -9.91119 (10), -9.91117 (12), -9.91117 (13), -9.91108 (10), -9.91107 (10), -9.91107 (10), -9.91106 (10), -9.91106 (11), -9.91106 (11), 
Current (lb-rhs): -9.911367416381836
49520 domains visited
Length of domains: 24543
Cumulative time: 24.71376085281372

BaB round 12
batch: 4096
splitting decisions: 
split level 0: [/input-8, 10108] [/input-8, 3549] [/input-8, 8746] [/input-8, 12476] [/input, 3662] [/input-8, 9087] [/input-8, 9391] [/input-8, 9808] [/input-8, 6127] [/input-8, 147] 
best_l after optimization: -48518.80078125
beta sum per layer: [9835.9951171875, 69046.7890625, 91.2669677734375]
alpha/beta optimization time: 2.339448928833008
pruning_in_iteration open status: False
ratio of positive domain = 114 / 8192 = 0.013916015625
pruning-in-iteration extra time: 5.7220458984375e-05
Time: pickout 0.3759    branching_decision 0.0011    decision 0.0011    set_bounds 0.1815    prepare 0.1873    transfer 0.0001    finalize 0.4622    func 3.3565    solve 3.0688    add 0.2249    bab_iteration 4.0753    
Accumulated time: bab_iteration 24.5952    pickout 2.5695    decision 0.0091    branching_decision 0.0089    set_bounds 2.2360    solve 18.9984    func 22.3544    prepare 1.4466    transfer 0.0007    finalize 3.4143    add 1.2973    
max lb 0.808049201965332 min lb -9.91130256652832
Number of Verified Splits: 114 of 8192
Current worst splitting domains lb-rhs (depth):
-9.91137 (8), -9.91137 (11), -9.91137 (10), -9.91130 (10), -9.91130 (14), -9.91130 (15), -9.91130 (12), -9.91128 (10), -9.91127 (12), -9.91122 (13), -9.91122 (11), -9.91119 (10), -9.91117 (13), -9.91117 (12), -9.91108 (10), -9.91107 (10), -9.91107 (10), -9.91106 (10), -9.91106 (11), -9.91106 (11), 
Current (lb-rhs): -9.911367416381836
57712 domains visited
Length of domains: 28525
Cumulative time: 28.898893356323242

BaB round 13
batch: 4096
splitting decisions: 
split level 0: [/input-12, 7] [/input, 6210] [/input-8, 12098] [/input-8, 6468] [/input-8, 7578] [/input-8, 8652] [/input-8, 3228] [/input, 3174] [/input-8, 11946] [/input, 5208] 
best_l after optimization: -47407.2109375
beta sum per layer: [10938.78515625, 78061.859375, 105.68842315673828]
alpha/beta optimization time: 2.3401076793670654
pruning_in_iteration open status: False
ratio of positive domain = 123 / 8192 = 0.0150146484375
pruning-in-iteration extra time: 6.0558319091796875e-05
Time: pickout 0.3925    branching_decision 0.0010    decision 0.0010    set_bounds 0.1811    prepare 0.1975    transfer 0.0001    finalize 0.4790    func 3.3876    solve 3.3566    add 0.2570    bab_iteration 4.1851    
Accumulated time: bab_iteration 28.7803    pickout 2.9621    decision 0.0102    branching_decision 0.0099    set_bounds 2.4171    solve 22.3550    func 25.7420    prepare 1.6440    transfer 0.0007    finalize 3.8932    add 1.5543    
max lb 0.8082289695739746 min lb -9.911279678344727
Number of Verified Splits: 123 of 8192
Current worst splitting domains lb-rhs (depth):
-9.91137 (10), -9.91137 (11), -9.91137 (8), -9.91130 (14), -9.91130 (12), -9.91130 (10), -9.91128 (10), -9.91128 (16), -9.91127 (12), -9.91122 (13), -9.91122 (11), -9.91119 (10), -9.91117 (13), -9.91117 (12), -9.91108 (10), -9.91107 (10), -9.91107 (10), -9.91106 (10), -9.91106 (11), -9.91106 (11), 
Current (lb-rhs): -9.911367416381836
65904 domains visited
Length of domains: 32498
Cumulative time: 33.21910738945007

BaB round 14
batch: 4096
splitting decisions: 
split level 0: [/input-8, 4952] [/input, 4240] [/input, 5530] [/input-8, 8633] [/input-8, 5660] [/input, 5312] [/input-8, 10883] [/input-8, 8701] [/input-8, 5003] [/input-8, 9802] 
best_l after optimization: -46252.1875
beta sum per layer: [12103.787109375, 87819.78125, 116.58905792236328]
alpha/beta optimization time: 2.3397271633148193
pruning_in_iteration open status: False
ratio of positive domain = 179 / 8192 = 0.0218505859375
pruning-in-iteration extra time: 5.698204040527344e-05
Time: pickout 0.3925    branching_decision 0.0011    decision 0.0011    set_bounds 0.1820    prepare 0.1857    transfer 0.0001    finalize 0.4601    func 3.0555    solve 3.3877    add 0.3447    bab_iteration 4.3202    
Accumulated time: bab_iteration 33.1005    pickout 3.3545    decision 0.0112    branching_decision 0.0110    set_bounds 2.5990    solve 25.7426    func 28.7975    prepare 1.8297    transfer 0.0008    finalize 4.3533    add 1.8990    
max lb 1.1492223739624023 min lb -9.911211967468262
Number of Verified Splits: 179 of 8192
Current worst splitting domains lb-rhs (depth):
-9.91137 (8), -9.91137 (11), -9.91137 (10), -9.91130 (12), -9.91130 (14), -9.91130 (10), -9.91128 (10), -9.91127 (12), -9.91122 (13), -9.91122 (11), -9.91121 (17), -9.91119 (10), -9.91117 (13), -9.91117 (12), -9.91108 (10), -9.91107 (10), -9.91107 (10), -9.91106 (10), -9.91106 (11), -9.91106 (11), 
Current (lb-rhs): -9.911367416381836
74096 domains visited
Length of domains: 36415
Cumulative time: 37.50410842895508

BaB round 15
batch: 4096
splitting decisions: 
split level 0: [/input-8, 8486] [/input, 3477] [/input-8, 9434] [/input-8, 5409] [/input, 3555] [/input-8, 5158] [/input, 5829] [/input-8, 6953] [/input-8, 10026] [/input, 675] 
best_l after optimization: -45354.80078125
beta sum per layer: [13369.974609375, 97310.6484375, 117.63632202148438]
alpha/beta optimization time: 2.3437325954437256
pruning_in_iteration open status: False
ratio of positive domain = 206 / 8192 = 0.025146484375
pruning-in-iteration extra time: 6.270408630371094e-05
Time: pickout 0.3800    branching_decision 0.0013    decision 0.0014    set_bounds 0.5288    prepare 0.1865    transfer 0.0001    finalize 0.4601    func 3.0608    solve 3.0555    add 0.6484    bab_iteration 4.2850    
Accumulated time: bab_iteration 37.3855    pickout 3.7346    decision 0.0126    branching_decision 0.0123    set_bounds 3.1278    solve 28.7982    func 31.8583    prepare 2.0162    transfer 0.0009    finalize 4.8135    add 2.5474    
max lb 1.2942256927490234 min lb -9.911209106445312
Number of Verified Splits: 206 of 8192
Current worst splitting domains lb-rhs (depth):
-9.91137 (8), -9.91137 (10), -9.91137 (11), -9.91130 (10), -9.91130 (12), -9.91130 (14), -9.91128 (10), -9.91127 (12), -9.91122 (13), -9.91122 (11), -9.91121 (18), -9.91119 (10), -9.91117 (12), -9.91117 (13), -9.91108 (10), -9.91107 (10), -9.91107 (10), -9.91106 (10), -9.91106 (11), -9.91106 (11), 
Current (lb-rhs): -9.911367416381836
82288 domains visited
Length of domains: 40305
Cumulative time: 41.56125092506409

BaB round 16
batch: 4096
splitting decisions: 
split level 0: [/input-8, 8028] [/input-8, 9527] [/input, 505] [/input, 5754] [/input-8, 5357] [/input-8, 7480] [/input-8, 189] [/input-8, 9555] [/input-8, 12514] [/input, 3256] 
best_l after optimization: -44540.375
beta sum per layer: [14788.6865234375, 106862.84375, 125.31819152832031]
alpha/beta optimization time: 2.340827226638794
pruning_in_iteration open status: False
ratio of positive domain = 205 / 8192 = 0.0250244140625
pruning-in-iteration extra time: 5.888938903808594e-05
Time: pickout 0.3795    branching_decision 0.0010    decision 0.0011    set_bounds 0.1807    prepare 0.1868    transfer 0.0001    finalize 0.4563    func 3.0532    solve 3.0608    add 0.0803    bab_iteration 4.0571    
Accumulated time: bab_iteration 41.4426    pickout 4.1141    decision 0.0137    branching_decision 0.0133    set_bounds 3.3086    solve 31.8590    func 34.9115    prepare 2.2029    transfer 0.0009    finalize 5.2697    add 2.6277    
max lb 0.3742518424987793 min lb -9.910961151123047
Number of Verified Splits: 205 of 8192
Current worst splitting domains lb-rhs (depth):
-9.91137 (10), -9.91137 (8), -9.91137 (11), -9.91130 (12), -9.91130 (10), -9.91130 (14), -9.91128 (10), -9.91127 (12), -9.91122 (13), -9.91122 (11), -9.91121 (18), -9.91119 (10), -9.91117 (13), -9.91117 (12), -9.91108 (10), -9.91107 (10), -9.91107 (10), -9.91106 (10), -9.91106 (11), -9.91106 (11), 
Current (lb-rhs): -9.911367416381836
90480 domains visited
Length of domains: 44196
Cumulative time: 45.645336866378784

BaB round 17
batch: 4096
splitting decisions: 
split level 0: [/input-8, 647] [/input-8, 9891] [/input-8, 5631] [/input-8, 3395] [/input, 4728] [/input-8, 6346] [/input, 5629] [/input-8, 9778] [/input-8, 6430] [/input, 5971] 
best_l after optimization: -43533.78125
beta sum per layer: [16159.55078125, 117642.359375, 141.68055725097656]
alpha/beta optimization time: 2.3414466381073
pruning_in_iteration open status: False
ratio of positive domain = 276 / 8192 = 0.03369140625
pruning-in-iteration extra time: 5.817413330078125e-05
Time: pickout 0.3772    branching_decision 0.0010    decision 0.0010    set_bounds 0.1823    prepare 0.1857    transfer 0.0001    finalize 0.4550    func 3.0514    solve 3.0533    add 0.4633    bab_iteration 4.0841    
Accumulated time: bab_iteration 45.5267    pickout 4.4912    decision 0.0147    branching_decision 0.0144    set_bounds 3.4908    solve 34.9123    func 37.9629    prepare 2.3886    transfer 0.0010    finalize 5.7247    add 3.0909    
max lb 1.1152219772338867 min lb -9.910870552062988
Number of Verified Splits: 276 of 8192
Current worst splitting domains lb-rhs (depth):
-9.91137 (8), -9.91137 (11), -9.91137 (10), -9.91130 (10), -9.91130 (12), -9.91130 (14), -9.91128 (10), -9.91127 (12), -9.91122 (13), -9.91122 (11), -9.91121 (18), -9.91119 (10), -9.91117 (12), -9.91117 (13), -9.91108 (10), -9.91107 (10), -9.91107 (10), -9.91106 (10), -9.91106 (11), -9.91106 (11), 
Current (lb-rhs): -9.911367416381836
98672 domains visited
Length of domains: 48016
Cumulative time: 49.415838956832886

BaB round 18
batch: 4096
splitting decisions: 
split level 0: [/input-8, 7571] [/input-8, 449] [/input-8, 7135] [/input-8, 7555] [/input, 5283] [/input-8, 12176] [/input-8, 186] [/input-8, 9930] [/input-8, 5187] [/input, 3453] 
best_l after optimization: -42861.60546875
beta sum per layer: [17730.771484375, 128639.609375, 157.49874877929688]
alpha/beta optimization time: 2.341531753540039
pruning_in_iteration open status: False
ratio of positive domain = 176 / 8192 = 0.021484375
pruning-in-iteration extra time: 7.796287536621094e-05
Time: pickout 0.3801    branching_decision 0.0011    decision 0.0011    set_bounds 0.1815    prepare 0.1878    transfer 0.0001    finalize 0.8569    func 3.4562    solve 3.0515    add 0.1523    bab_iteration 3.7705    
Accumulated time: bab_iteration 49.2972    pickout 4.8713    decision 0.0158    branching_decision 0.0155    set_bounds 3.6724    solve 37.9638    func 41.4191    prepare 2.5764    transfer 0.0011    finalize 6.5816    add 3.2432    
max lb 0.7934427261352539 min lb -9.907793998718262
Number of Verified Splits: 176 of 8192
Current worst splitting domains lb-rhs (depth):
-9.91137 (10), -9.91137 (8), -9.91137 (11), -9.91130 (14), -9.91130 (10), -9.91130 (12), -9.91128 (10), -9.91127 (12), -9.91122 (13), -9.91122 (11), -9.91121 (18), -9.91119 (10), -9.91117 (13), -9.91117 (12), -9.91108 (10), -9.91107 (10), -9.91107 (10), -9.91106 (10), -9.91106 (11), -9.91106 (11), 
Current (lb-rhs): -9.911367416381836
106864 domains visited
Length of domains: 51936
Time out!!!!!!!!
Result: unknown in 60.7556 seconds

 %%%%%%%%%%%%%%%%%%%%%%%%%%%%%%%%%%% idx: 7, vnnlib ID: 7 %%%%%%%%%%%%%%%%%%%%%%%%%%%%%%%%%%%
Finished vnnlib processing in 0.001806 seconds
Model: BoundedModule(
  (/input-1): BoundInput(name=/input-1, inputs=[], perturbed=True)
  (/shape): BoundBuffers(name=/shape, inputs=[], perturbed=False)
  (/12): BoundParams(name=/12, inputs=[], perturbed=False)
  (/13): BoundParams(name=/13, inputs=[], perturbed=False)
  (/14): BoundParams(name=/14, inputs=[], perturbed=False)
  (/15): BoundParams(name=/15, inputs=[], perturbed=False)
  (/16): BoundParams(name=/16, inputs=[], perturbed=False)
  (/17): BoundParams(name=/17, inputs=[], perturbed=False)
  (/18): BoundParams(name=/18, inputs=[], perturbed=False)
  (/19): BoundParams(name=/19, inputs=[], perturbed=False)
  (/20): BoundParams(name=/20, inputs=[], perturbed=False)
  (/21): BoundParams(name=/21, inputs=[], perturbed=False)
  (/input): BoundConv(name=/input, inputs=[/input-1, /12, /13], perturbed=True)
  (/input-4): BoundRelu(name=/input-4, inputs=[/input], perturbed=True)
  (/24): BoundConv(name=/24, inputs=[/input-4, /14, /15], perturbed=True)
  (/25): BoundConv(name=/25, inputs=[/input-4, /16, /17], perturbed=True)
  (/26): BoundAdd(name=/26, inputs=[/24, /25], perturbed=True)
  (/input-8): BoundConcat(name=/input-8, inputs=[/input, /26], perturbed=True)
  (/tensor): BoundRelu(name=/tensor, inputs=[/input-8], perturbed=True)
  (/30): BoundSplit(name=/30, inputs=[/tensor], perturbed=True)
  (/31): BoundSplit(name=/31, inputs=[/shape], perturbed=False)
  (/32): BoundSplit(name=/32, inputs=[/shape], perturbed=False)
  (/33): BoundConstant(name=/33, value=tensor([0], device='cuda:0'))
  (/34): BoundSqueeze(name=/34, inputs=[/31, /33], perturbed=False)
  (/35): BoundConstant(name=/35, value=tensor([0], device='cuda:0'))
  (/36): BoundSqueeze(name=/36, inputs=[/32, /35], perturbed=False)
  (/37): BoundConstant(name=/37, value=tensor([0], device='cuda:0'))
  (/38): BoundUnsqueeze(name=/38, inputs=[/34, /37], perturbed=False)
  (/39): BoundConstant(name=/39, value=tensor([0], device='cuda:0'))
  (/40): BoundUnsqueeze(name=/40, inputs=[/36, /39], perturbed=False)
  (/41): BoundConcat(name=/41, inputs=[/38, /40], perturbed=False)
  (/42): BoundReshape(name=/42, inputs=[/30, /41], perturbed=True)
  (/input-12): BoundLinear(name=/input-12, inputs=[/42, /18, /19], perturbed=True)
  (/44): BoundRelu(name=/44, inputs=[/input-12], perturbed=True)
  (/45): BoundLinear(name=/45, inputs=[/44, /20, /21], perturbed=True)
)
Original output in the first batch: tensor([[-3.05377698, -2.57944703, -0.66580158,  0.42875695,  3.19151950,
          1.98886371,  0.14783204,  0.67744833,  2.03230786,  4.37388611]],
       device='cuda:0')
Split layers:
Nonlinear functions:
   BoundRelu(name=/input-4, inputs=[/input], perturbed=True)
   BoundRelu(name=/tensor, inputs=[/input-8], perturbed=True)
   BoundRelu(name=/44, inputs=[/input-12], perturbed=True)
build batch [1/1]
layer /input-4 using sparse-features alpha with shape [2692]; unstable size 2692; total size 6272 ([1, 8, 28, 28])
layer /input-4 start_node /input-12 using sparse-spec alpha [2, 33, 1, 2692] with unstable size 32 total_size 64 output_shape torch.Size([64])
layer /input-4 start_node /45 using full alpha [2, 9, 1, 2692] with unstable size None total_size 9 output_shape 9
layer /tensor using sparse-features alpha with shape [6982]; unstable size 6982; total size 12544 ([1, 16, 28, 28])
layer /tensor start_node /input-12 using sparse-spec alpha [2, 33, 1, 6982] with unstable size 32 total_size 64 output_shape torch.Size([64])
layer /tensor start_node /45 using full alpha [2, 9, 1, 6982] with unstable size None total_size 9 output_shape 9
layer /44 using sparse-features alpha with shape [32]; unstable size 32; total size 64 ([1, 64])
layer /44 start_node /45 using full alpha [2, 9, 1, 32] with unstable size None total_size 9 output_shape 9
Optimizable variables initialized.
initial CROWN bounds (first 10 items): [-8.979272842407227, -9.147565841674805, -14.402200698852539, -12.321925163269043, -10.899837493896484, -13.728059768676758, -14.240842819213867, -8.774853706359863, -9.663535118103027]
prune_after_crown optimization in use
  original spec size = torch.Size([1, 9])
  pruned spec size = torch.Size([1, 9])
Using alpha-CROWN to initialize bounds.
best_l after optimization: -96.76497650146484
alpha/beta optimization time: 1.395899772644043
initial alpha-crown bounds (first 10 items): [-8.33365249633789, -8.596628189086914, -13.81582260131836, -11.756481170654297, -10.366205215454102, -13.23583984375, -13.308115005493164, -8.319103240966797, -9.033132553100586]
Global lower bound: -13.81582260131836
0 / 9 OR specs are verified.
Verified OR indices (first 10 items): []
Verified OR lbs (first 10 items): []
Unverified OR indices (first 10 items): [0, 1, 2, 3, 4, 5, 6, 7, 8]
Unverified OR lbs (first 10 items): [[-8.33365249633789], [-8.596628189086914], [-13.81582260131836], [-11.756481170654297], [-10.366205215454102], [-13.23583984375], [-13.308115005493164], [-8.319103240966797], [-9.033132553100586]]
###### Verifying property Instance 7 ######
Batch size: 9
First 10 spec matrices
C: tensor([[[-1.,  0.,  0.,  0.,  0.,  0.,  0.,  0.,  0.,  1.]],

        [[ 0., -1.,  0.,  0.,  0.,  0.,  0.,  0.,  0.,  1.]],

        [[ 0.,  0., -1.,  0.,  0.,  0.,  0.,  0.,  0.,  1.]],

        [[ 0.,  0.,  0., -1.,  0.,  0.,  0.,  0.,  0.,  1.]],

        [[ 0.,  0.,  0.,  0., -1.,  0.,  0.,  0.,  0.,  1.]],

        [[ 0.,  0.,  0.,  0.,  0., -1.,  0.,  0.,  0.,  1.]],

        [[ 0.,  0.,  0.,  0.,  0.,  0., -1.,  0.,  0.,  1.]],

        [[ 0.,  0.,  0.,  0.,  0.,  0.,  0., -1.,  0.,  1.]],

        [[ 0.,  0.,  0.,  0.,  0.,  0.,  0.,  0., -1.,  1.]]], device='cuda:0')
RHS: tensor([[0.],
        [0.],
        [0.],
        [0.],
        [0.],
        [0.],
        [0.],
        [0.],
        [0.]], device='cuda:0')
OR spec sizes: tensor([1, 1, 1, 1, 1, 1, 1, 1, 1], device='cuda:0', dtype=torch.int32)
Remaining timeout: 58.14870071411133
Model prediction is: tensor([-3.05377698, -2.57944703, -0.66580158,  0.42875695,  3.19151950,
         1.98886371,  0.14783204,  0.67744833,  2.03230786,  4.37388611],
       device='cuda:0')
Activation BaB batch 1/1 
build_with_refined_bounds batch [1/1]
Optimizable variables initialized.
all alpha initialized
directly get lb and ub from refined bounds
c shape: torch.Size([9, 1, 10])
lA shapes: [torch.Size([9, 1, 8, 28, 28]), torch.Size([9, 1, 16, 28, 28]), torch.Size([9, 1, 64])]
(alpha-)CROWN with fixed intermediate bounds: tensor([[ -8.33365250],
        [ -8.59662819],
        [-13.81582260],
        [-11.75648117],
        [-10.36620522],
        [-13.23583984],
        [-13.30811501],
        [ -8.31910324],
        [ -9.03313255]], device='cuda:0') tensor([[inf],
        [inf],
        [inf],
        [inf],
        [inf],
        [inf],
        [inf],
        [inf],
        [inf]], device='cuda:0')
Intermediate layers: /input,/input-8,/input-12
Keeping alphas for these layers: ['/45']
Node /input-4 input 0: size torch.Size([8, 28, 28]) unstable 2692
Node /tensor input 0: size torch.Size([16, 28, 28]) unstable 6982
Node /44 input 0: size torch.Size([64]) unstable 30
-----------------
# of unstable neurons: 9704
-----------------

BaB round 1
batch: 9
splitting decisions: 
split level 0: [/input, 645] [/input-8, 12376] [/input-8, 5526] [/input-8, 5664] [/input-8, 613] [/input-8, 9208] [/input, 734] [/input-8, 123] [/input-8, 4853] 
split level 1: [/input-8, 204] [/input, 146] [/input, 6203] [/input, 4898] [/input-8, 8481] [/input-8, 7008] [/input-8, 743] [/input-8, 54] [/input, 4770] 
split level 2: [/input-8, 7041] [/input, 499] [/input-8, 8559] [/input-8, 5468] [/input, 5957] [/input-8, 3474] [/input, 4918] [/input-8, 3547] [/input-8, 329] 
split level 3: [/input-8, 9404] [/input-8, 5831] [/input-8, 6885] [/input, 4816] [/input, 5263] [/input-8, 6174] [/input, 4987] [/input-8, 8944] [/input, 5554] 
best_l after optimization: -1541.6248779296875
beta sum per layer: [21.44984245300293, 26.146034240722656, 0.0]
alpha/beta optimization time: 0.14142179489135742
pruning_in_iteration open status: False
ratio of positive domain = 0 / 144 = 0.0
pruning-in-iteration extra time: 6.127357482910156e-05
Time: pickout 0.0039    branching_decision 0.0001    decision 0.0001    set_bounds 0.0076    prepare 0.0020    transfer 0.0000    finalize 0.0084    func 0.1567    
Accumulated time: bab_iteration 0.0000    pickout 0.0039    decision 0.0001    branching_decision 0.0001    set_bounds 0.0076    solve 0.0000    func 0.1567    prepare 0.0020    transfer 0.0000    finalize 0.0084    
max lb -7.976616859436035 min lb -13.813390731811523
Number of Verified Splits: 0 of 144
Current worst splitting domains lb-rhs (depth):
-13.81339 (4), -13.81339 (4), -13.81328 (4), -13.81328 (4), -13.78868 (4), -13.78868 (4), -13.78864 (4), -13.78864 (4), -13.75816 (4), -13.75816 (4), -13.75815 (4), -13.75815 (4), -13.73338 (4), -13.73338 (4), -13.73332 (4), -13.73332 (4), -13.30800 (4), -13.30800 (4), -13.30763 (4), -13.30763 (4), 
Current (lb-rhs): -13.813390731811523
144 domains visited
Length of domains: 144
Cumulative time: 0.20176935195922852

BaB round 2
batch: 144
splitting decisions: 
split level 0: [/input, 4817] [/input-8, 9745] [/input, 3435] [/input, 3212] [/input-8, 6499] [/input-8, 484] [/input-8, 7477] [/input-8, 7300] [/input-8, 202] [/input, 5030] 
best_l after optimization: -3066.67626953125
beta sum per layer: [66.93580627441406, 117.23600769042969, 0.0]
alpha/beta optimization time: 0.14319181442260742
pruning_in_iteration open status: False
ratio of positive domain = 0 / 288 = 0.0
pruning-in-iteration extra time: 5.340576171875e-05
Time: pickout 0.0129    branching_decision 0.0001    decision 0.0001    set_bounds 0.0066    prepare 0.0064    transfer 0.0000    finalize 0.0142    func 0.1707    solve 0.1567    add 0.0024    bab_iteration 0.1709    
Accumulated time: bab_iteration 0.1709    pickout 0.0168    decision 0.0003    branching_decision 0.0002    set_bounds 0.0142    solve 0.1567    func 0.3274    prepare 0.0084    transfer 0.0001    finalize 0.0227    add 0.0024    
max lb -7.522849082946777 min lb -13.813390731811523
Number of Verified Splits: 0 of 288
Current worst splitting domains lb-rhs (depth):
-13.81339 (5), -13.81339 (5), -13.81328 (5), -13.81328 (5), -13.81284 (5), -13.81278 (5), -13.78349 (5), -13.78340 (5), -13.78340 (5), -13.78340 (5), -13.78340 (5), -13.78259 (5), -13.76868 (5), -13.75798 (5), -13.75793 (5), -13.75635 (5), -13.75422 (5), -13.73659 (5), -13.72804 (5), -13.72798 (5), 
Current (lb-rhs): -13.813390731811523
432 domains visited
Length of domains: 288
Cumulative time: 0.396592378616333

BaB round 3
batch: 288
splitting decisions: 
split level 0: [/input, 4738] [/input, 5205] [/input-8, 11189] [/input-8, 9229] [/input, 657] [/input-8, 8408] [/input-8, 11889] [/input-8, 4828] [/input-8, 8124] [/input-8, 5291] 
best_l after optimization: -6090.7607421875
beta sum per layer: [172.15988159179688, 417.57904052734375, 0.0]
alpha/beta optimization time: 0.16042542457580566
pruning_in_iteration open status: False
ratio of positive domain = 0 / 576 = 0.0
pruning-in-iteration extra time: 5.221366882324219e-05
Time: pickout 0.0267    branching_decision 0.0002    decision 0.0002    set_bounds 0.0133    prepare 0.0123    transfer 0.0000    finalize 0.0284    func 0.2100    solve 0.1707    add 0.0042    bab_iteration 0.1948    
Accumulated time: bab_iteration 0.3657    pickout 0.0435    decision 0.0004    branching_decision 0.0004    set_bounds 0.0275    solve 0.3275    func 0.5374    prepare 0.0207    transfer 0.0001    finalize 0.0511    add 0.0067    
max lb -6.9363298416137695 min lb -13.813443183898926
Number of Verified Splits: 0 of 576
Current worst splitting domains lb-rhs (depth):
-13.81339 (6), -13.81339 (6), -13.81327 (6), -13.81327 (6), -13.81325 (6), -13.81320 (6), -13.81284 (6), -13.81276 (6), -13.81276 (6), -13.80901 (6), -13.77940 (6), -13.77940 (6), -13.77940 (6), -13.77940 (6), -13.77936 (6), -13.77893 (6), -13.77857 (6), -13.77258 (6), -13.76223 (6), -13.76198 (6), 
Current (lb-rhs): -13.813390731811523
1008 domains visited
Length of domains: 576
Cumulative time: 0.6563405990600586

BaB round 4
batch: 576
splitting decisions: 
split level 0: [/input-8, 3555] [/input, 4502] [/input-8, 12438] [/input-8, 5166] [/input-8, 11520] [/input, 3216] [/input-8, 8080] [/input-8, 275] [/input-8, 3580] [/input, 5531] 
best_l after optimization: -12075.5673828125
beta sum per layer: [435.7187194824219, 1300.194091796875, 0.6824977397918701]
alpha/beta optimization time: 0.3010127544403076
pruning_in_iteration open status: False
ratio of positive domain = 0 / 1152 = 0.0
pruning-in-iteration extra time: 5.7697296142578125e-05
Time: pickout 0.0496    branching_decision 0.0003    decision 0.0003    set_bounds 0.0257    prepare 0.0252    transfer 0.0000    finalize 0.0667    func 0.4055    solve 0.2100    add 0.0093    bab_iteration 0.2597    
Accumulated time: bab_iteration 0.6255    pickout 0.0931    decision 0.0007    branching_decision 0.0007    set_bounds 0.0532    solve 0.5375    func 0.9429    prepare 0.0459    transfer 0.0002    finalize 0.1178    add 0.0160    
max lb -4.639355182647705 min lb -13.813390731811523
Number of Verified Splits: 0 of 1152
Current worst splitting domains lb-rhs (depth):
-13.81339 (7), -13.81324 (7), -13.81324 (7), -13.81321 (7), -13.81317 (7), -13.81317 (7), -13.81286 (7), -13.81281 (7), -13.81279 (7), -13.81273 (7), -13.81273 (7), -13.81273 (7), -13.81245 (7), -13.81198 (7), -13.81173 (7), -13.81168 (7), -13.80898 (7), -13.80898 (7), -13.77530 (7), -13.77530 (7), 
Current (lb-rhs): -13.813389778137207
2160 domains visited
Length of domains: 1152
Cumulative time: 1.1544218063354492

BaB round 5
batch: 1152
splitting decisions: 
split level 0: [/input-8, 9638] [/input-8, 8912] [/input, 3839] [/input-8, 339] [/input, 4755] [/input-8, 7516] [/input-8, 12016] [/input, 4906] [/input, 4586] [/input, 5787] 
best_l after optimization: -23903.37109375
beta sum per layer: [1061.908935546875, 3736.530029296875, 1.9426345825195312]
alpha/beta optimization time: 0.6456403732299805
pruning_in_iteration open status: False
ratio of positive domain = 0 / 2304 = 0.0
pruning-in-iteration extra time: 5.412101745605469e-05
Time: pickout 0.0985    branching_decision 0.0005    decision 0.0005    set_bounds 0.0504    prepare 0.0504    transfer 0.0000    finalize 0.1264    func 0.8458    solve 0.4056    add 0.0165    bab_iteration 0.4981    
Accumulated time: bab_iteration 1.1235    pickout 0.1916    decision 0.0013    branching_decision 0.0012    set_bounds 0.1036    solve 0.9430    func 1.7887    prepare 0.0963    transfer 0.0002    finalize 0.2442    add 0.0325    
max lb -4.237349510192871 min lb -13.813390731811523
Number of Verified Splits: 0 of 2304
Current worst splitting domains lb-rhs (depth):
-13.81339 (8), -13.81321 (8), -13.81321 (8), -13.81321 (8), -13.81314 (8), -13.81314 (8), -13.81314 (8), -13.81278 (8), -13.81272 (8), -13.81270 (8), -13.81237 (8), -13.81237 (8), -13.81194 (8), -13.81189 (8), -13.81173 (8), -13.81173 (8), -13.81164 (8), -13.81068 (8), -13.81030 (8), -13.80999 (8), 
Current (lb-rhs): -13.813389778137207
4464 domains visited
Length of domains: 2304
Cumulative time: 2.1770896911621094

BaB round 6
batch: 2048
splitting decisions: 
split level 0: [/input, 689] [/input-8, 7236] [/input-8, 6084] [/input-8, 5260] [/input-8, 10163] [/input-8, 161] [/input-8, 6273] [/input, 5759] [/input-8, 6927] [/input, 3879] 
best_l after optimization: -41964.734375
beta sum per layer: [2288.91845703125, 9091.2314453125, 11.347643852233887]
alpha/beta optimization time: 1.1982653141021729
pruning_in_iteration open status: False
ratio of positive domain = 0 / 4096 = 0.0
pruning-in-iteration extra time: 5.6743621826171875e-05
Time: pickout 0.1757    branching_decision 0.0009    decision 0.0009    set_bounds 0.0904    prepare 0.2273    transfer 0.0001    finalize 0.2196    func 1.6851    solve 0.8459    add 0.0262    bab_iteration 1.0227    
Accumulated time: bab_iteration 2.1462    pickout 0.3673    decision 0.0022    branching_decision 0.0020    set_bounds 0.1940    solve 1.7889    func 3.4738    prepare 0.3235    transfer 0.0003    finalize 0.4638    add 0.0587    
max lb -2.536130428314209 min lb -13.813206672668457
Number of Verified Splits: 0 of 4096
Current worst splitting domains lb-rhs (depth):
-13.81321 (9), -13.81321 (9), -13.81314 (8), -13.81312 (9), -13.81297 (9), -13.81273 (9), -13.81269 (9), -13.81263 (9), -13.81254 (9), -13.81253 (9), -13.81237 (9), -13.81237 (9), -13.81237 (9), -13.81194 (9), -13.81189 (9), -13.81175 (9), -13.81173 (9), -13.81173 (9), -13.81173 (8), -13.81164 (9), 
Current (lb-rhs): -13.81320571899414
8560 domains visited
Length of domains: 4352
current_vram/total_varm: 12.5GB/47.7GB, batch_size increase to 4096
Cumulative time: 4.244650363922119

BaB round 7
batch: 4096
splitting decisions: 
split level 0: [/input-8, 343] [/input-8, 8950] [/input-8, 7411] [/input-8, 205] [/input-8, 6939] [/input-8, 6546] [/input-8, 2505] [/input, 33] [/input, 3252] [/input-8, 7029] 
best_l after optimization: -82758.15625
beta sum per layer: [5363.3642578125, 23651.13671875, 34.76797866821289]
alpha/beta optimization time: 2.3427555561065674
pruning_in_iteration open status: False
ratio of positive domain = 1 / 8192 = 0.0001220703125
pruning-in-iteration extra time: 6.604194641113281e-05
Time: pickout 0.3563    branching_decision 0.0016    decision 0.0016    set_bounds 0.3355    prepare 0.1888    transfer 0.0001    finalize 0.6129    func 3.2211    solve 1.6851    add 0.1136    bab_iteration 2.0676    
Accumulated time: bab_iteration 4.2138    pickout 0.7236    decision 0.0038    branching_decision 0.0036    set_bounds 0.5295    solve 3.4740    func 6.6949    prepare 0.5124    transfer 0.0003    finalize 1.0767    add 0.1723    
max lb 1.7362489700317383 min lb -13.81319522857666
Number of Verified Splits: 1 of 8192
Current worst splitting domains lb-rhs (depth):
-13.81320 (10), -13.81316 (10), -13.81314 (8), -13.81297 (10), -13.81261 (10), -13.81260 (10), -13.81248 (10), -13.81237 (10), -13.81237 (10), -13.81217 (10), -13.81193 (10), -13.81173 (10), -13.81173 (10), -13.81173 (10), -13.81173 (10), -13.81173 (8), -13.81168 (10), -13.81140 (10), -13.81136 (10), -13.81054 (10), 
Current (lb-rhs): -13.81319522857666
16752 domains visited
Length of domains: 8447
Cumulative time: 8.44162917137146

BaB round 8
batch: 4096
splitting decisions: 
split level 0: [/input-8, 4360] [/input, 6092] [/input-8, 2699] [/input-8, 6105] [/input-8, 12136] [/input-8, 3740] [/input, 3412] [/input, 4846] [/input-8, 7922] [/input-8, 5701] 
best_l after optimization: -81394.75
beta sum per layer: [6221.7255859375, 30390.841796875, 50.68270492553711]
alpha/beta optimization time: 2.3392419815063477
pruning_in_iteration open status: False
ratio of positive domain = 2 / 8192 = 0.000244140625
pruning-in-iteration extra time: 5.817413330078125e-05
Time: pickout 0.3573    branching_decision 0.0012    decision 0.0012    set_bounds 0.3809    prepare 0.1862    transfer 0.0001    finalize 0.4607    func 3.0573    solve 3.2211    add 0.2644    bab_iteration 4.1970    
Accumulated time: bab_iteration 8.4107    pickout 1.0809    decision 0.0050    branching_decision 0.0048    set_bounds 0.9104    solve 6.6952    func 9.7522    prepare 0.6986    transfer 0.0004    finalize 1.5374    add 0.4366    
max lb 0.8191380500793457 min lb -13.813167572021484
Number of Verified Splits: 2 of 8192
Current worst splitting domains lb-rhs (depth):
-13.81317 (11), -13.81317 (11), -13.81314 (8), -13.81297 (10), -13.81261 (10), -13.81260 (11), -13.81260 (11), -13.81248 (10), -13.81237 (10), -13.81237 (11), -13.81217 (11), -13.81217 (11), -13.81193 (10), -13.81173 (11), -13.81173 (11), -13.81173 (10), -13.81173 (10), -13.81173 (8), -13.81168 (10), -13.81140 (10), 
Current (lb-rhs): -13.813167572021484
24944 domains visited
Length of domains: 12541
Cumulative time: 12.430581092834473

BaB round 9
batch: 4096
splitting decisions: 
split level 0: [/input, 5071] [/input-8, 8653] [/input-8, 645] [/input, 395] [/input, 4916] [/input, 4642] [/input-8, 5465] [/input-8, 4388] [/input-8, 4861] [/input, 520] 
best_l after optimization: -79904.46875
beta sum per layer: [7121.66064453125, 37929.765625, 69.62648010253906]
alpha/beta optimization time: 2.339431047439575
pruning_in_iteration open status: False
ratio of positive domain = 0 / 8192 = 0.0
pruning-in-iteration extra time: 5.5789947509765625e-05
Time: pickout 0.3619    branching_decision 0.0011    decision 0.0011    set_bounds 0.3540    prepare 0.1850    transfer 0.0001    finalize 0.4663    func 3.0614    solve 3.0573    add 0.1891    bab_iteration 3.9889    
Accumulated time: bab_iteration 12.3997    pickout 1.4427    decision 0.0060    branching_decision 0.0059    set_bounds 1.2644    solve 9.7525    func 12.8136    prepare 0.8836    transfer 0.0004    finalize 2.0037    add 0.6257    
max lb -0.5925531387329102 min lb -13.812625885009766
Number of Verified Splits: 0 of 8192
Current worst splitting domains lb-rhs (depth):
-13.81317 (11), -13.81314 (8), -13.81297 (10), -13.81261 (10), -13.81260 (11), -13.81260 (12), -13.81260 (12), -13.81253 (12), -13.81248 (10), -13.81237 (11), -13.81237 (10), -13.81217 (12), -13.81217 (11), -13.81193 (10), -13.81173 (8), -13.81173 (11), -13.81173 (10), -13.81173 (10), -13.81168 (10), -13.81140 (10), 
Current (lb-rhs): -13.813167572021484
33136 domains visited
Length of domains: 16637
Cumulative time: 16.55339002609253

BaB round 10
batch: 4096
splitting decisions: 
split level 0: [/input-8, 3619] [/input-8, 8612] [/input, 3825] [/input-8, 4821] [/input, 5203] [/input-8, 4825] [/input-8, 3782] [/input-8, 6225] [/input-8, 4890] [/input-8, 9134] 
best_l after optimization: -78263.9375
beta sum per layer: [8137.1953125, 46258.484375, 91.77726745605469]
alpha/beta optimization time: 2.3401939868927
pruning_in_iteration open status: False
ratio of positive domain = 0 / 8192 = 0.0
pruning-in-iteration extra time: 5.698204040527344e-05
Time: pickout 0.3633    branching_decision 0.0011    decision 0.0011    set_bounds 0.3766    prepare 0.1857    transfer 0.0001    finalize 0.4693    func 3.0659    solve 3.0615    add 0.3406    bab_iteration 4.1228    
Accumulated time: bab_iteration 16.5225    pickout 1.8060    decision 0.0072    branching_decision 0.0070    set_bounds 1.6411    solve 12.8140    func 15.8795    prepare 1.0693    transfer 0.0005    finalize 2.4730    add 0.9663    
max lb -0.010074615478515625 min lb -13.81180191040039
Number of Verified Splits: 0 of 8192
Current worst splitting domains lb-rhs (depth):
-13.81317 (11), -13.81314 (8), -13.81297 (10), -13.81261 (10), -13.81260 (12), -13.81260 (11), -13.81253 (12), -13.81248 (10), -13.81237 (10), -13.81237 (11), -13.81217 (11), -13.81193 (10), -13.81180 (13), -13.81173 (8), -13.81173 (10), -13.81173 (10), -13.81173 (11), -13.81168 (10), -13.81140 (10), -13.81136 (10), 
Current (lb-rhs): -13.813167572021484
41328 domains visited
Length of domains: 20733
Cumulative time: 20.533810138702393

BaB round 11
batch: 4096
splitting decisions: 
split level 0: [/input-8, 707] [/input-8, 49] [/input-8, 662] [/input-8, 8314] [/input-8, 3645] [/input-8, 3693] [/input-8, 5703] [/input-8, 4974] [/input-8, 5100] [/input-8, 7607] 
best_l after optimization: -76505.34375
beta sum per layer: [9264.626953125, 55353.26171875, 108.5400390625]
alpha/beta optimization time: 2.3406121730804443
pruning_in_iteration open status: False
ratio of positive domain = 4 / 8192 = 0.00048828125
pruning-in-iteration extra time: 6.29425048828125e-05
Time: pickout 0.3668    branching_decision 0.0011    decision 0.0011    set_bounds 0.4025    prepare 0.1869    transfer 0.0001    finalize 0.4625    func 3.0636    solve 3.0660    add 0.1694    bab_iteration 3.9804    
Accumulated time: bab_iteration 20.5029    pickout 2.1728    decision 0.0083    branching_decision 0.0080    set_bounds 2.0435    solve 15.8800    func 18.9430    prepare 1.2562    transfer 0.0006    finalize 2.9355    add 1.1357    
max lb 1.3396329879760742 min lb -13.811335563659668
Number of Verified Splits: 4 of 8192
Current worst splitting domains lb-rhs (depth):
-13.81317 (11), -13.81314 (8), -13.81297 (10), -13.81261 (10), -13.81260 (11), -13.81260 (12), -13.81253 (12), -13.81248 (10), -13.81237 (11), -13.81237 (10), -13.81217 (11), -13.81193 (10), -13.81180 (13), -13.81173 (10), -13.81173 (8), -13.81173 (10), -13.81173 (11), -13.81168 (10), -13.81140 (10), -13.81136 (10), 
Current (lb-rhs): -13.813167572021484
49520 domains visited
Length of domains: 24825
Cumulative time: 24.577080965042114

BaB round 12
batch: 4096
splitting decisions: 
split level 0: [/input-8, 8620] [/input-8, 9330] [/input-8, 181] [/input-8, 7357] [/input-8, 11886] [/input-8, 6870] [/input-8, 2584] [/input-8, 3720] [/input, 3404] [/input, 5130] 
best_l after optimization: -74626.265625
beta sum per layer: [10458.5234375, 65313.171875, 125.143310546875]
alpha/beta optimization time: 2.34147047996521
pruning_in_iteration open status: False
ratio of positive domain = 9 / 8192 = 0.0010986328125
pruning-in-iteration extra time: 5.7697296142578125e-05
Time: pickout 0.3699    branching_decision 0.0011    decision 0.0011    set_bounds 0.4733    prepare 0.1877    transfer 0.0001    finalize 0.4634    func 3.0634    solve 3.0636    add 0.2052    bab_iteration 4.0433    
Accumulated time: bab_iteration 24.5462    pickout 2.5427    decision 0.0094    branching_decision 0.0091    set_bounds 2.5169    solve 18.9436    func 22.0065    prepare 1.4440    transfer 0.0006    finalize 3.3989    add 1.3409    
max lb 0.42287588119506836 min lb -13.80875015258789
Number of Verified Splits: 9 of 8192
Current worst splitting domains lb-rhs (depth):
-13.81317 (11), -13.81314 (8), -13.81297 (10), -13.81261 (10), -13.81260 (12), -13.81260 (11), -13.81253 (12), -13.81248 (10), -13.81237 (11), -13.81237 (10), -13.81217 (11), -13.81193 (10), -13.81180 (13), -13.81173 (8), -13.81173 (11), -13.81173 (10), -13.81173 (10), -13.81168 (10), -13.81140 (10), -13.81136 (10), 
Current (lb-rhs): -13.813167572021484
57712 domains visited
Length of domains: 28912
Cumulative time: 28.76275372505188

BaB round 13
batch: 4096
splitting decisions: 
split level 0: [/input, 4359] [/input-8, 7870] [/input-8, 7101] [/input-8, 8612] [/input-8, 3853] [/input-8, 4103] [/input-8, 8968] [/input-8, 10112] [/input-8, 8484] [/input-8, 6953] 
best_l after optimization: -72700.2734375
beta sum per layer: [11757.47265625, 75883.75, 142.87216186523438]
alpha/beta optimization time: 2.3417534828186035
pruning_in_iteration open status: False
ratio of positive domain = 18 / 8192 = 0.002197265625
pruning-in-iteration extra time: 8.058547973632812e-05
Time: pickout 0.3865    branching_decision 0.0011    decision 0.0011    set_bounds 0.1814    prepare 0.1974    transfer 0.0001    finalize 0.4805    func 3.3702    solve 3.0635    add 0.2648    bab_iteration 4.1857    
Accumulated time: bab_iteration 28.7318    pickout 2.9292    decision 0.0105    branching_decision 0.0102    set_bounds 2.6982    solve 22.0071    func 25.3767    prepare 1.6413    transfer 0.0007    finalize 3.8794    add 1.6057    
max lb 0.38579702377319336 min lb -13.80795669555664
Number of Verified Splits: 18 of 8192
Current worst splitting domains lb-rhs (depth):
-13.81317 (11), -13.81314 (8), -13.81297 (10), -13.81261 (10), -13.81260 (12), -13.81260 (11), -13.81253 (12), -13.81248 (10), -13.81237 (11), -13.81237 (10), -13.81217 (11), -13.81193 (10), -13.81180 (13), -13.81173 (10), -13.81173 (11), -13.81173 (8), -13.81173 (10), -13.81168 (10), -13.81140 (10), -13.81136 (10), 
Current (lb-rhs): -13.813167572021484
65904 domains visited
Length of domains: 32990
Cumulative time: 33.30459976196289

BaB round 14
batch: 4096
splitting decisions: 
split level 0: [/input-8, 9517] [/input-8, 3833] [/input, 3074] [/input-8, 9869] [/input, 281] [/input, 455] [/input, 5367] [/input, 5018] [/input, 5676] [/input, 5540] 
best_l after optimization: -70749.703125
beta sum per layer: [13174.306640625, 87033.359375, 161.46133422851562]
alpha/beta optimization time: 2.3415348529815674
pruning_in_iteration open status: False
ratio of positive domain = 33 / 8192 = 0.0040283203125
pruning-in-iteration extra time: 7.653236389160156e-05
Time: pickout 0.3768    branching_decision 0.0010    decision 0.0011    set_bounds 0.1815    prepare 0.1863    transfer 0.0001    finalize 0.4602    func 3.0588    solve 3.3703    add 0.5977    bab_iteration 4.5418    
Accumulated time: bab_iteration 33.2737    pickout 3.3060    decision 0.0115    branching_decision 0.0112    set_bounds 2.8797    solve 25.3773    func 28.4355    prepare 1.8276    transfer 0.0007    finalize 4.3395    add 2.2034    
max lb 0.3562619686126709 min lb -13.807719230651855
Number of Verified Splits: 33 of 8192
Current worst splitting domains lb-rhs (depth):
-13.81317 (11), -13.81314 (8), -13.81297 (10), -13.81261 (10), -13.81260 (12), -13.81260 (11), -13.81253 (12), -13.81248 (10), -13.81237 (10), -13.81237 (11), -13.81217 (11), -13.81193 (10), -13.81180 (13), -13.81173 (8), -13.81173 (10), -13.81173 (10), -13.81173 (11), -13.81168 (10), -13.81140 (10), -13.81136 (10), 
Current (lb-rhs): -13.813167572021484
74096 domains visited
Length of domains: 37053
Cumulative time: 37.01384139060974

BaB round 15
batch: 4096
splitting decisions: 
split level 0: [/input, 4712] [/input-8, 8992] [/input, 478] [/input-8, 262] [/input, 3296] [/input, 284] [/input-8, 9694] [/input-8, 10155] [/input-8, 3580] [/input, 5994] 
best_l after optimization: -68850.8984375
beta sum per layer: [14720.8505859375, 98444.3203125, 173.96755981445312]
alpha/beta optimization time: 2.3419089317321777
pruning_in_iteration open status: False
ratio of positive domain = 44 / 8192 = 0.00537109375
pruning-in-iteration extra time: 5.888938903808594e-05
Time: pickout 0.3767    branching_decision 0.0010    decision 0.0010    set_bounds 0.4847    prepare 0.1876    transfer 0.0001    finalize 0.4613    func 3.0611    solve 3.0589    add 0.0858    bab_iteration 3.7092    
Accumulated time: bab_iteration 36.9829    pickout 3.6827    decision 0.0126    branching_decision 0.0123    set_bounds 3.3644    solve 28.4362    func 31.4966    prepare 2.0152    transfer 0.0008    finalize 4.8009    add 2.2892    
max lb 0.30130863189697266 min lb -13.798209190368652
Number of Verified Splits: 44 of 8192
Current worst splitting domains lb-rhs (depth):
-13.81317 (11), -13.81314 (8), -13.81297 (10), -13.81261 (10), -13.81260 (12), -13.81260 (11), -13.81253 (12), -13.81248 (10), -13.81237 (10), -13.81237 (11), -13.81217 (11), -13.81193 (10), -13.81180 (13), -13.81173 (8), -13.81173 (10), -13.81173 (10), -13.81173 (11), -13.81168 (10), -13.81140 (10), -13.81136 (10), 
Current (lb-rhs): -13.813167572021484
82288 domains visited
Length of domains: 41105
Cumulative time: 41.03061842918396

BaB round 16
batch: 4096
splitting decisions: 
split level 0: [/input-8, 8234] [/input, 5562] [/input-8, 8614] [/input-8, 5097] [/input, 6092] [/input-8, 1218] [/input-8, 685] [/input-8, 11387] [/input-8, 7361] [/input-8, 7885] 
best_l after optimization: -66927.0390625
beta sum per layer: [16390.56640625, 110479.5234375, 180.4904022216797]
alpha/beta optimization time: 2.345309257507324
pruning_in_iteration open status: False
ratio of positive domain = 46 / 8192 = 0.005615234375
pruning-in-iteration extra time: 6.651878356933594e-05
Time: pickout 0.3784    branching_decision 0.0010    decision 0.0011    set_bounds 0.1821    prepare 0.1878    transfer 0.0001    finalize 0.4665    func 3.4646    solve 3.0611    add 0.0876    bab_iteration 4.0168    
Accumulated time: bab_iteration 40.9997    pickout 4.0611    decision 0.0137    branching_decision 0.0133    set_bounds 3.5465    solve 31.4974    func 34.9612    prepare 2.2030    transfer 0.0008    finalize 5.2674    add 2.3767    
max lb 0.3902897834777832 min lb -13.796436309814453
Number of Verified Splits: 46 of 8192
Current worst splitting domains lb-rhs (depth):
-13.81317 (11), -13.81314 (8), -13.81297 (10), -13.81261 (10), -13.81260 (11), -13.81260 (12), -13.81253 (12), -13.81248 (10), -13.81237 (11), -13.81237 (10), -13.81217 (11), -13.81193 (10), -13.81180 (13), -13.81173 (11), -13.81173 (10), -13.81173 (10), -13.81173 (8), -13.81168 (10), -13.81140 (10), -13.81136 (10), 
Current (lb-rhs): -13.813167572021484
90480 domains visited
Length of domains: 45155
Cumulative time: 45.252772092819214

BaB round 17
batch: 4096
splitting decisions: 
split level 0: [/input-8, 10185] [/input-8, 8763] [/input, 89] [/input-8, 3377] [/input, 678] [/input-8, 7807] [/input-8, 745] [/input-8, 8345] [/input-8, 11880] [/input-8, 11218] 
best_l after optimization: -64897.5078125
beta sum per layer: [18139.7421875, 123160.1171875, 193.80349731445312]
alpha/beta optimization time: 2.342822313308716
pruning_in_iteration open status: False
ratio of positive domain = 66 / 8192 = 0.008056640625
pruning-in-iteration extra time: 8.034706115722656e-05
Time: pickout 0.3801    branching_decision 0.0010    decision 0.0010    set_bounds 0.1821    prepare 0.1855    transfer 0.0001    finalize 0.4587    func 3.0575    solve 3.4647    add 0.1900    bab_iteration 4.2221    
Accumulated time: bab_iteration 45.2218    pickout 4.4412    decision 0.0147    branching_decision 0.0143    set_bounds 3.7286    solve 34.9620    func 38.0186    prepare 2.3885    transfer 0.0009    finalize 5.7261    add 2.5667    
max lb 1.5581238269805908 min lb -13.796436309814453
Number of Verified Splits: 66 of 8192
Current worst splitting domains lb-rhs (depth):
-13.81317 (11), -13.81314 (8), -13.81297 (10), -13.81261 (10), -13.81260 (12), -13.81260 (11), -13.81253 (12), -13.81248 (10), -13.81237 (10), -13.81237 (11), -13.81217 (11), -13.81193 (10), -13.81180 (13), -13.81173 (8), -13.81173 (10), -13.81173 (10), -13.81173 (11), -13.81168 (10), -13.81140 (10), -13.81136 (10), 
Current (lb-rhs): -13.813167572021484
98672 domains visited
Length of domains: 49185
Cumulative time: 49.10745549201965

BaB round 18
batch: 4096
splitting decisions: 
split level 0: [/input-8, 9347] [/input-8, 9719] [/input-8, 10083] [/input-8, 9992] [/input-8, 6433] [/input, 3539] [/input-8, 6923] [/input, 5480] [/input, 6050] [/input-8, 9648] 
best_l after optimization: -62930.8515625
beta sum per layer: [19991.34375, 136199.75, 205.1619415283203]
alpha/beta optimization time: 2.3429789543151855
pruning_in_iteration open status: False
ratio of positive domain = 93 / 8192 = 0.0113525390625
pruning-in-iteration extra time: 5.650520324707031e-05
Time: pickout 0.3822    branching_decision 0.0010    decision 0.0010    set_bounds 0.5513    prepare 0.1889    transfer 0.0001    finalize 0.4572    func 3.0592    solve 3.0575    add 0.2279    bab_iteration 3.8547    
Accumulated time: bab_iteration 49.0765    pickout 4.8234    decision 0.0157    branching_decision 0.0153    set_bounds 4.2798    solve 38.0195    func 41.0778    prepare 2.5775    transfer 0.0010    finalize 6.1832    add 2.7947    
max lb 1.0042228698730469 min lb -13.796436309814453
Number of Verified Splits: 93 of 8192
Current worst splitting domains lb-rhs (depth):
-13.81317 (11), -13.81314 (8), -13.81297 (10), -13.81261 (10), -13.81260 (12), -13.81260 (11), -13.81253 (12), -13.81248 (10), -13.81237 (11), -13.81237 (10), -13.81217 (11), -13.81193 (10), -13.81180 (13), -13.81173 (11), -13.81173 (10), -13.81173 (10), -13.81173 (8), -13.81168 (10), -13.81140 (10), -13.81136 (10), 
Current (lb-rhs): -13.813167572021484
106864 domains visited
Length of domains: 53188
Cumulative time: 53.324944496154785

BaB round 19
batch: 4096
splitting decisions: 
split level 0: [/input, 5008] [/input-8, 9913] [/input-8, 617] [/input, 3439] [/input-8, 8537] [/input-8, 6435] [/input-8, 259] [/input-8, 3584] [/input-8, 3599] [/input-8, 5452] 
best_l after optimization: -61100.01953125
beta sum per layer: [21838.81640625, 149067.5, 221.1335906982422]
alpha/beta optimization time: 2.344118118286133
pruning_in_iteration open status: False
ratio of positive domain = 72 / 8192 = 0.0087890625
pruning-in-iteration extra time: 5.507469177246094e-05
Time: pickout 0.3840    branching_decision 0.0011    decision 0.0011    set_bounds 0.1835    prepare 0.1879    transfer 0.0001    finalize 0.4660    func 3.0743    solve 3.0592    add 0.2173    bab_iteration 4.2175    
Accumulated time: bab_iteration 53.2940    pickout 5.2074    decision 0.0168    branching_decision 0.0164    set_bounds 4.4633    solve 41.0788    func 44.1521    prepare 2.7654    transfer 0.0010    finalize 6.6493    add 3.0120    
max lb 0.48272705078125 min lb -13.796285629272461
Number of Verified Splits: 72 of 8192
Current worst splitting domains lb-rhs (depth):
-13.81317 (11), -13.81314 (8), -13.81297 (10), -13.81261 (10), -13.81260 (11), -13.81260 (12), -13.81253 (12), -13.81248 (10), -13.81237 (11), -13.81237 (10), -13.81217 (11), -13.81193 (10), -13.81180 (13), -13.81173 (8), -13.81173 (10), -13.81173 (11), -13.81173 (10), -13.81168 (10), -13.81140 (10), -13.81136 (10), 
Current (lb-rhs): -13.813167572021484
115056 domains visited
Length of domains: 57212
Cumulative time: 57.23038053512573

BaB round 20
batch: 4096
splitting decisions: 
split level 0: [/input-8, 5212] [/input-8, 742] [/input, 382] [/input, 5210] [/input-8, 6431] [/input-8, 8736] [/input-8, 6205] [/input-8, 9358] [/input-8, 8118] [/input-8, 64] 
best_l after optimization: -58889.3828125
beta sum per layer: [23972.103515625, 163251.984375, 247.3330078125]
alpha/beta optimization time: 2.3442816734313965
pruning_in_iteration open status: False
ratio of positive domain = 109 / 8192 = 0.0133056640625
pruning-in-iteration extra time: 5.793571472167969e-05
Time: pickout 0.3844    branching_decision 0.0010    decision 0.0011    set_bounds 0.5928    prepare 0.1890    transfer 0.0001    finalize 0.4604    func 3.0638    solve 3.0744    add 0.2554    bab_iteration 3.9054    
Accumulated time: bab_iteration 57.1994    pickout 5.5918    decision 0.0179    branching_decision 0.0175    set_bounds 5.0561    solve 44.1531    func 47.2160    prepare 2.9544    transfer 0.0011    finalize 7.1097    add 3.2674    
max lb 1.5437378883361816 min lb -13.787269592285156
Number of Verified Splits: 109 of 8192
Current worst splitting domains lb-rhs (depth):
-13.81317 (11), -13.81314 (8), -13.81297 (10), -13.81261 (10), -13.81260 (12), -13.81260 (11), -13.81253 (12), -13.81248 (10), -13.81237 (10), -13.81237 (11), -13.81217 (11), -13.81193 (10), -13.81180 (13), -13.81173 (10), -13.81173 (8), -13.81173 (10), -13.81173 (11), -13.81168 (10), -13.81140 (10), -13.81136 (10), 
Current (lb-rhs): -13.813167572021484
123248 domains visited
Length of domains: 61199
Time out!!!!!!!!
Result: unknown in 63.5097 seconds

 %%%%%%%%%%%%%%%%%%%%%%%%%%%%%%%%%%% idx: 8, vnnlib ID: 8 %%%%%%%%%%%%%%%%%%%%%%%%%%%%%%%%%%%
Finished vnnlib processing in 0.001628 seconds
Model: BoundedModule(
  (/input-1): BoundInput(name=/input-1, inputs=[], perturbed=True)
  (/shape): BoundBuffers(name=/shape, inputs=[], perturbed=False)
  (/12): BoundParams(name=/12, inputs=[], perturbed=False)
  (/13): BoundParams(name=/13, inputs=[], perturbed=False)
  (/14): BoundParams(name=/14, inputs=[], perturbed=False)
  (/15): BoundParams(name=/15, inputs=[], perturbed=False)
  (/16): BoundParams(name=/16, inputs=[], perturbed=False)
  (/17): BoundParams(name=/17, inputs=[], perturbed=False)
  (/18): BoundParams(name=/18, inputs=[], perturbed=False)
  (/19): BoundParams(name=/19, inputs=[], perturbed=False)
  (/20): BoundParams(name=/20, inputs=[], perturbed=False)
  (/21): BoundParams(name=/21, inputs=[], perturbed=False)
  (/input): BoundConv(name=/input, inputs=[/input-1, /12, /13], perturbed=True)
  (/input-4): BoundRelu(name=/input-4, inputs=[/input], perturbed=True)
  (/24): BoundConv(name=/24, inputs=[/input-4, /14, /15], perturbed=True)
  (/25): BoundConv(name=/25, inputs=[/input-4, /16, /17], perturbed=True)
  (/26): BoundAdd(name=/26, inputs=[/24, /25], perturbed=True)
  (/input-8): BoundConcat(name=/input-8, inputs=[/input, /26], perturbed=True)
  (/tensor): BoundRelu(name=/tensor, inputs=[/input-8], perturbed=True)
  (/30): BoundSplit(name=/30, inputs=[/tensor], perturbed=True)
  (/31): BoundSplit(name=/31, inputs=[/shape], perturbed=False)
  (/32): BoundSplit(name=/32, inputs=[/shape], perturbed=False)
  (/33): BoundConstant(name=/33, value=tensor([0], device='cuda:0'))
  (/34): BoundSqueeze(name=/34, inputs=[/31, /33], perturbed=False)
  (/35): BoundConstant(name=/35, value=tensor([0], device='cuda:0'))
  (/36): BoundSqueeze(name=/36, inputs=[/32, /35], perturbed=False)
  (/37): BoundConstant(name=/37, value=tensor([0], device='cuda:0'))
  (/38): BoundUnsqueeze(name=/38, inputs=[/34, /37], perturbed=False)
  (/39): BoundConstant(name=/39, value=tensor([0], device='cuda:0'))
  (/40): BoundUnsqueeze(name=/40, inputs=[/36, /39], perturbed=False)
  (/41): BoundConcat(name=/41, inputs=[/38, /40], perturbed=False)
  (/42): BoundReshape(name=/42, inputs=[/30, /41], perturbed=True)
  (/input-12): BoundLinear(name=/input-12, inputs=[/42, /18, /19], perturbed=True)
  (/44): BoundRelu(name=/44, inputs=[/input-12], perturbed=True)
  (/45): BoundLinear(name=/45, inputs=[/44, /20, /21], perturbed=True)
)
Original output in the first batch: tensor([[ 3.62300658, -4.80417871,  3.10236573, -5.54594469,  2.59572291,
          5.38149500,  5.34036541, -2.81234837,  1.41624057, -2.78103209]],
       device='cuda:0')
Split layers:
Nonlinear functions:
   BoundRelu(name=/input-4, inputs=[/input], perturbed=True)
   BoundRelu(name=/tensor, inputs=[/input-8], perturbed=True)
   BoundRelu(name=/44, inputs=[/input-12], perturbed=True)
build batch [1/1]
layer /input-4 using sparse-features alpha with shape [2522]; unstable size 2522; total size 6272 ([1, 8, 28, 28])
layer /input-4 start_node /input-12 using sparse-spec alpha [2, 23, 1, 2522] with unstable size 22 total_size 64 output_shape torch.Size([64])
layer /input-4 start_node /45 using full alpha [2, 9, 1, 2522] with unstable size None total_size 9 output_shape 9
layer /tensor using sparse-features alpha with shape [6527]; unstable size 6527; total size 12544 ([1, 16, 28, 28])
layer /tensor start_node /input-12 using sparse-spec alpha [2, 23, 1, 6527] with unstable size 22 total_size 64 output_shape torch.Size([64])
layer /tensor start_node /45 using full alpha [2, 9, 1, 6527] with unstable size None total_size 9 output_shape 9
layer /44 using sparse-features alpha with shape [22]; unstable size 22; total size 64 ([1, 64])
layer /44 start_node /45 using full alpha [2, 9, 1, 22] with unstable size None total_size 9 output_shape 9
Optimizable variables initialized.
initial CROWN bounds (first 10 items): [-7.308675765991211, -0.3422966003417969, -10.989937782287598, -1.9833874702453613, -7.857177257537842, -12.595636367797852, -5.616320610046387, -4.849310874938965, -4.403687000274658]
prune_after_crown optimization in use
  original spec size = torch.Size([1, 9])
  pruned spec size = torch.Size([1, 9])
Using alpha-CROWN to initialize bounds.
best_l after optimization: -51.897361755371094
alpha/beta optimization time: 1.256286859512329
initial alpha-crown bounds (first 10 items): [-6.941276550292969, 0.1665196418762207, -10.460086822509766, -1.5867786407470703, -7.388060569763184, -12.11465072631836, -5.213109016418457, -4.4189348220825195, -3.940981864929199]
Global lower bound: -12.11465072631836
1 / 9 OR specs are verified.
Verified OR indices (first 10 items): [1]
Verified OR lbs (first 10 items): [[0.1665196418762207]]
Unverified OR indices (first 10 items): [0, 2, 3, 4, 5, 6, 7, 8]
Unverified OR lbs (first 10 items): [[-6.941276550292969], [-10.460086822509766], [-1.5867786407470703], [-7.388060569763184], [-12.11465072631836], [-5.213109016418457], [-4.4189348220825195], [-3.940981864929199]]
###### Verifying property Instance 8 ######
Batch size: 8
First 10 spec matrices
C: tensor([[[-1.,  0.,  0.,  0.,  0.,  1.,  0.,  0.,  0.,  0.]],

        [[ 0.,  0., -1.,  0.,  0.,  1.,  0.,  0.,  0.,  0.]],

        [[ 0.,  0.,  0., -1.,  0.,  1.,  0.,  0.,  0.,  0.]],

        [[ 0.,  0.,  0.,  0., -1.,  1.,  0.,  0.,  0.,  0.]],

        [[ 0.,  0.,  0.,  0.,  0.,  1., -1.,  0.,  0.,  0.]],

        [[ 0.,  0.,  0.,  0.,  0.,  1.,  0., -1.,  0.,  0.]],

        [[ 0.,  0.,  0.,  0.,  0.,  1.,  0.,  0., -1.,  0.]],

        [[ 0.,  0.,  0.,  0.,  0.,  1.,  0.,  0.,  0., -1.]]], device='cuda:0')
RHS: tensor([[0.],
        [0.],
        [0.],
        [0.],
        [0.],
        [0.],
        [0.],
        [0.]], device='cuda:0')
OR spec sizes: tensor([1, 1, 1, 1, 1, 1, 1, 1], device='cuda:0', dtype=torch.int32)
Remaining timeout: 58.28527092933655
Model prediction is: tensor([ 3.62300658, -4.80417871,  3.10236573, -5.54594469,  2.59572291,
         5.38149500,  5.34036541, -2.81234837,  1.41624057, -2.78103209],
       device='cuda:0')
Activation BaB batch 1/1 
build_with_refined_bounds batch [1/1]
Optimizable variables initialized.
all alpha initialized
directly get lb and ub from refined bounds
c shape: torch.Size([8, 1, 10])
lA shapes: [torch.Size([8, 1, 8, 28, 28]), torch.Size([8, 1, 16, 28, 28]), torch.Size([8, 1, 64])]
(alpha-)CROWN with fixed intermediate bounds: tensor([[ -6.94127655],
        [-10.46008682],
        [ -1.58677864],
        [ -7.38806057],
        [-12.11465073],
        [ -5.21310902],
        [ -4.41893482],
        [ -3.94098186]], device='cuda:0') tensor([[inf],
        [inf],
        [inf],
        [inf],
        [inf],
        [inf],
        [inf],
        [inf]], device='cuda:0')
Intermediate layers: /input,/input-8,/input-12
Keeping alphas for these layers: ['/45']
Node /input-4 input 0: size torch.Size([8, 28, 28]) unstable 2522
Node /tensor input 0: size torch.Size([16, 28, 28]) unstable 6527
Node /44 input 0: size torch.Size([64]) unstable 21
-----------------
# of unstable neurons: 9070
-----------------

BaB round 1
batch: 8
splitting decisions: 
split level 0: [/input-8, 12455] [/input, 5763] [/input-8, 11876] [/input-8, 8568] [/input-8, 9011] [/input-8, 6382] [/input-8, 5009] [/input-8, 5560] 
split level 1: [/input-8, 7438] [/input-8, 11768] [/input-8, 7937] [/input, 3466] [/input-8, 8178] [/input-8, 8432] [/input-8, 6656] [/input-8, 658] 
split level 2: [/input-8, 6534] [/input-8, 6437] [/input-8, 9388] [/input-8, 8528] [/input-8, 3499] [/input, 5231] [/input, 5716] [/input-8, 8884] 
split level 3: [/input-8, 7961] [/input, 3142] [/input, 6106] [/input-8, 657] [/input-8, 5588] [/input-8, 6338] [/input, 4813] [/input-8, 5302] 
best_l after optimization: -822.4054565429688
beta sum per layer: [12.259572982788086, 60.01548385620117, 0.0]
alpha/beta optimization time: 0.14510726928710938
pruning_in_iteration open status: False
ratio of positive domain = 0 / 128 = 0.0
pruning-in-iteration extra time: 5.125999450683594e-05
Time: pickout 0.0015    branching_decision 0.0001    decision 0.0001    set_bounds 0.0066    prepare 0.0018    transfer 0.0000    finalize 0.0078    func 0.1591    
Accumulated time: bab_iteration 0.0000    pickout 0.0015    decision 0.0001    branching_decision 0.0001    set_bounds 0.0066    solve 0.0000    func 0.1591    prepare 0.0018    transfer 0.0000    finalize 0.0078    
max lb -1.3474807739257812 min lb -12.114287376403809
Number of Verified Splits: 0 of 128
Current worst splitting domains lb-rhs (depth):
-12.11429 (4), -12.11429 (4), -12.11429 (4), -12.11429 (4), -12.11414 (4), -12.11414 (4), -12.11414 (4), -12.11414 (4), -11.90047 (4), -11.90047 (4), -11.90047 (4), -11.90047 (4), -11.90035 (4), -11.90035 (4), -11.90035 (4), -11.90035 (4), -10.46005 (4), -10.45854 (4), -10.45714 (4), -10.45699 (4), 
Current (lb-rhs): -12.114287376403809
128 domains visited
Length of domains: 128
Cumulative time: 0.5032222270965576

BaB round 2
batch: 128
splitting decisions: 
split level 0: [/input-8, 668] [/input, 3732] [/input-8, 7051] [/input-8, 6714] [/input-8, 9474] [/input, 2460] [/input, 3313] [/input, 4706] [/input, 674] [/input-8, 11775] 
best_l after optimization: -1623.168212890625
beta sum per layer: [49.34769821166992, 230.76638793945312, 0.0]
alpha/beta optimization time: 0.14625811576843262
pruning_in_iteration open status: False
ratio of positive domain = 0 / 256 = 0.0
pruning-in-iteration extra time: 5.054473876953125e-05
Time: pickout 0.0114    branching_decision 0.0001    decision 0.0001    set_bounds 0.0060    prepare 0.0056    transfer 0.0000    finalize 0.0270    func 0.1847    solve 0.1591    add 0.0023    bab_iteration 0.1697    
Accumulated time: bab_iteration 0.1697    pickout 0.0129    decision 0.0002    branching_decision 0.0002    set_bounds 0.0125    solve 0.1591    func 0.3437    prepare 0.0074    transfer 0.0001    finalize 0.0349    add 0.0023    
max lb -0.9580421447753906 min lb -12.114287376403809
Number of Verified Splits: 0 of 256
Current worst splitting domains lb-rhs (depth):
-12.11429 (5), -12.11429 (5), -12.11429 (5), -12.11418 (5), -12.11416 (5), -12.11414 (5), -12.11414 (5), -12.11414 (5), -12.11414 (5), -12.11414 (5), -12.11340 (5), -12.11170 (5), -12.09102 (5), -12.07208 (5), -12.01814 (5), -11.91785 (5), -11.72542 (5), -11.72542 (5), -11.72542 (5), -11.72542 (5), 
Current (lb-rhs): -12.114287376403809
384 domains visited
Length of domains: 256
Cumulative time: 0.7124011516571045

BaB round 3
batch: 256
splitting decisions: 
split level 0: [/input-8, 12412] [/input-8, 12426] [/input, 3661] [/input-8, 3357] [/input-8, 8797] [/input-8, 12519] [/input-8, 6229] [/input-8, 6658] [/input, 4359] [/input-8, 9444] 
best_l after optimization: -3187.052490234375
beta sum per layer: [152.10598754882812, 724.7235107421875, 1.62162446975708]
alpha/beta optimization time: 0.15917634963989258
pruning_in_iteration open status: False
ratio of positive domain = 1 / 512 = 0.001953125
pruning-in-iteration extra time: 5.245208740234375e-05
Time: pickout 0.0230    branching_decision 0.0001    decision 0.0002    set_bounds 0.0118    prepare 0.0113    transfer 0.0000    finalize 0.0251    func 0.2032    solve 0.1847    add 0.0068    bab_iteration 0.2092    
Accumulated time: bab_iteration 0.3789    pickout 0.0359    decision 0.0004    branching_decision 0.0003    set_bounds 0.0243    solve 0.3438    func 0.5470    prepare 0.0186    transfer 0.0001    finalize 0.0599    add 0.0091    
max lb 1.9650726318359375 min lb -12.114215850830078
Number of Verified Splits: 1 of 512
Current worst splitting domains lb-rhs (depth):
-12.11422 (6), -12.11416 (6), -12.11416 (6), -12.11415 (6), -12.11414 (6), -12.11414 (6), -12.11414 (6), -12.11414 (6), -12.11413 (6), -12.11412 (6), -12.11377 (6), -12.11357 (6), -12.11344 (6), -12.11340 (6), -12.11340 (6), -12.11131 (6), -12.11131 (6), -12.11114 (6), -12.10983 (6), -12.09092 (6), 
Current (lb-rhs): -12.114215850830078
896 domains visited
Length of domains: 511
Cumulative time: 0.9567079544067383

BaB round 4
batch: 511
splitting decisions: 
split level 0: [/input-8, 5470] [/input-8, 10004] [/input-8, 5085] [/input, 270] [/input-8, 3014] [/input, 608] [/input, 5341] [/input-8, 8161] [/input, 5380] [/input-8, 226] 
best_l after optimization: -6258.2978515625
beta sum per layer: [406.4482421875, 2077.49072265625, 4.342595100402832]
alpha/beta optimization time: 1.5271227359771729
pruning_in_iteration open status: False
ratio of positive domain = 0 / 1022 = 0.0
pruning-in-iteration extra time: 5.125999450683594e-05
Time: pickout 0.0440    branching_decision 0.0002    decision 0.0002    set_bounds 0.0228    prepare 0.0221    transfer 0.0000    finalize 0.0555    func 1.6166    solve 0.2033    add 0.0058    bab_iteration 0.2443    
Accumulated time: bab_iteration 0.6232    pickout 0.0799    decision 0.0006    branching_decision 0.0005    set_bounds 0.0471    solve 0.5471    func 2.1636    prepare 0.0407    transfer 0.0002    finalize 0.1154    add 0.0149    
max lb -0.057817935943603516 min lb -12.114200592041016
Number of Verified Splits: 0 of 1022
Current worst splitting domains lb-rhs (depth):
-12.11419 (7), -12.11415 (7), -12.11415 (7), -12.11414 (7), -12.11414 (7), -12.11414 (7), -12.11414 (7), -12.11414 (7), -12.11414 (7), -12.11414 (7), -12.11413 (7), -12.11413 (7), -12.11410 (7), -12.11383 (7), -12.11380 (7), -12.11356 (7), -12.11343 (7), -12.11343 (7), -12.11341 (7), -12.11340 (7), 
Current (lb-rhs): -12.114187240600586
1918 domains visited
Length of domains: 1022
Cumulative time: 2.6525721549987793

BaB round 5
batch: 1022
splitting decisions: 
split level 0: [/input, 441] [/input-8, 11939] [/input, 297] [/input, 4990] [/input-8, 11662] [/input, 6204] [/input-8, 8980] [/input-8, 7245] [/input-8, 9511] [/input-8, 7382] 
best_l after optimization: -12256.490234375
beta sum per layer: [965.35693359375, 5597.8662109375, 10.306310653686523]
alpha/beta optimization time: 0.5653777122497559
pruning_in_iteration open status: False
ratio of positive domain = 17 / 2044 = 0.008317025440313097
pruning-in-iteration extra time: 5.2928924560546875e-05
Time: pickout 0.0862    branching_decision 0.0004    decision 0.0005    set_bounds 0.0457    prepare 0.0442    transfer 0.0000    finalize 0.1193    func 0.7502    solve 1.6166    add 0.0105    bab_iteration 1.6959    
Accumulated time: bab_iteration 2.3190    pickout 0.1661    decision 0.0011    branching_decision 0.0010    set_bounds 0.0928    solve 2.1637    func 2.9138    prepare 0.0849    transfer 0.0002    finalize 0.2347    add 0.0254    
max lb 0.18497228622436523 min lb -12.114188194274902
Number of Verified Splits: 17 of 2044
Current worst splitting domains lb-rhs (depth):
-12.11419 (8), -12.11414 (8), -12.11414 (8), -12.11414 (8), -12.11414 (8), -12.11414 (8), -12.11414 (8), -12.11413 (8), -12.11413 (8), -12.11413 (8), -12.11411 (8), -12.11410 (8), -12.11410 (8), -12.11406 (8), -12.11388 (8), -12.11381 (8), -12.11381 (8), -12.11375 (8), -12.11375 (8), -12.11355 (8), 
Current (lb-rhs): -12.114187240600586
3962 domains visited
Length of domains: 2027
Cumulative time: 3.5597054958343506

BaB round 6
batch: 2027
splitting decisions: 
split level 0: [/input-8, 5296] [/input-8, 9580] [/input-8, 5039] [/input, 5029] [/input-8, 299] [/input-8, 5066] [/input-8, 7287] [/input-8, 5662] [/input-8, 9456] [/input-8, 584] 
best_l after optimization: -23958.455078125
beta sum per layer: [2263.885986328125, 14062.115234375, 22.213558197021484]
alpha/beta optimization time: 1.1553585529327393
pruning_in_iteration open status: False
ratio of positive domain = 46 / 4054 = 0.011346817957572752
pruning-in-iteration extra time: 6.151199340820312e-05
Time: pickout 0.1712    branching_decision 0.0010    decision 0.0010    set_bounds 0.0901    prepare 0.0886    transfer 0.0001    finalize 0.3929    func 1.6766    solve 0.7503    add 0.0232    bab_iteration 0.9071    
Accumulated time: bab_iteration 3.2261    pickout 0.3373    decision 0.0020    branching_decision 0.0019    set_bounds 0.1829    solve 2.9140    func 4.5904    prepare 0.1735    transfer 0.0003    finalize 0.6277    add 0.0486    
max lb 0.15860557556152344 min lb -12.114219665527344
Number of Verified Splits: 46 of 4054
Current worst splitting domains lb-rhs (depth):
-12.11414 (9), -12.11414 (9), -12.11414 (9), -12.11413 (9), -12.11413 (9), -12.11413 (9), -12.11413 (9), -12.11413 (9), -12.11409 (9), -12.11409 (9), -12.11408 (9), -12.11408 (9), -12.11408 (9), -12.11408 (9), -12.11402 (9), -12.11402 (9), -12.11398 (9), -12.11395 (9), -12.11381 (9), -12.11381 (9), 
Current (lb-rhs): -12.114143371582031
8016 domains visited
Length of domains: 4008
Cumulative time: 5.602109432220459

BaB round 7
batch: 2048
splitting decisions: 
split level 0: [/input-8, 3433] [/input-8, 4788] [/input-8, 4191] [/input-8, 12040] [/input-8, 399] [/input-8, 7991] [/input-8, 7260] [/input-8, 6897] [/input, 3554] [/input-8, 344] 
best_l after optimization: -23822.3203125
beta sum per layer: [2700.572021484375, 17716.859375, 27.36738395690918]
alpha/beta optimization time: 1.1641082763671875
pruning_in_iteration open status: False
ratio of positive domain = 58 / 4096 = 0.01416015625
pruning-in-iteration extra time: 7.748603820800781e-05
Time: pickout 0.1738    branching_decision 0.0007    decision 0.0007    set_bounds 0.0909    prepare 0.0919    transfer 0.0000    finalize 0.2148    func 1.5093    solve 1.6767    add 0.1007    bab_iteration 2.0424    
Accumulated time: bab_iteration 5.2685    pickout 0.5111    decision 0.0028    branching_decision 0.0026    set_bounds 0.2738    solve 4.5907    func 6.0997    prepare 0.2654    transfer 0.0003    finalize 0.8425    add 0.1493    
max lb 1.6100211143493652 min lb -12.114219665527344
Number of Verified Splits: 58 of 4096
Current worst splitting domains lb-rhs (depth):
-12.11414 (9), -12.11414 (9), -12.11414 (9), -12.11413 (9), -12.11413 (10), -12.11413 (10), -12.11413 (9), -12.11409 (9), -12.11409 (10), -12.11409 (10), -12.11409 (10), -12.11408 (10), -12.11408 (10), -12.11408 (9), -12.11408 (9), -12.11407 (10), -12.11402 (9), -12.11398 (9), -12.11397 (10), -12.11395 (9), 
Current (lb-rhs): -12.114143371582031
12112 domains visited
Length of domains: 5998
current_vram/total_varm: 15.8GB/47.7GB, batch_size increase to 4096
Cumulative time: 7.485964775085449

BaB round 8
batch: 4096
splitting decisions: 
split level 0: [/input-8, 9557] [/input, 572] [/input-8, 3160] [/input-8, 5757] [/input-8, 9642] [/input, 3722] [/input-8, 9346] [/input-8, 11768] [/input-8, 9555] [/input, 359] 
best_l after optimization: -47017.546875
beta sum per layer: [6219.7060546875, 42812.8046875, 37.782859802246094]
alpha/beta optimization time: 2.308377265930176
pruning_in_iteration open status: False
ratio of positive domain = 142 / 8192 = 0.017333984375
pruning-in-iteration extra time: 5.841255187988281e-05
Time: pickout 0.5026    branching_decision 0.0012    decision 0.0012    set_bounds 0.1841    prepare 0.1840    transfer 0.0001    finalize 0.5550    func 3.1198    solve 1.5094    add 0.1072    bab_iteration 1.8839    
Accumulated time: bab_iteration 7.1524    pickout 1.0137    decision 0.0040    branching_decision 0.0039    set_bounds 0.4579    solve 6.1000    func 9.2196    prepare 0.4494    transfer 0.0004    finalize 1.3975    add 0.2565    
max lb 0.26856184005737305 min lb -12.114219665527344
Number of Verified Splits: 142 of 8192
Current worst splitting domains lb-rhs (depth):
-12.11414 (9), -12.11414 (9), -12.11414 (9), -12.11413 (11), -12.11413 (9), -12.11413 (9), -12.11413 (11), -12.11409 (9), -12.11409 (11), -12.11409 (11), -12.11408 (9), -12.11408 (9), -12.11408 (11), -12.11408 (11), -12.11406 (11), -12.11403 (11), -12.11402 (9), -12.11398 (9), -12.11395 (11), -12.11395 (9), 
Current (lb-rhs): -12.114143371582031
20304 domains visited
Length of domains: 9952
Cumulative time: 11.61513352394104

BaB round 9
batch: 4096
splitting decisions: 
split level 0: [/input, 5990] [/input-8, 11926] [/input-8, 11843] [/input-8, 4388] [/input, 396] [/input, 3216] [/input-8, 8114] [/input-8, 9688] [/input, 2987] [/input, 737] 
best_l after optimization: -46382.97265625
beta sum per layer: [7220.80419921875, 51365.65234375, 52.16497039794922]
alpha/beta optimization time: 2.3167717456817627
pruning_in_iteration open status: False
ratio of positive domain = 182 / 8192 = 0.022216796875
pruning-in-iteration extra time: 6.699562072753906e-05
Time: pickout 0.5387    branching_decision 0.0012    decision 0.0012    set_bounds 0.1834    prepare 0.1902    transfer 0.0001    finalize 0.4517    func 3.0381    solve 3.1199    add 0.3033    bab_iteration 4.1292    
Accumulated time: bab_iteration 11.2816    pickout 1.5523    decision 0.0052    branching_decision 0.0051    set_bounds 0.6413    solve 9.2199    func 12.2577    prepare 0.6396    transfer 0.0005    finalize 1.8492    add 0.5598    
max lb 1.6460871696472168 min lb -12.114092826843262
Number of Verified Splits: 182 of 8192
Current worst splitting domains lb-rhs (depth):
-12.11414 (9), -12.11414 (9), -12.11414 (9), -12.11413 (11), -12.11413 (9), -12.11413 (9), -12.11413 (11), -12.11409 (9), -12.11409 (12), -12.11409 (12), -12.11409 (11), -12.11408 (11), -12.11408 (9), -12.11408 (9), -12.11406 (11), -12.11403 (12), -12.11403 (12), -12.11402 (9), -12.11398 (9), -12.11395 (11), 
Current (lb-rhs): -12.114143371582031
28496 domains visited
Length of domains: 13866
Cumulative time: 15.737919569015503

BaB round 10
batch: 4096
splitting decisions: 
split level 0: [/input-8, 7321] [/input-8, 11826] [/input-8, 11900] [/input, 442] [/input-8, 9315] [/input-8, 12346] [/input-8, 7395] [/input-8, 7150] [/input, 5774] [/input-8, 8832] 
best_l after optimization: -45825.5546875
beta sum per layer: [8335.845703125, 60937.3125, 65.75445556640625]
alpha/beta optimization time: 2.310711622238159
pruning_in_iteration open status: False
ratio of positive domain = 50 / 8192 = 0.006103515625
pruning-in-iteration extra time: 5.817413330078125e-05
Time: pickout 0.3606    branching_decision 0.0010    decision 0.0011    set_bounds 0.1808    prepare 0.1856    transfer 0.0001    finalize 0.4540    func 3.0217    solve 3.0382    add 0.3577    bab_iteration 4.1228    
Accumulated time: bab_iteration 15.4043    pickout 1.9129    decision 0.0063    branching_decision 0.0061    set_bounds 0.8221    solve 12.2581    func 15.2795    prepare 0.8253    transfer 0.0005    finalize 2.3031    add 0.9175    
max lb 0.8500804901123047 min lb -12.114092826843262
Number of Verified Splits: 50 of 8192
Current worst splitting domains lb-rhs (depth):
-12.11414 (9), -12.11414 (9), -12.11414 (9), -12.11413 (11), -12.11413 (9), -12.11413 (9), -12.11413 (11), -12.11409 (9), -12.11409 (13), -12.11409 (13), -12.11409 (12), -12.11409 (11), -12.11408 (11), -12.11408 (9), -12.11408 (9), -12.11406 (11), -12.11403 (13), -12.11403 (13), -12.11403 (12), -12.11402 (9), 
Current (lb-rhs): -12.114143371582031
36688 domains visited
Length of domains: 17912
Cumulative time: 19.826956272125244

BaB round 11
batch: 4096
splitting decisions: 
split level 0: [/input-8, 11323] [/input, 3260] [/input, 88] [/input-8, 6916] [/input-8, 8449] [/input-8, 6097] [/input-8, 5937] [/input-8, 9051] [/input, 5661] [/input, 4856] 
best_l after optimization: -44367.140625
beta sum per layer: [9406.2998046875, 71263.890625, 71.9245834350586]
alpha/beta optimization time: 2.311886787414551
pruning_in_iteration open status: False
ratio of positive domain = 74 / 8192 = 0.009033203125
pruning-in-iteration extra time: 6.508827209472656e-05
Time: pickout 0.3659    branching_decision 0.0014    decision 0.0015    set_bounds 0.1867    prepare 0.1886    transfer 0.0001    finalize 0.4496    func 3.0222    solve 3.0218    add 0.5209    bab_iteration 4.0890    
Accumulated time: bab_iteration 19.4934    pickout 2.2788    decision 0.0078    branching_decision 0.0075    set_bounds 1.0088    solve 15.2799    func 18.3016    prepare 1.0138    transfer 0.0006    finalize 2.7527    add 1.4385    
max lb 1.9503307342529297 min lb -12.113814353942871
Number of Verified Splits: 74 of 8192
Current worst splitting domains lb-rhs (depth):
-12.11414 (9), -12.11414 (9), -12.11414 (9), -12.11413 (11), -12.11413 (9), -12.11413 (11), -12.11413 (9), -12.11409 (9), -12.11409 (13), -12.11409 (12), -12.11409 (11), -12.11408 (9), -12.11408 (11), -12.11408 (9), -12.11406 (11), -12.11403 (13), -12.11403 (12), -12.11402 (9), -12.11398 (9), -12.11395 (11), 
Current (lb-rhs): -12.114143371582031
44880 domains visited
Length of domains: 21934
Cumulative time: 23.538817167282104

BaB round 12
batch: 4096
splitting decisions: 
split level 0: [/input, 6231] [/input-8, 5125] [/input-8, 654] [/input-8, 7639] [/input-8, 7560] [/input-8, 8815] [/input, 231] [/input-8, 6959] [/input-8, 5659] [/input, 5612] 
best_l after optimization: -42887.8515625
beta sum per layer: [10615.033203125, 82417.2421875, 84.73438262939453]
alpha/beta optimization time: 2.311903715133667
pruning_in_iteration open status: False
ratio of positive domain = 70 / 8192 = 0.008544921875
pruning-in-iteration extra time: 8.153915405273438e-05
Time: pickout 0.6418    branching_decision 0.0010    decision 0.0011    set_bounds 0.1825    prepare 0.1870    transfer 0.0001    finalize 0.4705    func 3.0466    solve 3.0222    add 0.1316    bab_iteration 3.7118    
Accumulated time: bab_iteration 23.2052    pickout 2.9206    decision 0.0088    branching_decision 0.0086    set_bounds 1.1913    solve 18.3022    func 21.3482    prepare 1.2008    transfer 0.0006    finalize 3.2232    add 1.5701    
max lb 2.0104799270629883 min lb -12.113178253173828
Number of Verified Splits: 70 of 8192
Current worst splitting domains lb-rhs (depth):
-12.11414 (9), -12.11414 (9), -12.11414 (9), -12.11413 (9), -12.11413 (11), -12.11413 (9), -12.11413 (11), -12.11409 (9), -12.11409 (13), -12.11409 (11), -12.11409 (12), -12.11408 (9), -12.11408 (11), -12.11408 (9), -12.11406 (11), -12.11403 (13), -12.11403 (12), -12.11402 (9), -12.11398 (9), -12.11395 (9), 
Current (lb-rhs): -12.114143371582031
53072 domains visited
Length of domains: 25960
Cumulative time: 27.717426776885986

BaB round 13
batch: 4096
splitting decisions: 
split level 0: [/input-8, 8047] [/input, 6162] [/input-8, 1045] [/input-8, 8835] [/input-8, 9745] [/input-8, 7336] [/input, 5405] [/input, 4575] [/input-8, 6596] [/input, 5487] 
best_l after optimization: -41294.3828125
beta sum per layer: [11786.712890625, 94171.859375, 106.16285705566406]
alpha/beta optimization time: 2.3140251636505127
pruning_in_iteration open status: False
ratio of positive domain = 107 / 8192 = 0.0130615234375
pruning-in-iteration extra time: 9.465217590332031e-05
Time: pickout 0.3617    branching_decision 0.0011    decision 0.0011    set_bounds 0.4357    prepare 0.1865    transfer 0.0001    finalize 0.4527    func 3.0257    solve 3.0467    add 0.3022    bab_iteration 4.1786    
Accumulated time: bab_iteration 27.3838    pickout 3.2823    decision 0.0099    branching_decision 0.0096    set_bounds 1.6270    solve 21.3488    func 24.3739    prepare 1.3873    transfer 0.0007    finalize 3.6759    add 1.8722    
max lb 2.3823485374450684 min lb -12.113178253173828
Number of Verified Splits: 107 of 8192
Current worst splitting domains lb-rhs (depth):
-12.11414 (9), -12.11414 (9), -12.11414 (9), -12.11413 (11), -12.11413 (9), -12.11413 (11), -12.11413 (9), -12.11409 (9), -12.11409 (12), -12.11409 (13), -12.11409 (11), -12.11408 (11), -12.11408 (9), -12.11408 (9), -12.11406 (11), -12.11403 (12), -12.11403 (13), -12.11402 (9), -12.11398 (9), -12.11395 (9), 
Current (lb-rhs): -12.114143371582031
61264 domains visited
Length of domains: 29949
Cumulative time: 31.72757387161255

BaB round 14
batch: 4096
splitting decisions: 
split level 0: [/input, 3604] [/input, 5090] [/input-8, 3458] [/input, 142] [/input-8, 12342] [/input-8, 4741] [/input-8, 3419] [/input-8, 4857] [/input-8, 5211] [/input-8, 7447] 
best_l after optimization: -39773.5859375
beta sum per layer: [13133.5625, 106111.40625, 115.33063507080078]
alpha/beta optimization time: 2.311199188232422
pruning_in_iteration open status: False
ratio of positive domain = 160 / 8192 = 0.01953125
pruning-in-iteration extra time: 5.53131103515625e-05
Time: pickout 0.3738    branching_decision 0.0010    decision 0.0010    set_bounds 0.1814    prepare 0.1865    transfer 0.0001    finalize 0.7781    func 3.3451    solve 3.0258    add 0.1811    bab_iteration 4.0101    
Accumulated time: bab_iteration 31.3939    pickout 3.6561    decision 0.0109    branching_decision 0.0107    set_bounds 1.8084    solve 24.3746    func 27.7191    prepare 1.5737    transfer 0.0008    finalize 4.4540    add 2.0533    
max lb 2.2364351749420166 min lb -12.11306381225586
Number of Verified Splits: 160 of 8192
Current worst splitting domains lb-rhs (depth):
-12.11414 (9), -12.11414 (9), -12.11414 (9), -12.11413 (9), -12.11413 (11), -12.11413 (9), -12.11413 (11), -12.11409 (9), -12.11409 (13), -12.11409 (12), -12.11409 (11), -12.11408 (9), -12.11408 (11), -12.11408 (9), -12.11406 (11), -12.11403 (13), -12.11403 (12), -12.11402 (9), -12.11398 (9), -12.11395 (9), 
Current (lb-rhs): -12.114143371582031
69456 domains visited
Length of domains: 33885
Cumulative time: 36.20111870765686

BaB round 15
batch: 4096
splitting decisions: 
split level 0: [/input-8, 8644] [/input-8, 4834] [/input-8, 8158] [/input, 4962] [/input-8, 3516] [/input, 2894] [/input, 3037] [/input-8, 6506] [/input-8, 574] [/input, 4801] 
best_l after optimization: -38471.5234375
beta sum per layer: [14611.638671875, 117891.65625, 117.7212905883789]
alpha/beta optimization time: 2.3130042552948
pruning_in_iteration open status: False
ratio of positive domain = 161 / 8192 = 0.0196533203125
pruning-in-iteration extra time: 8.630752563476562e-05
Time: pickout 0.3740    branching_decision 0.0010    decision 0.0010    set_bounds 0.1833    prepare 0.1858    transfer 0.0001    finalize 0.4520    func 3.0227    solve 3.3452    add 0.5670    bab_iteration 4.4735    
Accumulated time: bab_iteration 35.8675    pickout 4.0301    decision 0.0120    branching_decision 0.0117    set_bounds 1.9916    solve 27.7198    func 30.7418    prepare 1.7595    transfer 0.0008    finalize 4.9060    add 2.6203    
max lb 0.3569221496582031 min lb -12.108840942382812
Number of Verified Splits: 161 of 8192
Current worst splitting domains lb-rhs (depth):
-12.11414 (9), -12.11414 (9), -12.11414 (9), -12.11413 (9), -12.11413 (11), -12.11413 (11), -12.11413 (9), -12.11409 (9), -12.11409 (12), -12.11409 (11), -12.11409 (13), -12.11408 (9), -12.11408 (9), -12.11408 (11), -12.11406 (11), -12.11403 (12), -12.11403 (13), -12.11402 (9), -12.11398 (9), -12.11395 (11), 
Current (lb-rhs): -12.114143371582031
77648 domains visited
Length of domains: 37820
Cumulative time: 39.865546464920044

BaB round 16
batch: 4096
splitting decisions: 
split level 0: [/input, 6056] [/input-8, 8435] [/input-8, 7356] [/input-8, 6373] [/input, 351] [/input-8, 12137] [/input-8, 593] [/input-8, 8531] [/input-8, 11904] [/input, 3577] 
best_l after optimization: -37038.546875
beta sum per layer: [16182.556640625, 130582.7265625, 126.56544494628906]
alpha/beta optimization time: 2.313088893890381
pruning_in_iteration open status: False
ratio of positive domain = 268 / 8192 = 0.03271484375
pruning-in-iteration extra time: 0.00014781951904296875
Time: pickout 0.7509    branching_decision 0.0011    decision 0.0011    set_bounds 0.1837    prepare 0.1895    transfer 0.0001    finalize 0.4449    func 3.0223    solve 3.0228    add 0.0775    bab_iteration 3.6644    
Accumulated time: bab_iteration 39.5319    pickout 4.7809    decision 0.0131    branching_decision 0.0128    set_bounds 2.1753    solve 30.7425    func 33.7640    prepare 1.9490    transfer 0.0009    finalize 5.3509    add 2.6978    
max lb 1.4553523063659668 min lb -12.10860824584961
Number of Verified Splits: 268 of 8192
Current worst splitting domains lb-rhs (depth):
-12.11414 (9), -12.11414 (9), -12.11414 (9), -12.11413 (9), -12.11413 (11), -12.11413 (9), -12.11413 (11), -12.11409 (9), -12.11409 (11), -12.11409 (13), -12.11409 (12), -12.11408 (9), -12.11408 (11), -12.11408 (9), -12.11406 (11), -12.11403 (12), -12.11403 (13), -12.11402 (9), -12.11398 (9), -12.11395 (9), 
Current (lb-rhs): -12.114143371582031
85840 domains visited
Length of domains: 41648
Cumulative time: 43.90707182884216

BaB round 17
batch: 4096
splitting decisions: 
split level 0: [/input-8, 9560] [/input-8, 11878] [/input, 6200] [/input-8, 5546] [/input, 5089] [/input-8, 8830] [/input-8, 8612] [/input-8, 7599] [/input-8, 9522] [/input, 5882] 
best_l after optimization: -36099.44140625
beta sum per layer: [17858.595703125, 142423.34375, 126.06848907470703]
alpha/beta optimization time: 2.312608480453491
pruning_in_iteration open status: False
ratio of positive domain = 304 / 8192 = 0.037109375
pruning-in-iteration extra time: 6.127357482910156e-05
Time: pickout 0.3730    branching_decision 0.0010    decision 0.0010    set_bounds 0.1812    prepare 0.1856    transfer 0.0001    finalize 0.7988    func 3.3661    solve 3.0223    add 0.0778    bab_iteration 4.0415    
Accumulated time: bab_iteration 43.5734    pickout 5.1539    decision 0.0141    branching_decision 0.0138    set_bounds 2.3566    solve 33.7649    func 37.1301    prepare 2.1346    transfer 0.0009    finalize 6.1497    add 2.7756    
max lb 0.32039546966552734 min lb -12.106481552124023
Number of Verified Splits: 304 of 8192
Current worst splitting domains lb-rhs (depth):
-12.11414 (9), -12.11414 (9), -12.11414 (9), -12.11413 (11), -12.11413 (9), -12.11413 (11), -12.11413 (9), -12.11409 (9), -12.11409 (13), -12.11409 (11), -12.11409 (12), -12.11408 (9), -12.11408 (9), -12.11408 (11), -12.11406 (11), -12.11403 (12), -12.11403 (13), -12.11402 (9), -12.11398 (9), -12.11395 (11), 
Current (lb-rhs): -12.114143371582031
94032 domains visited
Length of domains: 45440
Cumulative time: 48.1328010559082

BaB round 18
batch: 4096
splitting decisions: 
split level 0: [/input-8, 9326] [/input-8, 7867] [/input-8, 4955] [/input-8, 8675] [/input-8, 9651] [/input, 4782] [/input, 5589] [/input-8, 6639] [/input-8, 11825] [/input-8, 8885] 
best_l after optimization: -35150.140625
beta sum per layer: [19489.25, 154822.90625, 116.86573791503906]
alpha/beta optimization time: 2.312119483947754
pruning_in_iteration open status: False
ratio of positive domain = 284 / 8192 = 0.03466796875
pruning-in-iteration extra time: 5.936622619628906e-05
Time: pickout 0.3822    branching_decision 0.0010    decision 0.0011    set_bounds 0.1809    prepare 0.1857    transfer 0.0001    finalize 0.4438    func 3.0107    solve 3.3661    add 0.2482    bab_iteration 4.2257    
Accumulated time: bab_iteration 47.7991    pickout 5.5361    decision 0.0152    branching_decision 0.0148    set_bounds 2.5375    solve 37.1310    func 40.1408    prepare 2.3203    transfer 0.0010    finalize 6.5935    add 3.0238    
max lb 2.0592775344848633 min lb -12.106372833251953
Number of Verified Splits: 284 of 8192
Current worst splitting domains lb-rhs (depth):
-12.11414 (9), -12.11414 (9), -12.11414 (9), -12.11413 (9), -12.11413 (11), -12.11413 (9), -12.11413 (11), -12.11409 (9), -12.11409 (13), -12.11409 (11), -12.11409 (12), -12.11408 (9), -12.11408 (9), -12.11408 (11), -12.11406 (11), -12.11403 (13), -12.11403 (12), -12.11402 (9), -12.11398 (9), -12.11395 (11), 
Current (lb-rhs): -12.114143371582031
102224 domains visited
Length of domains: 49252
Cumulative time: 51.91392207145691

BaB round 19
batch: 4096
splitting decisions: 
split level 0: [/input, 5960] [/input-8, 998] [/input-8, 5294] [/input-8, 7448] [/input, 5184] [/input-8, 12528] [/input-8, 8035] [/input, 3429] [/input-8, 5901] [/input-8, 7260] 
best_l after optimization: -34094.28125
beta sum per layer: [21146.111328125, 167814.375, 117.75326538085938]
alpha/beta optimization time: 2.312868356704712
pruning_in_iteration open status: False
ratio of positive domain = 344 / 8192 = 0.0419921875
pruning-in-iteration extra time: 6.4849853515625e-05
Time: pickout 0.3764    branching_decision 0.0010    decision 0.0010    set_bounds 0.5720    prepare 0.1860    transfer 0.0001    finalize 0.4422    func 3.0105    solve 3.0108    add 0.1999    bab_iteration 3.7811    
Accumulated time: bab_iteration 51.5802    pickout 5.9125    decision 0.0162    branching_decision 0.0158    set_bounds 3.1094    solve 40.1417    func 43.1513    prepare 2.5063    transfer 0.0011    finalize 7.0357    add 3.2238    
max lb 1.0746335983276367 min lb -12.106352806091309
Number of Verified Splits: 344 of 8192
Current worst splitting domains lb-rhs (depth):
-12.11414 (9), -12.11414 (9), -12.11414 (9), -12.11413 (9), -12.11413 (11), -12.11413 (11), -12.11413 (9), -12.11409 (9), -12.11409 (11), -12.11409 (13), -12.11409 (12), -12.11408 (11), -12.11408 (9), -12.11408 (9), -12.11406 (11), -12.11403 (12), -12.11403 (13), -12.11402 (9), -12.11398 (9), -12.11395 (11), 
Current (lb-rhs): -12.114143371582031
110416 domains visited
Length of domains: 53004
Cumulative time: 56.07769322395325

BaB round 20
batch: 4096
splitting decisions: 
split level 0: [/input, 4979] [/input-8, 3417] [/input-8, 175] [/input-8, 5459] [/input-8, 9069] [/input-8, 6127] [/input-8, 8368] [/input-8, 9076] [/input-8, 4715] [/input, 5283] 
best_l after optimization: -33191.7265625
beta sum per layer: [23082.541015625, 180488.5625, 126.95499420166016]
alpha/beta optimization time: 2.315063714981079
pruning_in_iteration open status: False
ratio of positive domain = 361 / 8192 = 0.0440673828125
pruning-in-iteration extra time: 6.341934204101562e-05
Time: pickout 0.3895    branching_decision 0.0011    decision 0.0011    set_bounds 0.1829    prepare 0.1874    transfer 0.0001    finalize 0.4406    func 3.0144    solve 3.0105    add 0.1964    bab_iteration 4.1638    
Accumulated time: bab_iteration 55.7440    pickout 6.3020    decision 0.0173    branching_decision 0.0169    set_bounds 3.2924    solve 43.1523    func 46.1657    prepare 2.6937    transfer 0.0011    finalize 7.4763    add 3.4202    
max lb 1.185256004333496 min lb -12.102867126464844
Number of Verified Splits: 361 of 8192
Current worst splitting domains lb-rhs (depth):
-12.11414 (9), -12.11414 (9), -12.11414 (9), -12.11413 (11), -12.11413 (9), -12.11413 (9), -12.11413 (11), -12.11409 (9), -12.11409 (13), -12.11409 (12), -12.11409 (11), -12.11408 (9), -12.11408 (9), -12.11408 (11), -12.11406 (11), -12.11403 (13), -12.11403 (12), -12.11402 (9), -12.11398 (9), -12.11395 (9), 
Current (lb-rhs): -12.114143371582031
118608 domains visited
Length of domains: 56739
Time out!!!!!!!!
Result: unknown in 61.8834 seconds

 %%%%%%%%%%%%%%%%%%%%%%%%%%%%%%%%%%% idx: 9, vnnlib ID: 9 %%%%%%%%%%%%%%%%%%%%%%%%%%%%%%%%%%%
Finished vnnlib processing in 0.001930 seconds
Model: BoundedModule(
  (/input-1): BoundInput(name=/input-1, inputs=[], perturbed=True)
  (/shape): BoundBuffers(name=/shape, inputs=[], perturbed=False)
  (/12): BoundParams(name=/12, inputs=[], perturbed=False)
  (/13): BoundParams(name=/13, inputs=[], perturbed=False)
  (/14): BoundParams(name=/14, inputs=[], perturbed=False)
  (/15): BoundParams(name=/15, inputs=[], perturbed=False)
  (/16): BoundParams(name=/16, inputs=[], perturbed=False)
  (/17): BoundParams(name=/17, inputs=[], perturbed=False)
  (/18): BoundParams(name=/18, inputs=[], perturbed=False)
  (/19): BoundParams(name=/19, inputs=[], perturbed=False)
  (/20): BoundParams(name=/20, inputs=[], perturbed=False)
  (/21): BoundParams(name=/21, inputs=[], perturbed=False)
  (/input): BoundConv(name=/input, inputs=[/input-1, /12, /13], perturbed=True)
  (/input-4): BoundRelu(name=/input-4, inputs=[/input], perturbed=True)
  (/24): BoundConv(name=/24, inputs=[/input-4, /14, /15], perturbed=True)
  (/25): BoundConv(name=/25, inputs=[/input-4, /16, /17], perturbed=True)
  (/26): BoundAdd(name=/26, inputs=[/24, /25], perturbed=True)
  (/input-8): BoundConcat(name=/input-8, inputs=[/input, /26], perturbed=True)
  (/tensor): BoundRelu(name=/tensor, inputs=[/input-8], perturbed=True)
  (/30): BoundSplit(name=/30, inputs=[/tensor], perturbed=True)
  (/31): BoundSplit(name=/31, inputs=[/shape], perturbed=False)
  (/32): BoundSplit(name=/32, inputs=[/shape], perturbed=False)
  (/33): BoundConstant(name=/33, value=tensor([0], device='cuda:0'))
  (/34): BoundSqueeze(name=/34, inputs=[/31, /33], perturbed=False)
  (/35): BoundConstant(name=/35, value=tensor([0], device='cuda:0'))
  (/36): BoundSqueeze(name=/36, inputs=[/32, /35], perturbed=False)
  (/37): BoundConstant(name=/37, value=tensor([0], device='cuda:0'))
  (/38): BoundUnsqueeze(name=/38, inputs=[/34, /37], perturbed=False)
  (/39): BoundConstant(name=/39, value=tensor([0], device='cuda:0'))
  (/40): BoundUnsqueeze(name=/40, inputs=[/36, /39], perturbed=False)
  (/41): BoundConcat(name=/41, inputs=[/38, /40], perturbed=False)
  (/42): BoundReshape(name=/42, inputs=[/30, /41], perturbed=True)
  (/input-12): BoundLinear(name=/input-12, inputs=[/42, /18, /19], perturbed=True)
  (/44): BoundRelu(name=/44, inputs=[/input-12], perturbed=True)
  (/45): BoundLinear(name=/45, inputs=[/44, /20, /21], perturbed=True)
)
Original output in the first batch: tensor([[ 1.09683228, -7.45012808, -3.26313114, -0.23833777,  6.06664515,
          1.42847896, -2.71469450,  9.02941322,  2.74498200,  9.38875866]],
       device='cuda:0')
Split layers:
Nonlinear functions:
   BoundRelu(name=/input-4, inputs=[/input], perturbed=True)
   BoundRelu(name=/tensor, inputs=[/input-8], perturbed=True)
   BoundRelu(name=/44, inputs=[/input-12], perturbed=True)
build batch [1/1]
layer /input-4 using sparse-features alpha with shape [2510]; unstable size 2510; total size 6272 ([1, 8, 28, 28])
layer /input-4 start_node /input-12 using sparse-spec alpha [2, 21, 1, 2510] with unstable size 20 total_size 64 output_shape torch.Size([64])
layer /input-4 start_node /45 using full alpha [2, 9, 1, 2510] with unstable size None total_size 9 output_shape 9
layer /tensor using sparse-features alpha with shape [6453]; unstable size 6453; total size 12544 ([1, 16, 28, 28])
layer /tensor start_node /input-12 using sparse-spec alpha [2, 21, 1, 6453] with unstable size 20 total_size 64 output_shape torch.Size([64])
layer /tensor start_node /45 using full alpha [2, 9, 1, 6453] with unstable size None total_size 9 output_shape 9
layer /44 using sparse-features alpha with shape [20]; unstable size 20; total size 64 ([1, 64])
layer /44 start_node /45 using full alpha [2, 9, 1, 20] with unstable size None total_size 9 output_shape 9
Optimizable variables initialized.
initial CROWN bounds (first 10 items): [-6.414262294769287, 0.881678581237793, -5.997340202331543, -6.258673191070557, -7.83500337600708, -7.775689125061035, -6.057981014251709, -10.142793655395508, -4.477696418762207]
prune_after_crown optimization in use
  original spec size = torch.Size([1, 9])
  pruned spec size = torch.Size([1, 8])
Using alpha-CROWN to initialize bounds.
best_l after optimization: -52.09190368652344
alpha/beta optimization time: 1.2695045471191406
initial alpha-crown bounds (first 10 items): [-5.997818470001221, -5.622491836547852, -5.890388011932373, -7.467075347900391, -7.420963287353516, -5.607284069061279, -9.933671951293945, -4.152213096618652]
Global lower bound: -9.933671951293945
1 / 9 OR specs are verified.
Verified OR indices (first 10 items): [1]
Verified OR lbs (first 10 items): [[inf]]
Unverified OR indices (first 10 items): [0, 2, 3, 4, 5, 6, 7, 8]
Unverified OR lbs (first 10 items): [[-5.997818470001221], [-5.622491836547852], [-5.890388011932373], [-7.467075347900391], [-7.420963287353516], [-5.607284069061279], [-9.933671951293945], [-4.152213096618652]]
###### Verifying property Instance 9 ######
Batch size: 8
First 10 spec matrices
C: tensor([[[-1.,  0.,  0.,  0.,  0.,  0.,  0.,  0.,  0.,  1.]],

        [[ 0.,  0., -1.,  0.,  0.,  0.,  0.,  0.,  0.,  1.]],

        [[ 0.,  0.,  0., -1.,  0.,  0.,  0.,  0.,  0.,  1.]],

        [[ 0.,  0.,  0.,  0., -1.,  0.,  0.,  0.,  0.,  1.]],

        [[ 0.,  0.,  0.,  0.,  0., -1.,  0.,  0.,  0.,  1.]],

        [[ 0.,  0.,  0.,  0.,  0.,  0., -1.,  0.,  0.,  1.]],

        [[ 0.,  0.,  0.,  0.,  0.,  0.,  0., -1.,  0.,  1.]],

        [[ 0.,  0.,  0.,  0.,  0.,  0.,  0.,  0., -1.,  1.]]], device='cuda:0')
RHS: tensor([[0.],
        [0.],
        [0.],
        [0.],
        [0.],
        [0.],
        [0.],
        [0.]], device='cuda:0')
OR spec sizes: tensor([1, 1, 1, 1, 1, 1, 1, 1], device='cuda:0', dtype=torch.int32)
Remaining timeout: 58.2773232460022
Model prediction is: tensor([ 1.09683228, -7.45012808, -3.26313114, -0.23833777,  6.06664515,
         1.42847896, -2.71469450,  9.02941322,  2.74498200,  9.38875866],
       device='cuda:0')
Activation BaB batch 1/1 
build_with_refined_bounds batch [1/1]
Optimizable variables initialized.
all alpha initialized
directly get lb and ub from refined bounds
c shape: torch.Size([8, 1, 10])
lA shapes: [torch.Size([8, 1, 8, 28, 28]), torch.Size([8, 1, 16, 28, 28]), torch.Size([8, 1, 64])]
(alpha-)CROWN with fixed intermediate bounds: tensor([[-5.99781847],
        [-5.62249184],
        [-5.89038801],
        [-7.46707535],
        [-7.42096329],
        [-5.60728407],
        [-9.93367195],
        [-4.15221310]], device='cuda:0') tensor([[inf],
        [inf],
        [inf],
        [inf],
        [inf],
        [inf],
        [inf],
        [inf]], device='cuda:0')
Intermediate layers: /input,/input-8,/input-12
Keeping alphas for these layers: ['/45']
Node /input-4 input 0: size torch.Size([8, 28, 28]) unstable 2510
Node /tensor input 0: size torch.Size([16, 28, 28]) unstable 6453
Node /44 input 0: size torch.Size([64]) unstable 18
-----------------
# of unstable neurons: 8981
-----------------

BaB round 1
batch: 8
splitting decisions: 
split level 0: [/input-8, 6185] [/input-8, 8099] [/input, 6140] [/input, 4441] [/input, 3510] [/input-8, 4386] [/input-8, 8041] [/input-8, 5163] 
split level 1: [/input-8, 6439] [/input, 130] [/input-8, 7673] [/input-8, 9961] [/input-8, 9485] [/input-8, 6593] [/input, 258] [/input-8, 3322] 
split level 2: [/input-8, 7911] [/input-8, 8256] [/input-8, 7231] [/input, 5984] [/input-8, 12122] [/input-8, 12268] [/input, 720] [/input-8, 3438] 
split level 3: [/input-8, 5437] [/input-8, 5458] [/input-8, 6866] [/input-8, 6831] [/input-8, 9328] [/input-8, 11965] [/input-8, 8996] [/input, 5770] 
best_l after optimization: -820.0882568359375
beta sum per layer: [27.130027770996094, 62.984580993652344, 0.0]
alpha/beta optimization time: 0.14129090309143066
pruning_in_iteration open status: False
ratio of positive domain = 0 / 128 = 0.0
pruning-in-iteration extra time: 5.2928924560546875e-05
Time: pickout 0.0014    branching_decision 0.0002    decision 0.0002    set_bounds 0.0070    prepare 0.0018    transfer 0.0000    finalize 0.0087    func 0.1593    
Accumulated time: bab_iteration 0.0000    pickout 0.0014    decision 0.0002    branching_decision 0.0002    set_bounds 0.0070    solve 0.0000    func 0.1593    prepare 0.0018    transfer 0.0000    finalize 0.0087    
max lb -4.148854732513428 min lb -9.925202369689941
Number of Verified Splits: 0 of 128
Current worst splitting domains lb-rhs (depth):
-9.92520 (4), -9.90094 (4), -9.88609 (4), -9.86183 (4), -9.83013 (4), -9.80587 (4), -9.79102 (4), -9.76676 (4), -9.64292 (4), -9.61866 (4), -9.60381 (4), -9.57955 (4), -9.54785 (4), -9.52359 (4), -9.50874 (4), -9.48447 (4), -7.46666 (4), -7.46665 (4), -7.46526 (4), -7.46525 (4), 
Current (lb-rhs): -9.925202369689941
128 domains visited
Length of domains: 128
Cumulative time: 0.22555136680603027

BaB round 2
batch: 128
splitting decisions: 
split level 0: [/input-8, 5461] [/input-8, 6240] [/input-8, 3267] [/input-8, 9949] [/input-8, 10741] [/input, 371] [/input, 5452] [/input-8, 9236] [/input-8, 8611] [/input, 685] 
best_l after optimization: -1612.36376953125
beta sum per layer: [104.857421875, 251.98614501953125, 0.600846529006958]
alpha/beta optimization time: 0.14435815811157227
pruning_in_iteration open status: False
ratio of positive domain = 1 / 256 = 0.00390625
pruning-in-iteration extra time: 5.125999450683594e-05
Time: pickout 0.0115    branching_decision 0.0001    decision 0.0001    set_bounds 0.0060    prepare 0.0059    transfer 0.0000    finalize 0.0139    func 0.1700    solve 0.1593    add 0.0028    bab_iteration 0.1709    
Accumulated time: bab_iteration 0.1709    pickout 0.0130    decision 0.0003    branching_decision 0.0003    set_bounds 0.0130    solve 0.1593    func 0.3293    prepare 0.0077    transfer 0.0001    finalize 0.0227    add 0.0028    
max lb 0.8790621757507324 min lb -9.925203323364258
Number of Verified Splits: 1 of 256
Current worst splitting domains lb-rhs (depth):
-9.92520 (5), -9.88967 (5), -9.88967 (5), -9.87869 (5), -9.84317 (5), -9.84317 (5), -9.82611 (5), -9.81223 (5), -9.78265 (5), -9.77857 (5), -9.75020 (5), -9.73616 (5), -9.73616 (5), -9.73490 (5), -9.71122 (5), -9.69440 (5), -9.40861 (5), -9.39620 (5), -9.37191 (5), -9.36168 (5), 
Current (lb-rhs): -9.925202369689941
384 domains visited
Length of domains: 255
Cumulative time: 0.41758155822753906

BaB round 3
batch: 255
splitting decisions: 
split level 0: [/input, 1103] [/input, 3217] [/input, 4813] [/input-8, 8262] [/input, 2766] [/input, 5372] [/input, 5198] [/input, 1222] [/input, 5293] [/input-8, 11581] 
best_l after optimization: -3172.20263671875
beta sum per layer: [303.04083251953125, 790.012939453125, 0.7635678052902222]
alpha/beta optimization time: 0.16101980209350586
pruning_in_iteration open status: False
ratio of positive domain = 0 / 510 = 0.0
pruning-in-iteration extra time: 5.221366882324219e-05
Time: pickout 0.0232    branching_decision 0.0002    decision 0.0002    set_bounds 0.0119    prepare 0.0112    transfer 0.0000    finalize 0.0250    func 0.2058    solve 0.1701    add 0.0041    bab_iteration 0.1920    
Accumulated time: bab_iteration 0.3629    pickout 0.0362    decision 0.0005    branching_decision 0.0004    set_bounds 0.0249    solve 0.3294    func 0.5351    prepare 0.0190    transfer 0.0001    finalize 0.0477    add 0.0069    
max lb -3.4768218994140625 min lb -9.92151927947998
Number of Verified Splits: 0 of 510
Current worst splitting domains lb-rhs (depth):
-9.92152 (6), -9.88631 (6), -9.88604 (6), -9.88585 (6), -9.88080 (6), -9.87131 (6), -9.83303 (6), -9.83035 (6), -9.82763 (6), -9.82604 (6), -9.82604 (6), -9.82407 (6), -9.81124 (6), -9.79568 (6), -9.77800 (6), -9.77128 (6), -9.76895 (6), -9.75256 (6), -9.74189 (6), -9.74181 (6), 
Current (lb-rhs): -9.92151927947998
894 domains visited
Length of domains: 510
Cumulative time: 0.6655504703521729

BaB round 4
batch: 510
splitting decisions: 
split level 0: [/input, 3182] [/input, 4747] [/input-8, 3437] [/input-8, 6553] [/input-8, 8661] [/input-8, 9355] [/input-8, 7313] [/input-8, 7470] [/input-8, 3266] [/input-8, 8888] 
best_l after optimization: -6225.1533203125
beta sum per layer: [692.5624389648438, 2190.285888671875, 3.07257342338562]
alpha/beta optimization time: 0.25965023040771484
pruning_in_iteration open status: False
ratio of positive domain = 0 / 1020 = 0.0
pruning-in-iteration extra time: 5.221366882324219e-05
Time: pickout 0.0442    branching_decision 0.0002    decision 0.0003    set_bounds 0.0231    prepare 0.0222    transfer 0.0000    finalize 0.0555    func 0.3498    solve 0.2058    add 0.0065    bab_iteration 0.2480    
Accumulated time: bab_iteration 0.6109    pickout 0.0804    decision 0.0008    branching_decision 0.0007    set_bounds 0.0480    solve 0.5352    func 0.8849    prepare 0.0412    transfer 0.0002    finalize 0.1032    add 0.0134    
max lb -3.1099910736083984 min lb -9.92142391204834
Number of Verified Splits: 0 of 1020
Current worst splitting domains lb-rhs (depth):
-9.92142 (7), -9.91996 (7), -9.88579 (7), -9.88571 (7), -9.88499 (7), -9.88410 (7), -9.88104 (7), -9.88027 (7), -9.86585 (7), -9.84818 (7), -9.82677 (7), -9.82603 (7), -9.82603 (7), -9.82603 (7), -9.82549 (7), -9.82440 (7), -9.82236 (7), -9.82145 (7), -9.81800 (7), -9.81750 (7), 
Current (lb-rhs): -9.92142391204834
1914 domains visited
Length of domains: 1020
Cumulative time: 1.0951571464538574

BaB round 5
batch: 1020
splitting decisions: 
split level 0: [/input-8, 6230] [/input, 397] [/input-8, 6969] [/input, 6077] [/input, 5849] [/input-8, 584] [/input, 29] [/input-8, 6029] [/input-8, 7936] [/input-8, 697] 
best_l after optimization: -12188.400390625
beta sum per layer: [1568.71875, 5709.35693359375, 9.461729049682617]
alpha/beta optimization time: 0.5634603500366211
pruning_in_iteration open status: False
ratio of positive domain = 0 / 2040 = 0.0
pruning-in-iteration extra time: 5.221366882324219e-05
Time: pickout 0.0866    branching_decision 0.0004    decision 0.0004    set_bounds 0.0472    prepare 0.0447    transfer 0.0000    finalize 0.1202    func 0.7500    solve 0.3498    add 0.0106    bab_iteration 0.4296    
Accumulated time: bab_iteration 1.0405    pickout 0.1670    decision 0.0012    branching_decision 0.0011    set_bounds 0.0952    solve 0.8850    func 1.6349    prepare 0.0859    transfer 0.0002    finalize 0.2234    add 0.0240    
max lb -2.3255062103271484 min lb -9.921424865722656
Number of Verified Splits: 0 of 2040
Current worst splitting domains lb-rhs (depth):
-9.92142 (8), -9.92142 (8), -9.91986 (8), -9.88529 (8), -9.88489 (8), -9.88489 (8), -9.88409 (8), -9.88409 (8), -9.88255 (8), -9.88024 (8), -9.88024 (8), -9.87892 (8), -9.87502 (8), -9.86040 (8), -9.86040 (8), -9.83918 (8), -9.83911 (8), -9.82603 (8), -9.82603 (8), -9.82603 (8), 
Current (lb-rhs): -9.92142391204834
3954 domains visited
Length of domains: 2040
Cumulative time: 2.004195213317871

BaB round 6
batch: 2040
splitting decisions: 
split level 0: [/input-8, 12210] [/input-8, 7512] [/input-8, 323] [/input-8, 6203] [/input, 5554] [/input-8, 7313] [/input-8, 3407] [/input, 3550] [/input, 153] [/input, 3694] 
best_l after optimization: -23785.5078125
beta sum per layer: [3532.476318359375, 14430.494140625, 28.161714553833008]
alpha/beta optimization time: 1.179689645767212
pruning_in_iteration open status: False
ratio of positive domain = 0 / 4080 = 0.0
pruning-in-iteration extra time: 5.459785461425781e-05
Time: pickout 0.1738    branching_decision 0.0009    decision 0.0009    set_bounds 0.0898    prepare 0.0909    transfer 0.0000    finalize 0.3577    func 1.6689    solve 0.7500    add 0.0237    bab_iteration 0.9090    
Accumulated time: bab_iteration 1.9495    pickout 0.3407    decision 0.0022    branching_decision 0.0020    set_bounds 0.1849    solve 1.6351    func 3.3038    prepare 0.1768    transfer 0.0003    finalize 0.5811    add 0.0477    
max lb -1.6160287857055664 min lb -9.92142105102539
Number of Verified Splits: 0 of 4080
Current worst splitting domains lb-rhs (depth):
-9.92142 (9), -9.92129 (9), -9.91980 (9), -9.91980 (9), -9.91951 (9), -9.91740 (9), -9.88522 (9), -9.88484 (9), -9.88484 (9), -9.88484 (9), -9.88475 (9), -9.88409 (9), -9.88409 (9), -9.88250 (9), -9.88188 (9), -9.87979 (9), -9.87954 (9), -9.87878 (9), -9.87832 (9), -9.87400 (9), 
Current (lb-rhs): -9.92142105102539
8034 domains visited
Length of domains: 4080
Cumulative time: 4.054431438446045

BaB round 7
batch: 2048
splitting decisions: 
split level 0: [/input-8, 6663] [/input-8, 7988] [/input, 6178] [/input-8, 7882] [/input-8, 1074] [/input, 4747] [/input-8, 7639] [/input-8, 338] [/input-8, 9217] [/input, 5230] 
best_l after optimization: -23182.12109375
beta sum per layer: [3988.783935546875, 18111.6796875, 40.76171112060547]
alpha/beta optimization time: 1.1618373394012451
pruning_in_iteration open status: False
ratio of positive domain = 1 / 4096 = 0.000244140625
pruning-in-iteration extra time: 5.626678466796875e-05
Time: pickout 0.1735    branching_decision 0.0007    decision 0.0007    set_bounds 0.0896    prepare 0.0921    transfer 0.0001    finalize 0.2172    func 1.5089    solve 1.6690    add 0.1152    bab_iteration 2.0502    
Accumulated time: bab_iteration 3.9998    pickout 0.5142    decision 0.0029    branching_decision 0.0028    set_bounds 0.2745    solve 3.3040    func 4.8127    prepare 0.2689    transfer 0.0003    finalize 0.7983    add 0.1629    
max lb 1.3663086891174316 min lb -9.921392440795898
Number of Verified Splits: 1 of 4096
Current worst splitting domains lb-rhs (depth):
-9.92139 (10), -9.92067 (10), -9.92004 (10), -9.91980 (9), -9.91975 (10), -9.91975 (10), -9.91951 (9), -9.91807 (10), -9.91740 (9), -9.88501 (10), -9.88484 (9), -9.88484 (9), -9.88479 (10), -9.88479 (10), -9.88475 (9), -9.88409 (9), -9.88248 (10), -9.88168 (10), -9.88158 (10), -9.87994 (10), 
Current (lb-rhs): -9.921392440795898
12130 domains visited
Length of domains: 6127
current_vram/total_varm: 11.5GB/47.7GB, batch_size increase to 4096
Cumulative time: 5.939308404922485

BaB round 8
batch: 4096
splitting decisions: 
split level 0: [/input-8, 171] [/input-8, 5010] [/input-8, 8061] [/input-8, 110] [/input-8, 7004] [/input-8, 12271] [/input-8, 3193] [/input, 5342] [/input-8, 6689] [/input, 4800] 
best_l after optimization: -44949.328125
beta sum per layer: [8851.6435546875, 43750.8046875, 96.4217758178711]
alpha/beta optimization time: 2.3067421913146973
pruning_in_iteration open status: False
ratio of positive domain = 1 / 8192 = 0.0001220703125
pruning-in-iteration extra time: 5.7220458984375e-05
Time: pickout 0.5077    branching_decision 0.0012    decision 0.0012    set_bounds 0.1814    prepare 0.1851    transfer 0.0001    finalize 0.6208    func 3.1849    solve 1.5089    add 0.1102    bab_iteration 1.8849    
Accumulated time: bab_iteration 5.8846    pickout 1.0219    decision 0.0041    branching_decision 0.0039    set_bounds 0.4559    solve 4.8129    func 7.9976    prepare 0.4540    transfer 0.0004    finalize 1.4192    add 0.2730    
max lb 0.22301578521728516 min lb -9.921391487121582
Number of Verified Splits: 1 of 8192
Current worst splitting domains lb-rhs (depth):
-9.92139 (11), -9.92139 (11), -9.92067 (11), -9.91995 (11), -9.91980 (9), -9.91975 (11), -9.91951 (9), -9.91884 (11), -9.91740 (9), -9.91404 (11), -9.91327 (11), -9.91204 (11), -9.88484 (9), -9.88484 (9), -9.88475 (11), -9.88475 (11), -9.88475 (9), -9.88409 (9), -9.88382 (11), -9.88248 (11), 
Current (lb-rhs): -9.921391487121582
20322 domains visited
Length of domains: 10222
Cumulative time: 10.22634768486023

BaB round 9
batch: 4096
splitting decisions: 
split level 0: [/input-8, 7768] [/input-8, 6940] [/input, 483] [/input, 5717] [/input-8, 3560] [/input, 6208] [/input-8, 7678] [/input-8, 7455] [/input, 6232] [/input-8, 9948] 
best_l after optimization: -43340.84375
beta sum per layer: [9863.46875, 52460.15234375, 103.67735290527344]
alpha/beta optimization time: 2.31005597114563
pruning_in_iteration open status: False
ratio of positive domain = 7 / 8192 = 0.0008544921875
pruning-in-iteration extra time: 6.67572021484375e-05
Time: pickout 0.3567    branching_decision 0.0012    decision 0.0012    set_bounds 0.1808    prepare 0.1841    transfer 0.0001    finalize 0.4524    func 3.2393    solve 3.1850    add 0.3901    bab_iteration 4.2870    
Accumulated time: bab_iteration 10.1717    pickout 1.3785    decision 0.0053    branching_decision 0.0051    set_bounds 0.6368    solve 7.9979    func 11.2368    prepare 0.6381    transfer 0.0004    finalize 1.8715    add 0.6631    
max lb 1.3395233154296875 min lb -9.92138957977295
Number of Verified Splits: 7 of 8192
Current worst splitting domains lb-rhs (depth):
-9.92139 (11), -9.92139 (12), -9.92139 (12), -9.92067 (12), -9.92067 (12), -9.91995 (11), -9.91980 (9), -9.91951 (9), -9.91781 (12), -9.91740 (9), -9.91569 (12), -9.91404 (11), -9.91327 (11), -9.91204 (11), -9.88484 (9), -9.88484 (9), -9.88475 (11), -9.88475 (9), -9.88409 (9), -9.88382 (11), 
Current (lb-rhs): -9.921391487121582
28514 domains visited
Length of domains: 14311
Cumulative time: 14.151745796203613

BaB round 10
batch: 4096
splitting decisions: 
split level 0: [/input-8, 12297] [/input-8, 3717] [/input-8, 5315] [/input, 4252] [/input-8, 5302] [/input-8, 3555] [/input-8, 8382] [/input, 1049] [/input-8, 12257] [/input-8, 3212] 
best_l after optimization: -41614.34375
beta sum per layer: [10944.34375, 61964.8515625, 115.02180480957031]
alpha/beta optimization time: 2.308112144470215
pruning_in_iteration open status: False
ratio of positive domain = 32 / 8192 = 0.00390625
pruning-in-iteration extra time: 6.008148193359375e-05
Time: pickout 0.3607    branching_decision 0.0011    decision 0.0011    set_bounds 0.1815    prepare 0.1872    transfer 0.0001    finalize 0.4549    func 3.2226    solve 3.2393    add 0.1440    bab_iteration 3.9254    
Accumulated time: bab_iteration 14.0971    pickout 1.7393    decision 0.0064    branching_decision 0.0062    set_bounds 0.8182    solve 11.2373    func 14.4595    prepare 0.8253    transfer 0.0005    finalize 2.3264    add 0.8071    
max lb 1.2092556953430176 min lb -9.92138671875
Number of Verified Splits: 32 of 8192
Current worst splitting domains lb-rhs (depth):
-9.92139 (11), -9.92139 (12), -9.92139 (13), -9.92067 (13), -9.92067 (12), -9.91995 (11), -9.91980 (9), -9.91951 (9), -9.91781 (12), -9.91740 (9), -9.91569 (12), -9.91404 (11), -9.91327 (11), -9.91204 (11), -9.90520 (13), -9.88484 (9), -9.88484 (9), -9.88475 (11), -9.88475 (9), -9.88424 (13), 
Current (lb-rhs): -9.921391487121582
36706 domains visited
Length of domains: 18375
Cumulative time: 18.24512004852295

BaB round 11
batch: 4096
splitting decisions: 
split level 0: [/input-8, 5206] [/input-8, 8040] [/input-8, 7903] [/input, 250] [/input-8, 7393] [/input, 3525] [/input-8, 9451] [/input-8, 5910] [/input, 193] [/input-8, 747] 
best_l after optimization: -39881.33203125
beta sum per layer: [12140.9970703125, 71670.25, 132.08958435058594]
alpha/beta optimization time: 2.3084425926208496
pruning_in_iteration open status: False
ratio of positive domain = 64 / 8192 = 0.0078125
pruning-in-iteration extra time: 5.888938903808594e-05
Time: pickout 0.3598    branching_decision 0.0011    decision 0.0011    set_bounds 0.1806    prepare 0.1852    transfer 0.0001    finalize 0.4483    func 3.0119    solve 3.2227    add 0.3236    bab_iteration 4.0934    
Accumulated time: bab_iteration 18.1904    pickout 2.0991    decision 0.0075    branching_decision 0.0073    set_bounds 0.9988    solve 14.4599    func 17.4713    prepare 1.0105    transfer 0.0006    finalize 2.7747    add 1.1307    
max lb 0.732630729675293 min lb -9.904924392700195
Number of Verified Splits: 64 of 8192
Current worst splitting domains lb-rhs (depth):
-9.92139 (11), -9.92139 (12), -9.92139 (13), -9.92067 (12), -9.92067 (13), -9.91995 (11), -9.91980 (9), -9.91951 (9), -9.91781 (12), -9.91740 (9), -9.91569 (12), -9.91404 (11), -9.91327 (11), -9.91204 (11), -9.90492 (14), -9.88484 (9), -9.88484 (9), -9.88475 (11), -9.88475 (9), -9.88409 (9), 
Current (lb-rhs): -9.921391487121582
44898 domains visited
Length of domains: 22407
Cumulative time: 22.158583402633667

BaB round 12
batch: 4096
splitting decisions: 
split level 0: [/input-8, 8500] [/input-8, 6450] [/input-8, 5430] [/input-8, 11337] [/input-8, 8505] [/input-8, 7808] [/input-8, 9302] [/input-8, 9740] [/input-8, 8923] [/input-8, 8627] 
best_l after optimization: -38255.40625
beta sum per layer: [13473.11328125, 81532.4296875, 134.7980499267578]
alpha/beta optimization time: 2.3093678951263428
pruning_in_iteration open status: False
ratio of positive domain = 97 / 8192 = 0.0118408203125
pruning-in-iteration extra time: 8.082389831542969e-05
Time: pickout 0.3634    branching_decision 0.0010    decision 0.0011    set_bounds 0.1822    prepare 0.1854    transfer 0.0001    finalize 0.4442    func 3.0092    solve 3.0119    add 0.3561    bab_iteration 3.9135    
Accumulated time: bab_iteration 22.1039    pickout 2.4625    decision 0.0085    branching_decision 0.0083    set_bounds 1.1811    solve 17.4718    func 20.4805    prepare 1.1959    transfer 0.0006    finalize 3.2189    add 1.4868    
max lb 1.6751575469970703 min lb -9.876081466674805
Number of Verified Splits: 97 of 8192
Current worst splitting domains lb-rhs (depth):
-9.92139 (11), -9.92139 (12), -9.92139 (13), -9.92067 (12), -9.92067 (13), -9.91995 (11), -9.91980 (9), -9.91951 (9), -9.91781 (12), -9.91740 (9), -9.91569 (12), -9.91404 (11), -9.91327 (11), -9.91204 (11), -9.90492 (14), -9.88484 (9), -9.88484 (9), -9.88475 (11), -9.88475 (9), -9.88409 (9), 
Current (lb-rhs): -9.921391487121582
53090 domains visited
Length of domains: 26406
Cumulative time: 25.9250431060791

BaB round 13
batch: 4096
splitting decisions: 
split level 0: [/input-8, 8687] [/input-8, 6010] [/input, 5007] [/input-8, 9711] [/input-8, 6069] [/input-8, 6595] [/input-8, 7425] [/input-8, 3161] [/input, 157] [/input, 3038] 
best_l after optimization: -36724.8984375
beta sum per layer: [14853.796875, 91477.796875, 120.08866882324219]
alpha/beta optimization time: 2.3309595584869385
pruning_in_iteration open status: False
ratio of positive domain = 116 / 8192 = 0.01416015625
pruning-in-iteration extra time: 6.699562072753906e-05
Time: pickout 0.6492    branching_decision 0.0011    decision 0.0011    set_bounds 0.1855    prepare 0.1899    transfer 0.0001    finalize 0.4567    func 3.0559    solve 3.0092    add 0.2062    bab_iteration 3.7665    
Accumulated time: bab_iteration 25.8704    pickout 3.1117    decision 0.0097    branching_decision 0.0094    set_bounds 1.3666    solve 20.4811    func 23.5364    prepare 1.3858    transfer 0.0007    finalize 3.6756    add 1.6931    
max lb 1.3757696151733398 min lb -9.867621421813965
Number of Verified Splits: 116 of 8192
Current worst splitting domains lb-rhs (depth):
-9.92139 (11), -9.92139 (12), -9.92139 (13), -9.92067 (13), -9.92067 (12), -9.91995 (11), -9.91980 (9), -9.91951 (9), -9.91781 (12), -9.91740 (9), -9.91569 (12), -9.91404 (11), -9.91327 (11), -9.91204 (11), -9.90492 (14), -9.88484 (9), -9.88484 (9), -9.88475 (11), -9.88475 (9), -9.88409 (9), 
Current (lb-rhs): -9.921391487121582
61282 domains visited
Length of domains: 30386
Cumulative time: 30.01753854751587

BaB round 14
batch: 4096
splitting decisions: 
split level 0: [/input, 5294] [/input-8, 322] [/input-8, 3183] [/input-8, 3852] [/input-8, 12425] [/input, 3741] [/input-8, 8484] [/input-8, 4268] [/input-8, 6833] [/input-8, 3155] 
best_l after optimization: -35175.96875
beta sum per layer: [16383.0625, 102179.28125, 124.83040618896484]
alpha/beta optimization time: 2.3089470863342285
pruning_in_iteration open status: False
ratio of positive domain = 154 / 8192 = 0.018798828125
pruning-in-iteration extra time: 6.175041198730469e-05
Time: pickout 0.3755    branching_decision 0.0010    decision 0.0010    set_bounds 0.5089    prepare 0.1880    transfer 0.0001    finalize 0.4447    func 3.0127    solve 3.0560    add 0.1960    bab_iteration 4.0925    
Accumulated time: bab_iteration 29.9628    pickout 3.4872    decision 0.0107    branching_decision 0.0104    set_bounds 1.8754    solve 23.5370    func 26.5490    prepare 1.5738    transfer 0.0007    finalize 4.1203    add 1.8891    
max lb 1.4662225246429443 min lb -9.858678817749023
Number of Verified Splits: 154 of 8192
Current worst splitting domains lb-rhs (depth):
-9.92139 (11), -9.92139 (12), -9.92139 (13), -9.92067 (12), -9.92067 (13), -9.91995 (11), -9.91980 (9), -9.91951 (9), -9.91781 (12), -9.91740 (9), -9.91569 (12), -9.91404 (11), -9.91327 (11), -9.91204 (11), -9.90492 (14), -9.88484 (9), -9.88484 (9), -9.88475 (11), -9.88475 (9), -9.88409 (9), 
Current (lb-rhs): -9.921391487121582
69474 domains visited
Length of domains: 34328
Cumulative time: 34.48544454574585

BaB round 15
batch: 4096
splitting decisions: 
split level 0: [/input, 206] [/input-8, 8152] [/input-8, 3256] [/input, 4517] [/input, 657] [/input-8, 7605] [/input, 4981] [/input-8, 11882] [/input-8, 6464] [/input-8, 642] 
best_l after optimization: -33700.96875
beta sum per layer: [17990.134765625, 112956.6953125, 123.52196502685547]
alpha/beta optimization time: 2.3137242794036865
pruning_in_iteration open status: False
ratio of positive domain = 188 / 8192 = 0.02294921875
pruning-in-iteration extra time: 0.00010037422180175781
Time: pickout 0.3743    branching_decision 0.0010    decision 0.0011    set_bounds 0.1838    prepare 0.1893    transfer 0.0001    finalize 0.4443    func 3.0202    solve 3.0127    add 0.5649    bab_iteration 4.4679    
Accumulated time: bab_iteration 34.4307    pickout 3.8614    decision 0.0118    branching_decision 0.0114    set_bounds 2.0592    solve 26.5497    func 29.5692    prepare 1.7631    transfer 0.0008    finalize 4.5646    add 2.4539    
max lb 0.9536924362182617 min lb -9.854266166687012
Number of Verified Splits: 188 of 8192
Current worst splitting domains lb-rhs (depth):
-9.92139 (11), -9.92139 (12), -9.92139 (13), -9.92067 (12), -9.92067 (13), -9.91995 (11), -9.91980 (9), -9.91951 (9), -9.91781 (12), -9.91740 (9), -9.91569 (12), -9.91404 (11), -9.91327 (11), -9.91204 (11), -9.90492 (14), -9.88484 (9), -9.88484 (9), -9.88475 (11), -9.88475 (9), -9.88409 (9), 
Current (lb-rhs): -9.921391487121582
77666 domains visited
Length of domains: 38236
Cumulative time: 38.5184109210968

BaB round 16
batch: 4096
splitting decisions: 
split level 0: [/input-8, 8444] [/input-8, 10096] [/input, 3610] [/input, 5518] [/input-8, 5246] [/input-8, 6195] [/input-8, 8372] [/input-8, 7953] [/input-8, 7945] [/input-8, 8262] 
best_l after optimization: -32268.802734375
beta sum per layer: [19760.07421875, 123825.1953125, 123.14089965820312]
alpha/beta optimization time: 2.3099253177642822
pruning_in_iteration open status: False
ratio of positive domain = 215 / 8192 = 0.0262451171875
pruning-in-iteration extra time: 5.7220458984375e-05
Time: pickout 0.3738    branching_decision 0.0011    decision 0.0011    set_bounds 0.1823    prepare 0.1861    transfer 0.0001    finalize 0.4393    func 3.0044    solve 3.0202    add 0.4483    bab_iteration 4.0330    
Accumulated time: bab_iteration 38.4637    pickout 4.2353    decision 0.0129    branching_decision 0.0125    set_bounds 2.2415    solve 29.5700    func 32.5737    prepare 1.9491    transfer 0.0009    finalize 5.0039    add 2.9022    
max lb 1.6881163120269775 min lb -9.832695960998535
Number of Verified Splits: 215 of 8192
Current worst splitting domains lb-rhs (depth):
-9.92139 (11), -9.92139 (12), -9.92139 (13), -9.92067 (13), -9.92067 (12), -9.91995 (11), -9.91980 (9), -9.91951 (9), -9.91781 (12), -9.91740 (9), -9.91569 (12), -9.91404 (11), -9.91327 (11), -9.91204 (11), -9.90492 (14), -9.88484 (9), -9.88484 (9), -9.88475 (11), -9.88475 (9), -9.88409 (9), 
Current (lb-rhs): -9.921391487121582
85858 domains visited
Length of domains: 42117
Cumulative time: 42.164705991744995

BaB round 17
batch: 4096
splitting decisions: 
split level 0: [/input-8, 6810] [/input-8, 5344] [/input-8, 555] [/input, 2808] [/input-8, 9340] [/input-8, 4139] [/input-8, 9243] [/input, 3756] [/input-8, 9882] [/input-8, 7199] 
best_l after optimization: -30834.8671875
beta sum per layer: [21603.681640625, 135080.34375, 122.22785186767578]
alpha/beta optimization time: 2.3109078407287598
pruning_in_iteration open status: False
ratio of positive domain = 244 / 8192 = 0.02978515625
pruning-in-iteration extra time: 5.6743621826171875e-05
Time: pickout 0.3761    branching_decision 0.0010    decision 0.0010    set_bounds 0.1826    prepare 0.1865    transfer 0.0001    finalize 0.7945    func 3.3609    solve 3.0045    add 0.0789    bab_iteration 3.6463    
Accumulated time: bab_iteration 42.1100    pickout 4.6113    decision 0.0139    branching_decision 0.0135    set_bounds 2.4240    solve 32.5745    func 35.9345    prepare 2.1356    transfer 0.0009    finalize 5.7984    add 2.9811    
max lb 2.110102891921997 min lb -9.79220199584961
Number of Verified Splits: 244 of 8192
Current worst splitting domains lb-rhs (depth):
-9.92139 (11), -9.92139 (12), -9.92139 (13), -9.92067 (12), -9.92067 (13), -9.91995 (11), -9.91980 (9), -9.91951 (9), -9.91781 (12), -9.91740 (9), -9.91569 (12), -9.91404 (11), -9.91327 (11), -9.91204 (11), -9.90492 (14), -9.88484 (9), -9.88484 (9), -9.88475 (11), -9.88475 (9), -9.88409 (9), 
Current (lb-rhs): -9.921391487121582
94050 domains visited
Length of domains: 45969
Cumulative time: 46.24766564369202

BaB round 18
batch: 4096
splitting decisions: 
split level 0: [/input-8, 5666] [/input-8, 8488] [/input, 3699] [/input, 3801] [/input-8, 6990] [/input-8, 12097] [/input-8, 256] [/input, 685] [/input-8, 6091] [/input-8, 8630] 
best_l after optimization: -29447.91015625
beta sum per layer: [23647.76171875, 146316.0, 98.49269104003906]
alpha/beta optimization time: 2.3255395889282227
pruning_in_iteration open status: False
ratio of positive domain = 304 / 8192 = 0.037109375
pruning-in-iteration extra time: 6.604194641113281e-05
Time: pickout 0.3723    branching_decision 0.0010    decision 0.0010    set_bounds 0.1819    prepare 0.1884    transfer 0.0001    finalize 0.4435    func 3.0299    solve 3.3609    add 0.1564    bab_iteration 4.0830    
Accumulated time: bab_iteration 46.1929    pickout 4.9836    decision 0.0150    branching_decision 0.0146    set_bounds 2.6059    solve 35.9354    func 38.9645    prepare 2.3240    transfer 0.0010    finalize 6.2419    add 3.1375    
max lb 2.048558235168457 min lb -9.791769027709961
Number of Verified Splits: 304 of 8192
Current worst splitting domains lb-rhs (depth):
-9.92139 (11), -9.92139 (12), -9.92139 (13), -9.92067 (13), -9.92067 (12), -9.91995 (11), -9.91980 (9), -9.91951 (9), -9.91781 (12), -9.91740 (9), -9.91569 (12), -9.91404 (11), -9.91327 (11), -9.91204 (11), -9.90492 (14), -9.88484 (9), -9.88484 (9), -9.88475 (11), -9.88475 (9), -9.88409 (9), 
Current (lb-rhs): -9.921391487121582
102242 domains visited
Length of domains: 49761
Cumulative time: 50.035799741744995

BaB round 19
batch: 4096
splitting decisions: 
split level 0: [/input, 3589] [/input, 1468] [/input-8, 8090] [/input-8, 11316] [/input, 5534] [/input-8, 289] [/input-8, 543] [/input-8, 7295] [/input-8, 6051] [/input-8, 8925] 
best_l after optimization: -28243.4453125
beta sum per layer: [25782.47265625, 157102.0625, 102.13667297363281]
alpha/beta optimization time: 2.3107237815856934
pruning_in_iteration open status: False
ratio of positive domain = 445 / 8192 = 0.0543212890625
pruning-in-iteration extra time: 5.888938903808594e-05
Time: pickout 0.3866    branching_decision 0.0011    decision 0.0012    set_bounds 0.6212    prepare 0.1862    transfer 0.0001    finalize 0.4291    func 2.9949    solve 3.0300    add 0.1967    bab_iteration 3.7881    
Accumulated time: bab_iteration 49.9811    pickout 5.3703    decision 0.0162    branching_decision 0.0156    set_bounds 3.2270    solve 38.9654    func 41.9594    prepare 2.5102    transfer 0.0011    finalize 6.6710    add 3.3342    
max lb 2.0047383308410645 min lb -9.791769027709961
Number of Verified Splits: 445 of 8192
Current worst splitting domains lb-rhs (depth):
-9.92139 (11), -9.92139 (12), -9.92139 (13), -9.92067 (13), -9.92067 (12), -9.91995 (11), -9.91980 (9), -9.91951 (9), -9.91781 (12), -9.91740 (9), -9.91569 (12), -9.91404 (11), -9.91327 (11), -9.91204 (11), -9.90492 (14), -9.88484 (9), -9.88484 (9), -9.88475 (11), -9.88475 (9), -9.88409 (9), 
Current (lb-rhs): -9.921391487121582
110434 domains visited
Length of domains: 53412
Cumulative time: 54.238327741622925

BaB round 20
batch: 4096
splitting decisions: 
split level 0: [/input-8, 3416] [/input-8, 6996] [/input, 4858] [/input-8, 7795] [/input-8, 82] [/input-8, 4758] [/input-8, 12403] [/input, 3648] [/input-8, 8779] [/input, 417] 
best_l after optimization: -27553.21484375
beta sum per layer: [28043.525390625, 166239.328125, 108.27368927001953]
alpha/beta optimization time: 2.3099114894866943
pruning_in_iteration open status: False
ratio of positive domain = 425 / 8192 = 0.0518798828125
pruning-in-iteration extra time: 7.82012939453125e-05
Time: pickout 0.3802    branching_decision 0.0011    decision 0.0011    set_bounds 0.1834    prepare 0.1874    transfer 0.0001    finalize 0.4304    func 2.9966    solve 2.9950    add 0.1921    bab_iteration 4.2025    
Accumulated time: bab_iteration 54.1836    pickout 5.7505    decision 0.0173    branching_decision 0.0167    set_bounds 3.4104    solve 41.9603    func 44.9559    prepare 2.6975    transfer 0.0011    finalize 7.1014    add 3.5263    
max lb 1.571521282196045 min lb -9.791481971740723
Number of Verified Splits: 425 of 8192
Current worst splitting domains lb-rhs (depth):
-9.92139 (11), -9.92139 (12), -9.92139 (13), -9.92067 (13), -9.92067 (12), -9.91995 (11), -9.91980 (9), -9.91951 (9), -9.91781 (12), -9.91740 (9), -9.91569 (12), -9.91404 (11), -9.91327 (11), -9.91204 (11), -9.90492 (14), -9.88484 (9), -9.88484 (9), -9.88475 (11), -9.88475 (9), -9.88409 (9), 
Current (lb-rhs): -9.921391487121582
118626 domains visited
Length of domains: 57083
Cumulative time: 58.00339078903198

BaB round 21
batch: 4096
splitting decisions: 
split level 0: [/input, 729] [/input, 3859] [/input-8, 5025] [/input-8, 5995] [/input, 5910] [/input, 4842] [/input-8, 10045] [/input-8, 8428] [/input-8, 9946] [/input-8, 109] 
best_l after optimization: -26706.5859375
beta sum per layer: [30521.8515625, 176130.09375, 118.12712097167969]
alpha/beta optimization time: 2.314192295074463
pruning_in_iteration open status: False
ratio of positive domain = 455 / 8192 = 0.0555419921875
pruning-in-iteration extra time: 6.580352783203125e-05
Time: pickout 0.3803    branching_decision 0.0011    decision 0.0011    set_bounds 0.6313    prepare 0.1874    transfer 0.0001    finalize 0.4303    func 3.0035    solve 2.9966    add 0.1969    bab_iteration 3.7651    
Accumulated time: bab_iteration 57.9487    pickout 6.1308    decision 0.0184    branching_decision 0.0178    set_bounds 4.0417    solve 44.9569    func 47.9594    prepare 2.8849    transfer 0.0012    finalize 7.5317    add 3.7233    
max lb 2.0676918029785156 min lb -9.775200843811035
Number of Verified Splits: 455 of 8192
Current worst splitting domains lb-rhs (depth):
-9.92139 (11), -9.92139 (12), -9.92139 (13), -9.92067 (13), -9.92067 (12), -9.91995 (11), -9.91980 (9), -9.91951 (9), -9.91781 (12), -9.91740 (9), -9.91569 (12), -9.91404 (11), -9.91327 (11), -9.91204 (11), -9.90492 (14), -9.88484 (9), -9.88484 (9), -9.88475 (11), -9.88475 (9), -9.88409 (9), 
Current (lb-rhs): -9.921391487121582
126818 domains visited
Length of domains: 60724
Time out!!!!!!!!
Result: unknown in 64.1949 seconds
############# Summary #############
Final verified acc: 0.0% (total 10 examples)
Problem instances count: 10 , total verified (safe/unsat): 0 , total falsified (unsafe/sat): 0 , timeout: 10
mean time for ALL instances (total 10):62.44410378705161, max time: 64.19488739967346
unknown (total 10), index: [0, 1, 2, 3, 4, 5, 6, 7, 8, 9]

=== STDERR ===
/mmfs1/gscratch/scrubbed/sgvtc/E-graphs for Verifiability/alpha-beta-CROWN/.venv/lib/python3.11/site-packages/torch/jit/_script.py:1488: DeprecationWarning: `torch.jit.script` is deprecated. Please switch to `torch.compile` or `torch.export`.
  warnings.warn(
/mmfs1/gscratch/scrubbed/sgvtc/E-graphs for Verifiability/alpha-beta-CROWN/.venv/lib/python3.11/site-packages/onnx2pytorch/convert/layer.py:31: UserWarning: The given NumPy array is not writable, and PyTorch does not support non-writable tensors. This means writing to this tensor will result in undefined behavior. You may want to copy the array to protect its data or make it writable before converting it to a tensor. This type of warning will be suppressed for the rest of this program. (Triggered internally at /pytorch/torch/csrc/utils/tensor_numpy.cpp:213.)
  layer.bias.data = torch.from_numpy(numpy_helper.to_array(bias))
/mmfs1/gscratch/scrubbed/sgvtc/E-graphs for Verifiability/alpha-beta-CROWN/.venv/lib/python3.11/site-packages/onnx2pytorch/convert/model.py:151: UserWarning: Using experimental implementation that allows 'batch_size > 1'.Batchnorm layers could potentially produce false outputs.
  warnings.warn(
/mmfs1/gscratch/scrubbed/sgvtc/E-graphs for Verifiability/alpha-beta-CROWN/complete_verifier/specifications.py:342: UserWarning: Creating a tensor from a list of numpy.ndarrays is extremely slow. Please consider converting the list to a single numpy.ndarray with numpy.array() before converting to a tensor. (Triggered internally at /pytorch/torch/csrc/utils/tensor_new.cpp:253.)
  x_range_list = torch.Tensor(x_range_list).to(dtype=dtype, device=device).view(input_shape + [2])
/mmfs1/gscratch/scrubbed/sgvtc/E-graphs for Verifiability/alpha-beta-CROWN/.venv/lib/python3.11/site-packages/onnx2pytorch/utils.py:21: TracerWarning: Converting a tensor to a Python boolean might cause the trace to be incorrect. We can't record the data flow of Python values, so this value will be treated as a constant in the future. This means that the trace might not generalize to other inputs!
  return value.ndim == 0 or value.shape == torch.Size([1])
/mmfs1/gscratch/scrubbed/sgvtc/E-graphs for Verifiability/alpha-beta-CROWN/.venv/lib/python3.11/site-packages/onnx2pytorch/operations/add.py:34: TracerWarning: Converting a tensor to a Python boolean might cause the trace to be incorrect. We can't record the data flow of Python values, so this value will be treated as a constant in the future. This means that the trace might not generalize to other inputs!
  elif all(x == 1 for x in input[0].shape):
/mmfs1/gscratch/scrubbed/sgvtc/E-graphs for Verifiability/alpha-beta-CROWN/.venv/lib/python3.11/site-packages/onnx2pytorch/operations/reshape.py:36: TracerWarning: Converting a tensor to a Python boolean might cause the trace to be incorrect. We can't record the data flow of Python values, so this value will be treated as a constant in the future. This means that the trace might not generalize to other inputs!
  if shape[0] == 1 and len(shape) in [2, 3, 4, 5] and self.quirks.get("fix_batch_size") is True:
/mmfs1/gscratch/scrubbed/sgvtc/E-graphs for Verifiability/alpha-beta-CROWN/.venv/lib/python3.11/site-packages/onnx2pytorch/operations/reshape.py:54: TracerWarning: torch.tensor results are registered as constants in the trace. You can safely ignore this warning if you use this function to create tensors out of constant variables that would be the same every time you call this function. In any other case, this might cause the trace to be incorrect.
  if (torch.prod(torch.tensor(input.shape)) != torch.prod(shape) and len(input.size()) == len(shape) + 1
/mmfs1/gscratch/scrubbed/sgvtc/E-graphs for Verifiability/alpha-beta-CROWN/.venv/lib/python3.11/site-packages/onnx2pytorch/operations/reshape.py:54: TracerWarning: Using len to get tensor shape might cause the trace to be incorrect. Recommended usage would be tensor.shape[0]. Passing a tensor of different shape might lead to errors or silently give incorrect results.
  if (torch.prod(torch.tensor(input.shape)) != torch.prod(shape) and len(input.size()) == len(shape) + 1
/mmfs1/gscratch/scrubbed/sgvtc/E-graphs for Verifiability/alpha-beta-CROWN/.venv/lib/python3.11/site-packages/onnx2pytorch/operations/reshape.py:58: TracerWarning: Iterating over a tensor might cause the trace to be incorrect. Passing a tensor of different shape won't change the number of iterations executed (and might lead to errors or silently give incorrect results).
  shape = [x if x != 0 else input.size(i) for i, x in enumerate(shape)]
/mmfs1/gscratch/scrubbed/sgvtc/E-graphs for Verifiability/alpha-beta-CROWN/complete_verifier/auto_LiRPA/operators/leaf.py:93: UserWarning: The "has_batchdim" option for BoundBuffers is deprecated. It may be removed from the next release.
  warnings.warn('The "has_batchdim" option for BoundBuffers is deprecated.'

