$ /mmfs1/gscratch/scrubbed/sgvtc/E-graphs for Verifiability/alpha-beta-CROWN/.venv/bin/python abcrown.py --config exp_configs/beta_crown/abcrown_config_inception_mnist_fused_v2.yaml --onnx_path /mmfs1/gscratch/scrubbed/sgvtc/E-graphs for Verifiability/NNs/inception_mnist_fused_v2_simplified.onnx --epsilon 0.1 --start 0 --end 10
(cwd=/mmfs1/gscratch/scrubbed/sgvtc/E-graphs for Verifiability/alpha-beta-CROWN/complete_verifier)

=== STDOUT ===
INFO     15:18:21     [tensor_storage.py:70] Hugepage enabled for branch-and-bound domains.
Configurations:

general:
  device: cuda
  seed: 100
  conv_mode: patches
  deterministic: false
  double_fp: false
  loss_reduction_func: sum
  sparse_alpha: true
  sparse_interm: true
  save_adv_example: false
  verify_onnxruntime_output: false
  eval_adv_example: false
  onnx_adv_example: false
  show_adv_example: false
  precompile_jit: false
  reset_seed_after_precompile: false
  prepare_only: false
  complete_verifier: bab
  enable_incomplete_verification: true
  csv_name: null
  results_file: out.txt
  root_path: ''
  deterministic_opt: false
  graph_optimizer: 'Customized("custom_graph_optimizer", "default_optimizer")'
  buffer_has_batchdim: false
  save_output: false
  output_file: out.pkl
  return_optimized_model: false
  store_all_specs_on_cpu: false
  adhoc_tuning: null
model:
  name: null
  path: null
  onnx_path: /mmfs1/gscratch/scrubbed/sgvtc/E-graphs for Verifiability/NNs/inception_mnist_fused_v2_simplified.onnx
  onnx_path_prefix: ''
  cache_onnx_conversion: false
  debug_onnx: false
  onnx_quirks: null
  input_shape: null
  onnx_loader: default_onnx_and_vnnlib_loader
  onnx_optimization_flags: []
  onnx_vnnlib_joint_optimization_flags: none
  check_optimized: false
  flatten_final_output: false
  optimize_graph: null
  with_jacobian: false
  bound_opts: null
data:
  start: 0
  end: 10
  select_instance: null
  num_outputs: 10
  mean: [0.0]
  std: [1.0]
  pkl_path: null
  dataset: MNIST
  data_filter_path: null
  data_idx_file: null
specification:
  type: lp
  robustness_type: verified-acc
  norm: .inf
  epsilon: 0.1
  epsilon_min: 0.0
  vnnlib_path: null
  vnnlib_path_prefix: ''
  shrink_eps: null
  rhs_offset: null
solver:
  batch_size: 2048
  auto_enlarge_batch_size: true
  batched_crown_auto_enlarge_max_vram_ratio: 0.9
  min_batch_size_ratio: 0.1
  use_float64_in_last_iteration: false
  early_stop_patience: 10
  start_save_best: 0.5
  bound_prop_method: alpha-crown
  init_bound_prop_method: same
  prune_after_crown: true
  optimize_disjuncts_separately: false
  build_batch_size: 1000000
  skip_with_refined_bound: true
  forward_before_compute_bounds: false
  crown:
    batch_size: 1000000000
    max_crown_size: 1000000000
    activation_bound_option: adaptive
    compare_crown_with_ibp: false
  alpha-crown:
    alpha: true
    lr_alpha: 0.1
    iteration: 100
    share_alphas: false
    lr_decay: 0.98
    full_conv_alpha: true
    max_coeff_mul: .inf
    matmul_share_alphas: false
    disable_optimization: []
    max_time: 1.0
    alpha_dtype: float16
    input_split_alpha_iteration: 5
    input_split_lr_alpha: 0.05
  invprop:
    apply_output_constraints_to: []
    tighten_input_bounds: false
    best_of_oc_and_no_oc: false
    directly_optimize: []
    oc_lr: 0.1
    share_gammas: false
  beta-crown:
    lr_alpha: 0.01
    lr_beta: 0.05
    lr_decay: 0.98
    optimizer: adam
    iteration: 20
    beta: true
    beta_warmup: true
    enable_opt_interm_bounds: false
    all_node_split_LP: false
  forward:
    refine: false
    max_dim: 10000
    reset_threshold: 1.0
  mip:
    unstable_neuron_threshold: 0
    parallel_solvers: null
    solver_threads: 1
    refine_neuron_timeout: 15
    refine_neuron_time_percentage: 0.8
    early_stop: true
    adv_warmup: true
    mip_solver: gurobi
    skip_unsafe: false
    topk_filter: 1.0
    sliding_window: -1
    extra_constraint: false
    refine_neuron_timeout_increasement: 0
    timeout_neuron_percentage: 0.3
    remaining_timeout_threshold: 1
    remove_unstable_neurons: false
    formulation: mip
    output_cut: false
bab:
  max_domains: .inf
  decision_thresh: 0
  timeout: 60
  timeout_scale: 1
  max_iterations: -1
  override_timeout: null
  get_upper_bound: false
  pruning_in_iteration: true
  pruning_in_iteration_ratio: 0.2
  sort_targets: false
  batched_domain_list: true
  optimized_interm: ''
  interm_transfer: true
  recompute_interm: false
  sort_domain_interval: -1
  tree_traversal: depth_first
  hugetensor_allocator: true
  cut:
    enabled: false
    cuts_path: null
    bab_cut: false
    lp_cut: false
    lr: 0.01
    lr_decay: 1.0
    iteration: 100
    bab_iteration: -1
    early_stop_patience: -1
    lr_beta: 0.02
    number_cuts: 50
    topk_cuts_in_filter: 1000
    batch_size_primal: 100
    max_num: 1000000000
    patches_cut: false
    cplex_cuts: false
    cplex_cuts_wait: 0
    cplex_cuts_revpickup: true
    cut_reference_bounds: true
    fix_intermediate_bounds: false
    manual_cuts: null
    record_cplex_cut_to: null
    read_cplex_cut_from: null
    biccos:
      enabled: false
      auto_param: true
      constraint_strengthening: true
      drop_ratio: 0.5
      max_infer_iter: 20
      max_domain: 10000.0
      heuristic: neuron_influence_score
      save_cuts: false
      multi_tree_branching:
        enabled: false
        restore_best_tree: true
        keep_n_best_domains: 50
        target_batch_size: 200
        iterations: 3
  clip_n_verify:
    rearrange_constraints: false
    alpha_crown: false
    prune: false
    final_layer: false
    clip_input_domain:
      enabled: false
      clip_type: relaxed
      clip_neuron_selection_type: ratio
      clip_neuron_selection_value: -1.0
      clip_iterations: 1
      clip_calculate_volume_metrics: false
    clip_interm_domain:
      enabled: false
      with_input: false
      clip_in_alpha_crown: false
      topk_objective: 20
  branching:
    method: random
    candidates: 3
    reduceop: min
    enable_intermediate_bound_opt: false
    branching_input_and_activation: false
    branching_input_and_activation_order: [input, relu]
    branching_input_iterations: 30
    branching_relu_iterations: 50
    save_visited_domains_to: ''
    nonlinear_split:
      method: bbps
      disable: false
      branching_point_method: uniform
      num_branches: 2
      filter: false
      filter_beta: false
      filter_clamp: false
      filter_batch_size: 10000
      filter_iterations: 25
      relu_only: false
      loose_tanh_threshold: null
      branching_point:
        db_path: branching_points.pt
        num_iterations: 1000
        batch_size: 1000000
        range_l: -5.0
        range_u: 5.0
        log_interval: 100
        step_size_1d: 0.01
        step_size: 0.2
    input_split:
      split_hint: null
      enable: false
      reorder_bab: false
      input_dim_threshold: 20
      adv_check: 0
      split_partitions: 2
      sb_margin_weight: 1.0
      sb_sum: false
      sb_primary_spec: null
      bf_backup_thresh: -1
      bf_rhs_offset: 0
      bf_iters: 1000000000.0
      bf_batch_size: 100000
      bf_zero_crossing_score: false
      touch_zero_score: 0
      ibp_enhancement: true
      compare_with_old_bounds: true
      update_rhs_with_attack: false
      sb_coeff_thresh: 0.001
      sort_index: null
      sort_descending: true
      show_progress: false
      presplit_domains: null
      skip_getting_worst_domain: false
  branching_decision_precompute:
    enable: true
  attack:
    enabled: false
    beam_candidates: 8
    beam_depth: 7
    max_dive_fix_ratio: 0.8
    min_local_free_ratio: 0.2
    mip_start_iteration: 5
    mip_timeout: 30.0
    adv_pool_threshold: null
    refined_mip_attacker: false
    refined_batch_size: null
attack:
  general_attack: true
  pgd_order: skip
  pgd_steps: 100
  pgd_restarts: 50
  pgd_batch_size: 100000000
  pgd_early_stop: true
  pgd_lr_decay: 0.99
  pgd_alpha: auto
  pgd_alpha_scale: false
  pgd_loss_mode: null
  pgd_restart_when_stuck: false
  enable_mip_attack: false
  adv_saver: default_adv_saver
  adv_verifier: default_adv_verifier
  early_stop_condition: default_early_stop_condition
  adv_example_finalizer: default_adv_example_finalizer
  pgd_loss: default_pgd_loss
  cex_path: ./test_cex.txt
  attack_mode: PGD
  attack_tolerance: 0.0
  attack_func: attack_with_general_specs
  gama_lambda: 10.0
  gama_decay: 0.9
  input_split:
    pgd_steps: 100
    pgd_restarts: 30
    pgd_alpha: auto
  input_split_check_adv:
    enabled: auto
    pgd_steps: 5
    pgd_restarts: 5
    pgd_alpha: auto
    max_num_domains: 10
debug:
  view_model: false
  lp_test: null
  rescale_vnnlib_ptb: null
  test_optimized_bounds: false
  test_optimized_bounds_after_n_iterations: 0
  print_verbose_decisions: false
  biccos_mip_sanity_check: false
  sanity_check: 0
  z_split_enabled: false
  save_minimal_config: null
  save_minimal_config_omit_keys: []
solving:
  solving_mode: false
  obj_index: 0

Experiments at Mon Aug 24 15:18:23 2026 on g3104
Loading onnx /mmfs1/gscratch/scrubbed/sgvtc/E-graphs for Verifiability/NNs/inception_mnist_fused_v2_simplified.onnx with quirks {}
Finished onnx model loading in 0.1556 seconds
ConvertModel(
  (Conv_Conv111_fwd0): Conv2d(1, 8, kernel_size=(3, 3), stride=(1, 1), padding=(1, 1))
  (Relu_Relu118_fwd0): ReLU()
  (Conv_Conv119_fwd0): Conv2d(8, 8, kernel_size=(1, 1), stride=(1, 1))
  (Conv_Conv120_fwd0): Conv2d(8, 8, kernel_size=(3, 3), stride=(1, 1), padding=(1, 1))
  (Add_Add123_fwd0): Add()
  (Relu_Relu125_fwd0): ReLU()
  (Split_Split126_fwd0): Split()
  (Reshape_Reshape127_fwd0): Reshape(shape=[  -1 6272])
  (Gemm_Add129_fwd0): Linear(in_features=64, out_features=6272, bias=True)
  (Relu_Relu130_fwd0): ReLU()
  (Gemm_Add132_fwd0): Linear(in_features=10, out_features=64, bias=True)
)
Parameters:
  Conv_Conv111_fwd0.weight: shape torch.Size([8, 1, 3, 3])
  Conv_Conv111_fwd0.bias: shape torch.Size([8])
  Conv_Conv119_fwd0.weight: shape torch.Size([8, 8, 1, 1])
  Conv_Conv119_fwd0.bias: shape torch.Size([8])
  Conv_Conv120_fwd0.weight: shape torch.Size([8, 8, 3, 3])
  Conv_Conv120_fwd0.bias: shape torch.Size([8])
  Gemm_Add129_fwd0.weight: shape torch.Size([64, 6272])
  Gemm_Add129_fwd0.bias: shape torch.Size([64])
  Gemm_Add132_fwd0.weight: shape torch.Size([10, 64])
  Gemm_Add132_fwd0.bias: shape torch.Size([10])
Trying generic MNIST/CIFAR data loader.
Internal results will be saved to out.txt.

 %%%%%%%%%%%%%%%%%%%%%%%%%%%%%%%%%%% idx: 0, vnnlib ID: 0 %%%%%%%%%%%%%%%%%%%%%%%%%%%%%%%%%%%
Finished vnnlib processing in 0.235202 seconds
Model: BoundedModule(
  (/input-1): BoundInput(name=/input-1, inputs=[], perturbed=True)
  (/shape): BoundBuffers(name=/shape, inputs=[], perturbed=False)
  (/12): BoundParams(name=/12, inputs=[], perturbed=False)
  (/13): BoundParams(name=/13, inputs=[], perturbed=False)
  (/14): BoundParams(name=/14, inputs=[], perturbed=False)
  (/15): BoundParams(name=/15, inputs=[], perturbed=False)
  (/16): BoundParams(name=/16, inputs=[], perturbed=False)
  (/17): BoundParams(name=/17, inputs=[], perturbed=False)
  (/18): BoundParams(name=/18, inputs=[], perturbed=False)
  (/19): BoundParams(name=/19, inputs=[], perturbed=False)
  (/20): BoundParams(name=/20, inputs=[], perturbed=False)
  (/21): BoundParams(name=/21, inputs=[], perturbed=False)
  (/input): BoundConv(name=/input, inputs=[/input-1, /12, /13], perturbed=True)
  (/input-4): BoundRelu(name=/input-4, inputs=[/input], perturbed=True)
  (/24): BoundConv(name=/24, inputs=[/input-4, /14, /15], perturbed=True)
  (/25): BoundConv(name=/25, inputs=[/input-4, /16, /17], perturbed=True)
  (/26): BoundAdd(name=/26, inputs=[/24, /25], perturbed=True)
  (/input-8): BoundConcat(name=/input-8, inputs=[/input, /26], perturbed=True)
  (/tensor): BoundRelu(name=/tensor, inputs=[/input-8], perturbed=True)
  (/30): BoundSplit(name=/30, inputs=[/tensor], perturbed=True)
  (/31): BoundSplit(name=/31, inputs=[/shape], perturbed=False)
  (/32): BoundSplit(name=/32, inputs=[/shape], perturbed=False)
  (/33): BoundConstant(name=/33, value=tensor([0], device='cuda:0'))
  (/34): BoundSqueeze(name=/34, inputs=[/31, /33], perturbed=False)
  (/35): BoundConstant(name=/35, value=tensor([0], device='cuda:0'))
  (/36): BoundSqueeze(name=/36, inputs=[/32, /35], perturbed=False)
  (/37): BoundConstant(name=/37, value=tensor([0], device='cuda:0'))
  (/38): BoundUnsqueeze(name=/38, inputs=[/34, /37], perturbed=False)
  (/39): BoundConstant(name=/39, value=tensor([0], device='cuda:0'))
  (/40): BoundUnsqueeze(name=/40, inputs=[/36, /39], perturbed=False)
  (/41): BoundConcat(name=/41, inputs=[/38, /40], perturbed=False)
  (/42): BoundReshape(name=/42, inputs=[/30, /41], perturbed=True)
  (/input-12): BoundLinear(name=/input-12, inputs=[/42, /18, /19], perturbed=True)
  (/44): BoundRelu(name=/44, inputs=[/input-12], perturbed=True)
  (/45): BoundLinear(name=/45, inputs=[/44, /20, /21], perturbed=True)
)
Original output in the first batch: tensor([[-0.51818854, -5.29885626, -0.67026603,  3.93763208,  1.77482486,
          1.43840575, -5.72659492, 11.47263718, -0.30722359,  5.09710073]],
       device='cuda:0')
Split layers:
Nonlinear functions:
   BoundRelu(name=/input-4, inputs=[/input], perturbed=True)
   BoundRelu(name=/tensor, inputs=[/input-8], perturbed=True)
   BoundRelu(name=/44, inputs=[/input-12], perturbed=True)
build batch [1/1]
layer /input-4 using sparse-features alpha with shape [1519]; unstable size 1519; total size 6272 ([1, 8, 28, 28])
layer /input-4 start_node /input-12 using sparse-spec alpha [2, 20, 1, 1519] with unstable size 19 total_size 64 output_shape torch.Size([64])
layer /input-4 start_node /45 using full alpha [2, 9, 1, 1519] with unstable size None total_size 9 output_shape 9
layer /tensor using sparse-features alpha with shape [5071]; unstable size 5071; total size 12544 ([1, 16, 28, 28])
layer /tensor start_node /input-12 using sparse-spec alpha [2, 20, 1, 5071] with unstable size 19 total_size 64 output_shape torch.Size([64])
layer /tensor start_node /45 using full alpha [2, 9, 1, 5071] with unstable size None total_size 9 output_shape 9
layer /44 using sparse-features alpha with shape [19]; unstable size 19; total size 64 ([1, 64])
layer /44 start_node /45 using full alpha [2, 9, 1, 19] with unstable size None total_size 9 output_shape 9
Optimizable variables initialized.
initial CROWN bounds (first 10 items): [1.8652629852294922, 7.2979207038879395, 1.08561372756958, -0.4499654769897461, 2.1322078704833984, 0.9328951835632324, 4.0979814529418945, 2.4756274223327637, 0.37937164306640625]
prune_after_crown optimization in use
  original spec size = torch.Size([1, 9])
  pruned spec size = torch.Size([1, 1])
Using alpha-CROWN to initialize bounds.
best_l after optimization: -0.17928600311279297
alpha/beta optimization time: 1.694232702255249
initial alpha-crown bounds (first 10 items): [-0.17928600311279297]
Global lower bound: -0.17928600311279297
8 / 9 OR specs are verified.
Verified OR indices (first 10 items): [0, 1, 2, 4, 5, 6, 7, 8]
Verified OR lbs (first 10 items): [[inf], [inf], [inf], [inf], [inf], [inf], [inf], [inf]]
Unverified OR indices (first 10 items): [3]
Unverified OR lbs (first 10 items): [[-0.17928600311279297]]
###### Verifying property Instance 0 ######
Batch size: 1
First 10 spec matrices
C: tensor([[[ 0.,  0.,  0., -1.,  0.,  0.,  0.,  1.,  0.,  0.]]], device='cuda:0')
RHS: tensor([[0.]], device='cuda:0')
OR spec sizes: tensor([1], device='cuda:0', dtype=torch.int32)
Remaining timeout: 55.98280477523804
Model prediction is: tensor([-0.51818854, -5.29885626, -0.67026603,  3.93763208,  1.77482486,
         1.43840575, -5.72659492, 11.47263718, -0.30722359,  5.09710073],
       device='cuda:0')
Activation BaB batch 1/1 
build_with_refined_bounds batch [1/1]
Optimizable variables initialized.
all alpha initialized
directly get lb and ub from refined bounds
c shape: torch.Size([1, 1, 10])
lA shapes: [torch.Size([1, 1, 8, 28, 28]), torch.Size([1, 1, 16, 28, 28]), torch.Size([1, 1, 64])]
(alpha-)CROWN with fixed intermediate bounds: tensor([[-0.17928600]], device='cuda:0') tensor([[inf]], device='cuda:0')
Intermediate layers: /input,/input-8,/input-12
Keeping alphas for these layers: ['/45']
Node /input-4 input 0: size torch.Size([8, 28, 28]) unstable 1519
Node /tensor input 0: size torch.Size([16, 28, 28]) unstable 5071
Node /44 input 0: size torch.Size([64]) unstable 18
-----------------
# of unstable neurons: 6608
-----------------

BaB round 1
batch: 1
splitting decisions: 
split level 0: [/input-8, 6587] 
split level 1: [/input-8, 4980] 
split level 2: [/input-8, 8960] 
split level 3: [/input-8, 4137] 
split level 4: [/input-8, 4953] 
split level 5: [/input-8, 8584] 
split level 6: [/input-8, 7024] 
best_l after optimization: -15.777894973754883
beta sum per layer: [0.0, 100.09220886230469, 0.0]
alpha/beta optimization time: 0.1493542194366455
pruning_in_iteration open status: False
ratio of positive domain = 0 / 128 = 0.0
pruning-in-iteration extra time: 5.53131103515625e-05
Time: pickout 0.0012    branching_decision 0.0001    decision 0.0001    set_bounds 0.0084    prepare 0.0015    transfer 0.0000    finalize 0.0064    func 0.1628    
Accumulated time: bab_iteration 0.0000    pickout 0.0012    decision 0.0001    branching_decision 0.0001    set_bounds 0.0084    solve 0.0000    func 0.1628    prepare 0.0015    transfer 0.0000    finalize 0.0064    
max lb -0.06730532646179199 min lb -0.17926335334777832
Number of Verified Splits: 0 of 128
Current worst splitting domains lb-rhs (depth):
-0.17926 (7), -0.17926 (7), -0.17926 (7), -0.17926 (7), -0.17926 (7), -0.17926 (7), -0.17926 (7), -0.17926 (7), -0.17842 (7), -0.17842 (7), -0.17842 (7), -0.17842 (7), -0.17842 (7), -0.17842 (7), -0.17842 (7), -0.17842 (7), -0.17468 (7), -0.17468 (7), -0.17468 (7), -0.17468 (7), 
Current (lb-rhs): -0.17926335334777832
128 domains visited
Length of domains: 128
Cumulative time: 0.21306371688842773

BaB round 2
batch: 128
splitting decisions: 
split level 0: [/input-8, 7678] [/input-8, 9288] [/input-8, 5475] [/input-8, 12464] [/input-8, 12247] [/input-8, 8393] [/input-8, 11786] [/input, 3619] [/input-8, 9975] [/input, 3476] 
best_l after optimization: -19.94957160949707
beta sum per layer: [7.792268753051758, 311.8218688964844, 0.0]
alpha/beta optimization time: 1.9947075843811035
pruning_in_iteration open status: True
ratio of positive domain = 134 / 256 = 0.5234375
pruning-in-iteration extra time: 0.0014870166778564453
Time: pickout 0.0105    branching_decision 0.0001    decision 0.0001    set_bounds 0.0055    prepare 0.0053    transfer 0.0000    finalize 0.0048    func 2.0099    solve 0.1628    add 0.0089    bab_iteration 0.1816    
Accumulated time: bab_iteration 0.1816    pickout 0.0117    decision 0.0002    branching_decision 0.0002    set_bounds 0.0139    solve 0.1628    func 2.1727    prepare 0.0068    transfer 0.0001    finalize 0.0112    add 0.0089    
max lb 0.002521038055419922 min lb -0.17924928665161133
Number of Verified Splits: 134 of 256
Current worst splitting domains lb-rhs (depth):
-0.17925 (8), -0.17925 (8), -0.17925 (8), -0.17925 (8), -0.17925 (8), -0.17925 (8), -0.17925 (8), -0.17925 (8), -0.17922 (8), -0.17905 (8), -0.17895 (8), -0.17840 (8), -0.17840 (8), -0.17840 (8), -0.17840 (8), -0.17840 (8), -0.17840 (8), -0.17840 (8), -0.17840 (8), -0.17840 (8), 
Current (lb-rhs): -0.17924928665161133
384 domains visited
Length of domains: 122
Cumulative time: 2.240823268890381

BaB round 3
batch: 122
splitting decisions: 
split level 0: [/input-8, 12010] [/input, 1524] [/input-8, 9543] [/input-8, 5465] [/input-8, 9031] [/input-8, 8445] [/input-8, 6670] [/input-8, 631] [/input, 3716] [/input-8, 6281] 
best_l after optimization: -33.993370056152344
beta sum per layer: [15.625528335571289, 177.91551208496094, 0.0]
alpha/beta optimization time: 0.1449282169342041
pruning_in_iteration open status: False
ratio of positive domain = 18 / 244 = 0.07377049180327866
pruning-in-iteration extra time: 6.651878356933594e-05
Time: pickout 0.0121    branching_decision 0.0001    decision 0.0001    set_bounds 0.0052    prepare 0.0050    transfer 0.0000    finalize 0.0121    func 0.1677    solve 2.0100    add 0.0015    bab_iteration 2.0278    
Accumulated time: bab_iteration 2.2093    pickout 0.0237    decision 0.0003    branching_decision 0.0003    set_bounds 0.0191    solve 2.1728    func 2.3404    prepare 0.0118    transfer 0.0001    finalize 0.0232    add 0.0105    
max lb 0.05721592903137207 min lb -0.17923998832702637
Number of Verified Splits: 18 of 244
Current worst splitting domains lb-rhs (depth):
-0.17924 (9), -0.17924 (9), -0.17924 (9), -0.17921 (9), -0.17921 (9), -0.17905 (9), -0.17905 (9), -0.17905 (9), -0.17890 (9), -0.17890 (9), -0.17876 (9), -0.17875 (9), -0.17857 (9), -0.17840 (9), -0.17840 (9), -0.17840 (9), -0.17840 (9), -0.17840 (9), -0.17840 (9), -0.17840 (9), 
Current (lb-rhs): -0.17923998832702637
628 domains visited
Length of domains: 226
Cumulative time: 2.428837537765503

BaB round 4
batch: 226
splitting decisions: 
split level 0: [/input-8, 8404] [/input-8, 6375] [/input-8, 9867] [/input-8, 7174] [/input-8, 4099] [/input-8, 3858] [/input-8, 5254] [/input-8, 8698] [/input-8, 11771] [/input, 5267] 
best_l after optimization: -59.606544494628906
beta sum per layer: [50.11376190185547, 391.1482238769531, 0.0]
alpha/beta optimization time: 0.15623211860656738
pruning_in_iteration open status: False
ratio of positive domain = 43 / 452 = 0.09513274336283184
pruning-in-iteration extra time: 6.151199340820312e-05
Time: pickout 0.0185    branching_decision 0.0001    decision 0.0001    set_bounds 0.0119    prepare 0.0093    transfer 0.0000    finalize 0.0203    func 0.1928    solve 0.1677    add 0.0027    bab_iteration 0.1880    
Accumulated time: bab_iteration 2.3973    pickout 0.0422    decision 0.0005    branching_decision 0.0004    set_bounds 0.0310    solve 2.3405    func 2.5332    prepare 0.0211    transfer 0.0002    finalize 0.0435    add 0.0132    
max lb 0.10082840919494629 min lb -0.17923307418823242
Number of Verified Splits: 43 of 452
Current worst splitting domains lb-rhs (depth):
-0.17923 (10), -0.17921 (10), -0.17921 (10), -0.17912 (10), -0.17905 (10), -0.17903 (10), -0.17889 (10), -0.17885 (10), -0.17885 (10), -0.17885 (10), -0.17876 (10), -0.17872 (10), -0.17840 (10), -0.17840 (10), -0.17840 (10), -0.17840 (10), -0.17840 (10), -0.17840 (10), -0.17837 (10), -0.17826 (10), 
Current (lb-rhs): -0.17923307418823242
1080 domains visited
Length of domains: 409
Cumulative time: 2.6581661701202393

BaB round 5
batch: 409
splitting decisions: 
split level 0: [/input-8, 7860] [/input, 3670] [/input, 3218] [/input-8, 7040] [/input-8, 9209] [/input-8, 3390] [/input, 4778] [/input-8, 8540] [/input-8, 5455] [/input-8, 9913] 
best_l after optimization: -102.6141357421875
beta sum per layer: [136.7940673828125, 805.8990478515625, 0.0]
alpha/beta optimization time: 0.19718670845031738
pruning_in_iteration open status: False
ratio of positive domain = 73 / 818 = 0.08924205378973105
pruning-in-iteration extra time: 5.3882598876953125e-05
Time: pickout 0.0334    branching_decision 0.0002    decision 0.0002    set_bounds 0.0181    prepare 0.0166    transfer 0.0001    finalize 0.0405    func 0.2646    solve 0.1929    add 0.0045    bab_iteration 0.2293    
Accumulated time: bab_iteration 2.6267    pickout 0.0756    decision 0.0006    branching_decision 0.0005    set_bounds 0.0491    solve 2.5334    func 2.7978    prepare 0.0377    transfer 0.0003    finalize 0.0840    add 0.0177    
max lb 0.09548354148864746 min lb -0.1792290210723877
Number of Verified Splits: 73 of 818
Current worst splitting domains lb-rhs (depth):
-0.17923 (11), -0.17920 (11), -0.17912 (11), -0.17905 (11), -0.17902 (11), -0.17902 (11), -0.17889 (11), -0.17883 (11), -0.17883 (11), -0.17877 (11), -0.17873 (11), -0.17869 (11), -0.17866 (11), -0.17862 (11), -0.17848 (11), -0.17840 (11), -0.17840 (11), -0.17840 (11), -0.17840 (11), -0.17838 (11), 
Current (lb-rhs): -0.1792290210723877
1898 domains visited
Length of domains: 745
Cumulative time: 2.982321262359619

BaB round 6
batch: 745
splitting decisions: 
split level 0: [/input, 5706] [/input-8, 9056] [/input-8, 8377] [/input, 354] [/input, 6115] [/input-8, 2978] [/input-8, 9701] [/input-8, 4895] [/input-8, 236] [/input, 3531] 
best_l after optimization: -172.5063934326172
beta sum per layer: [317.8770446777344, 1696.560546875, 0.0]
alpha/beta optimization time: 0.37238192558288574
pruning_in_iteration open status: False
ratio of positive domain = 162 / 1490 = 0.10872483221476514
pruning-in-iteration extra time: 6.031990051269531e-05
Time: pickout 0.0592    branching_decision 0.0002    decision 0.0003    set_bounds 0.0328    prepare 0.0306    transfer 0.0000    finalize 0.0696    func 0.4888    solve 0.2646    add 0.0077    bab_iteration 0.3241    
Accumulated time: bab_iteration 2.9508    pickout 0.1347    decision 0.0009    branching_decision 0.0008    set_bounds 0.0819    solve 2.7980    func 3.2866    prepare 0.0683    transfer 0.0003    finalize 0.1536    add 0.0254    
max lb 0.11728954315185547 min lb -0.17920470237731934
Number of Verified Splits: 162 of 1490
Current worst splitting domains lb-rhs (depth):
-0.17920 (12), -0.17912 (12), -0.17912 (12), -0.17905 (12), -0.17902 (12), -0.17902 (12), -0.17902 (12), -0.17894 (12), -0.17889 (12), -0.17889 (12), -0.17882 (12), -0.17882 (12), -0.17875 (12), -0.17872 (12), -0.17868 (12), -0.17863 (12), -0.17861 (12), -0.17861 (12), -0.17840 (12), -0.17840 (12), 
Current (lb-rhs): -0.17920470237731934
3388 domains visited
Length of domains: 1328
Cumulative time: 3.578165054321289

BaB round 7
batch: 1328
splitting decisions: 
split level 0: [/input-8, 8366] [/input-8, 7275] [/input, 5034] [/input-8, 7543] [/input, 4813] [/input-8, 4990] [/input-8, 8300] [/input-8, 3584] [/input-8, 8492] [/input, 4932] 
best_l after optimization: -294.8211364746094
beta sum per layer: [695.1544189453125, 3394.43115234375, 0.8934227228164673]
alpha/beta optimization time: 0.6986184120178223
pruning_in_iteration open status: False
ratio of positive domain = 316 / 2656 = 0.11897590361445787
pruning-in-iteration extra time: 7.486343383789062e-05
Time: pickout 0.1066    branching_decision 0.0004    decision 0.0004    set_bounds 0.0581    prepare 0.0588    transfer 0.0000    finalize 0.1131    func 0.8957    solve 0.4888    add 0.0144    bab_iteration 0.5958    
Accumulated time: bab_iteration 3.5467    pickout 0.2413    decision 0.0013    branching_decision 0.0012    set_bounds 0.1400    solve 3.2869    func 4.1823    prepare 0.1270    transfer 0.0004    finalize 0.2668    add 0.0398    
max lb 0.7180306911468506 min lb -0.17920470237731934
Number of Verified Splits: 316 of 2656
Current worst splitting domains lb-rhs (depth):
-0.17920 (13), -0.17920 (13), -0.17912 (13), -0.17912 (13), -0.17905 (13), -0.17905 (13), -0.17902 (13), -0.17902 (13), -0.17902 (13), -0.17899 (13), -0.17894 (13), -0.17893 (13), -0.17889 (13), -0.17889 (13), -0.17877 (13), -0.17877 (13), -0.17873 (13), -0.17868 (13), -0.17867 (13), -0.17867 (13), 
Current (lb-rhs): -0.17920470237731934
6044 domains visited
Length of domains: 2340
Cumulative time: 4.660722732543945

BaB round 8
batch: 2048
splitting decisions: 
split level 0: [/input-8, 8190] [/input, 4869] [/input-8, 12156] [/input-8, 12411] [/input-8, 3610] [/input-8, 9832] [/input-8, 6951] [/input-8, 7473] [/input-8, 8417] [/input-8, 12511] 
best_l after optimization: -435.5697021484375
beta sum per layer: [1283.6778564453125, 5712.58740234375, 0.99910968542099]
alpha/beta optimization time: 1.0972473621368408
pruning_in_iteration open status: False
ratio of positive domain = 484 / 4096 = 0.1181640625
pruning-in-iteration extra time: 9.870529174804688e-05
Time: pickout 0.1629    branching_decision 0.0006    decision 0.0006    set_bounds 0.2274    prepare 0.0919    transfer 0.0001    finalize 0.1730    func 1.4000    solve 0.8958    add 0.0205    bab_iteration 1.0826    
Accumulated time: bab_iteration 4.6292    pickout 0.4042    decision 0.0019    branching_decision 0.0018    set_bounds 0.3674    solve 4.1827    func 5.5824    prepare 0.2189    transfer 0.0004    finalize 0.4398    add 0.0603    
max lb 0.9458482265472412 min lb -0.17920470237731934
Number of Verified Splits: 488 of 4096
Current worst splitting domains lb-rhs (depth):
-0.17920 (14), -0.17920 (13), -0.17912 (14), -0.17905 (14), -0.17903 (14), -0.17902 (13), -0.17902 (14), -0.17899 (14), -0.17897 (14), -0.17894 (14), -0.17893 (13), -0.17886 (14), -0.17886 (14), -0.17876 (14), -0.17876 (14), -0.17876 (14), -0.17875 (14), -0.17870 (14), -0.17867 (14), -0.17867 (14), 
Current (lb-rhs): -0.17920470237731934
10140 domains visited
Length of domains: 3900
current_vram/total_varm: 13.2GB/47.7GB, batch_size increase to 4096
Cumulative time: 6.52373743057251

BaB round 9
batch: 3900
splitting decisions: 
split level 0: [/input, 5213] [/input-8, 7735] [/input-8, 12137] [/input, 3118] [/input-8, 8785] [/input-8, 8125] [/input, 325] [/input-8, 9766] [/input, 4853] [/input, 5841] 
best_l after optimization: -811.3818969726562
beta sum per layer: [2773.375, 11203.4384765625, 2.3810231685638428]
alpha/beta optimization time: 2.0727450847625732
pruning_in_iteration open status: False
ratio of positive domain = 906 / 7800 = 0.11615384615384616
pruning-in-iteration extra time: 7.152557373046875e-05
Time: pickout 0.3149    branching_decision 0.0010    decision 0.0010    set_bounds 0.3559    prepare 0.1815    transfer 0.0001    finalize 0.3490    func 2.6733    solve 1.4001    add 0.0702    bab_iteration 1.8630    
Accumulated time: bab_iteration 6.4922    pickout 0.7191    decision 0.0029    branching_decision 0.0028    set_bounds 0.7233    solve 5.5828    func 8.2557    prepare 0.4004    transfer 0.0005    finalize 0.7888    add 0.1305    
max lb 0.716810941696167 min lb -0.17920470237731934
Number of Verified Splits: 912 of 7800
Current worst splitting domains lb-rhs (depth):
-0.17920 (14), -0.17920 (14), -0.17920 (15), -0.17905 (15), -0.17903 (15), -0.17903 (15), -0.17902 (15), -0.17902 (14), -0.17897 (15), -0.17894 (15), -0.17893 (14), -0.17889 (15), -0.17886 (15), -0.17886 (15), -0.17884 (15), -0.17873 (15), -0.17873 (15), -0.17873 (15), -0.17873 (15), -0.17867 (15), 
Current (lb-rhs): -0.17920470237731934
17940 domains visited
Length of domains: 6888
Cumulative time: 9.927852869033813

BaB round 10
batch: 4096
splitting decisions: 
split level 0: [/input-8, 6621] [/input, 3243] [/input, 287] [/input, 5809] [/input-8, 6887] [/input, 3472] [/input-8, 7042] [/input, 3787] [/input-8, 5379] [/input-8, 8685] 
best_l after optimization: -784.4379272460938
beta sum per layer: [3350.06103515625, 12952.498046875, 3.5866260528564453]
alpha/beta optimization time: 2.1737329959869385
pruning_in_iteration open status: False
ratio of positive domain = 1098 / 8192 = 0.134033203125
pruning-in-iteration extra time: 8.749961853027344e-05
Time: pickout 0.3303    branching_decision 0.0010    decision 0.0010    set_bounds 0.3726    prepare 0.1852    transfer 0.0001    finalize 0.3590    func 2.7881    solve 2.6734    add 0.0562    bab_iteration 3.4041    
Accumulated time: bab_iteration 9.8963    pickout 1.0494    decision 0.0040    branching_decision 0.0038    set_bounds 1.0959    solve 8.2562    func 11.0438    prepare 0.5856    transfer 0.0006    finalize 1.1479    add 0.1867    
max lb 1.0978004932403564 min lb -0.17920470237731934
Number of Verified Splits: 1102 of 8192
Current worst splitting domains lb-rhs (depth):
-0.17920 (15), -0.17920 (14), -0.17920 (15), -0.17905 (16), -0.17903 (15), -0.17902 (16), -0.17902 (16), -0.17902 (14), -0.17897 (15), -0.17893 (14), -0.17892 (16), -0.17886 (16), -0.17886 (15), -0.17884 (15), -0.17882 (16), -0.17873 (15), -0.17873 (15), -0.17871 (16), -0.17871 (16), -0.17867 (15), 
Current (lb-rhs): -0.17920470237731934
26132 domains visited
Length of domains: 9882
Cumulative time: 13.492966890335083

BaB round 11
batch: 4096
splitting decisions: 
split level 0: [/input-8, 8290] [/input, 4727] [/input-8, 6198] [/input-8, 8411] [/input-8, 5243] [/input-8, 7898] [/input, 3445] [/input, 3729] [/input-8, 5238] [/input-8, 3837] 
best_l after optimization: -747.6439208984375
beta sum per layer: [3755.10205078125, 13766.259765625, 3.433203935623169]
alpha/beta optimization time: 2.1694071292877197
pruning_in_iteration open status: False
ratio of positive domain = 1020 / 8192 = 0.12451171875
pruning-in-iteration extra time: 6.341934204101562e-05
Time: pickout 0.3346    branching_decision 0.0010    decision 0.0010    set_bounds 0.3861    prepare 0.1875    transfer 0.0001    finalize 0.3671    func 2.7949    solve 2.7882    add 0.0700    bab_iteration 3.5651    
Accumulated time: bab_iteration 13.4614    pickout 1.3840    decision 0.0050    branching_decision 0.0048    set_bounds 1.4820    solve 11.0444    func 13.8388    prepare 0.7731    transfer 0.0006    finalize 1.5150    add 0.2567    
max lb 0.9357266426086426 min lb -0.17902255058288574
Number of Verified Splits: 1024 of 8192
Current worst splitting domains lb-rhs (depth):
-0.17920 (14), -0.17920 (15), -0.17920 (15), -0.17905 (16), -0.17903 (15), -0.17902 (17), -0.17902 (16), -0.17902 (14), -0.17897 (15), -0.17893 (14), -0.17892 (16), -0.17886 (17), -0.17886 (17), -0.17886 (15), -0.17884 (15), -0.17882 (16), -0.17873 (15), -0.17873 (15), -0.17871 (17), -0.17871 (17), 
Current (lb-rhs): -0.17920470237731934
34324 domains visited
Length of domains: 12954
Cumulative time: 17.068461656570435

BaB round 12
batch: 4096
splitting decisions: 
split level 0: [/input-8, 9022] [/input, 3272] [/input, 5408] [/input, 5128] [/input-8, 7210] [/input-8, 6471] [/input-8, 5321] [/input-8, 5091] [/input, 5845] [/input-8, 7847] 
best_l after optimization: -704.28466796875
beta sum per layer: [4169.6064453125, 14776.0234375, 3.699747085571289]
alpha/beta optimization time: 2.1683621406555176
pruning_in_iteration open status: False
ratio of positive domain = 1126 / 8192 = 0.137451171875
pruning-in-iteration extra time: 5.7220458984375e-05
Time: pickout 0.3388    branching_decision 0.0010    decision 0.0010    set_bounds 0.3629    prepare 0.1888    transfer 0.0001    finalize 0.3580    func 2.7844    solve 2.7950    add 0.0555    bab_iteration 3.5755    
Accumulated time: bab_iteration 17.0369    pickout 1.7227    decision 0.0060    branching_decision 0.0058    set_bounds 1.8449    solve 13.8394    func 16.6231    prepare 0.9619    transfer 0.0007    finalize 1.8730    add 0.3122    
max lb 0.4404313564300537 min lb -0.17885589599609375
Number of Verified Splits: 1136 of 8192
Current worst splitting domains lb-rhs (depth):
-0.17920 (15), -0.17920 (15), -0.17920 (14), -0.17905 (16), -0.17903 (15), -0.17902 (17), -0.17902 (16), -0.17902 (14), -0.17897 (15), -0.17893 (14), -0.17892 (16), -0.17886 (18), -0.17886 (18), -0.17886 (15), -0.17886 (17), -0.17884 (15), -0.17882 (16), -0.17873 (15), -0.17873 (15), -0.17871 (16), 
Current (lb-rhs): -0.17920470237731934
42516 domains visited
Length of domains: 15914
Cumulative time: 20.613693237304688

BaB round 13
batch: 4096
splitting decisions: 
split level 0: [/input-8, 6699] [/input, 3755] [/input, 3634] [/input-8, 7333] [/input-8, 7956] [/input, 5083] [/input-8, 9010] [/input, 3608] [/input-8, 6546] [/input-8, 8338] 
best_l after optimization: -672.168212890625
beta sum per layer: [4638.642578125, 15434.337890625, 4.04697847366333]
alpha/beta optimization time: 2.168760299682617
pruning_in_iteration open status: False
ratio of positive domain = 1032 / 8192 = 0.1259765625
pruning-in-iteration extra time: 5.53131103515625e-05
Time: pickout 0.3446    branching_decision 0.0010    decision 0.0010    set_bounds 0.3847    prepare 0.1871    transfer 0.0001    finalize 0.3670    func 2.7915    solve 2.7844    add 0.0547    bab_iteration 3.5452    
Accumulated time: bab_iteration 20.5822    pickout 2.0673    decision 0.0070    branching_decision 0.0067    set_bounds 2.2296    solve 16.6238    func 19.4146    prepare 1.1490    transfer 0.0008    finalize 2.2401    add 0.3669    
max lb 0.7580409049987793 min lb -0.17885589599609375
Number of Verified Splits: 1036 of 8192
Current worst splitting domains lb-rhs (depth):
-0.17920 (15), -0.17920 (15), -0.17920 (14), -0.17905 (16), -0.17903 (15), -0.17902 (17), -0.17902 (16), -0.17902 (14), -0.17897 (15), -0.17893 (14), -0.17892 (16), -0.17886 (15), -0.17886 (18), -0.17886 (19), -0.17886 (17), -0.17884 (15), -0.17882 (16), -0.17873 (15), -0.17873 (15), -0.17871 (17), 
Current (lb-rhs): -0.17920470237731934
50708 domains visited
Length of domains: 18974
Cumulative time: 24.237540245056152

BaB round 14
batch: 4096
splitting decisions: 
split level 0: [/input-8, 8868] [/input-8, 5006] [/input-8, 3700] [/input-8, 7961] [/input, 3323] [/input-8, 12237] [/input-8, 12108] [/input-8, 12386] [/input-8, 3498] [/input-8, 8906] 
best_l after optimization: -619.4053955078125
beta sum per layer: [5065.8818359375, 16536.806640625, 5.9108567237854]
alpha/beta optimization time: 2.1699821949005127
pruning_in_iteration open status: False
ratio of positive domain = 1155 / 8192 = 0.1409912109375
pruning-in-iteration extra time: 7.677078247070312e-05
Time: pickout 0.3463    branching_decision 0.0010    decision 0.0010    set_bounds 0.4040    prepare 0.1899    transfer 0.0001    finalize 0.3618    func 2.7915    solve 2.7915    add 0.0985    bab_iteration 3.6238    
Accumulated time: bab_iteration 24.2060    pickout 2.4136    decision 0.0080    branching_decision 0.0077    set_bounds 2.6336    solve 19.4153    func 22.2061    prepare 1.3389    transfer 0.0008    finalize 2.6018    add 0.4653    
max lb 1.0370090007781982 min lb -0.1775498390197754
Number of Verified Splits: 1160 of 8192
Current worst splitting domains lb-rhs (depth):
-0.17920 (14), -0.17920 (15), -0.17920 (15), -0.17905 (16), -0.17903 (15), -0.17902 (17), -0.17902 (16), -0.17902 (14), -0.17897 (15), -0.17893 (14), -0.17892 (16), -0.17886 (18), -0.17886 (19), -0.17886 (17), -0.17886 (15), -0.17884 (15), -0.17882 (16), -0.17873 (15), -0.17873 (15), -0.17871 (17), 
Current (lb-rhs): -0.17920470237731934
58900 domains visited
Length of domains: 21910
Cumulative time: 27.838784217834473

BaB round 15
batch: 4096
splitting decisions: 
split level 0: [/input-8, 8756] [/input, 3703] [/input-8, 6939] [/input, 4732] [/input-8, 5395] [/input-8, 9563] [/input-8, 6314] [/input-8, 5368] [/input, 3551] [/input, 5463] 
best_l after optimization: -583.0703125
beta sum per layer: [5539.0517578125, 17584.48046875, 5.442661285400391]
alpha/beta optimization time: 2.170121192932129
pruning_in_iteration open status: False
ratio of positive domain = 1190 / 8192 = 0.145263671875
pruning-in-iteration extra time: 6.556510925292969e-05
Time: pickout 0.3511    branching_decision 0.0010    decision 0.0010    set_bounds 0.1827    prepare 0.1903    transfer 0.0001    finalize 0.6346    func 3.0635    solve 2.7916    add 0.0543    bab_iteration 3.6012    
Accumulated time: bab_iteration 27.8072    pickout 2.7647    decision 0.0090    branching_decision 0.0087    set_bounds 2.8163    solve 22.2069    func 25.2696    prepare 1.5292    transfer 0.0009    finalize 3.2364    add 0.5196    
max lb 1.0338637828826904 min lb -0.17754673957824707
Number of Verified Splits: 1202 of 8192
Current worst splitting domains lb-rhs (depth):
-0.17920 (15), -0.17920 (14), -0.17920 (15), -0.17905 (16), -0.17903 (15), -0.17902 (17), -0.17902 (16), -0.17902 (14), -0.17897 (15), -0.17893 (14), -0.17892 (16), -0.17886 (18), -0.17886 (15), -0.17886 (19), -0.17886 (17), -0.17884 (15), -0.17882 (16), -0.17873 (15), -0.17873 (15), -0.17871 (19), 
Current (lb-rhs): -0.17920470237731934
67092 domains visited
Length of domains: 24804
Cumulative time: 31.494911670684814

BaB round 16
batch: 4096
splitting decisions: 
split level 0: [/input-8, 7855] [/input, 4732] [/input-8, 4760] [/input-8, 8032] [/input, 3227] [/input-8, 5349] [/input-8, 3757] [/input-8, 6783] [/input-8, 3448] [/input-8, 10088] 
best_l after optimization: -556.3637084960938
beta sum per layer: [6070.3203125, 18368.95703125, 9.752660751342773]
alpha/beta optimization time: 2.1700282096862793
pruning_in_iteration open status: False
ratio of positive domain = 1201 / 8192 = 0.1466064453125
pruning-in-iteration extra time: 8.320808410644531e-05
Time: pickout 0.3541    branching_decision 0.0010    decision 0.0010    set_bounds 0.1831    prepare 0.1879    transfer 0.0001    finalize 0.3643    func 2.7918    solve 3.0635    add 0.0538    bab_iteration 3.6561    
Accumulated time: bab_iteration 31.4634    pickout 3.1188    decision 0.0101    branching_decision 0.0097    set_bounds 2.9994    solve 25.2704    func 28.0614    prepare 1.7171    transfer 0.0010    finalize 3.6007    add 0.5734    
max lb 0.8871569633483887 min lb -0.17754483222961426
Number of Verified Splits: 1208 of 8192
Current worst splitting domains lb-rhs (depth):
-0.17920 (14), -0.17920 (15), -0.17920 (15), -0.17905 (16), -0.17903 (15), -0.17902 (17), -0.17902 (16), -0.17902 (14), -0.17897 (15), -0.17893 (14), -0.17892 (16), -0.17886 (18), -0.17886 (19), -0.17886 (17), -0.17886 (15), -0.17884 (15), -0.17882 (16), -0.17873 (15), -0.17873 (15), -0.17871 (19), 
Current (lb-rhs): -0.17920470237731934
75284 domains visited
Length of domains: 27692
Cumulative time: 34.88311743736267

BaB round 17
batch: 4096
splitting decisions: 
split level 0: [/input-8, 6340] [/input-8, 6741] [/input-8, 6605] [/input-8, 3419] [/input-8, 7312] [/input-8, 7114] [/input, 4774] [/input-8, 7762] [/input, 4715] [/input-8, 12181] 
best_l after optimization: -527.1346435546875
beta sum per layer: [6538.197265625, 18989.96484375, 9.778973579406738]
alpha/beta optimization time: 2.169543743133545
pruning_in_iteration open status: False
ratio of positive domain = 1170 / 8192 = 0.142822265625
pruning-in-iteration extra time: 6.723403930664062e-05
Time: pickout 0.6250    branching_decision 0.0011    decision 0.0011    set_bounds 0.1841    prepare 0.1893    transfer 0.0001    finalize 0.3632    func 2.7909    solve 2.7919    add 0.0537    bab_iteration 3.3882    
Accumulated time: bab_iteration 34.8515    pickout 3.7438    decision 0.0111    branching_decision 0.0108    set_bounds 3.1835    solve 28.0623    func 30.8523    prepare 1.9063    transfer 0.0011    finalize 3.9640    add 0.6271    
max lb 0.9928336143493652 min lb -0.17754554748535156
Number of Verified Splits: 1192 of 8192
Current worst splitting domains lb-rhs (depth):
-0.17920 (14), -0.17920 (15), -0.17920 (15), -0.17905 (16), -0.17903 (15), -0.17902 (16), -0.17902 (17), -0.17902 (14), -0.17897 (15), -0.17893 (14), -0.17892 (16), -0.17886 (15), -0.17886 (17), -0.17886 (19), -0.17886 (18), -0.17884 (15), -0.17882 (16), -0.17873 (15), -0.17873 (15), -0.17871 (17), 
Current (lb-rhs): -0.17920470237731934
83476 domains visited
Length of domains: 30596
Cumulative time: 38.54468894004822

BaB round 18
batch: 4096
splitting decisions: 
split level 0: [/input-8, 8739] [/input-8, 7514] [/input-8, 12386] [/input-8, 5308] [/input-8, 8696] [/input-8, 9604] [/input-8, 11895] [/input-8, 12257] [/input, 4930] [/input-8, 7621] 
best_l after optimization: -497.7080078125
beta sum per layer: [6912.1064453125, 19600.572265625, 9.799196243286133]
alpha/beta optimization time: 2.169400215148926
pruning_in_iteration open status: False
ratio of positive domain = 1233 / 8192 = 0.1505126953125
pruning-in-iteration extra time: 6.175041198730469e-05
Time: pickout 0.3560    branching_decision 0.0010    decision 0.0010    set_bounds 0.4823    prepare 0.1896    transfer 0.0001    finalize 0.3632    func 2.7902    solve 2.7909    add 0.0556    bab_iteration 3.6616    
Accumulated time: bab_iteration 38.5131    pickout 4.0998    decision 0.0121    branching_decision 0.0118    set_bounds 3.6658    solve 30.8532    func 33.6425    prepare 2.0959    transfer 0.0012    finalize 4.3271    add 0.6827    
max lb 0.8808703422546387 min lb -0.17754554748535156
Number of Verified Splits: 1239 of 8192
Current worst splitting domains lb-rhs (depth):
-0.17920 (15), -0.17920 (14), -0.17920 (15), -0.17905 (16), -0.17903 (15), -0.17902 (16), -0.17902 (17), -0.17902 (14), -0.17897 (15), -0.17893 (14), -0.17892 (16), -0.17886 (19), -0.17886 (18), -0.17886 (15), -0.17886 (17), -0.17884 (15), -0.17882 (16), -0.17873 (15), -0.17873 (15), -0.17871 (19), 
Current (lb-rhs): -0.17920470237731934
91668 domains visited
Length of domains: 33453
Cumulative time: 42.32464075088501

BaB round 19
batch: 4096
splitting decisions: 
split level 0: [/input, 3746] [/input-8, 3354] [/input-8, 6273] [/input, 3521] [/input, 5397] [/input-8, 6115] [/input-8, 9454] [/input, 4779] [/input-8, 12082] [/input-8, 3600] 
best_l after optimization: -471.2333984375
beta sum per layer: [7385.3779296875, 20032.021484375, 10.661688804626465]
alpha/beta optimization time: 2.168442726135254
pruning_in_iteration open status: False
ratio of positive domain = 1275 / 8192 = 0.1556396484375
pruning-in-iteration extra time: 5.936622619628906e-05
Time: pickout 0.3563    branching_decision 0.0010    decision 0.0010    set_bounds 0.1832    prepare 0.1910    transfer 0.0001    finalize 0.3599    func 2.7883    solve 2.7902    add 0.1456    bab_iteration 3.7799    
Accumulated time: bab_iteration 42.2931    pickout 4.4561    decision 0.0132    branching_decision 0.0128    set_bounds 3.8490    solve 33.6435    func 36.4308    prepare 2.2869    transfer 0.0013    finalize 4.6870    add 0.8283    
max lb 0.9186437129974365 min lb -0.17708587646484375
Number of Verified Splits: 1284 of 8192
Current worst splitting domains lb-rhs (depth):
-0.17920 (15), -0.17920 (14), -0.17920 (15), -0.17905 (16), -0.17903 (15), -0.17902 (17), -0.17902 (16), -0.17902 (14), -0.17897 (15), -0.17893 (14), -0.17892 (16), -0.17886 (17), -0.17886 (15), -0.17886 (19), -0.17886 (18), -0.17884 (15), -0.17882 (16), -0.17873 (15), -0.17873 (15), -0.17871 (19), 
Current (lb-rhs): -0.17920470237731934
99860 domains visited
Length of domains: 36265
Cumulative time: 45.71273875236511

BaB round 20
batch: 4096
splitting decisions: 
split level 0: [/input, 3307] [/input, 4713] [/input, 5315] [/input, 3231] [/input, 3253] [/input-8, 3745] [/input-8, 5228] [/input-8, 3605] [/input-8, 3558] [/input-8, 9024] 
best_l after optimization: -457.6211242675781
beta sum per layer: [7743.1708984375, 20510.03125, 11.875614166259766]
alpha/beta optimization time: 2.1696279048919678
pruning_in_iteration open status: False
ratio of positive domain = 1255 / 8192 = 0.1531982421875
pruning-in-iteration extra time: 5.6743621826171875e-05
Time: pickout 0.6812    branching_decision 0.0010    decision 0.0010    set_bounds 0.1839    prepare 0.1888    transfer 0.0001    finalize 0.3611    func 2.7878    solve 2.7883    add 0.0542    bab_iteration 3.3881    
Accumulated time: bab_iteration 45.6812    pickout 5.1373    decision 0.0142    branching_decision 0.0138    set_bounds 4.0329    solve 36.4318    func 39.2186    prepare 2.4757    transfer 0.0013    finalize 5.0481    add 0.8825    
max lb 0.9356467723846436 min lb -0.17603564262390137
Number of Verified Splits: 1262 of 8192
Current worst splitting domains lb-rhs (depth):
-0.17920 (15), -0.17920 (15), -0.17920 (14), -0.17905 (16), -0.17903 (15), -0.17902 (16), -0.17902 (17), -0.17902 (14), -0.17897 (15), -0.17893 (14), -0.17892 (16), -0.17886 (18), -0.17886 (19), -0.17886 (17), -0.17886 (15), -0.17884 (15), -0.17882 (16), -0.17873 (15), -0.17873 (15), -0.17871 (16), 
Current (lb-rhs): -0.17920470237731934
108052 domains visited
Length of domains: 39099
Cumulative time: 49.42721438407898

BaB round 21
batch: 4096
splitting decisions: 
split level 0: [/input-8, 11789] [/input-8, 3314] [/input-8, 9570] [/input-8, 8901] [/input-8, 6782] [/input-8, 7593] [/input-8, 8408] [/input-8, 7746] [/input-8, 5704] [/input-8, 8611] 
best_l after optimization: -438.00115966796875
beta sum per layer: [8162.03125, 20982.796875, 12.446737289428711]
alpha/beta optimization time: 2.16868257522583
pruning_in_iteration open status: False
ratio of positive domain = 1295 / 8192 = 0.1580810546875
pruning-in-iteration extra time: 5.7220458984375e-05
Time: pickout 0.3605    branching_decision 0.0011    decision 0.0011    set_bounds 0.1856    prepare 0.1908    transfer 0.0001    finalize 0.7048    func 3.1320    solve 2.7878    add 0.0553    bab_iteration 3.7145    
Accumulated time: bab_iteration 49.3956    pickout 5.4978    decision 0.0153    branching_decision 0.0148    set_bounds 4.2185    solve 39.2196    func 42.3506    prepare 2.6666    transfer 0.0014    finalize 5.7529    add 0.9378    
max lb 0.608065128326416 min lb -0.1725311279296875
Number of Verified Splits: 1319 of 8192
Current worst splitting domains lb-rhs (depth):
-0.17920 (14), -0.17920 (15), -0.17920 (15), -0.17905 (16), -0.17903 (15), -0.17902 (17), -0.17902 (16), -0.17902 (14), -0.17897 (15), -0.17893 (14), -0.17892 (16), -0.17886 (18), -0.17886 (17), -0.17886 (19), -0.17886 (15), -0.17884 (15), -0.17882 (16), -0.17873 (15), -0.17873 (15), -0.17871 (16), 
Current (lb-rhs): -0.17920470237731934
116244 domains visited
Length of domains: 41876
Cumulative time: 53.19630432128906

BaB round 22
batch: 4096
splitting decisions: 
split level 0: [/input-8, 6406] [/input-8, 9339] [/input-8, 4750] [/input-8, 3197] [/input, 3775] [/input, 3288] [/input-8, 5190] [/input-8, 3270] [/input-8, 8929] [/input, 5357] 
best_l after optimization: -419.8277587890625
beta sum per layer: [8573.490234375, 21274.29296875, 13.246170997619629]
alpha/beta optimization time: 2.172201156616211
pruning_in_iteration open status: False
ratio of positive domain = 1287 / 8192 = 0.1571044921875
pruning-in-iteration extra time: 6.842613220214844e-05
Time: pickout 0.3704    branching_decision 0.0011    decision 0.0011    set_bounds 0.1837    prepare 0.1905    transfer 0.0002    finalize 0.3639    func 2.8014    solve 3.1321    add 0.0840    bab_iteration 3.7691    
Accumulated time: bab_iteration 53.1647    pickout 5.8682    decision 0.0164    branching_decision 0.0159    set_bounds 4.4021    solve 42.3517    func 45.1520    prepare 2.8571    transfer 0.0016    finalize 6.1169    add 1.0218    
max lb 0.9891541004180908 min lb -0.17223906517028809
Number of Verified Splits: 1303 of 8192
Current worst splitting domains lb-rhs (depth):
-0.17920 (15), -0.17920 (15), -0.17920 (14), -0.17905 (16), -0.17903 (15), -0.17902 (16), -0.17902 (17), -0.17902 (14), -0.17897 (15), -0.17893 (14), -0.17892 (16), -0.17886 (17), -0.17886 (19), -0.17886 (15), -0.17886 (18), -0.17884 (15), -0.17882 (16), -0.17873 (15), -0.17873 (15), -0.17871 (19), 
Current (lb-rhs): -0.17920470237731934
124436 domains visited
Length of domains: 44669
Time out!!!!!!!!
Result: unknown in 60.8763 seconds

 %%%%%%%%%%%%%%%%%%%%%%%%%%%%%%%%%%% idx: 1, vnnlib ID: 1 %%%%%%%%%%%%%%%%%%%%%%%%%%%%%%%%%%%
Finished vnnlib processing in 0.001773 seconds
Model: BoundedModule(
  (/input-1): BoundInput(name=/input-1, inputs=[], perturbed=True)
  (/shape): BoundBuffers(name=/shape, inputs=[], perturbed=False)
  (/12): BoundParams(name=/12, inputs=[], perturbed=False)
  (/13): BoundParams(name=/13, inputs=[], perturbed=False)
  (/14): BoundParams(name=/14, inputs=[], perturbed=False)
  (/15): BoundParams(name=/15, inputs=[], perturbed=False)
  (/16): BoundParams(name=/16, inputs=[], perturbed=False)
  (/17): BoundParams(name=/17, inputs=[], perturbed=False)
  (/18): BoundParams(name=/18, inputs=[], perturbed=False)
  (/19): BoundParams(name=/19, inputs=[], perturbed=False)
  (/20): BoundParams(name=/20, inputs=[], perturbed=False)
  (/21): BoundParams(name=/21, inputs=[], perturbed=False)
  (/input): BoundConv(name=/input, inputs=[/input-1, /12, /13], perturbed=True)
  (/input-4): BoundRelu(name=/input-4, inputs=[/input], perturbed=True)
  (/24): BoundConv(name=/24, inputs=[/input-4, /14, /15], perturbed=True)
  (/25): BoundConv(name=/25, inputs=[/input-4, /16, /17], perturbed=True)
  (/26): BoundAdd(name=/26, inputs=[/24, /25], perturbed=True)
  (/input-8): BoundConcat(name=/input-8, inputs=[/input, /26], perturbed=True)
  (/tensor): BoundRelu(name=/tensor, inputs=[/input-8], perturbed=True)
  (/30): BoundSplit(name=/30, inputs=[/tensor], perturbed=True)
  (/31): BoundSplit(name=/31, inputs=[/shape], perturbed=False)
  (/32): BoundSplit(name=/32, inputs=[/shape], perturbed=False)
  (/33): BoundConstant(name=/33, value=tensor([0], device='cuda:0'))
  (/34): BoundSqueeze(name=/34, inputs=[/31, /33], perturbed=False)
  (/35): BoundConstant(name=/35, value=tensor([0], device='cuda:0'))
  (/36): BoundSqueeze(name=/36, inputs=[/32, /35], perturbed=False)
  (/37): BoundConstant(name=/37, value=tensor([0], device='cuda:0'))
  (/38): BoundUnsqueeze(name=/38, inputs=[/34, /37], perturbed=False)
  (/39): BoundConstant(name=/39, value=tensor([0], device='cuda:0'))
  (/40): BoundUnsqueeze(name=/40, inputs=[/36, /39], perturbed=False)
  (/41): BoundConcat(name=/41, inputs=[/38, /40], perturbed=False)
  (/42): BoundReshape(name=/42, inputs=[/30, /41], perturbed=True)
  (/input-12): BoundLinear(name=/input-12, inputs=[/42, /18, /19], perturbed=True)
  (/44): BoundRelu(name=/44, inputs=[/input-12], perturbed=True)
  (/45): BoundLinear(name=/45, inputs=[/44, /20, /21], perturbed=True)
)
Original output in the first batch: tensor([[ 2.39697909, -3.40589261,  8.44154739,  1.25479317, -4.92703009,
          3.14737725,  4.14441681, -6.58302593,  1.36930418, -7.11728144]],
       device='cuda:0')
Split layers:
Nonlinear functions:
   BoundRelu(name=/input-4, inputs=[/input], perturbed=True)
   BoundRelu(name=/tensor, inputs=[/input-8], perturbed=True)
   BoundRelu(name=/44, inputs=[/input-12], perturbed=True)
build batch [1/1]
layer /input-4 using sparse-features alpha with shape [1446]; unstable size 1446; total size 6272 ([1, 8, 28, 28])
layer /input-4 start_node /input-12 using sparse-spec alpha [2, 11, 1, 1446] with unstable size 10 total_size 64 output_shape torch.Size([64])
layer /input-4 start_node /45 using full alpha [2, 9, 1, 1446] with unstable size None total_size 9 output_shape 9
layer /tensor using sparse-features alpha with shape [4684]; unstable size 4684; total size 12544 ([1, 16, 28, 28])
layer /tensor start_node /input-12 using sparse-spec alpha [2, 11, 1, 4684] with unstable size 10 total_size 64 output_shape torch.Size([64])
layer /tensor start_node /45 using full alpha [2, 9, 1, 4684] with unstable size None total_size 9 output_shape 9
layer /44 using sparse-features alpha with shape [10]; unstable size 10; total size 64 ([1, 64])
layer /44 start_node /45 using full alpha [2, 9, 1, 10] with unstable size None total_size 9 output_shape 9
Optimizable variables initialized.
initial CROWN bounds (first 10 items): [-1.6510961055755615, 4.786472320556641, 0.2806386947631836, 6.359018325805664, -2.708033323287964, -3.3865394592285156, 6.798508644104004, -0.33480405807495117, 6.877119064331055]
prune_after_crown optimization in use
  original spec size = torch.Size([1, 9])
  pruned spec size = torch.Size([1, 4])
Using alpha-CROWN to initialize bounds.
best_l after optimization: -6.843232154846191
alpha/beta optimization time: 1.3204238414764404
initial alpha-crown bounds (first 10 items): [-1.32863450050354, -2.438283920288086, -3.077517509460449, 0.001203775405883789]
Global lower bound: -3.077517509460449
6 / 9 OR specs are verified.
Verified OR indices (first 10 items): [1, 2, 3, 6, 7, 8]
Verified OR lbs (first 10 items): [[inf], [inf], [inf], [inf], [0.001203775405883789], [inf]]
Unverified OR indices (first 10 items): [0, 4, 5]
Unverified OR lbs (first 10 items): [[-1.32863450050354], [-2.438283920288086], [-3.077517509460449]]
###### Verifying property Instance 1 ######
Batch size: 3
First 10 spec matrices
C: tensor([[[-1.,  0.,  1.,  0.,  0.,  0.,  0.,  0.,  0.,  0.]],

        [[ 0.,  0.,  1.,  0.,  0., -1.,  0.,  0.,  0.,  0.]],

        [[ 0.,  0.,  1.,  0.,  0.,  0., -1.,  0.,  0.,  0.]]], device='cuda:0')
RHS: tensor([[0.],
        [0.],
        [0.]], device='cuda:0')
OR spec sizes: tensor([1, 1, 1], device='cuda:0', dtype=torch.int32)
Remaining timeout: 58.174240589141846
Model prediction is: tensor([ 2.39697909, -3.40589261,  8.44154739,  1.25479317, -4.92703009,
         3.14737725,  4.14441681, -6.58302593,  1.36930418, -7.11728144],
       device='cuda:0')
Activation BaB batch 1/1 
build_with_refined_bounds batch [1/1]
Optimizable variables initialized.
all alpha initialized
directly get lb and ub from refined bounds
c shape: torch.Size([3, 1, 10])
lA shapes: [torch.Size([3, 1, 8, 28, 28]), torch.Size([3, 1, 16, 28, 28]), torch.Size([3, 1, 64])]
(alpha-)CROWN with fixed intermediate bounds: tensor([[-1.32863450],
        [-2.43828392],
        [-3.07751751]], device='cuda:0') tensor([[inf],
        [inf],
        [inf]], device='cuda:0')
Intermediate layers: /input,/input-8,/input-12
Keeping alphas for these layers: ['/45']
Node /input-4 input 0: size torch.Size([8, 28, 28]) unstable 1446
Node /tensor input 0: size torch.Size([16, 28, 28]) unstable 4684
Node /44 input 0: size torch.Size([64]) unstable 10
-----------------
# of unstable neurons: 6140
-----------------

BaB round 1
batch: 3
splitting decisions: 
split level 0: [/input, 578] [/input-8, 4797] [/input-8, 352] 
split level 1: [/input-8, 4934] [/input-8, 2994] [/input, 5379] 
split level 2: [/input, 4711] [/input-8, 8574] [/input-8, 3532] 
split level 3: [/input-8, 7261] [/input-8, 7714] [/input, 5447] 
split level 4: [/input-8, 2510] [/input, 6004] [/input, 5112] 
split level 5: [/input-8, 3648] [/input-8, 6434] [/input-8, 6522] 
best_l after optimization: -422.6422424316406
beta sum per layer: [29.423120498657227, 88.35894775390625, 0.0]
alpha/beta optimization time: 0.15899920463562012
pruning_in_iteration open status: False
ratio of positive domain = 0 / 192 = 0.0
pruning-in-iteration extra time: 5.650520324707031e-05
Time: pickout 0.0013    branching_decision 0.0001    decision 0.0001    set_bounds 0.0111    prepare 0.0028    transfer 0.0000    finalize 0.0098    func 0.1764    
Accumulated time: bab_iteration 0.0000    pickout 0.0013    decision 0.0001    branching_decision 0.0001    set_bounds 0.0111    solve 0.0000    func 0.1764    prepare 0.0028    transfer 0.0000    finalize 0.0098    
max lb -1.2057650089263916 min lb -3.0769004821777344
Number of Verified Splits: 0 of 192
Current worst splitting domains lb-rhs (depth):
-3.07690 (6), -3.07690 (6), -3.07690 (6), -3.07690 (6), -3.07656 (6), -3.07656 (6), -3.07656 (6), -3.07656 (6), -3.07653 (6), -3.07653 (6), -3.07653 (6), -3.07653 (6), -3.07623 (6), -3.07623 (6), -3.07623 (6), -3.07623 (6), -3.07595 (6), -3.07595 (6), -3.07595 (6), -3.07595 (6), 
Current (lb-rhs): -3.0769004821777344
192 domains visited
Length of domains: 192
Cumulative time: 0.22154664993286133

BaB round 2
batch: 192
splitting decisions: 
split level 0: [/input, 5466] [/input-8, 9008] [/input, 3015] [/input-8, 1369] [/input-8, 8234] [/input-8, 5193] [/input, 3301] [/input, 5349] [/input-8, 6734] [/input, 5125] 
best_l after optimization: -818.2976684570312
beta sum per layer: [68.53976440429688, 365.4385986328125, 0.0]
alpha/beta optimization time: 0.15124821662902832
pruning_in_iteration open status: False
ratio of positive domain = 0 / 384 = 0.0
pruning-in-iteration extra time: 5.91278076171875e-05
Time: pickout 0.0171    branching_decision 0.0001    decision 0.0001    set_bounds 0.0088    prepare 0.0086    transfer 0.0000    finalize 0.0191    func 0.1849    solve 0.1764    add 0.0024    bab_iteration 0.1915    
Accumulated time: bab_iteration 0.1915    pickout 0.0183    decision 0.0002    branching_decision 0.0002    set_bounds 0.0200    solve 0.1764    func 0.3613    prepare 0.0113    transfer 0.0001    finalize 0.0289    add 0.0024    
max lb -0.814877986907959 min lb -3.0768966674804688
Number of Verified Splits: 0 of 384
Current worst splitting domains lb-rhs (depth):
-3.07690 (7), -3.07690 (7), -3.07688 (7), -3.07686 (7), -3.07654 (7), -3.07654 (7), -3.07654 (7), -3.07646 (7), -3.07644 (7), -3.07626 (7), -3.07615 (7), -3.07615 (7), -3.07615 (7), -3.07615 (7), -3.07610 (7), -3.07605 (7), -3.07603 (7), -3.07586 (7), -3.07586 (7), -3.07586 (7), 
Current (lb-rhs): -3.0768966674804688
576 domains visited
Length of domains: 384
Cumulative time: 0.43703699111938477

BaB round 3
batch: 384
splitting decisions: 
split level 0: [/input-8, 9346] [/input-8, 9437] [/input-8, 3350] [/input-8, 5443] [/input-8, 12491] [/input-8, 3610] [/input-8, 7496] [/input-8, 11820] [/input-8, 5268] [/input-8, 3330] 
best_l after optimization: -1579.63525390625
beta sum per layer: [162.62466430664062, 1138.2923583984375, 0.5061684846878052]
alpha/beta optimization time: 0.18467974662780762
pruning_in_iteration open status: False
ratio of positive domain = 0 / 768 = 0.0
pruning-in-iteration extra time: 5.14984130859375e-05
Time: pickout 0.0331    branching_decision 0.0002    decision 0.0002    set_bounds 0.0178    prepare 0.0172    transfer 0.0000    finalize 0.0356    func 0.2476    solve 0.1849    add 0.0043    bab_iteration 0.2155    
Accumulated time: bab_iteration 0.4069    pickout 0.0514    decision 0.0004    branching_decision 0.0004    set_bounds 0.0377    solve 0.3613    func 0.6089    prepare 0.0285    transfer 0.0001    finalize 0.0645    add 0.0067    
max lb -0.3093562126159668 min lb -3.0768940448760986
Number of Verified Splits: 0 of 768
Current worst splitting domains lb-rhs (depth):
-3.07689 (8), -3.07689 (8), -3.07688 (8), -3.07686 (8), -3.07683 (8), -3.07654 (8), -3.07654 (8), -3.07654 (8), -3.07645 (8), -3.07639 (8), -3.07626 (8), -3.07615 (8), -3.07615 (8), -3.07615 (8), -3.07615 (8), -3.07610 (8), -3.07606 (8), -3.07605 (8), -3.07604 (8), -3.07603 (8), 
Current (lb-rhs): -3.0768940448760986
1344 domains visited
Length of domains: 768
Cumulative time: 0.7433526515960693

BaB round 4
batch: 768
splitting decisions: 
split level 0: [/input-8, 4960] [/input, 5424] [/input-8, 4794] [/input-8, 5366] [/input-8, 5342] [/input, 4874] [/input, 6034] [/input-8, 12496] [/input, 3350] [/input-8, 8571] 
best_l after optimization: -3024.547607421875
beta sum per layer: [395.6141052246094, 3150.08203125, 1.5322319269180298]
alpha/beta optimization time: 0.3794240951538086
pruning_in_iteration open status: False
ratio of positive domain = 1 / 1536 = 0.0006510416666666297
pruning-in-iteration extra time: 5.3882598876953125e-05
Time: pickout 0.0654    branching_decision 0.0003    decision 0.0003    set_bounds 0.0376    prepare 0.0341    transfer 0.0000    finalize 0.0743    func 0.5038    solve 0.2477    add 0.0073    bab_iteration 0.3063    
Accumulated time: bab_iteration 0.7133    pickout 0.1168    decision 0.0008    branching_decision 0.0007    set_bounds 0.0753    solve 0.6090    func 1.1127    prepare 0.0626    transfer 0.0002    finalize 0.1387    add 0.0140    
max lb 0.7010366916656494 min lb -3.0768933296203613
Number of Verified Splits: 1 of 1536
Current worst splitting domains lb-rhs (depth):
-3.07689 (9), -3.07689 (9), -3.07689 (9), -3.07689 (9), -3.07688 (9), -3.07688 (9), -3.07686 (9), -3.07654 (9), -3.07654 (9), -3.07654 (9), -3.07654 (9), -3.07654 (9), -3.07653 (9), -3.07639 (9), -3.07639 (9), -3.07626 (9), -3.07626 (9), -3.07620 (9), -3.07615 (9), -3.07615 (9), 
Current (lb-rhs): -3.0768933296203613
2880 domains visited
Length of domains: 1535
Cumulative time: 1.3655693531036377

BaB round 5
batch: 1535
splitting decisions: 
split level 0: [/input-8, 12461] [/input-8, 9483] [/input-8, 7894] [/input-8, 7860] [/input-8, 12049] [/input, 5401] [/input, 3006] [/input-8, 7413] [/input-8, 3277] [/input-8, 7339] 
best_l after optimization: -5736.42236328125
beta sum per layer: [925.16796875, 8391.4033203125, 4.835200786590576]
alpha/beta optimization time: 0.8081905841827393
pruning_in_iteration open status: False
ratio of positive domain = 4 / 3070 = 0.0013029315960911836
pruning-in-iteration extra time: 5.698204040527344e-05
Time: pickout 0.1281    branching_decision 0.0006    decision 0.0006    set_bounds 0.0680    prepare 0.0687    transfer 0.0000    finalize 0.1477    func 1.0540    solve 0.5038    add 0.0148    bab_iteration 0.6222    
Accumulated time: bab_iteration 1.3355    pickout 0.2449    decision 0.0014    branching_decision 0.0013    set_bounds 0.1433    solve 1.1128    func 2.1667    prepare 0.1313    transfer 0.0002    finalize 0.2864    add 0.0287    
max lb 0.11394286155700684 min lb -3.076890707015991
Number of Verified Splits: 4 of 3070
Current worst splitting domains lb-rhs (depth):
-3.07689 (10), -3.07689 (10), -3.07689 (10), -3.07688 (10), -3.07688 (10), -3.07688 (10), -3.07672 (10), -3.07654 (10), -3.07654 (10), -3.07654 (10), -3.07654 (10), -3.07654 (10), -3.07654 (10), -3.07653 (10), -3.07653 (10), -3.07652 (10), -3.07639 (10), -3.07639 (10), -3.07639 (10), -3.07631 (10), 
Current (lb-rhs): -3.076890707015991
5950 domains visited
Length of domains: 3066
Cumulative time: 2.6410202980041504

BaB round 6
batch: 2048
splitting decisions: 
split level 0: [/input-8, 5149] [/input, 5024] [/input-8, 5211] [/input-8, 12177] [/input-8, 7886] [/input-8, 8295] [/input, 4749] [/input-8, 11956] [/input-8, 7414] [/input-8, 11980] 
best_l after optimization: -7141.53466796875
beta sum per layer: [1509.88037109375, 14571.712890625, 10.840373039245605]
alpha/beta optimization time: 1.0831713676452637
pruning_in_iteration open status: False
ratio of positive domain = 92 / 4096 = 0.0224609375
pruning-in-iteration extra time: 7.653236389160156e-05
Time: pickout 0.1710    branching_decision 0.0007    decision 0.0007    set_bounds 0.2255    prepare 0.0932    transfer 0.0001    finalize 0.1907    func 1.4042    solve 1.0540    add 0.0235    bab_iteration 1.2754    
Accumulated time: bab_iteration 2.6109    pickout 0.4158    decision 0.0021    branching_decision 0.0020    set_bounds 0.3688    solve 2.1668    func 3.5708    prepare 0.2245    transfer 0.0003    finalize 0.4771    add 0.0523    
max lb 1.395711898803711 min lb -3.0768909454345703
Number of Verified Splits: 92 of 4096
Current worst splitting domains lb-rhs (depth):
-3.07689 (11), -3.07689 (11), -3.07689 (10), -3.07689 (11), -3.07688 (11), -3.07688 (11), -3.07688 (10), -3.07688 (11), -3.07672 (11), -3.07654 (11), -3.07654 (11), -3.07654 (10), -3.07654 (10), -3.07653 (11), -3.07653 (11), -3.07652 (11), -3.07652 (10), -3.07650 (11), -3.07639 (11), -3.07639 (11), 
Current (lb-rhs): -3.076890707015991
10046 domains visited
Length of domains: 5022
current_vram/total_varm: 12.1GB/47.7GB, batch_size increase to 4096
Cumulative time: 4.47986912727356

BaB round 7
batch: 4096
splitting decisions: 
split level 0: [/input-8, 3725] [/input-8, 12440] [/input-8, 11782] [/input-8, 12030] [/input-8, 9052] [/input-8, 7117] [/input-8, 3437] [/input-8, 5408] [/input-8, 8404] [/input-8, 5375] 
best_l after optimization: -13635.69140625
beta sum per layer: [3480.97900390625, 35038.640625, 18.434368133544922]
alpha/beta optimization time: 2.152679681777954
pruning_in_iteration open status: False
ratio of positive domain = 245 / 8192 = 0.0299072265625
pruning-in-iteration extra time: 6.747245788574219e-05
Time: pickout 0.3484    branching_decision 0.0014    decision 0.0014    set_bounds 0.3662    prepare 0.1890    transfer 0.0001    finalize 0.3993    func 2.8139    solve 1.4042    add 0.0357    bab_iteration 1.8388    
Accumulated time: bab_iteration 4.4498    pickout 0.7642    decision 0.0035    branching_decision 0.0033    set_bounds 0.7350    solve 3.5711    func 6.3848    prepare 0.4135    transfer 0.0003    finalize 0.8764    add 0.0880    
max lb 1.2096500396728516 min lb -3.0768909454345703
Number of Verified Splits: 245 of 8192
Current worst splitting domains lb-rhs (depth):
-3.07689 (12), -3.07689 (10), -3.07688 (12), -3.07688 (10), -3.07688 (12), -3.07685 (12), -3.07672 (12), -3.07672 (12), -3.07654 (12), -3.07654 (12), -3.07654 (10), -3.07654 (10), -3.07653 (12), -3.07653 (12), -3.07653 (12), -3.07652 (12), -3.07652 (10), -3.07648 (12), -3.07641 (12), -3.07641 (12), 
Current (lb-rhs): -3.076890707015991
18238 domains visited
Length of domains: 8873
Cumulative time: 8.077625513076782

BaB round 8
batch: 4096
splitting decisions: 
split level 0: [/input-8, 7999] [/input-8, 9214] [/input, 3553] [/input-8, 8362] [/input-8, 6353] [/input-8, 4843] [/input-8, 8526] [/input-8, 8280] [/input-8, 8289] [/input-8, 4741] 
best_l after optimization: -12905.6953125
beta sum per layer: [4101.63232421875, 41917.0859375, 17.37639045715332]
alpha/beta optimization time: 2.153017282485962
pruning_in_iteration open status: False
ratio of positive domain = 332 / 8192 = 0.04052734375
pruning-in-iteration extra time: 6.29425048828125e-05
Time: pickout 0.3453    branching_decision 0.0011    decision 0.0011    set_bounds 0.3480    prepare 0.1907    transfer 0.0001    finalize 0.3938    func 2.8094    solve 2.8140    add 0.0652    bab_iteration 3.5978    
Accumulated time: bab_iteration 8.0475    pickout 1.1095    decision 0.0046    branching_decision 0.0044    set_bounds 1.0830    solve 6.3851    func 9.1942    prepare 0.6042    transfer 0.0004    finalize 1.2702    add 0.1532    
max lb 1.1426626443862915 min lb -3.0768909454345703
Number of Verified Splits: 332 of 8192
Current worst splitting domains lb-rhs (depth):
-3.07689 (13), -3.07689 (10), -3.07688 (12), -3.07688 (13), -3.07688 (13), -3.07688 (10), -3.07685 (12), -3.07672 (13), -3.07672 (12), -3.07672 (13), -3.07654 (12), -3.07654 (10), -3.07654 (10), -3.07653 (13), -3.07653 (13), -3.07653 (12), -3.07652 (13), -3.07652 (13), -3.07652 (10), -3.07650 (13), 
Current (lb-rhs): -3.076890707015991
26430 domains visited
Length of domains: 12637
Cumulative time: 11.641271829605103

BaB round 9
batch: 4096
splitting decisions: 
split level 0: [/input-8, 7974] [/input, 3324] [/input-8, 5323] [/input, 4960] [/input, 3636] [/input, 5299] [/input-8, 7764] [/input-8, 4946] [/input-8, 6515] [/input-8, 3635] 
best_l after optimization: -12268.8720703125
beta sum per layer: [4749.5546875, 48791.84375, 19.317813873291016]
alpha/beta optimization time: 2.1539957523345947
pruning_in_iteration open status: False
ratio of positive domain = 466 / 8192 = 0.056884765625
pruning-in-iteration extra time: 6.246566772460938e-05
Time: pickout 0.3492    branching_decision 0.0011    decision 0.0011    set_bounds 0.3985    prepare 0.1885    transfer 0.0001    finalize 0.3900    func 2.8047    solve 2.8095    add 0.0566    bab_iteration 3.5636    
Accumulated time: bab_iteration 11.6111    pickout 1.4587    decision 0.0057    branching_decision 0.0055    set_bounds 1.4815    solve 9.1946    func 11.9989    prepare 0.7927    transfer 0.0005    finalize 1.6601    add 0.2098    
max lb 0.6599471569061279 min lb -3.0768909454345703
Number of Verified Splits: 466 of 8192
Current worst splitting domains lb-rhs (depth):
-3.07689 (14), -3.07689 (10), -3.07688 (14), -3.07688 (10), -3.07688 (14), -3.07688 (12), -3.07688 (13), -3.07685 (12), -3.07672 (12), -3.07672 (13), -3.07672 (13), -3.07654 (12), -3.07654 (10), -3.07654 (10), -3.07653 (14), -3.07653 (13), -3.07653 (12), -3.07653 (14), -3.07652 (13), -3.07652 (10), 
Current (lb-rhs): -3.076890707015991
34622 domains visited
Length of domains: 16267
Cumulative time: 15.25287127494812

BaB round 10
batch: 4096
splitting decisions: 
split level 0: [/input-8, 237] [/input-8, 3268] [/input-8, 9610] [/input-8, 9457] [/input-8, 12201] [/input-8, 12227] [/input, 3439] [/input-8, 11820] [/input, 3634] [/input-8, 6866] 
best_l after optimization: -11765.03125
beta sum per layer: [5441.44140625, 55021.34375, 15.086645126342773]
alpha/beta optimization time: 2.153074264526367
pruning_in_iteration open status: False
ratio of positive domain = 587 / 8192 = 0.0716552734375
pruning-in-iteration extra time: 9.179115295410156e-05
Time: pickout 0.3464    branching_decision 0.0010    decision 0.0010    set_bounds 0.3796    prepare 0.1890    transfer 0.0001    finalize 0.3796    func 2.7907    solve 2.8047    add 0.0548    bab_iteration 3.6115    
Accumulated time: bab_iteration 15.2226    pickout 1.8051    decision 0.0068    branching_decision 0.0065    set_bounds 1.8612    solve 11.9993    func 14.7895    prepare 0.9816    transfer 0.0005    finalize 2.0397    add 0.2646    
max lb 0.9283576011657715 min lb -3.0768802165985107
Number of Verified Splits: 587 of 8192
Current worst splitting domains lb-rhs (depth):
-3.07689 (14), -3.07689 (10), -3.07688 (14), -3.07688 (15), -3.07688 (10), -3.07688 (12), -3.07688 (13), -3.07686 (15), -3.07685 (12), -3.07672 (12), -3.07672 (13), -3.07672 (13), -3.07654 (10), -3.07654 (12), -3.07654 (10), -3.07653 (15), -3.07653 (12), -3.07653 (14), -3.07653 (15), -3.07653 (13), 
Current (lb-rhs): -3.076890707015991
42814 domains visited
Length of domains: 19776
Cumulative time: 18.86703109741211

BaB round 11
batch: 4096
splitting decisions: 
split level 0: [/input-8, 10131] [/input-8, 5028] [/input, 3491] [/input, 4873] [/input, 3169] [/input-8, 12209] [/input-8, 8898] [/input-8, 8097] [/input-8, 9227] [/input-8, 7159] 
best_l after optimization: -11460.396484375
beta sum per layer: [6107.8173828125, 61220.671875, 10.042064666748047]
alpha/beta optimization time: 2.1539742946624756
pruning_in_iteration open status: False
ratio of positive domain = 669 / 8192 = 0.0816650390625
pruning-in-iteration extra time: 8.153915405273438e-05
Time: pickout 0.3479    branching_decision 0.0010    decision 0.0011    set_bounds 0.4071    prepare 0.1879    transfer 0.0001    finalize 0.3780    func 2.7919    solve 2.7907    add 0.0927    bab_iteration 3.6142    
Accumulated time: bab_iteration 18.8368    pickout 2.1530    decision 0.0078    branching_decision 0.0076    set_bounds 2.2683    solve 14.7900    func 17.5815    prepare 1.1696    transfer 0.0006    finalize 2.4177    add 0.3574    
max lb 0.9722557067871094 min lb -3.0768468379974365
Number of Verified Splits: 669 of 8192
Current worst splitting domains lb-rhs (depth):
-3.07689 (14), -3.07689 (10), -3.07688 (10), -3.07688 (15), -3.07688 (13), -3.07688 (12), -3.07688 (14), -3.07685 (12), -3.07685 (16), -3.07685 (16), -3.07672 (12), -3.07672 (13), -3.07672 (13), -3.07654 (10), -3.07654 (12), -3.07654 (10), -3.07653 (15), -3.07653 (13), -3.07653 (12), -3.07653 (14), 
Current (lb-rhs): -3.076890707015991
51006 domains visited
Length of domains: 23203
Cumulative time: 22.477872371673584

BaB round 12
batch: 4096
splitting decisions: 
split level 0: [/input-8, 10001] [/input-8, 9711] [/input-8, 8860] [/input-8, 8873] [/input-8, 9515] [/input, 3787] [/input-8, 11918] [/input-8, 5014] [/input, 3563] [/input-8, 10124] 
best_l after optimization: -11290.1884765625
beta sum per layer: [6808.8701171875, 66209.421875, 13.194192886352539]
alpha/beta optimization time: 2.1554577350616455
pruning_in_iteration open status: False
ratio of positive domain = 661 / 8192 = 0.0806884765625
pruning-in-iteration extra time: 6.651878356933594e-05
Time: pickout 0.3563    branching_decision 0.0011    decision 0.0011    set_bounds 0.1825    prepare 0.1880    transfer 0.0001    finalize 0.6636    func 3.0766    solve 2.7920    add 0.0561    bab_iteration 3.6108    
Accumulated time: bab_iteration 22.4476    pickout 2.5093    decision 0.0089    branching_decision 0.0087    set_bounds 2.4507    solve 17.5820    func 20.6580    prepare 1.3576    transfer 0.0007    finalize 3.0814    add 0.4134    
max lb 1.2703614234924316 min lb -3.0768110752105713
Number of Verified Splits: 661 of 8192
Current worst splitting domains lb-rhs (depth):
-3.07689 (14), -3.07689 (10), -3.07688 (13), -3.07688 (10), -3.07688 (12), -3.07688 (15), -3.07688 (14), -3.07685 (12), -3.07685 (16), -3.07681 (17), -3.07672 (12), -3.07672 (13), -3.07672 (13), -3.07654 (10), -3.07654 (12), -3.07654 (10), -3.07653 (15), -3.07653 (14), -3.07653 (12), -3.07653 (13), 
Current (lb-rhs): -3.076890707015991
59198 domains visited
Length of domains: 26638
Cumulative time: 26.152299404144287

BaB round 13
batch: 4096
splitting decisions: 
split level 0: [/input, 3226] [/input-8, 3588] [/input-8, 3557] [/input-8, 7171] [/input, 3858] [/input-8, 3628] [/input-8, 3605] [/input-8, 3364] [/input, 3600] [/input-8, 9858] 
best_l after optimization: -11049.3466796875
beta sum per layer: [7693.2568359375, 72428.09375, 14.214212417602539]
alpha/beta optimization time: 2.154435396194458
pruning_in_iteration open status: False
ratio of positive domain = 789 / 8192 = 0.0963134765625
pruning-in-iteration extra time: 8.654594421386719e-05
Time: pickout 0.3559    branching_decision 0.0010    decision 0.0010    set_bounds 0.1838    prepare 0.1907    transfer 0.0001    finalize 0.3767    func 2.7908    solve 3.0766    add 0.0537    bab_iteration 3.6744    
Accumulated time: bab_iteration 26.1221    pickout 2.8652    decision 0.0099    branching_decision 0.0097    set_bounds 2.6345    solve 20.6586    func 23.4488    prepare 1.5483    transfer 0.0007    finalize 3.4581    add 0.4672    
max lb 1.0731592178344727 min lb -3.0764875411987305
Number of Verified Splits: 789 of 8192
Current worst splitting domains lb-rhs (depth):
-3.07689 (10), -3.07689 (14), -3.07688 (10), -3.07688 (15), -3.07688 (13), -3.07688 (14), -3.07688 (12), -3.07685 (12), -3.07685 (16), -3.07672 (13), -3.07672 (12), -3.07672 (13), -3.07654 (12), -3.07654 (10), -3.07654 (10), -3.07653 (15), -3.07653 (14), -3.07653 (12), -3.07653 (13), -3.07652 (13), 
Current (lb-rhs): -3.076890707015991
67390 domains visited
Length of domains: 29945
Cumulative time: 29.822499990463257

BaB round 14
batch: 4096
splitting decisions: 
split level 0: [/input, 4724] [/input-8, 9195] [/input-8, 12231] [/input-8, 10188] [/input-8, 3360] [/input, 4211] [/input, 5094] [/input, 4725] [/input-8, 10052] [/input-8, 9199] 
best_l after optimization: -10959.7216796875
beta sum per layer: [8455.880859375, 77925.78125, 12.901494979858398]
alpha/beta optimization time: 2.1540017127990723
pruning_in_iteration open status: False
ratio of positive domain = 761 / 8192 = 0.0928955078125
pruning-in-iteration extra time: 0.00014352798461914062
Time: pickout 0.3567    branching_decision 0.0010    decision 0.0010    set_bounds 0.1823    prepare 0.1892    transfer 0.0001    finalize 0.3728    func 2.7847    solve 2.7909    add 0.3342    bab_iteration 3.6702    
Accumulated time: bab_iteration 29.7922    pickout 3.2219    decision 0.0110    branching_decision 0.0107    set_bounds 2.8169    solve 23.4494    func 26.2335    prepare 1.7375    transfer 0.0008    finalize 3.8309    add 0.8014    
max lb 1.3302831649780273 min lb -3.075916290283203
Number of Verified Splits: 761 of 8192
Current worst splitting domains lb-rhs (depth):
-3.07689 (10), -3.07689 (14), -3.07688 (14), -3.07688 (13), -3.07688 (12), -3.07688 (10), -3.07688 (15), -3.07685 (12), -3.07685 (16), -3.07672 (13), -3.07672 (12), -3.07672 (13), -3.07654 (12), -3.07654 (10), -3.07654 (10), -3.07653 (13), -3.07653 (14), -3.07653 (12), -3.07653 (15), -3.07652 (13), 
Current (lb-rhs): -3.076890707015991
75582 domains visited
Length of domains: 33280
Cumulative time: 33.28574013710022

BaB round 15
batch: 4096
splitting decisions: 
split level 0: [/input-8, 7459] [/input-8, 3855] [/input, 5057] [/input, 4862] [/input-8, 4837] [/input-8, 8114] [/input-8, 5014] [/input-8, 9732] [/input-8, 7445] [/input, 5048] 
best_l after optimization: -10696.482421875
beta sum per layer: [9138.89453125, 84433.75, 14.147857666015625]
alpha/beta optimization time: 2.1619515419006348
pruning_in_iteration open status: False
ratio of positive domain = 721 / 8192 = 0.0880126953125
pruning-in-iteration extra time: 7.176399230957031e-05
Time: pickout 0.3657    branching_decision 0.0011    decision 0.0011    set_bounds 0.5165    prepare 0.1946    transfer 0.0001    finalize 0.3881    func 2.8230    solve 2.7847    add 0.1338    bab_iteration 3.4632    
Accumulated time: bab_iteration 33.2555    pickout 3.5876    decision 0.0121    branching_decision 0.0118    set_bounds 3.3334    solve 26.2341    func 29.0565    prepare 1.9321    transfer 0.0009    finalize 4.2190    add 0.9352    
max lb 1.0282132625579834 min lb -3.0753490924835205
Number of Verified Splits: 721 of 8192
Current worst splitting domains lb-rhs (depth):
-3.07689 (14), -3.07689 (10), -3.07688 (14), -3.07688 (13), -3.07688 (10), -3.07688 (15), -3.07688 (12), -3.07685 (12), -3.07685 (16), -3.07672 (13), -3.07672 (12), -3.07672 (13), -3.07654 (12), -3.07654 (10), -3.07654 (10), -3.07653 (14), -3.07653 (15), -3.07653 (13), -3.07653 (12), -3.07652 (13), 
Current (lb-rhs): -3.076890707015991
83774 domains visited
Length of domains: 36655
Cumulative time: 37.061208724975586

BaB round 16
batch: 4096
splitting decisions: 
split level 0: [/input-8, 7260] [/input, 3352] [/input-8, 3869] [/input, 570] [/input-8, 4764] [/input-8, 8662] [/input, 4906] [/input, 3557] [/input-8, 1133] [/input-8, 5115] 
best_l after optimization: -10429.609375
beta sum per layer: [9898.78515625, 90356.609375, 16.748958587646484]
alpha/beta optimization time: 2.162374258041382
pruning_in_iteration open status: False
ratio of positive domain = 882 / 8192 = 0.107666015625
pruning-in-iteration extra time: 5.793571472167969e-05
Time: pickout 0.3806    branching_decision 0.0010    decision 0.0011    set_bounds 0.1840    prepare 0.1919    transfer 0.0001    finalize 0.3543    func 2.7779    solve 2.8231    add 0.0635    bab_iteration 3.7755    
Accumulated time: bab_iteration 37.0309    pickout 3.9682    decision 0.0131    branching_decision 0.0128    set_bounds 3.5174    solve 29.0573    func 31.8344    prepare 2.1240    transfer 0.0010    finalize 4.5733    add 0.9986    
max lb 1.2993543148040771 min lb -3.075039863586426
Number of Verified Splits: 882 of 8192
Current worst splitting domains lb-rhs (depth):
-3.07689 (10), -3.07689 (14), -3.07688 (13), -3.07688 (10), -3.07688 (12), -3.07688 (14), -3.07688 (15), -3.07685 (12), -3.07685 (16), -3.07672 (13), -3.07672 (12), -3.07672 (13), -3.07654 (10), -3.07654 (12), -3.07654 (10), -3.07653 (15), -3.07653 (13), -3.07653 (12), -3.07653 (14), -3.07652 (13), 
Current (lb-rhs): -3.076890707015991
91966 domains visited
Length of domains: 39869
Cumulative time: 40.47106957435608

BaB round 17
batch: 4096
splitting decisions: 
split level 0: [/input, 4834] [/input-8, 4706] [/input-8, 9692] [/input-8, 9320] [/input-8, 6972] [/input, 5223] [/input-8, 937] [/input, 3171] [/input, 3823] [/input-8, 8248] 
best_l after optimization: -10338.611328125
beta sum per layer: [10526.345703125, 95673.6875, 15.48328971862793]
alpha/beta optimization time: 2.168569803237915
pruning_in_iteration open status: False
ratio of positive domain = 860 / 8192 = 0.10498046875
pruning-in-iteration extra time: 0.00010919570922851562
Time: pickout 0.9110    branching_decision 0.0011    decision 0.0011    set_bounds 0.1844    prepare 0.1974    transfer 0.0001    finalize 0.3531    func 2.7950    solve 2.7780    add 0.0600    bab_iteration 3.4099    
Accumulated time: bab_iteration 40.4408    pickout 4.8791    decision 0.0143    branching_decision 0.0139    set_bounds 3.7017    solve 31.8352    func 34.6294    prepare 2.3214    transfer 0.0010    finalize 4.9263    add 1.0587    
max lb 0.6355540752410889 min lb -3.074580192565918
Number of Verified Splits: 860 of 8192
Current worst splitting domains lb-rhs (depth):
-3.07689 (14), -3.07689 (10), -3.07688 (12), -3.07688 (14), -3.07688 (13), -3.07688 (10), -3.07688 (15), -3.07685 (12), -3.07685 (16), -3.07672 (12), -3.07672 (13), -3.07672 (13), -3.07654 (12), -3.07654 (10), -3.07654 (10), -3.07653 (12), -3.07653 (14), -3.07653 (13), -3.07653 (15), -3.07652 (13), 
Current (lb-rhs): -3.076890707015991
100158 domains visited
Length of domains: 43105
Cumulative time: 44.4263801574707

BaB round 18
batch: 4096
splitting decisions: 
split level 0: [/input, 988] [/input-8, 4890] [/input-8, 5046] [/input-8, 12527] [/input-8, 7006] [/input-8, 10073] [/input-8, 3449] [/input, 297] [/input-8, 4905] [/input-8, 8523] 
best_l after optimization: -10193.611328125
beta sum per layer: [11422.826171875, 101285.953125, 18.016450881958008]
alpha/beta optimization time: 2.16076397895813
pruning_in_iteration open status: False
ratio of positive domain = 867 / 8192 = 0.1058349609375
pruning-in-iteration extra time: 5.936622619628906e-05
Time: pickout 0.3636    branching_decision 0.0010    decision 0.0011    set_bounds 0.1826    prepare 0.1884    transfer 0.0001    finalize 0.3487    func 3.1534    solve 2.7950    add 0.0585    bab_iteration 3.9553    
Accumulated time: bab_iteration 44.3961    pickout 5.2427    decision 0.0153    branching_decision 0.0149    set_bounds 3.8843    solve 34.6303    func 37.7828    prepare 2.5098    transfer 0.0012    finalize 5.2750    add 1.1172    
max lb 0.9727392196655273 min lb -3.070064067840576
Number of Verified Splits: 867 of 8192
Current worst splitting domains lb-rhs (depth):
-3.07689 (10), -3.07689 (14), -3.07688 (12), -3.07688 (15), -3.07688 (10), -3.07688 (14), -3.07688 (13), -3.07685 (12), -3.07685 (16), -3.07672 (12), -3.07672 (13), -3.07672 (13), -3.07654 (10), -3.07654 (12), -3.07654 (10), -3.07653 (15), -3.07653 (12), -3.07653 (13), -3.07653 (14), -3.07652 (13), 
Current (lb-rhs): -3.076890707015991
108350 domains visited
Length of domains: 46334
Cumulative time: 48.18964099884033

BaB round 19
batch: 4096
splitting decisions: 
split level 0: [/input, 4927] [/input, 4982] [/input-8, 12326] [/input-8, 7368] [/input-8, 9764] [/input-8, 7553] [/input, 3674] [/input-8, 9078] [/input-8, 5917] [/input, 3495] 
best_l after optimization: -10015.748046875
beta sum per layer: [12382.9375, 107395.09375, 16.684921264648438]
alpha/beta optimization time: 2.162139654159546
pruning_in_iteration open status: False
ratio of positive domain = 959 / 8192 = 0.1170654296875
pruning-in-iteration extra time: 6.580352783203125e-05
Time: pickout 0.3655    branching_decision 0.0011    decision 0.0011    set_bounds 0.1842    prepare 0.1882    transfer 0.0001    finalize 0.3427    func 2.7654    solve 3.1535    add 0.0569    bab_iteration 3.7633    
Accumulated time: bab_iteration 48.1594    pickout 5.6082    decision 0.0164    branching_decision 0.0160    set_bounds 4.0685    solve 37.7837    func 40.5482    prepare 2.6980    transfer 0.0013    finalize 5.6177    add 1.1741    
max lb 0.6754002571105957 min lb -3.068732976913452
Number of Verified Splits: 959 of 8192
Current worst splitting domains lb-rhs (depth):
-3.07689 (14), -3.07689 (10), -3.07688 (15), -3.07688 (13), -3.07688 (14), -3.07688 (10), -3.07688 (12), -3.07685 (12), -3.07685 (16), -3.07672 (13), -3.07672 (12), -3.07672 (13), -3.07654 (10), -3.07654 (12), -3.07654 (10), -3.07653 (15), -3.07653 (13), -3.07653 (12), -3.07653 (14), -3.07652 (13), 
Current (lb-rhs): -3.076890707015991
116542 domains visited
Length of domains: 49471
Cumulative time: 51.56962060928345

BaB round 20
batch: 4096
splitting decisions: 
split level 0: [/input-8, 8942] [/input, 3501] [/input, 5380] [/input-8, 3553] [/input, 3838] [/input-8, 8641] [/input-8, 8514] [/input-8, 9670] [/input-8, 7114] [/input, 5060] 
best_l after optimization: -10020.4794921875
beta sum per layer: [13655.853515625, 112789.015625, 17.19304656982422]
alpha/beta optimization time: 2.161245584487915
pruning_in_iteration open status: False
ratio of positive domain = 895 / 8192 = 0.1092529296875
pruning-in-iteration extra time: 9.34600830078125e-05
Time: pickout 0.3728    branching_decision 0.0010    decision 0.0010    set_bounds 0.6487    prepare 0.1895    transfer 0.0001    finalize 0.3646    func 2.7855    solve 2.7656    add 0.0576    bab_iteration 3.3800    
Accumulated time: bab_iteration 51.5393    pickout 5.9810    decision 0.0174    branching_decision 0.0170    set_bounds 4.7172    solve 40.5493    func 43.3336    prepare 2.8875    transfer 0.0013    finalize 5.9824    add 1.2317    
max lb 0.7263808250427246 min lb -3.06791353225708
Number of Verified Splits: 895 of 8192
Current worst splitting domains lb-rhs (depth):
-3.07689 (10), -3.07689 (14), -3.07688 (14), -3.07688 (12), -3.07688 (15), -3.07688 (10), -3.07688 (13), -3.07685 (12), -3.07685 (16), -3.07672 (12), -3.07672 (13), -3.07672 (13), -3.07654 (10), -3.07654 (12), -3.07654 (10), -3.07653 (12), -3.07653 (15), -3.07653 (14), -3.07653 (13), -3.07652 (13), 
Current (lb-rhs): -3.076890707015991
124734 domains visited
Length of domains: 52672
Cumulative time: 55.4381263256073

BaB round 21
batch: 4096
splitting decisions: 
split level 0: [/input-8, 9267] [/input, 3491] [/input-8, 11816] [/input-8, 12068] [/input-8, 543] [/input-8, 12030] [/input, 4815] [/input-8, 12376] [/input-8, 5409] [/input-8, 8110] 
best_l after optimization: -9913.17578125
beta sum per layer: [14790.80078125, 119321.6171875, 22.616334915161133]
alpha/beta optimization time: 2.1610872745513916
pruning_in_iteration open status: False
ratio of positive domain = 913 / 8192 = 0.1114501953125
pruning-in-iteration extra time: 8.177757263183594e-05
Time: pickout 0.3706    branching_decision 0.0010    decision 0.0010    set_bounds 0.1838    prepare 0.1888    transfer 0.0001    finalize 0.3448    func 2.7643    solve 2.7855    add 0.0542    bab_iteration 3.8685    
Accumulated time: bab_iteration 55.4078    pickout 6.3516    decision 0.0185    branching_decision 0.0180    set_bounds 4.9010    solve 43.3348    func 46.0980    prepare 3.0764    transfer 0.0014    finalize 6.3271    add 1.2859    
max lb 0.42743492126464844 min lb -3.055403470993042
Number of Verified Splits: 913 of 8192
Current worst splitting domains lb-rhs (depth):
-3.07689 (14), -3.07689 (10), -3.07688 (15), -3.07688 (10), -3.07688 (13), -3.07688 (14), -3.07688 (12), -3.07685 (12), -3.07685 (16), -3.07672 (13), -3.07672 (12), -3.07672 (13), -3.07654 (10), -3.07654 (12), -3.07654 (10), -3.07653 (14), -3.07653 (13), -3.07653 (15), -3.07653 (12), -3.07652 (13), 
Current (lb-rhs): -3.076890707015991
132926 domains visited
Length of domains: 55855
Time out!!!!!!!!
Result: unknown in 60.9074 seconds

 %%%%%%%%%%%%%%%%%%%%%%%%%%%%%%%%%%% idx: 2, vnnlib ID: 2 %%%%%%%%%%%%%%%%%%%%%%%%%%%%%%%%%%%
Finished vnnlib processing in 0.001779 seconds
Model: BoundedModule(
  (/input-1): BoundInput(name=/input-1, inputs=[], perturbed=True)
  (/shape): BoundBuffers(name=/shape, inputs=[], perturbed=False)
  (/12): BoundParams(name=/12, inputs=[], perturbed=False)
  (/13): BoundParams(name=/13, inputs=[], perturbed=False)
  (/14): BoundParams(name=/14, inputs=[], perturbed=False)
  (/15): BoundParams(name=/15, inputs=[], perturbed=False)
  (/16): BoundParams(name=/16, inputs=[], perturbed=False)
  (/17): BoundParams(name=/17, inputs=[], perturbed=False)
  (/18): BoundParams(name=/18, inputs=[], perturbed=False)
  (/19): BoundParams(name=/19, inputs=[], perturbed=False)
  (/20): BoundParams(name=/20, inputs=[], perturbed=False)
  (/21): BoundParams(name=/21, inputs=[], perturbed=False)
  (/input): BoundConv(name=/input, inputs=[/input-1, /12, /13], perturbed=True)
  (/input-4): BoundRelu(name=/input-4, inputs=[/input], perturbed=True)
  (/24): BoundConv(name=/24, inputs=[/input-4, /14, /15], perturbed=True)
  (/25): BoundConv(name=/25, inputs=[/input-4, /16, /17], perturbed=True)
  (/26): BoundAdd(name=/26, inputs=[/24, /25], perturbed=True)
  (/input-8): BoundConcat(name=/input-8, inputs=[/input, /26], perturbed=True)
  (/tensor): BoundRelu(name=/tensor, inputs=[/input-8], perturbed=True)
  (/30): BoundSplit(name=/30, inputs=[/tensor], perturbed=True)
  (/31): BoundSplit(name=/31, inputs=[/shape], perturbed=False)
  (/32): BoundSplit(name=/32, inputs=[/shape], perturbed=False)
  (/33): BoundConstant(name=/33, value=tensor([0], device='cuda:0'))
  (/34): BoundSqueeze(name=/34, inputs=[/31, /33], perturbed=False)
  (/35): BoundConstant(name=/35, value=tensor([0], device='cuda:0'))
  (/36): BoundSqueeze(name=/36, inputs=[/32, /35], perturbed=False)
  (/37): BoundConstant(name=/37, value=tensor([0], device='cuda:0'))
  (/38): BoundUnsqueeze(name=/38, inputs=[/34, /37], perturbed=False)
  (/39): BoundConstant(name=/39, value=tensor([0], device='cuda:0'))
  (/40): BoundUnsqueeze(name=/40, inputs=[/36, /39], perturbed=False)
  (/41): BoundConcat(name=/41, inputs=[/38, /40], perturbed=False)
  (/42): BoundReshape(name=/42, inputs=[/30, /41], perturbed=True)
  (/input-12): BoundLinear(name=/input-12, inputs=[/42, /18, /19], perturbed=True)
  (/44): BoundRelu(name=/44, inputs=[/input-12], perturbed=True)
  (/45): BoundLinear(name=/45, inputs=[/44, /20, /21], perturbed=True)
)
Original output in the first batch: tensor([[-4.01014233,  4.31233358,  0.73387587, -0.85888243, -1.85305274,
         -0.55965620,  0.55245036, -0.92031461, -0.36660531, -2.92427611]],
       device='cuda:0')
Split layers:
Nonlinear functions:
   BoundRelu(name=/input-4, inputs=[/input], perturbed=True)
   BoundRelu(name=/tensor, inputs=[/input-8], perturbed=True)
   BoundRelu(name=/44, inputs=[/input-12], perturbed=True)
build batch [1/1]
layer /input-4 using sparse-features alpha with shape [1544]; unstable size 1544; total size 6272 ([1, 8, 28, 28])
layer /input-4 start_node /input-12 using sparse-spec alpha [2, 31, 1, 1544] with unstable size 30 total_size 64 output_shape torch.Size([64])
layer /input-4 start_node /45 using full alpha [2, 9, 1, 1544] with unstable size None total_size 9 output_shape 9
layer /tensor using sparse-features alpha with shape [5375]; unstable size 5375; total size 12544 ([1, 16, 28, 28])
layer /tensor start_node /input-12 using sparse-spec alpha [2, 31, 1, 5375] with unstable size 30 total_size 64 output_shape torch.Size([64])
layer /tensor start_node /45 using full alpha [2, 9, 1, 5375] with unstable size None total_size 9 output_shape 9
layer /44 using sparse-features alpha with shape [30]; unstable size 30; total size 64 ([1, 64])
layer /44 start_node /45 using full alpha [2, 9, 1, 30] with unstable size None total_size 9 output_shape 9
Optimizable variables initialized.
initial CROWN bounds (first 10 items): [-4.385368824005127, -7.153098106384277, -6.81905460357666, -3.68125057220459, -5.108532428741455, -7.110293865203857, -6.558797836303711, -3.764514923095703, -4.195350646972656]
prune_after_crown optimization in use
  original spec size = torch.Size([1, 9])
  pruned spec size = torch.Size([1, 9])
Using alpha-CROWN to initialize bounds.
best_l after optimization: -45.2576904296875
alpha/beta optimization time: 1.3794550895690918
initial alpha-crown bounds (first 10 items): [-3.962049961090088, -6.852250576019287, -6.348753929138184, -3.2870702743530273, -4.854924201965332, -6.587735176086426, -6.133404731750488, -3.474238395690918, -3.757265567779541]
Global lower bound: -6.852250576019287
0 / 9 OR specs are verified.
Verified OR indices (first 10 items): []
Verified OR lbs (first 10 items): []
Unverified OR indices (first 10 items): [0, 1, 2, 3, 4, 5, 6, 7, 8]
Unverified OR lbs (first 10 items): [[-3.962049961090088], [-6.852250576019287], [-6.348753929138184], [-3.2870702743530273], [-4.854924201965332], [-6.587735176086426], [-6.133404731750488], [-3.474238395690918], [-3.757265567779541]]
###### Verifying property Instance 2 ######
Batch size: 9
First 10 spec matrices
C: tensor([[[-1.,  1.,  0.,  0.,  0.,  0.,  0.,  0.,  0.,  0.]],

        [[ 0.,  1., -1.,  0.,  0.,  0.,  0.,  0.,  0.,  0.]],

        [[ 0.,  1.,  0., -1.,  0.,  0.,  0.,  0.,  0.,  0.]],

        [[ 0.,  1.,  0.,  0., -1.,  0.,  0.,  0.,  0.,  0.]],

        [[ 0.,  1.,  0.,  0.,  0., -1.,  0.,  0.,  0.,  0.]],

        [[ 0.,  1.,  0.,  0.,  0.,  0., -1.,  0.,  0.,  0.]],

        [[ 0.,  1.,  0.,  0.,  0.,  0.,  0., -1.,  0.,  0.]],

        [[ 0.,  1.,  0.,  0.,  0.,  0.,  0.,  0., -1.,  0.]],

        [[ 0.,  1.,  0.,  0.,  0.,  0.,  0.,  0.,  0., -1.]]], device='cuda:0')
RHS: tensor([[0.],
        [0.],
        [0.],
        [0.],
        [0.],
        [0.],
        [0.],
        [0.],
        [0.]], device='cuda:0')
OR spec sizes: tensor([1, 1, 1, 1, 1, 1, 1, 1, 1], device='cuda:0', dtype=torch.int32)
Remaining timeout: 58.23219394683838
Model prediction is: tensor([-4.01014233,  4.31233358,  0.73387587, -0.85888243, -1.85305274,
        -0.55965620,  0.55245036, -0.92031461, -0.36660531, -2.92427611],
       device='cuda:0')
Activation BaB batch 1/1 
build_with_refined_bounds batch [1/1]
Optimizable variables initialized.
all alpha initialized
directly get lb and ub from refined bounds
c shape: torch.Size([9, 1, 10])
lA shapes: [torch.Size([9, 1, 8, 28, 28]), torch.Size([9, 1, 16, 28, 28]), torch.Size([9, 1, 64])]
(alpha-)CROWN with fixed intermediate bounds: tensor([[-3.96204996],
        [-6.85225058],
        [-6.34875393],
        [-3.28707027],
        [-4.85492420],
        [-6.58773518],
        [-6.13340473],
        [-3.47423840],
        [-3.75726557]], device='cuda:0') tensor([[inf],
        [inf],
        [inf],
        [inf],
        [inf],
        [inf],
        [inf],
        [inf],
        [inf]], device='cuda:0')
Intermediate layers: /input,/input-8,/input-12
Keeping alphas for these layers: ['/45']
Node /input-4 input 0: size torch.Size([8, 28, 28]) unstable 1544
Node /tensor input 0: size torch.Size([16, 28, 28]) unstable 5375
Node /44 input 0: size torch.Size([64]) unstable 30
-----------------
# of unstable neurons: 6949
-----------------

BaB round 1
batch: 9
splitting decisions: 
split level 0: [/input-8, 3188] [/input-8, 4755] [/input-8, 5346] [/input-8, 7203] [/input, 5291] [/input, 4896] [/input-8, 9196] [/input-8, 5076] [/input-8, 8869] 
split level 1: [/input, 3577] [/input-8, 8315] [/input-8, 5126] [/input-8, 11895] [/input-8, 12273] [/input-8, 4876] [/input-8, 7261] [/input, 4763] [/input-8, 8859] 
split level 2: [/input, 5271] [/input-8, 6459] [/input-8, 3673] [/input-8, 7201] [/input, 3566] [/input-8, 9285] [/input-8, 4744] [/input-8, 9345] [/input-8, 5235] 
split level 3: [/input, 4602] [/input-8, 7704] [/input-8, 7209] [/input-8, 9845] [/input-8, 7399] [/input-8, 7313] [/input-8, 6819] [/input-8, 8404] [/input, 131] 
best_l after optimization: -699.8143310546875
beta sum per layer: [25.865699768066406, 104.84063720703125, 0.0]
alpha/beta optimization time: 0.1544327735900879
pruning_in_iteration open status: False
ratio of positive domain = 0 / 144 = 0.0
pruning-in-iteration extra time: 5.316734313964844e-05
Time: pickout 0.0015    branching_decision 0.0001    decision 0.0001    set_bounds 0.0068    prepare 0.0019    transfer 0.0000    finalize 0.0070    func 0.1679    
Accumulated time: bab_iteration 0.0000    pickout 0.0015    decision 0.0001    branching_decision 0.0001    set_bounds 0.0068    solve 0.0000    func 0.1679    prepare 0.0019    transfer 0.0000    finalize 0.0070    
max lb -2.8212902545928955 min lb -6.851844310760498
Number of Verified Splits: 0 of 144
Current worst splitting domains lb-rhs (depth):
-6.85184 (4), -6.85184 (4), -6.77861 (4), -6.77861 (4), -6.75638 (4), -6.75638 (4), -6.68314 (4), -6.68314 (4), -6.67127 (4), -6.67127 (4), -6.59803 (4), -6.59803 (4), -6.58760 (4), -6.58760 (4), -6.58729 (4), -6.58729 (4), -6.57580 (4), -6.57580 (4), -6.50257 (4), -6.50257 (4), 
Current (lb-rhs): -6.851844310760498
144 domains visited
Length of domains: 144
Cumulative time: 0.2252063751220703

BaB round 2
batch: 144
splitting decisions: 
split level 0: [/input-8, 3462] [/input-8, 8963] [/input-8, 8032] [/input-8, 8073] [/input, 3742] [/input-8, 8485] [/input-8, 8455] [/input-8, 9769] [/input-8, 11832] [/input-8, 8184] 
best_l after optimization: -1353.001708984375
beta sum per layer: [69.15386199951172, 440.46929931640625, 0.7125519514083862]
alpha/beta optimization time: 0.15706634521484375
pruning_in_iteration open status: False
ratio of positive domain = 0 / 288 = 0.0
pruning-in-iteration extra time: 6.0558319091796875e-05
Time: pickout 0.0119    branching_decision 0.0001    decision 0.0001    set_bounds 0.0065    prepare 0.0064    transfer 0.0000    finalize 0.0144    func 0.1839    solve 0.1679    add 0.0022    bab_iteration 0.1786    
Accumulated time: bab_iteration 0.1786    pickout 0.0134    decision 0.0002    branching_decision 0.0002    set_bounds 0.0133    solve 0.1679    func 0.3518    prepare 0.0083    transfer 0.0001    finalize 0.0214    add 0.0022    
max lb -2.2755322456359863 min lb -6.851838111877441
Number of Verified Splits: 0 of 288
Current worst splitting domains lb-rhs (depth):
-6.85184 (5), -6.85181 (5), -6.85152 (5), -6.85141 (5), -6.73402 (5), -6.73402 (5), -6.73324 (5), -6.73014 (5), -6.69221 (5), -6.69221 (5), -6.68997 (5), -6.63253 (5), -6.58757 (5), -6.58757 (5), -6.58757 (5), -6.58725 (5), -6.58725 (5), -6.57925 (5), -6.57439 (5), -6.57439 (5), 
Current (lb-rhs): -6.851838111877441
432 domains visited
Length of domains: 288
Cumulative time: 0.4312613010406494

BaB round 3
batch: 288
splitting decisions: 
split level 0: [/input-8, 9048] [/input-8, 4811] [/input-8, 5379] [/input-8, 8401] [/input, 5250] [/input-8, 7704] [/input-8, 9727] [/input-8, 5256] [/input-8, 7220] [/input-8, 8067] 
best_l after optimization: -2607.4423828125
beta sum per layer: [169.86871337890625, 1391.584228515625, 3.3400096893310547]
alpha/beta optimization time: 0.1733694076538086
pruning_in_iteration open status: False
ratio of positive domain = 0 / 576 = 0.0
pruning-in-iteration extra time: 5.507469177246094e-05
Time: pickout 0.0239    branching_decision 0.0002    decision 0.0002    set_bounds 0.0132    prepare 0.0123    transfer 0.0000    finalize 0.0247    func 0.2186    solve 0.1840    add 0.0034    bab_iteration 0.2061    
Accumulated time: bab_iteration 0.3846    pickout 0.0374    decision 0.0004    branching_decision 0.0003    set_bounds 0.0265    solve 0.3519    func 0.5704    prepare 0.0206    transfer 0.0001    finalize 0.0461    add 0.0055    
max lb -1.757049322128296 min lb -6.851559638977051
Number of Verified Splits: 0 of 576
Current worst splitting domains lb-rhs (depth):
-6.85156 (6), -6.85151 (6), -6.85151 (6), -6.85140 (6), -6.85118 (6), -6.84284 (6), -6.70247 (6), -6.70160 (6), -6.70087 (6), -6.69538 (6), -6.69369 (6), -6.68912 (6), -6.68517 (6), -6.67182 (6), -6.65173 (6), -6.63529 (6), -6.63468 (6), -6.63131 (6), -6.63126 (6), -6.61778 (6), 
Current (lb-rhs): -6.851559638977051
1008 domains visited
Length of domains: 576
Cumulative time: 0.694096565246582

BaB round 4
batch: 576
splitting decisions: 
split level 0: [/input-8, 8206] [/input-8, 6695] [/input-8, 9519] [/input-8, 4490] [/input-8, 7720] [/input, 5373] [/input-8, 12274] [/input, 5270] [/input-8, 6834] [/input-8, 8420] 
best_l after optimization: -5002.8115234375
beta sum per layer: [380.22222900390625, 3881.745361328125, 7.342782020568848]
alpha/beta optimization time: 0.28247904777526855
pruning_in_iteration open status: False
ratio of positive domain = 0 / 1152 = 0.0
pruning-in-iteration extra time: 5.793571472167969e-05
Time: pickout 0.0464    branching_decision 0.0003    decision 0.0003    set_bounds 0.0269    prepare 0.0245    transfer 0.0000    finalize 0.0572    func 0.3769    solve 0.2186    add 0.0066    bab_iteration 0.2628    
Accumulated time: bab_iteration 0.6475    pickout 0.0837    decision 0.0007    branching_decision 0.0006    set_bounds 0.0534    solve 0.5705    func 0.9473    prepare 0.0452    transfer 0.0002    finalize 0.1034    add 0.0121    
max lb -1.002617359161377 min lb -6.851503372192383
Number of Verified Splits: 0 of 1152
Current worst splitting domains lb-rhs (depth):
-6.85150 (7), -6.85141 (7), -6.85137 (7), -6.85137 (7), -6.85118 (7), -6.85081 (7), -6.85069 (7), -6.84245 (7), -6.84245 (7), -6.84142 (7), -6.79824 (7), -6.67097 (7), -6.67094 (7), -6.67007 (7), -6.66623 (7), -6.66389 (7), -6.65901 (7), -6.65592 (7), -6.65477 (7), -6.65330 (7), 
Current (lb-rhs): -6.851503372192383
2160 domains visited
Length of domains: 1152
Cumulative time: 1.1581981182098389

BaB round 5
batch: 1152
splitting decisions: 
split level 0: [/input-8, 8981] [/input, 3323] [/input-8, 9107] [/input-8, 6353] [/input, 5198] [/input-8, 9772] [/input-8, 5385] [/input-8, 8067] [/input-8, 6904] [/input-8, 5162] 
best_l after optimization: -9543.345703125
beta sum per layer: [868.799560546875, 10170.5263671875, 18.75957489013672]
alpha/beta optimization time: 0.6234822273254395
pruning_in_iteration open status: False
ratio of positive domain = 3 / 2304 = 0.0013020833333333703
pruning-in-iteration extra time: 5.412101745605469e-05
Time: pickout 0.0925    branching_decision 0.0005    decision 0.0006    set_bounds 0.0556    prepare 0.0495    transfer 0.0000    finalize 0.1119    func 0.8100    solve 0.3769    add 0.0132    bab_iteration 0.4641    
Accumulated time: bab_iteration 1.1116    pickout 0.1762    decision 0.0012    branching_decision 0.0011    set_bounds 0.1090    solve 0.9474    func 1.7573    prepare 0.0947    transfer 0.0002    finalize 0.2153    add 0.0253    
max lb 0.7250814437866211 min lb -6.85136604309082
Number of Verified Splits: 3 of 2304
Current worst splitting domains lb-rhs (depth):
-6.85137 (8), -6.85136 (8), -6.85136 (8), -6.85106 (8), -6.85081 (8), -6.85079 (8), -6.85071 (8), -6.85069 (8), -6.85067 (8), -6.84995 (8), -6.84945 (8), -6.84219 (8), -6.84219 (8), -6.84219 (8), -6.84124 (8), -6.84124 (8), -6.83510 (8), -6.82981 (8), -6.79475 (8), -6.78223 (8), 
Current (lb-rhs): -6.85136604309082
4464 domains visited
Length of domains: 2301
Cumulative time: 2.140699863433838

BaB round 6
batch: 2048
splitting decisions: 
split level 0: [/input-8, 6987] [/input-8, 3755] [/input-8, 4976] [/input-12, 63] [/input, 5076] [/input, 5011] [/input, 5727] [/input-8, 7145] [/input-8, 7529] [/input-8, 6840] 
best_l after optimization: -16094.6162109375
beta sum per layer: [1696.6143798828125, 22861.814453125, 35.93536376953125]
alpha/beta optimization time: 1.1139640808105469
pruning_in_iteration open status: False
ratio of positive domain = 6 / 4096 = 0.00146484375
pruning-in-iteration extra time: 5.6743621826171875e-05
Time: pickout 0.1649    branching_decision 0.0008    decision 0.0008    set_bounds 0.0898    prepare 0.0900    transfer 0.0001    finalize 0.3291    func 1.5743    solve 0.8100    add 0.0226    bab_iteration 0.9825    
Accumulated time: bab_iteration 2.0941    pickout 0.3411    decision 0.0020    branching_decision 0.0019    set_bounds 0.1988    solve 1.7575    func 3.3316    prepare 0.1848    transfer 0.0003    finalize 0.5443    add 0.0479    
max lb 0.355363130569458 min lb -6.85136604309082
Number of Verified Splits: 6 of 4096
Current worst splitting domains lb-rhs (depth):
-6.85137 (9), -6.85136 (9), -6.85136 (9), -6.85136 (9), -6.85081 (8), -6.85074 (9), -6.85069 (8), -6.85065 (9), -6.85064 (9), -6.84853 (9), -6.84727 (9), -6.84692 (9), -6.84475 (9), -6.84195 (9), -6.84190 (9), -6.84152 (9), -6.84108 (9), -6.84108 (9), -6.84108 (9), -6.83271 (9), 
Current (lb-rhs): -6.85136604309082
8560 domains visited
Length of domains: 4343
current_vram/total_varm: 11.2GB/47.7GB, batch_size increase to 4096
Cumulative time: 4.009550094604492

BaB round 7
batch: 4096
splitting decisions: 
split level 0: [/input-8, 7961] [/input, 5017] [/input-8, 8827] [/input, 5429] [/input-8, 5125] [/input-8, 7938] [/input-8, 4735] [/input-8, 8017] [/input-8, 3770] [/input-8, 10063] 
best_l after optimization: -30379.41015625
beta sum per layer: [3831.1962890625, 55428.71875, 89.28617858886719]
alpha/beta optimization time: 2.195511817932129
pruning_in_iteration open status: False
ratio of positive domain = 135 / 8192 = 0.0164794921875
pruning-in-iteration extra time: 5.698204040527344e-05
Time: pickout 0.3307    branching_decision 0.0012    decision 0.0012    set_bounds 0.1806    prepare 0.1840    transfer 0.0001    finalize 0.5393    func 2.9905    solve 1.5744    add 0.0372    bab_iteration 1.8688    
Accumulated time: bab_iteration 3.9629    pickout 0.6718    decision 0.0033    branching_decision 0.0031    set_bounds 0.3794    solve 3.3318    func 6.3221    prepare 0.3687    transfer 0.0003    finalize 1.0836    add 0.0851    
max lb 0.44133269786834717 min lb -6.85136604309082
Number of Verified Splits: 135 of 8192
Current worst splitting domains lb-rhs (depth):
-6.85137 (10), -6.85137 (10), -6.85136 (10), -6.85136 (10), -6.85136 (10), -6.85135 (10), -6.85081 (8), -6.85074 (10), -6.85074 (10), -6.85069 (8), -6.85065 (10), -6.85065 (10), -6.85051 (10), -6.84852 (10), -6.84709 (10), -6.84691 (10), -6.84566 (10), -6.84426 (10), -6.84182 (10), -6.84182 (10), 
Current (lb-rhs): -6.85136604309082
16752 domains visited
Length of domains: 8304
Cumulative time: 7.585135459899902

BaB round 8
batch: 4096
splitting decisions: 
split level 0: [/input-8, 3505] [/input-8, 7955] [/input-8, 5479] [/input-8, 9091] [/input, 5409] [/input-8, 7722] [/input-8, 5051] [/input-8, 4158] [/input-8, 9437] [/input-8, 8143] 
best_l after optimization: -28844.12109375
beta sum per layer: [4364.32421875, 65437.21484375, 116.78242492675781]
alpha/beta optimization time: 2.1999051570892334
pruning_in_iteration open status: False
ratio of positive domain = 111 / 8192 = 0.0135498046875
pruning-in-iteration extra time: 6.651878356933594e-05
Time: pickout 0.3338    branching_decision 0.0011    decision 0.0011    set_bounds 0.3481    prepare 0.1858    transfer 0.0001    finalize 0.4049    func 2.8632    solve 2.9906    add 0.0699    bab_iteration 3.5756    
Accumulated time: bab_iteration 7.5385    pickout 1.0056    decision 0.0044    branching_decision 0.0042    set_bounds 0.7275    solve 6.3224    func 9.1854    prepare 0.5545    transfer 0.0004    finalize 1.4885    add 0.1550    
max lb 0.3921046257019043 min lb -6.85136604309082
Number of Verified Splits: 111 of 8192
Current worst splitting domains lb-rhs (depth):
-6.85137 (10), -6.85137 (11), -6.85137 (11), -6.85136 (10), -6.85135 (11), -6.85135 (11), -6.85127 (11), -6.85124 (11), -6.85081 (8), -6.85074 (11), -6.85074 (10), -6.85074 (11), -6.85069 (8), -6.85065 (10), -6.85051 (10), -6.84953 (11), -6.84852 (10), -6.84709 (10), -6.84704 (11), -6.84691 (10), 
Current (lb-rhs): -6.85136604309082
24944 domains visited
Length of domains: 12289
Cumulative time: 11.197999477386475

BaB round 9
batch: 4096
splitting decisions: 
split level 0: [/input-8, 9737] [/input-8, 3686] [/input-8, 11863] [/input-8, 7535] [/input-8, 351] [/input-8, 6359] [/input-8, 9541] [/input-8, 11891] [/input-8, 6877] [/input-8, 9097] 
best_l after optimization: -27138.689453125
beta sum per layer: [4868.4423828125, 76459.2421875, 128.64736938476562]
alpha/beta optimization time: 2.1993677616119385
pruning_in_iteration open status: False
ratio of positive domain = 259 / 8192 = 0.0316162109375
pruning-in-iteration extra time: 6.079673767089844e-05
Time: pickout 0.3380    branching_decision 0.0010    decision 0.0011    set_bounds 0.4009    prepare 0.1879    transfer 0.0001    finalize 0.4002    func 2.8605    solve 2.8633    add 0.0634    bab_iteration 3.6129    
Accumulated time: bab_iteration 11.1513    pickout 1.3437    decision 0.0054    branching_decision 0.0053    set_bounds 1.1284    solve 9.1857    func 12.0459    prepare 0.7424    transfer 0.0005    finalize 1.8888    add 0.2184    
max lb 0.8443160057067871 min lb -6.85136604309082
Number of Verified Splits: 259 of 8192
Current worst splitting domains lb-rhs (depth):
-6.85137 (12), -6.85137 (10), -6.85137 (11), -6.85136 (10), -6.85135 (11), -6.85127 (11), -6.85081 (8), -6.85074 (11), -6.85074 (10), -6.85069 (8), -6.85065 (10), -6.85051 (10), -6.85045 (12), -6.85043 (12), -6.84953 (11), -6.84852 (10), -6.84709 (10), -6.84708 (12), -6.84704 (11), -6.84691 (10), 
Current (lb-rhs): -6.85136604309082
33136 domains visited
Length of domains: 16126
Cumulative time: 14.86463975906372

BaB round 10
batch: 4096
splitting decisions: 
split level 0: [/input-8, 8320] [/input-8, 9152] [/input-8, 9342] [/input-8, 6892] [/input-8, 5952] [/input-8, 6395] [/input, 3166] [/input-8, 5334] [/input, 3451] [/input-8, 8489] 
best_l after optimization: -25889.4375
beta sum per layer: [5448.72021484375, 86721.234375, 144.2489013671875]
alpha/beta optimization time: 2.198019504547119
pruning_in_iteration open status: False
ratio of positive domain = 349 / 8192 = 0.0426025390625
pruning-in-iteration extra time: 6.0558319091796875e-05
Time: pickout 0.3426    branching_decision 0.0010    decision 0.0011    set_bounds 0.3889    prepare 0.1877    transfer 0.0001    finalize 0.3965    func 2.8517    solve 2.8606    add 0.0626    bab_iteration 3.6666    
Accumulated time: bab_iteration 14.8180    pickout 1.6863    decision 0.0065    branching_decision 0.0063    set_bounds 1.5173    solve 12.0464    func 14.8976    prepare 0.9301    transfer 0.0005    finalize 2.2852    add 0.2809    
max lb 0.4102668762207031 min lb -6.850589752197266
Number of Verified Splits: 349 of 8192
Current worst splitting domains lb-rhs (depth):
-6.85137 (11), -6.85137 (10), -6.85136 (10), -6.85135 (11), -6.85127 (11), -6.85081 (8), -6.85074 (11), -6.85074 (10), -6.85069 (8), -6.85065 (10), -6.85059 (13), -6.85051 (10), -6.85043 (12), -6.84953 (11), -6.84852 (10), -6.84709 (10), -6.84708 (12), -6.84704 (11), -6.84691 (10), -6.84566 (11), 
Current (lb-rhs): -6.85136604309082
41328 domains visited
Length of domains: 19873
Cumulative time: 18.55583429336548

BaB round 11
batch: 4096
splitting decisions: 
split level 0: [/input-8, 7604] [/input-8, 9146] [/input-8, 12336] [/input-8, 4885] [/input-8, 8457] [/input-8, 9477] [/input-8, 3505] [/input-8, 9656] [/input-8, 12412] [/input-8, 6791] 
best_l after optimization: -24828.646484375
beta sum per layer: [6159.337890625, 96399.734375, 164.9872589111328]
alpha/beta optimization time: 2.197690486907959
pruning_in_iteration open status: False
ratio of positive domain = 282 / 8192 = 0.034423828125
pruning-in-iteration extra time: 7.939338684082031e-05
Time: pickout 0.3444    branching_decision 0.0011    decision 0.0011    set_bounds 0.1814    prepare 0.1872    transfer 0.0001    finalize 0.3989    func 3.0823    solve 2.8518    add 0.1033    bab_iteration 3.6912    
Accumulated time: bab_iteration 18.5092    pickout 2.0307    decision 0.0076    branching_decision 0.0074    set_bounds 1.6988    solve 14.8981    func 17.9799    prepare 1.1174    transfer 0.0006    finalize 2.6842    add 0.3842    
max lb 0.5654201507568359 min lb -6.819384574890137
Number of Verified Splits: 282 of 8192
Current worst splitting domains lb-rhs (depth):
-6.85137 (10), -6.85137 (11), -6.85136 (10), -6.85135 (11), -6.85127 (11), -6.85081 (8), -6.85074 (11), -6.85074 (10), -6.85069 (8), -6.85065 (10), -6.85059 (13), -6.85051 (10), -6.85043 (12), -6.84953 (11), -6.84852 (10), -6.84709 (10), -6.84708 (12), -6.84704 (11), -6.84691 (10), -6.84566 (11), 
Current (lb-rhs): -6.85136604309082
49520 domains visited
Length of domains: 23687
Cumulative time: 22.233837604522705

BaB round 12
batch: 4096
splitting decisions: 
split level 0: [/input, 4862] [/input-8, 12190] [/input, 3324] [/input-8, 8041] [/input-8, 10099] [/input-8, 8171] [/input-8, 6695] [/input-8, 12126] [/input, 3505] [/input-8, 212] 
best_l after optimization: -23478.291015625
beta sum per layer: [6826.892578125, 106320.3984375, 183.191162109375]
alpha/beta optimization time: 2.1980438232421875
pruning_in_iteration open status: False
ratio of positive domain = 403 / 8192 = 0.0491943359375
pruning-in-iteration extra time: 5.936622619628906e-05
Time: pickout 0.3477    branching_decision 0.0010    decision 0.0011    set_bounds 0.1823    prepare 0.1886    transfer 0.0001    finalize 0.3933    func 3.1153    solve 3.0824    add 0.0645    bab_iteration 3.6780    
Accumulated time: bab_iteration 22.1872    pickout 2.3783    decision 0.0086    branching_decision 0.0084    set_bounds 1.8810    solve 17.9805    func 21.0953    prepare 1.3060    transfer 0.0007    finalize 3.0774    add 0.4487    
max lb 0.6947824954986572 min lb -6.810976028442383
Number of Verified Splits: 403 of 8192
Current worst splitting domains lb-rhs (depth):
-6.85137 (10), -6.85137 (11), -6.85136 (10), -6.85135 (11), -6.85127 (11), -6.85081 (8), -6.85074 (10), -6.85074 (11), -6.85069 (8), -6.85065 (10), -6.85059 (13), -6.85051 (10), -6.85043 (12), -6.84953 (11), -6.84852 (10), -6.84709 (10), -6.84708 (12), -6.84704 (11), -6.84691 (10), -6.84566 (11), 
Current (lb-rhs): -6.85136604309082
57712 domains visited
Length of domains: 27380
Cumulative time: 25.94651436805725

BaB round 13
batch: 4096
splitting decisions: 
split level 0: [/input-8, 9037] [/input-8, 8999] [/input-8, 8397] [/input-8, 8856] [/input-8, 11952] [/input-8, 3511] [/input, 3569] [/input, 3201] [/input-8, 5342] [/input, 3250] 
best_l after optimization: -22445.51171875
beta sum per layer: [7660.029296875, 115552.9765625, 209.26358032226562]
alpha/beta optimization time: 2.1982438564300537
pruning_in_iteration open status: False
ratio of positive domain = 423 / 8192 = 0.0516357421875
pruning-in-iteration extra time: 7.939338684082031e-05
Time: pickout 0.3531    branching_decision 0.0010    decision 0.0010    set_bounds 0.1830    prepare 0.1890    transfer 0.0001    finalize 0.3932    func 2.8504    solve 3.1154    add 0.0620    bab_iteration 3.7127    
Accumulated time: bab_iteration 25.8998    pickout 2.7314    decision 0.0096    branching_decision 0.0094    set_bounds 2.0640    solve 21.0959    func 23.9456    prepare 1.4950    transfer 0.0008    finalize 3.4707    add 0.5108    
max lb 1.3996508121490479 min lb -6.800384521484375
Number of Verified Splits: 423 of 8192
Current worst splitting domains lb-rhs (depth):
-6.85137 (11), -6.85137 (10), -6.85136 (10), -6.85135 (11), -6.85127 (11), -6.85081 (8), -6.85074 (11), -6.85074 (10), -6.85069 (8), -6.85065 (10), -6.85059 (13), -6.85051 (10), -6.85043 (12), -6.84953 (11), -6.84852 (10), -6.84709 (10), -6.84708 (12), -6.84704 (11), -6.84691 (10), -6.84566 (11), 
Current (lb-rhs): -6.85136604309082
65904 domains visited
Length of domains: 31053
Cumulative time: 29.401931524276733

BaB round 14
batch: 4096
splitting decisions: 
split level 0: [/input, 4950] [/input, 3342] [/input, 3832] [/input-8, 7902] [/input-8, 12005] [/input-8, 12142] [/input-8, 6617] [/input-8, 12348] [/input-8, 4840] [/input-8, 9941] 
best_l after optimization: -21436.80859375
beta sum per layer: [8490.0380859375, 124871.0, 227.19444274902344]
alpha/beta optimization time: 2.1981048583984375
pruning_in_iteration open status: False
ratio of positive domain = 498 / 8192 = 0.060791015625
pruning-in-iteration extra time: 6.556510925292969e-05
Time: pickout 0.6502    branching_decision 0.0010    decision 0.0010    set_bounds 0.1831    prepare 0.1898    transfer 0.0001    finalize 0.3907    func 2.8479    solve 2.8504    add 0.0635    bab_iteration 3.4554    
Accumulated time: bab_iteration 29.3552    pickout 3.3816    decision 0.0107    branching_decision 0.0104    set_bounds 2.2471    solve 23.9463    func 26.7935    prepare 1.6848    transfer 0.0008    finalize 3.8614    add 0.5742    
max lb 1.295015573501587 min lb -6.795942306518555
Number of Verified Splits: 498 of 8192
Current worst splitting domains lb-rhs (depth):
-6.85137 (10), -6.85137 (11), -6.85136 (10), -6.85135 (11), -6.85127 (11), -6.85081 (8), -6.85074 (11), -6.85074 (10), -6.85069 (8), -6.85065 (10), -6.85059 (13), -6.85051 (10), -6.85043 (12), -6.84953 (11), -6.84852 (10), -6.84709 (10), -6.84708 (12), -6.84704 (11), -6.84691 (10), -6.84566 (11), 
Current (lb-rhs): -6.85136604309082
74096 domains visited
Length of domains: 34651
Cumulative time: 33.24129509925842

BaB round 15
batch: 4096
splitting decisions: 
split level 0: [/input-8, 8101] [/input-8, 6390] [/input-8, 9838] [/input-8, 3140] [/input-8, 9433] [/input-8, 7719] [/input, 5323] [/input-8, 6692] [/input-8, 10084] [/input-8, 12163] 
best_l after optimization: -20581.2109375
beta sum per layer: [9328.74609375, 134034.65625, 233.69049072265625]
alpha/beta optimization time: 2.199721097946167
pruning_in_iteration open status: False
ratio of positive domain = 529 / 8192 = 0.0645751953125
pruning-in-iteration extra time: 5.6743621826171875e-05
Time: pickout 0.3584    branching_decision 0.0010    decision 0.0010    set_bounds 0.1837    prepare 0.1889    transfer 0.0001    finalize 0.7131    func 3.1734    solve 2.8479    add 0.1520    bab_iteration 3.8394    
Accumulated time: bab_iteration 33.1946    pickout 3.7400    decision 0.0117    branching_decision 0.0114    set_bounds 2.4308    solve 26.7942    func 29.9669    prepare 1.8737    transfer 0.0009    finalize 4.5745    add 0.7262    
max lb 1.352898359298706 min lb -6.795982360839844
Number of Verified Splits: 529 of 8192
Current worst splitting domains lb-rhs (depth):
-6.85137 (10), -6.85137 (11), -6.85136 (10), -6.85135 (11), -6.85127 (11), -6.85081 (8), -6.85074 (11), -6.85074 (10), -6.85069 (8), -6.85065 (10), -6.85059 (13), -6.85051 (10), -6.85043 (12), -6.84953 (11), -6.84852 (10), -6.84709 (10), -6.84708 (12), -6.84704 (11), -6.84691 (10), -6.84566 (11), 
Current (lb-rhs): -6.85136604309082
82288 domains visited
Length of domains: 38218
Cumulative time: 37.02775764465332

BaB round 16
batch: 4096
splitting decisions: 
split level 0: [/input-8, 5070] [/input-8, 10167] [/input-12, 33] [/input-8, 4977] [/input-8, 11977] [/input-8, 9296] [/input-8, 9681] [/input, 3453] [/input, 4735] [/input-8, 9636] 
best_l after optimization: -19813.68359375
beta sum per layer: [10199.951171875, 141772.5625, 247.308837890625]
alpha/beta optimization time: 2.200098991394043
pruning_in_iteration open status: False
ratio of positive domain = 610 / 8192 = 0.074462890625
pruning-in-iteration extra time: 8.273124694824219e-05
Time: pickout 0.3598    branching_decision 0.0010    decision 0.0010    set_bounds 0.1830    prepare 0.1904    transfer 0.0001    finalize 0.3871    func 2.8475    solve 3.1734    add 0.0646    bab_iteration 3.7865    
Accumulated time: bab_iteration 36.9811    pickout 4.0998    decision 0.0127    branching_decision 0.0124    set_bounds 2.6138    solve 29.9676    func 32.8143    prepare 2.0640    transfer 0.0010    finalize 4.9617    add 0.7908    
max lb 1.4221656322479248 min lb -6.795982360839844
Number of Verified Splits: 610 of 8192
Current worst splitting domains lb-rhs (depth):
-6.85137 (11), -6.85137 (10), -6.85136 (10), -6.85135 (11), -6.85127 (11), -6.85081 (8), -6.85074 (11), -6.85074 (10), -6.85069 (8), -6.85065 (10), -6.85059 (13), -6.85051 (10), -6.85043 (12), -6.84953 (11), -6.84852 (10), -6.84709 (10), -6.84708 (12), -6.84704 (11), -6.84691 (10), -6.84566 (11), 
Current (lb-rhs): -6.85136604309082
90480 domains visited
Length of domains: 41704
Cumulative time: 40.485424518585205

BaB round 17
batch: 4096
splitting decisions: 
split level 0: [/input-8, 3224] [/input-8, 12008] [/input-8, 5368] [/input-8, 8890] [/input-8, 9983] [/input-8, 7180] [/input-8, 7738] [/input-8, 7879] [/input-8, 9499] [/input-8, 11872] 
best_l after optimization: -19231.57421875
beta sum per layer: [10982.3076171875, 149667.625, 259.928955078125]
alpha/beta optimization time: 2.200122594833374
pruning_in_iteration open status: False
ratio of positive domain = 731 / 8192 = 0.0892333984375
pruning-in-iteration extra time: 6.222724914550781e-05
Time: pickout 0.7557    branching_decision 0.0010    decision 0.0010    set_bounds 0.1836    prepare 0.1912    transfer 0.0001    finalize 0.3869    func 2.8485    solve 2.8475    add 0.0607    bab_iteration 3.4577    
Accumulated time: bab_iteration 40.4387    pickout 4.8555    decision 0.0138    branching_decision 0.0134    set_bounds 2.7974    solve 32.8152    func 35.6628    prepare 2.2552    transfer 0.0010    finalize 5.3485    add 0.8515    
max lb 0.612802267074585 min lb -6.795982360839844
Number of Verified Splits: 731 of 8192
Current worst splitting domains lb-rhs (depth):
-6.85137 (10), -6.85137 (11), -6.85136 (10), -6.85135 (11), -6.85127 (11), -6.85081 (8), -6.85074 (11), -6.85074 (10), -6.85069 (8), -6.85065 (10), -6.85059 (13), -6.85051 (10), -6.85043 (12), -6.84953 (11), -6.84852 (10), -6.84709 (10), -6.84708 (12), -6.84704 (11), -6.84691 (10), -6.84566 (11), 
Current (lb-rhs): -6.85136604309082
98672 domains visited
Length of domains: 45069
Cumulative time: 44.341148138046265

BaB round 18
batch: 4096
splitting decisions: 
split level 0: [/input, 5352] [/input, 242] [/input-8, 6441] [/input-8, 8723] [/input-8, 12542] [/input-8, 5170] [/input, 3604] [/input-8, 6907] [/input-8, 5066] [/input-8, 6793] 
best_l after optimization: -18909.9453125
beta sum per layer: [11789.14453125, 156657.59375, 256.3294677734375]
alpha/beta optimization time: 2.1999616622924805
pruning_in_iteration open status: False
ratio of positive domain = 765 / 8192 = 0.0933837890625
pruning-in-iteration extra time: 5.936622619628906e-05
Time: pickout 0.3618    branching_decision 0.0010    decision 0.0011    set_bounds 0.1838    prepare 0.1915    transfer 0.0001    finalize 0.3842    func 2.8453    solve 2.8485    add 0.0613    bab_iteration 3.8557    
Accumulated time: bab_iteration 44.2944    pickout 5.2172    decision 0.0148    branching_decision 0.0145    set_bounds 2.9812    solve 35.6637    func 38.5081    prepare 2.4467    transfer 0.0011    finalize 5.7327    add 0.9128    
max lb 1.0470740795135498 min lb -6.768208980560303
Number of Verified Splits: 765 of 8192
Current worst splitting domains lb-rhs (depth):
-6.85137 (10), -6.85137 (11), -6.85136 (10), -6.85135 (11), -6.85127 (11), -6.85081 (8), -6.85074 (11), -6.85074 (10), -6.85069 (8), -6.85065 (10), -6.85059 (13), -6.85051 (10), -6.85043 (12), -6.84953 (11), -6.84852 (10), -6.84709 (10), -6.84708 (12), -6.84704 (11), -6.84691 (10), -6.84566 (11), 
Current (lb-rhs): -6.85136604309082
106864 domains visited
Length of domains: 48400
Cumulative time: 48.189358711242676

BaB round 19
batch: 4096
splitting decisions: 
split level 0: [/input, 3142] [/input, 322] [/input, 4926] [/input-8, 12229] [/input-8, 8410] [/input-8, 9499] [/input-8, 8091] [/input-8, 3688] [/input-8, 10059] [/input, 3658] 
best_l after optimization: -18693.677734375
beta sum per layer: [12996.994140625, 163606.53125, 257.4866943359375]
alpha/beta optimization time: 2.199328899383545
pruning_in_iteration open status: False
ratio of positive domain = 681 / 8192 = 0.0831298828125
pruning-in-iteration extra time: 6.604194641113281e-05
Time: pickout 0.3663    branching_decision 0.0010    decision 0.0010    set_bounds 0.1842    prepare 0.1898    transfer 0.0001    finalize 0.3849    func 2.8438    solve 2.8454    add 0.4505    bab_iteration 3.8482    
Accumulated time: bab_iteration 48.1426    pickout 5.5836    decision 0.0159    branching_decision 0.0155    set_bounds 3.1654    solve 38.5090    func 41.3519    prepare 2.6365    transfer 0.0012    finalize 6.1177    add 1.3633    
max lb 0.6744222640991211 min lb -6.766604423522949
Number of Verified Splits: 681 of 8192
Current worst splitting domains lb-rhs (depth):
-6.85137 (10), -6.85137 (11), -6.85136 (10), -6.85135 (11), -6.85127 (11), -6.85081 (8), -6.85074 (10), -6.85074 (11), -6.85069 (8), -6.85065 (10), -6.85059 (13), -6.85051 (10), -6.85043 (12), -6.84953 (11), -6.84852 (10), -6.84709 (10), -6.84708 (12), -6.84704 (11), -6.84691 (10), -6.84566 (11), 
Current (lb-rhs): -6.85136604309082
115056 domains visited
Length of domains: 51815
Cumulative time: 51.654417991638184

BaB round 20
batch: 4096
splitting decisions: 
split level 0: [/input, 5261] [/input-8, 353] [/input-8, 11769] [/input-8, 6356] [/input, 3238] [/input, 3588] [/input-8, 5616] [/input-8, 2922] [/input-8, 8859] [/input-8, 8484] 
best_l after optimization: -18191.73046875
beta sum per layer: [13973.14453125, 171314.53125, 255.36016845703125]
alpha/beta optimization time: 2.199735164642334
pruning_in_iteration open status: False
ratio of positive domain = 779 / 8192 = 0.0950927734375
pruning-in-iteration extra time: 5.817413330078125e-05
Time: pickout 0.3657    branching_decision 0.0010    decision 0.0011    set_bounds 0.1821    prepare 0.1917    transfer 0.0001    finalize 0.8019    func 3.2619    solve 2.8438    add 0.0638    bab_iteration 3.4651    
Accumulated time: bab_iteration 51.6077    pickout 5.9493    decision 0.0170    branching_decision 0.0165    set_bounds 3.3475    solve 41.3528    func 44.6138    prepare 2.8282    transfer 0.0012    finalize 6.9196    add 1.4271    
max lb 0.5731666088104248 min lb -6.76359748840332
Number of Verified Splits: 779 of 8192
Current worst splitting domains lb-rhs (depth):
-6.85137 (11), -6.85137 (10), -6.85136 (10), -6.85135 (11), -6.85127 (11), -6.85081 (8), -6.85074 (11), -6.85074 (10), -6.85069 (8), -6.85065 (10), -6.85059 (13), -6.85051 (10), -6.85043 (12), -6.84953 (11), -6.84852 (10), -6.84709 (10), -6.84708 (12), -6.84704 (11), -6.84691 (10), -6.84566 (11), 
Current (lb-rhs): -6.85136604309082
123248 domains visited
Length of domains: 55132
Cumulative time: 55.534318923950195

BaB round 21
batch: 4096
splitting decisions: 
split level 0: [/input-8, 8861] [/input-8, 10114] [/input, 3497] [/input-8, 10048] [/input, 4797] [/input, 4716] [/input, 4776] [/input-8, 7174] [/input-8, 4911] [/input-8, 5096] 
best_l after optimization: -17952.279296875
beta sum per layer: [15048.0869140625, 177918.8125, 277.3040466308594]
alpha/beta optimization time: 2.1999199390411377
pruning_in_iteration open status: False
ratio of positive domain = 671 / 8192 = 0.0819091796875
pruning-in-iteration extra time: 6.127357482910156e-05
Time: pickout 0.3676    branching_decision 0.0011    decision 0.0011    set_bounds 0.1835    prepare 0.1914    transfer 0.0001    finalize 0.3901    func 2.8515    solve 3.2620    add 0.0628    bab_iteration 3.8799    
Accumulated time: bab_iteration 55.4876    pickout 6.3169    decision 0.0181    branching_decision 0.0176    set_bounds 3.5311    solve 44.6148    func 47.4653    prepare 3.0196    transfer 0.0013    finalize 7.3096    add 1.4898    
max lb 1.3002474308013916 min lb -6.713076114654541
Number of Verified Splits: 671 of 8192
Current worst splitting domains lb-rhs (depth):
-6.85137 (11), -6.85137 (10), -6.85136 (10), -6.85135 (11), -6.85127 (11), -6.85081 (8), -6.85074 (11), -6.85074 (10), -6.85069 (8), -6.85065 (10), -6.85059 (13), -6.85051 (10), -6.85043 (12), -6.84953 (11), -6.84852 (10), -6.84709 (10), -6.84708 (12), -6.84704 (11), -6.84691 (10), -6.84566 (11), 
Current (lb-rhs): -6.85136604309082
131440 domains visited
Length of domains: 58557
Time out!!!!!!!!
Result: unknown in 61.0229 seconds

 %%%%%%%%%%%%%%%%%%%%%%%%%%%%%%%%%%% idx: 3, vnnlib ID: 3 %%%%%%%%%%%%%%%%%%%%%%%%%%%%%%%%%%%
Finished vnnlib processing in 0.001706 seconds
Model: BoundedModule(
  (/input-1): BoundInput(name=/input-1, inputs=[], perturbed=True)
  (/shape): BoundBuffers(name=/shape, inputs=[], perturbed=False)
  (/12): BoundParams(name=/12, inputs=[], perturbed=False)
  (/13): BoundParams(name=/13, inputs=[], perturbed=False)
  (/14): BoundParams(name=/14, inputs=[], perturbed=False)
  (/15): BoundParams(name=/15, inputs=[], perturbed=False)
  (/16): BoundParams(name=/16, inputs=[], perturbed=False)
  (/17): BoundParams(name=/17, inputs=[], perturbed=False)
  (/18): BoundParams(name=/18, inputs=[], perturbed=False)
  (/19): BoundParams(name=/19, inputs=[], perturbed=False)
  (/20): BoundParams(name=/20, inputs=[], perturbed=False)
  (/21): BoundParams(name=/21, inputs=[], perturbed=False)
  (/input): BoundConv(name=/input, inputs=[/input-1, /12, /13], perturbed=True)
  (/input-4): BoundRelu(name=/input-4, inputs=[/input], perturbed=True)
  (/24): BoundConv(name=/24, inputs=[/input-4, /14, /15], perturbed=True)
  (/25): BoundConv(name=/25, inputs=[/input-4, /16, /17], perturbed=True)
  (/26): BoundAdd(name=/26, inputs=[/24, /25], perturbed=True)
  (/input-8): BoundConcat(name=/input-8, inputs=[/input, /26], perturbed=True)
  (/tensor): BoundRelu(name=/tensor, inputs=[/input-8], perturbed=True)
  (/30): BoundSplit(name=/30, inputs=[/tensor], perturbed=True)
  (/31): BoundSplit(name=/31, inputs=[/shape], perturbed=False)
  (/32): BoundSplit(name=/32, inputs=[/shape], perturbed=False)
  (/33): BoundConstant(name=/33, value=tensor([0], device='cuda:0'))
  (/34): BoundSqueeze(name=/34, inputs=[/31, /33], perturbed=False)
  (/35): BoundConstant(name=/35, value=tensor([0], device='cuda:0'))
  (/36): BoundSqueeze(name=/36, inputs=[/32, /35], perturbed=False)
  (/37): BoundConstant(name=/37, value=tensor([0], device='cuda:0'))
  (/38): BoundUnsqueeze(name=/38, inputs=[/34, /37], perturbed=False)
  (/39): BoundConstant(name=/39, value=tensor([0], device='cuda:0'))
  (/40): BoundUnsqueeze(name=/40, inputs=[/36, /39], perturbed=False)
  (/41): BoundConcat(name=/41, inputs=[/38, /40], perturbed=False)
  (/42): BoundReshape(name=/42, inputs=[/30, /41], perturbed=True)
  (/input-12): BoundLinear(name=/input-12, inputs=[/42, /18, /19], perturbed=True)
  (/44): BoundRelu(name=/44, inputs=[/input-12], perturbed=True)
  (/45): BoundLinear(name=/45, inputs=[/44, /20, /21], perturbed=True)
)
Original output in the first batch: tensor([[ 13.34669590, -13.53737545,   1.95782816,   1.93475866,  -1.80134821,
           5.67697096,   5.25120974,   2.18138456,   1.15733540,   0.68516707]],
       device='cuda:0')
Split layers:
Nonlinear functions:
   BoundRelu(name=/input-4, inputs=[/input], perturbed=True)
   BoundRelu(name=/tensor, inputs=[/input-8], perturbed=True)
   BoundRelu(name=/44, inputs=[/input-12], perturbed=True)
build batch [1/1]
layer /input-4 using sparse-features alpha with shape [1383]; unstable size 1383; total size 6272 ([1, 8, 28, 28])
layer /input-4 start_node /input-12 using sparse-spec alpha [2, 9, 1, 1383] with unstable size 8 total_size 64 output_shape torch.Size([64])
layer /input-4 start_node /45 using full alpha [2, 9, 1, 1383] with unstable size None total_size 9 output_shape 9
layer /tensor using sparse-features alpha with shape [4446]; unstable size 4446; total size 12544 ([1, 16, 28, 28])
layer /tensor start_node /input-12 using sparse-spec alpha [2, 9, 1, 4446] with unstable size 8 total_size 64 output_shape torch.Size([64])
layer /tensor start_node /45 using full alpha [2, 9, 1, 4446] with unstable size None total_size 9 output_shape 9
layer /44 using sparse-features alpha with shape [8]; unstable size 8; total size 64 ([1, 64])
layer /44 start_node /45 using full alpha [2, 9, 1, 8] with unstable size None total_size 9 output_shape 9
Optimizable variables initialized.
initial CROWN bounds (first 10 items): [17.74565887451172, 2.368579387664795, 2.567626476287842, 6.700605869293213, 1.5558414459228516, 1.1092033386230469, 1.2516183853149414, 6.05556058883667, 4.367237091064453]
Verified with initial CROWN!
verified with init bound!
Result: safe-incomplete in 0.2482 seconds

 %%%%%%%%%%%%%%%%%%%%%%%%%%%%%%%%%%% idx: 4, vnnlib ID: 4 %%%%%%%%%%%%%%%%%%%%%%%%%%%%%%%%%%%
Finished vnnlib processing in 0.001323 seconds
Model: BoundedModule(
  (/input-1): BoundInput(name=/input-1, inputs=[], perturbed=True)
  (/shape): BoundBuffers(name=/shape, inputs=[], perturbed=False)
  (/12): BoundParams(name=/12, inputs=[], perturbed=False)
  (/13): BoundParams(name=/13, inputs=[], perturbed=False)
  (/14): BoundParams(name=/14, inputs=[], perturbed=False)
  (/15): BoundParams(name=/15, inputs=[], perturbed=False)
  (/16): BoundParams(name=/16, inputs=[], perturbed=False)
  (/17): BoundParams(name=/17, inputs=[], perturbed=False)
  (/18): BoundParams(name=/18, inputs=[], perturbed=False)
  (/19): BoundParams(name=/19, inputs=[], perturbed=False)
  (/20): BoundParams(name=/20, inputs=[], perturbed=False)
  (/21): BoundParams(name=/21, inputs=[], perturbed=False)
  (/input): BoundConv(name=/input, inputs=[/input-1, /12, /13], perturbed=True)
  (/input-4): BoundRelu(name=/input-4, inputs=[/input], perturbed=True)
  (/24): BoundConv(name=/24, inputs=[/input-4, /14, /15], perturbed=True)
  (/25): BoundConv(name=/25, inputs=[/input-4, /16, /17], perturbed=True)
  (/26): BoundAdd(name=/26, inputs=[/24, /25], perturbed=True)
  (/input-8): BoundConcat(name=/input-8, inputs=[/input, /26], perturbed=True)
  (/tensor): BoundRelu(name=/tensor, inputs=[/input-8], perturbed=True)
  (/30): BoundSplit(name=/30, inputs=[/tensor], perturbed=True)
  (/31): BoundSplit(name=/31, inputs=[/shape], perturbed=False)
  (/32): BoundSplit(name=/32, inputs=[/shape], perturbed=False)
  (/33): BoundConstant(name=/33, value=tensor([0], device='cuda:0'))
  (/34): BoundSqueeze(name=/34, inputs=[/31, /33], perturbed=False)
  (/35): BoundConstant(name=/35, value=tensor([0], device='cuda:0'))
  (/36): BoundSqueeze(name=/36, inputs=[/32, /35], perturbed=False)
  (/37): BoundConstant(name=/37, value=tensor([0], device='cuda:0'))
  (/38): BoundUnsqueeze(name=/38, inputs=[/34, /37], perturbed=False)
  (/39): BoundConstant(name=/39, value=tensor([0], device='cuda:0'))
  (/40): BoundUnsqueeze(name=/40, inputs=[/36, /39], perturbed=False)
  (/41): BoundConcat(name=/41, inputs=[/38, /40], perturbed=False)
  (/42): BoundReshape(name=/42, inputs=[/30, /41], perturbed=True)
  (/input-12): BoundLinear(name=/input-12, inputs=[/42, /18, /19], perturbed=True)
  (/44): BoundRelu(name=/44, inputs=[/input-12], perturbed=True)
  (/45): BoundLinear(name=/45, inputs=[/44, /20, /21], perturbed=True)
)
Original output in the first batch: tensor([[-0.59063834, -5.65829182,  2.45050716, -1.02024698,  6.95339012,
          1.11910069, -0.88829160,  3.55127597,  1.19224513,  3.18715358]],
       device='cuda:0')
Split layers:
Nonlinear functions:
   BoundRelu(name=/input-4, inputs=[/input], perturbed=True)
   BoundRelu(name=/tensor, inputs=[/input-8], perturbed=True)
   BoundRelu(name=/44, inputs=[/input-12], perturbed=True)
build batch [1/1]
layer /input-4 using sparse-features alpha with shape [1529]; unstable size 1529; total size 6272 ([1, 8, 28, 28])
layer /input-4 start_node /input-12 using sparse-spec alpha [2, 17, 1, 1529] with unstable size 16 total_size 64 output_shape torch.Size([64])
layer /input-4 start_node /45 using full alpha [2, 9, 1, 1529] with unstable size None total_size 9 output_shape 9
layer /tensor using sparse-features alpha with shape [4991]; unstable size 4991; total size 12544 ([1, 16, 28, 28])
layer /tensor start_node /input-12 using sparse-spec alpha [2, 17, 1, 4991] with unstable size 16 total_size 64 output_shape torch.Size([64])
layer /tensor start_node /45 using full alpha [2, 9, 1, 4991] with unstable size None total_size 9 output_shape 9
layer /44 using sparse-features alpha with shape [16]; unstable size 16; total size 64 ([1, 64])
layer /44 start_node /45 using full alpha [2, 9, 1, 16] with unstable size None total_size 9 output_shape 9
Optimizable variables initialized.
initial CROWN bounds (first 10 items): [-1.2726879119873047, 5.247614860534668, -4.585092067718506, -2.2146034240722656, -2.0976390838623047, -1.6408758163452148, -4.35749626159668, -1.7747652530670166, -2.2608482837677]
prune_after_crown optimization in use
  original spec size = torch.Size([1, 9])
  pruned spec size = torch.Size([1, 8])
Using alpha-CROWN to initialize bounds.
best_l after optimization: -17.802566528320312
alpha/beta optimization time: 1.3300273418426514
initial alpha-crown bounds (first 10 items): [-0.9942629337310791, -4.361307621002197, -1.5859251022338867, -1.8827073574066162, -1.3235206604003906, -4.107292175292969, -1.4908041954040527, -2.0567471981048584]
Global lower bound: -4.361307621002197
1 / 9 OR specs are verified.
Verified OR indices (first 10 items): [1]
Verified OR lbs (first 10 items): [[inf]]
Unverified OR indices (first 10 items): [0, 2, 3, 4, 5, 6, 7, 8]
Unverified OR lbs (first 10 items): [[-0.9942629337310791], [-4.361307621002197], [-1.5859251022338867], [-1.8827073574066162], [-1.3235206604003906], [-4.107292175292969], [-1.4908041954040527], [-2.0567471981048584]]
###### Verifying property Instance 4 ######
Batch size: 8
First 10 spec matrices
C: tensor([[[-1.,  0.,  0.,  0.,  1.,  0.,  0.,  0.,  0.,  0.]],

        [[ 0.,  0., -1.,  0.,  1.,  0.,  0.,  0.,  0.,  0.]],

        [[ 0.,  0.,  0., -1.,  1.,  0.,  0.,  0.,  0.,  0.]],

        [[ 0.,  0.,  0.,  0.,  1., -1.,  0.,  0.,  0.,  0.]],

        [[ 0.,  0.,  0.,  0.,  1.,  0., -1.,  0.,  0.,  0.]],

        [[ 0.,  0.,  0.,  0.,  1.,  0.,  0., -1.,  0.,  0.]],

        [[ 0.,  0.,  0.,  0.,  1.,  0.,  0.,  0., -1.,  0.]],

        [[ 0.,  0.,  0.,  0.,  1.,  0.,  0.,  0.,  0., -1.]]], device='cuda:0')
RHS: tensor([[0.],
        [0.],
        [0.],
        [0.],
        [0.],
        [0.],
        [0.],
        [0.]], device='cuda:0')
OR spec sizes: tensor([1, 1, 1, 1, 1, 1, 1, 1], device='cuda:0', dtype=torch.int32)
Remaining timeout: 58.47238111495972
Model prediction is: tensor([-0.59063834, -5.65829182,  2.45050716, -1.02024698,  6.95339012,
         1.11910069, -0.88829160,  3.55127597,  1.19224513,  3.18715358],
       device='cuda:0')
Activation BaB batch 1/1 
build_with_refined_bounds batch [1/1]
Optimizable variables initialized.
all alpha initialized
directly get lb and ub from refined bounds
c shape: torch.Size([8, 1, 10])
lA shapes: [torch.Size([8, 1, 8, 28, 28]), torch.Size([8, 1, 16, 28, 28]), torch.Size([8, 1, 64])]
(alpha-)CROWN with fixed intermediate bounds: tensor([[-0.99426293],
        [-4.36130762],
        [-1.58592510],
        [-1.88270736],
        [-1.32352066],
        [-4.10729218],
        [-1.49080420],
        [-2.05674720]], device='cuda:0') tensor([[inf],
        [inf],
        [inf],
        [inf],
        [inf],
        [inf],
        [inf],
        [inf]], device='cuda:0')
Intermediate layers: /input,/input-8,/input-12
Keeping alphas for these layers: ['/45']
Node /input-4 input 0: size torch.Size([8, 28, 28]) unstable 1529
Node /tensor input 0: size torch.Size([16, 28, 28]) unstable 4991
Node /44 input 0: size torch.Size([64]) unstable 16
-----------------
# of unstable neurons: 6536
-----------------

BaB round 1
batch: 8
splitting decisions: 
split level 0: [/input-8, 10176] [/input, 3203] [/input-8, 9254] [/input, 4738] [/input-8, 8004] [/input-8, 12530] [/input, 3540] [/input-8, 5758] 
split level 1: [/input, 3700] [/input-8, 7646] [/input-8, 6807] [/input, 4582] [/input, 5344] [/input-8, 9631] [/input, 5474] [/input-8, 6390] 
split level 2: [/input-8, 4875] [/input-8, 6991] [/input-8, 12036] [/input-8, 7881] [/input-8, 11907] [/input, 3832] [/input-8, 6998] [/input-8, 8960] 
split level 3: [/input-8, 7703] [/input, 5265] [/input-8, 3292] [/input-8, 8636] [/input, 3757] [/input-8, 12178] [/input-8, 6976] [/input, 3889] 
best_l after optimization: -277.69183349609375
beta sum per layer: [18.37354278564453, 59.60850143432617, 0.0]
alpha/beta optimization time: 0.14972972869873047
pruning_in_iteration open status: False
ratio of positive domain = 0 / 128 = 0.0
pruning-in-iteration extra time: 5.650520324707031e-05
Time: pickout 0.0029    branching_decision 0.0001    decision 0.0001    set_bounds 0.0059    prepare 0.0019    transfer 0.0000    finalize 0.0071    func 0.1632    
Accumulated time: bab_iteration 0.0000    pickout 0.0029    decision 0.0001    branching_decision 0.0001    set_bounds 0.0059    solve 0.0000    func 0.1632    prepare 0.0019    transfer 0.0000    finalize 0.0071    
max lb -0.8138852119445801 min lb -4.361165523529053
Number of Verified Splits: 0 of 128
Current worst splitting domains lb-rhs (depth):
-4.36117 (4), -4.36088 (4), -4.35995 (4), -4.35974 (4), -4.34719 (4), -4.34691 (4), -4.34604 (4), -4.34576 (4), -4.18272 (4), -4.18244 (4), -4.18162 (4), -4.18133 (4), -4.16875 (4), -4.16846 (4), -4.16764 (4), -4.16736 (4), -4.10567 (4), -4.10412 (4), -4.10141 (4), -4.09997 (4), 
Current (lb-rhs): -4.361165523529053
128 domains visited
Length of domains: 128
Cumulative time: 0.20403218269348145

BaB round 2
batch: 128
splitting decisions: 
split level 0: [/input-8, 12042] [/input-8, 12092] [/input-8, 7731] [/input-8, 5107] [/input-8, 12052] [/input, 3365] [/input-8, 10096] [/input-8, 5389] [/input-8, 6858] [/input-8, 12174] 
best_l after optimization: -539.7086791992188
beta sum per layer: [56.32398223876953, 253.29844665527344, 0.0]
alpha/beta optimization time: 0.1621413230895996
pruning_in_iteration open status: False
ratio of positive domain = 0 / 256 = 0.0
pruning-in-iteration extra time: 5.340576171875e-05
Time: pickout 0.0114    branching_decision 0.0001    decision 0.0001    set_bounds 0.0061    prepare 0.0057    transfer 0.0000    finalize 0.0130    func 0.1867    solve 0.1632    add 0.0019    bab_iteration 0.1741    
Accumulated time: bab_iteration 0.1741    pickout 0.0144    decision 0.0002    branching_decision 0.0002    set_bounds 0.0120    solve 0.1632    func 0.3498    prepare 0.0076    transfer 0.0001    finalize 0.0201    add 0.0019    
max lb -0.5224447250366211 min lb -4.361162185668945
Number of Verified Splits: 0 of 256
Current worst splitting domains lb-rhs (depth):
-4.36116 (5), -4.36088 (5), -4.35995 (5), -4.35995 (5), -4.35966 (5), -4.35966 (5), -4.35927 (5), -4.34635 (5), -4.34630 (5), -4.34587 (5), -4.34283 (5), -4.34042 (5), -4.33682 (5), -4.27745 (5), -4.23787 (5), -4.16319 (5), -4.10565 (5), -4.10565 (5), -4.10393 (5), -4.10135 (5), 
Current (lb-rhs): -4.361162185668945
384 domains visited
Length of domains: 256
Cumulative time: 0.41165995597839355

BaB round 3
batch: 256
splitting decisions: 
split level 0: [/input-8, 6677] [/input, 3150] [/input, 5416] [/input-8, 7367] [/input-8, 8456] [/input, 5320] [/input, 354] [/input-8, 7952] [/input, 3267] [/input, 3456] 
best_l after optimization: -1040.3489990234375
beta sum per layer: [144.7859649658203, 812.1053466796875, 0.3290573060512543]
alpha/beta optimization time: 0.18192124366760254
pruning_in_iteration open status: False
ratio of positive domain = 1 / 512 = 0.001953125
pruning-in-iteration extra time: 5.340576171875e-05
Time: pickout 0.0219    branching_decision 0.0002    decision 0.0002    set_bounds 0.0119    prepare 0.0114    transfer 0.0000    finalize 0.0233    func 0.2242    solve 0.1867    add 0.0031    bab_iteration 0.2076    
Accumulated time: bab_iteration 0.3818    pickout 0.0362    decision 0.0004    branching_decision 0.0003    set_bounds 0.0239    solve 0.3499    func 0.5741    prepare 0.0190    transfer 0.0001    finalize 0.0434    add 0.0050    
max lb 0.7216339111328125 min lb -4.361161708831787
Number of Verified Splits: 1 of 512
Current worst splitting domains lb-rhs (depth):
-4.36116 (6), -4.36116 (6), -4.36086 (6), -4.35995 (6), -4.35995 (6), -4.35974 (6), -4.35966 (6), -4.35966 (6), -4.35915 (6), -4.35901 (6), -4.34629 (6), -4.34629 (6), -4.34627 (6), -4.34587 (6), -4.34412 (6), -4.34283 (6), -4.34047 (6), -4.34032 (6), -4.34032 (6), -4.33661 (6), 
Current (lb-rhs): -4.361161708831787
896 domains visited
Length of domains: 511
Cumulative time: 0.6754646301269531

BaB round 4
batch: 511
splitting decisions: 
split level 0: [/input-8, 6805] [/input, 5461] [/input-8, 6857] [/input-8, 7717] [/input-8, 1139] [/input-8, 12437] [/input-8, 4751] [/input-8, 7916] [/input-8, 4907] [/input-8, 4756] 
best_l after optimization: -1992.48095703125
beta sum per layer: [335.9714660644531, 2300.36328125, 0.23732654750347137]
alpha/beta optimization time: 0.2476944923400879
pruning_in_iteration open status: False
ratio of positive domain = 13 / 1022 = 0.012720156555772966
pruning-in-iteration extra time: 7.891654968261719e-05
Time: pickout 0.0437    branching_decision 0.0002    decision 0.0003    set_bounds 0.0235    prepare 0.0223    transfer 0.0001    finalize 0.0511    func 0.3328    solve 0.2243    add 0.0053    bab_iteration 0.2638    
Accumulated time: bab_iteration 0.6456    pickout 0.0799    decision 0.0007    branching_decision 0.0006    set_bounds 0.0473    solve 0.5742    func 0.9068    prepare 0.0413    transfer 0.0002    finalize 0.0945    add 0.0103    
max lb 1.038973093032837 min lb -4.361161708831787
Number of Verified Splits: 13 of 1022
Current worst splitting domains lb-rhs (depth):
-4.36116 (7), -4.36086 (7), -4.36084 (7), -4.36084 (7), -4.35995 (7), -4.35995 (7), -4.35995 (7), -4.35966 (7), -4.35966 (7), -4.35946 (7), -4.35905 (7), -4.35893 (7), -4.35893 (7), -4.35871 (7), -4.35859 (7), -4.34629 (7), -4.34627 (7), -4.34627 (7), -4.34545 (7), -4.34506 (7), 
Current (lb-rhs): -4.361161708831787
1918 domains visited
Length of domains: 1009
Cumulative time: 1.0860345363616943

BaB round 5
batch: 1009
splitting decisions: 
split level 0: [/input-8, 7156] [/input-8, 9917] [/input-8, 10058] [/input-8, 3562] [/input-8, 12334] [/input-8, 9537] [/input-8, 8136] [/input-8, 5349] [/input-8, 11860] [/input-8, 7935] 
best_l after optimization: -3792.828857421875
beta sum per layer: [769.8818969726562, 5956.3564453125, 0.3291073143482208]
alpha/beta optimization time: 0.5259754657745361
pruning_in_iteration open status: False
ratio of positive domain = 30 / 2018 = 0.014866204162537144
pruning-in-iteration extra time: 5.269050598144531e-05
Time: pickout 0.0837    branching_decision 0.0004    decision 0.0004    set_bounds 0.0449    prepare 0.0441    transfer 0.0000    finalize 0.0974    func 0.6882    solve 0.3328    add 0.0099    bab_iteration 0.4106    
Accumulated time: bab_iteration 1.0561    pickout 0.1637    decision 0.0011    branching_decision 0.0010    set_bounds 0.0922    solve 0.9070    func 1.5950    prepare 0.0854    transfer 0.0003    finalize 0.1919    add 0.0202    
max lb 1.4114623069763184 min lb -4.361156940460205
Number of Verified Splits: 30 of 2018
Current worst splitting domains lb-rhs (depth):
-4.36116 (8), -4.36082 (8), -4.36077 (8), -4.36037 (8), -4.35995 (8), -4.35995 (8), -4.35966 (8), -4.35966 (8), -4.35958 (8), -4.35946 (8), -4.35946 (8), -4.35901 (8), -4.35898 (8), -4.35882 (8), -4.35882 (8), -4.35869 (8), -4.35837 (8), -4.35832 (8), -4.35824 (8), -4.35777 (8), 
Current (lb-rhs): -4.361156940460205
3936 domains visited
Length of domains: 1988
Cumulative time: 1.9224660396575928

BaB round 6
batch: 1988
splitting decisions: 
split level 0: [/input-8, 11791] [/input, 3529] [/input-8, 4737] [/input, 3840] [/input-8, 7115] [/input, 4848] [/input-8, 12404] [/input-8, 10114] [/input-8, 7758] [/input-8, 12150] 
best_l after optimization: -7149.359375
beta sum per layer: [1742.0380859375, 14831.7080078125, 3.318516731262207]
alpha/beta optimization time: 1.083475112915039
pruning_in_iteration open status: False
ratio of positive domain = 112 / 3976 = 0.028169014084507005
pruning-in-iteration extra time: 5.7220458984375e-05
Time: pickout 0.1632    branching_decision 0.0008    decision 0.0008    set_bounds 0.0880    prepare 0.0885    transfer 0.0000    finalize 0.3299    func 1.5404    solve 0.6882    add 0.0181    bab_iteration 0.8364    
Accumulated time: bab_iteration 1.8925    pickout 0.3269    decision 0.0019    branching_decision 0.0018    set_bounds 0.1802    solve 1.5952    func 3.1354    prepare 0.1739    transfer 0.0003    finalize 0.5218    add 0.0383    
max lb 1.618919849395752 min lb -4.360766410827637
Number of Verified Splits: 112 of 3976
Current worst splitting domains lb-rhs (depth):
-4.36077 (9), -4.36077 (9), -4.36073 (9), -4.36072 (9), -4.35996 (9), -4.35995 (9), -4.35995 (9), -4.35966 (9), -4.35966 (9), -4.35966 (9), -4.35958 (9), -4.35958 (9), -4.35946 (9), -4.35900 (9), -4.35870 (9), -4.35869 (9), -4.35864 (9), -4.35837 (9), -4.35824 (9), -4.35777 (9), 
Current (lb-rhs): -4.360766410827637
7912 domains visited
Length of domains: 3864
Cumulative time: 3.7480199337005615

BaB round 7
batch: 2048
splitting decisions: 
split level 0: [/input, 300] [/input-8, 6337] [/input-8, 3633] [/input, 463] [/input, 4463] [/input-8, 3192] [/input-8, 9813] [/input-8, 6691] [/input-8, 3487] [/input-8, 7875] 
best_l after optimization: -7083.8916015625
beta sum per layer: [2093.0009765625, 19051.265625, 3.4803085327148438]
alpha/beta optimization time: 1.0978736877441406
pruning_in_iteration open status: False
ratio of positive domain = 191 / 4096 = 0.046630859375
pruning-in-iteration extra time: 5.459785461425781e-05
Time: pickout 0.1673    branching_decision 0.0006    decision 0.0007    set_bounds 0.0907    prepare 0.0913    transfer 0.0000    finalize 0.1855    func 1.4116    solve 1.5405    add 0.0315    bab_iteration 1.8255    
Accumulated time: bab_iteration 3.7181    pickout 0.4942    decision 0.0026    branching_decision 0.0024    set_bounds 0.2709    solve 3.1357    func 4.5471    prepare 0.2652    transfer 0.0004    finalize 0.7073    add 0.0698    
max lb 1.7979373931884766 min lb -4.360226154327393
Number of Verified Splits: 191 of 4096
Current worst splitting domains lb-rhs (depth):
-4.36077 (9), -4.36073 (9), -4.36072 (9), -4.36023 (10), -4.35996 (9), -4.35995 (9), -4.35981 (10), -4.35966 (10), -4.35966 (9), -4.35966 (10), -4.35966 (9), -4.35958 (9), -4.35957 (10), -4.35946 (9), -4.35903 (10), -4.35870 (9), -4.35869 (10), -4.35869 (10), -4.35864 (9), -4.35855 (10), 
Current (lb-rhs): -4.360766410827637
12008 domains visited
Length of domains: 5721
current_vram/total_varm: 14.6GB/47.7GB, batch_size increase to 4096
Cumulative time: 5.459851026535034

BaB round 8
batch: 4096
splitting decisions: 
split level 0: [/input-8, 6339] [/input, 5017] [/input, 3206] [/input-8, 9475] [/input-8, 8962] [/input, 4905] [/input-8, 7655] [/input-8, 12515] [/input-8, 4838] [/input-8, 6630] 
best_l after optimization: -13886.87109375
beta sum per layer: [4647.75, 45035.0703125, 12.707757949829102]
alpha/beta optimization time: 2.1820075511932373
pruning_in_iteration open status: False
ratio of positive domain = 293 / 8192 = 0.0357666015625
pruning-in-iteration extra time: 5.7697296142578125e-05
Time: pickout 0.4969    branching_decision 0.0011    decision 0.0011    set_bounds 0.1811    prepare 0.1861    transfer 0.0001    finalize 0.3935    func 2.8328    solve 1.4117    add 0.0397    bab_iteration 1.7118    
Accumulated time: bab_iteration 5.4299    pickout 0.9911    decision 0.0037    branching_decision 0.0036    set_bounds 0.4521    solve 4.5473    func 7.3799    prepare 0.4513    transfer 0.0004    finalize 1.1008    add 0.1095    
max lb 1.1594069004058838 min lb -4.360226154327393
Number of Verified Splits: 293 of 8192
Current worst splitting domains lb-rhs (depth):
-4.36077 (9), -4.36073 (9), -4.36072 (9), -4.36023 (11), -4.36023 (11), -4.35996 (9), -4.35995 (9), -4.35981 (11), -4.35981 (11), -4.35966 (9), -4.35966 (9), -4.35965 (11), -4.35965 (11), -4.35958 (9), -4.35957 (11), -4.35946 (9), -4.35901 (11), -4.35892 (11), -4.35889 (11), -4.35870 (9), 
Current (lb-rhs): -4.360766410827637
20200 domains visited
Length of domains: 9524
Cumulative time: 9.200259447097778

BaB round 9
batch: 4096
splitting decisions: 
split level 0: [/input-8, 5368] [/input, 3768] [/input, 3039] [/input-8, 10089] [/input-8, 8828] [/input, 3504] [/input-8, 12082] [/input-8, 6418] [/input, 3040] [/input-8, 5479] 
best_l after optimization: -13236.111328125
beta sum per layer: [5333.146484375, 53064.828125, 24.382627487182617]
alpha/beta optimization time: 2.1770823001861572
pruning_in_iteration open status: False
ratio of positive domain = 441 / 8192 = 0.0538330078125
pruning-in-iteration extra time: 7.987022399902344e-05
Time: pickout 0.3412    branching_decision 0.0012    decision 0.0012    set_bounds 0.1814    prepare 0.1866    transfer 0.0001    finalize 0.3709    func 2.9839    solve 2.8329    add 0.2254    bab_iteration 3.7404    
Accumulated time: bab_iteration 9.1703    pickout 1.3323    decision 0.0049    branching_decision 0.0047    set_bounds 0.6334    solve 7.3803    func 10.3638    prepare 0.6379    transfer 0.0005    finalize 1.4717    add 0.3350    
max lb 1.4664702415466309 min lb -4.360226154327393
Number of Verified Splits: 441 of 8192
Current worst splitting domains lb-rhs (depth):
-4.36077 (9), -4.36073 (9), -4.36072 (9), -4.36023 (11), -4.36023 (12), -4.36023 (12), -4.35996 (9), -4.35995 (9), -4.35981 (11), -4.35981 (12), -4.35980 (12), -4.35966 (9), -4.35966 (9), -4.35965 (12), -4.35965 (11), -4.35965 (12), -4.35958 (9), -4.35946 (9), -4.35901 (11), -4.35892 (11), 
Current (lb-rhs): -4.360766410827637
28392 domains visited
Length of domains: 13179
Cumulative time: 12.770954847335815

BaB round 10
batch: 4096
splitting decisions: 
split level 0: [/input-8, 12538] [/input, 5064] [/input-8, 7752] [/input, 3372] [/input, 4906] [/input-12, 17] [/input-8, 7871] [/input, 2503] [/input-8, 6595] [/input, 4968] 
best_l after optimization: -12814.6953125
beta sum per layer: [6066.4296875, 61380.65625, 33.30390167236328]
alpha/beta optimization time: 2.1793761253356934
pruning_in_iteration open status: False
ratio of positive domain = 479 / 8192 = 0.0584716796875
pruning-in-iteration extra time: 5.841255187988281e-05
Time: pickout 0.3439    branching_decision 0.0011    decision 0.0012    set_bounds 0.1810    prepare 0.1861    transfer 0.0001    finalize 0.3703    func 2.8073    solve 2.9839    add 0.0599    bab_iteration 3.5707    
Accumulated time: bab_iteration 12.7410    pickout 1.6762    decision 0.0061    branching_decision 0.0059    set_bounds 0.8145    solve 10.3642    func 13.1711    prepare 0.8240    transfer 0.0005    finalize 1.8420    add 0.3948    
max lb 1.6561305522918701 min lb -4.359988212585449
Number of Verified Splits: 479 of 8192
Current worst splitting domains lb-rhs (depth):
-4.36077 (9), -4.36073 (9), -4.36072 (9), -4.36023 (11), -4.36023 (12), -4.35999 (13), -4.35996 (9), -4.35995 (9), -4.35981 (11), -4.35981 (12), -4.35968 (13), -4.35966 (9), -4.35966 (9), -4.35965 (12), -4.35965 (13), -4.35965 (11), -4.35958 (9), -4.35953 (13), -4.35946 (9), -4.35937 (13), 
Current (lb-rhs): -4.360766410827637
36584 domains visited
Length of domains: 16796
Cumulative time: 16.401362657546997

BaB round 11
batch: 4096
splitting decisions: 
split level 0: [/input-8, 6596] [/input-8, 6889] [/input-8, 3612] [/input-8, 5152] [/input-8, 4780] [/input-8, 6746] [/input, 3848] [/input-8, 5380] [/input, 4878] [/input-8, 10176] 
best_l after optimization: -12361.107421875
beta sum per layer: [6855.6728515625, 70496.40625, 32.70771026611328]
alpha/beta optimization time: 2.181335687637329
pruning_in_iteration open status: False
ratio of positive domain = 489 / 8192 = 0.0596923828125
pruning-in-iteration extra time: 6.628036499023438e-05
Time: pickout 0.3458    branching_decision 0.0011    decision 0.0011    set_bounds 0.1828    prepare 0.1888    transfer 0.0001    finalize 0.3838    func 2.8242    solve 2.8074    add 0.2933    bab_iteration 3.6304    
Accumulated time: bab_iteration 16.3714    pickout 2.0220    decision 0.0072    branching_decision 0.0070    set_bounds 0.9973    solve 13.1716    func 15.9953    prepare 1.0128    transfer 0.0006    finalize 2.2258    add 0.6882    
max lb 1.5661358833312988 min lb -4.359678268432617
Number of Verified Splits: 489 of 8192
Current worst splitting domains lb-rhs (depth):
-4.36077 (9), -4.36073 (9), -4.36072 (9), -4.36023 (12), -4.36023 (11), -4.35999 (13), -4.35996 (9), -4.35995 (9), -4.35981 (12), -4.35981 (11), -4.35968 (14), -4.35968 (14), -4.35966 (9), -4.35966 (9), -4.35965 (12), -4.35965 (11), -4.35965 (13), -4.35958 (9), -4.35953 (13), -4.35946 (9), 
Current (lb-rhs): -4.360766410827637
44776 domains visited
Length of domains: 20403
Cumulative time: 19.81829071044922

BaB round 12
batch: 4096
splitting decisions: 
split level 0: [/input-8, 6885] [/input-8, 7037] [/input-8, 9794] [/input-8, 3563] [/input-8, 3848] [/input, 5302] [/input-8, 4758] [/input-8, 7848] [/input-8, 4940] [/input, 3355] 
best_l after optimization: -11873.3974609375
beta sum per layer: [7708.3291015625, 79651.6796875, 43.28472900390625]
alpha/beta optimization time: 2.1798691749572754
pruning_in_iteration open status: False
ratio of positive domain = 609 / 8192 = 0.0743408203125
pruning-in-iteration extra time: 6.794929504394531e-05
Time: pickout 0.6158    branching_decision 0.0011    decision 0.0011    set_bounds 0.1826    prepare 0.1874    transfer 0.0001    finalize 0.3632    func 2.8022    solve 2.8243    add 0.0593    bab_iteration 3.4169    
Accumulated time: bab_iteration 19.7883    pickout 2.6377    decision 0.0083    branching_decision 0.0080    set_bounds 1.1800    solve 15.9959    func 18.7976    prepare 1.2001    transfer 0.0007    finalize 2.5891    add 0.7474    
max lb 1.1891145706176758 min lb -4.3586835861206055
Number of Verified Splits: 609 of 8192
Current worst splitting domains lb-rhs (depth):
-4.36077 (9), -4.36073 (9), -4.36072 (9), -4.36023 (11), -4.36023 (12), -4.35999 (13), -4.35996 (9), -4.35995 (9), -4.35981 (12), -4.35981 (11), -4.35968 (14), -4.35966 (9), -4.35966 (9), -4.35965 (12), -4.35965 (13), -4.35965 (11), -4.35958 (9), -4.35953 (13), -4.35946 (9), -4.35901 (11), 
Current (lb-rhs): -4.360766410827637
52968 domains visited
Length of domains: 23890
Cumulative time: 23.48462152481079

BaB round 13
batch: 4096
splitting decisions: 
split level 0: [/input, 5273] [/input-8, 7136] [/input, 3272] [/input-8, 9684] [/input-8, 7902] [/input-8, 9306] [/input-8, 3565] [/input-8, 6530] [/input-8, 3493] [/input, 5948] 
best_l after optimization: -11541.2490234375
beta sum per layer: [8687.3798828125, 89064.484375, 44.33216857910156]
alpha/beta optimization time: 2.1788997650146484
pruning_in_iteration open status: False
ratio of positive domain = 537 / 8192 = 0.0655517578125
pruning-in-iteration extra time: 7.62939453125e-05
Time: pickout 0.3540    branching_decision 0.0011    decision 0.0011    set_bounds 0.4428    prepare 0.1882    transfer 0.0001    finalize 0.3859    func 2.8231    solve 2.8023    add 0.0607    bab_iteration 3.6663    
Accumulated time: bab_iteration 23.4547    pickout 2.9918    decision 0.0094    branching_decision 0.0091    set_bounds 1.6227    solve 18.7981    func 21.6206    prepare 1.3883    transfer 0.0007    finalize 2.9750    add 0.8081    
max lb 1.3034682273864746 min lb -4.3586835861206055
Number of Verified Splits: 537 of 8192
Current worst splitting domains lb-rhs (depth):
-4.36077 (9), -4.36073 (9), -4.36072 (9), -4.36023 (12), -4.36023 (11), -4.35999 (13), -4.35996 (9), -4.35995 (9), -4.35981 (11), -4.35981 (12), -4.35968 (14), -4.35966 (9), -4.35966 (9), -4.35965 (12), -4.35965 (13), -4.35965 (11), -4.35958 (9), -4.35953 (13), -4.35946 (9), -4.35901 (11), 
Current (lb-rhs): -4.360766410827637
61160 domains visited
Length of domains: 27449
Cumulative time: 27.17025089263916

BaB round 14
batch: 4096
splitting decisions: 
split level 0: [/input-8, 4997] [/input-8, 3170] [/input-8, 6286] [/input-8, 4877] [/input-8, 12326] [/input-8, 8964] [/input-8, 3816] [/input, 5330] [/input-8, 6332] [/input-8, 8928] 
best_l after optimization: -10991.5517578125
beta sum per layer: [9782.009765625, 98776.5859375, 51.75726318359375]
alpha/beta optimization time: 2.1799721717834473
pruning_in_iteration open status: False
ratio of positive domain = 654 / 8192 = 0.079833984375
pruning-in-iteration extra time: 8.153915405273438e-05
Time: pickout 0.3550    branching_decision 0.0011    decision 0.0011    set_bounds 0.1834    prepare 0.1871    transfer 0.0001    finalize 0.6474    func 3.0838    solve 2.8231    add 0.0605    bab_iteration 3.6856    
Accumulated time: bab_iteration 27.1403    pickout 3.3468    decision 0.0105    branching_decision 0.0102    set_bounds 1.8061    solve 21.6213    func 24.7045    prepare 1.5754    transfer 0.0008    finalize 3.6224    add 0.8686    
max lb 1.367229700088501 min lb -4.358673095703125
Number of Verified Splits: 654 of 8192
Current worst splitting domains lb-rhs (depth):
-4.36077 (9), -4.36073 (9), -4.36072 (9), -4.36023 (11), -4.36023 (12), -4.35999 (13), -4.35996 (9), -4.35995 (9), -4.35981 (12), -4.35981 (11), -4.35968 (14), -4.35966 (9), -4.35966 (9), -4.35965 (12), -4.35965 (13), -4.35965 (11), -4.35958 (9), -4.35953 (13), -4.35946 (9), -4.35901 (11), 
Current (lb-rhs): -4.360766410827637
69352 domains visited
Length of domains: 30891
Cumulative time: 30.859251260757446

BaB round 15
batch: 4096
splitting decisions: 
split level 0: [/input-8, 10110] [/input-8, 4803] [/input-8, 9825] [/input-8, 5813] [/input-8, 12528] [/input-12, 26] [/input-8, 12524] [/input-8, 9583] [/input-8, 10134] [/input-12, 57] 
best_l after optimization: -10581.4697265625
beta sum per layer: [10896.5634765625, 108321.2890625, 56.218021392822266]
alpha/beta optimization time: 2.1799466609954834
pruning_in_iteration open status: False
ratio of positive domain = 754 / 8192 = 0.092041015625
pruning-in-iteration extra time: 5.984306335449219e-05
Time: pickout 0.3604    branching_decision 0.0010    decision 0.0010    set_bounds 0.1831    prepare 0.1884    transfer 0.0001    finalize 0.3576    func 2.7949    solve 3.0839    add 0.0612    bab_iteration 3.6890    
Accumulated time: bab_iteration 30.8293    pickout 3.7072    decision 0.0115    branching_decision 0.0112    set_bounds 1.9892    solve 24.7051    func 27.4993    prepare 1.7638    transfer 0.0009    finalize 3.9799    add 0.9298    
max lb 1.2238414287567139 min lb -4.35838508605957
Number of Verified Splits: 754 of 8192
Current worst splitting domains lb-rhs (depth):
-4.36077 (9), -4.36073 (9), -4.36072 (9), -4.36023 (11), -4.36023 (12), -4.35999 (13), -4.35996 (9), -4.35995 (9), -4.35981 (12), -4.35981 (11), -4.35968 (14), -4.35966 (9), -4.35966 (9), -4.35965 (13), -4.35965 (12), -4.35965 (11), -4.35958 (9), -4.35953 (13), -4.35946 (9), -4.35901 (11), 
Current (lb-rhs): -4.360766410827637
77544 domains visited
Length of domains: 34233
Cumulative time: 34.34437394142151

BaB round 16
batch: 4096
splitting decisions: 
split level 0: [/input-8, 8776] [/input-8, 3477] [/input-8, 9037] [/input-8, 8891] [/input-8, 9771] [/input-8, 9510] [/input-8, 9429] [/input-8, 3420] [/input-8, 3358] [/input-8, 9370] 
best_l after optimization: -10286.1572265625
beta sum per layer: [11858.623046875, 117846.96875, 58.07981872558594]
alpha/beta optimization time: 2.180027723312378
pruning_in_iteration open status: False
ratio of positive domain = 749 / 8192 = 0.0914306640625
pruning-in-iteration extra time: 7.987022399902344e-05
Time: pickout 0.6836    branching_decision 0.0010    decision 0.0010    set_bounds 0.1829    prepare 0.1878    transfer 0.0001    finalize 0.3738    func 2.8107    solve 2.7949    add 0.1410    bab_iteration 3.4851    
Accumulated time: bab_iteration 34.3144    pickout 4.3908    decision 0.0125    branching_decision 0.0122    set_bounds 2.1722    solve 27.5001    func 30.3100    prepare 1.9516    transfer 0.0009    finalize 4.3537    add 1.0709    
max lb 1.5493998527526855 min lb -4.35838508605957
Number of Verified Splits: 749 of 8192
Current worst splitting domains lb-rhs (depth):
-4.36077 (9), -4.36073 (9), -4.36072 (9), -4.36023 (12), -4.36023 (11), -4.35999 (13), -4.35996 (9), -4.35995 (9), -4.35981 (11), -4.35981 (12), -4.35968 (14), -4.35966 (9), -4.35966 (9), -4.35965 (12), -4.35965 (13), -4.35965 (11), -4.35958 (9), -4.35953 (13), -4.35946 (9), -4.35901 (11), 
Current (lb-rhs): -4.360766410827637
85736 domains visited
Length of domains: 37580
Cumulative time: 38.08724522590637

BaB round 17
batch: 4096
splitting decisions: 
split level 0: [/input-8, 3394] [/input-8, 1101] [/input-8, 3155] [/input-8, 8505] [/input, 5426] [/input-8, 8023] [/input-8, 6338] [/input-8, 10147] [/input-8, 9496] [/input-8, 8023] 
best_l after optimization: -9960.4296875
beta sum per layer: [12993.037109375, 127283.859375, 57.34015655517578]
alpha/beta optimization time: 2.1800286769866943
pruning_in_iteration open status: False
ratio of positive domain = 788 / 8192 = 0.09619140625
pruning-in-iteration extra time: 5.650520324707031e-05
Time: pickout 0.3608    branching_decision 0.0010    decision 0.0011    set_bounds 0.1833    prepare 0.1878    transfer 0.0001    finalize 0.7238    func 3.1602    solve 2.8107    add 0.0595    bab_iteration 3.7429    
Accumulated time: bab_iteration 38.0573    pickout 4.7516    decision 0.0136    branching_decision 0.0132    set_bounds 2.3555    solve 30.3107    func 33.4702    prepare 2.1393    transfer 0.0010    finalize 5.0775    add 1.1303    
max lb 1.1843652725219727 min lb -4.35838508605957
Number of Verified Splits: 788 of 8192
Current worst splitting domains lb-rhs (depth):
-4.36077 (9), -4.36073 (9), -4.36072 (9), -4.36023 (11), -4.36023 (12), -4.35999 (13), -4.35996 (9), -4.35995 (9), -4.35981 (11), -4.35981 (12), -4.35968 (14), -4.35966 (9), -4.35966 (9), -4.35965 (13), -4.35965 (12), -4.35965 (11), -4.35958 (9), -4.35953 (13), -4.35946 (9), -4.35901 (11), 
Current (lb-rhs): -4.360766410827637
93928 domains visited
Length of domains: 40888
Cumulative time: 41.85778188705444

BaB round 18
batch: 4096
splitting decisions: 
split level 0: [/input-8, 9691] [/input-8, 8441] [/input-8, 9467] [/input, 3282] [/input-8, 6457] [/input-8, 4836] [/input-8, 8119] [/input-8, 4950] [/input-8, 5106] [/input-8, 3646] 
best_l after optimization: -9645.931640625
beta sum per layer: [14043.69921875, 136625.90625, 55.9089241027832]
alpha/beta optimization time: 2.1816370487213135
pruning_in_iteration open status: False
ratio of positive domain = 867 / 8192 = 0.1058349609375
pruning-in-iteration extra time: 6.771087646484375e-05
Time: pickout 0.3614    branching_decision 0.0010    decision 0.0010    set_bounds 0.1827    prepare 0.1931    transfer 0.0001    finalize 0.3684    func 2.8147    solve 3.1603    add 0.0597    bab_iteration 3.7705    
Accumulated time: bab_iteration 41.8278    pickout 5.1130    decision 0.0146    branching_decision 0.0143    set_bounds 2.5382    solve 33.4710    func 36.2849    prepare 2.3325    transfer 0.0011    finalize 5.4459    add 1.1900    
max lb 1.46687650680542 min lb -4.35838508605957
Number of Verified Splits: 867 of 8192
Current worst splitting domains lb-rhs (depth):
-4.36077 (9), -4.36073 (9), -4.36072 (9), -4.36023 (12), -4.36023 (11), -4.35999 (13), -4.35996 (9), -4.35995 (9), -4.35981 (11), -4.35981 (12), -4.35968 (14), -4.35966 (9), -4.35966 (9), -4.35965 (13), -4.35965 (11), -4.35965 (12), -4.35958 (9), -4.35953 (13), -4.35946 (9), -4.35901 (11), 
Current (lb-rhs): -4.360766410827637
102120 domains visited
Length of domains: 44117
Cumulative time: 45.281416177749634

BaB round 19
batch: 4096
splitting decisions: 
split level 0: [/input, 5303] [/input-8, 11845] [/input-8, 10066] [/input, 3393] [/input-8, 3584] [/input-8, 3810] [/input-8, 6419] [/input-8, 8965] [/input, 3610] [/input, 3421] 
best_l after optimization: -9427.259765625
beta sum per layer: [15062.154296875, 146390.21875, 67.20256042480469]
alpha/beta optimization time: 2.1820216178894043
pruning_in_iteration open status: False
ratio of positive domain = 877 / 8192 = 0.1070556640625
pruning-in-iteration extra time: 6.961822509765625e-05
Time: pickout 0.3685    branching_decision 0.0011    decision 0.0012    set_bounds 0.5979    prepare 0.1898    transfer 0.0001    finalize 0.3741    func 2.8174    solve 2.8148    add 0.0580    bab_iteration 3.4236    
Accumulated time: bab_iteration 45.2514    pickout 5.4815    decision 0.0158    branching_decision 0.0153    set_bounds 3.1361    solve 36.2858    func 39.1024    prepare 2.5223    transfer 0.0012    finalize 5.8200    add 1.2481    
max lb 1.2660813331604004 min lb -4.358451843261719
Number of Verified Splits: 877 of 8192
Current worst splitting domains lb-rhs (depth):
-4.36077 (9), -4.36073 (9), -4.36072 (9), -4.36023 (11), -4.36023 (12), -4.35999 (13), -4.35996 (9), -4.35995 (9), -4.35981 (12), -4.35981 (11), -4.35968 (14), -4.35966 (9), -4.35966 (9), -4.35965 (11), -4.35965 (13), -4.35965 (12), -4.35958 (9), -4.35953 (13), -4.35946 (9), -4.35901 (11), 
Current (lb-rhs): -4.360766410827637
110312 domains visited
Length of domains: 47336
Cumulative time: 49.131643295288086

BaB round 20
batch: 4096
splitting decisions: 
split level 0: [/input-8, 6971] [/input-8, 8856] [/input-8, 9848] [/input-8, 7345] [/input-8, 9859] [/input-8, 3702] [/input-8, 4805] [/input, 3578] [/input-8, 7296] [/input, 5167] 
best_l after optimization: -9221.1279296875
beta sum per layer: [16083.28125, 154389.09375, 71.1640396118164]
alpha/beta optimization time: 2.1812448501586914
pruning_in_iteration open status: False
ratio of positive domain = 944 / 8192 = 0.115234375
pruning-in-iteration extra time: 5.8650970458984375e-05
Time: pickout 0.3642    branching_decision 0.0011    decision 0.0011    set_bounds 0.1831    prepare 0.1900    transfer 0.0001    finalize 0.3662    func 2.8064    solve 2.8175    add 0.0593    bab_iteration 3.8502    
Accumulated time: bab_iteration 49.1016    pickout 5.8457    decision 0.0169    branching_decision 0.0164    set_bounds 3.3192    solve 39.1033    func 41.9088    prepare 2.7123    transfer 0.0012    finalize 6.1863    add 1.3074    
max lb 1.1769037246704102 min lb -4.358273506164551
Number of Verified Splits: 944 of 8192
Current worst splitting domains lb-rhs (depth):
-4.36077 (9), -4.36073 (9), -4.36072 (9), -4.36023 (12), -4.36023 (11), -4.35999 (13), -4.35996 (9), -4.35995 (9), -4.35981 (12), -4.35981 (11), -4.35968 (14), -4.35966 (9), -4.35966 (9), -4.35965 (13), -4.35965 (11), -4.35965 (12), -4.35958 (9), -4.35953 (13), -4.35946 (9), -4.35901 (11), 
Current (lb-rhs): -4.360766410827637
118504 domains visited
Length of domains: 50488
Cumulative time: 52.55163097381592

BaB round 21
batch: 4096
splitting decisions: 
split level 0: [/input-8, 6740] [/input-8, 12529] [/input-8, 7193] [/input-8, 3243] [/input, 3223] [/input-8, 3675] [/input-8, 9424] [/input-8, 6331] [/input-8, 9882] [/input-8, 9648] 
best_l after optimization: -9141.8671875
beta sum per layer: [17006.396484375, 162206.5625, 75.79379272460938]
alpha/beta optimization time: 2.18074107170105
pruning_in_iteration open status: False
ratio of positive domain = 962 / 8192 = 0.117431640625
pruning-in-iteration extra time: 7.939338684082031e-05
Time: pickout 0.7859    branching_decision 0.0010    decision 0.0010    set_bounds 0.1834    prepare 0.1882    transfer 0.0001    finalize 0.3638    func 2.8031    solve 2.8064    add 0.0591    bab_iteration 3.4200    
Accumulated time: bab_iteration 52.5216    pickout 6.6316    decision 0.0180    branching_decision 0.0174    set_bounds 3.5026    solve 41.9097    func 44.7119    prepare 2.9005    transfer 0.0013    finalize 6.5501    add 1.3665    
max lb 1.0533394813537598 min lb -4.3565473556518555
Number of Verified Splits: 962 of 8192
Current worst splitting domains lb-rhs (depth):
-4.36077 (9), -4.36073 (9), -4.36072 (9), -4.36023 (11), -4.36023 (12), -4.35999 (13), -4.35996 (9), -4.35995 (9), -4.35981 (12), -4.35981 (11), -4.35968 (14), -4.35966 (9), -4.35966 (9), -4.35965 (13), -4.35965 (11), -4.35965 (12), -4.35958 (9), -4.35953 (13), -4.35946 (9), -4.35901 (11), 
Current (lb-rhs): -4.360766410827637
126696 domains visited
Length of domains: 53622
Cumulative time: 56.3898069858551

BaB round 22
batch: 4096
splitting decisions: 
split level 0: [/input-8, 9320] [/input-8, 6941] [/input-8, 8147] [/input-8, 9447] [/input-8, 8023] [/input, 3791] [/input-8, 5328] [/input-8, 3633] [/input-8, 7041] [/input-8, 5310] 
best_l after optimization: -9097.9921875
beta sum per layer: [17969.537109375, 170001.0, 87.03274536132812]
alpha/beta optimization time: 2.180280923843384
pruning_in_iteration open status: False
ratio of positive domain = 1015 / 8192 = 0.1239013671875
pruning-in-iteration extra time: 5.817413330078125e-05
Time: pickout 0.3695    branching_decision 0.0011    decision 0.0011    set_bounds 0.1835    prepare 0.1881    transfer 0.0001    finalize 0.3643    func 2.8027    solve 2.8031    add 0.0585    bab_iteration 3.8382    
Accumulated time: bab_iteration 56.3598    pickout 7.0010    decision 0.0191    branching_decision 0.0185    set_bounds 3.6861    solve 44.7129    func 47.5146    prepare 3.0886    transfer 0.0014    finalize 6.9144    add 1.4250    
max lb 1.0134599208831787 min lb -4.3565473556518555
Number of Verified Splits: 1015 of 8192
Current worst splitting domains lb-rhs (depth):
-4.36077 (9), -4.36073 (9), -4.36072 (9), -4.36023 (11), -4.36023 (12), -4.35999 (13), -4.35996 (9), -4.35995 (9), -4.35981 (12), -4.35981 (11), -4.35968 (14), -4.35966 (9), -4.35966 (9), -4.35965 (11), -4.35965 (13), -4.35965 (12), -4.35958 (9), -4.35953 (13), -4.35946 (9), -4.35901 (11), 
Current (lb-rhs): -4.360766410827637
134888 domains visited
Length of domains: 56703
Time out!!!!!!!!
Result: unknown in 61.6052 seconds

 %%%%%%%%%%%%%%%%%%%%%%%%%%%%%%%%%%% idx: 5, vnnlib ID: 5 %%%%%%%%%%%%%%%%%%%%%%%%%%%%%%%%%%%
Finished vnnlib processing in 0.001663 seconds
Model: BoundedModule(
  (/input-1): BoundInput(name=/input-1, inputs=[], perturbed=True)
  (/shape): BoundBuffers(name=/shape, inputs=[], perturbed=False)
  (/12): BoundParams(name=/12, inputs=[], perturbed=False)
  (/13): BoundParams(name=/13, inputs=[], perturbed=False)
  (/14): BoundParams(name=/14, inputs=[], perturbed=False)
  (/15): BoundParams(name=/15, inputs=[], perturbed=False)
  (/16): BoundParams(name=/16, inputs=[], perturbed=False)
  (/17): BoundParams(name=/17, inputs=[], perturbed=False)
  (/18): BoundParams(name=/18, inputs=[], perturbed=False)
  (/19): BoundParams(name=/19, inputs=[], perturbed=False)
  (/20): BoundParams(name=/20, inputs=[], perturbed=False)
  (/21): BoundParams(name=/21, inputs=[], perturbed=False)
  (/input): BoundConv(name=/input, inputs=[/input-1, /12, /13], perturbed=True)
  (/input-4): BoundRelu(name=/input-4, inputs=[/input], perturbed=True)
  (/24): BoundConv(name=/24, inputs=[/input-4, /14, /15], perturbed=True)
  (/25): BoundConv(name=/25, inputs=[/input-4, /16, /17], perturbed=True)
  (/26): BoundAdd(name=/26, inputs=[/24, /25], perturbed=True)
  (/input-8): BoundConcat(name=/input-8, inputs=[/input, /26], perturbed=True)
  (/tensor): BoundRelu(name=/tensor, inputs=[/input-8], perturbed=True)
  (/30): BoundSplit(name=/30, inputs=[/tensor], perturbed=True)
  (/31): BoundSplit(name=/31, inputs=[/shape], perturbed=False)
  (/32): BoundSplit(name=/32, inputs=[/shape], perturbed=False)
  (/33): BoundConstant(name=/33, value=tensor([0], device='cuda:0'))
  (/34): BoundSqueeze(name=/34, inputs=[/31, /33], perturbed=False)
  (/35): BoundConstant(name=/35, value=tensor([0], device='cuda:0'))
  (/36): BoundSqueeze(name=/36, inputs=[/32, /35], perturbed=False)
  (/37): BoundConstant(name=/37, value=tensor([0], device='cuda:0'))
  (/38): BoundUnsqueeze(name=/38, inputs=[/34, /37], perturbed=False)
  (/39): BoundConstant(name=/39, value=tensor([0], device='cuda:0'))
  (/40): BoundUnsqueeze(name=/40, inputs=[/36, /39], perturbed=False)
  (/41): BoundConcat(name=/41, inputs=[/38, /40], perturbed=False)
  (/42): BoundReshape(name=/42, inputs=[/30, /41], perturbed=True)
  (/input-12): BoundLinear(name=/input-12, inputs=[/42, /18, /19], perturbed=True)
  (/44): BoundRelu(name=/44, inputs=[/input-12], perturbed=True)
  (/45): BoundLinear(name=/45, inputs=[/44, /20, /21], perturbed=True)
)
Original output in the first batch: tensor([[-5.02561998,  5.22064400,  0.47097343,  0.25350273, -1.83791983,
         -1.04694867, -1.21368241,  0.02979462,  0.44255015, -2.32435822]],
       device='cuda:0')
Split layers:
Nonlinear functions:
   BoundRelu(name=/input-4, inputs=[/input], perturbed=True)
   BoundRelu(name=/tensor, inputs=[/input-8], perturbed=True)
   BoundRelu(name=/44, inputs=[/input-12], perturbed=True)
build batch [1/1]
layer /input-4 using sparse-features alpha with shape [1497]; unstable size 1497; total size 6272 ([1, 8, 28, 28])
layer /input-4 start_node /input-12 using sparse-spec alpha [2, 29, 1, 1497] with unstable size 28 total_size 64 output_shape torch.Size([64])
layer /input-4 start_node /45 using full alpha [2, 9, 1, 1497] with unstable size None total_size 9 output_shape 9
layer /tensor using sparse-features alpha with shape [5221]; unstable size 5221; total size 12544 ([1, 16, 28, 28])
layer /tensor start_node /input-12 using sparse-spec alpha [2, 29, 1, 5221] with unstable size 28 total_size 64 output_shape torch.Size([64])
layer /tensor start_node /45 using full alpha [2, 9, 1, 5221] with unstable size None total_size 9 output_shape 9
layer /44 using sparse-features alpha with shape [28]; unstable size 28; total size 64 ([1, 64])
layer /44 start_node /45 using full alpha [2, 9, 1, 28] with unstable size None total_size 9 output_shape 9
Optimizable variables initialized.
initial CROWN bounds (first 10 items): [-2.0061731338500977, -5.808982849121094, -6.528979301452637, -2.383639335632324, -3.3569579124450684, -4.301331996917725, -6.124855995178223, -3.2573256492614746, -3.3880579471588135]
prune_after_crown optimization in use
  original spec size = torch.Size([1, 9])
  pruned spec size = torch.Size([1, 9])
Using alpha-CROWN to initialize bounds.
best_l after optimization: -33.5551872253418
alpha/beta optimization time: 1.3274140357971191
initial alpha-crown bounds (first 10 items): [-1.6110930442810059, -5.521890163421631, -5.849395751953125, -1.998021125793457, -3.11100435256958, -3.875669240951538, -5.611979007720947, -3.007411003112793, -2.9687259197235107]
Global lower bound: -5.849395751953125
0 / 9 OR specs are verified.
Verified OR indices (first 10 items): []
Verified OR lbs (first 10 items): []
Unverified OR indices (first 10 items): [0, 1, 2, 3, 4, 5, 6, 7, 8]
Unverified OR lbs (first 10 items): [[-1.6110930442810059], [-5.521890163421631], [-5.849395751953125], [-1.998021125793457], [-3.11100435256958], [-3.875669240951538], [-5.611979007720947], [-3.007411003112793], [-2.9687259197235107]]
###### Verifying property Instance 5 ######
Batch size: 9
First 10 spec matrices
C: tensor([[[-1.,  1.,  0.,  0.,  0.,  0.,  0.,  0.,  0.,  0.]],

        [[ 0.,  1., -1.,  0.,  0.,  0.,  0.,  0.,  0.,  0.]],

        [[ 0.,  1.,  0., -1.,  0.,  0.,  0.,  0.,  0.,  0.]],

        [[ 0.,  1.,  0.,  0., -1.,  0.,  0.,  0.,  0.,  0.]],

        [[ 0.,  1.,  0.,  0.,  0., -1.,  0.,  0.,  0.,  0.]],

        [[ 0.,  1.,  0.,  0.,  0.,  0., -1.,  0.,  0.,  0.]],

        [[ 0.,  1.,  0.,  0.,  0.,  0.,  0., -1.,  0.,  0.]],

        [[ 0.,  1.,  0.,  0.,  0.,  0.,  0.,  0., -1.,  0.]],

        [[ 0.,  1.,  0.,  0.,  0.,  0.,  0.,  0.,  0., -1.]]], device='cuda:0')
RHS: tensor([[0.],
        [0.],
        [0.],
        [0.],
        [0.],
        [0.],
        [0.],
        [0.],
        [0.]], device='cuda:0')
OR spec sizes: tensor([1, 1, 1, 1, 1, 1, 1, 1, 1], device='cuda:0', dtype=torch.int32)
Remaining timeout: 58.17734384536743
Model prediction is: tensor([-5.02561998,  5.22064400,  0.47097343,  0.25350273, -1.83791983,
        -1.04694867, -1.21368241,  0.02979462,  0.44255015, -2.32435822],
       device='cuda:0')
Activation BaB batch 1/1 
build_with_refined_bounds batch [1/1]
Optimizable variables initialized.
all alpha initialized
directly get lb and ub from refined bounds
c shape: torch.Size([9, 1, 10])
lA shapes: [torch.Size([9, 1, 8, 28, 28]), torch.Size([9, 1, 16, 28, 28]), torch.Size([9, 1, 64])]
(alpha-)CROWN with fixed intermediate bounds: tensor([[-1.61109304],
        [-5.52189016],
        [-5.84939575],
        [-1.99802113],
        [-3.11100435],
        [-3.87566924],
        [-5.61197901],
        [-3.00741100],
        [-2.96872592]], device='cuda:0') tensor([[inf],
        [inf],
        [inf],
        [inf],
        [inf],
        [inf],
        [inf],
        [inf],
        [inf]], device='cuda:0')
Intermediate layers: /input,/input-8,/input-12
Keeping alphas for these layers: ['/45']
Node /input-4 input 0: size torch.Size([8, 28, 28]) unstable 1497
Node /tensor input 0: size torch.Size([16, 28, 28]) unstable 5221
Node /44 input 0: size torch.Size([64]) unstable 26
-----------------
# of unstable neurons: 6744
-----------------

BaB round 1
batch: 9
splitting decisions: 
split level 0: [/input-8, 8404] [/input, 3726] [/input-8, 11796] [/input-8, 8505] [/input-8, 7204] [/input-8, 9413] [/input-8, 6552] [/input-8, 8916] [/input, 2783] 
split level 1: [/input-8, 6775] [/input-8, 3702] [/input-8, 7771] [/input-8, 8321] [/input-8, 6415] [/input-8, 9960] [/input-8, 5444] [/input-8, 10049] [/input, 3138] 
split level 2: [/input-8, 9118] [/input, 3498] [/input, 5421] [/input-8, 6717] [/input-8, 8334] [/input-8, 6030] [/input-8, 7554] [/input-8, 5045] [/input-8, 3355] 
split level 3: [/input-8, 4799] [/input-8, 5116] [/input, 4965] [/input-8, 3262] [/input-8, 3495] [/input-8, 7541] [/input-8, 9643] [/input, 4744] [/input-8, 7740] 
best_l after optimization: -523.4880981445312
beta sum per layer: [16.668813705444336, 86.280517578125, 0.0]
alpha/beta optimization time: 0.16310548782348633
pruning_in_iteration open status: False
ratio of positive domain = 0 / 144 = 0.0
pruning-in-iteration extra time: 5.340576171875e-05
Time: pickout 0.0022    branching_decision 0.0001    decision 0.0001    set_bounds 0.0083    prepare 0.0019    transfer 0.0000    finalize 0.0074    func 0.1769    
Accumulated time: bab_iteration 0.0000    pickout 0.0022    decision 0.0001    branching_decision 0.0001    set_bounds 0.0083    solve 0.0000    func 0.1769    prepare 0.0019    transfer 0.0000    finalize 0.0074    
max lb -1.3528366088867188 min lb -5.849214553833008
Number of Verified Splits: 0 of 144
Current worst splitting domains lb-rhs (depth):
-5.84921 (4), -5.84920 (4), -5.84610 (4), -5.84607 (4), -5.84235 (4), -5.84232 (4), -5.83921 (4), -5.83918 (4), -5.69165 (4), -5.69161 (4), -5.68866 (4), -5.68863 (4), -5.68239 (4), -5.68235 (4), -5.67940 (4), -5.67936 (4), -5.60695 (4), -5.60695 (4), -5.60062 (4), -5.60062 (4), 
Current (lb-rhs): -5.849214553833008
144 domains visited
Length of domains: 144
Cumulative time: 0.22600841522216797

BaB round 2
batch: 144
splitting decisions: 
split level 0: [/input, 3326] [/input-8, 9578] [/input-8, 4773] [/input-8, 9122] [/input-8, 6352] [/input-8, 6952] [/input-8, 6998] [/input-8, 9644] [/input-8, 12295] [/input, 4936] 
best_l after optimization: -1022.2073974609375
beta sum per layer: [38.07630157470703, 343.0794677734375, 0.0]
alpha/beta optimization time: 0.15008926391601562
pruning_in_iteration open status: False
ratio of positive domain = 0 / 288 = 0.0
pruning-in-iteration extra time: 5.316734313964844e-05
Time: pickout 0.0118    branching_decision 0.0001    decision 0.0001    set_bounds 0.0064    prepare 0.0060    transfer 0.0000    finalize 0.0135    func 0.1755    solve 0.1769    add 0.0020    bab_iteration 0.1897    
Accumulated time: bab_iteration 0.1897    pickout 0.0139    decision 0.0002    branching_decision 0.0002    set_bounds 0.0148    solve 0.1769    func 0.3524    prepare 0.0079    transfer 0.0001    finalize 0.0209    add 0.0020    
max lb -0.8475942611694336 min lb -5.849208831787109
Number of Verified Splits: 0 of 288
Current worst splitting domains lb-rhs (depth):
-5.84921 (5), -5.84921 (5), -5.84919 (5), -5.84856 (5), -5.84552 (5), -5.84456 (5), -5.84432 (5), -5.84225 (5), -5.84224 (5), -5.84224 (5), -5.84129 (5), -5.83917 (5), -5.83910 (5), -5.83446 (5), -5.76377 (5), -5.66754 (5), -5.60693 (5), -5.60693 (5), -5.60657 (5), -5.60440 (5), 
Current (lb-rhs): -5.849208831787109
432 domains visited
Length of domains: 288
Cumulative time: 0.42311620712280273

BaB round 3
batch: 288
splitting decisions: 
split level 0: [/input-8, 3274] [/input-8, 9727] [/input, 4734] [/input-8, 8712] [/input-8, 9010] [/input-8, 8997] [/input-8, 6334] [/input-8, 9120] [/input-8, 7041] [/input, 4778] 
best_l after optimization: -1988.2850341796875
beta sum per layer: [99.59938049316406, 1065.4969482421875, 0.0]
alpha/beta optimization time: 0.16661405563354492
pruning_in_iteration open status: False
ratio of positive domain = 0 / 576 = 0.0
pruning-in-iteration extra time: 5.269050598144531e-05
Time: pickout 0.0236    branching_decision 0.0002    decision 0.0002    set_bounds 0.0129    prepare 0.0117    transfer 0.0000    finalize 0.0243    func 0.2122    solve 0.1756    add 0.0030    bab_iteration 0.1971    
Accumulated time: bab_iteration 0.3868    pickout 0.0375    decision 0.0004    branching_decision 0.0003    set_bounds 0.0276    solve 0.3525    func 0.5646    prepare 0.0196    transfer 0.0001    finalize 0.0452    add 0.0051    
max lb -0.39603137969970703 min lb -5.849203109741211
Number of Verified Splits: 0 of 576
Current worst splitting domains lb-rhs (depth):
-5.84920 (6), -5.84920 (6), -5.84906 (6), -5.84900 (6), -5.84887 (6), -5.84844 (6), -5.84552 (6), -5.84552 (6), -5.84490 (6), -5.84456 (6), -5.84446 (6), -5.84332 (6), -5.84273 (6), -5.84256 (6), -5.84225 (6), -5.84225 (6), -5.84224 (6), -5.84216 (6), -5.84212 (6), -5.83917 (6), 
Current (lb-rhs): -5.849203109741211
1008 domains visited
Length of domains: 576
Cumulative time: 0.679302453994751

BaB round 4
batch: 576
splitting decisions: 
split level 0: [/input-8, 9722] [/input-8, 11905] [/input, 5263] [/input, 5198] [/input-8, 8972] [/input, 4490] [/input-8, 11844] [/input-8, 9298] [/input-8, 4851] [/input-8, 9629] 
best_l after optimization: -3848.905517578125
beta sum per layer: [244.123291015625, 3004.72412109375, 0.49290692806243896]
alpha/beta optimization time: 0.27607035636901855
pruning_in_iteration open status: False
ratio of positive domain = 5 / 1152 = 0.00434027777777779
pruning-in-iteration extra time: 7.176399230957031e-05
Time: pickout 0.0451    branching_decision 0.0003    decision 0.0003    set_bounds 0.0254    prepare 0.0244    transfer 0.0000    finalize 0.0531    func 0.3663    solve 0.2122    add 0.0070    bab_iteration 0.2561    
Accumulated time: bab_iteration 0.6429    pickout 0.0826    decision 0.0007    branching_decision 0.0006    set_bounds 0.0530    solve 0.5647    func 0.9308    prepare 0.0439    transfer 0.0002    finalize 0.0983    add 0.0121    
max lb 0.8336400985717773 min lb -5.849204063415527
Number of Verified Splits: 5 of 1152
Current worst splitting domains lb-rhs (depth):
-5.84920 (7), -5.84920 (7), -5.84920 (7), -5.84920 (7), -5.84904 (7), -5.84900 (7), -5.84887 (7), -5.84887 (7), -5.84877 (7), -5.84842 (7), -5.84842 (7), -5.84552 (7), -5.84552 (7), -5.84472 (7), -5.84455 (7), -5.84454 (7), -5.84438 (7), -5.84415 (7), -5.84330 (7), -5.84225 (7), 
Current (lb-rhs): -5.849203109741211
2160 domains visited
Length of domains: 1147
Cumulative time: 1.1298413276672363

BaB round 5
batch: 1147
splitting decisions: 
split level 0: [/input-8, 9802] [/input, 3677] [/input-8, 12349] [/input-8, 12426] [/input, 3525] [/input-8, 3592] [/input, 5366] [/input-8, 5349] [/input-8, 7737] [/input-8, 7903] 
best_l after optimization: -7418.14306640625
beta sum per layer: [583.3740234375, 7873.1298828125, 0.779684841632843]
alpha/beta optimization time: 0.6076161861419678
pruning_in_iteration open status: False
ratio of positive domain = 11 / 2294 = 0.0047951176983435095
pruning-in-iteration extra time: 8.0108642578125e-05
Time: pickout 0.0901    branching_decision 0.0005    decision 0.0005    set_bounds 0.0509    prepare 0.0492    transfer 0.0000    finalize 0.1077    func 0.7877    solve 0.3663    add 0.0131    bab_iteration 0.4505    
Accumulated time: bab_iteration 1.0934    pickout 0.1727    decision 0.0012    branching_decision 0.0011    set_bounds 0.1039    solve 0.9310    func 1.7185    prepare 0.0931    transfer 0.0002    finalize 0.2060    add 0.0252    
max lb 0.22383475303649902 min lb -5.8491926193237305
Number of Verified Splits: 11 of 2294
Current worst splitting domains lb-rhs (depth):
-5.84919 (8), -5.84916 (8), -5.84908 (8), -5.84904 (8), -5.84900 (8), -5.84898 (8), -5.84886 (8), -5.84886 (8), -5.84882 (8), -5.84882 (8), -5.84877 (8), -5.84841 (8), -5.84841 (8), -5.84798 (8), -5.84758 (8), -5.84552 (8), -5.84552 (8), -5.84529 (8), -5.84529 (8), -5.84470 (8), 
Current (lb-rhs): -5.8491926193237305
4454 domains visited
Length of domains: 2283
Cumulative time: 2.080326795578003

BaB round 6
batch: 2048
splitting decisions: 
split level 0: [/input-8, 4935] [/input-8, 8198] [/input-8, 7495] [/input, 3421] [/input-8, 7735] [/input-8, 4908] [/input-8, 9539] [/input-8, 4804] [/input, 3356] [/input-8, 8680] 
best_l after optimization: -12713.3447265625
beta sum per layer: [1206.924560546875, 17858.75, 9.87171745300293]
alpha/beta optimization time: 1.105881690979004
pruning_in_iteration open status: False
ratio of positive domain = 51 / 4096 = 0.012451171875
pruning-in-iteration extra time: 5.7697296142578125e-05
Time: pickout 0.1619    branching_decision 0.0008    decision 0.0009    set_bounds 0.0919    prepare 0.0892    transfer 0.0001    finalize 0.1877    func 1.5614    solve 0.7877    add 0.0202    bab_iteration 0.9505    
Accumulated time: bab_iteration 2.0439    pickout 0.3346    decision 0.0021    branching_decision 0.0020    set_bounds 0.1958    solve 1.7187    func 3.2799    prepare 0.1823    transfer 0.0003    finalize 0.3937    add 0.0454    
max lb 1.0342159271240234 min lb -5.8490753173828125
Number of Verified Splits: 51 of 4096
Current worst splitting domains lb-rhs (depth):
-5.84919 (8), -5.84908 (9), -5.84908 (9), -5.84904 (9), -5.84897 (9), -5.84897 (9), -5.84886 (9), -5.84886 (9), -5.84878 (9), -5.84877 (8), -5.84841 (9), -5.84839 (9), -5.84830 (9), -5.84808 (9), -5.84798 (9), -5.84798 (9), -5.84785 (9), -5.84757 (9), -5.84712 (9), -5.84711 (9), 
Current (lb-rhs): -5.8491926193237305
8550 domains visited
Length of domains: 4280
current_vram/total_varm: 11.5GB/47.7GB, batch_size increase to 4096
Cumulative time: 3.9355108737945557

BaB round 7
batch: 4096
splitting decisions: 
split level 0: [/input-8, 5091] [/input-8, 9645] [/input, 5299] [/input-8, 8580] [/input-8, 11837] [/input, 5243] [/input-8, 5190] [/input-8, 5285] [/input-8, 3630] [/input, 5174] 
best_l after optimization: -24583.876953125
beta sum per layer: [2841.524169921875, 43032.203125, 35.17580795288086]
alpha/beta optimization time: 2.1862878799438477
pruning_in_iteration open status: False
ratio of positive domain = 237 / 8192 = 0.0289306640625
pruning-in-iteration extra time: 8.153915405273438e-05
Time: pickout 0.3256    branching_decision 0.0014    decision 0.0014    set_bounds 0.1788    prepare 0.3304    transfer 0.0001    finalize 0.3888    func 2.9780    solve 1.5614    add 0.0368    bab_iteration 1.8552    
Accumulated time: bab_iteration 3.8991    pickout 0.6602    decision 0.0035    branching_decision 0.0033    set_bounds 0.3745    solve 3.2801    func 6.2579    prepare 0.5128    transfer 0.0004    finalize 0.7825    add 0.0823    
max lb 0.8939309120178223 min lb -5.8490753173828125
Number of Verified Splits: 237 of 8192
Current worst splitting domains lb-rhs (depth):
-5.84919 (8), -5.84908 (10), -5.84897 (10), -5.84886 (10), -5.84886 (10), -5.84886 (10), -5.84877 (8), -5.84873 (10), -5.84869 (10), -5.84865 (10), -5.84841 (10), -5.84841 (10), -5.84839 (10), -5.84839 (10), -5.84793 (10), -5.84785 (10), -5.84784 (10), -5.84784 (10), -5.84783 (10), -5.84783 (10), 
Current (lb-rhs): -5.8491926193237305
16742 domains visited
Length of domains: 8139
Cumulative time: 7.482754945755005

BaB round 8
batch: 4096
splitting decisions: 
split level 0: [/input, 3179] [/input-8, 7396] [/input, 3344] [/input-8, 8002] [/input-8, 7859] [/input, 5228] [/input-8, 6318] [/input-8, 12366] [/input-8, 7745] [/input, 3620] 
best_l after optimization: -24001.94921875
beta sum per layer: [3360.144775390625, 50767.0078125, 55.22150421142578]
alpha/beta optimization time: 2.186890125274658
pruning_in_iteration open status: False
ratio of positive domain = 160 / 8192 = 0.01953125
pruning-in-iteration extra time: 0.00013375282287597656
Time: pickout 0.3290    branching_decision 0.0012    decision 0.0013    set_bounds 0.3431    prepare 0.1852    transfer 0.0001    finalize 0.3973    func 2.8403    solve 2.9781    add 0.0603    bab_iteration 3.5472    
Accumulated time: bab_iteration 7.4463    pickout 0.9892    decision 0.0047    branching_decision 0.0046    set_bounds 0.7176    solve 6.2582    func 9.0982    prepare 0.6980    transfer 0.0005    finalize 1.1798    add 0.1425    
max lb 0.593691349029541 min lb -5.848820209503174
Number of Verified Splits: 160 of 8192
Current worst splitting domains lb-rhs (depth):
-5.84919 (8), -5.84908 (10), -5.84886 (10), -5.84886 (10), -5.84882 (11), -5.84877 (8), -5.84871 (11), -5.84871 (11), -5.84868 (11), -5.84865 (11), -5.84841 (11), -5.84841 (10), -5.84839 (11), -5.84839 (10), -5.84793 (10), -5.84785 (10), -5.84784 (10), -5.84783 (10), -5.84776 (10), -5.84768 (11), 
Current (lb-rhs): -5.8491926193237305
24934 domains visited
Length of domains: 12075
Cumulative time: 11.075836658477783

BaB round 9
batch: 4096
splitting decisions: 
split level 0: [/input-8, 9567] [/input, 4947] [/input-8, 5292] [/input-8, 9709] [/input-8, 7241] [/input-8, 3437] [/input-8, 6354] [/input-8, 9431] [/input, 3218] [/input-8, 5377] 
best_l after optimization: -23013.578125
beta sum per layer: [3928.6162109375, 60421.796875, 78.96788787841797]
alpha/beta optimization time: 2.1889147758483887
pruning_in_iteration open status: False
ratio of positive domain = 146 / 8192 = 0.017822265625
pruning-in-iteration extra time: 8.249282836914062e-05
Time: pickout 0.3396    branching_decision 0.0011    decision 0.0011    set_bounds 0.3584    prepare 0.1854    transfer 0.0001    finalize 0.4012    func 2.8485    solve 2.8404    add 0.0761    bab_iteration 3.5931    
Accumulated time: bab_iteration 11.0394    pickout 1.3288    decision 0.0058    branching_decision 0.0056    set_bounds 1.0760    solve 9.0985    func 11.9467    prepare 0.8834    transfer 0.0005    finalize 1.5810    add 0.2187    
max lb 0.36806535720825195 min lb -5.846811771392822
Number of Verified Splits: 146 of 8192
Current worst splitting domains lb-rhs (depth):
-5.84919 (8), -5.84908 (10), -5.84886 (10), -5.84886 (10), -5.84882 (11), -5.84877 (8), -5.84871 (11), -5.84868 (11), -5.84865 (11), -5.84841 (11), -5.84841 (10), -5.84839 (11), -5.84839 (10), -5.84793 (10), -5.84785 (10), -5.84784 (10), -5.84783 (10), -5.84776 (10), -5.84768 (11), -5.84722 (10), 
Current (lb-rhs): -5.8491926193237305
33126 domains visited
Length of domains: 16025
Cumulative time: 14.691036462783813

BaB round 10
batch: 4096
splitting decisions: 
split level 0: [/input-8, 3268] [/input-8, 12335] [/input-8, 11907] [/input, 5086] [/input-8, 7650] [/input-8, 4956] [/input, 5447] [/input-8, 9163] [/input-8, 8433] [/input, 6030] 
best_l after optimization: -21898.607421875
beta sum per layer: [4506.87255859375, 69996.6484375, 98.60259246826172]
alpha/beta optimization time: 2.1896462440490723
pruning_in_iteration open status: False
ratio of positive domain = 210 / 8192 = 0.025634765625
pruning-in-iteration extra time: 8.630752563476562e-05
Time: pickout 0.3396    branching_decision 0.0011    decision 0.0011    set_bounds 0.4273    prepare 0.1867    transfer 0.0001    finalize 0.4000    func 2.8485    solve 2.8485    add 0.0638    bab_iteration 3.6152    
Accumulated time: bab_iteration 14.6546    pickout 1.6685    decision 0.0069    branching_decision 0.0067    set_bounds 1.5033    solve 11.9471    func 14.7951    prepare 1.0702    transfer 0.0006    finalize 1.9809    add 0.2825    
max lb 1.2843835353851318 min lb -5.842800140380859
Number of Verified Splits: 210 of 8192
Current worst splitting domains lb-rhs (depth):
-5.84919 (8), -5.84908 (10), -5.84886 (10), -5.84886 (10), -5.84882 (11), -5.84877 (8), -5.84871 (11), -5.84868 (11), -5.84865 (11), -5.84841 (11), -5.84841 (10), -5.84839 (10), -5.84839 (11), -5.84793 (10), -5.84785 (10), -5.84784 (10), -5.84783 (10), -5.84776 (10), -5.84768 (11), -5.84722 (10), 
Current (lb-rhs): -5.8491926193237305
41318 domains visited
Length of domains: 19911
Cumulative time: 18.41294836997986

BaB round 11
batch: 4096
splitting decisions: 
split level 0: [/input-8, 9025] [/input-8, 3152] [/input-8, 8953] [/input-8, 9208] [/input-8, 11969] [/input-8, 6747] [/input-8, 3803] [/input, 5149] [/input-8, 6684] [/input, 435] 
best_l after optimization: -20935.759765625
beta sum per layer: [5178.2119140625, 79460.84375, 111.03266906738281]
alpha/beta optimization time: 2.1881158351898193
pruning_in_iteration open status: False
ratio of positive domain = 313 / 8192 = 0.0382080078125
pruning-in-iteration extra time: 6.031990051269531e-05
Time: pickout 0.3429    branching_decision 0.0010    decision 0.0011    set_bounds 0.1822    prepare 0.4156    transfer 0.0001    finalize 0.3943    func 3.0675    solve 2.8485    add 0.1016    bab_iteration 3.7219    
Accumulated time: bab_iteration 18.3765    pickout 2.0113    decision 0.0079    branching_decision 0.0077    set_bounds 1.6855    solve 14.7956    func 17.8627    prepare 1.4857    transfer 0.0007    finalize 2.3752    add 0.3841    
max lb 0.8584012985229492 min lb -5.842777252197266
Number of Verified Splits: 313 of 8192
Current worst splitting domains lb-rhs (depth):
-5.84919 (8), -5.84908 (10), -5.84886 (10), -5.84886 (10), -5.84882 (11), -5.84877 (8), -5.84871 (11), -5.84868 (11), -5.84865 (11), -5.84841 (11), -5.84841 (10), -5.84839 (10), -5.84839 (11), -5.84793 (10), -5.84785 (10), -5.84784 (10), -5.84783 (10), -5.84776 (10), -5.84768 (11), -5.84722 (10), 
Current (lb-rhs): -5.8491926193237305
49510 domains visited
Length of domains: 23694
Cumulative time: 22.07240390777588

BaB round 12
batch: 4096
splitting decisions: 
split level 0: [/input, 3315] [/input-8, 6688] [/input, 266] [/input, 5390] [/input-8, 4976] [/input-8, 3795] [/input-8, 9218] [/input-8, 11777] [/input-8, 3398] [/input-8, 11959] 
best_l after optimization: -20200.880859375
beta sum per layer: [5826.748046875, 88478.265625, 103.47412109375]
alpha/beta optimization time: 2.1875216960906982
pruning_in_iteration open status: False
ratio of positive domain = 331 / 8192 = 0.0404052734375
pruning-in-iteration extra time: 5.745887756347656e-05
Time: pickout 0.3411    branching_decision 0.0011    decision 0.0011    set_bounds 0.1820    prepare 0.1877    transfer 0.0001    finalize 0.6513    func 3.0957    solve 3.0676    add 0.0618    bab_iteration 3.6595    
Accumulated time: bab_iteration 22.0360    pickout 2.3524    decision 0.0090    branching_decision 0.0088    set_bounds 1.8675    solve 17.8632    func 20.9584    prepare 1.6734    transfer 0.0007    finalize 3.0265    add 0.4459    
max lb 1.0661463737487793 min lb -5.840664863586426
Number of Verified Splits: 331 of 8192
Current worst splitting domains lb-rhs (depth):
-5.84919 (8), -5.84908 (10), -5.84886 (10), -5.84886 (10), -5.84882 (11), -5.84877 (8), -5.84871 (11), -5.84868 (11), -5.84865 (11), -5.84841 (11), -5.84841 (10), -5.84839 (10), -5.84839 (11), -5.84793 (10), -5.84785 (10), -5.84784 (10), -5.84783 (10), -5.84776 (10), -5.84768 (11), -5.84722 (10), 
Current (lb-rhs): -5.8491926193237305
57702 domains visited
Length of domains: 27459
Cumulative time: 25.760063886642456

BaB round 13
batch: 4096
splitting decisions: 
split level 0: [/input-8, 3202] [/input-8, 3153] [/input-8, 7579] [/input-12, 24] [/input-8, 9914] [/input-8, 11930] [/input-8, 9287] [/input-8, 7125] [/input-8, 8074] [/input, 3858] 
best_l after optimization: -19413.65625
beta sum per layer: [6475.09814453125, 97877.90625, 89.26042175292969]
alpha/beta optimization time: 2.1887917518615723
pruning_in_iteration open status: False
ratio of positive domain = 450 / 8192 = 0.054931640625
pruning-in-iteration extra time: 5.650520324707031e-05
Time: pickout 0.3509    branching_decision 0.0010    decision 0.0011    set_bounds 0.1835    prepare 0.1868    transfer 0.0001    finalize 0.3908    func 2.8354    solve 3.0958    add 0.0635    bab_iteration 3.6877    
Accumulated time: bab_iteration 25.7236    pickout 2.7033    decision 0.0101    branching_decision 0.0098    set_bounds 2.0510    solve 20.9589    func 23.7937    prepare 1.8602    transfer 0.0008    finalize 3.4173    add 0.5094    
max lb 1.5351786613464355 min lb -5.83806037902832
Number of Verified Splits: 450 of 8192
Current worst splitting domains lb-rhs (depth):
-5.84919 (8), -5.84908 (10), -5.84886 (10), -5.84886 (10), -5.84882 (11), -5.84877 (8), -5.84871 (11), -5.84868 (11), -5.84865 (11), -5.84841 (10), -5.84841 (11), -5.84839 (10), -5.84839 (11), -5.84793 (10), -5.84785 (10), -5.84784 (10), -5.84783 (10), -5.84776 (10), -5.84768 (11), -5.84722 (10), 
Current (lb-rhs): -5.8491926193237305
65894 domains visited
Length of domains: 31105
Cumulative time: 29.196676015853882

BaB round 14
batch: 4096
splitting decisions: 
split level 0: [/input, 5257] [/input, 5151] [/input, 4861] [/input, 3884] [/input-8, 8473] [/input, 4993] [/input-8, 8907] [/input, 5171] [/input-8, 7386] [/input-8, 6386] 
best_l after optimization: -18862.0859375
beta sum per layer: [7183.96484375, 106995.3125, 85.859619140625]
alpha/beta optimization time: 2.188873052597046
pruning_in_iteration open status: False
ratio of positive domain = 409 / 8192 = 0.0499267578125
pruning-in-iteration extra time: 7.700920104980469e-05
Time: pickout 0.6451    branching_decision 0.0011    decision 0.0011    set_bounds 0.1824    prepare 0.1871    transfer 0.0001    finalize 0.3919    func 2.8375    solve 2.8355    add 0.0609    bab_iteration 3.4366    
Accumulated time: bab_iteration 29.1602    pickout 3.3484    decision 0.0112    branching_decision 0.0109    set_bounds 2.2334    solve 23.7944    func 26.6313    prepare 2.0473    transfer 0.0008    finalize 3.8092    add 0.5703    
max lb 0.9567661285400391 min lb -5.832486629486084
Number of Verified Splits: 409 of 8192
Current worst splitting domains lb-rhs (depth):
-5.84919 (8), -5.84908 (10), -5.84886 (10), -5.84886 (10), -5.84882 (11), -5.84877 (8), -5.84871 (11), -5.84868 (11), -5.84865 (11), -5.84841 (11), -5.84841 (10), -5.84839 (10), -5.84839 (11), -5.84793 (10), -5.84785 (10), -5.84784 (10), -5.84783 (10), -5.84776 (10), -5.84768 (11), -5.84722 (10), 
Current (lb-rhs): -5.8491926193237305
74086 domains visited
Length of domains: 34792
Cumulative time: 33.01788520812988

BaB round 15
batch: 4096
splitting decisions: 
split level 0: [/input-8, 12340] [/input, 5468] [/input-8, 5094] [/input-8, 6917] [/input-8, 9473] [/input-8, 6532] [/input-8, 7386] [/input-8, 7428] [/input-8, 8040] [/input, 4783] 
best_l after optimization: -18154.318359375
beta sum per layer: [7896.8681640625, 116612.703125, 78.53349304199219]
alpha/beta optimization time: 2.189908981323242
pruning_in_iteration open status: False
ratio of positive domain = 538 / 8192 = 0.065673828125
pruning-in-iteration extra time: 7.653236389160156e-05
Time: pickout 0.3555    branching_decision 0.0011    decision 0.0011    set_bounds 0.1830    prepare 0.1873    transfer 0.0001    finalize 0.7492    func 3.1978    solve 2.8376    add 0.1501    bab_iteration 3.8212    
Accumulated time: bab_iteration 32.9814    pickout 3.7039    decision 0.0123    branching_decision 0.0120    set_bounds 2.4165    solve 26.6320    func 29.8291    prepare 2.2346    transfer 0.0009    finalize 4.5584    add 0.7203    
max lb 1.2935290336608887 min lb -5.829610824584961
Number of Verified Splits: 538 of 8192
Current worst splitting domains lb-rhs (depth):
-5.84919 (8), -5.84908 (10), -5.84886 (10), -5.84886 (10), -5.84882 (11), -5.84877 (8), -5.84871 (11), -5.84868 (11), -5.84865 (11), -5.84841 (10), -5.84841 (11), -5.84839 (11), -5.84839 (10), -5.84793 (10), -5.84785 (10), -5.84784 (10), -5.84783 (10), -5.84776 (10), -5.84768 (11), -5.84722 (10), 
Current (lb-rhs): -5.8491926193237305
82278 domains visited
Length of domains: 38350
Cumulative time: 36.8215446472168

BaB round 16
batch: 4096
splitting decisions: 
split level 0: [/input-8, 3595] [/input-8, 3740] [/input, 3630] [/input-8, 9639] [/input-8, 9465] [/input-8, 12454] [/input-8, 12480] [/input-8, 7292] [/input, 4871] [/input-8, 7650] 
best_l after optimization: -17736.591796875
beta sum per layer: [8753.74609375, 125509.0, 84.88389587402344]
alpha/beta optimization time: 2.190308094024658
pruning_in_iteration open status: False
ratio of positive domain = 524 / 8192 = 0.06396484375
pruning-in-iteration extra time: 6.794929504394531e-05
Time: pickout 0.3558    branching_decision 0.0011    decision 0.0011    set_bounds 0.1825    prepare 0.1900    transfer 0.0001    finalize 0.3905    func 2.8424    solve 3.1979    add 0.0609    bab_iteration 3.8037    
Accumulated time: bab_iteration 36.7851    pickout 4.0597    decision 0.0133    branching_decision 0.0130    set_bounds 2.5990    solve 29.8299    func 32.6715    prepare 2.4246    transfer 0.0010    finalize 4.9490    add 0.7812    
max lb 1.0388667583465576 min lb -5.829344749450684
Number of Verified Splits: 524 of 8192
Current worst splitting domains lb-rhs (depth):
-5.84919 (8), -5.84908 (10), -5.84886 (10), -5.84886 (10), -5.84882 (11), -5.84877 (8), -5.84871 (11), -5.84868 (11), -5.84865 (11), -5.84841 (11), -5.84841 (10), -5.84839 (10), -5.84839 (11), -5.84793 (10), -5.84785 (10), -5.84784 (10), -5.84783 (10), -5.84776 (10), -5.84768 (11), -5.84722 (10), 
Current (lb-rhs): -5.8491926193237305
90470 domains visited
Length of domains: 41922
Cumulative time: 40.27349352836609

BaB round 17
batch: 4096
splitting decisions: 
split level 0: [/input-8, 6278] [/input-8, 3458] [/input, 5008] [/input-8, 6480] [/input-8, 6782] [/input-8, 9037] [/input-8, 5345] [/input-8, 8934] [/input-8, 9217] [/input-8, 8804] 
best_l after optimization: -17194.34375
beta sum per layer: [9555.5322265625, 134579.8125, 102.75944519042969]
alpha/beta optimization time: 2.189547300338745
pruning_in_iteration open status: False
ratio of positive domain = 588 / 8192 = 0.07177734375
pruning-in-iteration extra time: 5.841255187988281e-05
Time: pickout 0.3608    branching_decision 0.0010    decision 0.0011    set_bounds 0.5537    prepare 0.1893    transfer 0.0001    finalize 0.3873    func 2.8356    solve 2.8425    add 0.0646    bab_iteration 3.4519    
Accumulated time: bab_iteration 40.2370    pickout 4.4205    decision 0.0144    branching_decision 0.0141    set_bounds 3.1527    solve 32.6723    func 35.5071    prepare 2.6139    transfer 0.0010    finalize 5.3363    add 0.8458    
max lb 0.9755239486694336 min lb -5.828606128692627
Number of Verified Splits: 588 of 8192
Current worst splitting domains lb-rhs (depth):
-5.84919 (8), -5.84908 (10), -5.84886 (10), -5.84886 (10), -5.84882 (11), -5.84877 (8), -5.84871 (11), -5.84868 (11), -5.84865 (11), -5.84841 (10), -5.84841 (11), -5.84839 (11), -5.84839 (10), -5.84793 (10), -5.84785 (10), -5.84784 (10), -5.84783 (10), -5.84776 (10), -5.84768 (11), -5.84722 (10), 
Current (lb-rhs): -5.8491926193237305
98662 domains visited
Length of domains: 45430
Cumulative time: 44.0940363407135

BaB round 18
batch: 4096
splitting decisions: 
split level 0: [/input, 4826] [/input-8, 7855] [/input, 3495] [/input-8, 5394] [/input-8, 5297] [/input, 4989] [/input-8, 3725] [/input-8, 5236] [/input, 3164] [/input-8, 7273] 
best_l after optimization: -16753.150390625
beta sum per layer: [10425.5634765625, 143571.25, 105.20259857177734]
alpha/beta optimization time: 2.18941330909729
pruning_in_iteration open status: False
ratio of positive domain = 704 / 8192 = 0.0859375
pruning-in-iteration extra time: 5.7697296142578125e-05
Time: pickout 0.3587    branching_decision 0.0010    decision 0.0011    set_bounds 0.1842    prepare 0.1887    transfer 0.0001    finalize 0.3838    func 2.8317    solve 2.8356    add 0.0636    bab_iteration 3.8205    
Accumulated time: bab_iteration 44.0576    pickout 4.7792    decision 0.0155    branching_decision 0.0151    set_bounds 3.3369    solve 35.5079    func 38.3388    prepare 2.8026    transfer 0.0011    finalize 5.7201    add 0.9094    
max lb 0.8964321613311768 min lb -5.82497501373291
Number of Verified Splits: 704 of 8192
Current worst splitting domains lb-rhs (depth):
-5.84919 (8), -5.84908 (10), -5.84886 (10), -5.84886 (10), -5.84882 (11), -5.84877 (8), -5.84871 (11), -5.84868 (11), -5.84865 (11), -5.84841 (11), -5.84841 (10), -5.84839 (10), -5.84839 (11), -5.84793 (10), -5.84785 (10), -5.84784 (10), -5.84783 (10), -5.84776 (10), -5.84768 (11), -5.84722 (10), 
Current (lb-rhs): -5.8491926193237305
106854 domains visited
Length of domains: 48822
Cumulative time: 47.53670024871826

BaB round 19
batch: 4096
splitting decisions: 
split level 0: [/input-8, 12344] [/input, 3545] [/input, 4766] [/input-8, 461] [/input-8, 8105] [/input-8, 8475] [/input-8, 7206] [/input-8, 7593] [/input-8, 6941] [/input, 3158] 
best_l after optimization: -16561.361328125
beta sum per layer: [11550.68359375, 151645.0, 117.61396789550781]
alpha/beta optimization time: 2.190213680267334
pruning_in_iteration open status: False
ratio of positive domain = 649 / 8192 = 0.0792236328125
pruning-in-iteration extra time: 5.936622619628906e-05
Time: pickout 0.7661    branching_decision 0.0010    decision 0.0011    set_bounds 0.1837    prepare 0.1892    transfer 0.0001    finalize 0.3853    func 2.8345    solve 2.8318    add 0.0608    bab_iteration 3.4427    
Accumulated time: bab_iteration 47.5002    pickout 5.5453    decision 0.0165    branching_decision 0.0162    set_bounds 3.5206    solve 38.3397    func 41.1733    prepare 2.9918    transfer 0.0012    finalize 6.1054    add 0.9702    
max lb 1.1973638534545898 min lb -5.818899154663086
Number of Verified Splits: 649 of 8192
Current worst splitting domains lb-rhs (depth):
-5.84919 (8), -5.84908 (10), -5.84886 (10), -5.84886 (10), -5.84882 (11), -5.84877 (8), -5.84871 (11), -5.84868 (11), -5.84865 (11), -5.84841 (10), -5.84841 (11), -5.84839 (11), -5.84839 (10), -5.84793 (10), -5.84785 (10), -5.84784 (10), -5.84783 (10), -5.84776 (10), -5.84768 (11), -5.84722 (10), 
Current (lb-rhs): -5.8491926193237305
115046 domains visited
Length of domains: 52269
Cumulative time: 51.39145064353943

BaB round 20
batch: 4096
splitting decisions: 
split level 0: [/input, 5318] [/input-8, 11953] [/input-8, 8260] [/input-8, 11851] [/input-8, 5172] [/input, 4958] [/input-8, 9411] [/input-8, 3441] [/input-8, 3547] [/input-8, 5335] 
best_l after optimization: -16202.6103515625
beta sum per layer: [12716.396484375, 160209.40625, 126.94090270996094]
alpha/beta optimization time: 2.1900858879089355
pruning_in_iteration open status: False
ratio of positive domain = 699 / 8192 = 0.0853271484375
pruning-in-iteration extra time: 5.8650970458984375e-05
Time: pickout 0.3641    branching_decision 0.0010    decision 0.0010    set_bounds 0.1825    prepare 0.1879    transfer 0.0001    finalize 0.3850    func 2.8322    solve 2.8345    add 0.0631    bab_iteration 3.8547    
Accumulated time: bab_iteration 51.3550    pickout 5.9094    decision 0.0176    branching_decision 0.0172    set_bounds 3.7031    solve 41.1742    func 44.0055    prepare 3.1797    transfer 0.0012    finalize 6.4904    add 1.0333    
max lb 1.5092253684997559 min lb -5.818899154663086
Number of Verified Splits: 699 of 8192
Current worst splitting domains lb-rhs (depth):
-5.84919 (8), -5.84908 (10), -5.84886 (10), -5.84886 (10), -5.84882 (11), -5.84877 (8), -5.84871 (11), -5.84868 (11), -5.84865 (11), -5.84841 (11), -5.84841 (10), -5.84839 (10), -5.84839 (11), -5.84793 (10), -5.84785 (10), -5.84784 (10), -5.84783 (10), -5.84776 (10), -5.84768 (11), -5.84722 (10), 
Current (lb-rhs): -5.8491926193237305
123238 domains visited
Length of domains: 55666
Cumulative time: 55.26695489883423

BaB round 21
batch: 4096
splitting decisions: 
split level 0: [/input, 4866] [/input, 3141] [/input, 4843] [/input-8, 6797] [/input-8, 9288] [/input-8, 11791] [/input-8, 5172] [/input-8, 7781] [/input-8, 9635] [/input-8, 6317] 
best_l after optimization: -15898.6484375
beta sum per layer: [13979.330078125, 167875.171875, 142.8267822265625]
alpha/beta optimization time: 2.1897308826446533
pruning_in_iteration open status: False
ratio of positive domain = 662 / 8192 = 0.080810546875
pruning-in-iteration extra time: 5.936622619628906e-05
Time: pickout 0.3637    branching_decision 0.0011    decision 0.0011    set_bounds 0.1831    prepare 0.1900    transfer 0.0001    finalize 0.3854    func 2.8356    solve 2.8323    add 0.4890    bab_iteration 3.8755    
Accumulated time: bab_iteration 55.2305    pickout 6.2731    decision 0.0186    branching_decision 0.0182    set_bounds 3.8862    solve 44.0065    func 46.8411    prepare 3.3697    transfer 0.0013    finalize 6.8758    add 1.5223    
max lb 1.391878604888916 min lb -5.8188934326171875
Number of Verified Splits: 662 of 8192
Current worst splitting domains lb-rhs (depth):
-5.84919 (8), -5.84908 (10), -5.84886 (10), -5.84886 (10), -5.84882 (11), -5.84877 (8), -5.84871 (11), -5.84868 (11), -5.84865 (11), -5.84841 (10), -5.84841 (11), -5.84839 (10), -5.84839 (11), -5.84793 (10), -5.84785 (10), -5.84784 (10), -5.84783 (10), -5.84776 (10), -5.84768 (11), -5.84722 (10), 
Current (lb-rhs): -5.8491926193237305
131430 domains visited
Length of domains: 59100
Time out!!!!!!!!
Result: unknown in 60.7910 seconds

 %%%%%%%%%%%%%%%%%%%%%%%%%%%%%%%%%%% idx: 6, vnnlib ID: 6 %%%%%%%%%%%%%%%%%%%%%%%%%%%%%%%%%%%
Finished vnnlib processing in 0.001639 seconds
Model: BoundedModule(
  (/input-1): BoundInput(name=/input-1, inputs=[], perturbed=True)
  (/shape): BoundBuffers(name=/shape, inputs=[], perturbed=False)
  (/12): BoundParams(name=/12, inputs=[], perturbed=False)
  (/13): BoundParams(name=/13, inputs=[], perturbed=False)
  (/14): BoundParams(name=/14, inputs=[], perturbed=False)
  (/15): BoundParams(name=/15, inputs=[], perturbed=False)
  (/16): BoundParams(name=/16, inputs=[], perturbed=False)
  (/17): BoundParams(name=/17, inputs=[], perturbed=False)
  (/18): BoundParams(name=/18, inputs=[], perturbed=False)
  (/19): BoundParams(name=/19, inputs=[], perturbed=False)
  (/20): BoundParams(name=/20, inputs=[], perturbed=False)
  (/21): BoundParams(name=/21, inputs=[], perturbed=False)
  (/input): BoundConv(name=/input, inputs=[/input-1, /12, /13], perturbed=True)
  (/input-4): BoundRelu(name=/input-4, inputs=[/input], perturbed=True)
  (/24): BoundConv(name=/24, inputs=[/input-4, /14, /15], perturbed=True)
  (/25): BoundConv(name=/25, inputs=[/input-4, /16, /17], perturbed=True)
  (/26): BoundAdd(name=/26, inputs=[/24, /25], perturbed=True)
  (/input-8): BoundConcat(name=/input-8, inputs=[/input, /26], perturbed=True)
  (/tensor): BoundRelu(name=/tensor, inputs=[/input-8], perturbed=True)
  (/30): BoundSplit(name=/30, inputs=[/tensor], perturbed=True)
  (/31): BoundSplit(name=/31, inputs=[/shape], perturbed=False)
  (/32): BoundSplit(name=/32, inputs=[/shape], perturbed=False)
  (/33): BoundConstant(name=/33, value=tensor([0], device='cuda:0'))
  (/34): BoundSqueeze(name=/34, inputs=[/31, /33], perturbed=False)
  (/35): BoundConstant(name=/35, value=tensor([0], device='cuda:0'))
  (/36): BoundSqueeze(name=/36, inputs=[/32, /35], perturbed=False)
  (/37): BoundConstant(name=/37, value=tensor([0], device='cuda:0'))
  (/38): BoundUnsqueeze(name=/38, inputs=[/34, /37], perturbed=False)
  (/39): BoundConstant(name=/39, value=tensor([0], device='cuda:0'))
  (/40): BoundUnsqueeze(name=/40, inputs=[/36, /39], perturbed=False)
  (/41): BoundConcat(name=/41, inputs=[/38, /40], perturbed=False)
  (/42): BoundReshape(name=/42, inputs=[/30, /41], perturbed=True)
  (/input-12): BoundLinear(name=/input-12, inputs=[/42, /18, /19], perturbed=True)
  (/44): BoundRelu(name=/44, inputs=[/input-12], perturbed=True)
  (/45): BoundLinear(name=/45, inputs=[/44, /20, /21], perturbed=True)
)
Original output in the first batch: tensor([[-2.45666289, -2.22475696, -1.73973835,  2.25172806,  7.18227243,
          4.33149242, -3.62663269,  4.87875891,  4.05887079,  4.12637424]],
       device='cuda:0')
Split layers:
Nonlinear functions:
   BoundRelu(name=/input-4, inputs=[/input], perturbed=True)
   BoundRelu(name=/tensor, inputs=[/input-8], perturbed=True)
   BoundRelu(name=/44, inputs=[/input-12], perturbed=True)
build batch [1/1]
layer /input-4 using sparse-features alpha with shape [1530]; unstable size 1530; total size 6272 ([1, 8, 28, 28])
layer /input-4 start_node /input-12 using sparse-spec alpha [2, 18, 1, 1530] with unstable size 17 total_size 64 output_shape torch.Size([64])
layer /input-4 start_node /45 using full alpha [2, 9, 1, 1530] with unstable size None total_size 9 output_shape 9
layer /tensor using sparse-features alpha with shape [4941]; unstable size 4941; total size 12544 ([1, 16, 28, 28])
layer /tensor start_node /input-12 using sparse-spec alpha [2, 18, 1, 4941] with unstable size 17 total_size 64 output_shape torch.Size([64])
layer /tensor start_node /45 using full alpha [2, 9, 1, 4941] with unstable size None total_size 9 output_shape 9
layer /44 using sparse-features alpha with shape [17]; unstable size 17; total size 64 ([1, 64])
layer /44 start_node /45 using full alpha [2, 9, 1, 17] with unstable size None total_size 9 output_shape 9
Optimizable variables initialized.
initial CROWN bounds (first 10 items): [0.27005672454833984, 2.247243881225586, -0.7643914222717285, -5.148266315460205, -5.198482036590576, 0.7115449905395508, -5.7454633712768555, -4.353395462036133, -3.1099488735198975]
prune_after_crown optimization in use
  original spec size = torch.Size([1, 9])
  pruned spec size = torch.Size([1, 6])
Using alpha-CROWN to initialize bounds.
best_l after optimization: -21.004741668701172
alpha/beta optimization time: 1.3450407981872559
initial alpha-crown bounds (first 10 items): [-0.5229825973510742, -4.065669536590576, -4.716436386108398, -5.1235809326171875, -3.7479724884033203, -2.8281002044677734]
Global lower bound: -5.1235809326171875
3 / 9 OR specs are verified.
Verified OR indices (first 10 items): [0, 1, 5]
Verified OR lbs (first 10 items): [[inf], [inf], [inf]]
Unverified OR indices (first 10 items): [2, 3, 4, 6, 7, 8]
Unverified OR lbs (first 10 items): [[-0.5229825973510742], [-4.065669536590576], [-4.716436386108398], [-5.1235809326171875], [-3.7479724884033203], [-2.8281002044677734]]
###### Verifying property Instance 6 ######
Batch size: 6
First 10 spec matrices
C: tensor([[[ 0.,  0., -1.,  0.,  1.,  0.,  0.,  0.,  0.,  0.]],

        [[ 0.,  0.,  0., -1.,  1.,  0.,  0.,  0.,  0.,  0.]],

        [[ 0.,  0.,  0.,  0.,  1., -1.,  0.,  0.,  0.,  0.]],

        [[ 0.,  0.,  0.,  0.,  1.,  0.,  0., -1.,  0.,  0.]],

        [[ 0.,  0.,  0.,  0.,  1.,  0.,  0.,  0., -1.,  0.]],

        [[ 0.,  0.,  0.,  0.,  1.,  0.,  0.,  0.,  0., -1.]]], device='cuda:0')
RHS: tensor([[0.],
        [0.],
        [0.],
        [0.],
        [0.],
        [0.]], device='cuda:0')
OR spec sizes: tensor([1, 1, 1, 1, 1, 1], device='cuda:0', dtype=torch.int32)
Remaining timeout: 58.205466508865356
Model prediction is: tensor([-2.45666289, -2.22475696, -1.73973835,  2.25172806,  7.18227243,
         4.33149242, -3.62663269,  4.87875891,  4.05887079,  4.12637424],
       device='cuda:0')
Activation BaB batch 1/1 
build_with_refined_bounds batch [1/1]
Optimizable variables initialized.
all alpha initialized
directly get lb and ub from refined bounds
c shape: torch.Size([6, 1, 10])
lA shapes: [torch.Size([6, 1, 8, 28, 28]), torch.Size([6, 1, 16, 28, 28]), torch.Size([6, 1, 64])]
(alpha-)CROWN with fixed intermediate bounds: tensor([[-0.52298260],
        [-4.06566954],
        [-4.71643639],
        [-5.12358093],
        [-3.74797249],
        [-2.82810020]], device='cuda:0') tensor([[inf],
        [inf],
        [inf],
        [inf],
        [inf],
        [inf]], device='cuda:0')
Intermediate layers: /input,/input-8,/input-12
Keeping alphas for these layers: ['/45']
Node /input-4 input 0: size torch.Size([8, 28, 28]) unstable 1530
Node /tensor input 0: size torch.Size([16, 28, 28]) unstable 4941
Node /44 input 0: size torch.Size([64]) unstable 17
-----------------
# of unstable neurons: 6488
-----------------

BaB round 1
batch: 6
splitting decisions: 
split level 0: [/input-8, 7983] [/input-8, 10042] [/input-8, 6759] [/input, 5159] [/input-8, 7857] [/input-8, 5135] 
split level 1: [/input-8, 12260] [/input-8, 5247] [/input-8, 12013] [/input-8, 8799] [/input-8, 3826] [/input-8, 3155] 
split level 2: [/input-8, 5313] [/input-8, 8963] [/input-8, 5396] [/input-8, 7749] [/input-8, 9860] [/input-8, 4863] 
split level 3: [/input-8, 9798] [/input-8, 7040] [/input, 1443] [/input-8, 9659] [/input-8, 7500] [/input, 3548] 
split level 4: [/input-8, 12011] [/input, 4758] [/input-8, 12039] [/input, 3265] [/input-8, 12303] [/input-8, 7472] 
best_l after optimization: -653.1727294921875
beta sum per layer: [14.348346710205078, 139.11697387695312, 0.0]
alpha/beta optimization time: 0.15247440338134766
pruning_in_iteration open status: False
ratio of positive domain = 0 / 192 = 0.0
pruning-in-iteration extra time: 5.793571472167969e-05
Time: pickout 0.0027    branching_decision 0.0001    decision 0.0001    set_bounds 0.0095    prepare 0.0025    transfer 0.0000    finalize 0.0098    func 0.1703    
Accumulated time: bab_iteration 0.0000    pickout 0.0027    decision 0.0001    branching_decision 0.0001    set_bounds 0.0095    solve 0.0000    func 0.1703    prepare 0.0025    transfer 0.0000    finalize 0.0098    
max lb -0.39623451232910156 min lb -5.122736930847168
Number of Verified Splits: 0 of 192
Current worst splitting domains lb-rhs (depth):
-5.12274 (5), -5.12143 (5), -5.11446 (5), -5.11318 (5), -5.11020 (5), -5.10928 (5), -5.10892 (5), -5.10811 (5), -5.10205 (5), -5.10183 (5), -5.10078 (5), -5.10055 (5), -5.09695 (5), -5.09578 (5), -5.08942 (5), -5.08815 (5), -4.96749 (5), -4.96621 (5), -4.95920 (5), -4.95793 (5), 
Current (lb-rhs): -5.122736930847168
192 domains visited
Length of domains: 192
Cumulative time: 0.21694183349609375

BaB round 2
batch: 192
splitting decisions: 
split level 0: [/input-8, 6974] [/input-8, 5245] [/input-8, 3544] [/input-8, 3843] [/input-8, 9935] [/input-8, 11947] [/input-8, 632] [/input-8, 11984] [/input-8, 3754] [/input, 3590] 
best_l after optimization: -1271.8148193359375
beta sum per layer: [40.23286819458008, 548.1998901367188, 0.6627090573310852]
alpha/beta optimization time: 0.1553182601928711
pruning_in_iteration open status: False
ratio of positive domain = 0 / 384 = 0.0
pruning-in-iteration extra time: 5.173683166503906e-05
Time: pickout 0.0159    branching_decision 0.0001    decision 0.0001    set_bounds 0.0088    prepare 0.0086    transfer 0.0000    finalize 0.0179    func 0.1884    solve 0.1703    add 0.0028    bab_iteration 0.1856    
Accumulated time: bab_iteration 0.1856    pickout 0.0186    decision 0.0002    branching_decision 0.0002    set_bounds 0.0182    solve 0.1703    func 0.3587    prepare 0.0111    transfer 0.0001    finalize 0.0277    add 0.0028    
max lb -0.2588515281677246 min lb -5.122722148895264
Number of Verified Splits: 0 of 384
Current worst splitting domains lb-rhs (depth):
-5.12272 (6), -5.12272 (6), -5.12143 (6), -5.12139 (6), -5.11004 (6), -5.11004 (6), -5.10873 (6), -5.10873 (6), -5.10870 (6), -5.10782 (6), -5.10648 (6), -5.10648 (6), -5.10335 (6), -5.09601 (6), -5.09598 (6), -5.09451 (6), -5.09451 (6), -5.09439 (6), -5.09383 (6), -5.09383 (6), 
Current (lb-rhs): -5.122722148895264
576 domains visited
Length of domains: 384
Cumulative time: 0.4346160888671875

BaB round 3
batch: 384
splitting decisions: 
split level 0: [/input-8, 12153] [/input-8, 9423] [/input-8, 6314] [/input-8, 8038] [/input-8, 9193] [/input-8, 369] [/input, 5137] [/input-8, 5344] [/input, 3445] [/input-8, 6760] 
best_l after optimization: -2464.55859375
beta sum per layer: [110.67057800292969, 1715.001708984375, 1.350775957107544]
alpha/beta optimization time: 0.1871328353881836
pruning_in_iteration open status: False
ratio of positive domain = 1 / 768 = 0.0013020833333333703
pruning-in-iteration extra time: 5.364418029785156e-05
Time: pickout 0.0315    branching_decision 0.0002    decision 0.0002    set_bounds 0.0176    prepare 0.0165    transfer 0.0000    finalize 0.0380    func 0.2513    solve 0.1885    add 0.0042    bab_iteration 0.2177    
Accumulated time: bab_iteration 0.4033    pickout 0.0501    decision 0.0005    branching_decision 0.0004    set_bounds 0.0358    solve 0.3588    func 0.6100    prepare 0.0276    transfer 0.0001    finalize 0.0657    add 0.0070    
max lb 0.06908845901489258 min lb -5.122713088989258
Number of Verified Splits: 1 of 768
Current worst splitting domains lb-rhs (depth):
-5.12271 (7), -5.12271 (7), -5.12271 (7), -5.12140 (7), -5.12138 (7), -5.11020 (7), -5.10969 (7), -5.10969 (7), -5.10964 (7), -5.10842 (7), -5.10842 (7), -5.10825 (7), -5.10825 (7), -5.10749 (7), -5.10711 (7), -5.10291 (7), -5.10118 (7), -5.10010 (7), -5.10010 (7), -5.10010 (7), 
Current (lb-rhs): -5.122713088989258
1344 domains visited
Length of domains: 767
Cumulative time: 0.7447755336761475

BaB round 4
batch: 767
splitting decisions: 
split level 0: [/input-8, 8298] [/input, 5197] [/input-8, 9647] [/input, 4842] [/input-8, 6843] [/input-8, 3138] [/input-8, 7256] [/input-8, 10051] [/input-8, 9921] [/input-8, 9966] 
best_l after optimization: -4750.7333984375
beta sum per layer: [290.2306213378906, 4803.91552734375, 2.802762746810913]
alpha/beta optimization time: 0.3901937007904053
pruning_in_iteration open status: False
ratio of positive domain = 20 / 1534 = 0.013037809647979182
pruning-in-iteration extra time: 6.628036499023438e-05
Time: pickout 0.0636    branching_decision 0.0004    decision 0.0004    set_bounds 0.0392    prepare 0.0331    transfer 0.0000    finalize 0.0736    func 0.5146    solve 0.2513    add 0.0078    bab_iteration 0.3102    
Accumulated time: bab_iteration 0.7134    pickout 0.1136    decision 0.0008    branching_decision 0.0007    set_bounds 0.0750    solve 0.6102    func 1.1246    prepare 0.0607    transfer 0.0002    finalize 0.1393    add 0.0149    
max lb 0.1297144889831543 min lb -5.122706413269043
Number of Verified Splits: 20 of 1534
Current worst splitting domains lb-rhs (depth):
-5.12271 (8), -5.12263 (8), -5.12255 (8), -5.12232 (8), -5.12124 (8), -5.12111 (8), -5.12105 (8), -5.11830 (8), -5.11002 (8), -5.11002 (8), -5.10944 (8), -5.10944 (8), -5.10944 (8), -5.10944 (8), -5.10940 (8), -5.10797 (8), -5.10797 (8), -5.10795 (8), -5.10741 (8), -5.10714 (8), 
Current (lb-rhs): -5.122706413269043
2878 domains visited
Length of domains: 1514
Cumulative time: 1.3783349990844727

BaB round 5
batch: 1514
splitting decisions: 
split level 0: [/input-8, 7321] [/input-8, 12484] [/input-8, 11946] [/input-8, 517] [/input, 3578] [/input-8, 8367] [/input-8, 5265] [/input-8, 7777] [/input-8, 8172] [/input-8, 6608] 
best_l after optimization: -9108.119140625
beta sum per layer: [703.570068359375, 12386.48828125, 7.769198894500732]
alpha/beta optimization time: 0.8106179237365723
pruning_in_iteration open status: False
ratio of positive domain = 37 / 3028 = 0.012219286657859985
pruning-in-iteration extra time: 5.91278076171875e-05
Time: pickout 0.1214    branching_decision 0.0007    decision 0.0007    set_bounds 0.0673    prepare 0.0667    transfer 0.0001    finalize 0.1399    func 1.0496    solve 0.5146    add 0.0153    bab_iteration 0.6336    
Accumulated time: bab_iteration 1.3470    pickout 0.2351    decision 0.0016    branching_decision 0.0015    set_bounds 0.1424    solve 1.1248    func 2.1742    prepare 0.1274    transfer 0.0002    finalize 0.2792    add 0.0302    
max lb 1.0163068771362305 min lb -5.12261962890625
Number of Verified Splits: 37 of 3028
Current worst splitting domains lb-rhs (depth):
-5.12262 (9), -5.12254 (9), -5.12254 (9), -5.12232 (9), -5.12167 (9), -5.12149 (9), -5.12114 (9), -5.12060 (9), -5.12060 (9), -5.11824 (9), -5.11744 (9), -5.11697 (9), -5.11000 (9), -5.11000 (9), -5.10996 (9), -5.10920 (9), -5.10920 (9), -5.10915 (9), -5.10915 (9), -5.10869 (9), 
Current (lb-rhs): -5.12261962890625
5906 domains visited
Length of domains: 2991
Cumulative time: 2.6434106826782227

BaB round 6
batch: 2048
splitting decisions: 
split level 0: [/input, 989] [/input-8, 9915] [/input-8, 7650] [/input-8, 12121] [/input-8, 6794] [/input-8, 313] [/input-8, 3293] [/input-8, 6815] [/input, 5456] [/input-8, 7681] 
best_l after optimization: -11857.978515625
beta sum per layer: [1220.699462890625, 21539.80859375, 15.274605751037598]
alpha/beta optimization time: 1.0979676246643066
pruning_in_iteration open status: False
ratio of positive domain = 73 / 4096 = 0.017822265625
pruning-in-iteration extra time: 5.650520324707031e-05
Time: pickout 0.3170    branching_decision 0.0008    decision 0.0008    set_bounds 0.0941    prepare 0.0919    transfer 0.0001    finalize 0.1934    func 1.4222    solve 1.0497    add 0.0248    bab_iteration 1.2651    
Accumulated time: bab_iteration 2.6120    pickout 0.5520    decision 0.0024    branching_decision 0.0023    set_bounds 0.2365    solve 2.1744    func 3.5964    prepare 0.2192    transfer 0.0003    finalize 0.4726    add 0.0550    
max lb 0.13297271728515625 min lb -5.1225433349609375
Number of Verified Splits: 73 of 4096
Current worst splitting domains lb-rhs (depth):
-5.12254 (10), -5.12254 (10), -5.12249 (10), -5.12231 (10), -5.12231 (10), -5.12167 (9), -5.12149 (9), -5.12114 (10), -5.12114 (10), -5.12109 (10), -5.12044 (10), -5.12044 (10), -5.12044 (10), -5.11824 (9), -5.11739 (10), -5.11697 (9), -5.11285 (10), -5.11000 (9), -5.10997 (10), -5.10996 (10), 
Current (lb-rhs): -5.1225433349609375
10002 domains visited
Length of domains: 4966
current_vram/total_varm: 13.4GB/47.7GB, batch_size increase to 4096
Cumulative time: 4.519351005554199

BaB round 7
batch: 4096
splitting decisions: 
split level 0: [/input-8, 259] [/input-8, 6495] [/input-8, 12435] [/input, 5326] [/input-8, 3319] [/input-8, 6743] [/input-8, 9074] [/input-8, 3196] [/input, 5285] [/input, 3879] 
best_l after optimization: -22857.0546875
beta sum per layer: [2898.12646484375, 52431.03125, 43.615478515625]
alpha/beta optimization time: 2.1798245906829834
pruning_in_iteration open status: False
ratio of positive domain = 99 / 8192 = 0.0120849609375
pruning-in-iteration extra time: 6.365776062011719e-05
Time: pickout 0.3325    branching_decision 0.0012    decision 0.0012    set_bounds 0.3337    prepare 0.1870    transfer 0.0001    finalize 0.3807    func 2.8209    solve 1.4223    add 0.0402    bab_iteration 1.8759    
Accumulated time: bab_iteration 4.4880    pickout 0.8846    decision 0.0036    branching_decision 0.0034    set_bounds 0.5702    solve 3.5967    func 6.4173    prepare 0.4063    transfer 0.0003    finalize 0.8533    add 0.0952    
max lb 1.2109127044677734 min lb -5.122450828552246
Number of Verified Splits: 99 of 8192
Current worst splitting domains lb-rhs (depth):
-5.12245 (11), -5.12241 (11), -5.12231 (11), -5.12231 (11), -5.12231 (11), -5.12210 (11), -5.12172 (11), -5.12167 (9), -5.12149 (9), -5.12114 (11), -5.12114 (11), -5.12114 (11), -5.12100 (11), -5.12086 (11), -5.12035 (11), -5.12031 (11), -5.12031 (11), -5.12031 (11), -5.11939 (11), -5.11823 (10), 
Current (lb-rhs): -5.122450828552246
18194 domains visited
Length of domains: 8963
Cumulative time: 8.077811241149902

BaB round 8
batch: 4096
splitting decisions: 
split level 0: [/input-8, 10056] [/input-8, 5266] [/input-8, 7625] [/input, 4726] [/input-8, 9904] [/input, 5477] [/input-8, 8779] [/input-8, 8704] [/input-8, 3686] [/input-8, 8966] 
best_l after optimization: -21651.974609375
beta sum per layer: [3474.7958984375, 63517.359375, 59.086673736572266]
alpha/beta optimization time: 2.176588773727417
pruning_in_iteration open status: False
ratio of positive domain = 195 / 8192 = 0.0238037109375
pruning-in-iteration extra time: 5.626678466796875e-05
Time: pickout 0.5051    branching_decision 0.0012    decision 0.0012    set_bounds 0.1814    prepare 0.1870    transfer 0.0001    finalize 0.3735    func 2.8074    solve 2.8210    add 0.0675    bab_iteration 3.5585    
Accumulated time: bab_iteration 8.0464    pickout 1.3897    decision 0.0048    branching_decision 0.0046    set_bounds 0.7516    solve 6.4176    func 9.2248    prepare 0.5932    transfer 0.0004    finalize 1.2267    add 0.1627    
max lb 0.7102134227752686 min lb -5.12230920791626
Number of Verified Splits: 195 of 8192
Current worst splitting domains lb-rhs (depth):
-5.12245 (11), -5.12241 (11), -5.12231 (11), -5.12231 (12), -5.12231 (12), -5.12210 (11), -5.12167 (9), -5.12165 (12), -5.12149 (9), -5.12119 (12), -5.12114 (11), -5.12114 (11), -5.12095 (12), -5.12095 (12), -5.12086 (11), -5.12069 (12), -5.12035 (11), -5.12031 (11), -5.12021 (12), -5.12021 (12), 
Current (lb-rhs): -5.122450828552246
26386 domains visited
Length of domains: 12864
Cumulative time: 11.637287139892578

BaB round 9
batch: 4096
splitting decisions: 
split level 0: [/input-8, 9316] [/input, 3449] [/input-8, 6984] [/input-8, 3366] [/input-8, 6374] [/input-8, 12082] [/input-8, 12038] [/input-8, 1056] [/input-8, 7981] [/input-8, 5417] 
best_l after optimization: -20582.361328125
beta sum per layer: [4051.272216796875, 75533.84375, 63.491851806640625]
alpha/beta optimization time: 2.1756253242492676
pruning_in_iteration open status: False
ratio of positive domain = 213 / 8192 = 0.0260009765625
pruning-in-iteration extra time: 5.7220458984375e-05
Time: pickout 0.5304    branching_decision 0.0010    decision 0.0011    set_bounds 0.1823    prepare 0.1860    transfer 0.0001    finalize 0.3723    func 2.8048    solve 2.8075    add 0.0616    bab_iteration 3.5595    
Accumulated time: bab_iteration 11.6059    pickout 1.9201    decision 0.0058    branching_decision 0.0056    set_bounds 0.9339    solve 9.2251    func 12.0295    prepare 0.7792    transfer 0.0005    finalize 1.5991    add 0.2243    
max lb 1.3274339437484741 min lb -5.12230920791626
Number of Verified Splits: 213 of 8192
Current worst splitting domains lb-rhs (depth):
-5.12245 (11), -5.12241 (11), -5.12231 (11), -5.12231 (13), -5.12231 (12), -5.12210 (11), -5.12167 (9), -5.12165 (12), -5.12149 (9), -5.12127 (13), -5.12119 (13), -5.12114 (11), -5.12114 (11), -5.12095 (12), -5.12095 (13), -5.12095 (13), -5.12086 (11), -5.12069 (12), -5.12064 (13), -5.12035 (11), 
Current (lb-rhs): -5.122450828552246
34578 domains visited
Length of domains: 16747
Cumulative time: 15.2472243309021

BaB round 10
batch: 4096
splitting decisions: 
split level 0: [/input-8, 9814] [/input-8, 6556] [/input-8, 12211] [/input-8, 11970] [/input, 5099] [/input-8, 3245] [/input, 5180] [/input, 5133] [/input-8, 4554] [/input-8, 3584] 
best_l after optimization: -19418.48828125
beta sum per layer: [4674.06591796875, 87520.0, 75.91056823730469]
alpha/beta optimization time: 2.1762847900390625
pruning_in_iteration open status: False
ratio of positive domain = 281 / 8192 = 0.0343017578125
pruning-in-iteration extra time: 8.034706115722656e-05
Time: pickout 0.5504    branching_decision 0.0010    decision 0.0011    set_bounds 0.1828    prepare 0.1881    transfer 0.0001    finalize 0.3705    func 2.8049    solve 2.8048    add 0.0885    bab_iteration 3.6099    
Accumulated time: bab_iteration 15.2158    pickout 2.4705    decision 0.0069    branching_decision 0.0067    set_bounds 1.1167    solve 12.0299    func 14.8344    prepare 0.9672    transfer 0.0005    finalize 1.9696    add 0.3129    
max lb 0.6325675249099731 min lb -5.122049331665039
Number of Verified Splits: 281 of 8192
Current worst splitting domains lb-rhs (depth):
-5.12245 (11), -5.12241 (11), -5.12231 (11), -5.12231 (12), -5.12210 (11), -5.12205 (14), -5.12167 (9), -5.12165 (12), -5.12149 (9), -5.12127 (13), -5.12114 (11), -5.12114 (11), -5.12095 (13), -5.12095 (12), -5.12091 (14), -5.12086 (11), -5.12082 (14), -5.12069 (12), -5.12064 (13), -5.12043 (14), 
Current (lb-rhs): -5.122450828552246
42770 domains visited
Length of domains: 20562
Cumulative time: 18.850483417510986

BaB round 11
batch: 4096
splitting decisions: 
split level 0: [/input, 5393] [/input-8, 4348] [/input, 3264] [/input-8, 8262] [/input, 3669] [/input, 3637] [/input, 3189] [/input-8, 8417] [/input-8, 6327] [/input-8, 6981] 
best_l after optimization: -18345.7734375
beta sum per layer: [5396.693359375, 100215.78125, 59.71813201904297]
alpha/beta optimization time: 2.1799259185791016
pruning_in_iteration open status: False
ratio of positive domain = 380 / 8192 = 0.04638671875
pruning-in-iteration extra time: 6.747245788574219e-05
Time: pickout 0.3440    branching_decision 0.0013    decision 0.0013    set_bounds 0.4173    prepare 0.1910    transfer 0.0001    finalize 0.3667    func 2.8079    solve 2.8049    add 0.0606    bab_iteration 3.6033    
Accumulated time: bab_iteration 18.8191    pickout 2.8146    decision 0.0082    branching_decision 0.0080    set_bounds 1.5340    solve 14.8349    func 17.6423    prepare 1.1582    transfer 0.0006    finalize 2.3362    add 0.3734    
max lb 0.6793358325958252 min lb -5.122047424316406
Number of Verified Splits: 380 of 8192
Current worst splitting domains lb-rhs (depth):
-5.12245 (11), -5.12241 (11), -5.12231 (11), -5.12231 (12), -5.12210 (11), -5.12205 (15), -5.12205 (15), -5.12167 (9), -5.12165 (12), -5.12149 (9), -5.12127 (13), -5.12114 (11), -5.12114 (11), -5.12095 (12), -5.12095 (13), -5.12088 (15), -5.12086 (11), -5.12082 (14), -5.12069 (12), -5.12064 (13), 
Current (lb-rhs): -5.122450828552246
50962 domains visited
Length of domains: 24278
Cumulative time: 22.486547708511353

BaB round 12
batch: 4096
splitting decisions: 
split level 0: [/input-8, 6865] [/input-8, 12176] [/input-8, 8294] [/input-8, 5344] [/input, 3417] [/input, 4789] [/input, 4880] [/input-8, 7274] [/input-8, 4904] [/input-8, 4413] 
best_l after optimization: -17454.375
beta sum per layer: [6126.8603515625, 111985.8984375, 70.54464721679688]
alpha/beta optimization time: 2.1773884296417236
pruning_in_iteration open status: False
ratio of positive domain = 454 / 8192 = 0.055419921875
pruning-in-iteration extra time: 5.6743621826171875e-05
Time: pickout 0.3539    branching_decision 0.0010    decision 0.0011    set_bounds 0.1847    prepare 0.4901    transfer 0.0001    finalize 0.3680    func 3.1050    solve 2.8079    add 0.0615    bab_iteration 3.6361    
Accumulated time: bab_iteration 22.4551    pickout 3.1685    decision 0.0093    branching_decision 0.0090    set_bounds 1.7188    solve 17.6428    func 20.7473    prepare 1.6484    transfer 0.0007    finalize 2.7043    add 0.4349    
max lb 0.4350471496582031 min lb -5.121211051940918
Number of Verified Splits: 454 of 8192
Current worst splitting domains lb-rhs (depth):
-5.12245 (11), -5.12241 (11), -5.12231 (11), -5.12231 (12), -5.12210 (11), -5.12205 (15), -5.12167 (9), -5.12165 (12), -5.12149 (9), -5.12127 (13), -5.12121 (16), -5.12114 (11), -5.12114 (11), -5.12095 (12), -5.12095 (13), -5.12088 (16), -5.12086 (11), -5.12082 (14), -5.12069 (12), -5.12064 (13), 
Current (lb-rhs): -5.122450828552246
59154 domains visited
Length of domains: 27920
Cumulative time: 26.19550609588623

BaB round 13
batch: 4096
splitting decisions: 
split level 0: [/input-8, 4715] [/input-8, 9429] [/input-8, 3562] [/input, 3781] [/input-8, 3336] [/input-8, 11848] [/input-8, 5762] [/input-8, 5348] [/input-8, 9543] [/input-8, 6861] 
best_l after optimization: -16635.25
beta sum per layer: [6842.97216796875, 123537.109375, 86.62506866455078]
alpha/beta optimization time: 2.1771328449249268
pruning_in_iteration open status: False
ratio of positive domain = 530 / 8192 = 0.064697265625
pruning-in-iteration extra time: 5.817413330078125e-05
Time: pickout 0.3524    branching_decision 0.0010    decision 0.0010    set_bounds 0.1832    prepare 0.1881    transfer 0.0001    finalize 0.3613    func 3.0900    solve 3.1051    add 0.0601    bab_iteration 3.7090    
Accumulated time: bab_iteration 26.1641    pickout 3.5209    decision 0.0104    branching_decision 0.0100    set_bounds 1.9020    solve 20.7479    func 23.8373    prepare 1.8365    transfer 0.0007    finalize 3.0656    add 0.4951    
max lb 0.8061027526855469 min lb -5.117449760437012
Number of Verified Splits: 530 of 8192
Current worst splitting domains lb-rhs (depth):
-5.12245 (11), -5.12241 (11), -5.12231 (11), -5.12231 (12), -5.12210 (11), -5.12205 (15), -5.12167 (9), -5.12165 (12), -5.12149 (9), -5.12127 (13), -5.12121 (16), -5.12114 (11), -5.12114 (11), -5.12095 (13), -5.12095 (12), -5.12088 (16), -5.12086 (11), -5.12082 (14), -5.12069 (12), -5.12064 (13), 
Current (lb-rhs): -5.122450828552246
67346 domains visited
Length of domains: 31486
Cumulative time: 29.884562253952026

BaB round 14
batch: 4096
splitting decisions: 
split level 0: [/input-8, 8355] [/input-8, 10048] [/input-8, 5320] [/input-8, 7959] [/input-8, 12376] [/input-8, 7049] [/input-8, 12491] [/input, 5280] [/input-8, 7879] [/input, 3330] 
best_l after optimization: -15951.919921875
beta sum per layer: [7746.7177734375, 135480.921875, 106.33232879638672]
alpha/beta optimization time: 2.177689552307129
pruning_in_iteration open status: False
ratio of positive domain = 678 / 8192 = 0.082763671875
pruning-in-iteration extra time: 5.9604644775390625e-05
Time: pickout 0.3550    branching_decision 0.0010    decision 0.0011    set_bounds 0.1823    prepare 0.1882    transfer 0.0001    finalize 0.3564    func 2.7907    solve 3.0900    add 0.0581    bab_iteration 3.6890    
Accumulated time: bab_iteration 29.8531    pickout 3.8759    decision 0.0114    branching_decision 0.0111    set_bounds 2.0843    solve 23.8379    func 26.6280    prepare 2.0247    transfer 0.0008    finalize 3.4220    add 0.5531    
max lb 0.912074089050293 min lb -5.117449760437012
Number of Verified Splits: 678 of 8192
Current worst splitting domains lb-rhs (depth):
-5.12245 (11), -5.12241 (11), -5.12231 (11), -5.12231 (12), -5.12210 (11), -5.12205 (15), -5.12167 (9), -5.12165 (12), -5.12149 (9), -5.12127 (13), -5.12121 (16), -5.12114 (11), -5.12114 (11), -5.12095 (13), -5.12095 (12), -5.12088 (16), -5.12086 (11), -5.12082 (14), -5.12069 (12), -5.12064 (13), 
Current (lb-rhs): -5.122450828552246
75538 domains visited
Length of domains: 34904
Cumulative time: 33.363194704055786

BaB round 15
batch: 4096
splitting decisions: 
split level 0: [/input-8, 6331] [/input-8, 3513] [/input-8, 9272] [/input-8, 5158] [/input-8, 5427] [/input, 3194] [/input-8, 4814] [/input-8, 3617] [/input, 5152] [/input-8, 8755] 
best_l after optimization: -15578.029296875
beta sum per layer: [8551.1796875, 145905.0, 111.10786437988281]
alpha/beta optimization time: 2.1773130893707275
pruning_in_iteration open status: False
ratio of positive domain = 699 / 8192 = 0.0853271484375
pruning-in-iteration extra time: 7.700920104980469e-05
Time: pickout 0.3555    branching_decision 0.0011    decision 0.0011    set_bounds 0.5013    prepare 0.1875    transfer 0.0001    finalize 0.3566    func 2.7906    solve 2.7908    add 0.1449    bab_iteration 3.4786    
Accumulated time: bab_iteration 33.3318    pickout 4.2314    decision 0.0125    branching_decision 0.0122    set_bounds 2.5856    solve 26.6287    func 29.4186    prepare 2.2122    transfer 0.0008    finalize 3.7786    add 0.6980    
max lb 1.373436450958252 min lb -5.11756706237793
Number of Verified Splits: 699 of 8192
Current worst splitting domains lb-rhs (depth):
-5.12245 (11), -5.12241 (11), -5.12231 (11), -5.12231 (12), -5.12210 (11), -5.12205 (15), -5.12167 (9), -5.12165 (12), -5.12149 (9), -5.12127 (13), -5.12121 (16), -5.12114 (11), -5.12114 (11), -5.12095 (12), -5.12095 (13), -5.12088 (16), -5.12086 (11), -5.12082 (14), -5.12069 (12), -5.12064 (13), 
Current (lb-rhs): -5.122450828552246
83730 domains visited
Length of domains: 38301
Cumulative time: 37.07771921157837

BaB round 16
batch: 4096
splitting decisions: 
split level 0: [/input-8, 12313] [/input-8, 9493] [/input-8, 6457] [/input-8, 9462] [/input-8, 3337] [/input-8, 7946] [/input-8, 435] [/input-8, 11828] [/input-8, 6834] [/input-8, 7498] 
best_l after optimization: -15218.51953125
beta sum per layer: [9493.634765625, 157001.875, 100.95039367675781]
alpha/beta optimization time: 2.1805319786071777
pruning_in_iteration open status: False
ratio of positive domain = 711 / 8192 = 0.0867919921875
pruning-in-iteration extra time: 6.67572021484375e-05
Time: pickout 0.3658    branching_decision 0.0010    decision 0.0010    set_bounds 0.1873    prepare 0.1901    transfer 0.0001    finalize 0.3602    func 2.8015    solve 2.7907    add 0.0606    bab_iteration 3.7145    
Accumulated time: bab_iteration 37.0463    pickout 4.5973    decision 0.0136    branching_decision 0.0132    set_bounds 2.7729    solve 29.4194    func 32.2201    prepare 2.4023    transfer 0.0009    finalize 4.1388    add 0.7586    
max lb 0.9921169281005859 min lb -5.117449760437012
Number of Verified Splits: 711 of 8192
Current worst splitting domains lb-rhs (depth):
-5.12245 (11), -5.12241 (11), -5.12231 (11), -5.12231 (12), -5.12210 (11), -5.12205 (15), -5.12167 (9), -5.12165 (12), -5.12149 (9), -5.12127 (13), -5.12121 (16), -5.12114 (11), -5.12114 (11), -5.12095 (13), -5.12095 (12), -5.12088 (16), -5.12086 (11), -5.12082 (14), -5.12069 (12), -5.12064 (13), 
Current (lb-rhs): -5.122450828552246
91922 domains visited
Length of domains: 41686
Cumulative time: 40.90213990211487

BaB round 17
batch: 4096
splitting decisions: 
split level 0: [/input-8, 3199] [/input-8, 3882] [/input, 6006] [/input-8, 3136] [/input-8, 3392] [/input-8, 7773] [/input, 5455] [/input-8, 7479] [/input-8, 4413] [/input-8, 6314] 
best_l after optimization: -14903.912109375
beta sum per layer: [10421.1279296875, 167700.25, 100.29289245605469]
alpha/beta optimization time: 2.1784353256225586
pruning_in_iteration open status: False
ratio of positive domain = 852 / 8192 = 0.10400390625
pruning-in-iteration extra time: 5.936622619628906e-05
Time: pickout 0.3624    branching_decision 0.0010    decision 0.0010    set_bounds 0.1844    prepare 0.1902    transfer 0.0001    finalize 0.3557    func 2.7939    solve 2.8016    add 0.4634    bab_iteration 3.8244    
Accumulated time: bab_iteration 40.8707    pickout 4.9596    decision 0.0146    branching_decision 0.0142    set_bounds 2.9574    solve 32.2209    func 35.0140    prepare 2.5925    transfer 0.0010    finalize 4.4945    add 1.2220    
max lb 1.1097502708435059 min lb -5.108899116516113
Number of Verified Splits: 852 of 8192
Current worst splitting domains lb-rhs (depth):
-5.12245 (11), -5.12241 (11), -5.12231 (11), -5.12231 (12), -5.12210 (11), -5.12205 (15), -5.12167 (9), -5.12165 (12), -5.12149 (9), -5.12127 (13), -5.12121 (16), -5.12114 (11), -5.12114 (11), -5.12095 (13), -5.12095 (12), -5.12088 (16), -5.12086 (11), -5.12082 (14), -5.12069 (12), -5.12064 (13), 
Current (lb-rhs): -5.122450828552246
100114 domains visited
Length of domains: 44930
Cumulative time: 44.308897972106934

BaB round 18
batch: 4096
splitting decisions: 
split level 0: [/input-8, 7849] [/input-8, 1186] [/input-8, 7773] [/input-8, 7172] [/input-8, 6823] [/input, 3259] [/input-8, 3274] [/input-8, 8758] [/input-8, 3706] [/input-8, 7716] 
best_l after optimization: -14896.626953125
beta sum per layer: [11447.7421875, 179259.625, 108.32500457763672]
alpha/beta optimization time: 2.1787097454071045
pruning_in_iteration open status: False
ratio of positive domain = 827 / 8192 = 0.1009521484375
pruning-in-iteration extra time: 5.984306335449219e-05
Time: pickout 0.3599    branching_decision 0.0011    decision 0.0011    set_bounds 0.1837    prepare 0.1891    transfer 0.0001    finalize 0.7494    func 3.1865    solve 2.7939    add 0.0596    bab_iteration 3.4068    
Accumulated time: bab_iteration 44.2775    pickout 5.3196    decision 0.0157    branching_decision 0.0153    set_bounds 3.1411    solve 35.0149    func 38.2005    prepare 2.7816    transfer 0.0010    finalize 5.2439    add 1.2816    
max lb 0.806671142578125 min lb -5.094778060913086
Number of Verified Splits: 829 of 8192
Current worst splitting domains lb-rhs (depth):
-5.12245 (11), -5.12241 (11), -5.12231 (11), -5.12231 (12), -5.12210 (11), -5.12205 (15), -5.12167 (9), -5.12165 (12), -5.12149 (9), -5.12127 (13), -5.12121 (16), -5.12114 (11), -5.12114 (11), -5.12095 (12), -5.12095 (13), -5.12088 (16), -5.12086 (11), -5.12082 (14), -5.12069 (12), -5.12064 (13), 
Current (lb-rhs): -5.122450828552246
108306 domains visited
Length of domains: 48197
Cumulative time: 48.10402488708496

BaB round 19
batch: 4096
splitting decisions: 
split level 0: [/input-8, 6812] [/input-8, 6782] [/input-8, 7980] [/input-8, 6501] [/input-8, 11834] [/input-8, 8208] [/input, 5410] [/input, 5295] [/input, 1084] [/input, 4951] 
best_l after optimization: -14840.3310546875
beta sum per layer: [12509.1357421875, 192032.25, 110.59544372558594]
alpha/beta optimization time: 2.1782238483428955
pruning_in_iteration open status: False
ratio of positive domain = 759 / 8192 = 0.0926513671875
pruning-in-iteration extra time: 7.653236389160156e-05
Time: pickout 0.3597    branching_decision 0.0010    decision 0.0011    set_bounds 0.1831    prepare 0.1883    transfer 0.0001    finalize 0.3571    func 2.7930    solve 3.1866    add 0.0581    bab_iteration 3.7951    
Accumulated time: bab_iteration 48.0726    pickout 5.6793    decision 0.0168    branching_decision 0.0164    set_bounds 3.3241    solve 38.2015    func 40.9935    prepare 2.9699    transfer 0.0011    finalize 5.6011    add 1.3397    
max lb 0.562406063079834 min lb -5.090273857116699
Number of Verified Splits: 759 of 8192
Current worst splitting domains lb-rhs (depth):
-5.12245 (11), -5.12241 (11), -5.12231 (11), -5.12231 (12), -5.12210 (11), -5.12205 (15), -5.12167 (9), -5.12165 (12), -5.12149 (9), -5.12127 (13), -5.12121 (16), -5.12114 (11), -5.12114 (11), -5.12095 (12), -5.12095 (13), -5.12088 (16), -5.12086 (11), -5.12082 (14), -5.12069 (12), -5.12064 (13), 
Current (lb-rhs): -5.122450828552246
116498 domains visited
Length of domains: 51534
Cumulative time: 51.507954120635986

BaB round 20
batch: 4096
splitting decisions: 
split level 0: [/input-8, 3198] [/input-8, 6701] [/input-8, 7932] [/input, 4717] [/input-8, 10075] [/input, 3372] [/input, 3440] [/input-8, 2475] [/input, 5246] [/input-8, 6437] 
best_l after optimization: -14590.91015625
beta sum per layer: [13613.154296875, 203430.953125, 119.3525390625]
alpha/beta optimization time: 2.178194999694824
pruning_in_iteration open status: False
ratio of positive domain = 876 / 8192 = 0.10693359375
pruning-in-iteration extra time: 8.177757263183594e-05
Time: pickout 0.3606    branching_decision 0.0010    decision 0.0010    set_bounds 0.1825    prepare 0.1900    transfer 0.0001    finalize 0.3496    func 3.2138    solve 2.7931    add 0.0611    bab_iteration 3.4039    
Accumulated time: bab_iteration 51.4765    pickout 6.0399    decision 0.0178    branching_decision 0.0174    set_bounds 3.5066    solve 40.9946    func 44.2074    prepare 3.1599    transfer 0.0012    finalize 5.9507    add 1.4008    
max lb 0.5514973402023315 min lb -5.090246200561523
Number of Verified Splits: 876 of 8192
Current worst splitting domains lb-rhs (depth):
-5.12245 (11), -5.12241 (11), -5.12231 (11), -5.12231 (12), -5.12210 (11), -5.12205 (15), -5.12167 (9), -5.12165 (12), -5.12149 (9), -5.12127 (13), -5.12121 (16), -5.12114 (11), -5.12114 (11), -5.12095 (12), -5.12095 (13), -5.12088 (16), -5.12086 (11), -5.12082 (14), -5.12069 (12), -5.12064 (13), 
Current (lb-rhs): -5.122450828552246
124690 domains visited
Length of domains: 54754
Cumulative time: 55.33141016960144

BaB round 21
batch: 4096
splitting decisions: 
split level 0: [/input-8, 9048] [/input-8, 9292] [/input-8, 9440] [/input-8, 8697] [/input, 4773] [/input-8, 10137] [/input-8, 7265] [/input-8, 4771] [/input-8, 631] [/input-8, 5211] 
best_l after optimization: -14572.7705078125
beta sum per layer: [14786.470703125, 213020.84375, 124.41824340820312]
alpha/beta optimization time: 2.178265333175659
pruning_in_iteration open status: False
ratio of positive domain = 795 / 8192 = 0.0970458984375
pruning-in-iteration extra time: 6.246566772460938e-05
Time: pickout 0.3674    branching_decision 0.0011    decision 0.0011    set_bounds 0.1831    prepare 0.1899    transfer 0.0001    finalize 0.3544    func 2.7922    solve 3.2139    add 0.0592    bab_iteration 3.8235    
Accumulated time: bab_iteration 55.2999    pickout 6.4073    decision 0.0190    branching_decision 0.0185    set_bounds 3.6898    solve 44.2085    func 46.9995    prepare 3.3498    transfer 0.0013    finalize 6.3051    add 1.4600    
max lb 0.8647031784057617 min lb -5.09027099609375
Number of Verified Splits: 795 of 8192
Current worst splitting domains lb-rhs (depth):
-5.12245 (11), -5.12241 (11), -5.12231 (11), -5.12231 (12), -5.12210 (11), -5.12205 (15), -5.12167 (9), -5.12165 (12), -5.12149 (9), -5.12127 (13), -5.12121 (16), -5.12114 (11), -5.12114 (11), -5.12095 (13), -5.12095 (12), -5.12088 (16), -5.12086 (11), -5.12082 (14), -5.12069 (12), -5.12064 (13), 
Current (lb-rhs): -5.122450828552246
132882 domains visited
Length of domains: 58055
Time out!!!!!!!!
Result: unknown in 60.8117 seconds

 %%%%%%%%%%%%%%%%%%%%%%%%%%%%%%%%%%% idx: 7, vnnlib ID: 7 %%%%%%%%%%%%%%%%%%%%%%%%%%%%%%%%%%%
Finished vnnlib processing in 0.001706 seconds
Model: BoundedModule(
  (/input-1): BoundInput(name=/input-1, inputs=[], perturbed=True)
  (/shape): BoundBuffers(name=/shape, inputs=[], perturbed=False)
  (/12): BoundParams(name=/12, inputs=[], perturbed=False)
  (/13): BoundParams(name=/13, inputs=[], perturbed=False)
  (/14): BoundParams(name=/14, inputs=[], perturbed=False)
  (/15): BoundParams(name=/15, inputs=[], perturbed=False)
  (/16): BoundParams(name=/16, inputs=[], perturbed=False)
  (/17): BoundParams(name=/17, inputs=[], perturbed=False)
  (/18): BoundParams(name=/18, inputs=[], perturbed=False)
  (/19): BoundParams(name=/19, inputs=[], perturbed=False)
  (/20): BoundParams(name=/20, inputs=[], perturbed=False)
  (/21): BoundParams(name=/21, inputs=[], perturbed=False)
  (/input): BoundConv(name=/input, inputs=[/input-1, /12, /13], perturbed=True)
  (/input-4): BoundRelu(name=/input-4, inputs=[/input], perturbed=True)
  (/24): BoundConv(name=/24, inputs=[/input-4, /14, /15], perturbed=True)
  (/25): BoundConv(name=/25, inputs=[/input-4, /16, /17], perturbed=True)
  (/26): BoundAdd(name=/26, inputs=[/24, /25], perturbed=True)
  (/input-8): BoundConcat(name=/input-8, inputs=[/input, /26], perturbed=True)
  (/tensor): BoundRelu(name=/tensor, inputs=[/input-8], perturbed=True)
  (/30): BoundSplit(name=/30, inputs=[/tensor], perturbed=True)
  (/31): BoundSplit(name=/31, inputs=[/shape], perturbed=False)
  (/32): BoundSplit(name=/32, inputs=[/shape], perturbed=False)
  (/33): BoundConstant(name=/33, value=tensor([0], device='cuda:0'))
  (/34): BoundSqueeze(name=/34, inputs=[/31, /33], perturbed=False)
  (/35): BoundConstant(name=/35, value=tensor([0], device='cuda:0'))
  (/36): BoundSqueeze(name=/36, inputs=[/32, /35], perturbed=False)
  (/37): BoundConstant(name=/37, value=tensor([0], device='cuda:0'))
  (/38): BoundUnsqueeze(name=/38, inputs=[/34, /37], perturbed=False)
  (/39): BoundConstant(name=/39, value=tensor([0], device='cuda:0'))
  (/40): BoundUnsqueeze(name=/40, inputs=[/36, /39], perturbed=False)
  (/41): BoundConcat(name=/41, inputs=[/38, /40], perturbed=False)
  (/42): BoundReshape(name=/42, inputs=[/30, /41], perturbed=True)
  (/input-12): BoundLinear(name=/input-12, inputs=[/42, /18, /19], perturbed=True)
  (/44): BoundRelu(name=/44, inputs=[/input-12], perturbed=True)
  (/45): BoundLinear(name=/45, inputs=[/44, /20, /21], perturbed=True)
)
Original output in the first batch: tensor([[-3.35555530, -2.20065260, -1.00345206,  0.12420868,  3.57004762,
          1.70801926,  0.07874458,  0.39305973,  2.08584809,  4.65091181]],
       device='cuda:0')
Split layers:
Nonlinear functions:
   BoundRelu(name=/input-4, inputs=[/input], perturbed=True)
   BoundRelu(name=/tensor, inputs=[/input-8], perturbed=True)
   BoundRelu(name=/44, inputs=[/input-12], perturbed=True)
build batch [1/1]
layer /input-4 using sparse-features alpha with shape [1491]; unstable size 1491; total size 6272 ([1, 8, 28, 28])
layer /input-4 start_node /input-12 using sparse-spec alpha [2, 21, 1, 1491] with unstable size 20 total_size 64 output_shape torch.Size([64])
layer /input-4 start_node /45 using full alpha [2, 9, 1, 1491] with unstable size None total_size 9 output_shape 9
layer /tensor using sparse-features alpha with shape [5076]; unstable size 5076; total size 12544 ([1, 16, 28, 28])
layer /tensor start_node /input-12 using sparse-spec alpha [2, 21, 1, 5076] with unstable size 20 total_size 64 output_shape torch.Size([64])
layer /tensor start_node /45 using full alpha [2, 9, 1, 5076] with unstable size None total_size 9 output_shape 9
layer /44 using sparse-features alpha with shape [20]; unstable size 20; total size 64 ([1, 64])
layer /44 start_node /45 using full alpha [2, 9, 1, 20] with unstable size None total_size 9 output_shape 9
Optimizable variables initialized.
initial CROWN bounds (first 10 items): [-2.005117416381836, -2.74477481842041, -6.057778358459473, -5.398555278778076, -5.7555036544799805, -6.817582607269287, -6.650979518890381, -3.2662386894226074, -4.691025257110596]
prune_after_crown optimization in use
  original spec size = torch.Size([1, 9])
  pruned spec size = torch.Size([1, 9])
Using alpha-CROWN to initialize bounds.
best_l after optimization: -40.3934326171875
alpha/beta optimization time: 1.3502874374389648
initial alpha-crown bounds (first 10 items): [-1.6787281036376953, -2.3167552947998047, -5.6665802001953125, -5.159370422363281, -5.4112348556518555, -6.536279201507568, -6.228196144104004, -3.0202815532684326, -4.376003265380859]
Global lower bound: -6.536279201507568
0 / 9 OR specs are verified.
Verified OR indices (first 10 items): []
Verified OR lbs (first 10 items): []
Unverified OR indices (first 10 items): [0, 1, 2, 3, 4, 5, 6, 7, 8]
Unverified OR lbs (first 10 items): [[-1.6787281036376953], [-2.3167552947998047], [-5.6665802001953125], [-5.159370422363281], [-5.4112348556518555], [-6.536279201507568], [-6.228196144104004], [-3.0202815532684326], [-4.376003265380859]]
###### Verifying property Instance 7 ######
Batch size: 9
First 10 spec matrices
C: tensor([[[-1.,  0.,  0.,  0.,  0.,  0.,  0.,  0.,  0.,  1.]],

        [[ 0., -1.,  0.,  0.,  0.,  0.,  0.,  0.,  0.,  1.]],

        [[ 0.,  0., -1.,  0.,  0.,  0.,  0.,  0.,  0.,  1.]],

        [[ 0.,  0.,  0., -1.,  0.,  0.,  0.,  0.,  0.,  1.]],

        [[ 0.,  0.,  0.,  0., -1.,  0.,  0.,  0.,  0.,  1.]],

        [[ 0.,  0.,  0.,  0.,  0., -1.,  0.,  0.,  0.,  1.]],

        [[ 0.,  0.,  0.,  0.,  0.,  0., -1.,  0.,  0.,  1.]],

        [[ 0.,  0.,  0.,  0.,  0.,  0.,  0., -1.,  0.,  1.]],

        [[ 0.,  0.,  0.,  0.,  0.,  0.,  0.,  0., -1.,  1.]]], device='cuda:0')
RHS: tensor([[0.],
        [0.],
        [0.],
        [0.],
        [0.],
        [0.],
        [0.],
        [0.],
        [0.]], device='cuda:0')
OR spec sizes: tensor([1, 1, 1, 1, 1, 1, 1, 1, 1], device='cuda:0', dtype=torch.int32)
Remaining timeout: 58.21851682662964
Model prediction is: tensor([-3.35555530, -2.20065260, -1.00345206,  0.12420868,  3.57004762,
         1.70801926,  0.07874458,  0.39305973,  2.08584809,  4.65091181],
       device='cuda:0')
Activation BaB batch 1/1 
build_with_refined_bounds batch [1/1]
Optimizable variables initialized.
all alpha initialized
directly get lb and ub from refined bounds
c shape: torch.Size([9, 1, 10])
lA shapes: [torch.Size([9, 1, 8, 28, 28]), torch.Size([9, 1, 16, 28, 28]), torch.Size([9, 1, 64])]
(alpha-)CROWN with fixed intermediate bounds: tensor([[-1.67872810],
        [-2.31675529],
        [-5.66658020],
        [-5.15937042],
        [-5.41123486],
        [-6.53627920],
        [-6.22819614],
        [-3.02028155],
        [-4.37600327]], device='cuda:0') tensor([[inf],
        [inf],
        [inf],
        [inf],
        [inf],
        [inf],
        [inf],
        [inf],
        [inf]], device='cuda:0')
Intermediate layers: /input,/input-8,/input-12
Keeping alphas for these layers: ['/45']
Node /input-4 input 0: size torch.Size([8, 28, 28]) unstable 1491
Node /tensor input 0: size torch.Size([16, 28, 28]) unstable 5076
Node /44 input 0: size torch.Size([64]) unstable 20
-----------------
# of unstable neurons: 6587
-----------------

BaB round 1
batch: 9
splitting decisions: 
split level 0: [/input, 3502] [/input-8, 8430] [/input-8, 6523] [/input-8, 7883] [/input-8, 9656] [/input, 3467] [/input, 3827] [/input-8, 9992] [/input-8, 9855] 
split level 1: [/input-8, 4744] [/input-8, 5158] [/input-8, 7229] [/input-8, 7912] [/input, 4942] [/input, 1076] [/input-8, 4764] [/input-8, 5372] [/input-8, 11776] 
split level 2: [/input-8, 7369] [/input-8, 11835] [/input-8, 6800] [/input-8, 7326] [/input-8, 9016] [/input-8, 8357] [/input-8, 3252] [/input-8, 4717] [/input-8, 5267] 
split level 3: [/input, 3662] [/input, 5330] [/input, 409] [/input-8, 3246] [/input-8, 9119] [/input-8, 8148] [/input, 2837] [/input, 3823] [/input-8, 12230] 
best_l after optimization: -633.4048461914062
beta sum per layer: [46.0718994140625, 73.15177917480469, 0.0]
alpha/beta optimization time: 0.15055084228515625
pruning_in_iteration open status: False
ratio of positive domain = 0 / 144 = 0.0
pruning-in-iteration extra time: 5.412101745605469e-05
Time: pickout 0.0026    branching_decision 0.0001    decision 0.0001    set_bounds 0.0086    prepare 0.0021    transfer 0.0000    finalize 0.0079    func 0.1651    
Accumulated time: bab_iteration 0.0000    pickout 0.0026    decision 0.0001    branching_decision 0.0001    set_bounds 0.0086    solve 0.0000    func 0.1651    prepare 0.0021    transfer 0.0000    finalize 0.0079    
max lb -1.4510407447814941 min lb -6.535162925720215
Number of Verified Splits: 0 of 144
Current worst splitting domains lb-rhs (depth):
-6.53516 (4), -6.53248 (4), -6.51757 (4), -6.51492 (4), -6.51381 (4), -6.51118 (4), -6.49669 (4), -6.49407 (4), -6.47760 (4), -6.47497 (4), -6.46049 (4), -6.45786 (4), -6.45625 (4), -6.45362 (4), -6.43913 (4), -6.43651 (4), -6.22819 (4), -6.22819 (4), -6.22819 (4), -6.22819 (4), 
Current (lb-rhs): -6.535162925720215
144 domains visited
Length of domains: 144
Cumulative time: 0.20655298233032227

BaB round 2
batch: 144
splitting decisions: 
split level 0: [/input, 3291] [/input-8, 457] [/input-8, 8693] [/input, 5429] [/input-8, 7897] [/input, 4718] [/input-8, 10033] [/input-8, 12328] [/input, 3875] [/input-8, 7499] 
best_l after optimization: -1243.16064453125
beta sum per layer: [141.54185485839844, 303.1080322265625, 0.0]
alpha/beta optimization time: 0.17375874519348145
pruning_in_iteration open status: False
ratio of positive domain = 0 / 288 = 0.0
pruning-in-iteration extra time: 6.866455078125e-05
Time: pickout 0.0123    branching_decision 0.0001    decision 0.0001    set_bounds 0.0067    prepare 0.0064    transfer 0.0000    finalize 0.0141    func 0.2003    solve 0.1651    add 0.0024    bab_iteration 0.1789    
Accumulated time: bab_iteration 0.1789    pickout 0.0149    decision 0.0002    branching_decision 0.0002    set_bounds 0.0153    solve 0.1651    func 0.3654    prepare 0.0084    transfer 0.0001    finalize 0.0220    add 0.0024    
max lb -1.0445709228515625 min lb -6.535165309906006
Number of Verified Splits: 0 of 288
Current worst splitting domains lb-rhs (depth):
-6.53516 (5), -6.53516 (5), -6.53238 (5), -6.52782 (5), -6.51645 (5), -6.51556 (5), -6.51395 (5), -6.51303 (5), -6.50615 (5), -6.50405 (5), -6.50405 (5), -6.50270 (5), -6.48849 (5), -6.48849 (5), -6.48573 (5), -6.47299 (5), -6.43502 (5), -6.43233 (5), -6.42804 (5), -6.41673 (5), 
Current (lb-rhs): -6.535162925720215
432 domains visited
Length of domains: 288
Cumulative time: 0.4291036128997803

BaB round 3
batch: 288
splitting decisions: 
split level 0: [/input-8, 12279] [/input-8, 8878] [/input, 4979] [/input-8, 8767] [/input-8, 9765] [/input-8, 4847] [/input-8, 3757] [/input-8, 10163] [/input-8, 5281] [/input-8, 6958] 
best_l after optimization: -2434.346435546875
beta sum per layer: [347.87689208984375, 952.753173828125, 0.0]
alpha/beta optimization time: 0.16727018356323242
pruning_in_iteration open status: False
ratio of positive domain = 0 / 576 = 0.0
pruning-in-iteration extra time: 5.602836608886719e-05
Time: pickout 0.0243    branching_decision 0.0002    decision 0.0002    set_bounds 0.0134    prepare 0.0123    transfer 0.0000    finalize 0.0248    func 0.2126    solve 0.2004    add 0.0028    bab_iteration 0.2225    
Accumulated time: bab_iteration 0.4015    pickout 0.0393    decision 0.0004    branching_decision 0.0003    set_bounds 0.0287    solve 0.3655    func 0.5780    prepare 0.0207    transfer 0.0001    finalize 0.0468    add 0.0052    
max lb -0.638129711151123 min lb -6.535133361816406
Number of Verified Splits: 0 of 576
Current worst splitting domains lb-rhs (depth):
-6.53513 (6), -6.53502 (6), -6.53226 (6), -6.53150 (6), -6.52948 (6), -6.52743 (6), -6.52459 (6), -6.51587 (6), -6.51587 (6), -6.51444 (6), -6.51342 (6), -6.51237 (6), -6.51229 (6), -6.51136 (6), -6.50611 (6), -6.50397 (6), -6.50397 (6), -6.50397 (6), -6.50397 (6), -6.50207 (6), 
Current (lb-rhs): -6.535133361816406
1008 domains visited
Length of domains: 576
Cumulative time: 0.6871311664581299

BaB round 4
batch: 576
splitting decisions: 
split level 0: [/input-8, 9743] [/input-8, 12493] [/input-8, 9912] [/input-8, 4841] [/input-8, 3310] [/input-8, 7781] [/input-8, 7718] [/input-8, 8876] [/input-8, 3836] [/input-8, 11820] 
best_l after optimization: -4746.10302734375
beta sum per layer: [740.5632934570312, 2722.41650390625, 0.6340259313583374]
alpha/beta optimization time: 0.303450345993042
pruning_in_iteration open status: False
ratio of positive domain = 0 / 1152 = 0.0
pruning-in-iteration extra time: 5.221366882324219e-05
Time: pickout 0.0469    branching_decision 0.0003    decision 0.0003    set_bounds 0.0260    prepare 0.0253    transfer 0.0000    finalize 0.0575    func 0.4005    solve 0.2126    add 0.0072    bab_iteration 0.2580    
Accumulated time: bab_iteration 0.6595    pickout 0.0862    decision 0.0007    branching_decision 0.0006    set_bounds 0.0547    solve 0.5781    func 0.9785    prepare 0.0460    transfer 0.0002    finalize 0.1043    add 0.0124    
max lb -0.07119464874267578 min lb -6.535130977630615
Number of Verified Splits: 0 of 1152
Current worst splitting domains lb-rhs (depth):
-6.53513 (7), -6.53355 (7), -6.53223 (7), -6.53170 (7), -6.53129 (7), -6.52947 (7), -6.52947 (7), -6.52719 (7), -6.52719 (7), -6.52375 (7), -6.51868 (7), -6.51449 (7), -6.51323 (7), -6.51293 (7), -6.51293 (7), -6.51171 (7), -6.51171 (7), -6.51135 (7), -6.51050 (7), -6.51050 (7), 
Current (lb-rhs): -6.535130977630615
2160 domains visited
Length of domains: 1152
Cumulative time: 1.174604892730713

BaB round 5
batch: 1152
splitting decisions: 
split level 0: [/input-8, 3339] [/input-8, 9258] [/input-8, 8171] [/input, 3681] [/input-8, 5447] [/input-8, 9602] [/input-8, 12033] [/input, 3825] [/input-8, 9459] [/input-8, 6901] 
best_l after optimization: -9211.8115234375
beta sum per layer: [1609.58642578125, 7288.87548828125, 3.800961494445801]
alpha/beta optimization time: 0.6257333755493164
pruning_in_iteration open status: False
ratio of positive domain = 20 / 2304 = 0.00868055555555558
pruning-in-iteration extra time: 7.462501525878906e-05
Time: pickout 0.0946    branching_decision 0.0006    decision 0.0006    set_bounds 0.0512    prepare 0.0527    transfer 0.0001    finalize 0.1100    func 0.8140    solve 0.4006    add 0.0133    bab_iteration 0.4875    
Accumulated time: bab_iteration 1.1470    pickout 0.1808    decision 0.0013    branching_decision 0.0012    set_bounds 0.1059    solve 0.9787    func 1.7925    prepare 0.0986    transfer 0.0002    finalize 0.2143    add 0.0257    
max lb 0.20533132553100586 min lb -6.534682273864746
Number of Verified Splits: 20 of 2304
Current worst splitting domains lb-rhs (depth):
-6.53468 (8), -6.53336 (8), -6.53262 (8), -6.53220 (8), -6.53168 (8), -6.53168 (8), -6.53129 (8), -6.52984 (8), -6.52947 (8), -6.52947 (8), -6.52946 (8), -6.52799 (8), -6.52696 (8), -6.52696 (8), -6.52696 (8), -6.52330 (8), -6.52249 (8), -6.51839 (8), -6.51782 (8), -6.51392 (8), 
Current (lb-rhs): -6.534682273864746
4464 domains visited
Length of domains: 2284
Cumulative time: 2.157003879547119

BaB round 6
batch: 2048
splitting decisions: 
split level 0: [/input, 4850] [/input-8, 8639] [/input-8, 9229] [/input, 5472] [/input-8, 3797] [/input-8, 3348] [/input-8, 7923] [/input-8, 6967] [/input-8, 4827] [/input-8, 8034] 
best_l after optimization: -15973.400390625
beta sum per layer: [3114.506103515625, 16599.90234375, 7.838014125823975]
alpha/beta optimization time: 1.100074291229248
pruning_in_iteration open status: False
ratio of positive domain = 19 / 4096 = 0.004638671875
pruning-in-iteration extra time: 5.7220458984375e-05
Time: pickout 0.1663    branching_decision 0.0009    decision 0.0009    set_bounds 0.0910    prepare 0.0918    transfer 0.0001    finalize 0.1958    func 1.5627    solve 0.8140    add 0.0211    bab_iteration 0.9824    
Accumulated time: bab_iteration 2.1294    pickout 0.3471    decision 0.0022    branching_decision 0.0021    set_bounds 0.1969    solve 1.7927    func 3.3552    prepare 0.1905    transfer 0.0003    finalize 0.4101    add 0.0468    
max lb 0.14310407638549805 min lb -6.534682273864746
Number of Verified Splits: 19 of 4096
Current worst splitting domains lb-rhs (depth):
-6.53468 (9), -6.53468 (9), -6.53336 (9), -6.53336 (9), -6.53257 (9), -6.53220 (9), -6.53220 (9), -6.53166 (9), -6.53129 (8), -6.52969 (9), -6.52969 (9), -6.52946 (8), -6.52928 (9), -6.52854 (9), -6.52694 (9), -6.52676 (9), -6.52665 (9), -6.52611 (9), -6.52565 (9), -6.52359 (9), 
Current (lb-rhs): -6.534682273864746
8560 domains visited
Length of domains: 4313
current_vram/total_varm: 11.3GB/47.7GB, batch_size increase to 4096
Cumulative time: 4.017534494400024

BaB round 7
batch: 4096
splitting decisions: 
split level 0: [/input, 3468] [/input-8, 12464] [/input-8, 8901] [/input-8, 5436] [/input, 5220] [/input-8, 3738] [/input-8, 8946] [/input, 4723] [/input-8, 10123] [/input, 5202] 
best_l after optimization: -30878.095703125
beta sum per layer: [6716.93359375, 41028.640625, 28.771154403686523]
alpha/beta optimization time: 2.1792712211608887
pruning_in_iteration open status: False
ratio of positive domain = 51 / 8192 = 0.0062255859375
pruning-in-iteration extra time: 6.413459777832031e-05
Time: pickout 0.3356    branching_decision 0.0013    decision 0.0014    set_bounds 0.1845    prepare 0.1859    transfer 0.0001    finalize 0.3989    func 2.9854    solve 1.5628    add 0.0379    bab_iteration 1.8605    
Accumulated time: bab_iteration 3.9899    pickout 0.6827    decision 0.0035    branching_decision 0.0034    set_bounds 0.3814    solve 3.3555    func 6.3405    prepare 0.3764    transfer 0.0004    finalize 0.8089    add 0.0847    
max lb 0.5564674139022827 min lb -6.534361839294434
Number of Verified Splits: 51 of 8192
Current worst splitting domains lb-rhs (depth):
-6.53436 (10), -6.53375 (10), -6.53336 (10), -6.53336 (10), -6.53336 (10), -6.53246 (10), -6.53218 (10), -6.53158 (10), -6.53129 (8), -6.52962 (10), -6.52961 (10), -6.52950 (10), -6.52950 (10), -6.52946 (8), -6.52928 (10), -6.52928 (10), -6.52781 (10), -6.52771 (10), -6.52690 (10), -6.52641 (10), 
Current (lb-rhs): -6.534361839294434
16752 domains visited
Length of domains: 8358
Cumulative time: 7.59179949760437

BaB round 8
batch: 4096
splitting decisions: 
split level 0: [/input-8, 12249] [/input-8, 4801] [/input, 4831] [/input, 234] [/input, 5469] [/input-8, 7565] [/input, 4246] [/input-8, 7001] [/input-8, 12102] [/input, 5181] 
best_l after optimization: -29571.74609375
beta sum per layer: [7375.46875, 50597.26953125, 38.346038818359375]
alpha/beta optimization time: 2.180359125137329
pruning_in_iteration open status: False
ratio of positive domain = 80 / 8192 = 0.009765625
pruning-in-iteration extra time: 5.8650970458984375e-05
Time: pickout 0.3351    branching_decision 0.0012    decision 0.0012    set_bounds 0.3490    prepare 0.1876    transfer 0.0001    finalize 0.3998    func 2.8382    solve 2.9854    add 0.0640    bab_iteration 3.5743    
Accumulated time: bab_iteration 7.5641    pickout 1.0178    decision 0.0048    branching_decision 0.0046    set_bounds 0.7304    solve 6.3409    func 9.1788    prepare 0.5640    transfer 0.0004    finalize 1.2087    add 0.1488    
max lb 1.318863868713379 min lb -6.532175064086914
Number of Verified Splits: 80 of 8192
Current worst splitting domains lb-rhs (depth):
-6.53436 (10), -6.53375 (10), -6.53336 (10), -6.53246 (10), -6.53218 (11), -6.53218 (11), -6.53176 (11), -6.53158 (10), -6.53129 (8), -6.53044 (11), -6.52962 (10), -6.52950 (10), -6.52946 (8), -6.52945 (11), -6.52935 (11), -6.52928 (10), -6.52781 (10), -6.52766 (11), -6.52690 (10), -6.52637 (11), 
Current (lb-rhs): -6.534361839294434
24944 domains visited
Length of domains: 12374
Cumulative time: 11.180373191833496

BaB round 9
batch: 4096
splitting decisions: 
split level 0: [/input-8, 12033] [/input, 4876] [/input-8, 10061] [/input-8, 12214] [/input, 2837] [/input-8, 4929] [/input-8, 8485] [/input-8, 8715] [/input, 5439] [/input-8, 7696] 
best_l after optimization: -28207.59375
beta sum per layer: [8016.36962890625, 61063.87109375, 65.17902374267578]
alpha/beta optimization time: 2.180243968963623
pruning_in_iteration open status: False
ratio of positive domain = 166 / 8192 = 0.020263671875
pruning-in-iteration extra time: 7.748603820800781e-05
Time: pickout 0.3405    branching_decision 0.0011    decision 0.0011    set_bounds 0.3608    prepare 0.1883    transfer 0.0001    finalize 0.3988    func 2.8375    solve 2.8383    add 0.0620    bab_iteration 3.5886    
Accumulated time: bab_iteration 11.1527    pickout 1.3582    decision 0.0059    branching_decision 0.0057    set_bounds 1.0912    solve 9.1792    func 12.0163    prepare 0.7522    transfer 0.0005    finalize 1.6075    add 0.2108    
max lb 0.47721004486083984 min lb -6.531713962554932
Number of Verified Splits: 166 of 8192
Current worst splitting domains lb-rhs (depth):
-6.53436 (10), -6.53375 (10), -6.53336 (10), -6.53246 (10), -6.53218 (11), -6.53176 (11), -6.53171 (12), -6.53158 (10), -6.53129 (8), -6.53044 (11), -6.52962 (10), -6.52950 (10), -6.52946 (8), -6.52945 (11), -6.52935 (11), -6.52928 (10), -6.52908 (12), -6.52781 (10), -6.52764 (12), -6.52764 (12), 
Current (lb-rhs): -6.534361839294434
33136 domains visited
Length of domains: 16304
Cumulative time: 14.785238265991211

BaB round 10
batch: 4096
splitting decisions: 
split level 0: [/input-8, 11775] [/input-8, 7214] [/input-8, 8928] [/input-8, 5322] [/input, 4899] [/input-8, 8264] [/input-8, 3664] [/input-8, 8142] [/input-8, 8424] [/input-8, 6545] 
best_l after optimization: -27043.00390625
beta sum per layer: [8807.54296875, 71975.1640625, 85.37947082519531]
alpha/beta optimization time: 2.1830501556396484
pruning_in_iteration open status: False
ratio of positive domain = 273 / 8192 = 0.0333251953125
pruning-in-iteration extra time: 8.416175842285156e-05
Time: pickout 0.3417    branching_decision 0.0010    decision 0.0011    set_bounds 0.3885    prepare 0.1900    transfer 0.0001    finalize 0.3968    func 2.8422    solve 2.8376    add 0.0616    bab_iteration 3.6049    
Accumulated time: bab_iteration 14.7576    pickout 1.7000    decision 0.0069    branching_decision 0.0067    set_bounds 1.4797    solve 12.0167    func 14.8585    prepare 0.9422    transfer 0.0006    finalize 2.0043    add 0.2724    
max lb 0.8784462213516235 min lb -6.528626441955566
Number of Verified Splits: 273 of 8192
Current worst splitting domains lb-rhs (depth):
-6.53436 (10), -6.53375 (10), -6.53336 (10), -6.53246 (10), -6.53218 (11), -6.53176 (11), -6.53171 (12), -6.53158 (10), -6.53129 (8), -6.53044 (11), -6.52962 (10), -6.52950 (10), -6.52946 (8), -6.52945 (11), -6.52935 (11), -6.52928 (10), -6.52863 (13), -6.52854 (13), -6.52781 (10), -6.52764 (12), 
Current (lb-rhs): -6.534361839294434
41328 domains visited
Length of domains: 20127
Cumulative time: 18.462650299072266

BaB round 11
batch: 4096
splitting decisions: 
split level 0: [/input-8, 3179] [/input, 4468] [/input-8, 8725] [/input-8, 12491] [/input-8, 7375] [/input, 5442] [/input-8, 12061] [/input-8, 8015] [/input-8, 6281] [/input-8, 3638] 
best_l after optimization: -26091.841796875
beta sum per layer: [9646.06640625, 83589.921875, 97.45265197753906]
alpha/beta optimization time: 2.180898427963257
pruning_in_iteration open status: False
ratio of positive domain = 197 / 8192 = 0.0240478515625
pruning-in-iteration extra time: 6.651878356933594e-05
Time: pickout 0.3464    branching_decision 0.0011    decision 0.0011    set_bounds 0.4516    prepare 0.1884    transfer 0.0001    finalize 0.4008    func 2.8420    solve 2.8423    add 0.1000    bab_iteration 3.6774    
Accumulated time: bab_iteration 18.4350    pickout 2.0463    decision 0.0080    branching_decision 0.0078    set_bounds 1.9313    solve 14.8590    func 17.7005    prepare 1.1305    transfer 0.0007    finalize 2.4051    add 0.3723    
max lb 0.4108002185821533 min lb -6.528472900390625
Number of Verified Splits: 197 of 8192
Current worst splitting domains lb-rhs (depth):
-6.53436 (10), -6.53375 (10), -6.53336 (10), -6.53246 (10), -6.53218 (11), -6.53176 (11), -6.53171 (12), -6.53158 (10), -6.53129 (8), -6.53044 (11), -6.52962 (10), -6.52950 (10), -6.52946 (8), -6.52945 (11), -6.52935 (11), -6.52928 (10), -6.52863 (13), -6.52847 (14), -6.52781 (10), -6.52764 (13), 
Current (lb-rhs): -6.534361839294434
49520 domains visited
Length of domains: 24026
Cumulative time: 22.17006015777588

BaB round 12
batch: 4096
splitting decisions: 
split level 0: [/input-8, 5871] [/input-8, 6402] [/input, 347] [/input-8, 8841] [/input, 5006] [/input, 5456] [/input, 5059] [/input-8, 8592] [/input-8, 6950] [/input-8, 12446] 
best_l after optimization: -24729.0703125
beta sum per layer: [10487.7421875, 95249.765625, 114.08024597167969]
alpha/beta optimization time: 2.1769485473632812
pruning_in_iteration open status: False
ratio of positive domain = 227 / 8192 = 0.0277099609375
pruning-in-iteration extra time: 7.319450378417969e-05
Time: pickout 0.3474    branching_decision 0.0011    decision 0.0011    set_bounds 0.1830    prepare 0.1887    transfer 0.0001    finalize 0.6511    func 3.0869    solve 2.8421    add 0.0624    bab_iteration 3.7074    
Accumulated time: bab_iteration 22.1424    pickout 2.3937    decision 0.0091    branching_decision 0.0089    set_bounds 2.1143    solve 17.7011    func 20.7874    prepare 1.3192    transfer 0.0007    finalize 3.0562    add 0.4348    
max lb 1.4938926696777344 min lb -6.521383762359619
Number of Verified Splits: 227 of 8192
Current worst splitting domains lb-rhs (depth):
-6.53436 (10), -6.53375 (10), -6.53336 (10), -6.53246 (10), -6.53218 (11), -6.53176 (11), -6.53171 (12), -6.53158 (10), -6.53129 (8), -6.53044 (11), -6.52962 (10), -6.52950 (10), -6.52946 (8), -6.52945 (11), -6.52935 (11), -6.52928 (10), -6.52863 (13), -6.52847 (14), -6.52781 (10), -6.52764 (13), 
Current (lb-rhs): -6.534361839294434
57712 domains visited
Length of domains: 27895
Cumulative time: 25.85390877723694

BaB round 13
batch: 4096
splitting decisions: 
split level 0: [/input-8, 5423] [/input-8, 7175] [/input-8, 12036] [/input-8, 7945] [/input-8, 12421] [/input, 5130] [/input-8, 6397] [/input-8, 3801] [/input-8, 5015] [/input-8, 9592] 
best_l after optimization: -23390.96484375
beta sum per layer: [11581.626953125, 107285.1015625, 128.85267639160156]
alpha/beta optimization time: 2.176250457763672
pruning_in_iteration open status: False
ratio of positive domain = 316 / 8192 = 0.03857421875
pruning-in-iteration extra time: 5.745887756347656e-05
Time: pickout 0.3556    branching_decision 0.0011    decision 0.0011    set_bounds 0.1825    prepare 0.1890    transfer 0.0001    finalize 0.3909    func 2.8257    solve 3.0869    add 0.0613    bab_iteration 3.6838    
Accumulated time: bab_iteration 25.8262    pickout 2.7493    decision 0.0102    branching_decision 0.0100    set_bounds 2.2969    solve 20.7880    func 23.6131    prepare 1.5082    transfer 0.0008    finalize 3.4471    add 0.4961    
max lb 1.3331544399261475 min lb -6.5210418701171875
Number of Verified Splits: 316 of 8192
Current worst splitting domains lb-rhs (depth):
-6.53436 (10), -6.53375 (10), -6.53336 (10), -6.53246 (10), -6.53218 (11), -6.53176 (11), -6.53171 (12), -6.53158 (10), -6.53129 (8), -6.53044 (11), -6.52962 (10), -6.52950 (10), -6.52946 (8), -6.52945 (11), -6.52935 (11), -6.52928 (10), -6.52863 (13), -6.52847 (14), -6.52781 (10), -6.52764 (13), 
Current (lb-rhs): -6.534361839294434
65904 domains visited
Length of domains: 31675
Cumulative time: 29.284813165664673

BaB round 14
batch: 4096
splitting decisions: 
split level 0: [/input-8, 8378] [/input, 5264] [/input-8, 4835] [/input, 3451] [/input, 4978] [/input-8, 4887] [/input-8, 7565] [/input-8, 4559] [/input, 4801] [/input-8, 9088] 
best_l after optimization: -22260.3515625
beta sum per layer: [12643.1064453125, 118356.8046875, 143.4573974609375]
alpha/beta optimization time: 2.180558204650879
pruning_in_iteration open status: False
ratio of positive domain = 368 / 8192 = 0.044921875
pruning-in-iteration extra time: 5.91278076171875e-05
Time: pickout 0.6471    branching_decision 0.0011    decision 0.0011    set_bounds 0.1833    prepare 0.1882    transfer 0.0001    finalize 0.3901    func 2.8284    solve 2.8257    add 0.0615    bab_iteration 3.4309    
Accumulated time: bab_iteration 29.2571    pickout 3.3964    decision 0.0113    branching_decision 0.0110    set_bounds 2.4802    solve 23.6138    func 26.4415    prepare 1.6964    transfer 0.0008    finalize 3.8371    add 0.5576    
max lb 0.9543527364730835 min lb -6.520465850830078
Number of Verified Splits: 368 of 8192
Current worst splitting domains lb-rhs (depth):
-6.53436 (10), -6.53375 (10), -6.53336 (10), -6.53246 (10), -6.53218 (11), -6.53176 (11), -6.53171 (12), -6.53158 (10), -6.53129 (8), -6.53044 (11), -6.52962 (10), -6.52950 (10), -6.52946 (8), -6.52945 (11), -6.52935 (11), -6.52928 (10), -6.52863 (13), -6.52847 (14), -6.52781 (10), -6.52764 (13), 
Current (lb-rhs): -6.534361839294434
74096 domains visited
Length of domains: 35403
Cumulative time: 33.0981388092041

BaB round 15
batch: 4096
splitting decisions: 
split level 0: [/input-8, 11855] [/input-8, 375] [/input-8, 9924] [/input, 4554] [/input-8, 6610] [/input-8, 11899] [/input-8, 8459] [/input, 3514] [/input-8, 9302] [/input-8, 6316] 
best_l after optimization: -21141.673828125
beta sum per layer: [13859.6884765625, 130056.859375, 168.074462890625]
alpha/beta optimization time: 2.179870367050171
pruning_in_iteration open status: False
ratio of positive domain = 430 / 8192 = 0.052490234375
pruning-in-iteration extra time: 7.081031799316406e-05
Time: pickout 0.3593    branching_decision 0.0013    decision 0.0014    set_bounds 0.5185    prepare 0.1906    transfer 0.0001    finalize 0.3876    func 2.8297    solve 2.8285    add 0.1484    bab_iteration 3.8133    
Accumulated time: bab_iteration 33.0704    pickout 3.7557    decision 0.0127    branching_decision 0.0124    set_bounds 2.9986    solve 26.4422    func 29.2712    prepare 1.8870    transfer 0.0009    finalize 4.2247    add 0.7060    
max lb 1.0952715873718262 min lb -6.520447731018066
Number of Verified Splits: 430 of 8192
Current worst splitting domains lb-rhs (depth):
-6.53436 (10), -6.53375 (10), -6.53336 (10), -6.53246 (10), -6.53218 (11), -6.53176 (11), -6.53171 (12), -6.53158 (10), -6.53129 (8), -6.53044 (11), -6.52962 (10), -6.52950 (10), -6.52946 (8), -6.52945 (11), -6.52935 (11), -6.52928 (10), -6.52863 (13), -6.52847 (14), -6.52781 (10), -6.52764 (13), 
Current (lb-rhs): -6.534361839294434
82288 domains visited
Length of domains: 39069
Cumulative time: 36.87608098983765

BaB round 16
batch: 4096
splitting decisions: 
split level 0: [/input-8, 6521] [/input-8, 9410] [/input-8, 6859] [/input-8, 12036] [/input-8, 3842] [/input-8, 3419] [/input-8, 10002] [/input, 3851] [/input-8, 7653] [/input-8, 4935] 
best_l after optimization: -20138.5546875
beta sum per layer: [15069.880859375, 142292.046875, 193.1715850830078]
alpha/beta optimization time: 2.178049325942993
pruning_in_iteration open status: False
ratio of positive domain = 539 / 8192 = 0.0657958984375
pruning-in-iteration extra time: 7.724761962890625e-05
Time: pickout 0.3627    branching_decision 0.0010    decision 0.0011    set_bounds 0.1833    prepare 0.1892    transfer 0.0001    finalize 0.3863    func 2.8230    solve 2.8298    add 0.0639    bab_iteration 3.7779    
Accumulated time: bab_iteration 36.8484    pickout 4.1185    decision 0.0138    branching_decision 0.0134    set_bounds 3.1819    solve 29.2720    func 32.0943    prepare 2.0762    transfer 0.0010    finalize 4.6110    add 0.7699    
max lb 0.9054315090179443 min lb -6.520447731018066
Number of Verified Splits: 539 of 8192
Current worst splitting domains lb-rhs (depth):
-6.53436 (10), -6.53375 (10), -6.53336 (10), -6.53246 (10), -6.53218 (11), -6.53176 (11), -6.53171 (12), -6.53158 (10), -6.53129 (8), -6.53044 (11), -6.52962 (10), -6.52950 (10), -6.52946 (8), -6.52945 (11), -6.52935 (11), -6.52928 (10), -6.52863 (13), -6.52847 (14), -6.52781 (10), -6.52764 (13), 
Current (lb-rhs): -6.534361839294434
90480 domains visited
Length of domains: 42626
Cumulative time: 40.71975517272949

BaB round 17
batch: 4096
splitting decisions: 
split level 0: [/input-8, 8999] [/input-8, 12238] [/input-8, 8408] [/input-8, 5832] [/input-8, 3768] [/input-8, 11971] [/input-8, 8094] [/input, 3673] [/input-8, 7115] [/input-8, 6982] 
best_l after optimization: -19334.046875
beta sum per layer: [16369.63671875, 154062.265625, 216.62074279785156]
alpha/beta optimization time: 2.1773464679718018
pruning_in_iteration open status: False
ratio of positive domain = 621 / 8192 = 0.0758056640625
pruning-in-iteration extra time: 5.841255187988281e-05
Time: pickout 0.3587    branching_decision 0.0011    decision 0.0011    set_bounds 0.1834    prepare 0.1891    transfer 0.0001    finalize 0.3811    func 2.8168    solve 2.8231    add 0.4682    bab_iteration 3.8437    
Accumulated time: bab_iteration 40.6920    pickout 4.4772    decision 0.0149    branching_decision 0.0145    set_bounds 3.3653    solve 32.0951    func 34.9110    prepare 2.2652    transfer 0.0010    finalize 4.9921    add 1.2381    
max lb 1.1269214153289795 min lb -6.5162153244018555
Number of Verified Splits: 621 of 8192
Current worst splitting domains lb-rhs (depth):
-6.53436 (10), -6.53375 (10), -6.53336 (10), -6.53246 (10), -6.53218 (11), -6.53176 (11), -6.53171 (12), -6.53158 (10), -6.53129 (8), -6.53044 (11), -6.52962 (10), -6.52950 (10), -6.52946 (8), -6.52945 (11), -6.52935 (11), -6.52928 (10), -6.52863 (13), -6.52847 (14), -6.52781 (10), -6.52764 (12), 
Current (lb-rhs): -6.534361839294434
98672 domains visited
Length of domains: 46101
Cumulative time: 44.147417068481445

BaB round 18
batch: 4096
splitting decisions: 
split level 0: [/input-8, 3323] [/input-8, 11859] [/input-8, 8034] [/input-8, 3299] [/input-8, 9853] [/input, 5143] [/input-8, 6578] [/input-8, 7370] [/input-8, 3884] [/input-8, 12412] 
best_l after optimization: -18652.919921875
beta sum per layer: [17707.0625, 164243.75, 218.0323944091797]
alpha/beta optimization time: 2.178210735321045
pruning_in_iteration open status: False
ratio of positive domain = 620 / 8192 = 0.07568359375
pruning-in-iteration extra time: 7.605552673339844e-05
Time: pickout 0.3638    branching_decision 0.0011    decision 0.0011    set_bounds 0.1838    prepare 0.1888    transfer 0.0001    finalize 0.7769    func 3.2135    solve 2.8168    add 0.0620    bab_iteration 3.4277    
Accumulated time: bab_iteration 44.1197    pickout 4.8410    decision 0.0160    branching_decision 0.0156    set_bounds 3.5491    solve 34.9119    func 38.1245    prepare 2.4541    transfer 0.0011    finalize 5.7690    add 1.3001    
max lb 1.245354175567627 min lb -6.515901565551758
Number of Verified Splits: 620 of 8192
Current worst splitting domains lb-rhs (depth):
-6.53436 (10), -6.53375 (10), -6.53336 (10), -6.53246 (10), -6.53218 (11), -6.53176 (11), -6.53171 (12), -6.53158 (10), -6.53129 (8), -6.53044 (11), -6.52962 (10), -6.52950 (10), -6.52946 (8), -6.52945 (11), -6.52935 (11), -6.52928 (10), -6.52863 (13), -6.52847 (14), -6.52781 (10), -6.52764 (13), 
Current (lb-rhs): -6.534361839294434
106864 domains visited
Length of domains: 49577
Cumulative time: 47.97744679450989

BaB round 19
batch: 4096
splitting decisions: 
split level 0: [/input-8, 3167] [/input-8, 8293] [/input-8, 12206] [/input-8, 2534] [/input, 3672] [/input-8, 4098] [/input, 5005] [/input-8, 7960] [/input-12, 18] [/input-8, 3289] 
best_l after optimization: -17851.671875
beta sum per layer: [19241.59375, 174977.96875, 247.08810424804688]
alpha/beta optimization time: 2.1780457496643066
pruning_in_iteration open status: False
ratio of positive domain = 669 / 8192 = 0.0816650390625
pruning-in-iteration extra time: 8.225440979003906e-05
Time: pickout 0.3672    branching_decision 0.0010    decision 0.0011    set_bounds 0.1835    prepare 0.1902    transfer 0.0001    finalize 0.3816    func 2.8192    solve 3.2135    add 0.0618    bab_iteration 3.8300    
Accumulated time: bab_iteration 47.9497    pickout 5.2082    decision 0.0170    branching_decision 0.0167    set_bounds 3.7326    solve 38.1254    func 40.9437    prepare 2.6443    transfer 0.0011    finalize 6.1506    add 1.3619    
max lb 0.9051051139831543 min lb -6.515656471252441
Number of Verified Splits: 669 of 8192
Current worst splitting domains lb-rhs (depth):
-6.53436 (10), -6.53375 (10), -6.53336 (10), -6.53246 (10), -6.53218 (11), -6.53176 (11), -6.53171 (12), -6.53158 (10), -6.53129 (8), -6.53044 (11), -6.52962 (10), -6.52950 (10), -6.52946 (8), -6.52945 (11), -6.52935 (11), -6.52928 (10), -6.52863 (13), -6.52847 (14), -6.52781 (10), -6.52764 (13), 
Current (lb-rhs): -6.534361839294434
115056 domains visited
Length of domains: 53004
Cumulative time: 51.41775155067444

BaB round 20
batch: 4096
splitting decisions: 
split level 0: [/input-8, 8699] [/input, 4161] [/input, 3181] [/input-8, 6816] [/input-8, 4736] [/input-8, 5446] [/input-8, 10132] [/input-8, 7285] [/input-8, 9850] [/input, 3887] 
best_l after optimization: -17265.31640625
beta sum per layer: [20896.83984375, 185921.734375, 264.23016357421875]
alpha/beta optimization time: 2.1804656982421875
pruning_in_iteration open status: False
ratio of positive domain = 785 / 8192 = 0.0958251953125
pruning-in-iteration extra time: 7.200241088867188e-05
Time: pickout 0.3653    branching_decision 0.0010    decision 0.0011    set_bounds 0.1837    prepare 0.1896    transfer 0.0001    finalize 0.8473    func 3.2896    solve 2.8192    add 0.0629    bab_iteration 3.4403    
Accumulated time: bab_iteration 51.3900    pickout 5.5734    decision 0.0181    branching_decision 0.0177    set_bounds 3.9163    solve 40.9446    func 44.2333    prepare 2.8339    transfer 0.0012    finalize 6.9979    add 1.4248    
max lb 1.7330763339996338 min lb -6.515561580657959
Number of Verified Splits: 785 of 8192
Current worst splitting domains lb-rhs (depth):
-6.53436 (10), -6.53375 (10), -6.53336 (10), -6.53246 (10), -6.53218 (11), -6.53176 (11), -6.53171 (12), -6.53158 (10), -6.53129 (8), -6.53044 (11), -6.52962 (10), -6.52950 (10), -6.52946 (8), -6.52945 (11), -6.52935 (11), -6.52928 (10), -6.52863 (13), -6.52847 (14), -6.52781 (10), -6.52764 (12), 
Current (lb-rhs): -6.534361839294434
123248 domains visited
Length of domains: 56315
Cumulative time: 55.32761764526367

BaB round 21
batch: 4096
splitting decisions: 
split level 0: [/input-8, 9800] [/input-8, 5209] [/input-8, 3508] [/input-8, 8321] [/input-8, 6695] [/input-8, 12352] [/input, 5326] [/input-8, 7259] [/input, 3180] [/input-8, 5213] 
best_l after optimization: -16961.72265625
beta sum per layer: [22667.90625, 194460.09375, 290.10089111328125]
alpha/beta optimization time: 2.1788291931152344
pruning_in_iteration open status: False
ratio of positive domain = 829 / 8192 = 0.1011962890625
pruning-in-iteration extra time: 6.556510925292969e-05
Time: pickout 0.3659    branching_decision 0.0011    decision 0.0011    set_bounds 0.1834    prepare 0.1917    transfer 0.0001    finalize 0.3777    func 2.8201    solve 3.2897    add 0.0636    bab_iteration 3.9099    
Accumulated time: bab_iteration 55.2999    pickout 5.9393    decision 0.0192    branching_decision 0.0188    set_bounds 4.0997    solve 44.2343    func 47.0534    prepare 3.0256    transfer 0.0013    finalize 7.3756    add 1.4884    
max lb 1.9123287200927734 min lb -6.515273094177246
Number of Verified Splits: 830 of 8192
Current worst splitting domains lb-rhs (depth):
-6.53436 (10), -6.53375 (10), -6.53336 (10), -6.53246 (10), -6.53218 (11), -6.53176 (11), -6.53171 (12), -6.53158 (10), -6.53129 (8), -6.53044 (11), -6.52962 (10), -6.52950 (10), -6.52946 (8), -6.52945 (11), -6.52935 (11), -6.52928 (10), -6.52863 (13), -6.52847 (14), -6.52781 (10), -6.52764 (12), 
Current (lb-rhs): -6.534361839294434
131440 domains visited
Length of domains: 59581
Time out!!!!!!!!
Result: unknown in 60.8196 seconds

 %%%%%%%%%%%%%%%%%%%%%%%%%%%%%%%%%%% idx: 8, vnnlib ID: 8 %%%%%%%%%%%%%%%%%%%%%%%%%%%%%%%%%%%
Finished vnnlib processing in 0.001672 seconds
Model: BoundedModule(
  (/input-1): BoundInput(name=/input-1, inputs=[], perturbed=True)
  (/shape): BoundBuffers(name=/shape, inputs=[], perturbed=False)
  (/12): BoundParams(name=/12, inputs=[], perturbed=False)
  (/13): BoundParams(name=/13, inputs=[], perturbed=False)
  (/14): BoundParams(name=/14, inputs=[], perturbed=False)
  (/15): BoundParams(name=/15, inputs=[], perturbed=False)
  (/16): BoundParams(name=/16, inputs=[], perturbed=False)
  (/17): BoundParams(name=/17, inputs=[], perturbed=False)
  (/18): BoundParams(name=/18, inputs=[], perturbed=False)
  (/19): BoundParams(name=/19, inputs=[], perturbed=False)
  (/20): BoundParams(name=/20, inputs=[], perturbed=False)
  (/21): BoundParams(name=/21, inputs=[], perturbed=False)
  (/input): BoundConv(name=/input, inputs=[/input-1, /12, /13], perturbed=True)
  (/input-4): BoundRelu(name=/input-4, inputs=[/input], perturbed=True)
  (/24): BoundConv(name=/24, inputs=[/input-4, /14, /15], perturbed=True)
  (/25): BoundConv(name=/25, inputs=[/input-4, /16, /17], perturbed=True)
  (/26): BoundAdd(name=/26, inputs=[/24, /25], perturbed=True)
  (/input-8): BoundConcat(name=/input-8, inputs=[/input, /26], perturbed=True)
  (/tensor): BoundRelu(name=/tensor, inputs=[/input-8], perturbed=True)
  (/30): BoundSplit(name=/30, inputs=[/tensor], perturbed=True)
  (/31): BoundSplit(name=/31, inputs=[/shape], perturbed=False)
  (/32): BoundSplit(name=/32, inputs=[/shape], perturbed=False)
  (/33): BoundConstant(name=/33, value=tensor([0], device='cuda:0'))
  (/34): BoundSqueeze(name=/34, inputs=[/31, /33], perturbed=False)
  (/35): BoundConstant(name=/35, value=tensor([0], device='cuda:0'))
  (/36): BoundSqueeze(name=/36, inputs=[/32, /35], perturbed=False)
  (/37): BoundConstant(name=/37, value=tensor([0], device='cuda:0'))
  (/38): BoundUnsqueeze(name=/38, inputs=[/34, /37], perturbed=False)
  (/39): BoundConstant(name=/39, value=tensor([0], device='cuda:0'))
  (/40): BoundUnsqueeze(name=/40, inputs=[/36, /39], perturbed=False)
  (/41): BoundConcat(name=/41, inputs=[/38, /40], perturbed=False)
  (/42): BoundReshape(name=/42, inputs=[/30, /41], perturbed=True)
  (/input-12): BoundLinear(name=/input-12, inputs=[/42, /18, /19], perturbed=True)
  (/44): BoundRelu(name=/44, inputs=[/input-12], perturbed=True)
  (/45): BoundLinear(name=/45, inputs=[/44, /20, /21], perturbed=True)
)
Original output in the first batch: tensor([[ 3.56452107, -4.44834280,  2.88382959, -6.23205280,  2.92965817,
          5.25511169,  5.56408167, -3.27116036,  1.51702487, -2.78414989]],
       device='cuda:0')
Split layers:
Nonlinear functions:
   BoundRelu(name=/input-4, inputs=[/input], perturbed=True)
   BoundRelu(name=/tensor, inputs=[/input-8], perturbed=True)
   BoundRelu(name=/44, inputs=[/input-12], perturbed=True)
build batch [1/1]
layer /input-4 using sparse-features alpha with shape [1441]; unstable size 1441; total size 6272 ([1, 8, 28, 28])
layer /input-4 start_node /input-12 using sparse-spec alpha [2, 11, 1, 1441] with unstable size 10 total_size 64 output_shape torch.Size([64])
layer /input-4 start_node /45 using full alpha [2, 9, 1, 1441] with unstable size None total_size 9 output_shape 9
layer /tensor using sparse-features alpha with shape [4686]; unstable size 4686; total size 12544 ([1, 16, 28, 28])
layer /tensor start_node /input-12 using sparse-spec alpha [2, 11, 1, 4686] with unstable size 10 total_size 64 output_shape torch.Size([64])
layer /tensor start_node /45 using full alpha [2, 9, 1, 4686] with unstable size None total_size 9 output_shape 9
layer /44 using sparse-features alpha with shape [10]; unstable size 10; total size 64 ([1, 64])
layer /44 start_node /45 using full alpha [2, 9, 1, 10] with unstable size None total_size 9 output_shape 9
Optimizable variables initialized.
initial CROWN bounds (first 10 items): [-3.6253697872161865, 3.6511423587799072, -5.616769790649414, 3.717560291290283, -3.7528553009033203, -7.96489143371582, 0.15866470336914062, -1.4174432754516602, 0.522597074508667]
prune_after_crown optimization in use
  original spec size = torch.Size([1, 9])
  pruned spec size = torch.Size([1, 5])
Using alpha-CROWN to initialize bounds.
best_l after optimization: -21.117881774902344
alpha/beta optimization time: 1.2359542846679688
initial alpha-crown bounds (first 10 items): [-3.41917085647583, -5.377806663513184, -3.487504243850708, -7.6594767570495605, -1.173924446105957]
Global lower bound: -7.6594767570495605
4 / 9 OR specs are verified.
Verified OR indices (first 10 items): [1, 3, 6, 8]
Verified OR lbs (first 10 items): [[inf], [inf], [inf], [inf]]
Unverified OR indices (first 10 items): [0, 2, 4, 5, 7]
Unverified OR lbs (first 10 items): [[-3.41917085647583], [-5.377806663513184], [-3.487504243850708], [-7.6594767570495605], [-1.173924446105957]]
###### Verifying property Instance 8 ######
Batch size: 5
First 10 spec matrices
C: tensor([[[-1.,  0.,  0.,  0.,  0.,  1.,  0.,  0.,  0.,  0.]],

        [[ 0.,  0., -1.,  0.,  0.,  1.,  0.,  0.,  0.,  0.]],

        [[ 0.,  0.,  0.,  0., -1.,  1.,  0.,  0.,  0.,  0.]],

        [[ 0.,  0.,  0.,  0.,  0.,  1., -1.,  0.,  0.,  0.]],

        [[ 0.,  0.,  0.,  0.,  0.,  1.,  0.,  0., -1.,  0.]]], device='cuda:0')
RHS: tensor([[0.],
        [0.],
        [0.],
        [0.],
        [0.]], device='cuda:0')
OR spec sizes: tensor([1, 1, 1, 1, 1], device='cuda:0', dtype=torch.int32)
Remaining timeout: 58.27776122093201
Model prediction is: tensor([ 3.56452107, -4.44834280,  2.88382959, -6.23205280,  2.92965817,
         5.25511169,  5.56408167, -3.27116036,  1.51702487, -2.78414989],
       device='cuda:0')
Activation BaB batch 1/1 
build_with_refined_bounds batch [1/1]
Optimizable variables initialized.
all alpha initialized
directly get lb and ub from refined bounds
c shape: torch.Size([5, 1, 10])
lA shapes: [torch.Size([5, 1, 8, 28, 28]), torch.Size([5, 1, 16, 28, 28]), torch.Size([5, 1, 64])]
(alpha-)CROWN with fixed intermediate bounds: tensor([[-3.41917086],
        [-5.37780666],
        [-3.48750424],
        [-7.65947676],
        [-1.17392445]], device='cuda:0') tensor([[inf],
        [inf],
        [inf],
        [inf],
        [inf]], device='cuda:0')
Intermediate layers: /input,/input-8,/input-12
Keeping alphas for these layers: ['/45']
Node /input-4 input 0: size torch.Size([8, 28, 28]) unstable 1441
Node /tensor input 0: size torch.Size([16, 28, 28]) unstable 4686
Node /44 input 0: size torch.Size([64]) unstable 9
-----------------
# of unstable neurons: 6136
-----------------

BaB round 1
batch: 5
splitting decisions: 
split level 0: [/input-8, 5155] [/input, 3856] [/input-8, 8481] [/input, 4796] [/input-8, 9685] 
split level 1: [/input-8, 9293] [/input-8, 10189] [/input-8, 4767] [/input-8, 8898] [/input, 245] 
split level 2: [/input-8, 8165] [/input-8, 3225] [/input-8, 9329] [/input-8, 10177] [/input-8, 8251] 
split level 3: [/input-8, 8883] [/input, 3509] [/input-8, 7372] [/input-8, 3584] [/input-8, 3455] 
split level 4: [/input, 3249] [/input, 5479] [/input-8, 5380] [/input-8, 7283] [/input-8, 523] 
best_l after optimization: -654.2127685546875
beta sum per layer: [23.971416473388672, 108.87705993652344, 0.0]
alpha/beta optimization time: 0.14580416679382324
pruning_in_iteration open status: False
ratio of positive domain = 0 / 160 = 0.0
pruning-in-iteration extra time: 5.2928924560546875e-05
Time: pickout 0.0019    branching_decision 0.0001    decision 0.0001    set_bounds 0.0082    prepare 0.0022    transfer 0.0000    finalize 0.0090    func 0.1616    
Accumulated time: bab_iteration 0.0000    pickout 0.0019    decision 0.0001    branching_decision 0.0001    set_bounds 0.0082    solve 0.0000    func 0.1616    prepare 0.0022    transfer 0.0000    finalize 0.0090    
max lb -1.1046979427337646 min lb -7.659086227416992
Number of Verified Splits: 0 of 160
Current worst splitting domains lb-rhs (depth):
-7.65909 (5), -7.65909 (5), -7.65186 (5), -7.65186 (5), -7.64038 (5), -7.64038 (5), -7.63388 (5), -7.63388 (5), -7.47786 (5), -7.47786 (5), -7.47136 (5), -7.47136 (5), -7.45915 (5), -7.45915 (5), -7.45265 (5), -7.45265 (5), -7.41372 (5), -7.41372 (5), -7.40723 (5), -7.40723 (5), 
Current (lb-rhs): -7.659086227416992
160 domains visited
Length of domains: 160
Cumulative time: 0.20776152610778809

BaB round 2
batch: 160
splitting decisions: 
split level 0: [/input-8, 5377] [/input, 5429] [/input, 523] [/input-8, 11821] [/input-8, 12461] [/input-8, 9245] [/input-8, 5239] [/input-8, 9715] [/input-8, 2613] [/input-8, 7469] 
best_l after optimization: -1264.476318359375
beta sum per layer: [71.15357971191406, 455.6357116699219, 0.0]
alpha/beta optimization time: 0.1476445198059082
pruning_in_iteration open status: False
ratio of positive domain = 0 / 320 = 0.0
pruning-in-iteration extra time: 5.984306335449219e-05
Time: pickout 0.0139    branching_decision 0.0001    decision 0.0001    set_bounds 0.0073    prepare 0.0070    transfer 0.0000    finalize 0.0145    func 0.1780    solve 0.1616    add 0.0031    bab_iteration 0.1750    
Accumulated time: bab_iteration 0.1750    pickout 0.0158    decision 0.0002    branching_decision 0.0002    set_bounds 0.0154    solve 0.1616    func 0.3397    prepare 0.0092    transfer 0.0001    finalize 0.0235    add 0.0031    
max lb -0.8121886253356934 min lb -7.659083366394043
Number of Verified Splits: 0 of 320
Current worst splitting domains lb-rhs (depth):
-7.65908 (6), -7.65883 (6), -7.65269 (6), -7.65151 (6), -7.64639 (6), -7.63851 (6), -7.63851 (6), -7.63779 (6), -7.63095 (6), -7.63048 (6), -7.62690 (6), -7.61980 (6), -7.56964 (6), -7.56188 (6), -7.54853 (6), -7.47131 (6), -7.30781 (6), -7.30781 (6), -7.30781 (6), -7.30763 (6), 
Current (lb-rhs): -7.659083366394043
480 domains visited
Length of domains: 320
Cumulative time: 0.4103684425354004

BaB round 3
batch: 320
splitting decisions: 
split level 0: [/input-8, 2790] [/input-8, 3344] [/input-8, 8043] [/input-8, 3141] [/input-8, 10148] [/input-8, 7773] [/input-8, 6622] [/input, 3692] [/input-8, 12320] [/input, 5721] 
best_l after optimization: -2433.249267578125
beta sum per layer: [232.57846069335938, 1430.89892578125, 0.0]
alpha/beta optimization time: 0.1705799102783203
pruning_in_iteration open status: False
ratio of positive domain = 0 / 640 = 0.0
pruning-in-iteration extra time: 5.412101745605469e-05
Time: pickout 0.0268    branching_decision 0.0002    decision 0.0002    set_bounds 0.0148    prepare 0.0136    transfer 0.0000    finalize 0.0297    func 0.2229    solve 0.1781    add 0.0031    bab_iteration 0.2026    
Accumulated time: bab_iteration 0.3776    pickout 0.0426    decision 0.0004    branching_decision 0.0004    set_bounds 0.0302    solve 0.3397    func 0.5626    prepare 0.0228    transfer 0.0001    finalize 0.0533    add 0.0061    
max lb -0.48507773876190186 min lb -7.659078598022461
Number of Verified Splits: 0 of 640
Current worst splitting domains lb-rhs (depth):
-7.65908 (7), -7.65735 (7), -7.65256 (7), -7.65149 (7), -7.64639 (7), -7.64639 (7), -7.63702 (7), -7.63699 (7), -7.63699 (7), -7.63626 (7), -7.63626 (7), -7.63527 (7), -7.62973 (7), -7.62973 (7), -7.62914 (7), -7.62792 (7), -7.62442 (7), -7.62375 (7), -7.61538 (7), -7.61488 (7), 
Current (lb-rhs): -7.659078598022461
1120 domains visited
Length of domains: 640
Cumulative time: 0.6814439296722412

BaB round 4
batch: 640
splitting decisions: 
split level 0: [/input-8, 3755] [/input-8, 5260] [/input-8, 9470] [/input-8, 8490] [/input-8, 6829] [/input-8, 11766] [/input-8, 3038] [/input-8, 9632] [/input-8, 3724] [/input, 4738] 
best_l after optimization: -4655.9267578125
beta sum per layer: [589.6904296875, 4002.802978515625, 0.3890245258808136]
alpha/beta optimization time: 0.3052947521209717
pruning_in_iteration open status: False
ratio of positive domain = 0 / 1280 = 0.0
pruning-in-iteration extra time: 7.486343383789062e-05
Time: pickout 0.0529    branching_decision 0.0003    decision 0.0003    set_bounds 0.0288    prepare 0.0279    transfer 0.0000    finalize 0.0653    func 0.4130    solve 0.2229    add 0.0061    bab_iteration 0.2711    
Accumulated time: bab_iteration 0.6487    pickout 0.0955    decision 0.0007    branching_decision 0.0007    set_bounds 0.0590    solve 0.5627    func 0.9756    prepare 0.0507    transfer 0.0002    finalize 0.1186    add 0.0122    
max lb -0.1737138032913208 min lb -7.65895938873291
Number of Verified Splits: 0 of 1280
Current worst splitting domains lb-rhs (depth):
-7.65896 (8), -7.65734 (8), -7.65249 (8), -7.65249 (8), -7.65136 (8), -7.64639 (8), -7.64639 (8), -7.64639 (8), -7.64400 (8), -7.63555 (8), -7.63555 (8), -7.63555 (8), -7.63551 (8), -7.63483 (8), -7.63483 (8), -7.63483 (8), -7.63444 (8), -7.62827 (8), -7.62804 (8), -7.62769 (8), 
Current (lb-rhs): -7.65895938873291
2400 domains visited
Length of domains: 1280
Cumulative time: 1.1896743774414062

BaB round 5
batch: 1280
splitting decisions: 
split level 0: [/input-8, 7430] [/input-8, 5295] [/input-8, 8823] [/input-8, 9009] [/input-8, 12078] [/input-8, 8826] [/input-8, 3460] [/input-8, 8814] [/input-8, 12379] [/input-8, 540] 
best_l after optimization: -8842.1572265625
beta sum per layer: [1316.5828857421875, 10418.18359375, 2.097125768661499]
alpha/beta optimization time: 0.6656494140625
pruning_in_iteration open status: False
ratio of positive domain = 6 / 2560 = 0.002343749999999978
pruning-in-iteration extra time: 5.53131103515625e-05
Time: pickout 0.1031    branching_decision 0.0006    decision 0.0006    set_bounds 0.0569    prepare 0.0559    transfer 0.0001    finalize 0.1158    func 0.8635    solve 0.4130    add 0.0127    bab_iteration 0.5082    
Accumulated time: bab_iteration 1.1569    pickout 0.1986    decision 0.0013    branching_decision 0.0012    set_bounds 0.1160    solve 0.9757    func 1.8390    prepare 0.1066    transfer 0.0002    finalize 0.2344    add 0.0249    
max lb 0.08850264549255371 min lb -7.65877103805542
Number of Verified Splits: 6 of 2560
Current worst splitting domains lb-rhs (depth):
-7.65877 (9), -7.65734 (9), -7.65243 (9), -7.65234 (9), -7.65194 (9), -7.65136 (9), -7.64973 (9), -7.64882 (9), -7.64639 (9), -7.64629 (9), -7.64505 (9), -7.64459 (9), -7.64114 (9), -7.63446 (9), -7.63442 (9), -7.63442 (9), -7.63440 (9), -7.63439 (9), -7.63436 (9), -7.63396 (9), 
Current (lb-rhs): -7.65877103805542
4960 domains visited
Length of domains: 2554
Cumulative time: 2.23380970954895

BaB round 6
batch: 2048
splitting decisions: 
split level 0: [/input-8, 9976] [/input-8, 12372] [/input-8, 4852] [/input, 4986] [/input-8, 6770] [/input-8, 5406] [/input-8, 4900] [/input-8, 5737] [/input-8, 5393] [/input-8, 6416] 
best_l after optimization: -13340.9794921875
beta sum per layer: [2400.628662109375, 21266.4375, 8.51779556274414]
alpha/beta optimization time: 1.1004889011383057
pruning_in_iteration open status: False
ratio of positive domain = 55 / 4096 = 0.013427734375
pruning-in-iteration extra time: 6.031990051269531e-05
Time: pickout 0.1651    branching_decision 0.0009    decision 0.0009    set_bounds 0.0907    prepare 0.2317    transfer 0.0001    finalize 0.1870    func 1.5588    solve 0.8636    add 0.0191    bab_iteration 1.0441    
Accumulated time: bab_iteration 2.2011    pickout 0.3637    decision 0.0022    branching_decision 0.0021    set_bounds 0.2067    solve 1.8393    func 3.3979    prepare 0.3383    transfer 0.0003    finalize 0.4214    add 0.0441    
max lb 0.6787774562835693 min lb -7.657343864440918
Number of Verified Splits: 55 of 4096
Current worst splitting domains lb-rhs (depth):
-7.65877 (9), -7.65734 (10), -7.65734 (10), -7.65243 (9), -7.65187 (10), -7.65136 (9), -7.65026 (10), -7.64946 (10), -7.64946 (10), -7.64878 (10), -7.64878 (10), -7.64639 (10), -7.64639 (10), -7.64629 (9), -7.64505 (9), -7.64458 (10), -7.64114 (10), -7.64114 (10), -7.63442 (9), -7.63440 (9), 
Current (lb-rhs): -7.65877103805542
9056 domains visited
Length of domains: 4547
current_vram/total_varm: 12.2GB/47.7GB, batch_size increase to 4096
Cumulative time: 4.086571931838989

BaB round 7
batch: 4096
splitting decisions: 
split level 0: [/input-8, 6568] [/input, 3454] [/input-8, 3803] [/input-8, 8982] [/input-8, 3224] [/input-8, 9065] [/input-8, 9060] [/input, 3213] [/input-8, 5066] [/input-8, 5446] 
best_l after optimization: -25392.9453125
beta sum per layer: [5342.73046875, 51709.921875, 9.268390655517578]
alpha/beta optimization time: 2.153902769088745
pruning_in_iteration open status: False
ratio of positive domain = 186 / 8192 = 0.022705078125
pruning-in-iteration extra time: 5.9604644775390625e-05
Time: pickout 0.3335    branching_decision 0.0013    decision 0.0013    set_bounds 0.1812    prepare 0.1860    transfer 0.0001    finalize 0.3733    func 2.9342    solve 1.5589    add 0.0358    bab_iteration 1.8528    
Accumulated time: bab_iteration 4.0538    pickout 0.6972    decision 0.0035    branching_decision 0.0034    set_bounds 0.3879    solve 3.3981    func 6.3320    prepare 0.5242    transfer 0.0004    finalize 0.7947    add 0.0798    
max lb 0.9728528261184692 min lb -7.657343864440918
Number of Verified Splits: 186 of 8192
Current worst splitting domains lb-rhs (depth):
-7.65877 (9), -7.65734 (11), -7.65734 (11), -7.65706 (11), -7.65305 (11), -7.65243 (9), -7.65179 (11), -7.65136 (9), -7.64981 (11), -7.64978 (11), -7.64945 (11), -7.64945 (11), -7.64943 (11), -7.64870 (11), -7.64870 (11), -7.64857 (11), -7.64639 (11), -7.64639 (11), -7.64629 (9), -7.64505 (9), 
Current (lb-rhs): -7.65877103805542
17248 domains visited
Length of domains: 8457
Cumulative time: 7.602861166000366

BaB round 8
batch: 4096
splitting decisions: 
split level 0: [/input, 4800] [/input-8, 10054] [/input-8, 12263] [/input, 4328] [/input-8, 3365] [/input-8, 8922] [/input-8, 6596] [/input, 3851] [/input-8, 8171] [/input-8, 12028] 
best_l after optimization: -24118.0859375
beta sum per layer: [6077.08056640625, 62030.12890625, 19.506290435791016]
alpha/beta optimization time: 2.1547598838806152
pruning_in_iteration open status: False
ratio of positive domain = 411 / 8192 = 0.0501708984375
pruning-in-iteration extra time: 6.580352783203125e-05
Time: pickout 0.3355    branching_decision 0.0011    decision 0.0011    set_bounds 0.3415    prepare 0.1887    transfer 0.0001    finalize 0.3640    func 2.7793    solve 2.9342    add 0.0636    bab_iteration 3.5163    
Accumulated time: bab_iteration 7.5701    pickout 1.0327    decision 0.0047    branching_decision 0.0045    set_bounds 0.7294    solve 6.3324    func 9.1113    prepare 0.7129    transfer 0.0004    finalize 1.1587    add 0.1434    
max lb 1.4875338077545166 min lb -7.657343864440918
Number of Verified Splits: 411 of 8192
Current worst splitting domains lb-rhs (depth):
-7.65877 (9), -7.65734 (11), -7.65734 (12), -7.65706 (12), -7.65543 (12), -7.65305 (11), -7.65243 (9), -7.65179 (11), -7.65136 (9), -7.64981 (11), -7.64978 (12), -7.64978 (12), -7.64945 (11), -7.64945 (12), -7.64927 (12), -7.64870 (11), -7.64853 (12), -7.64811 (12), -7.64683 (12), -7.64639 (11), 
Current (lb-rhs): -7.65877103805542
25440 domains visited
Length of domains: 12142
Cumulative time: 11.120908498764038

BaB round 9
batch: 4096
splitting decisions: 
split level 0: [/input-8, 4973] [/input, 397] [/input-8, 3143] [/input, 6123] [/input-8, 12350] [/input, 5211] [/input-8, 4995] [/input-8, 6594] [/input, 344] [/input-8, 2587] 
best_l after optimization: -23586.3515625
beta sum per layer: [6971.0693359375, 70999.15625, 20.422393798828125]
alpha/beta optimization time: 2.1564924716949463
pruning_in_iteration open status: False
ratio of positive domain = 503 / 8192 = 0.0614013671875
pruning-in-iteration extra time: 9.036064147949219e-05
Time: pickout 0.3395    branching_decision 0.0011    decision 0.0012    set_bounds 0.4028    prepare 0.1879    transfer 0.0001    finalize 0.3714    func 2.7885    solve 2.7794    add 0.0578    bab_iteration 3.5180    
Accumulated time: bab_iteration 11.0881    pickout 1.3723    decision 0.0058    branching_decision 0.0057    set_bounds 1.1322    solve 9.1117    func 11.8998    prepare 0.9009    transfer 0.0005    finalize 1.5301    add 0.2013    
max lb 1.6783404350280762 min lb -7.657343864440918
Number of Verified Splits: 503 of 8192
Current worst splitting domains lb-rhs (depth):
-7.65877 (9), -7.65734 (11), -7.65734 (13), -7.65734 (13), -7.65706 (13), -7.65704 (13), -7.65543 (12), -7.65305 (11), -7.65243 (9), -7.65179 (11), -7.65136 (9), -7.64981 (11), -7.64978 (13), -7.64978 (13), -7.64978 (12), -7.64945 (11), -7.64945 (12), -7.64927 (12), -7.64870 (11), -7.64853 (12), 
Current (lb-rhs): -7.65877103805542
33632 domains visited
Length of domains: 15735
Cumulative time: 14.713381290435791

BaB round 10
batch: 4096
splitting decisions: 
split level 0: [/input-8, 8960] [/input-8, 8425] [/input, 3719] [/input, 5083] [/input, 5752] [/input-8, 7851] [/input-8, 5446] [/input-8, 12314] [/input-8, 6692] [/input, 5466] 
best_l after optimization: -23235.67578125
beta sum per layer: [7966.3642578125, 80259.2578125, 30.214645385742188]
alpha/beta optimization time: 2.1542820930480957
pruning_in_iteration open status: False
ratio of positive domain = 365 / 8192 = 0.0445556640625
pruning-in-iteration extra time: 6.103515625e-05
Time: pickout 0.3427    branching_decision 0.0011    decision 0.0011    set_bounds 0.3904    prepare 0.1880    transfer 0.0001    finalize 0.3678    func 2.7809    solve 2.7885    add 0.0575    bab_iteration 3.5925    
Accumulated time: bab_iteration 14.6806    pickout 1.7150    decision 0.0070    branching_decision 0.0068    set_bounds 1.5226    solve 11.9003    func 14.6808    prepare 1.0889    transfer 0.0006    finalize 1.8978    add 0.2587    
max lb 1.3784594535827637 min lb -7.657294273376465
Number of Verified Splits: 365 of 8192
Current worst splitting domains lb-rhs (depth):
-7.65877 (9), -7.65734 (13), -7.65734 (11), -7.65729 (14), -7.65704 (13), -7.65667 (14), -7.65543 (12), -7.65305 (11), -7.65243 (9), -7.65179 (11), -7.65136 (9), -7.64981 (11), -7.64978 (13), -7.64978 (12), -7.64954 (14), -7.64945 (12), -7.64945 (11), -7.64927 (12), -7.64870 (11), -7.64853 (12), 
Current (lb-rhs): -7.65877103805542
41824 domains visited
Length of domains: 19466
Cumulative time: 18.323436737060547

BaB round 11
batch: 4096
splitting decisions: 
split level 0: [/input-8, 12024] [/input-8, 3818] [/input-8, 3496] [/input-8, 5257] [/input-8, 9731] [/input, 4155] [/input-8, 3703] [/input-8, 8228] [/input-8, 9315] [/input-8, 3388] 
best_l after optimization: -22357.791015625
beta sum per layer: [9063.72265625, 91326.1875, 36.395606994628906]
alpha/beta optimization time: 2.155240535736084
pruning_in_iteration open status: False
ratio of positive domain = 461 / 8192 = 0.0562744140625
pruning-in-iteration extra time: 5.91278076171875e-05
Time: pickout 0.3433    branching_decision 0.0011    decision 0.0011    set_bounds 0.4130    prepare 0.1899    transfer 0.0001    finalize 0.3627    func 2.7779    solve 2.7810    add 0.0916    bab_iteration 3.6101    
Accumulated time: bab_iteration 18.2907    pickout 2.0583    decision 0.0081    branching_decision 0.0079    set_bounds 1.9355    solve 14.6813    func 17.4587    prepare 1.2788    transfer 0.0006    finalize 2.2605    add 0.3503    
max lb 0.46562719345092773 min lb -7.657004356384277
Number of Verified Splits: 461 of 8192
Current worst splitting domains lb-rhs (depth):
-7.65877 (9), -7.65734 (11), -7.65734 (13), -7.65704 (13), -7.65700 (15), -7.65674 (15), -7.65667 (15), -7.65664 (15), -7.65543 (12), -7.65305 (11), -7.65243 (9), -7.65179 (11), -7.65136 (9), -7.64981 (11), -7.64978 (12), -7.64978 (13), -7.64954 (14), -7.64945 (11), -7.64945 (12), -7.64927 (12), 
Current (lb-rhs): -7.65877103805542
50016 domains visited
Length of domains: 23101
Cumulative time: 21.9193115234375

BaB round 12
batch: 4096
splitting decisions: 
split level 0: [/input, 5368] [/input-8, 3462] [/input-8, 10145] [/input-8, 6948] [/input-8, 7129] [/input-8, 9289] [/input-8, 8422] [/input-8, 7019] [/input-8, 8529] [/input-8, 7929] 
best_l after optimization: -21731.505859375
beta sum per layer: [10251.2783203125, 101318.9296875, 37.04450607299805]
alpha/beta optimization time: 2.1565229892730713
pruning_in_iteration open status: False
ratio of positive domain = 572 / 8192 = 0.06982421875
pruning-in-iteration extra time: 8.821487426757812e-05
Time: pickout 0.3462    branching_decision 0.0011    decision 0.0011    set_bounds 0.1831    prepare 0.1868    transfer 0.0001    finalize 0.6549    func 3.0709    solve 2.7780    add 0.0573    bab_iteration 3.5959    
Accumulated time: bab_iteration 21.8865    pickout 2.4045    decision 0.0092    branching_decision 0.0089    set_bounds 2.1186    solve 17.4592    func 20.5296    prepare 1.4656    transfer 0.0007    finalize 2.9153    add 0.4076    
max lb 0.8194088935852051 min lb -7.656694412231445
Number of Verified Splits: 572 of 8192
Current worst splitting domains lb-rhs (depth):
-7.65877 (9), -7.65734 (11), -7.65734 (13), -7.65704 (13), -7.65700 (15), -7.65669 (16), -7.65669 (16), -7.65667 (15), -7.65656 (16), -7.65543 (12), -7.65305 (11), -7.65243 (9), -7.65179 (11), -7.65136 (9), -7.64981 (11), -7.64978 (12), -7.64978 (13), -7.64954 (14), -7.64945 (11), -7.64945 (12), 
Current (lb-rhs): -7.65877103805542
58208 domains visited
Length of domains: 26625
Cumulative time: 25.582406044006348

BaB round 13
batch: 4096
splitting decisions: 
split level 0: [/input-8, 11876] [/input-8, 8558] [/input-8, 12133] [/input, 3503] [/input-8, 6123] [/input-8, 7684] [/input, 4718] [/input-8, 2587] [/input-8, 12461] [/input-8, 8635] 
best_l after optimization: -21284.80078125
beta sum per layer: [11585.201171875, 110842.78125, 48.58606719970703]
alpha/beta optimization time: 2.155909299850464
pruning_in_iteration open status: False
ratio of positive domain = 439 / 8192 = 0.0535888671875
pruning-in-iteration extra time: 9.369850158691406e-05
Time: pickout 0.3547    branching_decision 0.0011    decision 0.0011    set_bounds 0.1837    prepare 0.1915    transfer 0.0001    finalize 0.3726    func 2.7902    solve 3.0709    add 0.0581    bab_iteration 3.6631    
Accumulated time: bab_iteration 25.5496    pickout 2.7592    decision 0.0103    branching_decision 0.0100    set_bounds 2.3023    solve 20.5302    func 23.3198    prepare 1.6571    transfer 0.0008    finalize 3.2879    add 0.4657    
max lb 0.3948326110839844 min lb -7.656654357910156
Number of Verified Splits: 439 of 8192
Current worst splitting domains lb-rhs (depth):
-7.65877 (9), -7.65734 (11), -7.65734 (13), -7.65704 (13), -7.65700 (15), -7.65669 (16), -7.65667 (15), -7.65665 (17), -7.65655 (17), -7.65543 (12), -7.65305 (11), -7.65243 (9), -7.65179 (11), -7.65136 (9), -7.64981 (11), -7.64978 (12), -7.64978 (13), -7.64954 (14), -7.64945 (11), -7.64945 (12), 
Current (lb-rhs): -7.65877103805542
66400 domains visited
Length of domains: 30282
Cumulative time: 28.97541880607605

BaB round 14
batch: 4096
splitting decisions: 
split level 0: [/input-8, 6714] [/input-8, 8690] [/input-8, 6859] [/input-8, 8761] [/input-8, 6058] [/input, 3298] [/input-8, 5620] [/input-8, 6782] [/input-8, 9652] [/input-8, 8489] 
best_l after optimization: -20375.94140625
beta sum per layer: [12800.4814453125, 122403.046875, 58.064056396484375]
alpha/beta optimization time: 2.1547281742095947
pruning_in_iteration open status: False
ratio of positive domain = 500 / 8192 = 0.06103515625
pruning-in-iteration extra time: 6.413459777832031e-05
Time: pickout 0.6493    branching_decision 0.0010    decision 0.0010    set_bounds 0.1839    prepare 0.1885    transfer 0.0001    finalize 0.3663    func 2.7796    solve 2.7902    add 0.0594    bab_iteration 3.3930    
Accumulated time: bab_iteration 28.9426    pickout 3.4084    decision 0.0113    branching_decision 0.0110    set_bounds 2.4862    solve 23.3204    func 26.0994    prepare 1.8456    transfer 0.0008    finalize 3.6542    add 0.5250    
max lb 1.6243493556976318 min lb -7.610058784484863
Number of Verified Splits: 500 of 8192
Current worst splitting domains lb-rhs (depth):
-7.65877 (9), -7.65734 (13), -7.65734 (11), -7.65704 (13), -7.65700 (15), -7.65669 (16), -7.65667 (15), -7.65665 (17), -7.65655 (17), -7.65543 (12), -7.65305 (11), -7.65243 (9), -7.65179 (11), -7.65136 (9), -7.64981 (11), -7.64978 (12), -7.64978 (13), -7.64954 (14), -7.64945 (11), -7.64945 (12), 
Current (lb-rhs): -7.65877103805542
74592 domains visited
Length of domains: 33878
Cumulative time: 32.73188519477844

BaB round 15
batch: 4096
splitting decisions: 
split level 0: [/input-8, 6657] [/input-8, 6068] [/input-8, 5313] [/input, 3248] [/input-8, 8985] [/input-8, 8682] [/input, 4743] [/input-8, 12533] [/input-8, 7967] [/input, 5463] 
best_l after optimization: -19615.03125
beta sum per layer: [14150.25390625, 132998.84375, 64.46682739257812]
alpha/beta optimization time: 2.1555898189544678
pruning_in_iteration open status: False
ratio of positive domain = 693 / 8192 = 0.0845947265625
pruning-in-iteration extra time: 5.888938903808594e-05
Time: pickout 0.3567    branching_decision 0.0011    decision 0.0011    set_bounds 0.5023    prepare 0.1891    transfer 0.0001    finalize 0.3550    func 2.7685    solve 2.7797    add 0.1380    bab_iteration 3.7565    
Accumulated time: bab_iteration 32.6991    pickout 3.7651    decision 0.0124    branching_decision 0.0121    set_bounds 2.9885    solve 26.1001    func 28.8680    prepare 2.0347    transfer 0.0009    finalize 4.0092    add 0.6630    
max lb 0.7939820289611816 min lb -7.61000919342041
Number of Verified Splits: 693 of 8192
Current worst splitting domains lb-rhs (depth):
-7.65877 (9), -7.65734 (13), -7.65734 (11), -7.65704 (13), -7.65700 (15), -7.65669 (16), -7.65667 (15), -7.65665 (17), -7.65655 (17), -7.65543 (12), -7.65305 (11), -7.65243 (9), -7.65179 (11), -7.65136 (9), -7.64981 (11), -7.64978 (13), -7.64978 (12), -7.64954 (14), -7.64945 (12), -7.64945 (11), 
Current (lb-rhs): -7.65877103805542
82784 domains visited
Length of domains: 37281
Cumulative time: 36.42094087600708

BaB round 16
batch: 4096
splitting decisions: 
split level 0: [/input-8, 8489] [/input, 3279] [/input-8, 4851] [/input-8, 8449] [/input-8, 5299] [/input-8, 9420] [/input-8, 8929] [/input-8, 4897] [/input-8, 5355] [/input-8, 6472] 
best_l after optimization: -19358.986328125
beta sum per layer: [15508.158203125, 143147.34375, 64.64533996582031]
alpha/beta optimization time: 2.1551122665405273
pruning_in_iteration open status: False
ratio of positive domain = 702 / 8192 = 0.085693359375
pruning-in-iteration extra time: 5.7697296142578125e-05
Time: pickout 0.3574    branching_decision 0.0010    decision 0.0011    set_bounds 0.1838    prepare 0.1880    transfer 0.0001    finalize 0.3556    func 2.7677    solve 2.7686    add 0.0560    bab_iteration 3.6891    
Accumulated time: bab_iteration 36.3881    pickout 4.1225    decision 0.0136    branching_decision 0.0132    set_bounds 3.1723    solve 28.8687    func 31.6356    prepare 2.2227    transfer 0.0010    finalize 4.3648    add 0.7190    
max lb 1.6099629402160645 min lb -7.61000919342041
Number of Verified Splits: 702 of 8192
Current worst splitting domains lb-rhs (depth):
-7.65877 (9), -7.65734 (11), -7.65734 (13), -7.65704 (13), -7.65700 (15), -7.65669 (16), -7.65667 (15), -7.65665 (17), -7.65655 (17), -7.65543 (12), -7.65305 (11), -7.65243 (9), -7.65179 (11), -7.65136 (9), -7.64981 (11), -7.64978 (12), -7.64978 (13), -7.64954 (14), -7.64945 (12), -7.64945 (11), 
Current (lb-rhs): -7.65877103805542
90976 domains visited
Length of domains: 40675
Cumulative time: 39.79241967201233

BaB round 17
batch: 4096
splitting decisions: 
split level 0: [/input-8, 11874] [/input-8, 3434] [/input-8, 345] [/input-8, 8243] [/input-8, 8543] [/input, 5003] [/input-8, 7146] [/input-8, 12298] [/input-8, 9209] [/input-8, 8010] 
best_l after optimization: -19131.587890625
beta sum per layer: [17084.66796875, 154045.78125, 76.5653076171875]
alpha/beta optimization time: 2.157658576965332
pruning_in_iteration open status: False
ratio of positive domain = 728 / 8192 = 0.0888671875
pruning-in-iteration extra time: 6.723403930664062e-05
Time: pickout 0.7287    branching_decision 0.0011    decision 0.0012    set_bounds 0.1842    prepare 0.1890    transfer 0.0001    finalize 0.3572    func 2.7758    solve 2.7677    add 0.0564    bab_iteration 3.3715    
Accumulated time: bab_iteration 39.7596    pickout 4.8512    decision 0.0147    branching_decision 0.0143    set_bounds 3.3565    solve 31.6364    func 34.4114    prepare 2.4117    transfer 0.0011    finalize 4.7220    add 0.7754    
max lb 1.1770247220993042 min lb -7.61000919342041
Number of Verified Splits: 728 of 8192
Current worst splitting domains lb-rhs (depth):
-7.65877 (9), -7.65734 (13), -7.65734 (11), -7.65704 (13), -7.65700 (15), -7.65669 (16), -7.65667 (15), -7.65665 (17), -7.65655 (17), -7.65543 (12), -7.65305 (11), -7.65243 (9), -7.65179 (11), -7.65136 (9), -7.64981 (11), -7.64978 (13), -7.64978 (12), -7.64954 (14), -7.64945 (11), -7.64945 (12), 
Current (lb-rhs): -7.65877103805542
99168 domains visited
Length of domains: 44043
Cumulative time: 43.54959297180176

BaB round 18
batch: 4096
splitting decisions: 
split level 0: [/input-8, 3198] [/input-8, 9352] [/input-8, 6910] [/input-8, 9216] [/input-8, 371] [/input-8, 7146] [/input-8, 8034] [/input-8, 10022] [/input-8, 8043] [/input-8, 6694] 
best_l after optimization: -18943.78515625
beta sum per layer: [18955.150390625, 165902.25, 94.02433776855469]
alpha/beta optimization time: 2.156008243560791
pruning_in_iteration open status: False
ratio of positive domain = 683 / 8192 = 0.0833740234375
pruning-in-iteration extra time: 7.843971252441406e-05
Time: pickout 0.3618    branching_decision 0.0010    decision 0.0011    set_bounds 0.1825    prepare 0.1891    transfer 0.0001    finalize 0.7835    func 3.1985    solve 2.7758    add 0.0618    bab_iteration 3.7572    
Accumulated time: bab_iteration 43.5168    pickout 5.2130    decision 0.0158    branching_decision 0.0154    set_bounds 3.5390    solve 34.4122    func 37.6098    prepare 2.6008    transfer 0.0011    finalize 5.5055    add 0.8373    
max lb 0.813805103302002 min lb -7.61000919342041
Number of Verified Splits: 683 of 8192
Current worst splitting domains lb-rhs (depth):
-7.65877 (9), -7.65734 (11), -7.65734 (13), -7.65704 (13), -7.65700 (15), -7.65669 (16), -7.65667 (15), -7.65665 (17), -7.65655 (17), -7.65543 (12), -7.65305 (11), -7.65243 (9), -7.65179 (11), -7.65136 (9), -7.64981 (11), -7.64978 (12), -7.64978 (13), -7.64954 (14), -7.64945 (11), -7.64945 (12), 
Current (lb-rhs): -7.65877103805542
107360 domains visited
Length of domains: 47456
Cumulative time: 47.357011795043945

BaB round 19
batch: 4096
splitting decisions: 
split level 0: [/input-8, 7272] [/input-8, 3719] [/input-8, 9825] [/input-8, 9054] [/input-8, 9270] [/input, 290] [/input-8, 9112] [/input-8, 3836] [/input-8, 6420] [/input-8, 5669] 
best_l after optimization: -18592.609375
beta sum per layer: [20403.26953125, 175378.8125, 76.13349914550781]
alpha/beta optimization time: 2.156367063522339
pruning_in_iteration open status: False
ratio of positive domain = 721 / 8192 = 0.0880126953125
pruning-in-iteration extra time: 5.7220458984375e-05
Time: pickout 0.3612    branching_decision 0.0011    decision 0.0011    set_bounds 0.1838    prepare 0.1882    transfer 0.0001    finalize 0.3586    func 2.7722    solve 3.1985    add 0.0580    bab_iteration 3.8074    
Accumulated time: bab_iteration 47.3242    pickout 5.5741    decision 0.0169    branching_decision 0.0164    set_bounds 3.7228    solve 37.6107    func 40.3820    prepare 2.7890    transfer 0.0012    finalize 5.8641    add 0.8953    
max lb 1.4553709030151367 min lb -7.609975337982178
Number of Verified Splits: 721 of 8192
Current worst splitting domains lb-rhs (depth):
-7.65877 (9), -7.65734 (11), -7.65734 (13), -7.65704 (13), -7.65700 (15), -7.65669 (16), -7.65667 (15), -7.65665 (17), -7.65655 (17), -7.65543 (12), -7.65305 (11), -7.65243 (9), -7.65179 (11), -7.65136 (9), -7.64981 (11), -7.64978 (12), -7.64978 (13), -7.64954 (14), -7.64945 (11), -7.64945 (12), 
Current (lb-rhs): -7.65877103805542
115552 domains visited
Length of domains: 50831
Cumulative time: 50.73910188674927

BaB round 20
batch: 4096
splitting decisions: 
split level 0: [/input-8, 8218] [/input-8, 3333] [/input-8, 12042] [/input-8, 8489] [/input-8, 8947] [/input-8, 3312] [/input, 3816] [/input-8, 8259] [/input-8, 11859] [/input, 5269] 
best_l after optimization: -18324.609375
beta sum per layer: [22438.25, 184843.921875, 68.02320098876953]
alpha/beta optimization time: 2.155377149581909
pruning_in_iteration open status: False
ratio of positive domain = 666 / 8192 = 0.081298828125
pruning-in-iteration extra time: 5.7220458984375e-05
Time: pickout 0.3662    branching_decision 0.0010    decision 0.0011    set_bounds 0.6047    prepare 0.1901    transfer 0.0001    finalize 0.3613    func 2.7773    solve 2.7723    add 0.0581    bab_iteration 3.3821    
Accumulated time: bab_iteration 50.7063    pickout 5.9404    decision 0.0179    branching_decision 0.0175    set_bounds 4.3275    solve 40.3830    func 43.1593    prepare 2.9791    transfer 0.0013    finalize 6.2254    add 0.9533    
max lb 1.5856399536132812 min lb -7.609026908874512
Number of Verified Splits: 666 of 8192
Current worst splitting domains lb-rhs (depth):
-7.65877 (9), -7.65734 (13), -7.65734 (11), -7.65704 (13), -7.65700 (15), -7.65669 (16), -7.65667 (15), -7.65665 (17), -7.65655 (17), -7.65543 (12), -7.65305 (11), -7.65243 (9), -7.65179 (11), -7.65136 (9), -7.64981 (11), -7.64978 (12), -7.64978 (13), -7.64954 (14), -7.64945 (11), -7.64945 (12), 
Current (lb-rhs): -7.65877103805542
123744 domains visited
Length of domains: 54261
Cumulative time: 54.55213117599487

BaB round 21
batch: 4096
splitting decisions: 
split level 0: [/input, 3260] [/input-8, 8253] [/input-8, 8823] [/input, 3188] [/input-8, 8171] [/input-8, 5757] [/input-8, 6096] [/input-8, 2489] [/input-8, 6547] [/input, 290] 
best_l after optimization: -17838.67578125
beta sum per layer: [24313.962890625, 195642.0625, 77.6694564819336]
alpha/beta optimization time: 2.1563401222229004
pruning_in_iteration open status: False
ratio of positive domain = 689 / 8192 = 0.0841064453125
pruning-in-iteration extra time: 5.817413330078125e-05
Time: pickout 0.3664    branching_decision 0.0011    decision 0.0011    set_bounds 0.1839    prepare 0.1899    transfer 0.0001    finalize 0.3584    func 2.7745    solve 2.7773    add 0.0575    bab_iteration 3.8130    
Accumulated time: bab_iteration 54.5193    pickout 6.3067    decision 0.0190    branching_decision 0.0185    set_bounds 4.5114    solve 43.1603    func 45.9338    prepare 3.1691    transfer 0.0013    finalize 6.5838    add 1.0109    
max lb 1.7620444297790527 min lb -7.6090192794799805
Number of Verified Splits: 689 of 8192
Current worst splitting domains lb-rhs (depth):
-7.65877 (9), -7.65734 (13), -7.65734 (11), -7.65704 (13), -7.65700 (15), -7.65669 (16), -7.65667 (15), -7.65665 (17), -7.65655 (17), -7.65543 (12), -7.65305 (11), -7.65243 (9), -7.65179 (11), -7.65136 (9), -7.64981 (11), -7.64978 (13), -7.64978 (12), -7.64954 (14), -7.64945 (12), -7.64945 (11), 
Current (lb-rhs): -7.65877103805542
131936 domains visited
Length of domains: 57668
Cumulative time: 57.943124532699585

BaB round 22
batch: 4096
splitting decisions: 
split level 0: [/input-8, 4777] [/input-8, 9941] [/input-8, 6742] [/input-8, 4846] [/input-8, 6344] [/input-8, 9278] [/input-8, 9628] [/input-8, 4816] [/input, 3136] [/input-8, 3865] 
best_l after optimization: -17352.57421875
beta sum per layer: [26081.080078125, 205710.1875, 93.90237426757812]
alpha/beta optimization time: 2.1581621170043945
pruning_in_iteration open status: False
ratio of positive domain = 701 / 8192 = 0.0855712890625
pruning-in-iteration extra time: 6.818771362304688e-05
Time: pickout 0.3676    branching_decision 0.0012    decision 0.0013    set_bounds 0.6812    prepare 0.1893    transfer 0.0001    finalize 0.3620    func 2.7810    solve 2.7746    add 0.0588    bab_iteration 3.3910    
Accumulated time: bab_iteration 57.9103    pickout 6.6743    decision 0.0203    branching_decision 0.0198    set_bounds 5.1926    solve 45.9349    func 48.7148    prepare 3.3583    transfer 0.0014    finalize 6.9458    add 1.0696    
max lb 0.9335904121398926 min lb -7.6090192794799805
Number of Verified Splits: 701 of 8192
Current worst splitting domains lb-rhs (depth):
-7.65877 (9), -7.65734 (13), -7.65734 (11), -7.65704 (13), -7.65700 (15), -7.65669 (16), -7.65667 (15), -7.65665 (17), -7.65655 (17), -7.65543 (12), -7.65305 (11), -7.65243 (9), -7.65179 (11), -7.65136 (9), -7.64981 (11), -7.64978 (13), -7.64978 (12), -7.64954 (14), -7.64945 (11), -7.64945 (12), 
Current (lb-rhs): -7.65877103805542
140128 domains visited
Length of domains: 61063
Time out!!!!!!!!
Result: unknown in 63.8532 seconds

 %%%%%%%%%%%%%%%%%%%%%%%%%%%%%%%%%%% idx: 9, vnnlib ID: 9 %%%%%%%%%%%%%%%%%%%%%%%%%%%%%%%%%%%
Finished vnnlib processing in 0.001763 seconds
Model: BoundedModule(
  (/input-1): BoundInput(name=/input-1, inputs=[], perturbed=True)
  (/shape): BoundBuffers(name=/shape, inputs=[], perturbed=False)
  (/12): BoundParams(name=/12, inputs=[], perturbed=False)
  (/13): BoundParams(name=/13, inputs=[], perturbed=False)
  (/14): BoundParams(name=/14, inputs=[], perturbed=False)
  (/15): BoundParams(name=/15, inputs=[], perturbed=False)
  (/16): BoundParams(name=/16, inputs=[], perturbed=False)
  (/17): BoundParams(name=/17, inputs=[], perturbed=False)
  (/18): BoundParams(name=/18, inputs=[], perturbed=False)
  (/19): BoundParams(name=/19, inputs=[], perturbed=False)
  (/20): BoundParams(name=/20, inputs=[], perturbed=False)
  (/21): BoundParams(name=/21, inputs=[], perturbed=False)
  (/input): BoundConv(name=/input, inputs=[/input-1, /12, /13], perturbed=True)
  (/input-4): BoundRelu(name=/input-4, inputs=[/input], perturbed=True)
  (/24): BoundConv(name=/24, inputs=[/input-4, /14, /15], perturbed=True)
  (/25): BoundConv(name=/25, inputs=[/input-4, /16, /17], perturbed=True)
  (/26): BoundAdd(name=/26, inputs=[/24, /25], perturbed=True)
  (/input-8): BoundConcat(name=/input-8, inputs=[/input, /26], perturbed=True)
  (/tensor): BoundRelu(name=/tensor, inputs=[/input-8], perturbed=True)
  (/30): BoundSplit(name=/30, inputs=[/tensor], perturbed=True)
  (/31): BoundSplit(name=/31, inputs=[/shape], perturbed=False)
  (/32): BoundSplit(name=/32, inputs=[/shape], perturbed=False)
  (/33): BoundConstant(name=/33, value=tensor([0], device='cuda:0'))
  (/34): BoundSqueeze(name=/34, inputs=[/31, /33], perturbed=False)
  (/35): BoundConstant(name=/35, value=tensor([0], device='cuda:0'))
  (/36): BoundSqueeze(name=/36, inputs=[/32, /35], perturbed=False)
  (/37): BoundConstant(name=/37, value=tensor([0], device='cuda:0'))
  (/38): BoundUnsqueeze(name=/38, inputs=[/34, /37], perturbed=False)
  (/39): BoundConstant(name=/39, value=tensor([0], device='cuda:0'))
  (/40): BoundUnsqueeze(name=/40, inputs=[/36, /39], perturbed=False)
  (/41): BoundConcat(name=/41, inputs=[/38, /40], perturbed=False)
  (/42): BoundReshape(name=/42, inputs=[/30, /41], perturbed=True)
  (/input-12): BoundLinear(name=/input-12, inputs=[/42, /18, /19], perturbed=True)
  (/44): BoundRelu(name=/44, inputs=[/input-12], perturbed=True)
  (/45): BoundLinear(name=/45, inputs=[/44, /20, /21], perturbed=True)
)
Original output in the first batch: tensor([[ 1.04654598, -7.43773699, -3.66529036, -0.54224443,  6.54814911,
          1.16001344, -2.97473383,  9.17031384,  2.76273775,  9.89842701]],
       device='cuda:0')
Split layers:
Nonlinear functions:
   BoundRelu(name=/input-4, inputs=[/input], perturbed=True)
   BoundRelu(name=/tensor, inputs=[/input-8], perturbed=True)
   BoundRelu(name=/44, inputs=[/input-12], perturbed=True)
build batch [1/1]
layer /input-4 using sparse-features alpha with shape [1389]; unstable size 1389; total size 6272 ([1, 8, 28, 28])
layer /input-4 start_node /input-12 using sparse-spec alpha [2, 15, 1, 1389] with unstable size 14 total_size 64 output_shape torch.Size([64])
layer /input-4 start_node /45 using full alpha [2, 9, 1, 1389] with unstable size None total_size 9 output_shape 9
layer /tensor using sparse-features alpha with shape [4595]; unstable size 4595; total size 12544 ([1, 16, 28, 28])
layer /tensor start_node /input-12 using sparse-spec alpha [2, 15, 1, 4595] with unstable size 14 total_size 64 output_shape torch.Size([64])
layer /tensor start_node /45 using full alpha [2, 9, 1, 4595] with unstable size None total_size 9 output_shape 9
layer /44 using sparse-features alpha with shape [14]; unstable size 14; total size 64 ([1, 64])
layer /44 start_node /45 using full alpha [2, 9, 1, 14] with unstable size None total_size 9 output_shape 9
Optimizable variables initialized.
initial CROWN bounds (first 10 items): [0.06690788269042969, 7.85886812210083, 2.175206184387207, 0.6879410743713379, -3.0500869750976562, -0.5488166809082031, 1.777308464050293, -5.602893829345703, 0.4525454044342041]
prune_after_crown optimization in use
  original spec size = torch.Size([1, 9])
  pruned spec size = torch.Size([1, 3])
Using alpha-CROWN to initialize bounds.
best_l after optimization: -8.602108001708984
alpha/beta optimization time: 1.245307207107544
initial alpha-crown bounds (first 10 items): [-2.8223354816436768, -0.3103060722351074, -5.469466209411621]
Global lower bound: -5.469466209411621
6 / 9 OR specs are verified.
Verified OR indices (first 10 items): [0, 1, 2, 3, 6, 8]
Verified OR lbs (first 10 items): [[inf], [inf], [inf], [inf], [inf], [inf]]
Unverified OR indices (first 10 items): [4, 5, 7]
Unverified OR lbs (first 10 items): [[-2.8223354816436768], [-0.3103060722351074], [-5.469466209411621]]
###### Verifying property Instance 9 ######
Batch size: 3
First 10 spec matrices
C: tensor([[[ 0.,  0.,  0.,  0., -1.,  0.,  0.,  0.,  0.,  1.]],

        [[ 0.,  0.,  0.,  0.,  0., -1.,  0.,  0.,  0.,  1.]],

        [[ 0.,  0.,  0.,  0.,  0.,  0.,  0., -1.,  0.,  1.]]], device='cuda:0')
RHS: tensor([[0.],
        [0.],
        [0.]], device='cuda:0')
OR spec sizes: tensor([1, 1, 1], device='cuda:0', dtype=torch.int32)
Remaining timeout: 58.3450665473938
Model prediction is: tensor([ 1.04654598, -7.43773699, -3.66529036, -0.54224443,  6.54814911,
         1.16001344, -2.97473383,  9.17031384,  2.76273775,  9.89842701],
       device='cuda:0')
Activation BaB batch 1/1 
build_with_refined_bounds batch [1/1]
Optimizable variables initialized.
all alpha initialized
directly get lb and ub from refined bounds
c shape: torch.Size([3, 1, 10])
lA shapes: [torch.Size([3, 1, 8, 28, 28]), torch.Size([3, 1, 16, 28, 28]), torch.Size([3, 1, 64])]
(alpha-)CROWN with fixed intermediate bounds: tensor([[-2.82233548],
        [-0.31030607],
        [-5.46946621]], device='cuda:0') tensor([[inf],
        [inf],
        [inf]], device='cuda:0')
Intermediate layers: /input,/input-8,/input-12
Keeping alphas for these layers: ['/45']
Node /input-4 input 0: size torch.Size([8, 28, 28]) unstable 1389
Node /tensor input 0: size torch.Size([16, 28, 28]) unstable 4595
Node /44 input 0: size torch.Size([64]) unstable 14
-----------------
# of unstable neurons: 5998
-----------------

BaB round 1
batch: 3
splitting decisions: 
split level 0: [/input-8, 3799] [/input-8, 8924] [/input-8, 11764] 
split level 1: [/input-8, 12283] [/input, 5121] [/input-8, 9451] 
split level 2: [/input-8, 7883] [/input-8, 3844] [/input-8, 12068] 
split level 3: [/input-8, 6299] [/input, 3173] [/input-8, 3805] 
split level 4: [/input, 4754] [/input-8, 7177] [/input-8, 8701] 
split level 5: [/input, 3748] [/input-8, 6941] [/input-8, 6833] 
best_l after optimization: -527.427734375
beta sum per layer: [3.312361478805542, 167.30697631835938, 0.0]
alpha/beta optimization time: 0.15593266487121582
pruning_in_iteration open status: False
ratio of positive domain = 16 / 192 = 0.08333333333333337
pruning-in-iteration extra time: 5.555152893066406e-05
Time: pickout 0.0012    branching_decision 0.0001    decision 0.0001    set_bounds 0.0109    prepare 0.0025    transfer 0.0000    finalize 0.0090    func 0.1737    
Accumulated time: bab_iteration 0.0000    pickout 0.0012    decision 0.0001    branching_decision 0.0001    set_bounds 0.0109    solve 0.0000    func 0.1737    prepare 0.0025    transfer 0.0000    finalize 0.0090    
max lb 0.043749332427978516 min lb -5.465234756469727
Number of Verified Splits: 16 of 192
Current worst splitting domains lb-rhs (depth):
-5.46523 (6), -5.46523 (6), -5.46522 (6), -5.46522 (6), -5.45802 (6), -5.45802 (6), -5.45792 (6), -5.45792 (6), -5.43972 (6), -5.43972 (6), -5.43962 (6), -5.43962 (6), -5.43239 (6), -5.43239 (6), -5.43229 (6), -5.43229 (6), -5.41713 (6), -5.41713 (6), -5.41703 (6), -5.41703 (6), 
Current (lb-rhs): -5.465234756469727
192 domains visited
Length of domains: 176
Cumulative time: 0.23290538787841797

BaB round 2
batch: 176
splitting decisions: 
split level 0: [/input-8, 3550] [/input-8, 330] [/input-8, 5314] [/input, 5186] [/input-8, 7160] [/input-8, 10026] [/input-8, 11865] [/input, 5229] [/input, 3213] [/input-8, 2766] 
best_l after optimization: -1019.5833740234375
beta sum per layer: [14.080581665039062, 564.0789184570312, 0.37087497115135193]
alpha/beta optimization time: 0.14829754829406738
pruning_in_iteration open status: False
ratio of positive domain = 64 / 352 = 0.18181818181818177
pruning-in-iteration extra time: 5.221366882324219e-05
Time: pickout 0.0153    branching_decision 0.0001    decision 0.0001    set_bounds 0.0080    prepare 0.0077    transfer 0.0000    finalize 0.0132    func 0.1755    solve 0.1737    add 0.0022    bab_iteration 0.1882    
Accumulated time: bab_iteration 0.1882    pickout 0.0165    decision 0.0002    branching_decision 0.0002    set_bounds 0.0189    solve 0.1737    func 0.3492    prepare 0.0103    transfer 0.0001    finalize 0.0222    add 0.0022    
max lb 0.10350751876831055 min lb -5.465235710144043
Number of Verified Splits: 64 of 352
Current worst splitting domains lb-rhs (depth):
-5.46523 (7), -5.46523 (7), -5.46522 (7), -5.46522 (7), -5.46417 (7), -5.45666 (7), -5.45666 (7), -5.45665 (7), -5.45614 (7), -5.45554 (7), -5.43932 (7), -5.43932 (7), -5.43932 (7), -5.43932 (7), -5.43927 (7), -5.43927 (7), -5.43914 (7), -5.43861 (7), -5.43076 (7), -5.43076 (7), 
Current (lb-rhs): -5.465234756469727
544 domains visited
Length of domains: 288
Cumulative time: 0.4353339672088623

BaB round 3
batch: 288
splitting decisions: 
split level 0: [/input, 3252] [/input-8, 5016] [/input-8, 3268] [/input-8, 12099] [/input-8, 11766] [/input-8, 8564] [/input-8, 7186] [/input-8, 10162] [/input, 3425] [/input-8, 7285] 
best_l after optimization: -1979.8341064453125
beta sum per layer: [41.509185791015625, 1419.65869140625, 0.6028257012367249]
alpha/beta optimization time: 0.1588280200958252
pruning_in_iteration open status: False
ratio of positive domain = 12 / 576 = 0.02083333333333337
pruning-in-iteration extra time: 5.2928924560546875e-05
Time: pickout 0.0238    branching_decision 0.0002    decision 0.0002    set_bounds 0.0131    prepare 0.0125    transfer 0.0000    finalize 0.0243    func 0.2056    solve 0.1755    add 0.0033    bab_iteration 0.2024    
Accumulated time: bab_iteration 0.3906    pickout 0.0403    decision 0.0004    branching_decision 0.0003    set_bounds 0.0320    solve 0.3492    func 0.5548    prepare 0.0227    transfer 0.0001    finalize 0.0465    add 0.0054    
max lb 0.15738773345947266 min lb -5.465218544006348
Number of Verified Splits: 12 of 576
Current worst splitting domains lb-rhs (depth):
-5.46522 (8), -5.46519 (8), -5.46417 (8), -5.46417 (8), -5.46368 (8), -5.46258 (8), -5.46063 (8), -5.45660 (8), -5.45660 (8), -5.45609 (8), -5.45609 (8), -5.45546 (8), -5.45538 (8), -5.44308 (8), -5.43927 (8), -5.43927 (8), -5.43927 (8), -5.43927 (8), -5.43926 (8), -5.43877 (8), 
Current (lb-rhs): -5.465218544006348
1120 domains visited
Length of domains: 564
Cumulative time: 0.6840698719024658

BaB round 4
batch: 564
splitting decisions: 
split level 0: [/input-8, 3578] [/input-8, 5372] [/input-8, 8034] [/input, 354] [/input-8, 4333] [/input, 3786] [/input, 467] [/input, 3395] [/input-8, 7026] [/input, 3386] 
best_l after optimization: -3825.53271484375
beta sum per layer: [121.84205627441406, 3767.418701171875, 1.5063040256500244]
alpha/beta optimization time: 0.2646908760070801
pruning_in_iteration open status: False
ratio of positive domain = 12 / 1128 = 0.010638297872340385
pruning-in-iteration extra time: 5.507469177246094e-05
Time: pickout 0.0479    branching_decision 0.0003    decision 0.0003    set_bounds 0.0252    prepare 0.0241    transfer 0.0000    finalize 0.0515    func 0.3527    solve 0.2057    add 0.0057    bab_iteration 0.2487    
Accumulated time: bab_iteration 0.6393    pickout 0.0882    decision 0.0007    branching_decision 0.0006    set_bounds 0.0571    solve 0.5549    func 0.9075    prepare 0.0468    transfer 0.0002    finalize 0.0980    add 0.0111    
max lb 0.11057138442993164 min lb -5.465218544006348
Number of Verified Splits: 12 of 1128
Current worst splitting domains lb-rhs (depth):
-5.46522 (9), -5.46522 (9), -5.46519 (9), -5.46417 (9), -5.46417 (9), -5.46389 (9), -5.46340 (9), -5.46258 (9), -5.46258 (9), -5.46047 (9), -5.46047 (9), -5.46008 (9), -5.45755 (9), -5.45660 (9), -5.45609 (9), -5.45609 (9), -5.45609 (9), -5.45546 (9), -5.45546 (9), -5.45521 (9), 
Current (lb-rhs): -5.465218544006348
2248 domains visited
Length of domains: 1116
Cumulative time: 1.1245582103729248

BaB round 5
batch: 1116
splitting decisions: 
split level 0: [/input-8, 10161] [/input, 3597] [/input, 4779] [/input, 4860] [/input-8, 4992] [/input-8, 9069] [/input-8, 8626] [/input, 3316] [/input-8, 3532] [/input-8, 7936] 
best_l after optimization: -7352.7529296875
beta sum per layer: [332.9656982421875, 9663.697265625, 3.327653408050537]
alpha/beta optimization time: 0.5742795467376709
pruning_in_iteration open status: False
ratio of positive domain = 13 / 2232 = 0.005824372759856589
pruning-in-iteration extra time: 5.7697296142578125e-05
Time: pickout 0.0897    branching_decision 0.0005    decision 0.0006    set_bounds 0.0528    prepare 0.0479    transfer 0.0001    finalize 0.0998    func 0.7444    solve 0.3527    add 0.0140    bab_iteration 0.4405    
Accumulated time: bab_iteration 1.0798    pickout 0.1779    decision 0.0012    branching_decision 0.0012    set_bounds 0.1100    solve 0.9076    func 1.6519    prepare 0.0947    transfer 0.0002    finalize 0.1978    add 0.0251    
max lb 0.12658405303955078 min lb -5.465218544006348
Number of Verified Splits: 13 of 2232
Current worst splitting domains lb-rhs (depth):
-5.46522 (10), -5.46522 (10), -5.46522 (10), -5.46522 (10), -5.46519 (10), -5.46519 (10), -5.46417 (10), -5.46417 (10), -5.46417 (10), -5.46379 (10), -5.46339 (10), -5.46258 (10), -5.46258 (10), -5.46258 (10), -5.46258 (10), -5.46174 (10), -5.46033 (10), -5.45996 (10), -5.45996 (10), -5.45991 (10), 
Current (lb-rhs): -5.465218544006348
4480 domains visited
Length of domains: 2219
Cumulative time: 2.0314395427703857

BaB round 6
batch: 2048
splitting decisions: 
split level 0: [/input-8, 214] [/input, 4801] [/input-8, 12395] [/input-8, 12181] [/input-8, 11985] [/input-8, 8647] [/input, 4812] [/input, 5351] [/input, 5180] [/input, 5262] 
best_l after optimization: -12992.1640625
beta sum per layer: [814.8443603515625, 22067.2734375, 8.178070068359375]
alpha/beta optimization time: 1.087094783782959
pruning_in_iteration open status: False
ratio of positive domain = 29 / 4096 = 0.007080078125
pruning-in-iteration extra time: 5.698204040527344e-05
Time: pickout 0.1653    branching_decision 0.0009    decision 0.0009    set_bounds 0.0897    prepare 0.0894    transfer 0.0001    finalize 0.3189    func 1.5351    solve 0.7445    add 0.0186    bab_iteration 0.9069    
Accumulated time: bab_iteration 1.9867    pickout 0.3432    decision 0.0021    branching_decision 0.0020    set_bounds 0.1997    solve 1.6521    func 3.1871    prepare 0.1842    transfer 0.0003    finalize 0.5167    add 0.0438    
max lb 0.8885655403137207 min lb -5.465218544006348
Number of Verified Splits: 29 of 4096
Current worst splitting domains lb-rhs (depth):
-5.46522 (11), -5.46522 (11), -5.46522 (10), -5.46519 (11), -5.46519 (11), -5.46515 (11), -5.46438 (11), -5.46417 (11), -5.46417 (11), -5.46417 (11), -5.46417 (11), -5.46397 (11), -5.46391 (11), -5.46386 (11), -5.46379 (11), -5.46379 (11), -5.46258 (10), -5.46247 (11), -5.46239 (11), -5.46067 (11), 
Current (lb-rhs): -5.465218544006348
8576 domains visited
Length of domains: 4238
current_vram/total_varm: 12.2GB/47.7GB, batch_size increase to 4096
Cumulative time: 3.858276128768921

BaB round 7
batch: 4096
splitting decisions: 
split level 0: [/input-8, 4868] [/input-8, 1523] [/input-8, 8254] [/input, 3229] [/input-8, 3460] [/input, 3685] [/input, 3823] [/input-8, 9163] [/input-8, 8096] [/input-8, 7262] 
best_l after optimization: -24817.52734375
beta sum per layer: [2026.53271484375, 53868.109375, 23.371910095214844]
alpha/beta optimization time: 2.1448512077331543
pruning_in_iteration open status: False
ratio of positive domain = 45 / 8192 = 0.0054931640625
pruning-in-iteration extra time: 5.91278076171875e-05
Time: pickout 0.3277    branching_decision 0.0014    decision 0.0014    set_bounds 0.1828    prepare 0.1835    transfer 0.0001    finalize 0.3877    func 2.9354    solve 1.5352    add 0.0341    bab_iteration 1.8268    
Accumulated time: bab_iteration 3.8135    pickout 0.6709    decision 0.0036    branching_decision 0.0034    set_bounds 0.3825    solve 3.1873    func 6.1225    prepare 0.3677    transfer 0.0004    finalize 0.9045    add 0.0779    
max lb 0.9174718856811523 min lb -5.465218544006348
Number of Verified Splits: 45 of 8192
Current worst splitting domains lb-rhs (depth):
-5.46522 (10), -5.46522 (12), -5.46522 (12), -5.46519 (12), -5.46519 (12), -5.46519 (12), -5.46514 (12), -5.46501 (12), -5.46492 (12), -5.46430 (12), -5.46423 (12), -5.46417 (12), -5.46417 (12), -5.46417 (12), -5.46416 (12), -5.46404 (12), -5.46392 (12), -5.46386 (12), -5.46386 (12), -5.46379 (12), 
Current (lb-rhs): -5.465218544006348
16768 domains visited
Length of domains: 8289
Cumulative time: 7.368473768234253

BaB round 8
batch: 4096
splitting decisions: 
split level 0: [/input-8, 9135] [/input-8, 4490] [/input, 315] [/input, 3171] [/input-8, 713] [/input, 3259] [/input-8, 4928] [/input-8, 7949] [/input-8, 5400] [/input-8, 6729] 
best_l after optimization: -23492.453125
beta sum per layer: [2540.01806640625, 64542.92578125, 25.61885643005371]
alpha/beta optimization time: 2.147284746170044
pruning_in_iteration open status: False
ratio of positive domain = 70 / 8192 = 0.008544921875
pruning-in-iteration extra time: 8.392333984375e-05
Time: pickout 0.3314    branching_decision 0.0012    decision 0.0012    set_bounds 0.3457    prepare 0.1862    transfer 0.0001    finalize 0.3752    func 2.7818    solve 2.9354    add 0.0600    bab_iteration 3.5102    
Accumulated time: bab_iteration 7.3237    pickout 1.0023    decision 0.0048    branching_decision 0.0046    set_bounds 0.7282    solve 6.1227    func 8.9043    prepare 0.5539    transfer 0.0005    finalize 1.2797    add 0.1378    
max lb 1.0355725288391113 min lb -5.465218544006348
Number of Verified Splits: 70 of 8192
Current worst splitting domains lb-rhs (depth):
-5.46522 (10), -5.46522 (12), -5.46522 (13), -5.46519 (12), -5.46519 (13), -5.46519 (12), -5.46519 (13), -5.46514 (12), -5.46497 (13), -5.46497 (13), -5.46492 (12), -5.46430 (13), -5.46430 (13), -5.46417 (13), -5.46417 (12), -5.46416 (12), -5.46409 (13), -5.46409 (13), -5.46404 (12), -5.46392 (12), 
Current (lb-rhs): -5.465218544006348
24960 domains visited
Length of domains: 12315
Cumulative time: 10.891165971755981

BaB round 9
batch: 4096
splitting decisions: 
split level 0: [/input, 3469] [/input, 5433] [/input-8, 7549] [/input-8, 9347] [/input, 3170] [/input-8, 5128] [/input-8, 9449] [/input, 3255] [/input-8, 9002] [/input-8, 9604] 
best_l after optimization: -22081.689453125
beta sum per layer: [3103.37890625, 76752.1015625, 36.72967529296875]
alpha/beta optimization time: 2.1468920707702637
pruning_in_iteration open status: False
ratio of positive domain = 104 / 8192 = 0.0126953125
pruning-in-iteration extra time: 6.794929504394531e-05
Time: pickout 0.3360    branching_decision 0.0011    decision 0.0011    set_bounds 0.4039    prepare 0.1866    transfer 0.0001    finalize 0.3841    func 2.7922    solve 2.7819    add 0.0594    bab_iteration 3.5227    
Accumulated time: bab_iteration 10.8464    pickout 1.3383    decision 0.0058    branching_decision 0.0057    set_bounds 1.1321    solve 8.9046    func 11.6965    prepare 0.7405    transfer 0.0005    finalize 1.6638    add 0.1972    
max lb 0.9970798492431641 min lb -5.465190887451172
Number of Verified Splits: 104 of 8192
Current worst splitting domains lb-rhs (depth):
-5.46522 (12), -5.46522 (10), -5.46522 (13), -5.46519 (12), -5.46519 (12), -5.46519 (14), -5.46519 (13), -5.46514 (12), -5.46497 (13), -5.46492 (12), -5.46488 (14), -5.46430 (14), -5.46430 (13), -5.46430 (14), -5.46417 (12), -5.46416 (12), -5.46409 (13), -5.46406 (14), -5.46404 (12), -5.46392 (12), 
Current (lb-rhs): -5.465218544006348
33152 domains visited
Length of domains: 16307
Cumulative time: 14.487113237380981

BaB round 10
batch: 4096
splitting decisions: 
split level 0: [/input-8, 9040] [/input-8, 5317] [/input-8, 12514] [/input, 5830] [/input-8, 4807] [/input-8, 9691] [/input-8, 6303] [/input-8, 5462] [/input-8, 9541] [/input-8, 7310] 
best_l after optimization: -20641.912109375
beta sum per layer: [3725.447509765625, 89629.109375, 47.008705139160156]
alpha/beta optimization time: 2.1464743614196777
pruning_in_iteration open status: False
ratio of positive domain = 163 / 8192 = 0.0198974609375
pruning-in-iteration extra time: 5.793571472167969e-05
Time: pickout 0.3406    branching_decision 0.0011    decision 0.0012    set_bounds 0.3896    prepare 0.1875    transfer 0.0001    finalize 0.3715    func 2.7757    solve 2.7923    add 0.0595    bab_iteration 3.5959    
Accumulated time: bab_iteration 14.4423    pickout 1.6789    decision 0.0070    branching_decision 0.0068    set_bounds 1.5218    solve 11.6969    func 14.4723    prepare 0.9280    transfer 0.0006    finalize 2.0352    add 0.2567    
max lb 0.7828326225280762 min lb -5.46485710144043
Number of Verified Splits: 163 of 8192
Current worst splitting domains lb-rhs (depth):
-5.46522 (12), -5.46522 (13), -5.46522 (10), -5.46519 (12), -5.46519 (13), -5.46519 (12), -5.46519 (14), -5.46514 (12), -5.46497 (13), -5.46492 (12), -5.46486 (15), -5.46486 (15), -5.46430 (13), -5.46430 (15), -5.46430 (15), -5.46430 (14), -5.46417 (12), -5.46416 (12), -5.46409 (13), -5.46404 (12), 
Current (lb-rhs): -5.465218544006348
41344 domains visited
Length of domains: 20240
Cumulative time: 25.437952518463135

BaB round 11
batch: 4096
splitting decisions: 
split level 0: [/input-8, 4214] [/input-8, 5145] [/input, 5270] [/input-8, 7961] [/input-8, 7773] [/input-8, 9150] [/input-8, 7028] [/input-8, 7929] [/input, 4759] [/input-8, 9316] 
best_l after optimization: -19288.5703125
beta sum per layer: [4382.75732421875, 102428.21875, 44.09572219848633]
alpha/beta optimization time: 4.301350831985474
pruning_in_iteration open status: False
ratio of positive domain = 246 / 8192 = 0.030029296875
pruning-in-iteration extra time: 9.679794311523438e-05
Time: pickout 0.9211    branching_decision 0.0015    decision 0.0016    set_bounds 3.1143    prepare 1.0482    transfer 0.0001    finalize 0.8124    func 6.2332    solve 2.7758    add 7.3698    bab_iteration 10.9508    
Accumulated time: bab_iteration 25.3932    pickout 2.6000    decision 0.0086    branching_decision 0.0083    set_bounds 4.6360    solve 14.4727    func 20.7055    prepare 1.9761    transfer 0.0007    finalize 2.8477    add 7.6265    
max lb 0.2794613838195801 min lb -5.464303016662598
Number of Verified Splits: 246 of 8192
Current worst splitting domains lb-rhs (depth):
-5.46522 (13), -5.46522 (10), -5.46522 (12), -5.46519 (12), -5.46519 (14), -5.46519 (13), -5.46519 (12), -5.46514 (12), -5.46497 (13), -5.46492 (12), -5.46486 (15), -5.46430 (15), -5.46430 (16), -5.46430 (14), -5.46430 (13), -5.46417 (12), -5.46416 (12), -5.46409 (13), -5.46404 (12), -5.46392 (12), 
Current (lb-rhs): -5.465218544006348
49536 domains visited
Length of domains: 24090
Cumulative time: 35.785844564437866

BaB round 12
batch: 4096
splitting decisions: 
split level 0: [/input, 3165] [/input, 4745] [/input-8, 6401] [/input-8, 4981] [/input, 5159] [/input-8, 12483] [/input-8, 9988] [/input-8, 8871] [/input-8, 9639] [/input, 4932] 
best_l after optimization: -18010.21484375
beta sum per layer: [5110.986328125, 115005.875, 51.08151626586914]
alpha/beta optimization time: 2.149545431137085
pruning_in_iteration open status: False
ratio of positive domain = 359 / 8192 = 0.0438232421875
pruning-in-iteration extra time: 9.202957153320312e-05
Time: pickout 0.3475    branching_decision 0.0011    decision 0.0011    set_bounds 0.1857    prepare 0.1914    transfer 0.0001    finalize 0.6858    func 3.0983    solve 6.2332    add 0.0736    bab_iteration 10.3476    
Accumulated time: bab_iteration 35.7408    pickout 2.9474    decision 0.0097    branching_decision 0.0094    set_bounds 4.8218    solve 20.7059    func 23.8037    prepare 2.1675    transfer 0.0007    finalize 3.5335    add 7.7001    
max lb 1.2450599670410156 min lb -5.464303016662598
Number of Verified Splits: 359 of 8192
Current worst splitting domains lb-rhs (depth):
-5.46522 (10), -5.46522 (12), -5.46522 (13), -5.46519 (14), -5.46519 (12), -5.46519 (13), -5.46519 (12), -5.46514 (12), -5.46497 (13), -5.46492 (12), -5.46486 (15), -5.46430 (17), -5.46430 (13), -5.46430 (14), -5.46430 (15), -5.46430 (17), -5.46417 (12), -5.46416 (12), -5.46409 (13), -5.46404 (12), 
Current (lb-rhs): -5.465218544006348
57728 domains visited
Length of domains: 27827
Cumulative time: 39.58086848258972

BaB round 13
batch: 4096
splitting decisions: 
split level 0: [/input-8, 4904] [/input, 1169] [/input-8, 7718] [/input-8, 7606] [/input-8, 6729] [/input-8, 7950] [/input-8, 11889] [/input-8, 9949] [/input-8, 9299] [/input-8, 12384] 
best_l after optimization: -16954.55078125
beta sum per layer: [5881.568359375, 126807.75, 66.32379150390625]
alpha/beta optimization time: 2.1474769115448
pruning_in_iteration open status: False
ratio of positive domain = 505 / 8192 = 0.0616455078125
pruning-in-iteration extra time: 7.605552673339844e-05
Time: pickout 0.3531    branching_decision 0.0010    decision 0.0011    set_bounds 0.1823    prepare 0.1886    transfer 0.0001    finalize 0.3720    func 2.7767    solve 3.0983    add 0.1583    bab_iteration 3.7950    
Accumulated time: bab_iteration 39.5358    pickout 3.3005    decision 0.0107    branching_decision 0.0104    set_bounds 5.0041    solve 23.8043    func 26.5805    prepare 2.3562    transfer 0.0008    finalize 3.9055    add 7.8584    
max lb 1.0222439765930176 min lb -5.464303016662598
Number of Verified Splits: 505 of 8192
Current worst splitting domains lb-rhs (depth):
-5.46522 (12), -5.46522 (13), -5.46522 (10), -5.46519 (13), -5.46519 (14), -5.46519 (12), -5.46519 (12), -5.46514 (12), -5.46497 (13), -5.46492 (12), -5.46486 (15), -5.46430 (15), -5.46430 (18), -5.46430 (17), -5.46430 (18), -5.46430 (14), -5.46430 (13), -5.46417 (12), -5.46416 (12), -5.46409 (13), 
Current (lb-rhs): -5.465218544006348
65920 domains visited
Length of domains: 31418
Cumulative time: 43.02750205993652

BaB round 14
batch: 4096
splitting decisions: 
split level 0: [/input-8, 11788] [/input-8, 4833] [/input, 3671] [/input-8, 8342] [/input-8, 10084] [/input, 1331] [/input-8, 10103] [/input, 4877] [/input, 3817] [/input-8, 8565] 
best_l after optimization: -16218.763671875
beta sum per layer: [6588.2626953125, 136917.40625, 66.42821502685547]
alpha/beta optimization time: 2.1474366188049316
pruning_in_iteration open status: False
ratio of positive domain = 542 / 8192 = 0.066162109375
pruning-in-iteration extra time: 5.888938903808594e-05
Time: pickout 0.6447    branching_decision 0.0010    decision 0.0011    set_bounds 0.1829    prepare 0.1889    transfer 0.0001    finalize 0.3712    func 2.7763    solve 2.7768    add 0.1292    bab_iteration 3.4466    
Accumulated time: bab_iteration 42.9824    pickout 3.9452    decision 0.0118    branching_decision 0.0114    set_bounds 5.1870    solve 26.5810    func 29.3567    prepare 2.5451    transfer 0.0009    finalize 4.2767    add 7.9876    
max lb 0.4752013683319092 min lb -5.463028907775879
Number of Verified Splits: 542 of 8192
Current worst splitting domains lb-rhs (depth):
-5.46522 (13), -5.46522 (12), -5.46522 (10), -5.46519 (12), -5.46519 (13), -5.46519 (12), -5.46519 (14), -5.46514 (12), -5.46497 (13), -5.46492 (12), -5.46486 (15), -5.46430 (14), -5.46430 (15), -5.46430 (18), -5.46430 (13), -5.46430 (17), -5.46417 (12), -5.46416 (12), -5.46409 (13), -5.46404 (12), 
Current (lb-rhs): -5.465218544006348
74112 domains visited
Length of domains: 34972
Cumulative time: 47.03908395767212

BaB round 15
batch: 4096
splitting decisions: 
split level 0: [/input, 5697] [/input-8, 12181] [/input-8, 9971] [/input, 3557] [/input-8, 6740] [/input-8, 1413] [/input-8, 7261] [/input-8, 4986] [/input, 273] [/input-8, 4577] 
best_l after optimization: -15551.0419921875
beta sum per layer: [7397.671875, 147155.84375, 72.80244445800781]
alpha/beta optimization time: 2.147010087966919
pruning_in_iteration open status: False
ratio of positive domain = 592 / 8192 = 0.072265625
pruning-in-iteration extra time: 7.43865966796875e-05
Time: pickout 0.3551    branching_decision 0.0011    decision 0.0011    set_bounds 0.1832    prepare 0.1890    transfer 0.0001    finalize 0.3700    func 3.0993    solve 2.7763    add 0.4019    bab_iteration 4.0116    
Accumulated time: bab_iteration 46.9940    pickout 4.3003    decision 0.0129    branching_decision 0.0125    set_bounds 5.3701    solve 29.3574    func 32.4560    prepare 2.7341    transfer 0.0010    finalize 4.6467    add 8.3895    
max lb 1.2788662910461426 min lb -5.457293510437012
Number of Verified Splits: 592 of 8192
Current worst splitting domains lb-rhs (depth):
-5.46522 (12), -5.46522 (10), -5.46522 (13), -5.46519 (12), -5.46519 (14), -5.46519 (13), -5.46519 (12), -5.46514 (12), -5.46497 (13), -5.46492 (12), -5.46486 (15), -5.46430 (14), -5.46430 (13), -5.46430 (15), -5.46430 (17), -5.46430 (18), -5.46417 (12), -5.46416 (12), -5.46409 (13), -5.46404 (12), 
Current (lb-rhs): -5.465218544006348
82304 domains visited
Length of domains: 38476
Cumulative time: 50.74092221260071

BaB round 16
batch: 4096
splitting decisions: 
split level 0: [/input-8, 5366] [/input-8, 6065] [/input, 4128] [/input-8, 11960] [/input-8, 7276] [/input-8, 8162] [/input, 4714] [/input-8, 6278] [/input-8, 3632] [/input-8, 1495] 
best_l after optimization: -14929.25
beta sum per layer: [8218.03125, 155923.734375, 73.17205810546875]
alpha/beta optimization time: 2.1502673625946045
pruning_in_iteration open status: False
ratio of positive domain = 739 / 8192 = 0.0902099609375
pruning-in-iteration extra time: 0.0002627372741699219
Time: pickout 0.3536    branching_decision 0.0010    decision 0.0011    set_bounds 0.1838    prepare 0.1884    transfer 0.0001    finalize 0.3694    func 2.7799    solve 3.0994    add 0.0582    bab_iteration 3.7018    
Accumulated time: bab_iteration 50.6958    pickout 4.6539    decision 0.0140    branching_decision 0.0136    set_bounds 5.5539    solve 32.4568    func 35.2360    prepare 2.9225    transfer 0.0010    finalize 5.0161    add 8.4477    
max lb 1.4040274620056152 min lb -5.452556133270264
Number of Verified Splits: 739 of 8192
Current worst splitting domains lb-rhs (depth):
-5.46522 (10), -5.46522 (12), -5.46522 (13), -5.46519 (14), -5.46519 (12), -5.46519 (12), -5.46519 (13), -5.46514 (12), -5.46497 (13), -5.46492 (12), -5.46486 (15), -5.46430 (13), -5.46430 (14), -5.46430 (15), -5.46430 (18), -5.46430 (17), -5.46417 (12), -5.46416 (12), -5.46409 (13), -5.46404 (12), 
Current (lb-rhs): -5.465218544006348
90496 domains visited
Length of domains: 41833
Cumulative time: 54.1222825050354

BaB round 17
batch: 4096
splitting decisions: 
split level 0: [/input-8, 9552] [/input-8, 4128] [/input-8, 8838] [/input-8, 12419] [/input, 3365] [/input-8, 7565] [/input-8, 8844] [/input-8, 8006] [/input-8, 9072] [/input-8, 5188] 
best_l after optimization: -14575.3095703125
beta sum per layer: [9174.0703125, 165629.78125, 82.50090789794922]
alpha/beta optimization time: 2.1472809314727783
pruning_in_iteration open status: False
ratio of positive domain = 664 / 8192 = 0.0810546875
pruning-in-iteration extra time: 8.225440979003906e-05
Time: pickout 0.7803    branching_decision 0.0010    decision 0.0010    set_bounds 0.1841    prepare 0.1892    transfer 0.0001    finalize 0.3722    func 2.7779    solve 2.7800    add 0.0574    bab_iteration 3.3814    
Accumulated time: bab_iteration 54.0772    pickout 5.4342    decision 0.0150    branching_decision 0.0146    set_bounds 5.7380    solve 35.2368    func 38.0139    prepare 3.1117    transfer 0.0011    finalize 5.3883    add 8.5051    
max lb 0.8156352043151855 min lb -5.427573204040527
Number of Verified Splits: 664 of 8192
Current worst splitting domains lb-rhs (depth):
-5.46522 (10), -5.46522 (12), -5.46522 (13), -5.46519 (13), -5.46519 (12), -5.46519 (14), -5.46519 (12), -5.46514 (12), -5.46497 (13), -5.46492 (12), -5.46486 (15), -5.46430 (13), -5.46430 (17), -5.46430 (14), -5.46430 (18), -5.46430 (15), -5.46417 (12), -5.46416 (12), -5.46409 (13), -5.46404 (12), 
Current (lb-rhs): -5.465218544006348
98688 domains visited
Length of domains: 45265
Cumulative time: 57.94407916069031

BaB round 18
batch: 4096
splitting decisions: 
split level 0: [/input-8, 11793] [/input-8, 4813] [/input-8, 8355] [/input-8, 9889] [/input-8, 6757] [/input, 3842] [/input, 3805] [/input, 3462] [/input-8, 6839] [/input, 6004] 
best_l after optimization: -14043.5478515625
beta sum per layer: [10326.1796875, 175205.40625, 89.83573913574219]
alpha/beta optimization time: 2.1483893394470215
pruning_in_iteration open status: False
ratio of positive domain = 756 / 8192 = 0.09228515625
pruning-in-iteration extra time: 8.082389831542969e-05
Time: pickout 0.3593    branching_decision 0.0010    decision 0.0011    set_bounds 0.1834    prepare 0.1899    transfer 0.0001    finalize 0.3655    func 3.1806    solve 2.7779    add 0.0730    bab_iteration 3.8218    
Accumulated time: bab_iteration 57.8990    pickout 5.7935    decision 0.0161    branching_decision 0.0156    set_bounds 5.9214    solve 38.0147    func 41.1945    prepare 3.3016    transfer 0.0012    finalize 5.7538    add 8.5781    
max lb 0.5334229469299316 min lb -5.427572250366211
Number of Verified Splits: 756 of 8192
Current worst splitting domains lb-rhs (depth):
-5.46522 (12), -5.46522 (10), -5.46522 (13), -5.46519 (12), -5.46519 (13), -5.46519 (12), -5.46519 (14), -5.46514 (12), -5.46497 (13), -5.46492 (12), -5.46486 (15), -5.46430 (15), -5.46430 (14), -5.46430 (17), -5.46430 (13), -5.46430 (18), -5.46417 (12), -5.46416 (12), -5.46409 (13), -5.46404 (12), 
Current (lb-rhs): -5.465218544006348
106880 domains visited
Length of domains: 48605
Time out!!!!!!!!
Result: unknown in 63.7065 seconds
############# Summary #############
Final verified acc: 10.0% (total 10 examples)
Problem instances count: 10 , total verified (safe/unsat): 1 , total falsified (unsafe/sat): 0 , timeout: 9
mean time for ALL instances (total 10):55.46415769254244, max time: 63.8531539440155
mean time for verified SAFE instances(total 1): 0.24820685386657715, max time: 0.24820685386657715
mean time for verified SAFE + TIMEOUT instances (total 10): 55.46421315670013, max time: 63.8531539440155 
unknown (total 9), index: [0, 1, 2, 4, 5, 6, 7, 8, 9]
safe-incomplete (total 1), index: [3]

=== STDERR ===
/mmfs1/gscratch/scrubbed/sgvtc/E-graphs for Verifiability/alpha-beta-CROWN/.venv/lib/python3.11/site-packages/torch/jit/_script.py:1488: DeprecationWarning: `torch.jit.script` is deprecated. Please switch to `torch.compile` or `torch.export`.
  warnings.warn(
/mmfs1/gscratch/scrubbed/sgvtc/E-graphs for Verifiability/alpha-beta-CROWN/.venv/lib/python3.11/site-packages/onnx2pytorch/convert/layer.py:31: UserWarning: The given NumPy array is not writable, and PyTorch does not support non-writable tensors. This means writing to this tensor will result in undefined behavior. You may want to copy the array to protect its data or make it writable before converting it to a tensor. This type of warning will be suppressed for the rest of this program. (Triggered internally at /pytorch/torch/csrc/utils/tensor_numpy.cpp:213.)
  layer.bias.data = torch.from_numpy(numpy_helper.to_array(bias))
/mmfs1/gscratch/scrubbed/sgvtc/E-graphs for Verifiability/alpha-beta-CROWN/.venv/lib/python3.11/site-packages/onnx2pytorch/convert/model.py:151: UserWarning: Using experimental implementation that allows 'batch_size > 1'.Batchnorm layers could potentially produce false outputs.
  warnings.warn(
/mmfs1/gscratch/scrubbed/sgvtc/E-graphs for Verifiability/alpha-beta-CROWN/complete_verifier/specifications.py:342: UserWarning: Creating a tensor from a list of numpy.ndarrays is extremely slow. Please consider converting the list to a single numpy.ndarray with numpy.array() before converting to a tensor. (Triggered internally at /pytorch/torch/csrc/utils/tensor_new.cpp:253.)
  x_range_list = torch.Tensor(x_range_list).to(dtype=dtype, device=device).view(input_shape + [2])
/mmfs1/gscratch/scrubbed/sgvtc/E-graphs for Verifiability/alpha-beta-CROWN/.venv/lib/python3.11/site-packages/onnx2pytorch/utils.py:21: TracerWarning: Converting a tensor to a Python boolean might cause the trace to be incorrect. We can't record the data flow of Python values, so this value will be treated as a constant in the future. This means that the trace might not generalize to other inputs!
  return value.ndim == 0 or value.shape == torch.Size([1])
/mmfs1/gscratch/scrubbed/sgvtc/E-graphs for Verifiability/alpha-beta-CROWN/.venv/lib/python3.11/site-packages/onnx2pytorch/operations/add.py:34: TracerWarning: Converting a tensor to a Python boolean might cause the trace to be incorrect. We can't record the data flow of Python values, so this value will be treated as a constant in the future. This means that the trace might not generalize to other inputs!
  elif all(x == 1 for x in input[0].shape):
/mmfs1/gscratch/scrubbed/sgvtc/E-graphs for Verifiability/alpha-beta-CROWN/.venv/lib/python3.11/site-packages/onnx2pytorch/operations/reshape.py:36: TracerWarning: Converting a tensor to a Python boolean might cause the trace to be incorrect. We can't record the data flow of Python values, so this value will be treated as a constant in the future. This means that the trace might not generalize to other inputs!
  if shape[0] == 1 and len(shape) in [2, 3, 4, 5] and self.quirks.get("fix_batch_size") is True:
/mmfs1/gscratch/scrubbed/sgvtc/E-graphs for Verifiability/alpha-beta-CROWN/.venv/lib/python3.11/site-packages/onnx2pytorch/operations/reshape.py:54: TracerWarning: torch.tensor results are registered as constants in the trace. You can safely ignore this warning if you use this function to create tensors out of constant variables that would be the same every time you call this function. In any other case, this might cause the trace to be incorrect.
  if (torch.prod(torch.tensor(input.shape)) != torch.prod(shape) and len(input.size()) == len(shape) + 1
/mmfs1/gscratch/scrubbed/sgvtc/E-graphs for Verifiability/alpha-beta-CROWN/.venv/lib/python3.11/site-packages/onnx2pytorch/operations/reshape.py:54: TracerWarning: Using len to get tensor shape might cause the trace to be incorrect. Recommended usage would be tensor.shape[0]. Passing a tensor of different shape might lead to errors or silently give incorrect results.
  if (torch.prod(torch.tensor(input.shape)) != torch.prod(shape) and len(input.size()) == len(shape) + 1
/mmfs1/gscratch/scrubbed/sgvtc/E-graphs for Verifiability/alpha-beta-CROWN/.venv/lib/python3.11/site-packages/onnx2pytorch/operations/reshape.py:58: TracerWarning: Iterating over a tensor might cause the trace to be incorrect. Passing a tensor of different shape won't change the number of iterations executed (and might lead to errors or silently give incorrect results).
  shape = [x if x != 0 else input.size(i) for i, x in enumerate(shape)]
/mmfs1/gscratch/scrubbed/sgvtc/E-graphs for Verifiability/alpha-beta-CROWN/complete_verifier/auto_LiRPA/operators/leaf.py:93: UserWarning: The "has_batchdim" option for BoundBuffers is deprecated. It may be removed from the next release.
  warnings.warn('The "has_batchdim" option for BoundBuffers is deprecated.'

