$ /mmfs1/gscratch/scrubbed/sgvtc/E-graphs for Verifiability/alpha-beta-CROWN/.venv/bin/python abcrown.py --config exp_configs/beta_crown/abcrown_config_inception_mnist_fused_v2.yaml --onnx_path /mmfs1/gscratch/scrubbed/sgvtc/E-graphs for Verifiability/NNs/inception_mnist_fused_auto_repvar1_simplified.onnx --epsilon 0.1 --start 0 --end 10
(cwd=/mmfs1/gscratch/scrubbed/sgvtc/E-graphs for Verifiability/alpha-beta-CROWN/complete_verifier)

=== STDOUT ===
INFO     15:58:43     [tensor_storage.py:70] Hugepage enabled for branch-and-bound domains.
Configurations:

general:
  device: cuda
  seed: 100
  conv_mode: patches
  deterministic: false
  double_fp: false
  loss_reduction_func: sum
  sparse_alpha: true
  sparse_interm: true
  save_adv_example: false
  verify_onnxruntime_output: false
  eval_adv_example: false
  onnx_adv_example: false
  show_adv_example: false
  precompile_jit: false
  reset_seed_after_precompile: false
  prepare_only: false
  complete_verifier: bab
  enable_incomplete_verification: true
  csv_name: null
  results_file: out.txt
  root_path: ''
  deterministic_opt: false
  graph_optimizer: 'Customized("custom_graph_optimizer", "default_optimizer")'
  buffer_has_batchdim: false
  save_output: false
  output_file: out.pkl
  return_optimized_model: false
  store_all_specs_on_cpu: false
  adhoc_tuning: null
model:
  name: null
  path: null
  onnx_path: /mmfs1/gscratch/scrubbed/sgvtc/E-graphs for Verifiability/NNs/inception_mnist_fused_auto_repvar1_simplified.onnx
  onnx_path_prefix: ''
  cache_onnx_conversion: false
  debug_onnx: false
  onnx_quirks: null
  input_shape: null
  onnx_loader: default_onnx_and_vnnlib_loader
  onnx_optimization_flags: []
  onnx_vnnlib_joint_optimization_flags: none
  check_optimized: false
  flatten_final_output: false
  optimize_graph: null
  with_jacobian: false
  bound_opts: null
data:
  start: 0
  end: 10
  select_instance: null
  num_outputs: 10
  mean: [0.0]
  std: [1.0]
  pkl_path: null
  dataset: MNIST
  data_filter_path: null
  data_idx_file: null
specification:
  type: lp
  robustness_type: verified-acc
  norm: .inf
  epsilon: 0.1
  epsilon_min: 0.0
  vnnlib_path: null
  vnnlib_path_prefix: ''
  shrink_eps: null
  rhs_offset: null
solver:
  batch_size: 2048
  auto_enlarge_batch_size: true
  batched_crown_auto_enlarge_max_vram_ratio: 0.9
  min_batch_size_ratio: 0.1
  use_float64_in_last_iteration: false
  early_stop_patience: 10
  start_save_best: 0.5
  bound_prop_method: alpha-crown
  init_bound_prop_method: same
  prune_after_crown: true
  optimize_disjuncts_separately: false
  build_batch_size: 1000000
  skip_with_refined_bound: true
  forward_before_compute_bounds: false
  crown:
    batch_size: 1000000000
    max_crown_size: 1000000000
    activation_bound_option: adaptive
    compare_crown_with_ibp: false
  alpha-crown:
    alpha: true
    lr_alpha: 0.1
    iteration: 100
    share_alphas: false
    lr_decay: 0.98
    full_conv_alpha: true
    max_coeff_mul: .inf
    matmul_share_alphas: false
    disable_optimization: []
    max_time: 1.0
    alpha_dtype: float16
    input_split_alpha_iteration: 5
    input_split_lr_alpha: 0.05
  invprop:
    apply_output_constraints_to: []
    tighten_input_bounds: false
    best_of_oc_and_no_oc: false
    directly_optimize: []
    oc_lr: 0.1
    share_gammas: false
  beta-crown:
    lr_alpha: 0.01
    lr_beta: 0.05
    lr_decay: 0.98
    optimizer: adam
    iteration: 20
    beta: true
    beta_warmup: true
    enable_opt_interm_bounds: false
    all_node_split_LP: false
  forward:
    refine: false
    max_dim: 10000
    reset_threshold: 1.0
  mip:
    unstable_neuron_threshold: 0
    parallel_solvers: null
    solver_threads: 1
    refine_neuron_timeout: 15
    refine_neuron_time_percentage: 0.8
    early_stop: true
    adv_warmup: true
    mip_solver: gurobi
    skip_unsafe: false
    topk_filter: 1.0
    sliding_window: -1
    extra_constraint: false
    refine_neuron_timeout_increasement: 0
    timeout_neuron_percentage: 0.3
    remaining_timeout_threshold: 1
    remove_unstable_neurons: false
    formulation: mip
    output_cut: false
bab:
  max_domains: .inf
  decision_thresh: 0
  timeout: 60
  timeout_scale: 1
  max_iterations: -1
  override_timeout: null
  get_upper_bound: false
  pruning_in_iteration: true
  pruning_in_iteration_ratio: 0.2
  sort_targets: false
  batched_domain_list: true
  optimized_interm: ''
  interm_transfer: true
  recompute_interm: false
  sort_domain_interval: -1
  tree_traversal: depth_first
  hugetensor_allocator: true
  cut:
    enabled: false
    cuts_path: null
    bab_cut: false
    lp_cut: false
    lr: 0.01
    lr_decay: 1.0
    iteration: 100
    bab_iteration: -1
    early_stop_patience: -1
    lr_beta: 0.02
    number_cuts: 50
    topk_cuts_in_filter: 1000
    batch_size_primal: 100
    max_num: 1000000000
    patches_cut: false
    cplex_cuts: false
    cplex_cuts_wait: 0
    cplex_cuts_revpickup: true
    cut_reference_bounds: true
    fix_intermediate_bounds: false
    manual_cuts: null
    record_cplex_cut_to: null
    read_cplex_cut_from: null
    biccos:
      enabled: false
      auto_param: true
      constraint_strengthening: true
      drop_ratio: 0.5
      max_infer_iter: 20
      max_domain: 10000.0
      heuristic: neuron_influence_score
      save_cuts: false
      multi_tree_branching:
        enabled: false
        restore_best_tree: true
        keep_n_best_domains: 50
        target_batch_size: 200
        iterations: 3
  clip_n_verify:
    rearrange_constraints: false
    alpha_crown: false
    prune: false
    final_layer: false
    clip_input_domain:
      enabled: false
      clip_type: relaxed
      clip_neuron_selection_type: ratio
      clip_neuron_selection_value: -1.0
      clip_iterations: 1
      clip_calculate_volume_metrics: false
    clip_interm_domain:
      enabled: false
      with_input: false
      clip_in_alpha_crown: false
      topk_objective: 20
  branching:
    method: random
    candidates: 3
    reduceop: min
    enable_intermediate_bound_opt: false
    branching_input_and_activation: false
    branching_input_and_activation_order: [input, relu]
    branching_input_iterations: 30
    branching_relu_iterations: 50
    save_visited_domains_to: ''
    nonlinear_split:
      method: bbps
      disable: false
      branching_point_method: uniform
      num_branches: 2
      filter: false
      filter_beta: false
      filter_clamp: false
      filter_batch_size: 10000
      filter_iterations: 25
      relu_only: false
      loose_tanh_threshold: null
      branching_point:
        db_path: branching_points.pt
        num_iterations: 1000
        batch_size: 1000000
        range_l: -5.0
        range_u: 5.0
        log_interval: 100
        step_size_1d: 0.01
        step_size: 0.2
    input_split:
      split_hint: null
      enable: false
      reorder_bab: false
      input_dim_threshold: 20
      adv_check: 0
      split_partitions: 2
      sb_margin_weight: 1.0
      sb_sum: false
      sb_primary_spec: null
      bf_backup_thresh: -1
      bf_rhs_offset: 0
      bf_iters: 1000000000.0
      bf_batch_size: 100000
      bf_zero_crossing_score: false
      touch_zero_score: 0
      ibp_enhancement: true
      compare_with_old_bounds: true
      update_rhs_with_attack: false
      sb_coeff_thresh: 0.001
      sort_index: null
      sort_descending: true
      show_progress: false
      presplit_domains: null
      skip_getting_worst_domain: false
  branching_decision_precompute:
    enable: true
  attack:
    enabled: false
    beam_candidates: 8
    beam_depth: 7
    max_dive_fix_ratio: 0.8
    min_local_free_ratio: 0.2
    mip_start_iteration: 5
    mip_timeout: 30.0
    adv_pool_threshold: null
    refined_mip_attacker: false
    refined_batch_size: null
attack:
  general_attack: true
  pgd_order: skip
  pgd_steps: 100
  pgd_restarts: 50
  pgd_batch_size: 100000000
  pgd_early_stop: true
  pgd_lr_decay: 0.99
  pgd_alpha: auto
  pgd_alpha_scale: false
  pgd_loss_mode: null
  pgd_restart_when_stuck: false
  enable_mip_attack: false
  adv_saver: default_adv_saver
  adv_verifier: default_adv_verifier
  early_stop_condition: default_early_stop_condition
  adv_example_finalizer: default_adv_example_finalizer
  pgd_loss: default_pgd_loss
  cex_path: ./test_cex.txt
  attack_mode: PGD
  attack_tolerance: 0.0
  attack_func: attack_with_general_specs
  gama_lambda: 10.0
  gama_decay: 0.9
  input_split:
    pgd_steps: 100
    pgd_restarts: 30
    pgd_alpha: auto
  input_split_check_adv:
    enabled: auto
    pgd_steps: 5
    pgd_restarts: 5
    pgd_alpha: auto
    max_num_domains: 10
debug:
  view_model: false
  lp_test: null
  rescale_vnnlib_ptb: null
  test_optimized_bounds: false
  test_optimized_bounds_after_n_iterations: 0
  print_verbose_decisions: false
  biccos_mip_sanity_check: false
  sanity_check: 0
  z_split_enabled: false
  save_minimal_config: null
  save_minimal_config_omit_keys: []
solving:
  solving_mode: false
  obj_index: 0

Experiments at Mon Aug 24 15:58:45 2026 on g3104
Loading onnx /mmfs1/gscratch/scrubbed/sgvtc/E-graphs for Verifiability/NNs/inception_mnist_fused_auto_repvar1_simplified.onnx with quirks {}
Finished onnx model loading in 1.6239 seconds
ConvertModel(
  (Conv_Conv111_fwd0): Conv2d(1, 8, kernel_size=(3, 3), stride=(1, 1), padding=(1, 1))
  (Relu_Relu118_fwd0): ReLU()
  (Conv_Conv119_fwd0): Conv2d(8, 8, kernel_size=(1, 1), stride=(1, 1))
  (Conv_Conv120_fwd0): Conv2d(8, 8, kernel_size=(3, 3), stride=(1, 1), padding=(1, 1))
  (Add_Add123_fwd0): Add()
  (Relu_Relu125_fwd0): ReLU()
  (Split_Split126_fwd0): Split()
  (Reshape_Reshape127_fwd0): Reshape(shape=[  -1 6272])
  (Gemm_Add129_fwd0): Linear(in_features=64, out_features=6272, bias=True)
  (Relu_Relu130_fwd0): ReLU()
  (Gemm_Add132_fwd0): Linear(in_features=10, out_features=64, bias=True)
)
Parameters:
  Conv_Conv111_fwd0.weight: shape torch.Size([8, 1, 3, 3])
  Conv_Conv111_fwd0.bias: shape torch.Size([8])
  Conv_Conv119_fwd0.weight: shape torch.Size([8, 8, 1, 1])
  Conv_Conv119_fwd0.bias: shape torch.Size([8])
  Conv_Conv120_fwd0.weight: shape torch.Size([8, 8, 3, 3])
  Conv_Conv120_fwd0.bias: shape torch.Size([8])
  Gemm_Add129_fwd0.weight: shape torch.Size([64, 6272])
  Gemm_Add129_fwd0.bias: shape torch.Size([64])
  Gemm_Add132_fwd0.weight: shape torch.Size([10, 64])
  Gemm_Add132_fwd0.bias: shape torch.Size([10])
Trying generic MNIST/CIFAR data loader.
Internal results will be saved to out.txt.

 %%%%%%%%%%%%%%%%%%%%%%%%%%%%%%%%%%% idx: 0, vnnlib ID: 0 %%%%%%%%%%%%%%%%%%%%%%%%%%%%%%%%%%%
Finished vnnlib processing in 5.034632 seconds
Model: BoundedModule(
  (/input-1): BoundInput(name=/input-1, inputs=[], perturbed=True)
  (/shape): BoundBuffers(name=/shape, inputs=[], perturbed=False)
  (/12): BoundParams(name=/12, inputs=[], perturbed=False)
  (/13): BoundParams(name=/13, inputs=[], perturbed=False)
  (/14): BoundParams(name=/14, inputs=[], perturbed=False)
  (/15): BoundParams(name=/15, inputs=[], perturbed=False)
  (/16): BoundParams(name=/16, inputs=[], perturbed=False)
  (/17): BoundParams(name=/17, inputs=[], perturbed=False)
  (/18): BoundParams(name=/18, inputs=[], perturbed=False)
  (/19): BoundParams(name=/19, inputs=[], perturbed=False)
  (/20): BoundParams(name=/20, inputs=[], perturbed=False)
  (/21): BoundParams(name=/21, inputs=[], perturbed=False)
  (/input): BoundConv(name=/input, inputs=[/input-1, /12, /13], perturbed=True)
  (/input-4): BoundRelu(name=/input-4, inputs=[/input], perturbed=True)
  (/24): BoundConv(name=/24, inputs=[/input-4, /14, /15], perturbed=True)
  (/25): BoundConv(name=/25, inputs=[/input-4, /16, /17], perturbed=True)
  (/26): BoundAdd(name=/26, inputs=[/24, /25], perturbed=True)
  (/input-8): BoundConcat(name=/input-8, inputs=[/input, /26], perturbed=True)
  (/tensor): BoundRelu(name=/tensor, inputs=[/input-8], perturbed=True)
  (/30): BoundSplit(name=/30, inputs=[/tensor], perturbed=True)
  (/31): BoundSplit(name=/31, inputs=[/shape], perturbed=False)
  (/32): BoundSplit(name=/32, inputs=[/shape], perturbed=False)
  (/33): BoundConstant(name=/33, value=tensor([0], device='cuda:0'))
  (/34): BoundSqueeze(name=/34, inputs=[/31, /33], perturbed=False)
  (/35): BoundConstant(name=/35, value=tensor([0], device='cuda:0'))
  (/36): BoundSqueeze(name=/36, inputs=[/32, /35], perturbed=False)
  (/37): BoundConstant(name=/37, value=tensor([0], device='cuda:0'))
  (/38): BoundUnsqueeze(name=/38, inputs=[/34, /37], perturbed=False)
  (/39): BoundConstant(name=/39, value=tensor([0], device='cuda:0'))
  (/40): BoundUnsqueeze(name=/40, inputs=[/36, /39], perturbed=False)
  (/41): BoundConcat(name=/41, inputs=[/38, /40], perturbed=False)
  (/42): BoundReshape(name=/42, inputs=[/30, /41], perturbed=True)
  (/input-12): BoundLinear(name=/input-12, inputs=[/42, /18, /19], perturbed=True)
  (/44): BoundRelu(name=/44, inputs=[/input-12], perturbed=True)
  (/45): BoundLinear(name=/45, inputs=[/44, /20, /21], perturbed=True)
)
Original output in the first batch: tensor([[-0.51818854, -5.29885626, -0.67026603,  3.93763208,  1.77482486,
          1.43840575, -5.72659492, 11.47263718, -0.30722359,  5.09710073]],
       device='cuda:0')
Split layers:
Nonlinear functions:
   BoundRelu(name=/input-4, inputs=[/input], perturbed=True)
   BoundRelu(name=/tensor, inputs=[/input-8], perturbed=True)
   BoundRelu(name=/44, inputs=[/input-12], perturbed=True)
build batch [1/1]
layer /input-4 using sparse-features alpha with shape [1519]; unstable size 1519; total size 6272 ([1, 8, 28, 28])
layer /input-4 start_node /input-12 using sparse-spec alpha [2, 20, 1, 1519] with unstable size 19 total_size 64 output_shape torch.Size([64])
layer /input-4 start_node /45 using full alpha [2, 9, 1, 1519] with unstable size None total_size 9 output_shape 9
layer /tensor using sparse-features alpha with shape [5071]; unstable size 5071; total size 12544 ([1, 16, 28, 28])
layer /tensor start_node /input-12 using sparse-spec alpha [2, 20, 1, 5071] with unstable size 19 total_size 64 output_shape torch.Size([64])
layer /tensor start_node /45 using full alpha [2, 9, 1, 5071] with unstable size None total_size 9 output_shape 9
layer /44 using sparse-features alpha with shape [19]; unstable size 19; total size 64 ([1, 64])
layer /44 start_node /45 using full alpha [2, 9, 1, 19] with unstable size None total_size 9 output_shape 9
Optimizable variables initialized.
initial CROWN bounds (first 10 items): [1.8652629852294922, 7.2979207038879395, 1.08561372756958, -0.4499654769897461, 2.1322078704833984, 0.9328951835632324, 4.0979814529418945, 2.4756274223327637, 0.37937164306640625]
prune_after_crown optimization in use
  original spec size = torch.Size([1, 9])
  pruned spec size = torch.Size([1, 1])
Using alpha-CROWN to initialize bounds.
best_l after optimization: -0.17928552627563477
alpha/beta optimization time: 3.5705604553222656
initial alpha-crown bounds (first 10 items): [-0.17928552627563477]
Global lower bound: -0.17928552627563477
8 / 9 OR specs are verified.
Verified OR indices (first 10 items): [0, 1, 2, 4, 5, 6, 7, 8]
Verified OR lbs (first 10 items): [[inf], [inf], [inf], [inf], [inf], [inf], [inf], [inf]]
Unverified OR indices (first 10 items): [3]
Unverified OR lbs (first 10 items): [[-0.17928552627563477]]
###### Verifying property Instance 0 ######
Batch size: 1
First 10 spec matrices
C: tensor([[[ 0.,  0.,  0., -1.,  0.,  0.,  0.,  1.,  0.,  0.]]], device='cuda:0')
RHS: tensor([[0.]], device='cuda:0')
OR spec sizes: tensor([1], device='cuda:0', dtype=torch.int32)
Remaining timeout: 24.91434073448181
Model prediction is: tensor([-0.51818854, -5.29885626, -0.67026603,  3.93763208,  1.77482486,
         1.43840575, -5.72659492, 11.47263718, -0.30722359,  5.09710073],
       device='cuda:0')
Activation BaB batch 1/1 
build_with_refined_bounds batch [1/1]
Optimizable variables initialized.
all alpha initialized
directly get lb and ub from refined bounds
c shape: torch.Size([1, 1, 10])
lA shapes: [torch.Size([1, 1, 8, 28, 28]), torch.Size([1, 1, 16, 28, 28]), torch.Size([1, 1, 64])]
(alpha-)CROWN with fixed intermediate bounds: tensor([[-0.17928553]], device='cuda:0') tensor([[inf]], device='cuda:0')
Intermediate layers: /input,/input-8,/input-12
Keeping alphas for these layers: ['/45']
Node /input-4 input 0: size torch.Size([8, 28, 28]) unstable 1519
Node /tensor input 0: size torch.Size([16, 28, 28]) unstable 5071
Node /44 input 0: size torch.Size([64]) unstable 18
-----------------
# of unstable neurons: 6608
-----------------

BaB round 1
batch: 1
splitting decisions: 
split level 0: [/input-8, 6587] 
split level 1: [/input-8, 4980] 
split level 2: [/input-8, 8960] 
split level 3: [/input-8, 4137] 
split level 4: [/input-8, 4953] 
split level 5: [/input-8, 8584] 
split level 6: [/input-8, 7024] 
best_l after optimization: -15.777849197387695
beta sum per layer: [0.0, 100.09202575683594, 0.0]
alpha/beta optimization time: 0.45140862464904785
pruning_in_iteration open status: False
ratio of positive domain = 0 / 128 = 0.0
pruning-in-iteration extra time: 5.316734313964844e-05
Time: pickout 0.0012    branching_decision 0.0001    decision 0.0001    set_bounds 0.0097    prepare 0.0015    transfer 0.0000    finalize 0.0063    func 0.4645    
Accumulated time: bab_iteration 0.0000    pickout 0.0012    decision 0.0001    branching_decision 0.0001    set_bounds 0.0097    solve 0.0000    func 0.4645    prepare 0.0015    transfer 0.0000    finalize 0.0063    
max lb -0.06730222702026367 min lb -0.17926359176635742
Number of Verified Splits: 0 of 128
Current worst splitting domains lb-rhs (depth):
-0.17926 (7), -0.17926 (7), -0.17926 (7), -0.17926 (7), -0.17926 (7), -0.17926 (7), -0.17926 (7), -0.17926 (7), -0.17842 (7), -0.17842 (7), -0.17842 (7), -0.17842 (7), -0.17842 (7), -0.17842 (7), -0.17842 (7), -0.17842 (7), -0.17469 (7), -0.17469 (7), -0.17469 (7), -0.17469 (7), 
Current (lb-rhs): -0.17926359176635742
128 domains visited
Length of domains: 128
Cumulative time: 0.8297533988952637

BaB round 2
batch: 128
splitting decisions: 
split level 0: [/input-8, 7678] [/input-8, 9288] [/input-8, 5475] [/input-8, 12464] [/input-8, 12247] [/input-8, 8393] [/input-8, 11786] [/input, 3619] [/input-8, 9975] [/input, 3476] 
best_l after optimization: -19.94965934753418
beta sum per layer: [7.753787040710449, 311.73992919921875, 0.0]
alpha/beta optimization time: 0.36148762702941895
pruning_in_iteration open status: True
ratio of positive domain = 134 / 256 = 0.5234375
pruning-in-iteration extra time: 0.001478433609008789
Time: pickout 0.0109    branching_decision 0.0001    decision 0.0001    set_bounds 0.0054    prepare 0.0053    transfer 0.0000    finalize 0.0056    func 0.3775    solve 0.4646    add 0.0046    bab_iteration 0.4805    
Accumulated time: bab_iteration 0.4805    pickout 0.0121    decision 0.0002    branching_decision 0.0002    set_bounds 0.0151    solve 0.4646    func 0.8421    prepare 0.0068    transfer 0.0001    finalize 0.0119    add 0.0046    
max lb 0.002512693405151367 min lb -0.17925143241882324
Number of Verified Splits: 134 of 256
Current worst splitting domains lb-rhs (depth):
-0.17925 (8), -0.17925 (8), -0.17925 (8), -0.17925 (8), -0.17925 (8), -0.17925 (8), -0.17925 (8), -0.17925 (8), -0.17923 (8), -0.17905 (8), -0.17895 (8), -0.17840 (8), -0.17840 (8), -0.17840 (8), -0.17840 (8), -0.17840 (8), -0.17840 (8), -0.17840 (8), -0.17840 (8), -0.17840 (8), 
Current (lb-rhs): -0.17925143241882324
384 domains visited
Length of domains: 122
Cumulative time: 1.2255327701568604

BaB round 3
batch: 122
splitting decisions: 
split level 0: [/input-8, 12010] [/input, 1524] [/input-8, 9543] [/input-8, 5465] [/input-8, 9031] [/input-8, 8445] [/input-8, 6670] [/input-8, 631] [/input, 3716] [/input-8, 6281] 
best_l after optimization: -33.9985237121582
beta sum per layer: [15.796684265136719, 177.5412139892578, 0.0]
alpha/beta optimization time: 0.14444851875305176
pruning_in_iteration open status: False
ratio of positive domain = 18 / 244 = 0.07377049180327866
pruning-in-iteration extra time: 6.842613220214844e-05
Time: pickout 0.0107    branching_decision 0.0001    decision 0.0001    set_bounds 0.0052    prepare 0.0050    transfer 0.0000    finalize 0.0105    func 0.1656    solve 0.3776    add 0.0015    bab_iteration 0.3958    
Accumulated time: bab_iteration 0.8763    pickout 0.0228    decision 0.0003    branching_decision 0.0003    set_bounds 0.0204    solve 0.8422    func 1.0077    prepare 0.0118    transfer 0.0001    finalize 0.0224    add 0.0061    
max lb 0.057222843170166016 min lb -0.17923951148986816
Number of Verified Splits: 18 of 244
Current worst splitting domains lb-rhs (depth):
-0.17924 (9), -0.17924 (9), -0.17924 (9), -0.17921 (9), -0.17921 (9), -0.17905 (9), -0.17905 (9), -0.17905 (9), -0.17891 (9), -0.17891 (9), -0.17876 (9), -0.17875 (9), -0.17857 (9), -0.17840 (9), -0.17840 (9), -0.17840 (9), -0.17840 (9), -0.17840 (9), -0.17840 (9), -0.17840 (9), 
Current (lb-rhs): -0.17923951148986816
628 domains visited
Length of domains: 226
Cumulative time: 1.4118659496307373

BaB round 4
batch: 226
splitting decisions: 
split level 0: [/input-8, 8404] [/input-8, 6375] [/input-8, 9867] [/input-8, 7174] [/input-8, 4099] [/input-8, 3858] [/input-8, 5254] [/input-8, 8698] [/input-8, 11771] [/input, 5267] 
best_l after optimization: -59.5919303894043
beta sum per layer: [49.85249328613281, 391.7607421875, 0.0]
alpha/beta optimization time: 0.16988873481750488
pruning_in_iteration open status: False
ratio of positive domain = 43 / 452 = 0.09513274336283184
pruning-in-iteration extra time: 5.7697296142578125e-05
Time: pickout 0.0190    branching_decision 0.0001    decision 0.0001    set_bounds 0.0101    prepare 0.0092    transfer 0.0000    finalize 0.0227    func 0.2090    solve 0.1656    add 0.0037    bab_iteration 0.1863    
Accumulated time: bab_iteration 1.0626    pickout 0.0418    decision 0.0005    branching_decision 0.0004    set_bounds 0.0305    solve 1.0078    func 1.2167    prepare 0.0211    transfer 0.0002    finalize 0.0451    add 0.0098    
max lb 0.10074090957641602 min lb -0.17923307418823242
Number of Verified Splits: 43 of 452
Current worst splitting domains lb-rhs (depth):
-0.17923 (10), -0.17921 (10), -0.17921 (10), -0.17912 (10), -0.17905 (10), -0.17903 (10), -0.17889 (10), -0.17887 (10), -0.17887 (10), -0.17887 (10), -0.17878 (10), -0.17872 (10), -0.17840 (10), -0.17840 (10), -0.17840 (10), -0.17840 (10), -0.17840 (10), -0.17840 (10), -0.17837 (10), -0.17826 (10), 
Current (lb-rhs): -0.17923307418823242
1080 domains visited
Length of domains: 409
Cumulative time: 1.6552753448486328

BaB round 5
batch: 409
splitting decisions: 
split level 0: [/input-8, 7860] [/input, 3670] [/input, 3218] [/input-8, 7040] [/input-8, 9209] [/input-8, 3390] [/input, 4778] [/input-8, 8540] [/input-8, 5455] [/input-8, 9913] 
best_l after optimization: -102.62969970703125
beta sum per layer: [136.70376586914062, 804.5571899414062, 0.0]
alpha/beta optimization time: 0.19596147537231445
pruning_in_iteration open status: False
ratio of positive domain = 73 / 818 = 0.08924205378973105
pruning-in-iteration extra time: 5.459785461425781e-05
Time: pickout 0.0334    branching_decision 0.0002    decision 0.0002    set_bounds 0.0180    prepare 0.0168    transfer 0.0000    finalize 0.0362    func 0.2584    solve 0.2090    add 0.0049    bab_iteration 0.2434    
Accumulated time: bab_iteration 1.3060    pickout 0.0752    decision 0.0006    branching_decision 0.0006    set_bounds 0.0485    solve 1.2169    func 1.4751    prepare 0.0379    transfer 0.0002    finalize 0.0813    add 0.0147    
max lb 0.09535765647888184 min lb -0.1792311668395996
Number of Verified Splits: 73 of 818
Current worst splitting domains lb-rhs (depth):
-0.17923 (11), -0.17921 (11), -0.17912 (11), -0.17905 (11), -0.17903 (11), -0.17903 (11), -0.17889 (11), -0.17884 (11), -0.17884 (11), -0.17881 (11), -0.17874 (11), -0.17869 (11), -0.17866 (11), -0.17862 (11), -0.17849 (11), -0.17840 (11), -0.17840 (11), -0.17840 (11), -0.17840 (11), -0.17838 (11), 
Current (lb-rhs): -0.1792311668395996
1898 domains visited
Length of domains: 745
Cumulative time: 1.972978115081787

BaB round 6
batch: 745
splitting decisions: 
split level 0: [/input, 5706] [/input-8, 9056] [/input-8, 8377] [/input, 354] [/input, 6115] [/input-8, 2978] [/input-8, 9701] [/input-8, 4895] [/input-8, 236] [/input, 3531] 
best_l after optimization: -172.49734497070312
beta sum per layer: [318.2372741699219, 1696.8048095703125, 0.0]
alpha/beta optimization time: 0.3937962055206299
pruning_in_iteration open status: False
ratio of positive domain = 162 / 1490 = 0.10872483221476514
pruning-in-iteration extra time: 5.6743621826171875e-05
Time: pickout 0.0612    branching_decision 0.0002    decision 0.0003    set_bounds 0.0342    prepare 0.0306    transfer 0.0000    finalize 0.0619    func 0.5019    solve 0.2584    add 0.0074    bab_iteration 0.3177    
Accumulated time: bab_iteration 1.6237    pickout 0.1363    decision 0.0009    branching_decision 0.0008    set_bounds 0.0827    solve 1.4753    func 1.9769    prepare 0.0684    transfer 0.0003    finalize 0.1433    add 0.0221    
max lb 0.1172175407409668 min lb -0.17920517921447754
Number of Verified Splits: 162 of 1490
Current worst splitting domains lb-rhs (depth):
-0.17921 (12), -0.17912 (12), -0.17912 (12), -0.17905 (12), -0.17902 (12), -0.17902 (12), -0.17902 (12), -0.17894 (12), -0.17889 (12), -0.17889 (12), -0.17882 (12), -0.17882 (12), -0.17876 (12), -0.17874 (12), -0.17868 (12), -0.17863 (12), -0.17861 (12), -0.17861 (12), -0.17840 (12), -0.17840 (12), 
Current (lb-rhs): -0.17920517921447754
3388 domains visited
Length of domains: 1328
Cumulative time: 2.5860161781311035

BaB round 7
batch: 1328
splitting decisions: 
split level 0: [/input-8, 8366] [/input-8, 7275] [/input, 5034] [/input-8, 7543] [/input, 4813] [/input-8, 4990] [/input-8, 8300] [/input-8, 3584] [/input-8, 8492] [/input, 4932] 
best_l after optimization: -294.83123779296875
beta sum per layer: [693.621826171875, 3397.11181640625, 0.893511950969696]
alpha/beta optimization time: 0.6990132331848145
pruning_in_iteration open status: False
ratio of positive domain = 315 / 2656 = 0.11859939759036142
pruning-in-iteration extra time: 7.43865966796875e-05
Time: pickout 0.1054    branching_decision 0.0004    decision 0.0004    set_bounds 0.0599    prepare 0.0574    transfer 0.0000    finalize 0.1105    func 0.8919    solve 0.5019    add 0.0151    bab_iteration 0.6130    
Accumulated time: bab_iteration 2.2367    pickout 0.2418    decision 0.0013    branching_decision 0.0012    set_bounds 0.1426    solve 1.9772    func 2.8689    prepare 0.1258    transfer 0.0003    finalize 0.2538    add 0.0372    
max lb 0.7180612087249756 min lb -0.17920136451721191
Number of Verified Splits: 315 of 2656
Current worst splitting domains lb-rhs (depth):
-0.17920 (13), -0.17920 (13), -0.17911 (13), -0.17911 (13), -0.17905 (13), -0.17905 (13), -0.17902 (13), -0.17902 (13), -0.17902 (13), -0.17899 (13), -0.17894 (13), -0.17893 (13), -0.17889 (13), -0.17889 (13), -0.17880 (13), -0.17880 (13), -0.17875 (13), -0.17870 (13), -0.17868 (13), -0.17868 (13), 
Current (lb-rhs): -0.17920136451721191
6044 domains visited
Length of domains: 2341
Cumulative time: 3.6660871505737305

BaB round 8
batch: 2048
splitting decisions: 
split level 0: [/input, 4869] [/input-8, 12156] [/input-8, 12411] [/input-8, 3610] [/input-8, 9832] [/input-8, 6951] [/input-8, 7473] [/input-8, 8417] [/input-8, 12511] [/input-8, 11761] 
best_l after optimization: -434.3104553222656
beta sum per layer: [1288.85205078125, 5719.6572265625, 1.0234123468399048]
alpha/beta optimization time: 1.0938050746917725
pruning_in_iteration open status: False
ratio of positive domain = 487 / 4096 = 0.118896484375
pruning-in-iteration extra time: 7.915496826171875e-05
Time: pickout 0.1626    branching_decision 0.0006    decision 0.0006    set_bounds 0.2208    prepare 0.0908    transfer 0.0001    finalize 0.1725    func 1.3938    solve 0.8920    add 0.0214    bab_iteration 1.0801    
Accumulated time: bab_iteration 3.3168    pickout 0.4044    decision 0.0019    branching_decision 0.0017    set_bounds 0.3635    solve 2.8692    func 4.2626    prepare 0.2167    transfer 0.0004    finalize 0.4263    add 0.0586    
max lb 0.9580533504486084 min lb -0.1792011260986328
Number of Verified Splits: 487 of 4096
Current worst splitting domains lb-rhs (depth):
-0.17920 (13), -0.17920 (14), -0.17911 (14), -0.17911 (14), -0.17909 (14), -0.17905 (14), -0.17905 (14), -0.17905 (14), -0.17905 (14), -0.17902 (14), -0.17902 (13), -0.17898 (14), -0.17893 (13), -0.17888 (14), -0.17876 (14), -0.17876 (14), -0.17876 (14), -0.17875 (14), -0.17872 (14), -0.17867 (14), 
Current (lb-rhs): -0.17920136451721191
10140 domains visited
Length of domains: 3902
current_vram/total_varm: 13.2GB/47.7GB, batch_size increase to 4096
Cumulative time: 5.474152326583862

BaB round 9
batch: 3902
splitting decisions: 
split level 0: [/input, 5213] [/input-8, 7735] [/input-8, 12137] [/input, 3118] [/input-8, 8785] [/input-8, 8125] [/input, 325] [/input-8, 9766] [/input, 4853] [/input, 5841] 
best_l after optimization: -810.0562133789062
beta sum per layer: [2800.47705078125, 11215.328125, 2.4784512519836426]
alpha/beta optimization time: 2.075906991958618
pruning_in_iteration open status: False
ratio of positive domain = 929 / 7804 = 0.11904151717068168
pruning-in-iteration extra time: 7.081031799316406e-05
Time: pickout 0.3124    branching_decision 0.0010    decision 0.0010    set_bounds 0.3201    prepare 0.1758    transfer 0.0002    finalize 0.3391    func 2.6615    solve 1.3938    add 0.0283    bab_iteration 1.8081    
Accumulated time: bab_iteration 5.1249    pickout 0.7168    decision 0.0029    branching_decision 0.0027    set_bounds 0.6836    solve 4.2630    func 6.9241    prepare 0.3925    transfer 0.0006    finalize 0.7654    add 0.0869    
max lb 0.6869003772735596 min lb -0.1792011260986328
Number of Verified Splits: 930 of 7804
Current worst splitting domains lb-rhs (depth):
-0.17920 (15), -0.17920 (15), -0.17920 (14), -0.17920 (14), -0.17911 (15), -0.17911 (15), -0.17911 (15), -0.17905 (15), -0.17905 (15), -0.17905 (15), -0.17905 (15), -0.17902 (14), -0.17898 (15), -0.17893 (14), -0.17890 (15), -0.17888 (15), -0.17878 (15), -0.17876 (15), -0.17875 (15), -0.17875 (15), 
Current (lb-rhs): -0.1792011260986328
17944 domains visited
Length of domains: 6874
Cumulative time: 8.826550960540771

BaB round 10
batch: 4096
splitting decisions: 
split level 0: [/input-8, 8949] [/input-8, 8095] [/input, 5366] [/input-8, 3635] [/input-8, 6798] [/input-8, 11934] [/input-8, 7180] [/input-8, 3837] [/input-8, 6494] [/input-8, 7764] 
best_l after optimization: -790.9779052734375
beta sum per layer: [3473.1533203125, 12705.62890625, 3.002021312713623]
alpha/beta optimization time: 2.172335147857666
pruning_in_iteration open status: False
ratio of positive domain = 1048 / 8192 = 0.1279296875
pruning-in-iteration extra time: 9.918212890625e-05
Time: pickout 0.3296    branching_decision 0.0010    decision 0.0011    set_bounds 0.3706    prepare 0.1847    transfer 0.0001    finalize 0.3630    func 2.7903    solve 2.6616    add 0.0547    bab_iteration 3.3524    
Accumulated time: bab_iteration 8.4773    pickout 1.0464    decision 0.0039    branching_decision 0.0038    set_bounds 1.0541    solve 6.9245    func 9.7144    prepare 0.5772    transfer 0.0007    finalize 1.1283    add 0.1416    
max lb 1.0841174125671387 min lb -0.1792011260986328
Number of Verified Splits: 1056 of 8192
Current worst splitting domains lb-rhs (depth):
-0.17920 (14), -0.17920 (15), -0.17920 (15), -0.17911 (16), -0.17911 (15), -0.17905 (16), -0.17905 (15), -0.17905 (16), -0.17902 (14), -0.17898 (15), -0.17897 (16), -0.17894 (16), -0.17893 (14), -0.17890 (16), -0.17887 (16), -0.17880 (16), -0.17878 (15), -0.17875 (15), -0.17875 (16), -0.17874 (15), 
Current (lb-rhs): -0.1792011260986328
26136 domains visited
Length of domains: 9914
Cumulative time: 12.390715599060059

BaB round 11
batch: 4096
splitting decisions: 
split level 0: [/input-8, 9022] [/input-8, 7948] [/input-8, 7479] [/input-8, 5304] [/input, 5409] [/input-8, 12263] [/input-8, 3193] [/input-8, 6403] [/input, 3503] [/input, 2737] 
best_l after optimization: -743.5977783203125
beta sum per layer: [3920.61962890625, 13636.7080078125, 2.1766064167022705]
alpha/beta optimization time: 2.1726460456848145
pruning_in_iteration open status: False
ratio of positive domain = 1057 / 8192 = 0.1290283203125
pruning-in-iteration extra time: 6.532669067382812e-05
Time: pickout 0.3367    branching_decision 0.0010    decision 0.0010    set_bounds 0.3445    prepare 0.1850    transfer 0.0001    finalize 0.3584    func 2.7865    solve 2.7903    add 0.0699    bab_iteration 3.5642    
Accumulated time: bab_iteration 12.0414    pickout 1.3831    decision 0.0049    branching_decision 0.0047    set_bounds 1.3987    solve 9.7149    func 12.5008    prepare 0.7622    transfer 0.0007    finalize 1.4867    add 0.2116    
max lb 0.9853057861328125 min lb -0.17905449867248535
Number of Verified Splits: 1061 of 8192
Current worst splitting domains lb-rhs (depth):
-0.17920 (14), -0.17920 (15), -0.17920 (15), -0.17911 (15), -0.17911 (16), -0.17905 (15), -0.17905 (16), -0.17905 (17), -0.17902 (14), -0.17898 (15), -0.17897 (16), -0.17893 (14), -0.17886 (17), -0.17880 (16), -0.17878 (15), -0.17876 (17), -0.17876 (17), -0.17875 (15), -0.17875 (16), -0.17874 (15), 
Current (lb-rhs): -0.1792011260986328
34328 domains visited
Length of domains: 12949
Cumulative time: 15.918309688568115

BaB round 12
batch: 4096
splitting decisions: 
split level 0: [/input, 5121] [/input-8, 12228] [/input-8, 7639] [/input-8, 12192] [/input-8, 9047] [/input-8, 9862] [/input-8, 8700] [/input-8, 7198] [/input, 3391] [/input-8, 12093] 
best_l after optimization: -703.9754028320312
beta sum per layer: [4389.671875, 14710.2734375, 3.0718369483947754]
alpha/beta optimization time: 2.1701369285583496
pruning_in_iteration open status: False
ratio of positive domain = 1099 / 8192 = 0.1341552734375
pruning-in-iteration extra time: 6.008148193359375e-05
Time: pickout 0.3386    branching_decision 0.0010    decision 0.0010    set_bounds 0.4029    prepare 0.1865    transfer 0.0001    finalize 0.3606    func 2.7904    solve 2.7865    add 0.0557    bab_iteration 3.5276    
Accumulated time: bab_iteration 15.5690    pickout 1.7218    decision 0.0060    branching_decision 0.0057    set_bounds 1.8016    solve 12.5014    func 15.2912    prepare 0.9487    transfer 0.0008    finalize 1.8473    add 0.2672    
max lb 0.8145229816436768 min lb -0.1788623332977295
Number of Verified Splits: 1100 of 8192
Current worst splitting domains lb-rhs (depth):
-0.17920 (15), -0.17920 (14), -0.17920 (15), -0.17911 (15), -0.17911 (16), -0.17905 (15), -0.17905 (17), -0.17905 (16), -0.17902 (14), -0.17898 (15), -0.17897 (16), -0.17893 (14), -0.17886 (18), -0.17880 (16), -0.17878 (15), -0.17876 (17), -0.17875 (15), -0.17875 (16), -0.17874 (15), -0.17874 (15), 
Current (lb-rhs): -0.1792011260986328
42520 domains visited
Length of domains: 15945
Cumulative time: 19.512737274169922

BaB round 13
batch: 4096
splitting decisions: 
split level 0: [/input-8, 6519] [/input-8, 7301] [/input-8, 3569] [/input-8, 10124] [/input, 3203] [/input-8, 3579] [/input-8, 9523] [/input, 3868] [/input-8, 7620] [/input, 3525] 
best_l after optimization: -667.344482421875
beta sum per layer: [4828.76806640625, 15547.3134765625, 3.5250539779663086]
alpha/beta optimization time: 2.169451951980591
pruning_in_iteration open status: False
ratio of positive domain = 1088 / 8192 = 0.1328125
pruning-in-iteration extra time: 5.7697296142578125e-05
Time: pickout 0.3455    branching_decision 0.0010    decision 0.0010    set_bounds 0.3847    prepare 0.1867    transfer 0.0001    finalize 0.3578    func 2.7850    solve 2.7905    add 0.0582    bab_iteration 3.5944    
Accumulated time: bab_iteration 19.1634    pickout 2.0672    decision 0.0069    branching_decision 0.0067    set_bounds 2.1862    solve 15.2919    func 18.0762    prepare 1.1353    transfer 0.0009    finalize 2.2051    add 0.3254    
max lb 0.7250804901123047 min lb -0.17882943153381348
Number of Verified Splits: 1094 of 8192
Current worst splitting domains lb-rhs (depth):
-0.17920 (15), -0.17920 (15), -0.17920 (14), -0.17911 (15), -0.17911 (16), -0.17905 (17), -0.17905 (16), -0.17905 (15), -0.17902 (14), -0.17898 (15), -0.17897 (16), -0.17893 (14), -0.17883 (19), -0.17880 (16), -0.17878 (15), -0.17876 (17), -0.17875 (15), -0.17875 (16), -0.17874 (15), -0.17874 (15), 
Current (lb-rhs): -0.1792011260986328
50712 domains visited
Length of domains: 18947
Cumulative time: 23.13646626472473

BaB round 14
batch: 4096
splitting decisions: 
split level 0: [/input-8, 11884] [/input, 3250] [/input-8, 6644] [/input-8, 3825] [/input-8, 7581] [/input-8, 5186] [/input-8, 3289] [/input, 3255] [/input, 3207] [/input-8, 5186] 
best_l after optimization: -621.7158813476562
beta sum per layer: [5363.3994140625, 16661.28125, 4.98746395111084]
alpha/beta optimization time: 2.173276424407959
pruning_in_iteration open status: False
ratio of positive domain = 1165 / 8192 = 0.1422119140625
pruning-in-iteration extra time: 8.0108642578125e-05
Time: pickout 0.3488    branching_decision 0.0010    decision 0.0010    set_bounds 0.1833    prepare 0.4100    transfer 0.0001    finalize 0.3568    func 3.0090    solve 2.7851    add 0.1043    bab_iteration 3.6237    
Accumulated time: bab_iteration 22.7871    pickout 2.4161    decision 0.0079    branching_decision 0.0076    set_bounds 2.3695    solve 18.0769    func 21.0853    prepare 1.5453    transfer 0.0010    finalize 2.5619    add 0.4297    
max lb 0.964777946472168 min lb -0.17882943153381348
Number of Verified Splits: 1170 of 8192
Current worst splitting domains lb-rhs (depth):
-0.17920 (15), -0.17920 (15), -0.17920 (14), -0.17911 (16), -0.17911 (15), -0.17905 (16), -0.17905 (17), -0.17905 (15), -0.17902 (14), -0.17898 (15), -0.17897 (16), -0.17893 (14), -0.17883 (20), -0.17883 (20), -0.17880 (16), -0.17878 (15), -0.17876 (17), -0.17875 (15), -0.17875 (16), -0.17874 (15), 
Current (lb-rhs): -0.1792011260986328
58904 domains visited
Length of domains: 21873
Time out!!!!!!!!
Result: unknown in 61.9175 seconds

 %%%%%%%%%%%%%%%%%%%%%%%%%%%%%%%%%%% idx: 1, vnnlib ID: 1 %%%%%%%%%%%%%%%%%%%%%%%%%%%%%%%%%%%
Finished vnnlib processing in 0.001825 seconds
Model: BoundedModule(
  (/input-1): BoundInput(name=/input-1, inputs=[], perturbed=True)
  (/shape): BoundBuffers(name=/shape, inputs=[], perturbed=False)
  (/12): BoundParams(name=/12, inputs=[], perturbed=False)
  (/13): BoundParams(name=/13, inputs=[], perturbed=False)
  (/14): BoundParams(name=/14, inputs=[], perturbed=False)
  (/15): BoundParams(name=/15, inputs=[], perturbed=False)
  (/16): BoundParams(name=/16, inputs=[], perturbed=False)
  (/17): BoundParams(name=/17, inputs=[], perturbed=False)
  (/18): BoundParams(name=/18, inputs=[], perturbed=False)
  (/19): BoundParams(name=/19, inputs=[], perturbed=False)
  (/20): BoundParams(name=/20, inputs=[], perturbed=False)
  (/21): BoundParams(name=/21, inputs=[], perturbed=False)
  (/input): BoundConv(name=/input, inputs=[/input-1, /12, /13], perturbed=True)
  (/input-4): BoundRelu(name=/input-4, inputs=[/input], perturbed=True)
  (/24): BoundConv(name=/24, inputs=[/input-4, /14, /15], perturbed=True)
  (/25): BoundConv(name=/25, inputs=[/input-4, /16, /17], perturbed=True)
  (/26): BoundAdd(name=/26, inputs=[/24, /25], perturbed=True)
  (/input-8): BoundConcat(name=/input-8, inputs=[/input, /26], perturbed=True)
  (/tensor): BoundRelu(name=/tensor, inputs=[/input-8], perturbed=True)
  (/30): BoundSplit(name=/30, inputs=[/tensor], perturbed=True)
  (/31): BoundSplit(name=/31, inputs=[/shape], perturbed=False)
  (/32): BoundSplit(name=/32, inputs=[/shape], perturbed=False)
  (/33): BoundConstant(name=/33, value=tensor([0], device='cuda:0'))
  (/34): BoundSqueeze(name=/34, inputs=[/31, /33], perturbed=False)
  (/35): BoundConstant(name=/35, value=tensor([0], device='cuda:0'))
  (/36): BoundSqueeze(name=/36, inputs=[/32, /35], perturbed=False)
  (/37): BoundConstant(name=/37, value=tensor([0], device='cuda:0'))
  (/38): BoundUnsqueeze(name=/38, inputs=[/34, /37], perturbed=False)
  (/39): BoundConstant(name=/39, value=tensor([0], device='cuda:0'))
  (/40): BoundUnsqueeze(name=/40, inputs=[/36, /39], perturbed=False)
  (/41): BoundConcat(name=/41, inputs=[/38, /40], perturbed=False)
  (/42): BoundReshape(name=/42, inputs=[/30, /41], perturbed=True)
  (/input-12): BoundLinear(name=/input-12, inputs=[/42, /18, /19], perturbed=True)
  (/44): BoundRelu(name=/44, inputs=[/input-12], perturbed=True)
  (/45): BoundLinear(name=/45, inputs=[/44, /20, /21], perturbed=True)
)
Original output in the first batch: tensor([[ 2.39697909, -3.40589261,  8.44154739,  1.25479317, -4.92703009,
          3.14737725,  4.14441681, -6.58302593,  1.36930418, -7.11728144]],
       device='cuda:0')
Split layers:
Nonlinear functions:
   BoundRelu(name=/input-4, inputs=[/input], perturbed=True)
   BoundRelu(name=/tensor, inputs=[/input-8], perturbed=True)
   BoundRelu(name=/44, inputs=[/input-12], perturbed=True)
build batch [1/1]
layer /input-4 using sparse-features alpha with shape [1446]; unstable size 1446; total size 6272 ([1, 8, 28, 28])
layer /input-4 start_node /input-12 using sparse-spec alpha [2, 11, 1, 1446] with unstable size 10 total_size 64 output_shape torch.Size([64])
layer /input-4 start_node /45 using full alpha [2, 9, 1, 1446] with unstable size None total_size 9 output_shape 9
layer /tensor using sparse-features alpha with shape [4684]; unstable size 4684; total size 12544 ([1, 16, 28, 28])
layer /tensor start_node /input-12 using sparse-spec alpha [2, 11, 1, 4684] with unstable size 10 total_size 64 output_shape torch.Size([64])
layer /tensor start_node /45 using full alpha [2, 9, 1, 4684] with unstable size None total_size 9 output_shape 9
layer /44 using sparse-features alpha with shape [10]; unstable size 10; total size 64 ([1, 64])
layer /44 start_node /45 using full alpha [2, 9, 1, 10] with unstable size None total_size 9 output_shape 9
Optimizable variables initialized.
initial CROWN bounds (first 10 items): [-1.6510961055755615, 4.786472320556641, 0.2806386947631836, 6.359018325805664, -2.708033323287964, -3.3865394592285156, 6.798508644104004, -0.33480405807495117, 6.877119064331055]
prune_after_crown optimization in use
  original spec size = torch.Size([1, 9])
  pruned spec size = torch.Size([1, 4])
Using alpha-CROWN to initialize bounds.
best_l after optimization: -6.843232154846191
alpha/beta optimization time: 1.335383653640747
initial alpha-crown bounds (first 10 items): [-1.32863450050354, -2.438283920288086, -3.077517509460449, 0.001203775405883789]
Global lower bound: -3.077517509460449
6 / 9 OR specs are verified.
Verified OR indices (first 10 items): [1, 2, 3, 6, 7, 8]
Verified OR lbs (first 10 items): [[inf], [inf], [inf], [inf], [0.001203775405883789], [inf]]
Unverified OR indices (first 10 items): [0, 4, 5]
Unverified OR lbs (first 10 items): [[-1.32863450050354], [-2.438283920288086], [-3.077517509460449]]
###### Verifying property Instance 1 ######
Batch size: 3
First 10 spec matrices
C: tensor([[[-1.,  0.,  1.,  0.,  0.,  0.,  0.,  0.,  0.,  0.]],

        [[ 0.,  0.,  1.,  0.,  0., -1.,  0.,  0.,  0.,  0.]],

        [[ 0.,  0.,  1.,  0.,  0.,  0., -1.,  0.,  0.,  0.]]], device='cuda:0')
RHS: tensor([[0.],
        [0.],
        [0.]], device='cuda:0')
OR spec sizes: tensor([1, 1, 1], device='cuda:0', dtype=torch.int32)
Remaining timeout: 58.20899152755737
Model prediction is: tensor([ 2.39697909, -3.40589261,  8.44154739,  1.25479317, -4.92703009,
         3.14737725,  4.14441681, -6.58302593,  1.36930418, -7.11728144],
       device='cuda:0')
Activation BaB batch 1/1 
build_with_refined_bounds batch [1/1]
Optimizable variables initialized.
all alpha initialized
directly get lb and ub from refined bounds
c shape: torch.Size([3, 1, 10])
lA shapes: [torch.Size([3, 1, 8, 28, 28]), torch.Size([3, 1, 16, 28, 28]), torch.Size([3, 1, 64])]
(alpha-)CROWN with fixed intermediate bounds: tensor([[-1.32863450],
        [-2.43828392],
        [-3.07751751]], device='cuda:0') tensor([[inf],
        [inf],
        [inf]], device='cuda:0')
Intermediate layers: /input,/input-8,/input-12
Keeping alphas for these layers: ['/45']
Node /input-4 input 0: size torch.Size([8, 28, 28]) unstable 1446
Node /tensor input 0: size torch.Size([16, 28, 28]) unstable 4684
Node /44 input 0: size torch.Size([64]) unstable 10
-----------------
# of unstable neurons: 6140
-----------------

BaB round 1
batch: 3
splitting decisions: 
split level 0: [/input-8, 11926] [/input-8, 12040] [/input-8, 6634] 
split level 1: [/input-8, 4821] [/input-8, 6588] [/input-8, 8488] 
split level 2: [/input-8, 8952] [/input-8, 6630] [/input-8, 9428] 
split level 3: [/input-8, 8177] [/input-8, 4844] [/input, 3159] 
split level 4: [/input-8, 374] [/input-8, 9318] [/input-8, 7778] 
split level 5: [/input-8, 7394] [/input-8, 8537] [/input-8, 12030] 
best_l after optimization: -403.280517578125
beta sum per layer: [16.12960433959961, 207.93740844726562, 0.0]
alpha/beta optimization time: 0.14657878875732422
pruning_in_iteration open status: False
ratio of positive domain = 0 / 192 = 0.0
pruning-in-iteration extra time: 5.245208740234375e-05
Time: pickout 0.0018    branching_decision 0.0001    decision 0.0001    set_bounds 0.0121    prepare 0.0023    transfer 0.0000    finalize 0.0085    func 0.1620    
Accumulated time: bab_iteration 0.0000    pickout 0.0018    decision 0.0001    branching_decision 0.0001    set_bounds 0.0121    solve 0.0000    func 0.1620    prepare 0.0023    transfer 0.0000    finalize 0.0085    
max lb -0.9062175750732422 min lb -3.075786828994751
Number of Verified Splits: 0 of 192
Current worst splitting domains lb-rhs (depth):
-3.07579 (6), -3.07558 (6), -3.07523 (6), -3.07503 (6), -3.07062 (6), -3.07044 (6), -3.07012 (6), -3.06993 (6), -3.06061 (6), -3.06045 (6), -3.06007 (6), -3.05991 (6), -3.05575 (6), -3.05558 (6), -3.05524 (6), -3.05508 (6), -2.95370 (6), -2.95349 (6), -2.95315 (6), -2.95294 (6), 
Current (lb-rhs): -3.075786828994751
192 domains visited
Length of domains: 192
Cumulative time: 0.21279239654541016

BaB round 2
batch: 192
splitting decisions: 
split level 0: [/input-8, 3238] [/input-8, 7405] [/input-8, 10072] [/input-8, 5663] [/input-8, 8876] [/input-8, 3254] [/input-8, 3408] [/input, 3418] [/input-8, 7371] [/input-8, 3627] 
best_l after optimization: -738.95751953125
beta sum per layer: [36.2796745300293, 789.8334350585938, 0.5016793012619019]
alpha/beta optimization time: 0.17437314987182617
pruning_in_iteration open status: False
ratio of positive domain = 1 / 384 = 0.0026041666666666297
pruning-in-iteration extra time: 5.7697296142578125e-05
Time: pickout 0.0148    branching_decision 0.0001    decision 0.0001    set_bounds 0.0082    prepare 0.0081    transfer 0.0000    finalize 0.0176    func 0.2065    solve 0.1620    add 0.0023    bab_iteration 0.1785    
Accumulated time: bab_iteration 0.1785    pickout 0.0166    decision 0.0002    branching_decision 0.0002    set_bounds 0.0203    solve 0.1620    func 0.3685    prepare 0.0103    transfer 0.0001    finalize 0.0261    add 0.0023    
max lb 0.09071922302246094 min lb -3.075784683227539
Number of Verified Splits: 1 of 384
Current worst splitting domains lb-rhs (depth):
-3.07578 (7), -3.07578 (7), -3.07558 (7), -3.07558 (7), -3.07514 (7), -3.07490 (7), -3.07490 (7), -3.07057 (7), -3.07057 (7), -3.06996 (7), -3.06996 (7), -3.06977 (7), -3.06903 (7), -3.06056 (7), -3.06037 (7), -3.06025 (7), -3.05998 (7), -3.05980 (7), -3.05779 (7), -3.05532 (7), 
Current (lb-rhs): -3.075784683227539
576 domains visited
Length of domains: 383
Cumulative time: 0.44722819328308105

BaB round 3
batch: 383
splitting decisions: 
split level 0: [/input-8, 5421] [/input-8, 11837] [/input-8, 7042] [/input, 3812] [/input, 3801] [/input, 3652] [/input, 3489] [/input-8, 5479] [/input, 3881] [/input-8, 3478] 
best_l after optimization: -1340.042724609375
beta sum per layer: [106.16336822509766, 2417.90283203125, 0.0]
alpha/beta optimization time: 0.18519878387451172
pruning_in_iteration open status: False
ratio of positive domain = 8 / 766 = 0.010443864229765065
pruning-in-iteration extra time: 5.2928924560546875e-05
Time: pickout 0.0296    branching_decision 0.0002    decision 0.0002    set_bounds 0.0168    prepare 0.0162    transfer 0.0000    finalize 0.0312    func 0.2418    solve 0.2065    add 0.0045    bab_iteration 0.2344    
Accumulated time: bab_iteration 0.4129    pickout 0.0462    decision 0.0004    branching_decision 0.0004    set_bounds 0.0370    solve 0.3686    func 0.6103    prepare 0.0266    transfer 0.0001    finalize 0.0573    add 0.0069    
max lb 0.12097668647766113 min lb -3.0757813453674316
Number of Verified Splits: 8 of 766
Current worst splitting domains lb-rhs (depth):
-3.07578 (8), -3.07578 (8), -3.07578 (8), -3.07558 (8), -3.07558 (8), -3.07558 (8), -3.07558 (8), -3.07507 (8), -3.07498 (8), -3.07485 (8), -3.07485 (8), -3.07444 (8), -3.07056 (8), -3.07056 (8), -3.07055 (8), -3.07051 (8), -3.06996 (8), -3.06984 (8), -3.06984 (8), -3.06931 (8), 
Current (lb-rhs): -3.0757813453674316
1342 domains visited
Length of domains: 758
Cumulative time: 0.7423346042633057

BaB round 4
batch: 758
splitting decisions: 
split level 0: [/input, 3659] [/input-8, 10176] [/input-8, 240] [/input-8, 6562] [/input-8, 12173] [/input-8, 12060] [/input-8, 7361] [/input-8, 5147] [/input, 4924] [/input, 574] 
best_l after optimization: -2410.900634765625
beta sum per layer: [303.994140625, 6296.369140625, 0.7255299091339111]
alpha/beta optimization time: 0.39240050315856934
pruning_in_iteration open status: False
ratio of positive domain = 128 / 1516 = 0.08443271767810023
pruning-in-iteration extra time: 5.1975250244140625e-05
Time: pickout 0.0608    branching_decision 0.0003    decision 0.0003    set_bounds 0.0332    prepare 0.0321    transfer 0.0000    finalize 0.0668    func 0.5084    solve 0.2419    add 0.0063    bab_iteration 0.2951    
Accumulated time: bab_iteration 0.7080    pickout 0.1070    decision 0.0008    branching_decision 0.0007    set_bounds 0.0702    solve 0.6104    func 1.1187    prepare 0.0587    transfer 0.0002    finalize 0.1240    add 0.0132    
max lb 1.2514207363128662 min lb -3.0757815837860107
Number of Verified Splits: 128 of 1516
Current worst splitting domains lb-rhs (depth):
-3.07578 (9), -3.07578 (9), -3.07578 (9), -3.07558 (9), -3.07558 (9), -3.07558 (9), -3.07558 (9), -3.07523 (9), -3.07494 (9), -3.07483 (9), -3.07481 (9), -3.07481 (9), -3.07479 (9), -3.07440 (9), -3.07389 (9), -3.07239 (9), -3.07054 (9), -3.07054 (9), -3.07054 (9), -3.07049 (9), 
Current (lb-rhs): -3.0757813453674316
2858 domains visited
Length of domains: 1388
Cumulative time: 1.3606815338134766

BaB round 5
batch: 1388
splitting decisions: 
split level 0: [/input-8, 9966] [/input-8, 5167] [/input-8, 4814] [/input-8, 10057] [/input-8, 5207] [/input-8, 12197] [/input-8, 3338] [/input-8, 12088] [/input-8, 6993] [/input-8, 3386] 
best_l after optimization: -4360.12109375
beta sum per layer: [708.6451416015625, 13798.8671875, 0.605541467666626]
alpha/beta optimization time: 0.7261216640472412
pruning_in_iteration open status: False
ratio of positive domain = 71 / 2776 = 0.025576368876080724
pruning-in-iteration extra time: 5.5789947509765625e-05
Time: pickout 0.1068    branching_decision 0.0005    decision 0.0005    set_bounds 0.0612    prepare 0.0597    transfer 0.0000    finalize 0.1311    func 0.9441    solve 0.5085    add 0.0152    bab_iteration 0.6183    
Accumulated time: bab_iteration 1.3263    pickout 0.2138    decision 0.0013    branching_decision 0.0012    set_bounds 0.1314    solve 1.1189    func 2.0629    prepare 0.1184    transfer 0.0002    finalize 0.2551    add 0.0284    
max lb 0.19813966751098633 min lb -3.0757782459259033
Number of Verified Splits: 71 of 2776
Current worst splitting domains lb-rhs (depth):
-3.07578 (10), -3.07558 (10), -3.07558 (10), -3.07558 (10), -3.07557 (10), -3.07557 (10), -3.07507 (10), -3.07507 (10), -3.07494 (10), -3.07477 (10), -3.07477 (10), -3.07477 (10), -3.07475 (10), -3.07474 (10), -3.07472 (10), -3.07464 (10), -3.07443 (10), -3.07437 (10), -3.07407 (10), -3.07340 (10), 
Current (lb-rhs): -3.0757782459259033
5634 domains visited
Length of domains: 2705
Cumulative time: 2.4982285499572754

BaB round 6
batch: 2048
splitting decisions: 
split level 0: [/input-8, 12150] [/input, 3511] [/input-8, 6464] [/input-8, 3821] [/input-8, 6374] [/input, 5409] [/input, 5158] [/input-8, 7651] [/input-8, 11961] [/input-8, 9660] 
best_l after optimization: -5842.8564453125
beta sum per layer: [1319.864013671875, 24905.4765625, 1.4619884490966797]
alpha/beta optimization time: 1.0838871002197266
pruning_in_iteration open status: False
ratio of positive domain = 258 / 4096 = 0.06298828125
pruning-in-iteration extra time: 5.650520324707031e-05
Time: pickout 0.1593    branching_decision 0.0006    decision 0.0006    set_bounds 0.2273    prepare 0.0912    transfer 0.0001    finalize 0.1792    func 1.3915    solve 0.9442    add 0.0238    bab_iteration 1.1375    
Accumulated time: bab_iteration 2.4639    pickout 0.3731    decision 0.0019    branching_decision 0.0018    set_bounds 0.3587    solve 2.0631    func 3.4543    prepare 0.2096    transfer 0.0003    finalize 0.4343    add 0.0522    
max lb 0.38229823112487793 min lb -3.075587272644043
Number of Verified Splits: 258 of 4096
Current worst splitting domains lb-rhs (depth):
-3.07578 (10), -3.07558 (11), -3.07557 (11), -3.07557 (11), -3.07557 (10), -3.07556 (11), -3.07544 (11), -3.07507 (11), -3.07494 (10), -3.07476 (11), -3.07476 (11), -3.07476 (11), -3.07475 (10), -3.07474 (11), -3.07472 (10), -3.07470 (11), -3.07470 (11), -3.07466 (11), -3.07464 (10), -3.07448 (11), 
Current (lb-rhs): -3.0757782459259033
9730 domains visited
Length of domains: 4495
current_vram/total_varm: 13.9GB/47.7GB, batch_size increase to 4096
Cumulative time: 4.3149635791778564

BaB round 7
batch: 4096
splitting decisions: 
split level 0: [/input, 3490] [/input-8, 5389] [/input, 4934] [/input-8, 3528] [/input, 4967] [/input, 5398] [/input-8, 11925] [/input, 4765] [/input, 5223] [/input, 3586] 
best_l after optimization: -11063.810546875
beta sum per layer: [3121.263916015625, 57187.8125, 7.234742641448975]
alpha/beta optimization time: 2.1518514156341553
pruning_in_iteration open status: False
ratio of positive domain = 929 / 8192 = 0.1134033203125
pruning-in-iteration extra time: 7.772445678710938e-05
Time: pickout 0.3236    branching_decision 0.0011    decision 0.0011    set_bounds 0.1804    prepare 0.3287    transfer 0.0001    finalize 0.3378    func 2.8877    solve 1.3915    add 0.0365    bab_iteration 1.8167    
Accumulated time: bab_iteration 4.2806    pickout 0.6967    decision 0.0030    branching_decision 0.0029    set_bounds 0.5391    solve 3.4546    func 6.3421    prepare 0.5383    transfer 0.0003    finalize 0.7722    add 0.0887    
max lb 0.9841153621673584 min lb -3.075778007507324
Number of Verified Splits: 929 of 8192
Current worst splitting domains lb-rhs (depth):
-3.07578 (11), -3.07557 (12), -3.07557 (10), -3.07556 (12), -3.07551 (12), -3.07544 (12), -3.07494 (11), -3.07494 (11), -3.07475 (10), -3.07471 (12), -3.07471 (12), -3.07471 (12), -3.07470 (12), -3.07469 (12), -3.07466 (12), -3.07466 (12), -3.07464 (10), -3.07457 (12), -3.07454 (11), -3.07453 (12), 
Current (lb-rhs): -3.075778007507324
17922 domains visited
Length of domains: 7662
Cumulative time: 7.763138055801392

BaB round 8
batch: 4096
splitting decisions: 
split level 0: [/input-8, 12046] [/input-8, 8590] [/input, 1417] [/input-8, 8010] [/input, 457] [/input-8, 10063] [/input-8, 9661] [/input-8, 8069] [/input-8, 6679] [/input-8, 9027] 
best_l after optimization: -10935.31640625
beta sum per layer: [3822.04052734375, 65591.859375, 12.229047775268555]
alpha/beta optimization time: 2.1527631282806396
pruning_in_iteration open status: False
ratio of positive domain = 650 / 8192 = 0.079345703125
pruning-in-iteration extra time: 8.368492126464844e-05
Time: pickout 0.3262    branching_decision 0.0011    decision 0.0011    set_bounds 0.3375    prepare 0.1853    transfer 0.0001    finalize 0.3488    func 2.7554    solve 2.8878    add 0.0524    bab_iteration 3.4482    
Accumulated time: bab_iteration 7.7288    pickout 1.0229    decision 0.0042    branching_decision 0.0040    set_bounds 0.8767    solve 6.3423    func 9.0975    prepare 0.7236    transfer 0.0004    finalize 1.1210    add 0.1411    
max lb 1.4114799499511719 min lb -3.0755550861358643
Number of Verified Splits: 650 of 8192
Current worst splitting domains lb-rhs (depth):
-3.07578 (11), -3.07557 (12), -3.07557 (10), -3.07556 (13), -3.07551 (13), -3.07551 (13), -3.07514 (13), -3.07494 (11), -3.07494 (12), -3.07475 (10), -3.07471 (12), -3.07470 (13), -3.07470 (13), -3.07466 (13), -3.07466 (12), -3.07464 (13), -3.07464 (13), -3.07464 (10), -3.07462 (13), -3.07457 (12), 
Current (lb-rhs): -3.075778007507324
26114 domains visited
Length of domains: 11108
Cumulative time: 11.254857301712036

BaB round 9
batch: 4096
splitting decisions: 
split level 0: [/input-8, 5145] [/input, 3201] [/input-8, 10163] [/input, 4293] [/input-8, 6306] [/input-8, 2992] [/input-8, 7416] [/input-8, 5383] [/input-8, 3410] [/input-8, 9455] 
best_l after optimization: -10341.431640625
beta sum per layer: [4618.14794921875, 73637.9375, 15.970707893371582]
alpha/beta optimization time: 2.1527884006500244
pruning_in_iteration open status: False
ratio of positive domain = 787 / 8192 = 0.0960693359375
pruning-in-iteration extra time: 5.435943603515625e-05
Time: pickout 0.3288    branching_decision 0.0010    decision 0.0010    set_bounds 0.3537    prepare 0.1857    transfer 0.0001    finalize 0.3469    func 2.7528    solve 2.7555    add 0.0688    bab_iteration 3.4917    
Accumulated time: bab_iteration 11.2205    pickout 1.3517    decision 0.0052    branching_decision 0.0050    set_bounds 1.2303    solve 9.0978    func 11.8503    prepare 0.9093    transfer 0.0005    finalize 1.4679    add 0.2099    
max lb 1.2381129264831543 min lb -3.075505256652832
Number of Verified Splits: 787 of 8192
Current worst splitting domains lb-rhs (depth):
-3.07578 (11), -3.07557 (12), -3.07557 (10), -3.07556 (13), -3.07551 (14), -3.07551 (14), -3.07551 (13), -3.07497 (14), -3.07494 (11), -3.07475 (10), -3.07471 (12), -3.07470 (13), -3.07467 (14), -3.07466 (12), -3.07465 (14), -3.07464 (14), -3.07464 (13), -3.07464 (10), -3.07457 (12), -3.07455 (14), 
Current (lb-rhs): -3.075778007507324
34306 domains visited
Length of domains: 14417
Cumulative time: 14.747620344161987

BaB round 10
batch: 4096
splitting decisions: 
split level 0: [/input-8, 12503] [/input-8, 8764] [/input-8, 7274] [/input-8, 8827] [/input-8, 6626] [/input, 3452] [/input-8, 9008] [/input-8, 7664] [/input, 3150] [/input, 1133] 
best_l after optimization: -9964.404296875
beta sum per layer: [5541.02392578125, 80074.5, 17.986351013183594]
alpha/beta optimization time: 2.152968168258667
pruning_in_iteration open status: False
ratio of positive domain = 774 / 8192 = 0.094482421875
pruning-in-iteration extra time: 5.6743621826171875e-05
Time: pickout 0.3334    branching_decision 0.0010    decision 0.0010    set_bounds 0.3799    prepare 0.1862    transfer 0.0001    finalize 0.3527    func 2.7597    solve 2.7529    add 0.0535    bab_iteration 3.4928    
Accumulated time: bab_iteration 14.7133    pickout 1.6851    decision 0.0062    branching_decision 0.0060    set_bounds 1.6102    solve 11.8507    func 14.6100    prepare 1.0955    transfer 0.0005    finalize 1.8206    add 0.2634    
max lb 0.39225244522094727 min lb -3.075505256652832
Number of Verified Splits: 774 of 8192
Current worst splitting domains lb-rhs (depth):
-3.07578 (11), -3.07557 (12), -3.07557 (10), -3.07556 (13), -3.07551 (14), -3.07551 (13), -3.07551 (15), -3.07497 (15), -3.07494 (11), -3.07490 (15), -3.07475 (10), -3.07471 (12), -3.07470 (13), -3.07467 (15), -3.07467 (15), -3.07466 (12), -3.07465 (15), -3.07464 (13), -3.07464 (15), -3.07464 (15), 
Current (lb-rhs): -3.075778007507324
42498 domains visited
Length of domains: 17739
Cumulative time: 18.31677532196045

BaB round 11
batch: 4096
splitting decisions: 
split level 0: [/input-8, 6962] [/input-8, 3633] [/input, 3696] [/input, 3318] [/input-8, 8884] [/input-8, 4100] [/input-8, 3397] [/input-8, 5434] [/input-8, 11988] [/input, 3308] 
best_l after optimization: -9555.08203125
beta sum per layer: [6482.302734375, 85661.015625, 15.930490493774414]
alpha/beta optimization time: 2.153093099594116
pruning_in_iteration open status: False
ratio of positive domain = 1007 / 8192 = 0.1229248046875
pruning-in-iteration extra time: 7.700920104980469e-05
Time: pickout 0.3320    branching_decision 0.0010    decision 0.0010    set_bounds 0.1823    prepare 0.1864    transfer 0.0001    finalize 0.5513    func 2.9587    solve 2.7598    add 0.0918    bab_iteration 3.5691    
Accumulated time: bab_iteration 18.2824    pickout 2.0172    decision 0.0072    branching_decision 0.0070    set_bounds 1.7925    solve 14.6105    func 17.5687    prepare 1.2820    transfer 0.0006    finalize 2.3719    add 0.3551    
max lb 0.7040619850158691 min lb -3.0746684074401855
Number of Verified Splits: 1007 of 8192
Current worst splitting domains lb-rhs (depth):
-3.07578 (11), -3.07557 (12), -3.07557 (10), -3.07556 (13), -3.07551 (15), -3.07551 (13), -3.07551 (14), -3.07494 (11), -3.07490 (15), -3.07475 (10), -3.07471 (12), -3.07470 (13), -3.07467 (15), -3.07467 (16), -3.07466 (12), -3.07465 (15), -3.07464 (13), -3.07464 (15), -3.07464 (10), -3.07457 (12), 
Current (lb-rhs): -3.075778007507324
50690 domains visited
Length of domains: 20828
Cumulative time: 21.847041606903076

BaB round 12
batch: 4096
splitting decisions: 
split level 0: [/input-8, 8237] [/input-8, 7193] [/input-8, 6835] [/input-8, 8554] [/input, 1134] [/input-8, 6586] [/input-8, 3175] [/input-8, 3725] [/input, 3579] [/input-8, 5136] 
best_l after optimization: -9514.373046875
beta sum per layer: [7332.9560546875, 89386.90625, 11.752935409545898]
alpha/beta optimization time: 2.156137704849243
pruning_in_iteration open status: False
ratio of positive domain = 1182 / 8192 = 0.144287109375
pruning-in-iteration extra time: 8.726119995117188e-05
Time: pickout 0.3424    branching_decision 0.0010    decision 0.0010    set_bounds 0.1827    prepare 0.1884    transfer 0.0001    finalize 0.3332    func 3.0132    solve 2.9587    add 0.0526    bab_iteration 3.5303    
Accumulated time: bab_iteration 21.8127    pickout 2.3595    decision 0.0082    branching_decision 0.0080    set_bounds 1.9753    solve 17.5692    func 20.5819    prepare 1.4704    transfer 0.0007    finalize 2.7051    add 0.4078    
max lb 0.9722623825073242 min lb -3.0739083290100098
Number of Verified Splits: 1182 of 8192
Current worst splitting domains lb-rhs (depth):
-3.07578 (11), -3.07557 (12), -3.07557 (10), -3.07556 (13), -3.07551 (13), -3.07551 (14), -3.07551 (15), -3.07494 (11), -3.07490 (15), -3.07475 (10), -3.07471 (12), -3.07470 (13), -3.07467 (16), -3.07467 (15), -3.07466 (12), -3.07465 (15), -3.07464 (15), -3.07464 (13), -3.07464 (10), -3.07457 (12), 
Current (lb-rhs): -3.075778007507324
58882 domains visited
Length of domains: 23742
Cumulative time: 25.443532943725586

BaB round 13
batch: 4096
splitting decisions: 
split level 0: [/input-8, 8768] [/input-8, 6624] [/input-8, 5193] [/input-8, 3479] [/input-8, 9493] [/input-8, 8223] [/input-8, 5180] [/input, 5360] [/input-8, 12147] [/input-8, 4780] 
best_l after optimization: -9823.841796875
beta sum per layer: [8132.9990234375, 91636.359375, 9.823062896728516]
alpha/beta optimization time: 2.1535329818725586
pruning_in_iteration open status: False
ratio of positive domain = 1039 / 8192 = 0.1268310546875
pruning-in-iteration extra time: 5.817413330078125e-05
Time: pickout 0.3466    branching_decision 0.0010    decision 0.0010    set_bounds 0.1830    prepare 0.1877    transfer 0.0001    finalize 0.3537    func 2.7658    solve 3.0133    add 0.0533    bab_iteration 3.5965    
Accumulated time: bab_iteration 25.4092    pickout 2.7062    decision 0.0093    branching_decision 0.0090    set_bounds 2.1583    solve 20.5824    func 23.3476    prepare 1.6581    transfer 0.0007    finalize 3.0588    add 0.4611    
max lb 1.0044341087341309 min lb -3.073392868041992
Number of Verified Splits: 1039 of 8192
Current worst splitting domains lb-rhs (depth):
-3.07578 (11), -3.07557 (12), -3.07557 (10), -3.07556 (13), -3.07551 (15), -3.07551 (14), -3.07551 (13), -3.07494 (11), -3.07490 (15), -3.07475 (10), -3.07471 (12), -3.07470 (13), -3.07467 (15), -3.07467 (16), -3.07466 (12), -3.07465 (15), -3.07464 (15), -3.07464 (13), -3.07464 (10), -3.07457 (12), 
Current (lb-rhs): -3.075778007507324
67074 domains visited
Length of domains: 26799
Cumulative time: 28.799049615859985

BaB round 14
batch: 4096
splitting decisions: 
split level 0: [/input-8, 7563] [/input-8, 10146] [/input-8, 9595] [/input-8, 6947] [/input-8, 3258] [/input-8, 9655] [/input, 3464] [/input-8, 639] [/input-8, 6505] [/input-8, 6895] 
best_l after optimization: -9913.0078125
beta sum per layer: [9160.2958984375, 94395.703125, 8.80364990234375]
alpha/beta optimization time: 2.153752088546753
pruning_in_iteration open status: False
ratio of positive domain = 846 / 8192 = 0.103271484375
pruning-in-iteration extra time: 6.4849853515625e-05
Time: pickout 0.6190    branching_decision 0.0010    decision 0.0010    set_bounds 0.1859    prepare 0.1907    transfer 0.0001    finalize 0.3688    func 2.7837    solve 2.7658    add 0.0548    bab_iteration 3.3555    
Accumulated time: bab_iteration 28.7647    pickout 3.3251    decision 0.0103    branching_decision 0.0100    set_bounds 2.3442    solve 23.3483    func 26.1314    prepare 1.8488    transfer 0.0008    finalize 3.4275    add 0.5160    
max lb 1.0510194301605225 min lb -3.072896957397461
Number of Verified Splits: 846 of 8192
Current worst splitting domains lb-rhs (depth):
-3.07578 (11), -3.07557 (12), -3.07557 (10), -3.07556 (13), -3.07551 (14), -3.07551 (15), -3.07551 (13), -3.07494 (11), -3.07490 (15), -3.07475 (10), -3.07471 (12), -3.07470 (13), -3.07467 (16), -3.07467 (15), -3.07466 (12), -3.07465 (15), -3.07464 (15), -3.07464 (13), -3.07464 (10), -3.07457 (12), 
Current (lb-rhs): -3.075778007507324
75266 domains visited
Length of domains: 30049
Cumulative time: 32.44899129867554

BaB round 15
batch: 4096
splitting decisions: 
split level 0: [/input-8, 12461] [/input-8, 12089] [/input, 614] [/input, 5146] [/input-8, 6279] [/input-8, 6374] [/input, 1414] [/input-8, 3627] [/input-8, 4899] [/input-8, 9759] 
best_l after optimization: -9701.611328125
beta sum per layer: [10261.04296875, 99236.328125, 7.980325698852539]
alpha/beta optimization time: 2.1534955501556396
pruning_in_iteration open status: False
ratio of positive domain = 876 / 8192 = 0.10693359375
pruning-in-iteration extra time: 5.793571472167969e-05
Time: pickout 0.3458    branching_decision 0.0010    decision 0.0010    set_bounds 0.4750    prepare 0.1876    transfer 0.0001    finalize 0.3494    func 2.7595    solve 2.7838    add 0.0560    bab_iteration 3.6499    
Accumulated time: bab_iteration 32.4146    pickout 3.6710    decision 0.0113    branching_decision 0.0110    set_bounds 2.8192    solve 26.1320    func 28.8908    prepare 2.0364    transfer 0.0009    finalize 3.7769    add 0.5720    
max lb 0.8136899471282959 min lb -3.0728814601898193
Number of Verified Splits: 876 of 8192
Current worst splitting domains lb-rhs (depth):
-3.07578 (11), -3.07557 (12), -3.07557 (10), -3.07556 (13), -3.07551 (13), -3.07551 (15), -3.07551 (14), -3.07494 (11), -3.07490 (15), -3.07475 (10), -3.07471 (12), -3.07470 (13), -3.07467 (16), -3.07467 (15), -3.07466 (12), -3.07465 (15), -3.07464 (15), -3.07464 (13), -3.07464 (10), -3.07457 (12), 
Current (lb-rhs): -3.075778007507324
83458 domains visited
Length of domains: 33269
Cumulative time: 36.17233395576477

BaB round 16
batch: 4096
splitting decisions: 
split level 0: [/input-8, 9972] [/input-8, 3177] [/input-8, 4574] [/input-8, 8766] [/input-8, 433] [/input-8, 5065] [/input-8, 6562] [/input-8, 9600] [/input-8, 5240] [/input-8, 11799] 
best_l after optimization: -9586.171875
beta sum per layer: [11239.9453125, 104705.40625, 10.707971572875977]
alpha/beta optimization time: 2.154224395751953
pruning_in_iteration open status: False
ratio of positive domain = 880 / 8192 = 0.107421875
pruning-in-iteration extra time: 5.817413330078125e-05
Time: pickout 0.3494    branching_decision 0.0010    decision 0.0010    set_bounds 0.1840    prepare 0.1878    transfer 0.0001    finalize 0.3495    func 2.7610    solve 2.7595    add 0.1377    bab_iteration 3.7233    
Accumulated time: bab_iteration 36.1379    pickout 4.0204    decision 0.0123    branching_decision 0.0120    set_bounds 3.0032    solve 28.8915    func 31.6518    prepare 2.2242    transfer 0.0009    finalize 4.1264    add 0.7097    
max lb 1.231726884841919 min lb -3.068903684616089
Number of Verified Splits: 880 of 8192
Current worst splitting domains lb-rhs (depth):
-3.07578 (11), -3.07557 (12), -3.07557 (10), -3.07556 (13), -3.07551 (14), -3.07551 (15), -3.07551 (13), -3.07494 (11), -3.07490 (15), -3.07475 (10), -3.07471 (12), -3.07470 (13), -3.07467 (15), -3.07467 (16), -3.07466 (12), -3.07465 (15), -3.07464 (15), -3.07464 (13), -3.07464 (10), -3.07457 (12), 
Current (lb-rhs): -3.075778007507324
91650 domains visited
Length of domains: 36485
Cumulative time: 39.84283661842346

BaB round 17
batch: 4096
splitting decisions: 
split level 0: [/input, 1133] [/input-8, 12477] [/input, 3614] [/input, 6037] [/input-8, 8320] [/input-8, 8064] [/input-8, 8276] [/input-8, 3192] [/input, 3504] [/input-8, 3665] 
best_l after optimization: -9472.751953125
beta sum per layer: [11911.451171875, 110664.03125, 13.853555679321289]
alpha/beta optimization time: 2.153956174850464
pruning_in_iteration open status: False
ratio of positive domain = 891 / 8192 = 0.1087646484375
pruning-in-iteration extra time: 5.888938903808594e-05
Time: pickout 0.3508    branching_decision 0.0011    decision 0.0011    set_bounds 0.1842    prepare 0.1870    transfer 0.0001    finalize 0.3505    func 2.7645    solve 2.7611    add 0.3703    bab_iteration 3.6705    
Accumulated time: bab_iteration 39.8084    pickout 4.3712    decision 0.0134    branching_decision 0.0131    set_bounds 3.1874    solve 31.6526    func 34.4164    prepare 2.4113    transfer 0.0010    finalize 4.4769    add 1.0800    
max lb 1.450826644897461 min lb -3.0685060024261475
Number of Verified Splits: 893 of 8192
Current worst splitting domains lb-rhs (depth):
-3.07578 (11), -3.07557 (12), -3.07557 (10), -3.07556 (13), -3.07551 (13), -3.07551 (15), -3.07551 (14), -3.07494 (11), -3.07490 (15), -3.07475 (10), -3.07471 (12), -3.07470 (13), -3.07467 (16), -3.07467 (15), -3.07466 (12), -3.07465 (15), -3.07464 (13), -3.07464 (15), -3.07464 (10), -3.07457 (12), 
Current (lb-rhs): -3.075778007507324
99842 domains visited
Length of domains: 39688
Cumulative time: 43.2049355506897

BaB round 18
batch: 4096
splitting decisions: 
split level 0: [/input-8, 9267] [/input-8, 3445] [/input, 5213] [/input-8, 8899] [/input, 5972] [/input, 5028] [/input-8, 9854] [/input-8, 3181] [/input-8, 9063] [/input-8, 5209] 
best_l after optimization: -9347.2373046875
beta sum per layer: [12494.0859375, 116433.6640625, 12.908708572387695]
alpha/beta optimization time: 2.1555700302124023
pruning_in_iteration open status: False
ratio of positive domain = 984 / 8192 = 0.1201171875
pruning-in-iteration extra time: 6.651878356933594e-05
Time: pickout 0.3536    branching_decision 0.0010    decision 0.0010    set_bounds 0.1835    prepare 0.1909    transfer 0.0001    finalize 0.3426    func 3.1465    solve 2.7646    add 0.0564    bab_iteration 3.3621    
Accumulated time: bab_iteration 43.1705    pickout 4.7248    decision 0.0144    branching_decision 0.0141    set_bounds 3.3709    solve 34.4172    func 37.5629    prepare 2.6022    transfer 0.0011    finalize 4.8195    add 1.1364    
max lb 1.0601327419281006 min lb -3.0685060024261475
Number of Verified Splits: 984 of 8192
Current worst splitting domains lb-rhs (depth):
-3.07578 (11), -3.07557 (12), -3.07557 (10), -3.07556 (13), -3.07551 (13), -3.07551 (14), -3.07551 (15), -3.07494 (11), -3.07490 (15), -3.07475 (10), -3.07471 (12), -3.07470 (13), -3.07467 (16), -3.07467 (15), -3.07466 (12), -3.07465 (15), -3.07464 (13), -3.07464 (15), -3.07464 (10), -3.07457 (12), 
Current (lb-rhs): -3.075778007507324
108034 domains visited
Length of domains: 42800
Cumulative time: 46.95181202888489

BaB round 19
batch: 4096
splitting decisions: 
split level 0: [/input-8, 7844] [/input-8, 9271] [/input-8, 7385] [/input-8, 8564] [/input-8, 9484] [/input-8, 7217] [/input-8, 9194] [/input-8, 9902] [/input-8, 5147] [/input, 4898] 
best_l after optimization: -9377.8212890625
beta sum per layer: [13364.7314453125, 122183.875, 11.224340438842773]
alpha/beta optimization time: 2.1541059017181396
pruning_in_iteration open status: False
ratio of positive domain = 969 / 8192 = 0.1182861328125
pruning-in-iteration extra time: 6.556510925292969e-05
Time: pickout 0.3531    branching_decision 0.0010    decision 0.0010    set_bounds 0.1838    prepare 0.1880    transfer 0.0001    finalize 0.3635    func 2.7765    solve 3.1465    add 0.0569    bab_iteration 3.7469    
Accumulated time: bab_iteration 46.9174    pickout 5.0779    decision 0.0154    branching_decision 0.0151    set_bounds 3.5547    solve 37.5637    func 40.3393    prepare 2.7902    transfer 0.0012    finalize 5.1830    add 1.1933    
max lb 0.8410983085632324 min lb -3.0673582553863525
Number of Verified Splits: 969 of 8192
Current worst splitting domains lb-rhs (depth):
-3.07578 (11), -3.07557 (12), -3.07557 (10), -3.07556 (13), -3.07551 (13), -3.07551 (14), -3.07551 (15), -3.07494 (11), -3.07490 (15), -3.07475 (10), -3.07471 (12), -3.07470 (13), -3.07467 (16), -3.07467 (15), -3.07466 (12), -3.07465 (15), -3.07464 (15), -3.07464 (13), -3.07464 (10), -3.07457 (12), 
Current (lb-rhs): -3.075778007507324
116226 domains visited
Length of domains: 45927
Cumulative time: 50.3283429145813

BaB round 20
batch: 4096
splitting decisions: 
split level 0: [/input-8, 6302] [/input-8, 9769] [/input-8, 6355] [/input, 4749] [/input, 5204] [/input-8, 12405] [/input-8, 3382] [/input-8, 9760] [/input-8, 12482] [/input-8, 6520] 
best_l after optimization: -9368.66796875
beta sum per layer: [14447.1943359375, 129536.7421875, 6.078286170959473]
alpha/beta optimization time: 2.157639741897583
pruning_in_iteration open status: False
ratio of positive domain = 879 / 8192 = 0.1072998046875
pruning-in-iteration extra time: 5.793571472167969e-05
Time: pickout 0.3542    branching_decision 0.0010    decision 0.0010    set_bounds 0.5661    prepare 0.1888    transfer 0.0001    finalize 0.3676    func 2.7833    solve 2.7765    add 0.0564    bab_iteration 3.3765    
Accumulated time: bab_iteration 50.2939    pickout 5.4321    decision 0.0165    branching_decision 0.0161    set_bounds 4.1208    solve 40.3402    func 43.1226    prepare 2.9790    transfer 0.0012    finalize 5.5505    add 1.2497    
max lb 0.6534523963928223 min lb -3.067211389541626
Number of Verified Splits: 879 of 8192
Current worst splitting domains lb-rhs (depth):
-3.07578 (11), -3.07557 (12), -3.07557 (10), -3.07556 (13), -3.07551 (15), -3.07551 (14), -3.07551 (13), -3.07494 (11), -3.07490 (15), -3.07475 (10), -3.07471 (12), -3.07470 (13), -3.07467 (15), -3.07467 (16), -3.07466 (12), -3.07465 (15), -3.07464 (15), -3.07464 (13), -3.07464 (10), -3.07457 (12), 
Current (lb-rhs): -3.075778007507324
124418 domains visited
Length of domains: 49144
Cumulative time: 54.09853720664978

BaB round 21
batch: 4096
splitting decisions: 
split level 0: [/input-8, 9524] [/input-8, 3399] [/input-8, 12116] [/input-8, 12009] [/input-8, 8733] [/input-8, 7522] [/input, 374] [/input-8, 9747] [/input-8, 8229] [/input-8, 9743] 
best_l after optimization: -9251.64453125
beta sum per layer: [15795.9990234375, 135175.5625, 7.916051864624023]
alpha/beta optimization time: 2.1546530723571777
pruning_in_iteration open status: False
ratio of positive domain = 860 / 8192 = 0.10498046875
pruning-in-iteration extra time: 5.7697296142578125e-05
Time: pickout 0.3561    branching_decision 0.0010    decision 0.0011    set_bounds 0.1839    prepare 0.1894    transfer 0.0001    finalize 0.3710    func 2.7850    solve 2.7833    add 0.0596    bab_iteration 3.7702    
Accumulated time: bab_iteration 54.0641    pickout 5.7882    decision 0.0176    branching_decision 0.0171    set_bounds 4.3048    solve 43.1236    func 45.9076    prepare 3.1685    transfer 0.0013    finalize 5.9215    add 1.3093    
max lb 0.8093032836914062 min lb -3.053992509841919
Number of Verified Splits: 860 of 8192
Current worst splitting domains lb-rhs (depth):
-3.07578 (11), -3.07557 (12), -3.07557 (10), -3.07556 (13), -3.07551 (15), -3.07551 (13), -3.07551 (14), -3.07494 (11), -3.07490 (15), -3.07475 (10), -3.07471 (12), -3.07470 (13), -3.07467 (16), -3.07467 (15), -3.07466 (12), -3.07465 (15), -3.07464 (13), -3.07464 (15), -3.07464 (10), -3.07457 (12), 
Current (lb-rhs): -3.075778007507324
132610 domains visited
Length of domains: 52380
Cumulative time: 57.49044442176819

BaB round 22
batch: 4096
splitting decisions: 
split level 0: [/input-8, 3365] [/input-8, 8336] [/input, 4814] [/input, 3824] [/input-8, 11825] [/input, 2566] [/input-8, 3187] [/input, 3416] [/input, 2584] [/input, 641] 
best_l after optimization: -9069.212890625
beta sum per layer: [17215.595703125, 142755.09375, 11.713839530944824]
alpha/beta optimization time: 2.155627489089966
pruning_in_iteration open status: False
ratio of positive domain = 840 / 8192 = 0.1025390625
pruning-in-iteration extra time: 7.939338684082031e-05
Time: pickout 0.7770    branching_decision 0.0010    decision 0.0011    set_bounds 0.1841    prepare 0.1886    transfer 0.0001    finalize 0.3693    func 2.7831    solve 2.7850    add 0.0595    bab_iteration 3.3919    
Accumulated time: bab_iteration 57.4560    pickout 6.5652    decision 0.0186    branching_decision 0.0181    set_bounds 4.4889    solve 45.9086    func 48.6907    prepare 3.3570    transfer 0.0014    finalize 6.2908    add 1.3688    
max lb 1.4630794525146484 min lb -3.0538880825042725
Number of Verified Splits: 840 of 8192
Current worst splitting domains lb-rhs (depth):
-3.07578 (11), -3.07557 (12), -3.07557 (10), -3.07556 (13), -3.07551 (14), -3.07551 (15), -3.07551 (13), -3.07494 (11), -3.07490 (15), -3.07475 (10), -3.07471 (12), -3.07470 (13), -3.07467 (15), -3.07467 (16), -3.07466 (12), -3.07465 (15), -3.07464 (13), -3.07464 (15), -3.07464 (10), -3.07457 (12), 
Current (lb-rhs): -3.075778007507324
140802 domains visited
Length of domains: 55636
Time out!!!!!!!!
Result: unknown in 63.3623 seconds

 %%%%%%%%%%%%%%%%%%%%%%%%%%%%%%%%%%% idx: 2, vnnlib ID: 2 %%%%%%%%%%%%%%%%%%%%%%%%%%%%%%%%%%%
Finished vnnlib processing in 0.001656 seconds
Model: BoundedModule(
  (/input-1): BoundInput(name=/input-1, inputs=[], perturbed=True)
  (/shape): BoundBuffers(name=/shape, inputs=[], perturbed=False)
  (/12): BoundParams(name=/12, inputs=[], perturbed=False)
  (/13): BoundParams(name=/13, inputs=[], perturbed=False)
  (/14): BoundParams(name=/14, inputs=[], perturbed=False)
  (/15): BoundParams(name=/15, inputs=[], perturbed=False)
  (/16): BoundParams(name=/16, inputs=[], perturbed=False)
  (/17): BoundParams(name=/17, inputs=[], perturbed=False)
  (/18): BoundParams(name=/18, inputs=[], perturbed=False)
  (/19): BoundParams(name=/19, inputs=[], perturbed=False)
  (/20): BoundParams(name=/20, inputs=[], perturbed=False)
  (/21): BoundParams(name=/21, inputs=[], perturbed=False)
  (/input): BoundConv(name=/input, inputs=[/input-1, /12, /13], perturbed=True)
  (/input-4): BoundRelu(name=/input-4, inputs=[/input], perturbed=True)
  (/24): BoundConv(name=/24, inputs=[/input-4, /14, /15], perturbed=True)
  (/25): BoundConv(name=/25, inputs=[/input-4, /16, /17], perturbed=True)
  (/26): BoundAdd(name=/26, inputs=[/24, /25], perturbed=True)
  (/input-8): BoundConcat(name=/input-8, inputs=[/input, /26], perturbed=True)
  (/tensor): BoundRelu(name=/tensor, inputs=[/input-8], perturbed=True)
  (/30): BoundSplit(name=/30, inputs=[/tensor], perturbed=True)
  (/31): BoundSplit(name=/31, inputs=[/shape], perturbed=False)
  (/32): BoundSplit(name=/32, inputs=[/shape], perturbed=False)
  (/33): BoundConstant(name=/33, value=tensor([0], device='cuda:0'))
  (/34): BoundSqueeze(name=/34, inputs=[/31, /33], perturbed=False)
  (/35): BoundConstant(name=/35, value=tensor([0], device='cuda:0'))
  (/36): BoundSqueeze(name=/36, inputs=[/32, /35], perturbed=False)
  (/37): BoundConstant(name=/37, value=tensor([0], device='cuda:0'))
  (/38): BoundUnsqueeze(name=/38, inputs=[/34, /37], perturbed=False)
  (/39): BoundConstant(name=/39, value=tensor([0], device='cuda:0'))
  (/40): BoundUnsqueeze(name=/40, inputs=[/36, /39], perturbed=False)
  (/41): BoundConcat(name=/41, inputs=[/38, /40], perturbed=False)
  (/42): BoundReshape(name=/42, inputs=[/30, /41], perturbed=True)
  (/input-12): BoundLinear(name=/input-12, inputs=[/42, /18, /19], perturbed=True)
  (/44): BoundRelu(name=/44, inputs=[/input-12], perturbed=True)
  (/45): BoundLinear(name=/45, inputs=[/44, /20, /21], perturbed=True)
)
Original output in the first batch: tensor([[-4.01014233,  4.31233358,  0.73387587, -0.85888243, -1.85305274,
         -0.55965620,  0.55245036, -0.92031461, -0.36660531, -2.92427611]],
       device='cuda:0')
Split layers:
Nonlinear functions:
   BoundRelu(name=/input-4, inputs=[/input], perturbed=True)
   BoundRelu(name=/tensor, inputs=[/input-8], perturbed=True)
   BoundRelu(name=/44, inputs=[/input-12], perturbed=True)
build batch [1/1]
layer /input-4 using sparse-features alpha with shape [1544]; unstable size 1544; total size 6272 ([1, 8, 28, 28])
layer /input-4 start_node /input-12 using sparse-spec alpha [2, 31, 1, 1544] with unstable size 30 total_size 64 output_shape torch.Size([64])
layer /input-4 start_node /45 using full alpha [2, 9, 1, 1544] with unstable size None total_size 9 output_shape 9
layer /tensor using sparse-features alpha with shape [5375]; unstable size 5375; total size 12544 ([1, 16, 28, 28])
layer /tensor start_node /input-12 using sparse-spec alpha [2, 31, 1, 5375] with unstable size 30 total_size 64 output_shape torch.Size([64])
layer /tensor start_node /45 using full alpha [2, 9, 1, 5375] with unstable size None total_size 9 output_shape 9
layer /44 using sparse-features alpha with shape [30]; unstable size 30; total size 64 ([1, 64])
layer /44 start_node /45 using full alpha [2, 9, 1, 30] with unstable size None total_size 9 output_shape 9
Optimizable variables initialized.
initial CROWN bounds (first 10 items): [-4.385368824005127, -7.153098106384277, -6.81905460357666, -3.68125057220459, -5.108532428741455, -7.110293865203857, -6.558797836303711, -3.764514923095703, -4.195350646972656]
prune_after_crown optimization in use
  original spec size = torch.Size([1, 9])
  pruned spec size = torch.Size([1, 9])
Using alpha-CROWN to initialize bounds.
best_l after optimization: -45.2576904296875
alpha/beta optimization time: 1.2936038970947266
initial alpha-crown bounds (first 10 items): [-3.962049961090088, -6.852250576019287, -6.348753929138184, -3.2870702743530273, -4.854924201965332, -6.587735176086426, -6.133404731750488, -3.474238395690918, -3.757265567779541]
Global lower bound: -6.852250576019287
0 / 9 OR specs are verified.
Verified OR indices (first 10 items): []
Verified OR lbs (first 10 items): []
Unverified OR indices (first 10 items): [0, 1, 2, 3, 4, 5, 6, 7, 8]
Unverified OR lbs (first 10 items): [[-3.962049961090088], [-6.852250576019287], [-6.348753929138184], [-3.2870702743530273], [-4.854924201965332], [-6.587735176086426], [-6.133404731750488], [-3.474238395690918], [-3.757265567779541]]
###### Verifying property Instance 2 ######
Batch size: 9
First 10 spec matrices
C: tensor([[[-1.,  1.,  0.,  0.,  0.,  0.,  0.,  0.,  0.,  0.]],

        [[ 0.,  1., -1.,  0.,  0.,  0.,  0.,  0.,  0.,  0.]],

        [[ 0.,  1.,  0., -1.,  0.,  0.,  0.,  0.,  0.,  0.]],

        [[ 0.,  1.,  0.,  0., -1.,  0.,  0.,  0.,  0.,  0.]],

        [[ 0.,  1.,  0.,  0.,  0., -1.,  0.,  0.,  0.,  0.]],

        [[ 0.,  1.,  0.,  0.,  0.,  0., -1.,  0.,  0.,  0.]],

        [[ 0.,  1.,  0.,  0.,  0.,  0.,  0., -1.,  0.,  0.]],

        [[ 0.,  1.,  0.,  0.,  0.,  0.,  0.,  0., -1.,  0.]],

        [[ 0.,  1.,  0.,  0.,  0.,  0.,  0.,  0.,  0., -1.]]], device='cuda:0')
RHS: tensor([[0.],
        [0.],
        [0.],
        [0.],
        [0.],
        [0.],
        [0.],
        [0.],
        [0.]], device='cuda:0')
OR spec sizes: tensor([1, 1, 1, 1, 1, 1, 1, 1, 1], device='cuda:0', dtype=torch.int32)
Remaining timeout: 58.31191682815552
Model prediction is: tensor([-4.01014233,  4.31233358,  0.73387587, -0.85888243, -1.85305274,
        -0.55965620,  0.55245036, -0.92031461, -0.36660531, -2.92427611],
       device='cuda:0')
Activation BaB batch 1/1 
build_with_refined_bounds batch [1/1]
Optimizable variables initialized.
all alpha initialized
directly get lb and ub from refined bounds
c shape: torch.Size([9, 1, 10])
lA shapes: [torch.Size([9, 1, 8, 28, 28]), torch.Size([9, 1, 16, 28, 28]), torch.Size([9, 1, 64])]
(alpha-)CROWN with fixed intermediate bounds: tensor([[-3.96204996],
        [-6.85225058],
        [-6.34875393],
        [-3.28707027],
        [-4.85492420],
        [-6.58773518],
        [-6.13340473],
        [-3.47423840],
        [-3.75726557]], device='cuda:0') tensor([[inf],
        [inf],
        [inf],
        [inf],
        [inf],
        [inf],
        [inf],
        [inf],
        [inf]], device='cuda:0')
Intermediate layers: /input,/input-8,/input-12
Keeping alphas for these layers: ['/45']
Node /input-4 input 0: size torch.Size([8, 28, 28]) unstable 1544
Node /tensor input 0: size torch.Size([16, 28, 28]) unstable 5375
Node /44 input 0: size torch.Size([64]) unstable 30
-----------------
# of unstable neurons: 6949
-----------------

BaB round 1
batch: 9
splitting decisions: 
split level 0: [/input, 3221] [/input-8, 11816] [/input-8, 9037] [/input-8, 5428] [/input, 3316] [/input-8, 9533] [/input-8, 7579] [/input-8, 7407] [/input-8, 12037] 
split level 1: [/input-8, 9470] [/input-8, 9663] [/input-8, 5429] [/input-8, 7702] [/input-8, 8036] [/input, 4936] [/input-8, 9131] [/input-8, 3295] [/input-8, 12226] 
split level 2: [/input-8, 7453] [/input-8, 12481] [/input-8, 12098] [/input-8, 6387] [/input-8, 7841] [/input, 3669] [/input-8, 9581] [/input-8, 11996] [/input, 2454] 
split level 3: [/input-8, 3795] [/input, 3696] [/input-8, 3878] [/input-8, 9232] [/input, 5432] [/input-8, 8570] [/input-8, 7199] [/input, 4901] [/input, 5051] 
best_l after optimization: -709.5987548828125
beta sum per layer: [11.422401428222656, 76.0250015258789, 0.0]
alpha/beta optimization time: 0.14619779586791992
pruning_in_iteration open status: False
ratio of positive domain = 0 / 144 = 0.0
pruning-in-iteration extra time: 5.507469177246094e-05
Time: pickout 0.0014    branching_decision 0.0001    decision 0.0001    set_bounds 0.0069    prepare 0.0020    transfer 0.0000    finalize 0.0071    func 0.1599    
Accumulated time: bab_iteration 0.0000    pickout 0.0014    decision 0.0001    branching_decision 0.0001    set_bounds 0.0069    solve 0.0000    func 0.1599    prepare 0.0020    transfer 0.0000    finalize 0.0071    
max lb -2.9190456867218018 min lb -6.851039886474609
Number of Verified Splits: 0 of 144
Current worst splitting domains lb-rhs (depth):
-6.85104 (4), -6.85063 (4), -6.84923 (4), -6.84892 (4), -6.84866 (4), -6.84859 (4), -6.84835 (4), -6.84827 (4), -6.84694 (4), -6.84678 (4), -6.84666 (4), -6.84647 (4), -6.84622 (4), -6.84594 (4), -6.84451 (4), -6.84422 (4), -6.58751 (4), -6.58745 (4), -6.58738 (4), -6.58732 (4), 
Current (lb-rhs): -6.851039886474609
144 domains visited
Length of domains: 144
Cumulative time: 0.21715068817138672

BaB round 2
batch: 144
splitting decisions: 
split level 0: [/input, 3382] [/input-8, 12252] [/input-8, 4784] [/input-8, 5468] [/input-8, 12476] [/input, 5270] [/input-8, 9838] [/input-8, 5226] [/input-8, 3509] [/input-8, 3316] 
best_l after optimization: -1389.431640625
beta sum per layer: [29.80224609375, 301.453369140625, 0.6943751573562622]
alpha/beta optimization time: 0.1490180492401123
pruning_in_iteration open status: False
ratio of positive domain = 0 / 288 = 0.0
pruning-in-iteration extra time: 6.031990051269531e-05
Time: pickout 0.0121    branching_decision 0.0001    decision 0.0001    set_bounds 0.0068    prepare 0.0065    transfer 0.0000    finalize 0.0133    func 0.1748    solve 0.1600    add 0.0020    bab_iteration 0.1706    
Accumulated time: bab_iteration 0.1706    pickout 0.0136    decision 0.0002    branching_decision 0.0002    set_bounds 0.0137    solve 0.1600    func 0.3347    prepare 0.0085    transfer 0.0001    finalize 0.0204    add 0.0020    
max lb -2.3857455253601074 min lb -6.85102653503418
Number of Verified Splits: 0 of 288
Current worst splitting domains lb-rhs (depth):
-6.85103 (5), -6.85053 (5), -6.85053 (5), -6.84853 (5), -6.84853 (5), -6.84851 (5), -6.84851 (5), -6.84841 (5), -6.84833 (5), -6.84833 (5), -6.84808 (5), -6.84683 (5), -6.84655 (5), -6.84641 (5), -6.84626 (5), -6.84617 (5), -6.84582 (5), -6.84578 (5), -6.84572 (5), -6.84571 (5), 
Current (lb-rhs): -6.85102653503418
432 domains visited
Length of domains: 288
Cumulative time: 0.4143412113189697

BaB round 3
batch: 288
splitting decisions: 
split level 0: [/input-8, 3259] [/input-8, 8807] [/input-8, 7323] [/input-8, 7935] [/input-8, 8091] [/input, 5334] [/input-8, 12291] [/input-8, 9335] [/input-8, 9517] [/input, 627] 
best_l after optimization: -2707.679443359375
beta sum per layer: [76.72090911865234, 935.22509765625, 3.6789228916168213]
alpha/beta optimization time: 0.1824202537536621
pruning_in_iteration open status: False
ratio of positive domain = 0 / 576 = 0.0
pruning-in-iteration extra time: 5.984306335449219e-05
Time: pickout 0.0245    branching_decision 0.0002    decision 0.0002    set_bounds 0.0135    prepare 0.0125    transfer 0.0000    finalize 0.0259    func 0.2289    solve 0.1748    add 0.0032    bab_iteration 0.1972    
Accumulated time: bab_iteration 0.3678    pickout 0.0381    decision 0.0004    branching_decision 0.0003    set_bounds 0.0272    solve 0.3348    func 0.5636    prepare 0.0210    transfer 0.0001    finalize 0.0463    add 0.0052    
max lb -1.270678997039795 min lb -6.851024627685547
Number of Verified Splits: 0 of 576
Current worst splitting domains lb-rhs (depth):
-6.85102 (6), -6.85099 (6), -6.85053 (6), -6.85053 (6), -6.85050 (6), -6.84848 (6), -6.84848 (6), -6.84848 (6), -6.84843 (6), -6.84841 (6), -6.84811 (6), -6.84802 (6), -6.84802 (6), -6.84802 (6), -6.84713 (6), -6.84631 (6), -6.84621 (6), -6.84621 (6), -6.84616 (6), -6.84616 (6), 
Current (lb-rhs): -6.851024627685547
1008 domains visited
Length of domains: 576
Cumulative time: 0.6883771419525146

BaB round 4
batch: 576
splitting decisions: 
split level 0: [/input, 4962] [/input-8, 5486] [/input-8, 11895] [/input, 5086] [/input-8, 9735] [/input-8, 3271] [/input-8, 5294] [/input-8, 10046] [/input-8, 3775] [/input-8, 7772] 
best_l after optimization: -5260.47265625
beta sum per layer: [202.23544311523438, 2649.63232421875, 9.568365097045898]
alpha/beta optimization time: 0.27754688262939453
pruning_in_iteration open status: False
ratio of positive domain = 0 / 1152 = 0.0
pruning-in-iteration extra time: 5.3882598876953125e-05
Time: pickout 0.0466    branching_decision 0.0004    decision 0.0004    set_bounds 0.0259    prepare 0.0248    transfer 0.0000    finalize 0.0582    func 0.3736    solve 0.2289    add 0.0067    bab_iteration 0.2740    
Accumulated time: bab_iteration 0.6418    pickout 0.0847    decision 0.0008    branching_decision 0.0007    set_bounds 0.0530    solve 0.5637    func 0.9372    prepare 0.0458    transfer 0.0002    finalize 0.1046    add 0.0118    
max lb -0.17238712310791016 min lb -6.850867748260498
Number of Verified Splits: 0 of 1152
Current worst splitting domains lb-rhs (depth):
-6.85087 (7), -6.85082 (7), -6.85067 (7), -6.84883 (7), -6.84845 (7), -6.84843 (7), -6.84841 (7), -6.84841 (7), -6.84841 (7), -6.84812 (7), -6.84788 (7), -6.84784 (7), -6.84773 (7), -6.84773 (7), -6.84773 (7), -6.84773 (7), -6.84724 (7), -6.84701 (7), -6.84700 (7), -6.84700 (7), 
Current (lb-rhs): -6.850867748260498
2160 domains visited
Length of domains: 1152
Cumulative time: 1.1479949951171875

BaB round 5
batch: 1152
splitting decisions: 
split level 0: [/input-8, 12171] [/input-8, 9199] [/input-8, 4930] [/input-8, 5225] [/input-8, 9985] [/input-8, 5010] [/input-8, 8640] [/input-8, 8397] [/input-8, 351] [/input, 4020] 
best_l after optimization: -10175.373046875
beta sum per layer: [518.7409057617188, 7023.4287109375, 26.340660095214844]
alpha/beta optimization time: 0.6079046726226807
pruning_in_iteration open status: False
ratio of positive domain = 6 / 2304 = 0.0026041666666666297
pruning-in-iteration extra time: 5.245208740234375e-05
Time: pickout 0.0920    branching_decision 0.0005    decision 0.0006    set_bounds 0.0505    prepare 0.0498    transfer 0.0000    finalize 0.1093    func 0.7897    solve 0.3736    add 0.0128    bab_iteration 0.4596    
Accumulated time: bab_iteration 1.1014    pickout 0.1767    decision 0.0013    branching_decision 0.0012    set_bounds 0.1035    solve 0.9373    func 1.7269    prepare 0.0955    transfer 0.0002    finalize 0.2138    add 0.0246    
max lb 0.8456437587738037 min lb -6.850862503051758
Number of Verified Splits: 6 of 2304
Current worst splitting domains lb-rhs (depth):
-6.85086 (8), -6.85081 (8), -6.85063 (8), -6.85010 (8), -6.84834 (8), -6.84832 (8), -6.84827 (8), -6.84827 (8), -6.84791 (8), -6.84785 (8), -6.84785 (8), -6.84760 (8), -6.84760 (8), -6.84758 (8), -6.84758 (8), -6.84758 (8), -6.84758 (8), -6.84743 (8), -6.84701 (8), -6.84701 (8), 
Current (lb-rhs): -6.850862503051758
4464 domains visited
Length of domains: 2298
Cumulative time: 2.103684186935425

BaB round 6
batch: 2048
splitting decisions: 
split level 0: [/input-8, 6639] [/input-8, 4814] [/input-8, 5071] [/input-8, 8398] [/input-8, 4906] [/input-8, 3254] [/input, 5352] [/input-8, 8257] [/input, 5459] [/input-8, 2788] 
best_l after optimization: -17459.51171875
beta sum per layer: [1159.15576171875, 16010.20703125, 36.89314270019531]
alpha/beta optimization time: 1.1015055179595947
pruning_in_iteration open status: False
ratio of positive domain = 6 / 4096 = 0.00146484375
pruning-in-iteration extra time: 7.605552673339844e-05
Time: pickout 0.1652    branching_decision 0.0008    decision 0.0008    set_bounds 0.0911    prepare 0.0898    transfer 0.0001    finalize 0.3255    func 1.5553    solve 0.7897    add 0.0220    bab_iteration 0.9557    
Accumulated time: bab_iteration 2.0571    pickout 0.3420    decision 0.0021    branching_decision 0.0019    set_bounds 0.1946    solve 1.7271    func 3.2822    prepare 0.1854    transfer 0.0003    finalize 0.5393    add 0.0466    
max lb 0.17542481422424316 min lb -6.850811004638672
Number of Verified Splits: 6 of 4096
Current worst splitting domains lb-rhs (depth):
-6.85086 (8), -6.85081 (9), -6.85081 (9), -6.85062 (9), -6.85000 (9), -6.84832 (8), -6.84831 (9), -6.84818 (9), -6.84782 (9), -6.84782 (9), -6.84778 (9), -6.84758 (8), -6.84744 (9), -6.84744 (9), -6.84738 (9), -6.84738 (9), -6.84729 (9), -6.84701 (9), -6.84700 (9), -6.84697 (9), 
Current (lb-rhs): -6.850862503051758
8560 domains visited
Length of domains: 4340
current_vram/total_varm: 11.3GB/47.7GB, batch_size increase to 4096
Cumulative time: 3.9555821418762207

BaB round 7
batch: 4096
splitting decisions: 
split level 0: [/input, 4975] [/input-8, 4355] [/input, 4846] [/input, 3250] [/input-8, 8729] [/input-8, 5336] [/input-8, 7565] [/input-8, 8980] [/input-8, 5147] [/input-8, 8814] 
best_l after optimization: -33537.0390625
beta sum per layer: [2749.98095703125, 39334.4296875, 91.54873657226562]
alpha/beta optimization time: 2.1948397159576416
pruning_in_iteration open status: False
ratio of positive domain = 46 / 8192 = 0.005615234375
pruning-in-iteration extra time: 5.841255187988281e-05
Time: pickout 0.3300    branching_decision 0.0011    decision 0.0012    set_bounds 0.1802    prepare 0.1843    transfer 0.0001    finalize 0.5453    func 2.9972    solve 1.5554    add 0.0375    bab_iteration 1.8519    
Accumulated time: bab_iteration 3.9090    pickout 0.6720    decision 0.0033    branching_decision 0.0031    set_bounds 0.3747    solve 3.2824    func 6.2794    prepare 0.3697    transfer 0.0003    finalize 1.0846    add 0.0842    
max lb 1.5444626808166504 min lb -6.850811004638672
Number of Verified Splits: 46 of 8192
Current worst splitting domains lb-rhs (depth):
-6.85086 (8), -6.85081 (10), -6.85081 (10), -6.85061 (10), -6.84990 (10), -6.84990 (10), -6.84832 (8), -6.84829 (10), -6.84780 (10), -6.84767 (10), -6.84767 (10), -6.84758 (8), -6.84727 (10), -6.84715 (10), -6.84706 (10), -6.84701 (10), -6.84701 (10), -6.84700 (10), -6.84700 (10), -6.84700 (10), 
Current (lb-rhs): -6.850862503051758
16752 domains visited
Length of domains: 8390
Cumulative time: 7.533445358276367

BaB round 8
batch: 4096
splitting decisions: 
split level 0: [/input-8, 3139] [/input-8, 6918] [/input, 3713] [/input-8, 4883] [/input-8, 12288] [/input, 5122] [/input, 5242] [/input-8, 9492] [/input-8, 8718] [/input-8, 11767] 
best_l after optimization: -32066.994140625
beta sum per layer: [3312.517578125, 47705.7890625, 131.87576293945312]
alpha/beta optimization time: 2.190673828125
pruning_in_iteration open status: False
ratio of positive domain = 80 / 8192 = 0.009765625
pruning-in-iteration extra time: 5.626678466796875e-05
Time: pickout 0.3336    branching_decision 0.0011    decision 0.0011    set_bounds 0.3407    prepare 0.1866    transfer 0.0001    finalize 0.4042    func 2.8513    solve 2.9973    add 0.0665    bab_iteration 3.5779    
Accumulated time: bab_iteration 7.4868    pickout 1.0056    decision 0.0044    branching_decision 0.0042    set_bounds 0.7154    solve 6.2797    func 9.1308    prepare 0.5562    transfer 0.0004    finalize 1.4888    add 0.1507    
max lb 0.9964802265167236 min lb -6.850604057312012
Number of Verified Splits: 80 of 8192
Current worst splitting domains lb-rhs (depth):
-6.85086 (8), -6.85081 (10), -6.85081 (10), -6.85060 (11), -6.84990 (10), -6.84981 (11), -6.84913 (11), -6.84832 (8), -6.84827 (11), -6.84780 (10), -6.84767 (10), -6.84758 (8), -6.84743 (11), -6.84727 (10), -6.84706 (11), -6.84702 (11), -6.84701 (10), -6.84701 (11), -6.84700 (10), -6.84700 (11), 
Current (lb-rhs): -6.850862503051758
24944 domains visited
Length of domains: 12406
Cumulative time: 11.125419855117798

BaB round 9
batch: 4096
splitting decisions: 
split level 0: [/input-8, 9345] [/input-8, 3535] [/input-8, 3887] [/input-8, 626] [/input-8, 8896] [/input-8, 11834] [/input-8, 9081] [/input-8, 11783] [/input-8, 7033] [/input, 5198] 
best_l after optimization: -30632.66015625
beta sum per layer: [3873.362548828125, 56553.62109375, 158.129150390625]
alpha/beta optimization time: 2.1907966136932373
pruning_in_iteration open status: False
ratio of positive domain = 123 / 8192 = 0.0150146484375
pruning-in-iteration extra time: 5.650520324707031e-05
Time: pickout 0.3375    branching_decision 0.0011    decision 0.0011    set_bounds 0.3585    prepare 0.1873    transfer 0.0001    finalize 0.4025    func 2.8501    solve 2.8514    add 0.0624    bab_iteration 3.5920    
Accumulated time: bab_iteration 11.0788    pickout 1.3431    decision 0.0055    branching_decision 0.0053    set_bounds 1.0739    solve 9.1311    func 11.9808    prepare 0.7436    transfer 0.0005    finalize 1.8913    add 0.2132    
max lb 0.8058691024780273 min lb -6.849206924438477
Number of Verified Splits: 123 of 8192
Current worst splitting domains lb-rhs (depth):
-6.85086 (8), -6.85081 (10), -6.85081 (10), -6.85060 (11), -6.84990 (10), -6.84921 (12), -6.84913 (11), -6.84832 (8), -6.84827 (11), -6.84780 (10), -6.84767 (10), -6.84758 (8), -6.84743 (11), -6.84727 (10), -6.84706 (11), -6.84701 (12), -6.84701 (10), -6.84701 (12), -6.84700 (10), -6.84700 (10), 
Current (lb-rhs): -6.850862503051758
33136 domains visited
Length of domains: 16379
Cumulative time: 14.73954725265503

BaB round 10
batch: 4096
splitting decisions: 
split level 0: [/input, 5483] [/input-8, 12289] [/input, 3412] [/input, 5086] [/input-8, 4865] [/input-8, 7445] [/input-8, 12050] [/input-8, 12244] [/input-8, 8158] [/input-8, 7458] 
best_l after optimization: -29254.306640625
beta sum per layer: [4509.46484375, 65793.3203125, 183.41748046875]
alpha/beta optimization time: 2.191272497177124
pruning_in_iteration open status: False
ratio of positive domain = 146 / 8192 = 0.017822265625
pruning-in-iteration extra time: 5.745887756347656e-05
Time: pickout 0.3421    branching_decision 0.0010    decision 0.0011    set_bounds 0.3841    prepare 0.1875    transfer 0.0001    finalize 0.4033    func 2.8511    solve 2.8501    add 0.0636    bab_iteration 3.6141    
Accumulated time: bab_iteration 14.6929    pickout 1.6852    decision 0.0066    branching_decision 0.0063    set_bounds 1.4580    solve 11.9812    func 14.8319    prepare 0.9311    transfer 0.0005    finalize 2.2946    add 0.2767    
max lb 0.3273506164550781 min lb -6.847009181976318
Number of Verified Splits: 146 of 8192
Current worst splitting domains lb-rhs (depth):
-6.85086 (8), -6.85081 (10), -6.85081 (10), -6.85060 (11), -6.84990 (10), -6.84913 (11), -6.84832 (8), -6.84827 (11), -6.84780 (10), -6.84767 (10), -6.84758 (8), -6.84743 (11), -6.84727 (10), -6.84706 (11), -6.84701 (10), -6.84701 (12), -6.84701 (13), -6.84700 (10), -6.84700 (10), -6.84697 (10), 
Current (lb-rhs): -6.850862503051758
41328 domains visited
Length of domains: 20329
Cumulative time: 18.425766944885254

BaB round 11
batch: 4096
splitting decisions: 
split level 0: [/input, 3350] [/input-8, 9667] [/input, 5462] [/input-8, 6546] [/input-8, 12144] [/input-8, 9968] [/input-8, 3140] [/input-8, 9109] [/input-8, 626] [/input, 4907] 
best_l after optimization: -27815.744140625
beta sum per layer: [5185.8798828125, 74995.8828125, 220.4578857421875]
alpha/beta optimization time: 2.191502094268799
pruning_in_iteration open status: False
ratio of positive domain = 231 / 8192 = 0.0281982421875
pruning-in-iteration extra time: 5.793571472167969e-05
Time: pickout 0.3433    branching_decision 0.0011    decision 0.0011    set_bounds 0.1822    prepare 0.1870    transfer 0.0001    finalize 0.6220    func 3.0696    solve 2.8512    add 0.1044    bab_iteration 3.6862    
Accumulated time: bab_iteration 18.3791    pickout 2.0285    decision 0.0077    branching_decision 0.0074    set_bounds 1.6402    solve 14.8324    func 17.9015    prepare 1.1181    transfer 0.0006    finalize 2.9166    add 0.3812    
max lb 0.5624990463256836 min lb -6.846968650817871
Number of Verified Splits: 231 of 8192
Current worst splitting domains lb-rhs (depth):
-6.85086 (8), -6.85081 (10), -6.85081 (10), -6.85060 (11), -6.84990 (10), -6.84913 (11), -6.84832 (8), -6.84827 (11), -6.84780 (10), -6.84767 (10), -6.84758 (8), -6.84743 (11), -6.84727 (10), -6.84706 (11), -6.84701 (10), -6.84701 (12), -6.84700 (10), -6.84700 (10), -6.84697 (13), -6.84697 (14), 
Current (lb-rhs): -6.850862503051758
49520 domains visited
Length of domains: 24194
Cumulative time: 22.091519832611084

BaB round 12
batch: 4096
splitting decisions: 
split level 0: [/input-8, 8784] [/input-8, 12402] [/input-8, 6968] [/input, 4968] [/input, 5386] [/input-8, 9604] [/input, 4798] [/input-8, 7200] [/input-8, 9638] [/input-8, 7045] 
best_l after optimization: -26660.453125
beta sum per layer: [5901.57421875, 83531.78125, 248.05953979492188]
alpha/beta optimization time: 2.192930221557617
pruning_in_iteration open status: False
ratio of positive domain = 321 / 8192 = 0.0391845703125
pruning-in-iteration extra time: 5.841255187988281e-05
Time: pickout 0.3469    branching_decision 0.0011    decision 0.0011    set_bounds 0.1825    prepare 0.1881    transfer 0.0001    finalize 0.3963    func 3.1120    solve 3.0696    add 0.0659    bab_iteration 3.6657    
Accumulated time: bab_iteration 22.0449    pickout 2.3755    decision 0.0088    branching_decision 0.0085    set_bounds 1.8227    solve 17.9020    func 21.0135    prepare 1.3062    transfer 0.0006    finalize 3.3129    add 0.4471    
max lb 0.8948888778686523 min lb -6.846968650817871
Number of Verified Splits: 321 of 8192
Current worst splitting domains lb-rhs (depth):
-6.85086 (8), -6.85081 (10), -6.85081 (10), -6.85060 (11), -6.84990 (10), -6.84913 (11), -6.84832 (8), -6.84827 (11), -6.84780 (10), -6.84767 (10), -6.84758 (8), -6.84743 (11), -6.84727 (10), -6.84706 (11), -6.84701 (12), -6.84701 (10), -6.84700 (10), -6.84700 (10), -6.84697 (12), -6.84697 (15), 
Current (lb-rhs): -6.850862503051758
57712 domains visited
Length of domains: 27969
Cumulative time: 25.80292248725891

BaB round 13
batch: 4096
splitting decisions: 
split level 0: [/input-8, 9026] [/input, 5478] [/input-8, 6853] [/input-8, 3491] [/input, 4719] [/input-8, 3839] [/input-8, 7956] [/input-8, 6412] [/input-8, 9983] [/input-8, 5476] 
best_l after optimization: -25706.92578125
beta sum per layer: [6620.419921875, 91242.921875, 281.48046875]
alpha/beta optimization time: 2.192673444747925
pruning_in_iteration open status: False
ratio of positive domain = 378 / 8192 = 0.046142578125
pruning-in-iteration extra time: 5.626678466796875e-05
Time: pickout 0.3519    branching_decision 0.0011    decision 0.0011    set_bounds 0.1811    prepare 0.1882    transfer 0.0001    finalize 0.3938    func 2.8425    solve 3.1121    add 0.0645    bab_iteration 3.7114    
Accumulated time: bab_iteration 25.7563    pickout 2.7274    decision 0.0098    branching_decision 0.0095    set_bounds 2.0038    solve 21.0141    func 23.8560    prepare 1.4943    transfer 0.0007    finalize 3.7067    add 0.5117    
max lb 0.424330472946167 min lb -6.8443121910095215
Number of Verified Splits: 378 of 8192
Current worst splitting domains lb-rhs (depth):
-6.85086 (8), -6.85081 (10), -6.85081 (10), -6.85060 (11), -6.84990 (10), -6.84913 (11), -6.84832 (8), -6.84827 (11), -6.84780 (10), -6.84767 (10), -6.84758 (8), -6.84743 (11), -6.84727 (10), -6.84706 (11), -6.84701 (12), -6.84701 (10), -6.84700 (10), -6.84700 (10), -6.84697 (10), -6.84697 (12), 
Current (lb-rhs): -6.850862503051758
65904 domains visited
Length of domains: 31687
Cumulative time: 29.24673104286194

BaB round 14
batch: 4096
splitting decisions: 
split level 0: [/input-8, 4747] [/input-8, 10102] [/input-8, 6604] [/input-12, 36] [/input-8, 7136] [/input-8, 12018] [/input-8, 6364] [/input, 3769] [/input-8, 10037] [/input-8, 7646] 
best_l after optimization: -24924.984375
beta sum per layer: [7363.1357421875, 99489.203125, 275.6758117675781]
alpha/beta optimization time: 2.1923954486846924
pruning_in_iteration open status: False
ratio of positive domain = 343 / 8192 = 0.0418701171875
pruning-in-iteration extra time: 5.650520324707031e-05
Time: pickout 0.3538    branching_decision 0.0010    decision 0.0010    set_bounds 0.4702    prepare 0.1899    transfer 0.0001    finalize 0.4021    func 2.8528    solve 2.8426    add 0.0629    bab_iteration 3.4438    
Accumulated time: bab_iteration 29.2001    pickout 3.0812    decision 0.0108    branching_decision 0.0105    set_bounds 2.4740    solve 23.8566    func 26.7089    prepare 1.6842    transfer 0.0008    finalize 4.1088    add 0.5746    
max lb 0.9846391677856445 min lb -6.843182563781738
Number of Verified Splits: 343 of 8192
Current worst splitting domains lb-rhs (depth):
-6.85086 (8), -6.85081 (10), -6.85081 (10), -6.85060 (11), -6.84990 (10), -6.84913 (11), -6.84832 (8), -6.84827 (11), -6.84780 (10), -6.84767 (10), -6.84758 (8), -6.84743 (11), -6.84727 (10), -6.84706 (11), -6.84701 (10), -6.84701 (12), -6.84700 (10), -6.84700 (10), -6.84697 (12), -6.84697 (13), 
Current (lb-rhs): -6.850862503051758
74096 domains visited
Length of domains: 35440
Cumulative time: 33.09778594970703

BaB round 15
batch: 4096
splitting decisions: 
split level 0: [/input-8, 9348] [/input, 5044] [/input, 5037] [/input-8, 10003] [/input-8, 7869] [/input, 5122] [/input-8, 7343] [/input, 3692] [/input-8, 12456] [/input, 3367] 
best_l after optimization: -23987.35546875
beta sum per layer: [8065.814453125, 108442.8671875, 297.4068298339844]
alpha/beta optimization time: 2.192858934402466
pruning_in_iteration open status: False
ratio of positive domain = 393 / 8192 = 0.0479736328125
pruning-in-iteration extra time: 7.677078247070312e-05
Time: pickout 0.3568    branching_decision 0.0010    decision 0.0010    set_bounds 0.1823    prepare 0.1891    transfer 0.0001    finalize 0.7236    func 3.1740    solve 2.8529    add 0.1683    bab_iteration 3.8510    
Accumulated time: bab_iteration 33.0511    pickout 3.4380    decision 0.0119    branching_decision 0.0115    set_bounds 2.6564    solve 26.7095    func 29.8829    prepare 1.8734    transfer 0.0008    finalize 4.8324    add 0.7428    
max lb 0.8744626045227051 min lb -6.839945316314697
Number of Verified Splits: 393 of 8192
Current worst splitting domains lb-rhs (depth):
-6.85086 (8), -6.85081 (10), -6.85081 (10), -6.85060 (11), -6.84990 (10), -6.84913 (11), -6.84832 (8), -6.84827 (11), -6.84780 (10), -6.84767 (10), -6.84758 (8), -6.84743 (11), -6.84727 (10), -6.84706 (11), -6.84701 (12), -6.84701 (10), -6.84700 (10), -6.84700 (10), -6.84697 (15), -6.84697 (10), 
Current (lb-rhs): -6.850862503051758
82288 domains visited
Length of domains: 39143
Cumulative time: 36.879106283187866

BaB round 16
batch: 4096
splitting decisions: 
split level 0: [/input, 4705] [/input, 3007] [/input-8, 7526] [/input, 3397] [/input-8, 5129] [/input, 3274] [/input-8, 12210] [/input, 3524] [/input-8, 9046] [/input, 3408] 
best_l after optimization: -23103.203125
beta sum per layer: [8748.107421875, 117495.90625, 302.4891357421875]
alpha/beta optimization time: 2.193905830383301
pruning_in_iteration open status: False
ratio of positive domain = 503 / 8192 = 0.0614013671875
pruning-in-iteration extra time: 7.724761962890625e-05
Time: pickout 0.3567    branching_decision 0.0010    decision 0.0010    set_bounds 0.1832    prepare 0.1899    transfer 0.0001    finalize 0.3948    func 2.8490    solve 3.1741    add 0.0621    bab_iteration 3.7813    
Accumulated time: bab_iteration 36.8325    pickout 3.7946    decision 0.0129    branching_decision 0.0125    set_bounds 2.8395    solve 29.8836    func 32.7319    prepare 2.0633    transfer 0.0009    finalize 5.2272    add 0.8049    
max lb 1.3468654155731201 min lb -6.83970832824707
Number of Verified Splits: 503 of 8192
Current worst splitting domains lb-rhs (depth):
-6.85086 (8), -6.85081 (10), -6.85081 (10), -6.85060 (11), -6.84990 (10), -6.84913 (11), -6.84832 (8), -6.84827 (11), -6.84780 (10), -6.84767 (10), -6.84758 (8), -6.84743 (11), -6.84727 (10), -6.84706 (11), -6.84701 (10), -6.84701 (12), -6.84700 (10), -6.84700 (10), -6.84697 (12), -6.84697 (13), 
Current (lb-rhs): -6.850862503051758
90480 domains visited
Length of domains: 42736
Cumulative time: 40.33682203292847

BaB round 17
batch: 4096
splitting decisions: 
split level 0: [/input-8, 5316] [/input-8, 7732] [/input, 3280] [/input, 5065] [/input-8, 9066] [/input, 6086] [/input, 3644] [/input, 5178] [/input-8, 11881] [/input, 3632] 
best_l after optimization: -22607.234375
beta sum per layer: [9735.734375, 125367.7734375, 309.2720642089844]
alpha/beta optimization time: 2.193742513656616
pruning_in_iteration open status: False
ratio of positive domain = 592 / 8192 = 0.072265625
pruning-in-iteration extra time: 6.842613220214844e-05
Time: pickout 0.3620    branching_decision 0.0010    decision 0.0010    set_bounds 0.5500    prepare 0.1882    transfer 0.0001    finalize 0.3876    func 2.8381    solve 2.8491    add 0.0624    bab_iteration 3.4577    
Accumulated time: bab_iteration 40.2902    pickout 4.1566    decision 0.0139    branching_decision 0.0135    set_bounds 3.3896    solve 32.7327    func 35.5700    prepare 2.2515    transfer 0.0009    finalize 5.6148    add 0.8674    
max lb 0.9626681804656982 min lb -6.839709281921387
Number of Verified Splits: 592 of 8192
Current worst splitting domains lb-rhs (depth):
-6.85086 (8), -6.85081 (10), -6.85081 (10), -6.85060 (11), -6.84990 (10), -6.84913 (11), -6.84832 (8), -6.84827 (11), -6.84780 (10), -6.84767 (10), -6.84758 (8), -6.84743 (11), -6.84727 (10), -6.84706 (11), -6.84701 (12), -6.84701 (10), -6.84700 (10), -6.84700 (10), -6.84697 (12), -6.84697 (14), 
Current (lb-rhs): -6.850862503051758
98672 domains visited
Length of domains: 46240
Cumulative time: 44.15420484542847

BaB round 18
batch: 4096
splitting decisions: 
split level 0: [/input, 6059] [/input, 657] [/input-8, 9806] [/input-8, 7347] [/input-8, 7953] [/input, 5382] [/input, 5199] [/input-8, 8291] [/input-8, 9311] [/input-8, 6502] 
best_l after optimization: -22330.123046875
beta sum per layer: [10564.74609375, 131690.984375, 319.89422607421875]
alpha/beta optimization time: 2.1935489177703857
pruning_in_iteration open status: False
ratio of positive domain = 588 / 8192 = 0.07177734375
pruning-in-iteration extra time: 7.462501525878906e-05
Time: pickout 0.3591    branching_decision 0.0010    decision 0.0010    set_bounds 0.1823    prepare 0.1897    transfer 0.0001    finalize 0.3911    func 2.8429    solve 2.8381    add 0.0607    bab_iteration 3.8174    
Accumulated time: bab_iteration 44.1075    pickout 4.5157    decision 0.0149    branching_decision 0.0145    set_bounds 3.5719    solve 35.5708    func 38.4128    prepare 2.4412    transfer 0.0010    finalize 6.0059    add 0.9281    
max lb 1.4547162055969238 min lb -6.837577819824219
Number of Verified Splits: 588 of 8192
Current worst splitting domains lb-rhs (depth):
-6.85086 (8), -6.85081 (10), -6.85081 (10), -6.85060 (11), -6.84990 (10), -6.84913 (11), -6.84832 (8), -6.84827 (11), -6.84780 (10), -6.84767 (10), -6.84758 (8), -6.84743 (11), -6.84727 (10), -6.84706 (11), -6.84701 (12), -6.84701 (10), -6.84700 (10), -6.84700 (10), -6.84697 (10), -6.84697 (15), 
Current (lb-rhs): -6.850862503051758
106864 domains visited
Length of domains: 49748
Cumulative time: 47.60765719413757

BaB round 19
batch: 4096
splitting decisions: 
split level 0: [/input-8, 3442] [/input, 4051] [/input, 4959] [/input-8, 3714] [/input-8, 3674] [/input, 157] [/input, 3553] [/input-8, 9822] [/input, 5214] [/input-8, 9519] 
best_l after optimization: -22037.86328125
beta sum per layer: [11615.40234375, 138453.703125, 316.4244384765625]
alpha/beta optimization time: 2.1954493522644043
pruning_in_iteration open status: False
ratio of positive domain = 619 / 8192 = 0.0755615234375
pruning-in-iteration extra time: 6.532669067382812e-05
Time: pickout 0.7843    branching_decision 0.0010    decision 0.0010    set_bounds 0.1828    prepare 0.1891    transfer 0.0001    finalize 0.3913    func 2.8459    solve 2.8429    add 0.0623    bab_iteration 3.4534    
Accumulated time: bab_iteration 47.5610    pickout 5.2999    decision 0.0159    branching_decision 0.0155    set_bounds 3.7547    solve 38.4138    func 41.2587    prepare 2.6303    transfer 0.0011    finalize 6.3972    add 0.9904    
max lb 1.0398998260498047 min lb -6.837368965148926
Number of Verified Splits: 619 of 8192
Current worst splitting domains lb-rhs (depth):
-6.85086 (8), -6.85081 (10), -6.85081 (10), -6.85060 (11), -6.84990 (10), -6.84913 (11), -6.84832 (8), -6.84827 (11), -6.84780 (10), -6.84767 (10), -6.84758 (8), -6.84743 (11), -6.84727 (10), -6.84706 (11), -6.84701 (10), -6.84701 (12), -6.84700 (10), -6.84700 (10), -6.84697 (10), -6.84697 (15), 
Current (lb-rhs): -6.850862503051758
115056 domains visited
Length of domains: 53225
Cumulative time: 51.48863649368286

BaB round 20
batch: 4096
splitting decisions: 
split level 0: [/input-8, 12209] [/input-8, 7496] [/input-8, 8480] [/input-8, 3699] [/input, 3258] [/input-8, 8295] [/input-8, 9819] [/input-8, 8517] [/input-8, 11815] [/input-8, 5201] 
best_l after optimization: -21813.61328125
beta sum per layer: [12787.9033203125, 145748.15625, 339.0963439941406]
alpha/beta optimization time: 2.193786144256592
pruning_in_iteration open status: False
ratio of positive domain = 602 / 8192 = 0.073486328125
pruning-in-iteration extra time: 6.532669067382812e-05
Time: pickout 0.3651    branching_decision 0.0010    decision 0.0010    set_bounds 0.1832    prepare 0.1896    transfer 0.0001    finalize 0.3910    func 3.2865    solve 2.8459    add 0.0610    bab_iteration 3.8810    
Accumulated time: bab_iteration 51.4420    pickout 5.6650    decision 0.0169    branching_decision 0.0165    set_bounds 3.9378    solve 41.2597    func 44.5452    prepare 2.8200    transfer 0.0011    finalize 6.7882    add 1.0514    
max lb 0.5896925926208496 min lb -6.835320472717285
Number of Verified Splits: 602 of 8192
Current worst splitting domains lb-rhs (depth):
-6.85086 (8), -6.85081 (10), -6.85081 (10), -6.85060 (11), -6.84990 (10), -6.84913 (11), -6.84832 (8), -6.84827 (11), -6.84780 (10), -6.84767 (10), -6.84758 (8), -6.84743 (11), -6.84727 (10), -6.84706 (11), -6.84701 (12), -6.84701 (10), -6.84700 (10), -6.84700 (10), -6.84697 (12), -6.84697 (14), 
Current (lb-rhs): -6.850862503051758
123248 domains visited
Length of domains: 56719
Cumulative time: 55.3958535194397

BaB round 21
batch: 4096
splitting decisions: 
split level 0: [/input-8, 12322] [/input, 5120] [/input, 3781] [/input-8, 3361] [/input-8, 4756] [/input-8, 3855] [/input-8, 8691] [/input-8, 3685] [/input-8, 5030] [/input, 131] 
best_l after optimization: -21469.361328125
beta sum per layer: [14228.3896484375, 153578.0625, 351.75518798828125]
alpha/beta optimization time: 2.1932573318481445
pruning_in_iteration open status: False
ratio of positive domain = 609 / 8192 = 0.0743408203125
pruning-in-iteration extra time: 5.817413330078125e-05
Time: pickout 0.3647    branching_decision 0.0011    decision 0.0011    set_bounds 0.1829    prepare 0.1898    transfer 0.0001    finalize 0.3886    func 2.8406    solve 3.2866    add 0.0651    bab_iteration 3.9072    
Accumulated time: bab_iteration 55.3492    pickout 6.0297    decision 0.0180    branching_decision 0.0175    set_bounds 4.1208    solve 44.5463    func 47.3859    prepare 3.0098    transfer 0.0012    finalize 7.1768    add 1.1165    
max lb 0.702538013458252 min lb -6.835320472717285
Number of Verified Splits: 609 of 8192
Current worst splitting domains lb-rhs (depth):
-6.85086 (8), -6.85081 (10), -6.85081 (10), -6.85060 (11), -6.84990 (10), -6.84913 (11), -6.84832 (8), -6.84827 (11), -6.84780 (10), -6.84767 (10), -6.84758 (8), -6.84743 (11), -6.84727 (10), -6.84706 (11), -6.84701 (10), -6.84701 (12), -6.84700 (10), -6.84700 (10), -6.84697 (13), -6.84697 (12), 
Current (lb-rhs): -6.850862503051758
131440 domains visited
Length of domains: 60206
Time out!!!!!!!!
Result: unknown in 60.8080 seconds

 %%%%%%%%%%%%%%%%%%%%%%%%%%%%%%%%%%% idx: 3, vnnlib ID: 3 %%%%%%%%%%%%%%%%%%%%%%%%%%%%%%%%%%%
Finished vnnlib processing in 0.001628 seconds
Model: BoundedModule(
  (/input-1): BoundInput(name=/input-1, inputs=[], perturbed=True)
  (/shape): BoundBuffers(name=/shape, inputs=[], perturbed=False)
  (/12): BoundParams(name=/12, inputs=[], perturbed=False)
  (/13): BoundParams(name=/13, inputs=[], perturbed=False)
  (/14): BoundParams(name=/14, inputs=[], perturbed=False)
  (/15): BoundParams(name=/15, inputs=[], perturbed=False)
  (/16): BoundParams(name=/16, inputs=[], perturbed=False)
  (/17): BoundParams(name=/17, inputs=[], perturbed=False)
  (/18): BoundParams(name=/18, inputs=[], perturbed=False)
  (/19): BoundParams(name=/19, inputs=[], perturbed=False)
  (/20): BoundParams(name=/20, inputs=[], perturbed=False)
  (/21): BoundParams(name=/21, inputs=[], perturbed=False)
  (/input): BoundConv(name=/input, inputs=[/input-1, /12, /13], perturbed=True)
  (/input-4): BoundRelu(name=/input-4, inputs=[/input], perturbed=True)
  (/24): BoundConv(name=/24, inputs=[/input-4, /14, /15], perturbed=True)
  (/25): BoundConv(name=/25, inputs=[/input-4, /16, /17], perturbed=True)
  (/26): BoundAdd(name=/26, inputs=[/24, /25], perturbed=True)
  (/input-8): BoundConcat(name=/input-8, inputs=[/input, /26], perturbed=True)
  (/tensor): BoundRelu(name=/tensor, inputs=[/input-8], perturbed=True)
  (/30): BoundSplit(name=/30, inputs=[/tensor], perturbed=True)
  (/31): BoundSplit(name=/31, inputs=[/shape], perturbed=False)
  (/32): BoundSplit(name=/32, inputs=[/shape], perturbed=False)
  (/33): BoundConstant(name=/33, value=tensor([0], device='cuda:0'))
  (/34): BoundSqueeze(name=/34, inputs=[/31, /33], perturbed=False)
  (/35): BoundConstant(name=/35, value=tensor([0], device='cuda:0'))
  (/36): BoundSqueeze(name=/36, inputs=[/32, /35], perturbed=False)
  (/37): BoundConstant(name=/37, value=tensor([0], device='cuda:0'))
  (/38): BoundUnsqueeze(name=/38, inputs=[/34, /37], perturbed=False)
  (/39): BoundConstant(name=/39, value=tensor([0], device='cuda:0'))
  (/40): BoundUnsqueeze(name=/40, inputs=[/36, /39], perturbed=False)
  (/41): BoundConcat(name=/41, inputs=[/38, /40], perturbed=False)
  (/42): BoundReshape(name=/42, inputs=[/30, /41], perturbed=True)
  (/input-12): BoundLinear(name=/input-12, inputs=[/42, /18, /19], perturbed=True)
  (/44): BoundRelu(name=/44, inputs=[/input-12], perturbed=True)
  (/45): BoundLinear(name=/45, inputs=[/44, /20, /21], perturbed=True)
)
Original output in the first batch: tensor([[ 13.34669590, -13.53737545,   1.95782816,   1.93475866,  -1.80134821,
           5.67697096,   5.25120974,   2.18138456,   1.15733540,   0.68516707]],
       device='cuda:0')
Split layers:
Nonlinear functions:
   BoundRelu(name=/input-4, inputs=[/input], perturbed=True)
   BoundRelu(name=/tensor, inputs=[/input-8], perturbed=True)
   BoundRelu(name=/44, inputs=[/input-12], perturbed=True)
build batch [1/1]
layer /input-4 using sparse-features alpha with shape [1383]; unstable size 1383; total size 6272 ([1, 8, 28, 28])
layer /input-4 start_node /input-12 using sparse-spec alpha [2, 9, 1, 1383] with unstable size 8 total_size 64 output_shape torch.Size([64])
layer /input-4 start_node /45 using full alpha [2, 9, 1, 1383] with unstable size None total_size 9 output_shape 9
layer /tensor using sparse-features alpha with shape [4446]; unstable size 4446; total size 12544 ([1, 16, 28, 28])
layer /tensor start_node /input-12 using sparse-spec alpha [2, 9, 1, 4446] with unstable size 8 total_size 64 output_shape torch.Size([64])
layer /tensor start_node /45 using full alpha [2, 9, 1, 4446] with unstable size None total_size 9 output_shape 9
layer /44 using sparse-features alpha with shape [8]; unstable size 8; total size 64 ([1, 64])
layer /44 start_node /45 using full alpha [2, 9, 1, 8] with unstable size None total_size 9 output_shape 9
Optimizable variables initialized.
initial CROWN bounds (first 10 items): [17.74565887451172, 2.368579387664795, 2.567626476287842, 6.700605869293213, 1.5558414459228516, 1.1092033386230469, 1.2516183853149414, 6.05556058883667, 4.367237091064453]
Verified with initial CROWN!
verified with init bound!
Result: safe-incomplete in 0.2501 seconds

 %%%%%%%%%%%%%%%%%%%%%%%%%%%%%%%%%%% idx: 4, vnnlib ID: 4 %%%%%%%%%%%%%%%%%%%%%%%%%%%%%%%%%%%
Finished vnnlib processing in 0.001315 seconds
Model: BoundedModule(
  (/input-1): BoundInput(name=/input-1, inputs=[], perturbed=True)
  (/shape): BoundBuffers(name=/shape, inputs=[], perturbed=False)
  (/12): BoundParams(name=/12, inputs=[], perturbed=False)
  (/13): BoundParams(name=/13, inputs=[], perturbed=False)
  (/14): BoundParams(name=/14, inputs=[], perturbed=False)
  (/15): BoundParams(name=/15, inputs=[], perturbed=False)
  (/16): BoundParams(name=/16, inputs=[], perturbed=False)
  (/17): BoundParams(name=/17, inputs=[], perturbed=False)
  (/18): BoundParams(name=/18, inputs=[], perturbed=False)
  (/19): BoundParams(name=/19, inputs=[], perturbed=False)
  (/20): BoundParams(name=/20, inputs=[], perturbed=False)
  (/21): BoundParams(name=/21, inputs=[], perturbed=False)
  (/input): BoundConv(name=/input, inputs=[/input-1, /12, /13], perturbed=True)
  (/input-4): BoundRelu(name=/input-4, inputs=[/input], perturbed=True)
  (/24): BoundConv(name=/24, inputs=[/input-4, /14, /15], perturbed=True)
  (/25): BoundConv(name=/25, inputs=[/input-4, /16, /17], perturbed=True)
  (/26): BoundAdd(name=/26, inputs=[/24, /25], perturbed=True)
  (/input-8): BoundConcat(name=/input-8, inputs=[/input, /26], perturbed=True)
  (/tensor): BoundRelu(name=/tensor, inputs=[/input-8], perturbed=True)
  (/30): BoundSplit(name=/30, inputs=[/tensor], perturbed=True)
  (/31): BoundSplit(name=/31, inputs=[/shape], perturbed=False)
  (/32): BoundSplit(name=/32, inputs=[/shape], perturbed=False)
  (/33): BoundConstant(name=/33, value=tensor([0], device='cuda:0'))
  (/34): BoundSqueeze(name=/34, inputs=[/31, /33], perturbed=False)
  (/35): BoundConstant(name=/35, value=tensor([0], device='cuda:0'))
  (/36): BoundSqueeze(name=/36, inputs=[/32, /35], perturbed=False)
  (/37): BoundConstant(name=/37, value=tensor([0], device='cuda:0'))
  (/38): BoundUnsqueeze(name=/38, inputs=[/34, /37], perturbed=False)
  (/39): BoundConstant(name=/39, value=tensor([0], device='cuda:0'))
  (/40): BoundUnsqueeze(name=/40, inputs=[/36, /39], perturbed=False)
  (/41): BoundConcat(name=/41, inputs=[/38, /40], perturbed=False)
  (/42): BoundReshape(name=/42, inputs=[/30, /41], perturbed=True)
  (/input-12): BoundLinear(name=/input-12, inputs=[/42, /18, /19], perturbed=True)
  (/44): BoundRelu(name=/44, inputs=[/input-12], perturbed=True)
  (/45): BoundLinear(name=/45, inputs=[/44, /20, /21], perturbed=True)
)
Original output in the first batch: tensor([[-0.59063834, -5.65829182,  2.45050716, -1.02024698,  6.95339012,
          1.11910069, -0.88829160,  3.55127597,  1.19224513,  3.18715358]],
       device='cuda:0')
Split layers:
Nonlinear functions:
   BoundRelu(name=/input-4, inputs=[/input], perturbed=True)
   BoundRelu(name=/tensor, inputs=[/input-8], perturbed=True)
   BoundRelu(name=/44, inputs=[/input-12], perturbed=True)
build batch [1/1]
layer /input-4 using sparse-features alpha with shape [1529]; unstable size 1529; total size 6272 ([1, 8, 28, 28])
layer /input-4 start_node /input-12 using sparse-spec alpha [2, 17, 1, 1529] with unstable size 16 total_size 64 output_shape torch.Size([64])
layer /input-4 start_node /45 using full alpha [2, 9, 1, 1529] with unstable size None total_size 9 output_shape 9
layer /tensor using sparse-features alpha with shape [4991]; unstable size 4991; total size 12544 ([1, 16, 28, 28])
layer /tensor start_node /input-12 using sparse-spec alpha [2, 17, 1, 4991] with unstable size 16 total_size 64 output_shape torch.Size([64])
layer /tensor start_node /45 using full alpha [2, 9, 1, 4991] with unstable size None total_size 9 output_shape 9
layer /44 using sparse-features alpha with shape [16]; unstable size 16; total size 64 ([1, 64])
layer /44 start_node /45 using full alpha [2, 9, 1, 16] with unstable size None total_size 9 output_shape 9
Optimizable variables initialized.
initial CROWN bounds (first 10 items): [-1.2726879119873047, 5.247614860534668, -4.585092067718506, -2.2146034240722656, -2.0976390838623047, -1.6408758163452148, -4.35749626159668, -1.7747652530670166, -2.2608482837677]
prune_after_crown optimization in use
  original spec size = torch.Size([1, 9])
  pruned spec size = torch.Size([1, 8])
Using alpha-CROWN to initialize bounds.
best_l after optimization: -17.802566528320312
alpha/beta optimization time: 1.2629611492156982
initial alpha-crown bounds (first 10 items): [-0.9942629337310791, -4.361307621002197, -1.5859251022338867, -1.8827073574066162, -1.3235206604003906, -4.107292175292969, -1.4908041954040527, -2.0567471981048584]
Global lower bound: -4.361307621002197
1 / 9 OR specs are verified.
Verified OR indices (first 10 items): [1]
Verified OR lbs (first 10 items): [[inf]]
Unverified OR indices (first 10 items): [0, 2, 3, 4, 5, 6, 7, 8]
Unverified OR lbs (first 10 items): [[-0.9942629337310791], [-4.361307621002197], [-1.5859251022338867], [-1.8827073574066162], [-1.3235206604003906], [-4.107292175292969], [-1.4908041954040527], [-2.0567471981048584]]
###### Verifying property Instance 4 ######
Batch size: 8
First 10 spec matrices
C: tensor([[[-1.,  0.,  0.,  0.,  1.,  0.,  0.,  0.,  0.,  0.]],

        [[ 0.,  0., -1.,  0.,  1.,  0.,  0.,  0.,  0.,  0.]],

        [[ 0.,  0.,  0., -1.,  1.,  0.,  0.,  0.,  0.,  0.]],

        [[ 0.,  0.,  0.,  0.,  1., -1.,  0.,  0.,  0.,  0.]],

        [[ 0.,  0.,  0.,  0.,  1.,  0., -1.,  0.,  0.,  0.]],

        [[ 0.,  0.,  0.,  0.,  1.,  0.,  0., -1.,  0.,  0.]],

        [[ 0.,  0.,  0.,  0.,  1.,  0.,  0.,  0., -1.,  0.]],

        [[ 0.,  0.,  0.,  0.,  1.,  0.,  0.,  0.,  0., -1.]]], device='cuda:0')
RHS: tensor([[0.],
        [0.],
        [0.],
        [0.],
        [0.],
        [0.],
        [0.],
        [0.]], device='cuda:0')
OR spec sizes: tensor([1, 1, 1, 1, 1, 1, 1, 1], device='cuda:0', dtype=torch.int32)
Remaining timeout: 58.542335987091064
Model prediction is: tensor([-0.59063834, -5.65829182,  2.45050716, -1.02024698,  6.95339012,
         1.11910069, -0.88829160,  3.55127597,  1.19224513,  3.18715358],
       device='cuda:0')
Activation BaB batch 1/1 
build_with_refined_bounds batch [1/1]
Optimizable variables initialized.
all alpha initialized
directly get lb and ub from refined bounds
c shape: torch.Size([8, 1, 10])
lA shapes: [torch.Size([8, 1, 8, 28, 28]), torch.Size([8, 1, 16, 28, 28]), torch.Size([8, 1, 64])]
(alpha-)CROWN with fixed intermediate bounds: tensor([[-0.99426293],
        [-4.36130762],
        [-1.58592510],
        [-1.88270736],
        [-1.32352066],
        [-4.10729218],
        [-1.49080420],
        [-2.05674720]], device='cuda:0') tensor([[inf],
        [inf],
        [inf],
        [inf],
        [inf],
        [inf],
        [inf],
        [inf]], device='cuda:0')
Intermediate layers: /input,/input-8,/input-12
Keeping alphas for these layers: ['/45']
Node /input-4 input 0: size torch.Size([8, 28, 28]) unstable 1529
Node /tensor input 0: size torch.Size([16, 28, 28]) unstable 4991
Node /44 input 0: size torch.Size([64]) unstable 16
-----------------
# of unstable neurons: 6536
-----------------

BaB round 1
batch: 8
splitting decisions: 
split level 0: [/input-8, 6359] [/input-8, 11782] [/input-8, 7685] [/input-8, 6550] [/input-8, 7713] [/input, 5007] [/input-8, 3255] [/input-8, 3663] 
split level 1: [/input-8, 10139] [/input, 5329] [/input-8, 7899] [/input, 3312] [/input-8, 5039] [/input-8, 4788] [/input-8, 11762] [/input-8, 3669] 
split level 2: [/input-8, 3460] [/input-8, 3884] [/input-8, 7702] [/input-8, 6528] [/input, 5368] [/input-8, 9880] [/input-8, 5834] [/input-8, 4970] 
split level 3: [/input-8, 9423] [/input, 3711] [/input, 5165] [/input-8, 9940] [/input-8, 6966] [/input-8, 7702] [/input, 4886] [/input-8, 11790] 
best_l after optimization: -275.935546875
beta sum per layer: [19.6485595703125, 51.736080169677734, 0.0]
alpha/beta optimization time: 0.14143800735473633
pruning_in_iteration open status: False
ratio of positive domain = 0 / 128 = 0.0
pruning-in-iteration extra time: 5.245208740234375e-05
Time: pickout 0.0023    branching_decision 0.0001    decision 0.0001    set_bounds 0.0057    prepare 0.0018    transfer 0.0000    finalize 0.0059    func 0.1535    
Accumulated time: bab_iteration 0.0000    pickout 0.0023    decision 0.0001    branching_decision 0.0001    set_bounds 0.0057    solve 0.0000    func 0.1535    prepare 0.0018    transfer 0.0000    finalize 0.0059    
max lb -0.8902335166931152 min lb -4.360991954803467
Number of Verified Splits: 0 of 128
Current worst splitting domains lb-rhs (depth):
-4.36099 (4), -4.36099 (4), -4.35989 (4), -4.35989 (4), -4.34594 (4), -4.34594 (4), -4.34506 (4), -4.34506 (4), -4.31232 (4), -4.31232 (4), -4.31141 (4), -4.31141 (4), -4.29737 (4), -4.29737 (4), -4.29645 (4), -4.29645 (4), -4.10524 (4), -4.10524 (4), -4.10522 (4), -4.10522 (4), 
Current (lb-rhs): -4.360991954803467
128 domains visited
Length of domains: 128
Cumulative time: 0.20033574104309082

BaB round 2
batch: 128
splitting decisions: 
split level 0: [/input-8, 3285] [/input, 3264] [/input-8, 3712] [/input-8, 12258] [/input-8, 7480] [/input, 5470] [/input-8, 8781] [/input-8, 6984] [/input-8, 4804] [/input-8, 9348] 
best_l after optimization: -533.331787109375
beta sum per layer: [54.19495391845703, 221.98793029785156, 0.0]
alpha/beta optimization time: 0.14273881912231445
pruning_in_iteration open status: False
ratio of positive domain = 0 / 256 = 0.0
pruning-in-iteration extra time: 5.340576171875e-05
Time: pickout 0.0110    branching_decision 0.0001    decision 0.0001    set_bounds 0.0060    prepare 0.0056    transfer 0.0000    finalize 0.0115    func 0.1651    solve 0.1535    add 0.0021    bab_iteration 0.1639    
Accumulated time: bab_iteration 0.1639    pickout 0.0133    decision 0.0002    branching_decision 0.0002    set_bounds 0.0118    solve 0.1535    func 0.3186    prepare 0.0075    transfer 0.0001    finalize 0.0174    add 0.0021    
max lb -0.6333122253417969 min lb -4.360988616943359
Number of Verified Splits: 0 of 256
Current worst splitting domains lb-rhs (depth):
-4.36099 (5), -4.36099 (5), -4.36030 (5), -4.36003 (5), -4.35982 (5), -4.35973 (5), -4.35968 (5), -4.34591 (5), -4.34591 (5), -4.34550 (5), -4.34485 (5), -4.34411 (5), -4.34373 (5), -4.34119 (5), -4.31894 (5), -4.30101 (5), -4.26376 (5), -4.26376 (5), -4.26361 (5), -4.26268 (5), 
Current (lb-rhs): -4.360988616943359
384 domains visited
Length of domains: 256
Cumulative time: 0.38562560081481934

BaB round 3
batch: 256
splitting decisions: 
split level 0: [/input-8, 3836] [/input-8, 6413] [/input, 3262] [/input-8, 7988] [/input-8, 3187] [/input-8, 7317] [/input-8, 8962] [/input-8, 3358] [/input, 5165] [/input, 2666] 
best_l after optimization: -1021.982421875
beta sum per layer: [159.00811767578125, 727.1959838867188, 0.0]
alpha/beta optimization time: 0.15904569625854492
pruning_in_iteration open status: False
ratio of positive domain = 0 / 512 = 0.0
pruning-in-iteration extra time: 5.364418029785156e-05
Time: pickout 0.0218    branching_decision 0.0001    decision 0.0002    set_bounds 0.0117    prepare 0.0109    transfer 0.0000    finalize 0.0202    func 0.2001    solve 0.1651    add 0.0028    bab_iteration 0.1853    
Accumulated time: bab_iteration 0.3492    pickout 0.0351    decision 0.0004    branching_decision 0.0003    set_bounds 0.0235    solve 0.3186    func 0.5187    prepare 0.0183    transfer 0.0001    finalize 0.0375    add 0.0049    
max lb -0.21481108665466309 min lb -4.36098575592041
Number of Verified Splits: 0 of 512
Current worst splitting domains lb-rhs (depth):
-4.36099 (6), -4.36099 (6), -4.36026 (6), -4.36014 (6), -4.35968 (6), -4.35937 (6), -4.35890 (6), -4.35773 (6), -4.35738 (6), -4.35702 (6), -4.34719 (6), -4.34588 (6), -4.34588 (6), -4.34587 (6), -4.34554 (6), -4.34550 (6), -4.34547 (6), -4.34475 (6), -4.34411 (6), -4.34372 (6), 
Current (lb-rhs): -4.36098575592041
896 domains visited
Length of domains: 512
Cumulative time: 0.6250231266021729

BaB round 4
batch: 512
splitting decisions: 
split level 0: [/input, 4461] [/input-8, 3764] [/input, 5007] [/input, 4735] [/input-8, 7627] [/input-8, 8402] [/input, 3263] [/input-8, 7132] [/input-8, 7054] [/input, 3148] 
best_l after optimization: -1937.83447265625
beta sum per layer: [369.09454345703125, 2131.502197265625, 0.10180643200874329]
alpha/beta optimization time: 0.24303174018859863
pruning_in_iteration open status: False
ratio of positive domain = 5 / 1024 = 0.0048828125
pruning-in-iteration extra time: 7.772445678710938e-05
Time: pickout 0.0425    branching_decision 0.0003    decision 0.0003    set_bounds 0.0232    prepare 0.0222    transfer 0.0001    finalize 0.0501    func 0.3275    solve 0.2001    add 0.0053    bab_iteration 0.2394    
Accumulated time: bab_iteration 0.5886    pickout 0.0776    decision 0.0007    branching_decision 0.0006    set_bounds 0.0467    solve 0.5188    func 0.8461    prepare 0.0405    transfer 0.0002    finalize 0.0876    add 0.0103    
max lb 0.14877891540527344 min lb -4.3609843254089355
Number of Verified Splits: 5 of 1024
Current worst splitting domains lb-rhs (depth):
-4.36098 (7), -4.36098 (7), -4.36098 (7), -4.35952 (7), -4.35937 (7), -4.35937 (7), -4.35895 (7), -4.35833 (7), -4.35756 (7), -4.35709 (7), -4.35705 (7), -4.35688 (7), -4.35628 (7), -4.35623 (7), -4.35437 (7), -4.35435 (7), -4.35094 (7), -4.34646 (7), -4.34583 (7), -4.34578 (7), 
Current (lb-rhs): -4.3609843254089355
1920 domains visited
Length of domains: 1019
Cumulative time: 1.0282909870147705

BaB round 5
batch: 1019
splitting decisions: 
split level 0: [/input-8, 6549] [/input-8, 6366] [/input-8, 10030] [/input-8, 12162] [/input-8, 9609] [/input-8, 8385] [/input, 3727] [/input-8, 12228] [/input-8, 7628] [/input-8, 8586] 
best_l after optimization: -3647.33984375
beta sum per layer: [814.754150390625, 5678.17578125, 0.24288223683834076]
alpha/beta optimization time: 0.5268428325653076
pruning_in_iteration open status: False
ratio of positive domain = 98 / 2038 = 0.048086359175662396
pruning-in-iteration extra time: 5.2928924560546875e-05
Time: pickout 0.0826    branching_decision 0.0004    decision 0.0005    set_bounds 0.0479    prepare 0.0445    transfer 0.0000    finalize 0.0973    func 0.6926    solve 0.3275    add 0.0078    bab_iteration 0.4033    
Accumulated time: bab_iteration 0.9919    pickout 0.1602    decision 0.0011    branching_decision 0.0010    set_bounds 0.0946    solve 0.8463    func 1.5387    prepare 0.0851    transfer 0.0002    finalize 0.1850    add 0.0181    
max lb 0.1899430751800537 min lb -4.360983848571777
Number of Verified Splits: 98 of 2038
Current worst splitting domains lb-rhs (depth):
-4.36098 (8), -4.36098 (8), -4.36098 (8), -4.36019 (8), -4.35945 (8), -4.35937 (8), -4.35924 (8), -4.35908 (8), -4.35895 (8), -4.35848 (8), -4.35828 (8), -4.35778 (8), -4.35748 (8), -4.35739 (8), -4.35704 (8), -4.35704 (8), -4.35702 (8), -4.35676 (8), -4.35587 (8), -4.35586 (8), 
Current (lb-rhs): -4.360983848571777
3958 domains visited
Length of domains: 1940
Cumulative time: 1.8717777729034424

BaB round 6
batch: 1940
splitting decisions: 
split level 0: [/input-8, 10033] [/input-8, 8820] [/input-8, 5914] [/input-8, 6777] [/input-8, 3610] [/input-8, 7566] [/input, 2894] [/input, 6030] [/input, 5110] [/input, 4756] 
best_l after optimization: -6853.0595703125
beta sum per layer: [1614.30517578125, 12848.923828125, 1.9792652130126953]
alpha/beta optimization time: 1.036118745803833
pruning_in_iteration open status: False
ratio of positive domain = 145 / 3880 = 0.037371134020618535
pruning-in-iteration extra time: 5.555152893066406e-05
Time: pickout 0.1546    branching_decision 0.0007    decision 0.0007    set_bounds 0.0856    prepare 0.0859    transfer 0.0000    finalize 0.1879    func 1.4791    solve 0.6926    add 0.0188    bab_iteration 0.8435    
Accumulated time: bab_iteration 1.8353    pickout 0.3148    decision 0.0019    branching_decision 0.0017    set_bounds 0.1802    solve 1.5389    func 3.0178    prepare 0.1710    transfer 0.0003    finalize 0.3729    add 0.0369    
max lb 0.9601311683654785 min lb -4.360983848571777
Number of Verified Splits: 145 of 3880
Current worst splitting domains lb-rhs (depth):
-4.36098 (9), -4.36084 (9), -4.36019 (9), -4.36019 (9), -4.35943 (9), -4.35937 (9), -4.35922 (9), -4.35910 (9), -4.35907 (9), -4.35907 (9), -4.35907 (9), -4.35845 (9), -4.35830 (9), -4.35827 (9), -4.35826 (9), -4.35811 (9), -4.35774 (9), -4.35774 (9), -4.35727 (9), -4.35702 (9), 
Current (lb-rhs): -4.360983848571777
7838 domains visited
Length of domains: 3735
Cumulative time: 3.6249475479125977

BaB round 7
batch: 2048
splitting decisions: 
split level 0: [/input, 5256] [/input-8, 8950] [/input-8, 8456] [/input-8, 9411] [/input-8, 11828] [/input-8, 4785] [/input, 5014] [/input-8, 8343] [/input, 5034] [/input-8, 4989] 
best_l after optimization: -6964.59765625
beta sum per layer: [1909.503173828125, 16756.98046875, 6.789855003356934]
alpha/beta optimization time: 1.0931870937347412
pruning_in_iteration open status: False
ratio of positive domain = 195 / 4096 = 0.047607421875
pruning-in-iteration extra time: 5.459785461425781e-05
Time: pickout 0.1665    branching_decision 0.0006    decision 0.0007    set_bounds 0.0908    prepare 0.0916    transfer 0.0001    finalize 0.1842    func 1.4051    solve 1.4791    add 0.0316    bab_iteration 1.7532    
Accumulated time: bab_iteration 3.5885    pickout 0.4813    decision 0.0026    branching_decision 0.0024    set_bounds 0.2710    solve 3.0180    func 4.4230    prepare 0.2625    transfer 0.0003    finalize 0.5571    add 0.0685    
max lb 1.1264593601226807 min lb -4.359215259552002
Number of Verified Splits: 195 of 4096
Current worst splitting domains lb-rhs (depth):
-4.36098 (9), -4.36084 (9), -4.36019 (9), -4.35937 (9), -4.35922 (10), -4.35918 (10), -4.35910 (9), -4.35910 (10), -4.35907 (9), -4.35898 (10), -4.35898 (10), -4.35846 (10), -4.35845 (10), -4.35845 (9), -4.35830 (10), -4.35827 (9), -4.35826 (9), -4.35811 (10), -4.35811 (10), -4.35774 (9), 
Current (lb-rhs): -4.360983848571777
11934 domains visited
Length of domains: 5588
current_vram/total_varm: 14.4GB/47.7GB, batch_size increase to 4096
Cumulative time: 5.32858419418335

BaB round 8
batch: 4096
splitting decisions: 
split level 0: [/input, 4848] [/input-8, 9454] [/input-8, 8988] [/input-8, 7472] [/input-8, 9969] [/input-8, 5351] [/input-8, 6660] [/input-8, 11790] [/input-8, 6327] [/input-8, 8026] 
best_l after optimization: -13614.4521484375
beta sum per layer: [4225.93115234375, 39079.046875, 12.70418930053711]
alpha/beta optimization time: 2.1721267700195312
pruning_in_iteration open status: False
ratio of positive domain = 676 / 8192 = 0.08251953125
pruning-in-iteration extra time: 6.580352783203125e-05
Time: pickout 0.3325    branching_decision 0.0012    decision 0.0012    set_bounds 0.3280    prepare 0.1845    transfer 0.0001    finalize 0.3782    func 2.8042    solve 1.4052    add 0.0389    bab_iteration 1.7036    
Accumulated time: bab_iteration 5.2921    pickout 0.8138    decision 0.0038    branching_decision 0.0035    set_bounds 0.5990    solve 4.4232    func 7.2271    prepare 0.4470    transfer 0.0004    finalize 0.9353    add 0.1074    
max lb 1.0152337551116943 min lb -4.35921573638916
Number of Verified Splits: 676 of 8192
Current worst splitting domains lb-rhs (depth):
-4.36098 (9), -4.36084 (9), -4.36019 (9), -4.35937 (9), -4.35922 (11), -4.35918 (11), -4.35918 (11), -4.35910 (9), -4.35910 (11), -4.35910 (11), -4.35906 (10), -4.35888 (11), -4.35888 (11), -4.35870 (11), -4.35846 (11), -4.35845 (9), -4.35829 (11), -4.35827 (9), -4.35826 (9), -4.35808 (11), 
Current (lb-rhs): -4.360983848571777
20126 domains visited
Length of domains: 9008
Cumulative time: 8.863873481750488

BaB round 9
batch: 4096
splitting decisions: 
split level 0: [/input, 5261] [/input-8, 8346] [/input-8, 381] [/input, 4885] [/input-8, 5349] [/input-8, 3143] [/input, 5446] [/input, 3805] [/input-8, 6938] [/input-8, 12498] 
best_l after optimization: -13720.841796875
beta sum per layer: [4645.37158203125, 45195.41015625, 22.25098991394043]
alpha/beta optimization time: 2.1732168197631836
pruning_in_iteration open status: False
ratio of positive domain = 499 / 8192 = 0.0609130859375
pruning-in-iteration extra time: 7.82012939453125e-05
Time: pickout 0.5050    branching_decision 0.0011    decision 0.0011    set_bounds 0.1805    prepare 0.1865    transfer 0.0001    finalize 0.3864    func 2.8156    solve 2.8043    add 0.0663    bab_iteration 3.5353    
Accumulated time: bab_iteration 8.8274    pickout 1.3187    decision 0.0049    branching_decision 0.0046    set_bounds 0.7795    solve 7.2275    func 10.0427    prepare 0.6335    transfer 0.0005    finalize 1.3217    add 0.1737    
max lb 1.2821612358093262 min lb -4.359101295471191
Number of Verified Splits: 499 of 8192
Current worst splitting domains lb-rhs (depth):
-4.36098 (9), -4.36084 (9), -4.36019 (9), -4.35937 (9), -4.35922 (11), -4.35918 (11), -4.35910 (9), -4.35910 (12), -4.35910 (11), -4.35910 (12), -4.35909 (12), -4.35907 (12), -4.35906 (10), -4.35888 (11), -4.35878 (12), -4.35878 (12), -4.35857 (12), -4.35857 (12), -4.35846 (12), -4.35845 (9), 
Current (lb-rhs): -4.360983848571777
28318 domains visited
Length of domains: 12605
Cumulative time: 12.426379680633545

BaB round 10
batch: 4096
splitting decisions: 
split level 0: [/input-8, 6576] [/input-8, 4109] [/input-8, 7231] [/input-8, 12270] [/input-8, 4923] [/input-8, 9412] [/input-8, 6838] [/input, 3860] [/input-8, 7946] [/input-8, 9262] 
best_l after optimization: -13399.1201171875
beta sum per layer: [5005.6943359375, 52693.4140625, 24.624134063720703]
alpha/beta optimization time: 2.173285484313965
pruning_in_iteration open status: False
ratio of positive domain = 580 / 8192 = 0.07080078125
pruning-in-iteration extra time: 5.793571472167969e-05
Time: pickout 0.5213    branching_decision 0.0010    decision 0.0010    set_bounds 0.1811    prepare 0.1854    transfer 0.0001    finalize 0.3844    func 2.8110    solve 2.8156    add 0.0570    bab_iteration 3.5625    
Accumulated time: bab_iteration 12.3899    pickout 1.8400    decision 0.0059    branching_decision 0.0057    set_bounds 0.9606    solve 10.0431    func 12.8538    prepare 0.8189    transfer 0.0005    finalize 1.7061    add 0.2307    
max lb 1.7131199836730957 min lb -4.359101295471191
Number of Verified Splits: 580 of 8192
Current worst splitting domains lb-rhs (depth):
-4.36098 (9), -4.36084 (9), -4.36019 (9), -4.35937 (9), -4.35922 (11), -4.35918 (11), -4.35910 (9), -4.35910 (11), -4.35910 (12), -4.35910 (13), -4.35910 (13), -4.35909 (13), -4.35909 (13), -4.35907 (12), -4.35906 (10), -4.35888 (11), -4.35878 (12), -4.35873 (13), -4.35873 (13), -4.35857 (12), 
Current (lb-rhs): -4.360983848571777
36510 domains visited
Length of domains: 16121
Cumulative time: 16.002105236053467

BaB round 11
batch: 4096
splitting decisions: 
split level 0: [/input-8, 6280] [/input-8, 3432] [/input, 4749] [/input-8, 5171] [/input-8, 6452] [/input-8, 3204] [/input-8, 8198] [/input, 2897] [/input-8, 5088] [/input-8, 3510] 
best_l after optimization: -13131.39453125
beta sum per layer: [5656.9736328125, 60688.5078125, 17.30743980407715]
alpha/beta optimization time: 2.173419237136841
pruning_in_iteration open status: False
ratio of positive domain = 518 / 8192 = 0.063232421875
pruning-in-iteration extra time: 5.7220458984375e-05
Time: pickout 0.3418    branching_decision 0.0010    decision 0.0011    set_bounds 0.3854    prepare 0.1872    transfer 0.0001    finalize 0.3868    func 2.8166    solve 2.8111    add 0.0573    bab_iteration 3.5757    
Accumulated time: bab_iteration 15.9656    pickout 2.1818    decision 0.0070    branching_decision 0.0067    set_bounds 1.3460    solve 12.8542    func 15.6704    prepare 1.0062    transfer 0.0006    finalize 2.0929    add 0.2880    
max lb 1.0199999809265137 min lb -4.358625411987305
Number of Verified Splits: 518 of 8192
Current worst splitting domains lb-rhs (depth):
-4.36098 (9), -4.36084 (9), -4.36019 (9), -4.35937 (9), -4.35922 (11), -4.35918 (11), -4.35910 (9), -4.35910 (13), -4.35910 (12), -4.35910 (11), -4.35909 (13), -4.35907 (12), -4.35906 (10), -4.35888 (11), -4.35878 (12), -4.35873 (13), -4.35863 (14), -4.35857 (12), -4.35856 (13), -4.35846 (12), 
Current (lb-rhs): -4.360983848571777
44702 domains visited
Length of domains: 19699
Cumulative time: 19.651294469833374

BaB round 12
batch: 4096
splitting decisions: 
split level 0: [/input, 4962] [/input-8, 7310] [/input-8, 9345] [/input-8, 9455] [/input, 5426] [/input-8, 1269] [/input-8, 7713] [/input-8, 3668] [/input-8, 5050] [/input-8, 5439] 
best_l after optimization: -12711.890625
beta sum per layer: [6254.6337890625, 68443.1875, 28.186222076416016]
alpha/beta optimization time: 2.1740810871124268
pruning_in_iteration open status: False
ratio of positive domain = 611 / 8192 = 0.0745849609375
pruning-in-iteration extra time: 6.461143493652344e-05
Time: pickout 0.3418    branching_decision 0.0010    decision 0.0011    set_bounds 0.4147    prepare 0.1863    transfer 0.0001    finalize 0.3821    func 2.8110    solve 2.8167    add 0.1003    bab_iteration 3.6492    
Accumulated time: bab_iteration 19.6148    pickout 2.5236    decision 0.0080    branching_decision 0.0077    set_bounds 1.7608    solve 15.6709    func 18.4813    prepare 1.1925    transfer 0.0006    finalize 2.4750    add 0.3884    
max lb 0.8451151847839355 min lb -4.355323791503906
Number of Verified Splits: 612 of 8192
Current worst splitting domains lb-rhs (depth):
-4.36098 (9), -4.36084 (9), -4.36019 (9), -4.35937 (9), -4.35922 (11), -4.35918 (11), -4.35910 (9), -4.35910 (13), -4.35910 (11), -4.35910 (12), -4.35909 (13), -4.35907 (12), -4.35906 (10), -4.35888 (11), -4.35878 (12), -4.35873 (13), -4.35863 (14), -4.35857 (12), -4.35856 (13), -4.35846 (12), 
Current (lb-rhs): -4.360983848571777
52894 domains visited
Length of domains: 23183
Cumulative time: 23.281258583068848

BaB round 13
batch: 4096
splitting decisions: 
split level 0: [/input, 3172] [/input-8, 7114] [/input-8, 8063] [/input-8, 9176] [/input-8, 7116] [/input, 3503] [/input-8, 12328] [/input-8, 12524] [/input, 4951] [/input, 4886] 
best_l after optimization: -12415.1435546875
beta sum per layer: [7000.3544921875, 75502.125, 40.40612030029297]
alpha/beta optimization time: 2.17413067817688
pruning_in_iteration open status: False
ratio of positive domain = 700 / 8192 = 0.08544921875
pruning-in-iteration extra time: 7.724761962890625e-05
Time: pickout 0.3504    branching_decision 0.0010    decision 0.0010    set_bounds 0.1819    prepare 0.1871    transfer 0.0001    finalize 0.6314    func 3.0607    solve 2.8110    add 0.0573    bab_iteration 3.6300    
Accumulated time: bab_iteration 23.2448    pickout 2.8741    decision 0.0091    branching_decision 0.0088    set_bounds 1.9426    solve 18.4819    func 21.5420    prepare 1.3796    transfer 0.0007    finalize 3.1065    add 0.4457    
max lb 1.4871187210083008 min lb -4.3553147315979
Number of Verified Splits: 700 of 8192
Current worst splitting domains lb-rhs (depth):
-4.36098 (9), -4.36084 (9), -4.36019 (9), -4.35937 (9), -4.35922 (11), -4.35918 (11), -4.35910 (9), -4.35910 (12), -4.35910 (13), -4.35910 (11), -4.35909 (13), -4.35907 (12), -4.35906 (10), -4.35888 (11), -4.35878 (12), -4.35873 (13), -4.35863 (14), -4.35857 (12), -4.35856 (13), -4.35846 (12), 
Current (lb-rhs): -4.360983848571777
61086 domains visited
Length of domains: 26579
Cumulative time: 26.939430475234985

BaB round 14
batch: 4096
splitting decisions: 
split level 0: [/input-8, 8565] [/input-8, 7883] [/input, 3727] [/input-8, 9583] [/input-8, 7928] [/input-8, 5473] [/input-8, 7722] [/input-8, 11920] [/input-8, 7904] [/input-8, 5443] 
best_l after optimization: -12322.673828125
beta sum per layer: [7825.447265625, 82231.421875, 35.825592041015625]
alpha/beta optimization time: 2.175588607788086
pruning_in_iteration open status: False
ratio of positive domain = 695 / 8192 = 0.0848388671875
pruning-in-iteration extra time: 8.654594421386719e-05
Time: pickout 0.3514    branching_decision 0.0010    decision 0.0010    set_bounds 0.1829    prepare 0.1884    transfer 0.0001    finalize 0.3822    func 2.8176    solve 3.0607    add 0.0596    bab_iteration 3.6582    
Accumulated time: bab_iteration 26.9030    pickout 3.2254    decision 0.0101    branching_decision 0.0098    set_bounds 2.1255    solve 21.5426    func 24.3596    prepare 1.5681    transfer 0.0008    finalize 3.4887    add 0.5053    
max lb 1.1698496341705322 min lb -4.355312347412109
Number of Verified Splits: 695 of 8192
Current worst splitting domains lb-rhs (depth):
-4.36098 (9), -4.36084 (9), -4.36019 (9), -4.35937 (9), -4.35922 (11), -4.35918 (11), -4.35910 (9), -4.35910 (12), -4.35910 (11), -4.35910 (13), -4.35909 (13), -4.35907 (12), -4.35906 (10), -4.35888 (11), -4.35878 (12), -4.35873 (13), -4.35863 (14), -4.35857 (12), -4.35856 (13), -4.35846 (12), 
Current (lb-rhs): -4.360983848571777
69278 domains visited
Length of domains: 29980
Cumulative time: 30.356536388397217

BaB round 15
batch: 4096
splitting decisions: 
split level 0: [/input-8, 8988] [/input-8, 8411] [/input-8, 5404] [/input, 4893] [/input-8, 8555] [/input-8, 7444] [/input-8, 9122] [/input-8, 9860] [/input-8, 4789] [/input-8, 3815] 
best_l after optimization: -12215.6015625
beta sum per layer: [8666.234375, 89577.1875, 39.03362274169922]
alpha/beta optimization time: 2.175625801086426
pruning_in_iteration open status: False
ratio of positive domain = 655 / 8192 = 0.0799560546875
pruning-in-iteration extra time: 6.222724914550781e-05
Time: pickout 0.6831    branching_decision 0.0011    decision 0.0011    set_bounds 0.1828    prepare 0.1873    transfer 0.0001    finalize 0.3831    func 2.8158    solve 2.8177    add 0.0594    bab_iteration 3.4171    
Accumulated time: bab_iteration 30.3201    pickout 3.9085    decision 0.0112    branching_decision 0.0108    set_bounds 2.3083    solve 24.3603    func 27.1754    prepare 1.7554    transfer 0.0008    finalize 3.8717    add 0.5646    
max lb 0.6211197376251221 min lb -4.353815078735352
Number of Verified Splits: 655 of 8192
Current worst splitting domains lb-rhs (depth):
-4.36098 (9), -4.36084 (9), -4.36019 (9), -4.35937 (9), -4.35922 (11), -4.35918 (11), -4.35910 (9), -4.35910 (12), -4.35910 (11), -4.35910 (13), -4.35909 (13), -4.35907 (12), -4.35906 (10), -4.35888 (11), -4.35878 (12), -4.35873 (13), -4.35863 (14), -4.35857 (12), -4.35856 (13), -4.35846 (12), 
Current (lb-rhs): -4.360983848571777
77470 domains visited
Length of domains: 33421
Cumulative time: 34.18337106704712

BaB round 16
batch: 4096
splitting decisions: 
split level 0: [/input-8, 8495] [/input-8, 8320] [/input, 3486] [/input-8, 3889] [/input-8, 3804] [/input, 5182] [/input-8, 5229] [/input-8, 6595] [/input-8, 8220] [/input-8, 12467] 
best_l after optimization: -11952.97265625
beta sum per layer: [9592.146484375, 97379.03125, 46.76936721801758]
alpha/beta optimization time: 2.175668716430664
pruning_in_iteration open status: False
ratio of positive domain = 691 / 8192 = 0.0843505859375
pruning-in-iteration extra time: 0.00022101402282714844
Time: pickout 0.3545    branching_decision 0.0010    decision 0.0011    set_bounds 0.1842    prepare 0.1912    transfer 0.0001    finalize 0.3821    func 3.1393    solve 2.8158    add 0.1389    bab_iteration 3.8268    
Accumulated time: bab_iteration 34.1469    pickout 4.2631    decision 0.0122    branching_decision 0.0119    set_bounds 2.4925    solve 27.1761    func 30.3148    prepare 1.9466    transfer 0.0010    finalize 4.2538    add 0.7035    
max lb 1.5469622611999512 min lb -4.349706649780273
Number of Verified Splits: 691 of 8192
Current worst splitting domains lb-rhs (depth):
-4.36098 (9), -4.36084 (9), -4.36019 (9), -4.35937 (9), -4.35922 (11), -4.35918 (11), -4.35910 (9), -4.35910 (13), -4.35910 (11), -4.35910 (12), -4.35909 (13), -4.35907 (12), -4.35906 (10), -4.35888 (11), -4.35878 (12), -4.35873 (13), -4.35863 (14), -4.35857 (12), -4.35856 (13), -4.35846 (12), 
Current (lb-rhs): -4.360983848571777
85662 domains visited
Length of domains: 36826
Cumulative time: 37.92788076400757

BaB round 17
batch: 4096
splitting decisions: 
split level 0: [/input-8, 5128] [/input-8, 11875] [/input-8, 3148] [/input-8, 6314] [/input-8, 7600] [/input-8, 6835] [/input, 5444] [/input-8, 7591] [/input-8, 7201] [/input, 4956] 
best_l after optimization: -11730.9599609375
beta sum per layer: [10572.6328125, 103550.984375, 42.11595153808594]
alpha/beta optimization time: 2.1749887466430664
pruning_in_iteration open status: False
ratio of positive domain = 672 / 8192 = 0.08203125
pruning-in-iteration extra time: 5.698204040527344e-05
Time: pickout 0.3551    branching_decision 0.0010    decision 0.0010    set_bounds 0.1828    prepare 0.1873    transfer 0.0001    finalize 0.3834    func 2.8147    solve 3.1394    add 0.0602    bab_iteration 3.7445    
Accumulated time: bab_iteration 37.8914    pickout 4.6181    decision 0.0132    branching_decision 0.0129    set_bounds 2.6752    solve 30.3155    func 33.1294    prepare 2.1339    transfer 0.0010    finalize 4.6372    add 0.7637    
max lb 0.7419838905334473 min lb -4.349703788757324
Number of Verified Splits: 672 of 8192
Current worst splitting domains lb-rhs (depth):
-4.36098 (9), -4.36084 (9), -4.36019 (9), -4.35937 (9), -4.35922 (11), -4.35918 (11), -4.35910 (9), -4.35910 (11), -4.35910 (13), -4.35910 (12), -4.35909 (13), -4.35907 (12), -4.35906 (10), -4.35888 (11), -4.35878 (12), -4.35873 (13), -4.35863 (14), -4.35857 (12), -4.35856 (13), -4.35846 (12), 
Current (lb-rhs): -4.360983848571777
93854 domains visited
Length of domains: 40250
Cumulative time: 41.34781050682068

BaB round 18
batch: 4096
splitting decisions: 
split level 0: [/input-8, 3276] [/input-8, 5312] [/input, 3372] [/input-8, 9492] [/input, 5235] [/input, 3229] [/input-8, 7045] [/input-8, 8586] [/input, 3551] [/input-8, 12374] 
best_l after optimization: -11422.8330078125
beta sum per layer: [11459.1884765625, 110961.3203125, 46.855289459228516]
alpha/beta optimization time: 2.1754398345947266
pruning_in_iteration open status: False
ratio of positive domain = 686 / 8192 = 0.083740234375
pruning-in-iteration extra time: 5.7697296142578125e-05
Time: pickout 0.7042    branching_decision 0.0010    decision 0.0010    set_bounds 0.1819    prepare 0.1874    transfer 0.0001    finalize 0.3831    func 2.8148    solve 2.8147    add 0.0609    bab_iteration 3.4199    
Accumulated time: bab_iteration 41.3113    pickout 5.3223    decision 0.0143    branching_decision 0.0139    set_bounds 2.8571    solve 33.1302    func 35.9443    prepare 2.3213    transfer 0.0011    finalize 5.0203    add 0.8246    
max lb 1.1924033164978027 min lb -4.343539237976074
Number of Verified Splits: 686 of 8192
Current worst splitting domains lb-rhs (depth):
-4.36098 (9), -4.36084 (9), -4.36019 (9), -4.35937 (9), -4.35922 (11), -4.35918 (11), -4.35910 (9), -4.35910 (11), -4.35910 (12), -4.35910 (13), -4.35909 (13), -4.35907 (12), -4.35906 (10), -4.35888 (11), -4.35878 (12), -4.35873 (13), -4.35863 (14), -4.35857 (12), -4.35856 (13), -4.35846 (12), 
Current (lb-rhs): -4.360983848571777
102046 domains visited
Length of domains: 43660
Cumulative time: 45.115821838378906

BaB round 19
batch: 4096
splitting decisions: 
split level 0: [/input-8, 3164] [/input-8, 7472] [/input-8, 8024] [/input-8, 6929] [/input, 3272] [/input, 5067] [/input-8, 6356] [/input, 5948] [/input-8, 5063] [/input-8, 10156] 
best_l after optimization: -11130.5126953125
beta sum per layer: [12354.904296875, 118238.140625, 49.74235534667969]
alpha/beta optimization time: 2.174679756164551
pruning_in_iteration open status: False
ratio of positive domain = 724 / 8192 = 0.08837890625
pruning-in-iteration extra time: 5.817413330078125e-05
Time: pickout 0.3571    branching_decision 0.0011    decision 0.0011    set_bounds 0.1823    prepare 0.1880    transfer 0.0001    finalize 0.7573    func 3.1893    solve 2.8149    add 0.0603    bab_iteration 3.7680    
Accumulated time: bab_iteration 45.0793    pickout 5.6794    decision 0.0153    branching_decision 0.0149    set_bounds 3.0395    solve 35.9451    func 39.1336    prepare 2.5093    transfer 0.0012    finalize 5.7776    add 0.8850    
max lb 1.0062789916992188 min lb -4.342704772949219
Number of Verified Splits: 724 of 8192
Current worst splitting domains lb-rhs (depth):
-4.36098 (9), -4.36084 (9), -4.36019 (9), -4.35937 (9), -4.35922 (11), -4.35918 (11), -4.35910 (9), -4.35910 (13), -4.35910 (12), -4.35910 (11), -4.35909 (13), -4.35907 (12), -4.35906 (10), -4.35888 (11), -4.35878 (12), -4.35873 (13), -4.35863 (14), -4.35857 (12), -4.35856 (13), -4.35846 (12), 
Current (lb-rhs): -4.360983848571777
110238 domains visited
Length of domains: 47032
Cumulative time: 48.91228675842285

BaB round 20
batch: 4096
splitting decisions: 
split level 0: [/input, 3694] [/input-8, 7508] [/input-8, 9508] [/input, 3256] [/input-8, 4791] [/input-8, 5358] [/input, 4770] [/input, 272] [/input-8, 10036] [/input-8, 11934] 
best_l after optimization: -10868.1435546875
beta sum per layer: [13323.9873046875, 125395.984375, 56.67894744873047]
alpha/beta optimization time: 2.1755757331848145
pruning_in_iteration open status: False
ratio of positive domain = 750 / 8192 = 0.091552734375
pruning-in-iteration extra time: 7.581710815429688e-05
Time: pickout 0.3609    branching_decision 0.0010    decision 0.0011    set_bounds 0.1834    prepare 0.1878    transfer 0.0001    finalize 0.3796    func 2.8124    solve 3.1893    add 0.0606    bab_iteration 3.7965    
Accumulated time: bab_iteration 48.8758    pickout 6.0403    decision 0.0164    branching_decision 0.0160    set_bounds 3.2229    solve 39.1345    func 41.9460    prepare 2.6970    transfer 0.0012    finalize 6.1572    add 0.9456    
max lb 1.5932979583740234 min lb -4.342571258544922
Number of Verified Splits: 750 of 8192
Current worst splitting domains lb-rhs (depth):
-4.36098 (9), -4.36084 (9), -4.36019 (9), -4.35937 (9), -4.35922 (11), -4.35918 (11), -4.35910 (9), -4.35910 (13), -4.35910 (12), -4.35910 (11), -4.35909 (13), -4.35907 (12), -4.35906 (10), -4.35888 (11), -4.35878 (12), -4.35873 (13), -4.35863 (14), -4.35857 (12), -4.35856 (13), -4.35846 (12), 
Current (lb-rhs): -4.360983848571777
118430 domains visited
Length of domains: 50378
Cumulative time: 52.33740019798279

BaB round 21
batch: 4096
splitting decisions: 
split level 0: [/input-8, 8421] [/input-8, 3864] [/input-8, 3876] [/input-8, 7876] [/input-8, 5457] [/input, 4956] [/input, 3869] [/input-8, 5425] [/input-8, 12433] [/input, 5758] 
best_l after optimization: -10660.21484375
beta sum per layer: [14294.65234375, 133089.9375, 56.93802261352539]
alpha/beta optimization time: 2.17500638961792
pruning_in_iteration open status: False
ratio of positive domain = 797 / 8192 = 0.0972900390625
pruning-in-iteration extra time: 7.319450378417969e-05
Time: pickout 0.3600    branching_decision 0.0010    decision 0.0011    set_bounds 0.1834    prepare 0.1877    transfer 0.0001    finalize 0.7852    func 3.2189    solve 2.8125    add 0.0606    bab_iteration 3.4251    
Accumulated time: bab_iteration 52.3009    pickout 6.4003    decision 0.0175    branching_decision 0.0170    set_bounds 3.4063    solve 41.9469    func 45.1649    prepare 2.8848    transfer 0.0013    finalize 6.9424    add 1.0062    
max lb 1.3453431129455566 min lb -4.342151641845703
Number of Verified Splits: 797 of 8192
Current worst splitting domains lb-rhs (depth):
-4.36098 (9), -4.36084 (9), -4.36019 (9), -4.35937 (9), -4.35922 (11), -4.35918 (11), -4.35910 (9), -4.35910 (12), -4.35910 (11), -4.35910 (13), -4.35909 (13), -4.35907 (12), -4.35906 (10), -4.35888 (11), -4.35878 (12), -4.35873 (13), -4.35863 (14), -4.35857 (12), -4.35856 (13), -4.35846 (12), 
Current (lb-rhs): -4.360983848571777
126622 domains visited
Length of domains: 53677
Cumulative time: 56.16788363456726

BaB round 22
batch: 4096
splitting decisions: 
split level 0: [/input-8, 3503] [/input-8, 8977] [/input-8, 3867] [/input, 4851] [/input-8, 7328] [/input-8, 5138] [/input-8, 6620] [/input-8, 8576] [/input, 4724] [/input-8, 3220] 
best_l after optimization: -10490.392578125
beta sum per layer: [15315.5625, 140489.90625, 54.91834259033203]
alpha/beta optimization time: 2.175290822982788
pruning_in_iteration open status: False
ratio of positive domain = 812 / 8192 = 0.09912109375
pruning-in-iteration extra time: 5.626678466796875e-05
Time: pickout 0.3639    branching_decision 0.0010    decision 0.0010    set_bounds 0.1833    prepare 0.1881    transfer 0.0001    finalize 0.3758    func 2.8081    solve 3.2189    add 0.0606    bab_iteration 3.8305    
Accumulated time: bab_iteration 56.1314    pickout 6.7642    decision 0.0185    branching_decision 0.0180    set_bounds 3.5895    solve 45.1659    func 47.9730    prepare 3.0729    transfer 0.0014    finalize 7.3183    add 1.0668    
max lb 1.262653112411499 min lb -4.325590133666992
Number of Verified Splits: 812 of 8192
Current worst splitting domains lb-rhs (depth):
-4.36098 (9), -4.36084 (9), -4.36019 (9), -4.35937 (9), -4.35922 (11), -4.35918 (11), -4.35910 (9), -4.35910 (12), -4.35910 (13), -4.35910 (11), -4.35909 (13), -4.35907 (12), -4.35906 (10), -4.35888 (11), -4.35878 (12), -4.35873 (13), -4.35863 (14), -4.35857 (12), -4.35856 (13), -4.35846 (12), 
Current (lb-rhs): -4.360983848571777
134814 domains visited
Length of domains: 56961
Time out!!!!!!!!
Result: unknown in 61.3092 seconds

 %%%%%%%%%%%%%%%%%%%%%%%%%%%%%%%%%%% idx: 5, vnnlib ID: 5 %%%%%%%%%%%%%%%%%%%%%%%%%%%%%%%%%%%
Finished vnnlib processing in 0.001621 seconds
Model: BoundedModule(
  (/input-1): BoundInput(name=/input-1, inputs=[], perturbed=True)
  (/shape): BoundBuffers(name=/shape, inputs=[], perturbed=False)
  (/12): BoundParams(name=/12, inputs=[], perturbed=False)
  (/13): BoundParams(name=/13, inputs=[], perturbed=False)
  (/14): BoundParams(name=/14, inputs=[], perturbed=False)
  (/15): BoundParams(name=/15, inputs=[], perturbed=False)
  (/16): BoundParams(name=/16, inputs=[], perturbed=False)
  (/17): BoundParams(name=/17, inputs=[], perturbed=False)
  (/18): BoundParams(name=/18, inputs=[], perturbed=False)
  (/19): BoundParams(name=/19, inputs=[], perturbed=False)
  (/20): BoundParams(name=/20, inputs=[], perturbed=False)
  (/21): BoundParams(name=/21, inputs=[], perturbed=False)
  (/input): BoundConv(name=/input, inputs=[/input-1, /12, /13], perturbed=True)
  (/input-4): BoundRelu(name=/input-4, inputs=[/input], perturbed=True)
  (/24): BoundConv(name=/24, inputs=[/input-4, /14, /15], perturbed=True)
  (/25): BoundConv(name=/25, inputs=[/input-4, /16, /17], perturbed=True)
  (/26): BoundAdd(name=/26, inputs=[/24, /25], perturbed=True)
  (/input-8): BoundConcat(name=/input-8, inputs=[/input, /26], perturbed=True)
  (/tensor): BoundRelu(name=/tensor, inputs=[/input-8], perturbed=True)
  (/30): BoundSplit(name=/30, inputs=[/tensor], perturbed=True)
  (/31): BoundSplit(name=/31, inputs=[/shape], perturbed=False)
  (/32): BoundSplit(name=/32, inputs=[/shape], perturbed=False)
  (/33): BoundConstant(name=/33, value=tensor([0], device='cuda:0'))
  (/34): BoundSqueeze(name=/34, inputs=[/31, /33], perturbed=False)
  (/35): BoundConstant(name=/35, value=tensor([0], device='cuda:0'))
  (/36): BoundSqueeze(name=/36, inputs=[/32, /35], perturbed=False)
  (/37): BoundConstant(name=/37, value=tensor([0], device='cuda:0'))
  (/38): BoundUnsqueeze(name=/38, inputs=[/34, /37], perturbed=False)
  (/39): BoundConstant(name=/39, value=tensor([0], device='cuda:0'))
  (/40): BoundUnsqueeze(name=/40, inputs=[/36, /39], perturbed=False)
  (/41): BoundConcat(name=/41, inputs=[/38, /40], perturbed=False)
  (/42): BoundReshape(name=/42, inputs=[/30, /41], perturbed=True)
  (/input-12): BoundLinear(name=/input-12, inputs=[/42, /18, /19], perturbed=True)
  (/44): BoundRelu(name=/44, inputs=[/input-12], perturbed=True)
  (/45): BoundLinear(name=/45, inputs=[/44, /20, /21], perturbed=True)
)
Original output in the first batch: tensor([[-5.02561998,  5.22064400,  0.47097343,  0.25350273, -1.83791983,
         -1.04694867, -1.21368241,  0.02979462,  0.44255015, -2.32435822]],
       device='cuda:0')
Split layers:
Nonlinear functions:
   BoundRelu(name=/input-4, inputs=[/input], perturbed=True)
   BoundRelu(name=/tensor, inputs=[/input-8], perturbed=True)
   BoundRelu(name=/44, inputs=[/input-12], perturbed=True)
build batch [1/1]
layer /input-4 using sparse-features alpha with shape [1497]; unstable size 1497; total size 6272 ([1, 8, 28, 28])
layer /input-4 start_node /input-12 using sparse-spec alpha [2, 29, 1, 1497] with unstable size 28 total_size 64 output_shape torch.Size([64])
layer /input-4 start_node /45 using full alpha [2, 9, 1, 1497] with unstable size None total_size 9 output_shape 9
layer /tensor using sparse-features alpha with shape [5221]; unstable size 5221; total size 12544 ([1, 16, 28, 28])
layer /tensor start_node /input-12 using sparse-spec alpha [2, 29, 1, 5221] with unstable size 28 total_size 64 output_shape torch.Size([64])
layer /tensor start_node /45 using full alpha [2, 9, 1, 5221] with unstable size None total_size 9 output_shape 9
layer /44 using sparse-features alpha with shape [28]; unstable size 28; total size 64 ([1, 64])
layer /44 start_node /45 using full alpha [2, 9, 1, 28] with unstable size None total_size 9 output_shape 9
Optimizable variables initialized.
initial CROWN bounds (first 10 items): [-2.0061731338500977, -5.808982849121094, -6.528979301452637, -2.383639335632324, -3.3569579124450684, -4.301331996917725, -6.124855995178223, -3.2573256492614746, -3.3880579471588135]
prune_after_crown optimization in use
  original spec size = torch.Size([1, 9])
  pruned spec size = torch.Size([1, 9])
Using alpha-CROWN to initialize bounds.
best_l after optimization: -33.5551872253418
alpha/beta optimization time: 1.3727095127105713
initial alpha-crown bounds (first 10 items): [-1.6110930442810059, -5.521890163421631, -5.849395751953125, -1.998021125793457, -3.11100435256958, -3.875669240951538, -5.611979007720947, -3.007411003112793, -2.9687259197235107]
Global lower bound: -5.849395751953125
0 / 9 OR specs are verified.
Verified OR indices (first 10 items): []
Verified OR lbs (first 10 items): []
Unverified OR indices (first 10 items): [0, 1, 2, 3, 4, 5, 6, 7, 8]
Unverified OR lbs (first 10 items): [[-1.6110930442810059], [-5.521890163421631], [-5.849395751953125], [-1.998021125793457], [-3.11100435256958], [-3.875669240951538], [-5.611979007720947], [-3.007411003112793], [-2.9687259197235107]]
###### Verifying property Instance 5 ######
Batch size: 9
First 10 spec matrices
C: tensor([[[-1.,  1.,  0.,  0.,  0.,  0.,  0.,  0.,  0.,  0.]],

        [[ 0.,  1., -1.,  0.,  0.,  0.,  0.,  0.,  0.,  0.]],

        [[ 0.,  1.,  0., -1.,  0.,  0.,  0.,  0.,  0.,  0.]],

        [[ 0.,  1.,  0.,  0., -1.,  0.,  0.,  0.,  0.,  0.]],

        [[ 0.,  1.,  0.,  0.,  0., -1.,  0.,  0.,  0.,  0.]],

        [[ 0.,  1.,  0.,  0.,  0.,  0., -1.,  0.,  0.,  0.]],

        [[ 0.,  1.,  0.,  0.,  0.,  0.,  0., -1.,  0.,  0.]],

        [[ 0.,  1.,  0.,  0.,  0.,  0.,  0.,  0., -1.,  0.]],

        [[ 0.,  1.,  0.,  0.,  0.,  0.,  0.,  0.,  0., -1.]]], device='cuda:0')
RHS: tensor([[0.],
        [0.],
        [0.],
        [0.],
        [0.],
        [0.],
        [0.],
        [0.],
        [0.]], device='cuda:0')
OR spec sizes: tensor([1, 1, 1, 1, 1, 1, 1, 1, 1], device='cuda:0', dtype=torch.int32)
Remaining timeout: 58.17407989501953
Model prediction is: tensor([-5.02561998,  5.22064400,  0.47097343,  0.25350273, -1.83791983,
        -1.04694867, -1.21368241,  0.02979462,  0.44255015, -2.32435822],
       device='cuda:0')
Activation BaB batch 1/1 
build_with_refined_bounds batch [1/1]
Optimizable variables initialized.
all alpha initialized
directly get lb and ub from refined bounds
c shape: torch.Size([9, 1, 10])
lA shapes: [torch.Size([9, 1, 8, 28, 28]), torch.Size([9, 1, 16, 28, 28]), torch.Size([9, 1, 64])]
(alpha-)CROWN with fixed intermediate bounds: tensor([[-1.61109304],
        [-5.52189016],
        [-5.84939575],
        [-1.99802113],
        [-3.11100435],
        [-3.87566924],
        [-5.61197901],
        [-3.00741100],
        [-2.96872592]], device='cuda:0') tensor([[inf],
        [inf],
        [inf],
        [inf],
        [inf],
        [inf],
        [inf],
        [inf],
        [inf]], device='cuda:0')
Intermediate layers: /input,/input-8,/input-12
Keeping alphas for these layers: ['/45']
Node /input-4 input 0: size torch.Size([8, 28, 28]) unstable 1497
Node /tensor input 0: size torch.Size([16, 28, 28]) unstable 5221
Node /44 input 0: size torch.Size([64]) unstable 26
-----------------
# of unstable neurons: 6744
-----------------

BaB round 1
batch: 9
splitting decisions: 
split level 0: [/input, 5272] [/input, 3326] [/input-8, 8146] [/input-8, 5154] [/input-8, 9285] [/input-8, 8703] [/input-8, 9527] [/input-8, 11881] [/input-8, 7283] 
split level 1: [/input, 3311] [/input, 4956] [/input-8, 7541] [/input, 3255] [/input-8, 8299] [/input-8, 8557] [/input-8, 11782] [/input-8, 3395] [/input-8, 9574] 
split level 2: [/input-8, 3808] [/input, 4945] [/input-8, 3253] [/input-8, 3584] [/input-8, 12442] [/input-8, 11836] [/input-8, 10130] [/input-8, 6942] [/input-8, 4964] 
split level 3: [/input-8, 6864] [/input-8, 6301] [/input-8, 12424] [/input, 5212] [/input-8, 11897] [/input-8, 5116] [/input-8, 461] [/input-8, 6563] [/input-8, 3344] 
best_l after optimization: -524.8487548828125
beta sum per layer: [16.4429988861084, 70.8677749633789, 0.0]
alpha/beta optimization time: 0.17228460311889648
pruning_in_iteration open status: False
ratio of positive domain = 0 / 144 = 0.0
pruning-in-iteration extra time: 5.245208740234375e-05
Time: pickout 0.0021    branching_decision 0.0001    decision 0.0001    set_bounds 0.0099    prepare 0.0018    transfer 0.0000    finalize 0.0073    func 0.1920    
Accumulated time: bab_iteration 0.0000    pickout 0.0021    decision 0.0001    branching_decision 0.0001    set_bounds 0.0099    solve 0.0000    func 0.1920    prepare 0.0018    transfer 0.0000    finalize 0.0073    
max lb -1.581925392150879 min lb -5.849206924438477
Number of Verified Splits: 0 of 144
Current worst splitting domains lb-rhs (depth):
-5.84921 (4), -5.84921 (4), -5.84751 (4), -5.84751 (4), -5.82375 (4), -5.82375 (4), -5.82221 (4), -5.82221 (4), -5.66534 (4), -5.66534 (4), -5.66372 (4), -5.66372 (4), -5.64101 (4), -5.64101 (4), -5.63939 (4), -5.63939 (4), -5.61145 (4), -5.61145 (4), -5.60810 (4), -5.60810 (4), 
Current (lb-rhs): -5.849206924438477
144 domains visited
Length of domains: 144
Cumulative time: 0.2465343475341797

BaB round 2
batch: 144
splitting decisions: 
split level 0: [/input-8, 8760] [/input-8, 3706] [/input-8, 7187] [/input-8, 9025] [/input, 3240] [/input-8, 7930] [/input-8, 9492] [/input-8, 7235] [/input-8, 11939] [/input, 3670] 
best_l after optimization: -1025.514892578125
beta sum per layer: [36.359840393066406, 282.71826171875, 0.0]
alpha/beta optimization time: 0.1426868438720703
pruning_in_iteration open status: False
ratio of positive domain = 0 / 288 = 0.0
pruning-in-iteration extra time: 5.173683166503906e-05
Time: pickout 0.0116    branching_decision 0.0001    decision 0.0001    set_bounds 0.0067    prepare 0.0059    transfer 0.0000    finalize 0.0133    func 0.1677    solve 0.1921    add 0.0025    bab_iteration 0.2068    
Accumulated time: bab_iteration 0.2068    pickout 0.0136    decision 0.0002    branching_decision 0.0002    set_bounds 0.0166    solve 0.1921    func 0.3598    prepare 0.0077    transfer 0.0001    finalize 0.0205    add 0.0025    
max lb -1.3674969673156738 min lb -5.849199295043945
Number of Verified Splits: 0 of 288
Current worst splitting domains lb-rhs (depth):
-5.84920 (5), -5.84920 (5), -5.84920 (5), -5.84920 (5), -5.84750 (5), -5.84750 (5), -5.82372 (5), -5.82372 (5), -5.82354 (5), -5.82201 (5), -5.81876 (5), -5.79990 (5), -5.78449 (5), -5.76224 (5), -5.63796 (5), -5.61144 (5), -5.61144 (5), -5.61137 (5), -5.61069 (5), -5.60794 (5), 
Current (lb-rhs): -5.849199295043945
432 domains visited
Length of domains: 288
Cumulative time: 0.43686509132385254

BaB round 3
batch: 288
splitting decisions: 
split level 0: [/input-8, 7453] [/input-8, 11836] [/input-8, 4979] [/input-8, 3739] [/input, 5120] [/input, 5152] [/input, 6035] [/input, 3221] [/input, 5352] [/input, 3466] 
best_l after optimization: -1995.5904541015625
beta sum per layer: [100.10357666015625, 866.7669067382812, 0.0]
alpha/beta optimization time: 0.15861749649047852
pruning_in_iteration open status: False
ratio of positive domain = 0 / 576 = 0.0
pruning-in-iteration extra time: 5.2928924560546875e-05
Time: pickout 0.0235    branching_decision 0.0002    decision 0.0002    set_bounds 0.0127    prepare 0.0116    transfer 0.0000    finalize 0.0249    func 0.2042    solve 0.1678    add 0.0040    bab_iteration 0.1903    
Accumulated time: bab_iteration 0.3972    pickout 0.0371    decision 0.0004    branching_decision 0.0003    set_bounds 0.0293    solve 0.3598    func 0.5640    prepare 0.0194    transfer 0.0001    finalize 0.0454    add 0.0065    
max lb -1.0547590255737305 min lb -5.8491926193237305
Number of Verified Splits: 0 of 576
Current worst splitting domains lb-rhs (depth):
-5.84919 (6), -5.84919 (6), -5.84919 (6), -5.84919 (6), -5.84919 (6), -5.84902 (6), -5.84750 (6), -5.84750 (6), -5.84711 (6), -5.84410 (6), -5.84234 (6), -5.82372 (6), -5.82353 (6), -5.82280 (6), -5.82200 (6), -5.82197 (6), -5.82181 (6), -5.81755 (6), -5.81071 (6), -5.79918 (6), 
Current (lb-rhs): -5.8491926193237305
1008 domains visited
Length of domains: 576
Cumulative time: 0.6841015815734863

BaB round 4
batch: 576
splitting decisions: 
split level 0: [/input-8, 9939] [/input-8, 3746] [/input, 5263] [/input, 3587] [/input, 3193] [/input, 3676] [/input-8, 6390] [/input, 4986] [/input-8, 6945] [/input-8, 9879] 
best_l after optimization: -3860.68310546875
beta sum per layer: [246.77740478515625, 2451.5595703125, 2.1562283039093018]
alpha/beta optimization time: 0.27221107482910156
pruning_in_iteration open status: False
ratio of positive domain = 0 / 1152 = 0.0
pruning-in-iteration extra time: 8.845329284667969e-05
Time: pickout 0.0452    branching_decision 0.0003    decision 0.0003    set_bounds 0.0252    prepare 0.0243    transfer 0.0000    finalize 0.0536    func 0.3630    solve 0.2042    add 0.0063    bab_iteration 0.2472    
Accumulated time: bab_iteration 0.6444    pickout 0.0823    decision 0.0007    branching_decision 0.0006    set_bounds 0.0546    solve 0.5641    func 0.9269    prepare 0.0437    transfer 0.0002    finalize 0.0990    add 0.0128    
max lb -0.7974848747253418 min lb -5.849184989929199
Number of Verified Splits: 0 of 1152
Current worst splitting domains lb-rhs (depth):
-5.84918 (7), -5.84918 (7), -5.84914 (7), -5.84902 (7), -5.84835 (7), -5.84750 (7), -5.84750 (7), -5.84750 (7), -5.84688 (7), -5.84613 (7), -5.84263 (7), -5.84234 (7), -5.84234 (7), -5.84214 (7), -5.84155 (7), -5.84061 (7), -5.82372 (7), -5.82372 (7), -5.82347 (7), -5.82211 (7), 
Current (lb-rhs): -5.849184989929199
2160 domains visited
Length of domains: 1152
Cumulative time: 1.1324474811553955

BaB round 5
batch: 1152
splitting decisions: 
split level 0: [/input-8, 12372] [/input, 3640] [/input-8, 9554] [/input-8, 7454] [/input, 3388] [/input-8, 6957] [/input, 3307] [/input-8, 3289] [/input-8, 12524] [/input-8, 9883] 
best_l after optimization: -7413.81982421875
beta sum per layer: [589.6767578125, 6554.26904296875, 13.399738311767578]
alpha/beta optimization time: 0.6056301593780518
pruning_in_iteration open status: False
ratio of positive domain = 1 / 2304 = 0.0004340277777777901
pruning-in-iteration extra time: 7.796287536621094e-05
Time: pickout 0.0892    branching_decision 0.0005    decision 0.0005    set_bounds 0.0526    prepare 0.0489    transfer 0.0000    finalize 0.1112    func 0.7889    solve 0.3630    add 0.0141    bab_iteration 0.4483    
Accumulated time: bab_iteration 1.0927    pickout 0.1716    decision 0.0012    branching_decision 0.0011    set_bounds 0.1072    solve 0.9271    func 1.7159    prepare 0.0926    transfer 0.0002    finalize 0.2103    add 0.0269    
max lb 0.288006067276001 min lb -5.849135398864746
Number of Verified Splits: 1 of 2304
Current worst splitting domains lb-rhs (depth):
-5.84914 (8), -5.84914 (8), -5.84888 (8), -5.84750 (8), -5.84750 (8), -5.84750 (8), -5.84750 (8), -5.84749 (8), -5.84713 (8), -5.84678 (8), -5.84678 (8), -5.84596 (8), -5.84594 (8), -5.84580 (8), -5.84403 (8), -5.84262 (8), -5.84234 (8), -5.84234 (8), -5.84234 (8), -5.84234 (8), 
Current (lb-rhs): -5.849135398864746
4464 domains visited
Length of domains: 2303
Cumulative time: 2.0855584144592285

BaB round 6
batch: 2048
splitting decisions: 
split level 0: [/input-8, 10132] [/input, 4794] [/input-8, 9770] [/input-8, 9483] [/input-8, 8739] [/input, 4933] [/input-8, 8963] [/input-8, 11859] [/input-8, 5129] [/input, 3224] 
best_l after optimization: -12575.8955078125
beta sum per layer: [1260.06298828125, 15109.82421875, 37.259300231933594]
alpha/beta optimization time: 1.112637996673584
pruning_in_iteration open status: False
ratio of positive domain = 32 / 4096 = 0.0078125
pruning-in-iteration extra time: 5.626678466796875e-05
Time: pickout 0.1603    branching_decision 0.0008    decision 0.0008    set_bounds 0.0898    prepare 0.0899    transfer 0.0001    finalize 0.1891    func 1.6011    solve 0.7890    add 0.0208    bab_iteration 0.9531    
Accumulated time: bab_iteration 2.0458    pickout 0.3318    decision 0.0020    branching_decision 0.0019    set_bounds 0.1969    solve 1.7161    func 3.3170    prepare 0.1825    transfer 0.0003    finalize 0.3993    add 0.0478    
max lb 0.2575955390930176 min lb -5.849131107330322
Number of Verified Splits: 32 of 4096
Current worst splitting domains lb-rhs (depth):
-5.84913 (9), -5.84913 (9), -5.84913 (9), -5.84913 (9), -5.84875 (9), -5.84750 (9), -5.84750 (9), -5.84750 (9), -5.84750 (8), -5.84749 (9), -5.84713 (8), -5.84700 (9), -5.84669 (9), -5.84669 (9), -5.84669 (9), -5.84595 (9), -5.84565 (9), -5.84402 (9), -5.84262 (9), -5.84254 (9), 
Current (lb-rhs): -5.849131107330322
8560 domains visited
Length of domains: 4319
current_vram/total_varm: 11.2GB/47.7GB, batch_size increase to 4096
Cumulative time: 3.976611375808716

BaB round 7
batch: 4096
splitting decisions: 
split level 0: [/input-8, 4800] [/input-8, 9207] [/input, 5327] [/input-8, 9448] [/input-8, 4885] [/input-8, 8211] [/input-8, 12311] [/input-8, 12171] [/input-8, 6638] [/input-8, 12125] 
best_l after optimization: -24101.09375
beta sum per layer: [2914.470703125, 36496.6796875, 102.97601318359375]
alpha/beta optimization time: 2.1812539100646973
pruning_in_iteration open status: False
ratio of positive domain = 137 / 8192 = 0.0167236328125
pruning-in-iteration extra time: 8.893013000488281e-05
Time: pickout 0.3298    branching_decision 0.0013    decision 0.0014    set_bounds 0.1791    prepare 0.1821    transfer 0.0001    finalize 0.5356    func 2.9722    solve 1.6012    add 0.0372    bab_iteration 1.8910    
Accumulated time: bab_iteration 3.9369    pickout 0.6616    decision 0.0034    branching_decision 0.0033    set_bounds 0.3760    solve 3.3173    func 6.2892    prepare 0.3646    transfer 0.0004    finalize 0.9349    add 0.0850    
max lb 0.34876012802124023 min lb -5.849127769470215
Number of Verified Splits: 137 of 8192
Current worst splitting domains lb-rhs (depth):
-5.84913 (10), -5.84913 (10), -5.84913 (10), -5.84913 (10), -5.84913 (10), -5.84875 (10), -5.84851 (10), -5.84750 (8), -5.84750 (10), -5.84750 (10), -5.84750 (10), -5.84750 (10), -5.84750 (10), -5.84713 (8), -5.84662 (10), -5.84662 (10), -5.84630 (10), -5.84564 (10), -5.84551 (10), -5.84551 (10), 
Current (lb-rhs): -5.849127769470215
16752 domains visited
Length of domains: 8278
Cumulative time: 7.531005620956421

BaB round 8
batch: 4096
splitting decisions: 
split level 0: [/input-8, 4958] [/input-8, 5148] [/input, 3422] [/input-8, 10092] [/input, 4865] [/input, 5073] [/input-8, 6992] [/input-8, 6298] [/input-8, 9008] [/input-8, 9421] 
best_l after optimization: -23071.1328125
beta sum per layer: [3445.73828125, 43653.109375, 124.25662231445312]
alpha/beta optimization time: 2.1812753677368164
pruning_in_iteration open status: False
ratio of positive domain = 141 / 8192 = 0.0172119140625
pruning-in-iteration extra time: 0.0001475811004638672
Time: pickout 0.3269    branching_decision 0.0011    decision 0.0011    set_bounds 0.3436    prepare 0.1858    transfer 0.0001    finalize 0.3974    func 2.8344    solve 2.9722    add 0.0696    bab_iteration 3.5544    
Accumulated time: bab_iteration 7.4912    pickout 0.9885    decision 0.0045    branching_decision 0.0044    set_bounds 0.7196    solve 6.2895    func 9.1235    prepare 0.5504    transfer 0.0004    finalize 1.3323    add 0.1546    
max lb 1.79762864112854 min lb -5.849126815795898
Number of Verified Splits: 141 of 8192
Current worst splitting domains lb-rhs (depth):
-5.84913 (10), -5.84913 (10), -5.84913 (10), -5.84913 (11), -5.84913 (11), -5.84875 (10), -5.84846 (11), -5.84750 (10), -5.84750 (10), -5.84750 (11), -5.84750 (8), -5.84750 (11), -5.84750 (10), -5.84739 (11), -5.84713 (8), -5.84712 (11), -5.84662 (10), -5.84630 (10), -5.84564 (10), -5.84551 (10), 
Current (lb-rhs): -5.849127769470215
24944 domains visited
Length of domains: 12233
Cumulative time: 11.10269808769226

BaB round 9
batch: 4096
splitting decisions: 
split level 0: [/input-8, 12507] [/input, 3318] [/input-8, 7221] [/input-8, 6031] [/input-8, 8132] [/input-8, 6446] [/input-8, 8168] [/input-8, 9022] [/input, 3508] [/input, 3246] 
best_l after optimization: -21988.4140625
beta sum per layer: [3995.65185546875, 51679.5234375, 142.55096435546875]
alpha/beta optimization time: 2.181058406829834
pruning_in_iteration open status: False
ratio of positive domain = 352 / 8192 = 0.04296875
pruning-in-iteration extra time: 8.416175842285156e-05
Time: pickout 0.3346    branching_decision 0.0011    decision 0.0011    set_bounds 0.3656    prepare 0.1859    transfer 0.0001    finalize 0.3861    func 2.8228    solve 2.8344    add 0.0627    bab_iteration 3.5717    
Accumulated time: bab_iteration 11.0629    pickout 1.3231    decision 0.0056    branching_decision 0.0055    set_bounds 1.0853    solve 9.1239    func 11.9463    prepare 0.7363    transfer 0.0005    finalize 1.7185    add 0.2173    
max lb 0.28409528732299805 min lb -5.847495079040527
Number of Verified Splits: 352 of 8192
Current worst splitting domains lb-rhs (depth):
-5.84913 (10), -5.84913 (10), -5.84913 (10), -5.84913 (11), -5.84913 (11), -5.84875 (10), -5.84846 (11), -5.84750 (10), -5.84750 (10), -5.84750 (8), -5.84750 (11), -5.84750 (12), -5.84750 (10), -5.84746 (12), -5.84739 (11), -5.84713 (8), -5.84687 (12), -5.84687 (12), -5.84662 (10), -5.84630 (10), 
Current (lb-rhs): -5.849127769470215
33136 domains visited
Length of domains: 15977
Cumulative time: 14.690192937850952

BaB round 10
batch: 4096
splitting decisions: 
split level 0: [/input-8, 10161] [/input-8, 7411] [/input-8, 6423] [/input, 3689] [/input-8, 8179] [/input, 5087] [/input-8, 6564] [/input-8, 4804] [/input-8, 4732] [/input-8, 3796] 
best_l after optimization: -21473.208984375
beta sum per layer: [4677.81494140625, 58281.9765625, 173.96153259277344]
alpha/beta optimization time: 2.18159818649292
pruning_in_iteration open status: False
ratio of positive domain = 357 / 8192 = 0.0435791015625
pruning-in-iteration extra time: 7.843971252441406e-05
Time: pickout 0.3351    branching_decision 0.0010    decision 0.0010    set_bounds 0.3839    prepare 0.1877    transfer 0.0001    finalize 0.3883    func 2.8267    solve 2.8229    add 0.0604    bab_iteration 3.5875    
Accumulated time: bab_iteration 14.6504    pickout 1.6582    decision 0.0067    branching_decision 0.0065    set_bounds 1.4692    solve 11.9467    func 14.7731    prepare 0.9240    transfer 0.0006    finalize 2.1067    add 0.2777    
max lb 1.2786788940429688 min lb -5.8469743728637695
Number of Verified Splits: 357 of 8192
Current worst splitting domains lb-rhs (depth):
-5.84913 (10), -5.84913 (10), -5.84913 (10), -5.84913 (11), -5.84913 (11), -5.84875 (10), -5.84846 (11), -5.84750 (10), -5.84750 (10), -5.84750 (10), -5.84750 (11), -5.84750 (12), -5.84750 (8), -5.84739 (11), -5.84713 (8), -5.84697 (13), -5.84688 (13), -5.84687 (12), -5.84662 (10), -5.84661 (13), 
Current (lb-rhs): -5.849127769470215
41328 domains visited
Length of domains: 19716
Cumulative time: 18.33990168571472

BaB round 11
batch: 4096
splitting decisions: 
split level 0: [/input-8, 12343] [/input-8, 6728] [/input-8, 6411] [/input-8, 9661] [/input-8, 8995] [/input-8, 9654] [/input-8, 3391] [/input-8, 5184] [/input-8, 9272] [/input, 5174] 
best_l after optimization: -20868.75390625
beta sum per layer: [5421.41455078125, 65402.3046875, 192.51138305664062]
alpha/beta optimization time: 2.182056427001953
pruning_in_iteration open status: False
ratio of positive domain = 359 / 8192 = 0.0438232421875
pruning-in-iteration extra time: 7.414817810058594e-05
Time: pickout 0.3374    branching_decision 0.0011    decision 0.0011    set_bounds 0.1816    prepare 0.1863    transfer 0.0001    finalize 0.6113    func 3.0492    solve 2.8268    add 0.0995    bab_iteration 3.6497    
Accumulated time: bab_iteration 18.3001    pickout 1.9957    decision 0.0077    branching_decision 0.0075    set_bounds 1.6508    solve 14.7735    func 17.8223    prepare 1.1103    transfer 0.0006    finalize 2.7181    add 0.3772    
max lb 1.0317864418029785 min lb -5.846792221069336
Number of Verified Splits: 359 of 8192
Current worst splitting domains lb-rhs (depth):
-5.84913 (10), -5.84913 (10), -5.84913 (10), -5.84913 (11), -5.84913 (11), -5.84875 (10), -5.84846 (11), -5.84750 (10), -5.84750 (11), -5.84750 (10), -5.84750 (8), -5.84750 (12), -5.84750 (10), -5.84739 (11), -5.84713 (8), -5.84697 (13), -5.84687 (12), -5.84679 (14), -5.84662 (10), -5.84650 (14), 
Current (lb-rhs): -5.849127769470215
49520 domains visited
Length of domains: 23453
Cumulative time: 21.975455045700073

BaB round 12
batch: 4096
splitting decisions: 
split level 0: [/input-8, 7231] [/input-8, 8567] [/input, 3856] [/input-8, 3577] [/input-8, 11785] [/input-8, 4717] [/input-8, 12457] [/input, 5257] [/input-8, 12408] [/input-8, 7158] 
best_l after optimization: -20194.40234375
beta sum per layer: [6113.8671875, 73589.703125, 197.431640625]
alpha/beta optimization time: 2.18216609954834
pruning_in_iteration open status: False
ratio of positive domain = 355 / 8192 = 0.0433349609375
pruning-in-iteration extra time: 5.626678466796875e-05
Time: pickout 0.3401    branching_decision 0.0010    decision 0.0010    set_bounds 0.1816    prepare 0.1870    transfer 0.0001    finalize 0.3947    func 2.8351    solve 3.0493    add 0.0626    bab_iteration 3.6355    
Accumulated time: bab_iteration 21.9357    pickout 2.3357    decision 0.0088    branching_decision 0.0085    set_bounds 1.8325    solve 17.8228    func 20.6574    prepare 1.2972    transfer 0.0007    finalize 3.1128    add 0.4398    
max lb 1.0392460823059082 min lb -5.846651077270508
Number of Verified Splits: 355 of 8192
Current worst splitting domains lb-rhs (depth):
-5.84913 (10), -5.84913 (10), -5.84913 (10), -5.84913 (11), -5.84913 (11), -5.84875 (10), -5.84846 (11), -5.84750 (12), -5.84750 (10), -5.84750 (10), -5.84750 (11), -5.84750 (8), -5.84750 (10), -5.84739 (11), -5.84713 (8), -5.84697 (13), -5.84687 (12), -5.84665 (15), -5.84662 (10), -5.84661 (15), 
Current (lb-rhs): -5.849127769470215
57712 domains visited
Length of domains: 27194
Cumulative time: 25.677237510681152

BaB round 13
batch: 4096
splitting decisions: 
split level 0: [/input-8, 7453] [/input-8, 12421] [/input-8, 5156] [/input-8, 12394] [/input-8, 5403] [/input-8, 5245] [/input, 3484] [/input-8, 4631] [/input-8, 9485] [/input, 5268] 
best_l after optimization: -19427.814453125
beta sum per layer: [7017.787109375, 82039.6875, 201.3356170654297]
alpha/beta optimization time: 2.1842703819274902
pruning_in_iteration open status: False
ratio of positive domain = 501 / 8192 = 0.0611572265625
pruning-in-iteration extra time: 6.67572021484375e-05
Time: pickout 0.3473    branching_decision 0.0010    decision 0.0010    set_bounds 0.1844    prepare 0.1872    transfer 0.0001    finalize 0.3849    func 2.8260    solve 2.8351    add 0.3398    bab_iteration 3.7018    
Accumulated time: bab_iteration 25.6374    pickout 2.6830    decision 0.0098    branching_decision 0.0096    set_bounds 2.0169    solve 20.6579    func 23.4834    prepare 1.4845    transfer 0.0008    finalize 3.4977    add 0.7796    
max lb 1.2486929893493652 min lb -5.845963478088379
Number of Verified Splits: 501 of 8192
Current worst splitting domains lb-rhs (depth):
-5.84913 (10), -5.84913 (10), -5.84913 (10), -5.84913 (11), -5.84913 (11), -5.84875 (10), -5.84846 (11), -5.84750 (10), -5.84750 (12), -5.84750 (8), -5.84750 (10), -5.84750 (10), -5.84750 (11), -5.84739 (11), -5.84713 (8), -5.84697 (13), -5.84687 (12), -5.84662 (10), -5.84661 (15), -5.84650 (14), 
Current (lb-rhs): -5.849127769470215
65904 domains visited
Length of domains: 30789
Cumulative time: 29.10432720184326

BaB round 14
batch: 4096
splitting decisions: 
split level 0: [/input-8, 7438] [/input, 5224] [/input-8, 3722] [/input-8, 11904] [/input-8, 5041] [/input-8, 10003] [/input-8, 7041] [/input, 266] [/input-8, 12336] [/input-8, 6727] 
best_l after optimization: -19007.3515625
beta sum per layer: [8050.658203125, 89641.5, 193.8455352783203]
alpha/beta optimization time: 2.182317018508911
pruning_in_iteration open status: False
ratio of positive domain = 575 / 8192 = 0.0701904296875
pruning-in-iteration extra time: 7.271766662597656e-05
Time: pickout 0.6743    branching_decision 0.0010    decision 0.0010    set_bounds 0.1834    prepare 0.1871    transfer 0.0001    finalize 0.3868    func 2.8254    solve 2.8261    add 0.0638    bab_iteration 3.4271    
Accumulated time: bab_iteration 29.0645    pickout 3.3573    decision 0.0108    branching_decision 0.0105    set_bounds 2.2003    solve 23.4840    func 26.3088    prepare 1.6715    transfer 0.0008    finalize 3.8844    add 0.8434    
max lb 0.8928310871124268 min lb -5.842361927032471
Number of Verified Splits: 575 of 8192
Current worst splitting domains lb-rhs (depth):
-5.84913 (10), -5.84913 (10), -5.84913 (10), -5.84913 (11), -5.84913 (11), -5.84875 (10), -5.84846 (11), -5.84750 (8), -5.84750 (10), -5.84750 (10), -5.84750 (11), -5.84750 (10), -5.84750 (12), -5.84739 (11), -5.84713 (8), -5.84697 (13), -5.84687 (12), -5.84662 (10), -5.84661 (15), -5.84650 (14), 
Current (lb-rhs): -5.849127769470215
74096 domains visited
Length of domains: 34310
Cumulative time: 32.93847870826721

BaB round 15
batch: 4096
splitting decisions: 
split level 0: [/input-8, 3414] [/input-8, 10184] [/input-8, 7934] [/input-8, 8890] [/input-8, 7145] [/input-8, 9961] [/input-8, 9662] [/input, 3179] [/input-8, 5067] [/input-8, 6636] 
best_l after optimization: -18732.552734375
beta sum per layer: [8950.6796875, 97041.703125, 209.8912353515625]
alpha/beta optimization time: 2.183183431625366
pruning_in_iteration open status: False
ratio of positive domain = 541 / 8192 = 0.0660400390625
pruning-in-iteration extra time: 7.534027099609375e-05
Time: pickout 0.3504    branching_decision 0.0010    decision 0.0011    set_bounds 0.1841    prepare 0.1891    transfer 0.0001    finalize 0.7036    func 3.1448    solve 2.8255    add 0.1454    bab_iteration 3.8341    
Accumulated time: bab_iteration 32.8987    pickout 3.7077    decision 0.0119    branching_decision 0.0116    set_bounds 2.3844    solve 26.3095    func 29.4536    prepare 1.8606    transfer 0.0009    finalize 4.5880    add 0.9888    
max lb 1.676936388015747 min lb -5.839141368865967
Number of Verified Splits: 541 of 8192
Current worst splitting domains lb-rhs (depth):
-5.84913 (10), -5.84913 (10), -5.84913 (10), -5.84913 (11), -5.84913 (11), -5.84875 (10), -5.84846 (11), -5.84750 (10), -5.84750 (10), -5.84750 (8), -5.84750 (12), -5.84750 (10), -5.84750 (11), -5.84739 (11), -5.84713 (8), -5.84697 (13), -5.84687 (12), -5.84662 (10), -5.84661 (15), -5.84650 (14), 
Current (lb-rhs): -5.849127769470215
82288 domains visited
Length of domains: 37865
Cumulative time: 36.6858184337616

BaB round 16
batch: 4096
splitting decisions: 
split level 0: [/input, 5671] [/input-8, 3206] [/input-8, 4931] [/input-8, 3826] [/input-8, 7506] [/input-8, 9589] [/input-8, 9019] [/input-8, 8354] [/input-8, 6599] [/input-8, 8699] 
best_l after optimization: -18320.5703125
beta sum per layer: [9896.21484375, 105286.125, 212.90579223632812]
alpha/beta optimization time: 2.1830005645751953
pruning_in_iteration open status: False
ratio of positive domain = 576 / 8192 = 0.0703125
pruning-in-iteration extra time: 5.793571472167969e-05
Time: pickout 0.3514    branching_decision 0.0010    decision 0.0010    set_bounds 0.1825    prepare 0.1883    transfer 0.0001    finalize 0.3836    func 2.8236    solve 3.1449    add 0.0625    bab_iteration 3.7473    
Accumulated time: bab_iteration 36.6460    pickout 4.0590    decision 0.0129    branching_decision 0.0126    set_bounds 2.5669    solve 29.4544    func 32.2772    prepare 2.0489    transfer 0.0009    finalize 4.9716    add 1.0512    
max lb 0.8924217224121094 min lb -5.838753700256348
Number of Verified Splits: 576 of 8192
Current worst splitting domains lb-rhs (depth):
-5.84913 (10), -5.84913 (10), -5.84913 (10), -5.84913 (11), -5.84913 (11), -5.84875 (10), -5.84846 (11), -5.84750 (11), -5.84750 (10), -5.84750 (12), -5.84750 (8), -5.84750 (10), -5.84750 (10), -5.84739 (11), -5.84713 (8), -5.84697 (13), -5.84687 (12), -5.84662 (10), -5.84661 (15), -5.84650 (14), 
Current (lb-rhs): -5.849127769470215
90480 domains visited
Length of domains: 41385
Cumulative time: 40.113558292388916

BaB round 17
batch: 4096
splitting decisions: 
split level 0: [/input, 3510] [/input-8, 5033] [/input-8, 7961] [/input, 3758] [/input-8, 8937] [/input, 3229] [/input-8, 7128] [/input-8, 4847] [/input, 4983] [/input-8, 6275] 
best_l after optimization: -18013.90234375
beta sum per layer: [10885.201171875, 112935.1328125, 214.77215576171875]
alpha/beta optimization time: 2.18406343460083
pruning_in_iteration open status: False
ratio of positive domain = 592 / 8192 = 0.072265625
pruning-in-iteration extra time: 6.604194641113281e-05
Time: pickout 0.3555    branching_decision 0.0010    decision 0.0010    set_bounds 0.5410    prepare 0.1892    transfer 0.0001    finalize 0.3831    func 2.8286    solve 2.8236    add 0.0642    bab_iteration 3.4277    
Accumulated time: bab_iteration 40.0737    pickout 4.4145    decision 0.0139    branching_decision 0.0136    set_bounds 3.1079    solve 32.2779    func 35.1057    prepare 2.2381    transfer 0.0010    finalize 5.3547    add 1.1154    
max lb 0.7241363525390625 min lb -5.838369369506836
Number of Verified Splits: 592 of 8192
Current worst splitting domains lb-rhs (depth):
-5.84913 (10), -5.84913 (10), -5.84913 (10), -5.84913 (11), -5.84913 (11), -5.84875 (10), -5.84846 (11), -5.84750 (10), -5.84750 (10), -5.84750 (10), -5.84750 (11), -5.84750 (8), -5.84750 (12), -5.84739 (11), -5.84713 (8), -5.84697 (13), -5.84687 (12), -5.84662 (10), -5.84661 (15), -5.84650 (14), 
Current (lb-rhs): -5.849127769470215
98672 domains visited
Length of domains: 44889
Cumulative time: 43.908427476882935

BaB round 18
batch: 4096
splitting decisions: 
split level 0: [/input, 4785] [/input-8, 12184] [/input, 4925] [/input-8, 7032] [/input, 5396] [/input, 239] [/input-8, 11935] [/input, 4864] [/input-8, 8085] [/input-8, 3650] 
best_l after optimization: -17719.173828125
beta sum per layer: [11887.5693359375, 120434.2265625, 218.2035675048828]
alpha/beta optimization time: 2.185218572616577
pruning_in_iteration open status: False
ratio of positive domain = 703 / 8192 = 0.0858154296875
pruning-in-iteration extra time: 6.413459777832031e-05
Time: pickout 0.3581    branching_decision 0.0010    decision 0.0010    set_bounds 0.1834    prepare 0.1896    transfer 0.0001    finalize 0.3855    func 2.8312    solve 2.8287    add 0.0632    bab_iteration 3.7949    
Accumulated time: bab_iteration 43.8686    pickout 4.7726    decision 0.0150    branching_decision 0.0146    set_bounds 3.2913    solve 35.1066    func 37.9369    prepare 2.4277    transfer 0.0011    finalize 5.7402    add 1.1786    
max lb 0.6025838851928711 min lb -5.838054180145264
Number of Verified Splits: 703 of 8192
Current worst splitting domains lb-rhs (depth):
-5.84913 (10), -5.84913 (10), -5.84913 (10), -5.84913 (11), -5.84913 (11), -5.84875 (10), -5.84846 (11), -5.84750 (10), -5.84750 (10), -5.84750 (12), -5.84750 (8), -5.84750 (11), -5.84750 (10), -5.84739 (11), -5.84713 (8), -5.84697 (13), -5.84687 (12), -5.84662 (10), -5.84661 (15), -5.84650 (14), 
Current (lb-rhs): -5.849127769470215
106864 domains visited
Length of domains: 48282
Cumulative time: 47.7873432636261

BaB round 19
batch: 4096
splitting decisions: 
split level 0: [/input-8, 6445] [/input-8, 12172] [/input-8, 4775] [/input-8, 5209] [/input-8, 6518] [/input-8, 3474] [/input, 3705] [/input, 3283] [/input-8, 6376] [/input-8, 4981] 
best_l after optimization: -17612.3671875
beta sum per layer: [12872.904296875, 128183.6875, 235.83956909179688]
alpha/beta optimization time: 2.1837515830993652
pruning_in_iteration open status: False
ratio of positive domain = 619 / 8192 = 0.0755615234375
pruning-in-iteration extra time: 6.008148193359375e-05
Time: pickout 0.3568    branching_decision 0.0010    decision 0.0010    set_bounds 0.1838    prepare 0.1892    transfer 0.0001    finalize 0.3916    func 2.8351    solve 2.8312    add 0.4995    bab_iteration 3.8789    
Accumulated time: bab_iteration 47.7475    pickout 5.1295    decision 0.0160    branching_decision 0.0156    set_bounds 3.4751    solve 37.9378    func 40.7720    prepare 2.6169    transfer 0.0011    finalize 6.1318    add 1.6780    
max lb 0.3789219856262207 min lb -5.83766508102417
Number of Verified Splits: 619 of 8192
Current worst splitting domains lb-rhs (depth):
-5.84913 (10), -5.84913 (10), -5.84913 (10), -5.84913 (11), -5.84913 (11), -5.84875 (10), -5.84846 (11), -5.84750 (10), -5.84750 (10), -5.84750 (12), -5.84750 (10), -5.84750 (8), -5.84750 (11), -5.84739 (11), -5.84713 (8), -5.84697 (13), -5.84687 (12), -5.84662 (10), -5.84661 (15), -5.84650 (14), 
Current (lb-rhs): -5.849127769470215
115056 domains visited
Length of domains: 51759
Cumulative time: 51.23222351074219

BaB round 20
batch: 4096
splitting decisions: 
split level 0: [/input-8, 10023] [/input-8, 3585] [/input, 3733] [/input-8, 12298] [/input-8, 11925] [/input, 4903] [/input-8, 9082] [/input, 5159] [/input-8, 12024] [/input-8, 6841] 
best_l after optimization: -17325.00390625
beta sum per layer: [13903.83203125, 136324.765625, 256.5909729003906]
alpha/beta optimization time: 2.1834986209869385
pruning_in_iteration open status: False
ratio of positive domain = 561 / 8192 = 0.0684814453125
pruning-in-iteration extra time: 6.127357482910156e-05
Time: pickout 0.3562    branching_decision 0.0010    decision 0.0010    set_bounds 0.1834    prepare 0.1890    transfer 0.0001    finalize 0.3915    func 3.2628    solve 2.8351    add 0.0619    bab_iteration 3.4449    
Accumulated time: bab_iteration 51.1924    pickout 5.4857    decision 0.0170    branching_decision 0.0166    set_bounds 3.6585    solve 40.7730    func 44.0348    prepare 2.8059    transfer 0.0012    finalize 6.5233    add 1.7399    
max lb 1.2081584930419922 min lb -5.832622051239014
Number of Verified Splits: 561 of 8192
Current worst splitting domains lb-rhs (depth):
-5.84913 (10), -5.84913 (10), -5.84913 (10), -5.84913 (11), -5.84913 (11), -5.84875 (10), -5.84846 (11), -5.84750 (10), -5.84750 (11), -5.84750 (10), -5.84750 (12), -5.84750 (8), -5.84750 (10), -5.84739 (11), -5.84713 (8), -5.84697 (13), -5.84687 (12), -5.84662 (10), -5.84661 (15), -5.84650 (14), 
Current (lb-rhs): -5.849127769470215
123248 domains visited
Length of domains: 55294
Cumulative time: 55.104307889938354

BaB round 21
batch: 4096
splitting decisions: 
split level 0: [/input-8, 6528] [/input, 5262] [/input, 3144] [/input-8, 7919] [/input-8, 3288] [/input, 3289] [/input-8, 9612] [/input-8, 9640] [/input, 4988] [/input-8, 5480] 
best_l after optimization: -16825.2421875
beta sum per layer: [15082.33203125, 146247.34375, 242.27880859375]
alpha/beta optimization time: 2.183285713195801
pruning_in_iteration open status: False
ratio of positive domain = 664 / 8192 = 0.0810546875
pruning-in-iteration extra time: 5.555152893066406e-05
Time: pickout 0.3577    branching_decision 0.0010    decision 0.0011    set_bounds 0.1828    prepare 0.1896    transfer 0.0001    finalize 0.3872    func 2.8298    solve 3.2628    add 0.0622    bab_iteration 3.8721    
Accumulated time: bab_iteration 55.0645    pickout 5.8434    decision 0.0181    branching_decision 0.0177    set_bounds 3.8413    solve 44.0358    func 46.8646    prepare 2.9955    transfer 0.0013    finalize 6.9105    add 1.8020    
max lb 0.8407058715820312 min lb -5.810074329376221
Number of Verified Splits: 664 of 8192
Current worst splitting domains lb-rhs (depth):
-5.84913 (10), -5.84913 (10), -5.84913 (10), -5.84913 (11), -5.84913 (11), -5.84875 (10), -5.84846 (11), -5.84750 (12), -5.84750 (11), -5.84750 (10), -5.84750 (10), -5.84750 (10), -5.84750 (8), -5.84739 (11), -5.84713 (8), -5.84697 (13), -5.84687 (12), -5.84662 (10), -5.84661 (15), -5.84650 (14), 
Current (lb-rhs): -5.849127769470215
131440 domains visited
Length of domains: 58726
Time out!!!!!!!!
Result: unknown in 60.6218 seconds

 %%%%%%%%%%%%%%%%%%%%%%%%%%%%%%%%%%% idx: 6, vnnlib ID: 6 %%%%%%%%%%%%%%%%%%%%%%%%%%%%%%%%%%%
Finished vnnlib processing in 0.001625 seconds
Model: BoundedModule(
  (/input-1): BoundInput(name=/input-1, inputs=[], perturbed=True)
  (/shape): BoundBuffers(name=/shape, inputs=[], perturbed=False)
  (/12): BoundParams(name=/12, inputs=[], perturbed=False)
  (/13): BoundParams(name=/13, inputs=[], perturbed=False)
  (/14): BoundParams(name=/14, inputs=[], perturbed=False)
  (/15): BoundParams(name=/15, inputs=[], perturbed=False)
  (/16): BoundParams(name=/16, inputs=[], perturbed=False)
  (/17): BoundParams(name=/17, inputs=[], perturbed=False)
  (/18): BoundParams(name=/18, inputs=[], perturbed=False)
  (/19): BoundParams(name=/19, inputs=[], perturbed=False)
  (/20): BoundParams(name=/20, inputs=[], perturbed=False)
  (/21): BoundParams(name=/21, inputs=[], perturbed=False)
  (/input): BoundConv(name=/input, inputs=[/input-1, /12, /13], perturbed=True)
  (/input-4): BoundRelu(name=/input-4, inputs=[/input], perturbed=True)
  (/24): BoundConv(name=/24, inputs=[/input-4, /14, /15], perturbed=True)
  (/25): BoundConv(name=/25, inputs=[/input-4, /16, /17], perturbed=True)
  (/26): BoundAdd(name=/26, inputs=[/24, /25], perturbed=True)
  (/input-8): BoundConcat(name=/input-8, inputs=[/input, /26], perturbed=True)
  (/tensor): BoundRelu(name=/tensor, inputs=[/input-8], perturbed=True)
  (/30): BoundSplit(name=/30, inputs=[/tensor], perturbed=True)
  (/31): BoundSplit(name=/31, inputs=[/shape], perturbed=False)
  (/32): BoundSplit(name=/32, inputs=[/shape], perturbed=False)
  (/33): BoundConstant(name=/33, value=tensor([0], device='cuda:0'))
  (/34): BoundSqueeze(name=/34, inputs=[/31, /33], perturbed=False)
  (/35): BoundConstant(name=/35, value=tensor([0], device='cuda:0'))
  (/36): BoundSqueeze(name=/36, inputs=[/32, /35], perturbed=False)
  (/37): BoundConstant(name=/37, value=tensor([0], device='cuda:0'))
  (/38): BoundUnsqueeze(name=/38, inputs=[/34, /37], perturbed=False)
  (/39): BoundConstant(name=/39, value=tensor([0], device='cuda:0'))
  (/40): BoundUnsqueeze(name=/40, inputs=[/36, /39], perturbed=False)
  (/41): BoundConcat(name=/41, inputs=[/38, /40], perturbed=False)
  (/42): BoundReshape(name=/42, inputs=[/30, /41], perturbed=True)
  (/input-12): BoundLinear(name=/input-12, inputs=[/42, /18, /19], perturbed=True)
  (/44): BoundRelu(name=/44, inputs=[/input-12], perturbed=True)
  (/45): BoundLinear(name=/45, inputs=[/44, /20, /21], perturbed=True)
)
Original output in the first batch: tensor([[-2.45666289, -2.22475696, -1.73973835,  2.25172806,  7.18227243,
          4.33149242, -3.62663269,  4.87875891,  4.05887079,  4.12637424]],
       device='cuda:0')
Split layers:
Nonlinear functions:
   BoundRelu(name=/input-4, inputs=[/input], perturbed=True)
   BoundRelu(name=/tensor, inputs=[/input-8], perturbed=True)
   BoundRelu(name=/44, inputs=[/input-12], perturbed=True)
build batch [1/1]
layer /input-4 using sparse-features alpha with shape [1530]; unstable size 1530; total size 6272 ([1, 8, 28, 28])
layer /input-4 start_node /input-12 using sparse-spec alpha [2, 18, 1, 1530] with unstable size 17 total_size 64 output_shape torch.Size([64])
layer /input-4 start_node /45 using full alpha [2, 9, 1, 1530] with unstable size None total_size 9 output_shape 9
layer /tensor using sparse-features alpha with shape [4941]; unstable size 4941; total size 12544 ([1, 16, 28, 28])
layer /tensor start_node /input-12 using sparse-spec alpha [2, 18, 1, 4941] with unstable size 17 total_size 64 output_shape torch.Size([64])
layer /tensor start_node /45 using full alpha [2, 9, 1, 4941] with unstable size None total_size 9 output_shape 9
layer /44 using sparse-features alpha with shape [17]; unstable size 17; total size 64 ([1, 64])
layer /44 start_node /45 using full alpha [2, 9, 1, 17] with unstable size None total_size 9 output_shape 9
Optimizable variables initialized.
initial CROWN bounds (first 10 items): [0.27005672454833984, 2.247243881225586, -0.7643914222717285, -5.148266315460205, -5.198482036590576, 0.7115449905395508, -5.7454633712768555, -4.353395462036133, -3.1099488735198975]
prune_after_crown optimization in use
  original spec size = torch.Size([1, 9])
  pruned spec size = torch.Size([1, 6])
Using alpha-CROWN to initialize bounds.
best_l after optimization: -21.004741668701172
alpha/beta optimization time: 1.2579514980316162
initial alpha-crown bounds (first 10 items): [-0.5229825973510742, -4.065669536590576, -4.716436386108398, -5.1235809326171875, -3.7479724884033203, -2.8281002044677734]
Global lower bound: -5.1235809326171875
3 / 9 OR specs are verified.
Verified OR indices (first 10 items): [0, 1, 5]
Verified OR lbs (first 10 items): [[inf], [inf], [inf]]
Unverified OR indices (first 10 items): [2, 3, 4, 6, 7, 8]
Unverified OR lbs (first 10 items): [[-0.5229825973510742], [-4.065669536590576], [-4.716436386108398], [-5.1235809326171875], [-3.7479724884033203], [-2.8281002044677734]]
###### Verifying property Instance 6 ######
Batch size: 6
First 10 spec matrices
C: tensor([[[ 0.,  0., -1.,  0.,  1.,  0.,  0.,  0.,  0.,  0.]],

        [[ 0.,  0.,  0., -1.,  1.,  0.,  0.,  0.,  0.,  0.]],

        [[ 0.,  0.,  0.,  0.,  1., -1.,  0.,  0.,  0.,  0.]],

        [[ 0.,  0.,  0.,  0.,  1.,  0.,  0., -1.,  0.,  0.]],

        [[ 0.,  0.,  0.,  0.,  1.,  0.,  0.,  0., -1.,  0.]],

        [[ 0.,  0.,  0.,  0.,  1.,  0.,  0.,  0.,  0., -1.]]], device='cuda:0')
RHS: tensor([[0.],
        [0.],
        [0.],
        [0.],
        [0.],
        [0.]], device='cuda:0')
OR spec sizes: tensor([1, 1, 1, 1, 1, 1], device='cuda:0', dtype=torch.int32)
Remaining timeout: 58.37048292160034
Model prediction is: tensor([-2.45666289, -2.22475696, -1.73973835,  2.25172806,  7.18227243,
         4.33149242, -3.62663269,  4.87875891,  4.05887079,  4.12637424],
       device='cuda:0')
Activation BaB batch 1/1 
build_with_refined_bounds batch [1/1]
Optimizable variables initialized.
all alpha initialized
directly get lb and ub from refined bounds
c shape: torch.Size([6, 1, 10])
lA shapes: [torch.Size([6, 1, 8, 28, 28]), torch.Size([6, 1, 16, 28, 28]), torch.Size([6, 1, 64])]
(alpha-)CROWN with fixed intermediate bounds: tensor([[-0.52298260],
        [-4.06566954],
        [-4.71643639],
        [-5.12358093],
        [-3.74797249],
        [-2.82810020]], device='cuda:0') tensor([[inf],
        [inf],
        [inf],
        [inf],
        [inf],
        [inf]], device='cuda:0')
Intermediate layers: /input,/input-8,/input-12
Keeping alphas for these layers: ['/45']
Node /input-4 input 0: size torch.Size([8, 28, 28]) unstable 1530
Node /tensor input 0: size torch.Size([16, 28, 28]) unstable 4941
Node /44 input 0: size torch.Size([64]) unstable 17
-----------------
# of unstable neurons: 6488
-----------------

BaB round 1
batch: 6
splitting decisions: 
split level 0: [/input, 3168] [/input-8, 3194] [/input, 5268] [/input-8, 8161] [/input-8, 8508] [/input-8, 6688] 
split level 1: [/input-8, 6812] [/input-8, 9824] [/input-8, 8026] [/input, 370] [/input-8, 3178] [/input-8, 4166] 
split level 2: [/input, 3806] [/input-8, 8826] [/input-8, 3625] [/input-8, 8254] [/input-8, 8349] [/input-8, 8082] 
split level 3: [/input-8, 10048] [/input-8, 8541] [/input-8, 8342] [/input, 3579] [/input-8, 9319] [/input, 5836] 
split level 4: [/input, 3301] [/input-8, 3360] [/input-8, 3549] [/input, 6037] [/input, 4982] [/input-8, 11785] 
best_l after optimization: -660.3734130859375
beta sum per layer: [27.285715103149414, 90.4666976928711, 0.0]
alpha/beta optimization time: 0.16324162483215332
pruning_in_iteration open status: False
ratio of positive domain = 0 / 192 = 0.0
pruning-in-iteration extra time: 5.125999450683594e-05
Time: pickout 0.0022    branching_decision 0.0001    decision 0.0001    set_bounds 0.0117    prepare 0.0026    transfer 0.0000    finalize 0.0102    func 0.1833    
Accumulated time: bab_iteration 0.0000    pickout 0.0022    decision 0.0001    branching_decision 0.0001    set_bounds 0.0117    solve 0.0000    func 0.1833    prepare 0.0026    transfer 0.0000    finalize 0.0102    
max lb -0.3740830421447754 min lb -5.121255874633789
Number of Verified Splits: 0 of 192
Current worst splitting domains lb-rhs (depth):
-5.12126 (5), -5.12074 (5), -5.11751 (5), -5.11724 (5), -5.11620 (5), -5.11572 (5), -5.11246 (5), -5.11222 (5), -5.09999 (5), -5.09953 (5), -5.09627 (5), -5.09598 (5), -5.09508 (5), -5.09462 (5), -5.09136 (5), -5.09107 (5), -5.03884 (5), -5.03838 (5), -5.03512 (5), -5.03483 (5), 
Current (lb-rhs): -5.121255874633789
192 domains visited
Length of domains: 192
Cumulative time: 0.24197793006896973

BaB round 2
batch: 192
splitting decisions: 
split level 0: [/input, 3187] [/input-8, 12230] [/input-8, 5330] [/input, 3625] [/input-8, 5054] [/input, 5102] [/input, 3646] [/input, 4707] [/input-8, 9969] [/input-8, 3870] 
best_l after optimization: -1299.3582763671875
beta sum per layer: [89.42938995361328, 360.1484680175781, 0.0]
alpha/beta optimization time: 0.14579510688781738
pruning_in_iteration open status: False
ratio of positive domain = 0 / 384 = 0.0
pruning-in-iteration extra time: 5.245208740234375e-05
Time: pickout 0.0162    branching_decision 0.0001    decision 0.0001    set_bounds 0.0089    prepare 0.0084    transfer 0.0000    finalize 0.0193    func 0.1800    solve 0.1834    add 0.0024    bab_iteration 0.1999    
Accumulated time: bab_iteration 0.1999    pickout 0.0184    decision 0.0002    branching_decision 0.0002    set_bounds 0.0206    solve 0.1834    func 0.3633    prepare 0.0109    transfer 0.0001    finalize 0.0294    add 0.0024    
max lb -0.13187408447265625 min lb -5.121049880981445
Number of Verified Splits: 0 of 384
Current worst splitting domains lb-rhs (depth):
-5.12105 (6), -5.12070 (6), -5.11957 (6), -5.11748 (6), -5.11723 (6), -5.11723 (6), -5.11640 (6), -5.11614 (6), -5.11563 (6), -5.11515 (6), -5.11246 (6), -5.11213 (6), -5.11213 (6), -5.10429 (6), -5.10020 (6), -5.09545 (6), -5.09545 (6), -5.09492 (6), -5.09177 (6), -5.09177 (6), 
Current (lb-rhs): -5.121049880981445
576 domains visited
Length of domains: 384
Cumulative time: 0.45177531242370605

BaB round 3
batch: 384
splitting decisions: 
split level 0: [/input-8, 8854] [/input, 4354] [/input, 5433] [/input-8, 3468] [/input, 4810] [/input, 4812] [/input-8, 12068] [/input, 5844] [/input, 5216] [/input-8, 5857] 
best_l after optimization: -2546.84814453125
beta sum per layer: [255.092529296875, 1105.142578125, 0.9964874982833862]
alpha/beta optimization time: 0.18618011474609375
pruning_in_iteration open status: False
ratio of positive domain = 4 / 768 = 0.00520833333333337
pruning-in-iteration extra time: 5.173683166503906e-05
Time: pickout 0.0321    branching_decision 0.0002    decision 0.0002    set_bounds 0.0178    prepare 0.0169    transfer 0.0000    finalize 0.0350    func 0.2489    solve 0.1800    add 0.0043    bab_iteration 0.2098    
Accumulated time: bab_iteration 0.4097    pickout 0.0506    decision 0.0005    branching_decision 0.0004    set_bounds 0.0384    solve 0.3634    func 0.6122    prepare 0.0278    transfer 0.0001    finalize 0.0644    add 0.0067    
max lb 0.0610661506652832 min lb -5.121037483215332
Number of Verified Splits: 4 of 768
Current worst splitting domains lb-rhs (depth):
-5.12104 (7), -5.12104 (7), -5.11957 (7), -5.11748 (7), -5.11748 (7), -5.11720 (7), -5.11720 (7), -5.11632 (7), -5.11607 (7), -5.11607 (7), -5.11586 (7), -5.11559 (7), -5.11556 (7), -5.11556 (7), -5.11451 (7), -5.11420 (7), -5.11319 (7), -5.11246 (7), -5.11166 (7), -5.11079 (7), 
Current (lb-rhs): -5.121037483215332
1344 domains visited
Length of domains: 764
Cumulative time: 0.7584030628204346

BaB round 4
batch: 764
splitting decisions: 
split level 0: [/input-8, 7849] [/input-8, 9591] [/input, 3530] [/input-8, 314] [/input-8, 9555] [/input-8, 5385] [/input-8, 8637] [/input, 5267] [/input, 5264] [/input-8, 8312] 
best_l after optimization: -4975.541015625
beta sum per layer: [624.6513061523438, 3043.07470703125, 2.7435760498046875]
alpha/beta optimization time: 0.3815915584564209
pruning_in_iteration open status: False
ratio of positive domain = 26 / 1528 = 0.017015706806282727
pruning-in-iteration extra time: 5.3882598876953125e-05
Time: pickout 0.0641    branching_decision 0.0004    decision 0.0004    set_bounds 0.0338    prepare 0.0340    transfer 0.0000    finalize 0.0743    func 0.5078    solve 0.2489    add 0.0072    bab_iteration 0.3066    
Accumulated time: bab_iteration 0.7164    pickout 0.1146    decision 0.0009    branching_decision 0.0008    set_bounds 0.0722    solve 0.6123    func 1.1200    prepare 0.0618    transfer 0.0002    finalize 0.1387    add 0.0139    
max lb 0.14270401000976562 min lb -5.121029853820801
Number of Verified Splits: 26 of 1528
Current worst splitting domains lb-rhs (depth):
-5.12103 (8), -5.12103 (8), -5.11954 (8), -5.11890 (8), -5.11748 (8), -5.11723 (8), -5.11715 (8), -5.11658 (8), -5.11628 (8), -5.11628 (8), -5.11614 (8), -5.11601 (8), -5.11601 (8), -5.11567 (8), -5.11559 (8), -5.11559 (8), -5.11559 (8), -5.11454 (8), -5.11440 (8), -5.11440 (8), 
Current (lb-rhs): -5.121029853820801
2872 domains visited
Length of domains: 1502
Cumulative time: 1.3801705837249756

BaB round 5
batch: 1502
splitting decisions: 
split level 0: [/input-8, 12482] [/input-8, 4870] [/input-8, 8583] [/input, 3727] [/input-8, 5297] [/input, 4881] [/input-8, 7972] [/input-8, 9989] [/input-8, 6715] [/input-8, 3724] 
best_l after optimization: -9686.201171875
beta sum per layer: [1387.695556640625, 7846.58251953125, 7.293550491333008]
alpha/beta optimization time: 0.7953300476074219
pruning_in_iteration open status: False
ratio of positive domain = 31 / 3004 = 0.010319573901464762
pruning-in-iteration extra time: 7.200241088867188e-05
Time: pickout 0.1216    branching_decision 0.0007    decision 0.0007    set_bounds 0.0665    prepare 0.0657    transfer 0.0001    finalize 0.1425    func 1.0332    solve 0.5078    add 0.0152    bab_iteration 0.6218    
Accumulated time: bab_iteration 1.3381    pickout 0.2362    decision 0.0016    branching_decision 0.0015    set_bounds 0.1387    solve 1.1201    func 2.1532    prepare 0.1275    transfer 0.0002    finalize 0.2812    add 0.0291    
max lb 0.14186477661132812 min lb -5.121028423309326
Number of Verified Splits: 31 of 3004
Current worst splitting domains lb-rhs (depth):
-5.12103 (9), -5.12103 (9), -5.12103 (9), -5.11985 (9), -5.11952 (9), -5.11868 (9), -5.11747 (9), -5.11723 (9), -5.11667 (9), -5.11648 (9), -5.11643 (9), -5.11640 (9), -5.11620 (9), -5.11619 (9), -5.11613 (9), -5.11613 (9), -5.11597 (9), -5.11597 (9), -5.11597 (9), -5.11556 (9), 
Current (lb-rhs): -5.121028423309326
5876 domains visited
Length of domains: 2973
Cumulative time: 2.6283133029937744

BaB round 6
batch: 2048
splitting decisions: 
split level 0: [/input-8, 6658] [/input-8, 11795] [/input-8, 9804] [/input-8, 4819] [/input-8, 8318] [/input-8, 10028] [/input-8, 6965] [/input-8, 3872] [/input-8, 3311] [/input-8, 12158] 
best_l after optimization: -12896.50390625
beta sum per layer: [2093.56982421875, 14032.1171875, 14.214654922485352]
alpha/beta optimization time: 1.0912506580352783
pruning_in_iteration open status: False
ratio of positive domain = 46 / 4096 = 0.01123046875
pruning-in-iteration extra time: 5.626678466796875e-05
Time: pickout 0.3029    branching_decision 0.0008    decision 0.0008    set_bounds 0.0931    prepare 0.0909    transfer 0.0001    finalize 0.1913    func 1.4119    solve 1.0332    add 0.0251    bab_iteration 1.2481    
Accumulated time: bab_iteration 2.5863    pickout 0.5390    decision 0.0024    branching_decision 0.0023    set_bounds 0.2317    solve 2.1534    func 3.5651    prepare 0.2184    transfer 0.0003    finalize 0.4725    add 0.0542    
max lb 1.5152320861816406 min lb -5.121024131774902
Number of Verified Splits: 46 of 4096
Current worst splitting domains lb-rhs (depth):
-5.12103 (9), -5.12102 (10), -5.12101 (10), -5.12080 (10), -5.11975 (10), -5.11952 (9), -5.11946 (10), -5.11868 (9), -5.11747 (9), -5.11723 (10), -5.11723 (10), -5.11655 (10), -5.11648 (9), -5.11643 (9), -5.11640 (10), -5.11620 (9), -5.11613 (9), -5.11611 (10), -5.11610 (10), -5.11597 (9), 
Current (lb-rhs): -5.121028423309326
9972 domains visited
Length of domains: 4975
current_vram/total_varm: 13.4GB/47.7GB, batch_size increase to 4096
Cumulative time: 4.476266622543335

BaB round 7
batch: 4096
splitting decisions: 
split level 0: [/input-8, 7929] [/input-8, 10071] [/input, 5400] [/input-8, 9107] [/input-8, 8024] [/input-8, 7153] [/input-8, 9470] [/input-8, 10073] [/input-8, 8449] [/input-8, 8173] 
best_l after optimization: -25132.02734375
beta sum per layer: [4596.8544921875, 34822.42578125, 39.146568298339844]
alpha/beta optimization time: 2.1691277027130127
pruning_in_iteration open status: False
ratio of positive domain = 80 / 8192 = 0.009765625
pruning-in-iteration extra time: 7.891654968261719e-05
Time: pickout 0.3345    branching_decision 0.0011    decision 0.0012    set_bounds 0.3291    prepare 0.1857    transfer 0.0001    finalize 0.4037    func 2.8313    solve 1.4120    add 0.0375    bab_iteration 1.8479    
Accumulated time: bab_iteration 4.4342    pickout 0.8735    decision 0.0035    branching_decision 0.0034    set_bounds 0.5608    solve 3.5653    func 6.3964    prepare 0.4041    transfer 0.0003    finalize 0.8762    add 0.0917    
max lb 0.14332914352416992 min lb -5.121023178100586
Number of Verified Splits: 80 of 8192
Current worst splitting domains lb-rhs (depth):
-5.12103 (9), -5.12102 (11), -5.12100 (11), -5.12080 (11), -5.11974 (11), -5.11973 (11), -5.11952 (9), -5.11868 (9), -5.11747 (9), -5.11723 (11), -5.11723 (11), -5.11723 (11), -5.11654 (11), -5.11654 (11), -5.11648 (9), -5.11643 (9), -5.11620 (9), -5.11619 (11), -5.11613 (9), -5.11610 (11), 
Current (lb-rhs): -5.121028423309326
18164 domains visited
Length of domains: 8991
Cumulative time: 8.04346752166748

BaB round 8
batch: 4096
splitting decisions: 
split level 0: [/input-8, 7498] [/input, 4849] [/input-8, 11810] [/input-8, 7180] [/input, 5281] [/input, 466] [/input-8, 8108] [/input, 3617] [/input, 4711] [/input-8, 5025] 
best_l after optimization: -24237.50390625
beta sum per layer: [5151.9619140625, 43252.90234375, 50.50345230102539]
alpha/beta optimization time: 2.1708545684814453
pruning_in_iteration open status: False
ratio of positive domain = 109 / 8192 = 0.0133056640625
pruning-in-iteration extra time: 8.821487426757812e-05
Time: pickout 0.3390    branching_decision 0.0014    decision 0.0015    set_bounds 0.3432    prepare 0.1905    transfer 0.0001    finalize 0.3969    func 2.8293    solve 2.8313    add 0.0682    bab_iteration 3.5672    
Accumulated time: bab_iteration 8.0014    pickout 1.2125    decision 0.0050    branching_decision 0.0049    set_bounds 0.9040    solve 6.3966    func 9.2257    prepare 0.5946    transfer 0.0004    finalize 1.2731    add 0.1599    
max lb 0.5405116081237793 min lb -5.120429992675781
Number of Verified Splits: 109 of 8192
Current worst splitting domains lb-rhs (depth):
-5.12103 (9), -5.12102 (11), -5.12100 (11), -5.12043 (12), -5.11973 (11), -5.11970 (12), -5.11952 (9), -5.11868 (9), -5.11747 (9), -5.11723 (12), -5.11723 (12), -5.11723 (11), -5.11723 (12), -5.11654 (11), -5.11648 (9), -5.11643 (9), -5.11635 (12), -5.11620 (9), -5.11613 (9), -5.11610 (11), 
Current (lb-rhs): -5.121028423309326
26356 domains visited
Length of domains: 12978
Cumulative time: 11.619224071502686

BaB round 9
batch: 4096
splitting decisions: 
split level 0: [/input-8, 11854] [/input-8, 8300] [/input, 3644] [/input, 5060] [/input, 5420] [/input-8, 5735] [/input-8, 9772] [/input-8, 3250] [/input-8, 8408] [/input-8, 9685] 
best_l after optimization: -23308.759765625
beta sum per layer: [5743.9833984375, 52435.0234375, 60.049354553222656]
alpha/beta optimization time: 2.1703083515167236
pruning_in_iteration open status: False
ratio of positive domain = 188 / 8192 = 0.02294921875
pruning-in-iteration extra time: 6.866455078125e-05
Time: pickout 0.5701    branching_decision 0.0011    decision 0.0011    set_bounds 0.1832    prepare 0.1859    transfer 0.0001    finalize 0.4017    func 2.8276    solve 2.8294    add 0.0599    bab_iteration 3.5758    
Accumulated time: bab_iteration 11.5772    pickout 1.7826    decision 0.0061    branching_decision 0.0059    set_bounds 1.0873    solve 9.2260    func 12.0533    prepare 0.7805    transfer 0.0004    finalize 1.6748    add 0.2198    
max lb 0.27612924575805664 min lb -5.120429992675781
Number of Verified Splits: 188 of 8192
Current worst splitting domains lb-rhs (depth):
-5.12103 (9), -5.12102 (11), -5.12100 (11), -5.12043 (13), -5.11973 (11), -5.11970 (12), -5.11952 (9), -5.11868 (9), -5.11747 (9), -5.11723 (11), -5.11723 (12), -5.11723 (13), -5.11723 (13), -5.11723 (12), -5.11654 (11), -5.11648 (9), -5.11643 (9), -5.11620 (9), -5.11617 (13), -5.11617 (13), 
Current (lb-rhs): -5.121028423309326
34548 domains visited
Length of domains: 16886
Cumulative time: 15.29589295387268

BaB round 10
batch: 4096
splitting decisions: 
split level 0: [/input-8, 9748] [/input-8, 8779] [/input-8, 9166] [/input-8, 8892] [/input-8, 7005] [/input-8, 9009] [/input-8, 9197] [/input-8, 9424] [/input, 5778] [/input, 3705] 
best_l after optimization: -22525.6796875
beta sum per layer: [6421.509765625, 61373.5078125, 77.45565795898438]
alpha/beta optimization time: 2.1710457801818848
pruning_in_iteration open status: False
ratio of positive domain = 232 / 8192 = 0.0283203125
pruning-in-iteration extra time: 5.817413330078125e-05
Time: pickout 0.3417    branching_decision 0.2013    decision 0.2013    set_bounds 0.1813    prepare 0.1871    transfer 0.0001    finalize 0.3928    func 2.8201    solve 2.8277    add 0.0907    bab_iteration 3.6767    
Accumulated time: bab_iteration 15.2538    pickout 2.1243    decision 0.2074    branching_decision 0.2072    set_bounds 1.2685    solve 12.0537    func 14.8734    prepare 0.9676    transfer 0.0005    finalize 2.0676    add 0.3105    
max lb 1.5176634788513184 min lb -5.1172285079956055
Number of Verified Splits: 232 of 8192
Current worst splitting domains lb-rhs (depth):
-5.12103 (9), -5.12102 (11), -5.12100 (11), -5.12043 (13), -5.11973 (11), -5.11970 (12), -5.11952 (9), -5.11868 (9), -5.11747 (9), -5.11723 (12), -5.11723 (14), -5.11723 (11), -5.11723 (14), -5.11723 (13), -5.11723 (12), -5.11654 (11), -5.11648 (9), -5.11643 (9), -5.11620 (9), -5.11617 (13), 
Current (lb-rhs): -5.121028423309326
42740 domains visited
Length of domains: 20750
Cumulative time: 18.905562162399292

BaB round 11
batch: 4096
splitting decisions: 
split level 0: [/input-8, 7293] [/input-8, 12508] [/input, 5027] [/input-8, 6832] [/input, 5406] [/input, 3244] [/input-8, 11789] [/input-8, 10014] [/input-8, 9177] [/input, 5157] 
best_l after optimization: -21769.71484375
beta sum per layer: [7194.029296875, 70778.9921875, 94.86273193359375]
alpha/beta optimization time: 2.1700403690338135
pruning_in_iteration open status: False
ratio of positive domain = 309 / 8192 = 0.0377197265625
pruning-in-iteration extra time: 5.745887756347656e-05
Time: pickout 0.3428    branching_decision 0.0010    decision 0.0010    set_bounds 0.4047    prepare 0.1865    transfer 0.0001    finalize 0.3904    func 2.8159    solve 2.8201    add 0.0617    bab_iteration 3.6097    
Accumulated time: bab_iteration 18.8635    pickout 2.4671    decision 0.2084    branching_decision 0.2082    set_bounds 1.6732    solve 14.8738    func 17.6893    prepare 1.1541    transfer 0.0006    finalize 2.4580    add 0.3723    
max lb 0.9853987693786621 min lb -5.1168212890625
Number of Verified Splits: 309 of 8192
Current worst splitting domains lb-rhs (depth):
-5.12103 (9), -5.12102 (11), -5.12100 (11), -5.12043 (13), -5.11973 (11), -5.11970 (12), -5.11952 (9), -5.11868 (9), -5.11747 (9), -5.11723 (13), -5.11723 (12), -5.11723 (11), -5.11723 (14), -5.11723 (12), -5.11682 (15), -5.11654 (11), -5.11648 (9), -5.11643 (9), -5.11620 (9), -5.11617 (13), 
Current (lb-rhs): -5.121028423309326
50932 domains visited
Length of domains: 24537
Cumulative time: 22.534206867218018

BaB round 12
batch: 4096
splitting decisions: 
split level 0: [/input-8, 8377] [/input-8, 8507] [/input-8, 7724] [/input-8, 3173] [/input, 5207] [/input-8, 7023] [/input-8, 7606] [/input, 3181] [/input-8, 4810] [/input, 3375] 
best_l after optimization: -21155.90234375
beta sum per layer: [8025.31640625, 79883.6796875, 86.02107238769531]
alpha/beta optimization time: 2.170332908630371
pruning_in_iteration open status: False
ratio of positive domain = 361 / 8192 = 0.0440673828125
pruning-in-iteration extra time: 5.698204040527344e-05
Time: pickout 0.3450    branching_decision 0.0010    decision 0.0011    set_bounds 0.4349    prepare 0.1877    transfer 0.0001    finalize 0.3889    func 2.8155    solve 2.8160    add 0.0603    bab_iteration 3.6286    
Accumulated time: bab_iteration 22.4921    pickout 2.8121    decision 0.2095    branching_decision 0.2093    set_bounds 2.1081    solve 17.6898    func 20.5048    prepare 1.3418    transfer 0.0006    finalize 2.8469    add 0.4326    
max lb 1.004746437072754 min lb -5.114138603210449
Number of Verified Splits: 361 of 8192
Current worst splitting domains lb-rhs (depth):
-5.12103 (9), -5.12102 (11), -5.12100 (11), -5.12043 (13), -5.11973 (11), -5.11970 (12), -5.11952 (9), -5.11868 (9), -5.11747 (9), -5.11723 (12), -5.11723 (11), -5.11723 (13), -5.11723 (14), -5.11723 (12), -5.11682 (15), -5.11654 (11), -5.11648 (9), -5.11643 (9), -5.11620 (9), -5.11617 (13), 
Current (lb-rhs): -5.121028423309326
59124 domains visited
Length of domains: 28272
Cumulative time: 26.19512629508972

BaB round 13
batch: 4096
splitting decisions: 
split level 0: [/input-8, 5233] [/input-8, 3674] [/input-8, 12411] [/input-8, 5422] [/input-8, 4903] [/input, 3603] [/input-8, 7539] [/input-8, 2621] [/input-8, 4824] [/input-8, 6319] 
best_l after optimization: -20592.48828125
beta sum per layer: [8836.833984375, 89360.078125, 94.73524475097656]
alpha/beta optimization time: 2.1704862117767334
pruning_in_iteration open status: False
ratio of positive domain = 313 / 8192 = 0.0382080078125
pruning-in-iteration extra time: 5.817413330078125e-05
Time: pickout 0.3531    branching_decision 0.0010    decision 0.0010    set_bounds 0.1825    prepare 0.1877    transfer 0.0001    finalize 0.3967    func 3.1079    solve 2.8155    add 0.0601    bab_iteration 3.6609    
Accumulated time: bab_iteration 26.1530    pickout 3.1652    decision 0.2105    branching_decision 0.2103    set_bounds 2.2906    solve 20.5053    func 23.6127    prepare 1.5295    transfer 0.0007    finalize 3.2436    add 0.4927    
max lb 0.27910542488098145 min lb -5.11292839050293
Number of Verified Splits: 313 of 8192
Current worst splitting domains lb-rhs (depth):
-5.12103 (9), -5.12102 (11), -5.12100 (11), -5.12043 (13), -5.11973 (11), -5.11970 (12), -5.11952 (9), -5.11868 (9), -5.11747 (9), -5.11723 (11), -5.11723 (12), -5.11723 (14), -5.11723 (13), -5.11723 (12), -5.11682 (15), -5.11654 (11), -5.11648 (9), -5.11643 (9), -5.11620 (9), -5.11617 (13), 
Current (lb-rhs): -5.121028423309326
67316 domains visited
Length of domains: 32055
Cumulative time: 29.908600568771362

BaB round 14
batch: 4096
splitting decisions: 
split level 0: [/input-8, 12531] [/input, 298] [/input-8, 6539] [/input-8, 10191] [/input-8, 8286] [/input-8, 5379] [/input-8, 12269] [/input, 4888] [/input-8, 2721] [/input-8, 9987] 
best_l after optimization: -19762.162109375
beta sum per layer: [9798.408203125, 100023.046875, 99.25884246826172]
alpha/beta optimization time: 2.173678398132324
pruning_in_iteration open status: False
ratio of positive domain = 386 / 8192 = 0.047119140625
pruning-in-iteration extra time: 6.699562072753906e-05
Time: pickout 0.3582    branching_decision 0.0013    decision 0.0013    set_bounds 0.1866    prepare 0.1878    transfer 0.0001    finalize 0.3903    func 2.8214    solve 3.1079    add 0.0643    bab_iteration 3.7135    
Accumulated time: bab_iteration 29.8665    pickout 3.5233    decision 0.2119    branching_decision 0.2116    set_bounds 2.4772    solve 23.6133    func 26.4341    prepare 1.7173    transfer 0.0007    finalize 3.6339    add 0.5570    
max lb 0.35799646377563477 min lb -5.106420516967773
Number of Verified Splits: 386 of 8192
Current worst splitting domains lb-rhs (depth):
-5.12103 (9), -5.12102 (11), -5.12100 (11), -5.12043 (13), -5.11973 (11), -5.11970 (12), -5.11952 (9), -5.11868 (9), -5.11747 (9), -5.11723 (12), -5.11723 (11), -5.11723 (13), -5.11723 (14), -5.11723 (12), -5.11682 (15), -5.11654 (11), -5.11648 (9), -5.11643 (9), -5.11620 (9), -5.11617 (13), 
Current (lb-rhs): -5.121028423309326
75508 domains visited
Length of domains: 35765
Cumulative time: 33.43186354637146

BaB round 15
batch: 4096
splitting decisions: 
split level 0: [/input-8, 8730] [/input-8, 6991] [/input-8, 9692] [/input-8, 8438] [/input-8, 8641] [/input-8, 9968] [/input-8, 6413] [/input, 5480] [/input-8, 6309] [/input, 439] 
best_l after optimization: -19024.3359375
beta sum per layer: [10781.068359375, 109708.859375, 93.75516510009766]
alpha/beta optimization time: 2.1712839603424072
pruning_in_iteration open status: False
ratio of positive domain = 425 / 8192 = 0.0518798828125
pruning-in-iteration extra time: 0.00010251998901367188
Time: pickout 0.7338    branching_decision 0.0010    decision 0.0010    set_bounds 0.1831    prepare 0.1886    transfer 0.0001    finalize 0.3872    func 2.8158    solve 2.8215    add 0.1506    bab_iteration 3.5233    
Accumulated time: bab_iteration 33.3898    pickout 4.2571    decision 0.2129    branching_decision 0.2126    set_bounds 2.6603    solve 26.4348    func 29.2498    prepare 1.9059    transfer 0.0008    finalize 4.0211    add 0.7076    
max lb 1.034073829650879 min lb -5.105465412139893
Number of Verified Splits: 425 of 8192
Current worst splitting domains lb-rhs (depth):
-5.12103 (9), -5.12102 (11), -5.12100 (11), -5.12043 (13), -5.11973 (11), -5.11970 (12), -5.11952 (9), -5.11868 (9), -5.11747 (9), -5.11723 (14), -5.11723 (13), -5.11723 (11), -5.11723 (12), -5.11723 (12), -5.11682 (15), -5.11654 (11), -5.11648 (9), -5.11643 (9), -5.11620 (9), -5.11617 (13), 
Current (lb-rhs): -5.121028423309326
83700 domains visited
Length of domains: 39436
Cumulative time: 37.231255531311035

BaB round 16
batch: 4096
splitting decisions: 
split level 0: [/input, 3495] [/input, 4750] [/input-8, 8909] [/input, 5320] [/input-8, 5102] [/input-8, 8687] [/input, 2642] [/input-8, 10063] [/input-8, 4855] [/input-8, 11906] 
best_l after optimization: -18329.234375
beta sum per layer: [11685.158203125, 119613.375, 106.21424865722656]
alpha/beta optimization time: 2.1716103553771973
pruning_in_iteration open status: False
ratio of positive domain = 520 / 8192 = 0.0634765625
pruning-in-iteration extra time: 7.843971252441406e-05
Time: pickout 0.3559    branching_decision 0.0011    decision 0.0011    set_bounds 0.1828    prepare 0.1870    transfer 0.0001    finalize 0.3842    func 3.1630    solve 2.8158    add 0.0606    bab_iteration 3.7994    
Accumulated time: bab_iteration 37.1892    pickout 4.6130    decision 0.2140    branching_decision 0.2137    set_bounds 2.8431    solve 29.2506    func 32.4129    prepare 2.0930    transfer 0.0009    finalize 4.4053    add 0.7682    
max lb 1.1635098457336426 min lb -5.101358413696289
Number of Verified Splits: 520 of 8192
Current worst splitting domains lb-rhs (depth):
-5.12103 (9), -5.12102 (11), -5.12100 (11), -5.12043 (13), -5.11973 (11), -5.11970 (12), -5.11952 (9), -5.11868 (9), -5.11747 (9), -5.11723 (13), -5.11723 (12), -5.11723 (14), -5.11723 (11), -5.11723 (12), -5.11682 (15), -5.11654 (11), -5.11648 (9), -5.11643 (9), -5.11620 (9), -5.11617 (13), 
Current (lb-rhs): -5.121028423309326
91892 domains visited
Length of domains: 43012
Cumulative time: 41.000638246536255

BaB round 17
batch: 4096
splitting decisions: 
split level 0: [/input, 3783] [/input, 5441] [/input-8, 6760] [/input-8, 5806] [/input, 2791] [/input-8, 8839] [/input-8, 10027] [/input-8, 7654] [/input-8, 10158] [/input-8, 9826] 
best_l after optimization: -17839.98046875
beta sum per layer: [12790.552734375, 129020.1171875, 103.21366119384766]
alpha/beta optimization time: 2.1713461875915527
pruning_in_iteration open status: False
ratio of positive domain = 548 / 8192 = 0.06689453125
pruning-in-iteration extra time: 5.817413330078125e-05
Time: pickout 0.3570    branching_decision 0.0010    decision 0.0010    set_bounds 0.1832    prepare 0.1884    transfer 0.0001    finalize 0.3824    func 2.8102    solve 3.1631    add 0.0613    bab_iteration 3.7694    
Accumulated time: bab_iteration 40.9585    pickout 4.9700    decision 0.2150    branching_decision 0.2147    set_bounds 3.0263    solve 32.4137    func 35.2230    prepare 2.2813    transfer 0.0009    finalize 4.7876    add 0.8295    
max lb 0.2829515337944031 min lb -5.101358413696289
Number of Verified Splits: 549 of 8192
Current worst splitting domains lb-rhs (depth):
-5.12103 (9), -5.12102 (11), -5.12100 (11), -5.12043 (13), -5.11973 (11), -5.11970 (12), -5.11952 (9), -5.11868 (9), -5.11747 (9), -5.11723 (13), -5.11723 (14), -5.11723 (12), -5.11723 (11), -5.11723 (12), -5.11682 (15), -5.11654 (11), -5.11648 (9), -5.11643 (9), -5.11620 (9), -5.11617 (13), 
Current (lb-rhs): -5.121028423309326
100084 domains visited
Length of domains: 46559
Cumulative time: 44.41844201087952

BaB round 18
batch: 4096
splitting decisions: 
split level 0: [/input-8, 12260] [/input, 5430] [/input-8, 5267] [/input-8, 6856] [/input-8, 8453] [/input, 4859] [/input-8, 8553] [/input-8, 9217] [/input-8, 9820] [/input, 4785] 
best_l after optimization: -17388.84375
beta sum per layer: [13673.27734375, 137782.25, 113.07868194580078]
alpha/beta optimization time: 2.1722865104675293
pruning_in_iteration open status: False
ratio of positive domain = 593 / 8192 = 0.0723876953125
pruning-in-iteration extra time: 5.602836608886719e-05
Time: pickout 0.3623    branching_decision 0.0010    decision 0.0010    set_bounds 0.5640    prepare 0.1893    transfer 0.0001    finalize 0.3827    func 2.8126    solve 2.8102    add 0.0609    bab_iteration 3.4178    
Accumulated time: bab_iteration 44.3763    pickout 5.3323    decision 0.2160    branching_decision 0.2157    set_bounds 3.5903    solve 35.2239    func 38.0356    prepare 2.4706    transfer 0.0010    finalize 5.1704    add 0.8903    
max lb 1.1237086057662964 min lb -5.0909647941589355
Number of Verified Splits: 594 of 8192
Current worst splitting domains lb-rhs (depth):
-5.12103 (9), -5.12102 (11), -5.12100 (11), -5.12043 (13), -5.11973 (11), -5.11970 (12), -5.11952 (9), -5.11868 (9), -5.11747 (9), -5.11723 (13), -5.11723 (12), -5.11723 (11), -5.11723 (14), -5.11723 (12), -5.11682 (15), -5.11654 (11), -5.11648 (9), -5.11643 (9), -5.11620 (9), -5.11617 (13), 
Current (lb-rhs): -5.121028423309326
108276 domains visited
Length of domains: 50061
Cumulative time: 48.22481346130371

BaB round 19
batch: 4096
splitting decisions: 
split level 0: [/input, 5470] [/input-8, 2515] [/input-8, 7896] [/input-8, 9004] [/input, 5148] [/input-8, 8329] [/input-8, 7284] [/input-8, 12451] [/input-8, 7935] [/input-8, 3867] 
best_l after optimization: -17011.439453125
beta sum per layer: [14990.1083984375, 147706.296875, 130.1818389892578]
alpha/beta optimization time: 2.1721596717834473
pruning_in_iteration open status: False
ratio of positive domain = 633 / 8192 = 0.0772705078125
pruning-in-iteration extra time: 5.8650970458984375e-05
Time: pickout 0.3609    branching_decision 0.0010    decision 0.0010    set_bounds 0.1838    prepare 0.1884    transfer 0.0001    finalize 0.3805    func 2.8093    solve 2.8126    add 0.0605    bab_iteration 3.8064    
Accumulated time: bab_iteration 48.1827    pickout 5.6932    decision 0.2171    branching_decision 0.2167    set_bounds 3.7741    solve 38.0366    func 40.8450    prepare 2.6591    transfer 0.0010    finalize 5.5508    add 0.9508    
max lb 0.537966251373291 min lb -5.090838432312012
Number of Verified Splits: 633 of 8192
Current worst splitting domains lb-rhs (depth):
-5.12103 (9), -5.12102 (11), -5.12100 (11), -5.12043 (13), -5.11973 (11), -5.11970 (12), -5.11952 (9), -5.11868 (9), -5.11747 (9), -5.11723 (11), -5.11723 (14), -5.11723 (12), -5.11723 (13), -5.11723 (12), -5.11682 (15), -5.11654 (11), -5.11648 (9), -5.11643 (9), -5.11620 (9), -5.11617 (13), 
Current (lb-rhs): -5.121028423309326
116468 domains visited
Length of domains: 53524
Cumulative time: 51.64745020866394

BaB round 20
batch: 4096
splitting decisions: 
split level 0: [/input-8, 7658] [/input, 3716] [/input-8, 12407] [/input-8, 6061] [/input, 4741] [/input, 5036] [/input-8, 6746] [/input-8, 12346] [/input-8, 7153] [/input-8, 8437] 
best_l after optimization: -16762.873046875
beta sum per layer: [16275.75, 156070.0625, 149.30331420898438]
alpha/beta optimization time: 2.1748526096343994
pruning_in_iteration open status: False
ratio of positive domain = 583 / 8192 = 0.0711669921875
pruning-in-iteration extra time: 6.699562072753906e-05
Time: pickout 0.3610    branching_decision 0.0010    decision 0.0011    set_bounds 0.5992    prepare 0.1890    transfer 0.0001    finalize 0.3895    func 2.8253    solve 2.8094    add 0.0613    bab_iteration 3.4226    
Accumulated time: bab_iteration 51.6053    pickout 6.0542    decision 0.2181    branching_decision 0.2177    set_bounds 4.3733    solve 40.8459    func 43.6703    prepare 2.8480    transfer 0.0011    finalize 5.9403    add 1.0122    
max lb 0.9132263660430908 min lb -5.087236404418945
Number of Verified Splits: 583 of 8192
Current worst splitting domains lb-rhs (depth):
-5.12103 (9), -5.12102 (11), -5.12100 (11), -5.12043 (13), -5.11973 (11), -5.11970 (12), -5.11952 (9), -5.11868 (9), -5.11747 (9), -5.11723 (13), -5.11723 (14), -5.11723 (11), -5.11723 (12), -5.11723 (12), -5.11682 (15), -5.11654 (11), -5.11648 (9), -5.11643 (9), -5.11620 (9), -5.11617 (13), 
Current (lb-rhs): -5.121028423309326
124660 domains visited
Length of domains: 57037
Cumulative time: 55.50336480140686

BaB round 21
batch: 4096
splitting decisions: 
split level 0: [/input-8, 5475] [/input-8, 600] [/input, 4876] [/input-8, 3480] [/input-8, 3376] [/input-8, 3854] [/input-8, 4243] [/input-8, 7853] [/input-8, 6497] [/input, 3227] 
best_l after optimization: -16350.6416015625
beta sum per layer: [17541.275390625, 165177.328125, 153.62762451171875]
alpha/beta optimization time: 2.1739096641540527
pruning_in_iteration open status: False
ratio of positive domain = 653 / 8192 = 0.0797119140625
pruning-in-iteration extra time: 6.246566772460938e-05
Time: pickout 0.3679    branching_decision 0.0011    decision 0.0011    set_bounds 0.1848    prepare 0.1899    transfer 0.0001    finalize 0.3818    func 2.8161    solve 2.8254    add 0.0624    bab_iteration 3.8559    
Accumulated time: bab_iteration 55.4612    pickout 6.4221    decision 0.2192    branching_decision 0.2188    set_bounds 4.5581    solve 43.6713    func 46.4864    prepare 3.0380    transfer 0.0012    finalize 6.3221    add 1.0745    
max lb 0.7150251865386963 min lb -5.08682918548584
Number of Verified Splits: 653 of 8192
Current worst splitting domains lb-rhs (depth):
-5.12103 (9), -5.12102 (11), -5.12100 (11), -5.12043 (13), -5.11973 (11), -5.11970 (12), -5.11952 (9), -5.11868 (9), -5.11747 (9), -5.11723 (14), -5.11723 (12), -5.11723 (11), -5.11723 (13), -5.11723 (12), -5.11682 (15), -5.11654 (11), -5.11648 (9), -5.11643 (9), -5.11620 (9), -5.11617 (13), 
Current (lb-rhs): -5.121028423309326
132852 domains visited
Length of domains: 60480
Time out!!!!!!!!
Result: unknown in 60.8568 seconds

 %%%%%%%%%%%%%%%%%%%%%%%%%%%%%%%%%%% idx: 7, vnnlib ID: 7 %%%%%%%%%%%%%%%%%%%%%%%%%%%%%%%%%%%
Finished vnnlib processing in 0.001676 seconds
Model: BoundedModule(
  (/input-1): BoundInput(name=/input-1, inputs=[], perturbed=True)
  (/shape): BoundBuffers(name=/shape, inputs=[], perturbed=False)
  (/12): BoundParams(name=/12, inputs=[], perturbed=False)
  (/13): BoundParams(name=/13, inputs=[], perturbed=False)
  (/14): BoundParams(name=/14, inputs=[], perturbed=False)
  (/15): BoundParams(name=/15, inputs=[], perturbed=False)
  (/16): BoundParams(name=/16, inputs=[], perturbed=False)
  (/17): BoundParams(name=/17, inputs=[], perturbed=False)
  (/18): BoundParams(name=/18, inputs=[], perturbed=False)
  (/19): BoundParams(name=/19, inputs=[], perturbed=False)
  (/20): BoundParams(name=/20, inputs=[], perturbed=False)
  (/21): BoundParams(name=/21, inputs=[], perturbed=False)
  (/input): BoundConv(name=/input, inputs=[/input-1, /12, /13], perturbed=True)
  (/input-4): BoundRelu(name=/input-4, inputs=[/input], perturbed=True)
  (/24): BoundConv(name=/24, inputs=[/input-4, /14, /15], perturbed=True)
  (/25): BoundConv(name=/25, inputs=[/input-4, /16, /17], perturbed=True)
  (/26): BoundAdd(name=/26, inputs=[/24, /25], perturbed=True)
  (/input-8): BoundConcat(name=/input-8, inputs=[/input, /26], perturbed=True)
  (/tensor): BoundRelu(name=/tensor, inputs=[/input-8], perturbed=True)
  (/30): BoundSplit(name=/30, inputs=[/tensor], perturbed=True)
  (/31): BoundSplit(name=/31, inputs=[/shape], perturbed=False)
  (/32): BoundSplit(name=/32, inputs=[/shape], perturbed=False)
  (/33): BoundConstant(name=/33, value=tensor([0], device='cuda:0'))
  (/34): BoundSqueeze(name=/34, inputs=[/31, /33], perturbed=False)
  (/35): BoundConstant(name=/35, value=tensor([0], device='cuda:0'))
  (/36): BoundSqueeze(name=/36, inputs=[/32, /35], perturbed=False)
  (/37): BoundConstant(name=/37, value=tensor([0], device='cuda:0'))
  (/38): BoundUnsqueeze(name=/38, inputs=[/34, /37], perturbed=False)
  (/39): BoundConstant(name=/39, value=tensor([0], device='cuda:0'))
  (/40): BoundUnsqueeze(name=/40, inputs=[/36, /39], perturbed=False)
  (/41): BoundConcat(name=/41, inputs=[/38, /40], perturbed=False)
  (/42): BoundReshape(name=/42, inputs=[/30, /41], perturbed=True)
  (/input-12): BoundLinear(name=/input-12, inputs=[/42, /18, /19], perturbed=True)
  (/44): BoundRelu(name=/44, inputs=[/input-12], perturbed=True)
  (/45): BoundLinear(name=/45, inputs=[/44, /20, /21], perturbed=True)
)
Original output in the first batch: tensor([[-3.35555530, -2.20065260, -1.00345206,  0.12420868,  3.57004762,
          1.70801926,  0.07874458,  0.39305973,  2.08584809,  4.65091181]],
       device='cuda:0')
Split layers:
Nonlinear functions:
   BoundRelu(name=/input-4, inputs=[/input], perturbed=True)
   BoundRelu(name=/tensor, inputs=[/input-8], perturbed=True)
   BoundRelu(name=/44, inputs=[/input-12], perturbed=True)
build batch [1/1]
layer /input-4 using sparse-features alpha with shape [1491]; unstable size 1491; total size 6272 ([1, 8, 28, 28])
layer /input-4 start_node /input-12 using sparse-spec alpha [2, 21, 1, 1491] with unstable size 20 total_size 64 output_shape torch.Size([64])
layer /input-4 start_node /45 using full alpha [2, 9, 1, 1491] with unstable size None total_size 9 output_shape 9
layer /tensor using sparse-features alpha with shape [5076]; unstable size 5076; total size 12544 ([1, 16, 28, 28])
layer /tensor start_node /input-12 using sparse-spec alpha [2, 21, 1, 5076] with unstable size 20 total_size 64 output_shape torch.Size([64])
layer /tensor start_node /45 using full alpha [2, 9, 1, 5076] with unstable size None total_size 9 output_shape 9
layer /44 using sparse-features alpha with shape [20]; unstable size 20; total size 64 ([1, 64])
layer /44 start_node /45 using full alpha [2, 9, 1, 20] with unstable size None total_size 9 output_shape 9
Optimizable variables initialized.
initial CROWN bounds (first 10 items): [-2.005117416381836, -2.74477481842041, -6.057778358459473, -5.398555278778076, -5.7555036544799805, -6.817582607269287, -6.650979518890381, -3.2662386894226074, -4.691025257110596]
prune_after_crown optimization in use
  original spec size = torch.Size([1, 9])
  pruned spec size = torch.Size([1, 9])
Using alpha-CROWN to initialize bounds.
best_l after optimization: -40.3934326171875
alpha/beta optimization time: 1.2644615173339844
initial alpha-crown bounds (first 10 items): [-1.6787281036376953, -2.3167552947998047, -5.6665802001953125, -5.159370422363281, -5.4112348556518555, -6.536279201507568, -6.228196144104004, -3.0202815532684326, -4.376003265380859]
Global lower bound: -6.536279201507568
0 / 9 OR specs are verified.
Verified OR indices (first 10 items): []
Verified OR lbs (first 10 items): []
Unverified OR indices (first 10 items): [0, 1, 2, 3, 4, 5, 6, 7, 8]
Unverified OR lbs (first 10 items): [[-1.6787281036376953], [-2.3167552947998047], [-5.6665802001953125], [-5.159370422363281], [-5.4112348556518555], [-6.536279201507568], [-6.228196144104004], [-3.0202815532684326], [-4.376003265380859]]
###### Verifying property Instance 7 ######
Batch size: 9
First 10 spec matrices
C: tensor([[[-1.,  0.,  0.,  0.,  0.,  0.,  0.,  0.,  0.,  1.]],

        [[ 0., -1.,  0.,  0.,  0.,  0.,  0.,  0.,  0.,  1.]],

        [[ 0.,  0., -1.,  0.,  0.,  0.,  0.,  0.,  0.,  1.]],

        [[ 0.,  0.,  0., -1.,  0.,  0.,  0.,  0.,  0.,  1.]],

        [[ 0.,  0.,  0.,  0., -1.,  0.,  0.,  0.,  0.,  1.]],

        [[ 0.,  0.,  0.,  0.,  0., -1.,  0.,  0.,  0.,  1.]],

        [[ 0.,  0.,  0.,  0.,  0.,  0., -1.,  0.,  0.,  1.]],

        [[ 0.,  0.,  0.,  0.,  0.,  0.,  0., -1.,  0.,  1.]],

        [[ 0.,  0.,  0.,  0.,  0.,  0.,  0.,  0., -1.,  1.]]], device='cuda:0')
RHS: tensor([[0.],
        [0.],
        [0.],
        [0.],
        [0.],
        [0.],
        [0.],
        [0.],
        [0.]], device='cuda:0')
OR spec sizes: tensor([1, 1, 1, 1, 1, 1, 1, 1, 1], device='cuda:0', dtype=torch.int32)
Remaining timeout: 58.30939197540283
Model prediction is: tensor([-3.35555530, -2.20065260, -1.00345206,  0.12420868,  3.57004762,
         1.70801926,  0.07874458,  0.39305973,  2.08584809,  4.65091181],
       device='cuda:0')
Activation BaB batch 1/1 
build_with_refined_bounds batch [1/1]
Optimizable variables initialized.
all alpha initialized
directly get lb and ub from refined bounds
c shape: torch.Size([9, 1, 10])
lA shapes: [torch.Size([9, 1, 8, 28, 28]), torch.Size([9, 1, 16, 28, 28]), torch.Size([9, 1, 64])]
(alpha-)CROWN with fixed intermediate bounds: tensor([[-1.67872810],
        [-2.31675529],
        [-5.66658020],
        [-5.15937042],
        [-5.41123486],
        [-6.53627920],
        [-6.22819614],
        [-3.02028155],
        [-4.37600327]], device='cuda:0') tensor([[inf],
        [inf],
        [inf],
        [inf],
        [inf],
        [inf],
        [inf],
        [inf],
        [inf]], device='cuda:0')
Intermediate layers: /input,/input-8,/input-12
Keeping alphas for these layers: ['/45']
Node /input-4 input 0: size torch.Size([8, 28, 28]) unstable 1491
Node /tensor input 0: size torch.Size([16, 28, 28]) unstable 5076
Node /44 input 0: size torch.Size([64]) unstable 20
-----------------
# of unstable neurons: 6587
-----------------

BaB round 1
batch: 9
splitting decisions: 
split level 0: [/input-8, 3615] [/input-8, 9220] [/input-8, 7859] [/input, 3843] [/input, 5067] [/input, 3174] [/input-8, 3220] [/input-8, 8227] [/input-8, 6422] 
split level 1: [/input-8, 9517] [/input-8, 7806] [/input-8, 6501] [/input-8, 9736] [/input-8, 8638] [/input-8, 10029] [/input-8, 7637] [/input, 3642] [/input-8, 3556] 
split level 2: [/input-8, 9502] [/input-8, 4776] [/input, 3420] [/input-8, 3839] [/input-8, 8552] [/input, 3747] [/input-8, 4990] [/input-8, 7625] [/input-8, 4263] 
split level 3: [/input-8, 4737] [/input-8, 8718] [/input-8, 5039] [/input-8, 4959] [/input-8, 4268] [/input-8, 4761] [/input, 3687] [/input-8, 9859] [/input-8, 7870] 
best_l after optimization: -634.012939453125
beta sum per layer: [20.38742446899414, 62.52613067626953, 0.0]
alpha/beta optimization time: 0.16039586067199707
pruning_in_iteration open status: False
ratio of positive domain = 0 / 144 = 0.0
pruning-in-iteration extra time: 5.7220458984375e-05
Time: pickout 0.0022    branching_decision 0.0001    decision 0.0001    set_bounds 0.0101    prepare 0.0020    transfer 0.0000    finalize 0.0077    func 0.1745    
Accumulated time: bab_iteration 0.0000    pickout 0.0022    decision 0.0001    branching_decision 0.0001    set_bounds 0.0101    solve 0.0000    func 0.1745    prepare 0.0020    transfer 0.0000    finalize 0.0077    
max lb -1.6654553413391113 min lb -6.535426139831543
Number of Verified Splits: 0 of 144
Current worst splitting domains lb-rhs (depth):
-6.53543 (4), -6.53543 (4), -6.53320 (4), -6.53320 (4), -6.51458 (4), -6.51458 (4), -6.51275 (4), -6.51275 (4), -6.51210 (4), -6.51210 (4), -6.51042 (4), -6.51042 (4), -6.49178 (4), -6.49178 (4), -6.49010 (4), -6.49010 (4), -6.22541 (4), -6.22541 (4), -6.22541 (4), -6.22541 (4), 
Current (lb-rhs): -6.535426139831543
144 domains visited
Length of domains: 144
Cumulative time: 0.23366284370422363

BaB round 2
batch: 144
splitting decisions: 
split level 0: [/input-8, 4302] [/input-8, 11990] [/input-8, 9499] [/input, 3332] [/input-8, 10136] [/input, 4743] [/input-8, 7697] [/input-8, 8233] [/input, 6180] [/input-8, 10106] 
best_l after optimization: -1242.687744140625
beta sum per layer: [51.32851028442383, 255.41517639160156, 0.7162205576896667]
alpha/beta optimization time: 0.14369511604309082
pruning_in_iteration open status: False
ratio of positive domain = 0 / 288 = 0.0
pruning-in-iteration extra time: 5.1975250244140625e-05
Time: pickout 0.0120    branching_decision 0.0001    decision 0.0001    set_bounds 0.0067    prepare 0.0064    transfer 0.0000    finalize 0.0130    func 0.1691    solve 0.1745    add 0.0036    bab_iteration 0.1906    
Accumulated time: bab_iteration 0.1906    pickout 0.0142    decision 0.0002    branching_decision 0.0002    set_bounds 0.0168    solve 0.1745    func 0.3436    prepare 0.0084    transfer 0.0001    finalize 0.0207    add 0.0036    
max lb -1.2034006118774414 min lb -6.535423278808594
Number of Verified Splits: 0 of 288
Current worst splitting domains lb-rhs (depth):
-6.53542 (5), -6.53542 (5), -6.53542 (5), -6.53408 (5), -6.53316 (5), -6.53316 (5), -6.53316 (5), -6.51456 (5), -6.51374 (5), -6.51230 (5), -6.51214 (5), -6.51212 (5), -6.51189 (5), -6.51189 (5), -6.51188 (5), -6.51150 (5), -6.50967 (5), -6.50833 (5), -6.50389 (5), -6.49204 (5), 
Current (lb-rhs): -6.535423278808594
432 domains visited
Length of domains: 288
Cumulative time: 0.4252033233642578

BaB round 3
batch: 288
splitting decisions: 
split level 0: [/input-8, 9132] [/input-8, 7724] [/input, 4963] [/input-8, 7963] [/input-8, 10162] [/input-8, 8017] [/input-8, 12295] [/input, 3500] [/input-8, 9029] [/input-8, 3202] 
best_l after optimization: -2427.1044921875
beta sum per layer: [141.90171813964844, 823.5167236328125, 2.394704818725586]
alpha/beta optimization time: 0.16680192947387695
pruning_in_iteration open status: False
ratio of positive domain = 0 / 576 = 0.0
pruning-in-iteration extra time: 6.008148193359375e-05
Time: pickout 0.0244    branching_decision 0.0002    decision 0.0002    set_bounds 0.0132    prepare 0.0125    transfer 0.0000    finalize 0.0262    func 0.2136    solve 0.1691    add 0.0034    bab_iteration 0.1915    
Accumulated time: bab_iteration 0.3822    pickout 0.0387    decision 0.0004    branching_decision 0.0003    set_bounds 0.0300    solve 0.3436    func 0.5571    prepare 0.0209    transfer 0.0001    finalize 0.0469    add 0.0070    
max lb -0.2051558494567871 min lb -6.5354204177856445
Number of Verified Splits: 0 of 576
Current worst splitting domains lb-rhs (depth):
-6.53542 (6), -6.53542 (6), -6.53542 (6), -6.53517 (6), -6.53405 (6), -6.53392 (6), -6.53311 (6), -6.53311 (6), -6.53311 (6), -6.53286 (6), -6.53223 (6), -6.51456 (6), -6.51456 (6), -6.51374 (6), -6.51226 (6), -6.51209 (6), -6.51197 (6), -6.51143 (6), -6.51137 (6), -6.51119 (6), 
Current (lb-rhs): -6.5354204177856445
1008 domains visited
Length of domains: 576
Cumulative time: 0.6833024024963379

BaB round 4
batch: 576
splitting decisions: 
split level 0: [/input-8, 9529] [/input-8, 6662] [/input-8, 7767] [/input-8, 6810] [/input-8, 8788] [/input-8, 8973] [/input-8, 8683] [/input-8, 11889] [/input-8, 3284] [/input-8, 8122] 
best_l after optimization: -4719.6376953125
beta sum per layer: [341.387939453125, 2387.35595703125, 5.664083480834961]
alpha/beta optimization time: 0.27048325538635254
pruning_in_iteration open status: False
ratio of positive domain = 4 / 1152 = 0.00347222222222221
pruning-in-iteration extra time: 5.3882598876953125e-05
Time: pickout 0.0466    branching_decision 0.0003    decision 0.0003    set_bounds 0.0255    prepare 0.0249    transfer 0.0000    finalize 0.0520    func 0.3599    solve 0.2136    add 0.0064    bab_iteration 0.2581    
Accumulated time: bab_iteration 0.6403    pickout 0.0852    decision 0.0007    branching_decision 0.0006    set_bounds 0.0555    solve 0.5572    func 0.9170    prepare 0.0458    transfer 0.0002    finalize 0.0990    add 0.0134    
max lb 0.29413795471191406 min lb -6.535419464111328
Number of Verified Splits: 4 of 1152
Current worst splitting domains lb-rhs (depth):
-6.53542 (7), -6.53542 (7), -6.53473 (7), -6.53399 (7), -6.53387 (7), -6.53362 (7), -6.53308 (7), -6.53308 (7), -6.53308 (7), -6.53308 (7), -6.53286 (7), -6.53284 (7), -6.53222 (7), -6.53222 (7), -6.53157 (7), -6.53080 (7), -6.52039 (7), -6.51838 (7), -6.51456 (7), -6.51456 (7), 
Current (lb-rhs): -6.535419464111328
2160 domains visited
Length of domains: 1148
Cumulative time: 1.1296510696411133

BaB round 5
batch: 1148
splitting decisions: 
split level 0: [/input-8, 8181] [/input-8, 12490] [/input-8, 7873] [/input, 3767] [/input-8, 9951] [/input-8, 8822] [/input-8, 5364] [/input-8, 6840] [/input-8, 8097] [/input-8, 8223] 
best_l after optimization: -9147.224609375
beta sum per layer: [800.193603515625, 6390.45361328125, 7.9680609703063965]
alpha/beta optimization time: 0.6013174057006836
pruning_in_iteration open status: False
ratio of positive domain = 48 / 2296 = 0.020905923344947785
pruning-in-iteration extra time: 5.626678466796875e-05
Time: pickout 0.0917    branching_decision 0.0005    decision 0.0006    set_bounds 0.0508    prepare 0.0498    transfer 0.0000    finalize 0.1091    func 0.7831    solve 0.3600    add 0.0136    bab_iteration 0.4463    
Accumulated time: bab_iteration 1.0866    pickout 0.1769    decision 0.0012    branching_decision 0.0011    set_bounds 0.1062    solve 0.9172    func 1.7002    prepare 0.0956    transfer 0.0002    finalize 0.2080    add 0.0271    
max lb 0.25481510162353516 min lb -6.535419464111328
Number of Verified Splits: 48 of 2296
Current worst splitting domains lb-rhs (depth):
-6.53542 (8), -6.53542 (8), -6.53542 (8), -6.53440 (8), -6.53412 (8), -6.53399 (8), -6.53386 (8), -6.53361 (8), -6.53361 (8), -6.53303 (8), -6.53303 (8), -6.53303 (8), -6.53303 (8), -6.53303 (8), -6.53300 (8), -6.53279 (8), -6.53271 (8), -6.53211 (8), -6.53206 (8), -6.53157 (8), 
Current (lb-rhs): -6.535419464111328
4456 domains visited
Length of domains: 2248
Cumulative time: 2.077435255050659

BaB round 6
batch: 2048
splitting decisions: 
split level 0: [/input-8, 7284] [/input, 3576] [/input-8, 8803] [/input-8, 12433] [/input-8, 9228] [/input-8, 10155] [/input-8, 9036] [/input-8, 7941] [/input-8, 11884] [/input-8, 7123] 
best_l after optimization: -16093.6796875
beta sum per layer: [1643.583984375, 14105.22265625, 18.901018142700195]
alpha/beta optimization time: 1.0945179462432861
pruning_in_iteration open status: False
ratio of positive domain = 69 / 4096 = 0.016845703125
pruning-in-iteration extra time: 7.343292236328125e-05
Time: pickout 0.1644    branching_decision 0.0008    decision 0.0008    set_bounds 0.0942    prepare 0.0904    transfer 0.0001    finalize 0.3346    func 1.5579    solve 0.7832    add 0.0204    bab_iteration 0.9478    
Accumulated time: bab_iteration 2.0344    pickout 0.3414    decision 0.0020    branching_decision 0.0019    set_bounds 0.2005    solve 1.7004    func 3.2580    prepare 0.1860    transfer 0.0003    finalize 0.5426    add 0.0474    
max lb 0.2532081604003906 min lb -6.534653186798096
Number of Verified Splits: 69 of 4096
Current worst splitting domains lb-rhs (depth):
-6.53465 (9), -6.53441 (9), -6.53437 (9), -6.53412 (8), -6.53399 (9), -6.53386 (9), -6.53371 (9), -6.53361 (9), -6.53303 (8), -6.53298 (9), -6.53298 (9), -6.53298 (9), -6.53298 (9), -6.53292 (9), -6.53291 (9), -6.53284 (9), -6.53281 (9), -6.53260 (9), -6.53247 (9), -6.53206 (8), 
Current (lb-rhs): -6.534653186798096
8552 domains visited
Length of domains: 4227
current_vram/total_varm: 11.5GB/47.7GB, batch_size increase to 4096
Cumulative time: 3.9320859909057617

BaB round 7
batch: 4096
splitting decisions: 
split level 0: [/input, 5203] [/input, 3851] [/input, 3777] [/input-8, 4844] [/input-8, 12430] [/input-8, 10037] [/input-8, 11855] [/input, 514] [/input-8, 9102] [/input-8, 7930] 
best_l after optimization: -31554.55078125
beta sum per layer: [3800.767822265625, 34194.078125, 48.95588684082031]
alpha/beta optimization time: 2.1791131496429443
pruning_in_iteration open status: False
ratio of positive domain = 62 / 8192 = 0.007568359375
pruning-in-iteration extra time: 5.817413330078125e-05
Time: pickout 0.3280    branching_decision 0.0014    decision 0.0014    set_bounds 0.1809    prepare 0.1845    transfer 0.0001    finalize 0.4041    func 2.9846    solve 1.5579    add 0.0355    bab_iteration 1.8546    
Accumulated time: bab_iteration 3.8890    pickout 0.6693    decision 0.0034    branching_decision 0.0033    set_bounds 0.3813    solve 3.2583    func 6.2426    prepare 0.3705    transfer 0.0004    finalize 0.9467    add 0.0829    
max lb 0.47254061698913574 min lb -6.534651756286621
Number of Verified Splits: 62 of 8192
Current worst splitting domains lb-rhs (depth):
-6.53465 (10), -6.53437 (10), -6.53412 (8), -6.53408 (10), -6.53386 (10), -6.53382 (10), -6.53370 (10), -6.53370 (10), -6.53361 (10), -6.53361 (10), -6.53298 (9), -6.53298 (9), -6.53295 (10), -6.53295 (10), -6.53292 (10), -6.53288 (10), -6.53283 (10), -6.53283 (10), -6.53283 (10), -6.53278 (10), 
Current (lb-rhs): -6.534651756286621
16744 domains visited
Length of domains: 8261
Cumulative time: 7.49386739730835

BaB round 8
batch: 4096
splitting decisions: 
split level 0: [/input-8, 11809] [/input, 5085] [/input-8, 11894] [/input-8, 6493] [/input-8, 9206] [/input, 4910] [/input-8, 8424] [/input, 4931] [/input-8, 6279] [/input, 3236] 
best_l after optimization: -30385.70703125
beta sum per layer: [4398.791015625, 42048.09765625, 68.43284606933594]
alpha/beta optimization time: 2.1750667095184326
pruning_in_iteration open status: False
ratio of positive domain = 226 / 8192 = 0.027587890625
pruning-in-iteration extra time: 8.106231689453125e-05
Time: pickout 0.3324    branching_decision 0.0012    decision 0.0012    set_bounds 0.3406    prepare 0.1876    transfer 0.0001    finalize 0.3900    func 2.8221    solve 2.9846    add 0.0641    bab_iteration 3.5618    
Accumulated time: bab_iteration 7.4508    pickout 1.0018    decision 0.0046    branching_decision 0.0045    set_bounds 0.7219    solve 6.2429    func 9.0647    prepare 0.5581    transfer 0.0004    finalize 1.3367    add 0.1470    
max lb 0.6941032409667969 min lb -6.533560752868652
Number of Verified Splits: 226 of 8192
Current worst splitting domains lb-rhs (depth):
-6.53465 (10), -6.53437 (10), -6.53412 (8), -6.53408 (10), -6.53386 (10), -6.53382 (10), -6.53370 (10), -6.53361 (10), -6.53356 (11), -6.53298 (9), -6.53295 (10), -6.53295 (10), -6.53288 (10), -6.53287 (11), -6.53283 (10), -6.53283 (11), -6.53278 (11), -6.53277 (10), -6.53262 (10), -6.53255 (10), 
Current (lb-rhs): -6.534651756286621
24936 domains visited
Length of domains: 12131
Cumulative time: 11.052557229995728

BaB round 9
batch: 4096
splitting decisions: 
split level 0: [/input-8, 8493] [/input-8, 5887] [/input-8, 6468] [/input-8, 3530] [/input, 3148] [/input-8, 11834] [/input-8, 9851] [/input-8, 7924] [/input, 3139] [/input-8, 8774] 
best_l after optimization: -29708.078125
beta sum per layer: [5053.326171875, 49677.90625, 85.46391296386719]
alpha/beta optimization time: 2.176450252532959
pruning_in_iteration open status: False
ratio of positive domain = 121 / 8192 = 0.0147705078125
pruning-in-iteration extra time: 6.437301635742188e-05
Time: pickout 0.3357    branching_decision 0.0010    decision 0.0010    set_bounds 0.3555    prepare 0.1870    transfer 0.0001    finalize 0.3974    func 2.8334    solve 2.8222    add 0.0598    bab_iteration 3.5587    
Accumulated time: bab_iteration 11.0095    pickout 1.3375    decision 0.0057    branching_decision 0.0055    set_bounds 1.0774    solve 9.0651    func 11.8981    prepare 0.7452    transfer 0.0005    finalize 1.7341    add 0.2068    
max lb 0.800102710723877 min lb -6.532898902893066
Number of Verified Splits: 121 of 8192
Current worst splitting domains lb-rhs (depth):
-6.53465 (10), -6.53437 (10), -6.53412 (8), -6.53408 (10), -6.53386 (10), -6.53382 (10), -6.53370 (10), -6.53361 (10), -6.53356 (11), -6.53298 (9), -6.53295 (10), -6.53290 (11), -6.53290 (11), -6.53288 (10), -6.53287 (11), -6.53283 (10), -6.53283 (12), -6.53283 (12), -6.53278 (11), -6.53277 (10), 
Current (lb-rhs): -6.534651756286621
33128 domains visited
Length of domains: 16106
Cumulative time: 14.643134593963623

BaB round 10
batch: 4096
splitting decisions: 
split level 0: [/input-8, 3532] [/input-8, 6606] [/input, 3139] [/input-8, 8468] [/input-8, 3185] [/input-8, 9991] [/input-8, 6571] [/input-8, 3846] [/input-8, 6498] [/input, 3311] 
best_l after optimization: -28469.08984375
beta sum per layer: [5791.84814453125, 59311.8671875, 100.29033660888672]
alpha/beta optimization time: 2.17694354057312
pruning_in_iteration open status: False
ratio of positive domain = 199 / 8192 = 0.0242919921875
pruning-in-iteration extra time: 7.557868957519531e-05
Time: pickout 0.3425    branching_decision 0.0010    decision 0.0010    set_bounds 0.4149    prepare 0.1903    transfer 0.0001    finalize 0.3972    func 2.8344    solve 2.8335    add 0.0619    bab_iteration 3.5906    
Accumulated time: bab_iteration 14.6001    pickout 1.6800    decision 0.0067    branching_decision 0.0065    set_bounds 1.4923    solve 11.8986    func 14.7326    prepare 0.9355    transfer 0.0006    finalize 2.1313    add 0.2686    
max lb 0.8329768180847168 min lb -6.532900333404541
Number of Verified Splits: 199 of 8192
Current worst splitting domains lb-rhs (depth):
-6.53465 (10), -6.53437 (10), -6.53412 (8), -6.53408 (10), -6.53386 (10), -6.53382 (10), -6.53370 (10), -6.53361 (10), -6.53356 (11), -6.53298 (9), -6.53295 (10), -6.53290 (12), -6.53290 (11), -6.53290 (12), -6.53288 (10), -6.53287 (11), -6.53283 (10), -6.53283 (12), -6.53283 (13), -6.53283 (13), 
Current (lb-rhs): -6.534651756286621
41320 domains visited
Length of domains: 20003
Cumulative time: 18.340384006500244

BaB round 11
batch: 4096
splitting decisions: 
split level 0: [/input, 580] [/input, 3878] [/input-8, 7258] [/input, 3196] [/input-8, 12320] [/input-8, 5379] [/input-8, 3501] [/input-8, 6586] [/input-8, 11859] [/input-8, 3579] 
best_l after optimization: -27433.611328125
beta sum per layer: [6628.44140625, 69293.828125, 110.46871948242188]
alpha/beta optimization time: 2.176347494125366
pruning_in_iteration open status: False
ratio of positive domain = 300 / 8192 = 0.03662109375
pruning-in-iteration extra time: 7.772445678710938e-05
Time: pickout 0.3423    branching_decision 0.0010    decision 0.0010    set_bounds 0.4084    prepare 0.1891    transfer 0.0001    finalize 0.3886    func 2.8232    solve 2.8345    add 0.1011    bab_iteration 3.6972    
Accumulated time: bab_iteration 18.2973    pickout 2.0222    decision 0.0077    branching_decision 0.0075    set_bounds 1.9008    solve 14.7330    func 17.5557    prepare 1.1245    transfer 0.0006    finalize 2.5199    add 0.3697    
max lb 0.8097248077392578 min lb -6.53283166885376
Number of Verified Splits: 300 of 8192
Current worst splitting domains lb-rhs (depth):
-6.53465 (10), -6.53437 (10), -6.53412 (8), -6.53408 (10), -6.53386 (10), -6.53382 (10), -6.53370 (10), -6.53361 (10), -6.53356 (11), -6.53298 (9), -6.53295 (10), -6.53290 (11), -6.53290 (12), -6.53288 (10), -6.53287 (11), -6.53283 (10), -6.53283 (14), -6.53283 (12), -6.53283 (13), -6.53283 (14), 
Current (lb-rhs): -6.534651756286621
49512 domains visited
Length of domains: 23799
Cumulative time: 21.97939920425415

BaB round 12
batch: 4096
splitting decisions: 
split level 0: [/input-8, 8381] [/input-8, 3549] [/input-8, 8283] [/input, 3435] [/input-8, 7540] [/input-8, 5092] [/input-8, 9927] [/input-8, 6445] [/input-8, 5333] [/input-8, 9021] 
best_l after optimization: -26632.03125
beta sum per layer: [7587.0029296875, 79336.3125, 129.05474853515625]
alpha/beta optimization time: 2.1762022972106934
pruning_in_iteration open status: False
ratio of positive domain = 298 / 8192 = 0.036376953125
pruning-in-iteration extra time: 5.7697296142578125e-05
Time: pickout 0.3443    branching_decision 0.0010    decision 0.0010    set_bounds 0.1835    prepare 0.1892    transfer 0.0001    finalize 0.6364    func 3.0708    solve 2.8232    add 0.0605    bab_iteration 3.6390    
Accumulated time: bab_iteration 21.9363    pickout 2.3666    decision 0.0088    branching_decision 0.0085    set_bounds 2.0843    solve 17.5563    func 20.6266    prepare 1.3137    transfer 0.0007    finalize 3.1564    add 0.4302    
max lb 1.2017567157745361 min lb -6.532967567443848
Number of Verified Splits: 298 of 8192
Current worst splitting domains lb-rhs (depth):
-6.53465 (10), -6.53437 (10), -6.53412 (8), -6.53408 (10), -6.53386 (10), -6.53382 (10), -6.53370 (10), -6.53361 (10), -6.53356 (11), -6.53298 (9), -6.53295 (10), -6.53290 (12), -6.53290 (11), -6.53288 (10), -6.53287 (11), -6.53283 (10), -6.53283 (15), -6.53283 (13), -6.53283 (15), -6.53283 (12), 
Current (lb-rhs): -6.534651756286621
57704 domains visited
Length of domains: 27597
Cumulative time: 25.643102645874023

BaB round 13
batch: 4096
splitting decisions: 
split level 0: [/input-8, 9568] [/input-8, 3788] [/input-8, 10170] [/input, 493] [/input-8, 9954] [/input-8, 6308] [/input-8, 7010] [/input-8, 9570] [/input-8, 5158] [/input-8, 3883] 
best_l after optimization: -25673.927734375
beta sum per layer: [8519.8330078125, 90065.6875, 144.85330200195312]
alpha/beta optimization time: 2.176264524459839
pruning_in_iteration open status: False
ratio of positive domain = 281 / 8192 = 0.0343017578125
pruning-in-iteration extra time: 5.602836608886719e-05
Time: pickout 0.3488    branching_decision 0.0010    decision 0.0010    set_bounds 0.1830    prepare 0.1877    transfer 0.0001    finalize 0.3961    func 3.1151    solve 3.0709    add 0.0600    bab_iteration 3.6637    
Accumulated time: bab_iteration 25.6000    pickout 2.7154    decision 0.0098    branching_decision 0.0095    set_bounds 2.2673    solve 20.6271    func 23.7417    prepare 1.5015    transfer 0.0007    finalize 3.5525    add 0.4902    
max lb 0.7048046588897705 min lb -6.531613826751709
Number of Verified Splits: 282 of 8192
Current worst splitting domains lb-rhs (depth):
-6.53465 (10), -6.53437 (10), -6.53412 (8), -6.53408 (10), -6.53386 (10), -6.53382 (10), -6.53370 (10), -6.53361 (10), -6.53356 (11), -6.53298 (9), -6.53295 (10), -6.53290 (11), -6.53290 (12), -6.53288 (10), -6.53287 (11), -6.53283 (10), -6.53283 (12), -6.53283 (15), -6.53283 (13), -6.53283 (14), 
Current (lb-rhs): -6.534651756286621
65896 domains visited
Length of domains: 31411
Cumulative time: 29.35805082321167

BaB round 14
batch: 4096
splitting decisions: 
split level 0: [/input-8, 5803] [/input-8, 12123] [/input-8, 6721] [/input, 3330] [/input-8, 3675] [/input-8, 2929] [/input-8, 9765] [/input, 5372] [/input-8, 9198] [/input-8, 7054] 
best_l after optimization: -24527.55859375
beta sum per layer: [9472.09375, 100964.4140625, 180.18185424804688]
alpha/beta optimization time: 2.178792953491211
pruning_in_iteration open status: False
ratio of positive domain = 388 / 8192 = 0.04736328125
pruning-in-iteration extra time: 7.62939453125e-05
Time: pickout 0.3531    branching_decision 0.0011    decision 0.0011    set_bounds 0.1846    prepare 0.1908    transfer 0.0001    finalize 0.3887    func 2.8299    solve 3.1152    add 0.0622    bab_iteration 3.7149    
Accumulated time: bab_iteration 29.3150    pickout 3.0685    decision 0.0109    branching_decision 0.0107    set_bounds 2.4518    solve 23.7424    func 26.5716    prepare 1.6923    transfer 0.0008    finalize 3.9412    add 0.5524    
max lb 0.5190880298614502 min lb -6.53161096572876
Number of Verified Splits: 388 of 8192
Current worst splitting domains lb-rhs (depth):
-6.53465 (10), -6.53437 (10), -6.53412 (8), -6.53408 (10), -6.53386 (10), -6.53382 (10), -6.53370 (10), -6.53361 (10), -6.53356 (11), -6.53298 (9), -6.53295 (10), -6.53290 (12), -6.53290 (11), -6.53288 (10), -6.53287 (11), -6.53283 (10), -6.53283 (13), -6.53283 (14), -6.53283 (12), -6.53283 (15), 
Current (lb-rhs): -6.534651756286621
74088 domains visited
Length of domains: 35119
Cumulative time: 32.87738537788391

BaB round 15
batch: 4096
splitting decisions: 
split level 0: [/input-8, 9563] [/input-8, 9936] [/input-8, 9438] [/input-8, 8004] [/input-8, 9421] [/input-8, 4845] [/input-8, 7941] [/input, 4835] [/input-8, 6776] [/input, 3019] 
best_l after optimization: -23672.6328125
beta sum per layer: [10566.52734375, 111287.296875, 202.82501220703125]
alpha/beta optimization time: 2.177006721496582
pruning_in_iteration open status: False
ratio of positive domain = 375 / 8192 = 0.0457763671875
pruning-in-iteration extra time: 5.8650970458984375e-05
Time: pickout 0.3576    branching_decision 0.0010    decision 0.0011    set_bounds 0.5383    prepare 0.1884    transfer 0.0001    finalize 0.3916    func 2.8258    solve 2.8299    add 0.1459    bab_iteration 3.5193    
Accumulated time: bab_iteration 32.8343    pickout 3.4261    decision 0.0121    branching_decision 0.0117    set_bounds 2.9902    solve 26.5723    func 29.3974    prepare 1.8807    transfer 0.0009    finalize 4.3328    add 0.6982    
max lb 0.5958974361419678 min lb -6.525565147399902
Number of Verified Splits: 375 of 8192
Current worst splitting domains lb-rhs (depth):
-6.53465 (10), -6.53437 (10), -6.53412 (8), -6.53408 (10), -6.53386 (10), -6.53382 (10), -6.53370 (10), -6.53361 (10), -6.53356 (11), -6.53298 (9), -6.53295 (10), -6.53290 (12), -6.53290 (11), -6.53288 (10), -6.53287 (11), -6.53283 (10), -6.53283 (12), -6.53283 (13), -6.53283 (15), -6.53283 (14), 
Current (lb-rhs): -6.534651756286621
82280 domains visited
Length of domains: 38840
Cumulative time: 36.66799187660217

BaB round 16
batch: 4096
splitting decisions: 
split level 0: [/input-8, 9630] [/input-8, 8728] [/input-8, 6631] [/input-8, 11805] [/input, 5466] [/input, 5721] [/input-8, 3606] [/input-8, 9892] [/input-8, 3334] [/input-8, 3184] 
best_l after optimization: -22657.716796875
beta sum per layer: [11686.509765625, 122647.1875, 236.0162811279297]
alpha/beta optimization time: 2.17751145362854
pruning_in_iteration open status: False
ratio of positive domain = 472 / 8192 = 0.0576171875
pruning-in-iteration extra time: 6.0558319091796875e-05
Time: pickout 0.3575    branching_decision 0.0010    decision 0.0011    set_bounds 0.1828    prepare 0.1883    transfer 0.0001    finalize 0.3862    func 3.1656    solve 2.8258    add 0.0627    bab_iteration 3.7906    
Accumulated time: bab_iteration 36.6249    pickout 3.7836    decision 0.0131    branching_decision 0.0127    set_bounds 3.1730    solve 29.3981    func 32.5630    prepare 2.0690    transfer 0.0009    finalize 4.7189    add 0.7610    
max lb 1.522953987121582 min lb -6.510904788970947
Number of Verified Splits: 472 of 8192
Current worst splitting domains lb-rhs (depth):
-6.53465 (10), -6.53437 (10), -6.53412 (8), -6.53408 (10), -6.53386 (10), -6.53382 (10), -6.53370 (10), -6.53361 (10), -6.53356 (11), -6.53298 (9), -6.53295 (10), -6.53290 (12), -6.53290 (11), -6.53288 (10), -6.53287 (11), -6.53283 (10), -6.53283 (13), -6.53283 (14), -6.53283 (12), -6.53283 (15), 
Current (lb-rhs): -6.534651756286621
90472 domains visited
Length of domains: 42464
Cumulative time: 40.43984889984131

BaB round 17
batch: 4096
splitting decisions: 
split level 0: [/input-8, 8337] [/input-8, 9649] [/input-8, 3855] [/input-8, 9175] [/input-8, 9718] [/input, 3688] [/input-8, 6394] [/input-8, 9441] [/input-8, 9828] [/input-8, 3297] 
best_l after optimization: -21878.705078125
beta sum per layer: [12783.958984375, 132819.78125, 263.89739990234375]
alpha/beta optimization time: 2.176792860031128
pruning_in_iteration open status: False
ratio of positive domain = 547 / 8192 = 0.0667724609375
pruning-in-iteration extra time: 7.891654968261719e-05
Time: pickout 0.3574    branching_decision 0.0010    decision 0.0011    set_bounds 0.1831    prepare 0.1883    transfer 0.0001    finalize 0.3804    func 2.8139    solve 3.1656    add 0.0597    bab_iteration 3.7719    
Accumulated time: bab_iteration 40.3967    pickout 4.1410    decision 0.0142    branching_decision 0.0138    set_bounds 3.3561    solve 32.5637    func 35.3769    prepare 2.2573    transfer 0.0010    finalize 5.0994    add 0.8207    
max lb 1.0295686721801758 min lb -6.509492874145508
Number of Verified Splits: 547 of 8192
Current worst splitting domains lb-rhs (depth):
-6.53465 (10), -6.53437 (10), -6.53412 (8), -6.53408 (10), -6.53386 (10), -6.53382 (10), -6.53370 (10), -6.53361 (10), -6.53356 (11), -6.53298 (9), -6.53295 (10), -6.53290 (12), -6.53290 (11), -6.53288 (10), -6.53287 (11), -6.53283 (10), -6.53283 (13), -6.53283 (15), -6.53283 (12), -6.53283 (14), 
Current (lb-rhs): -6.534651756286621
98664 domains visited
Length of domains: 46013
Cumulative time: 43.86293959617615

BaB round 18
batch: 4096
splitting decisions: 
split level 0: [/input, 5011] [/input, 3681] [/input, 4713] [/input-8, 5389] [/input, 4951] [/input-8, 6516] [/input-8, 9460] [/input-8, 2848] [/input-8, 9286] [/input-8, 3349] 
best_l after optimization: -21278.74609375
beta sum per layer: [14103.5126953125, 142664.4375, 268.6708068847656]
alpha/beta optimization time: 2.178069591522217
pruning_in_iteration open status: False
ratio of positive domain = 609 / 8192 = 0.0743408203125
pruning-in-iteration extra time: 5.91278076171875e-05
Time: pickout 0.3581    branching_decision 0.0010    decision 0.0010    set_bounds 0.5578    prepare 0.1890    transfer 0.0001    finalize 0.3780    func 2.8132    solve 2.8140    add 0.0624    bab_iteration 3.4231    
Accumulated time: bab_iteration 43.8198    pickout 4.4991    decision 0.0152    branching_decision 0.0148    set_bounds 3.9139    solve 35.3777    func 38.1901    prepare 2.4463    transfer 0.0011    finalize 5.4774    add 0.8831    
max lb 0.9192404747009277 min lb -6.507713317871094
Number of Verified Splits: 609 of 8192
Current worst splitting domains lb-rhs (depth):
-6.53465 (10), -6.53437 (10), -6.53412 (8), -6.53408 (10), -6.53386 (10), -6.53382 (10), -6.53370 (10), -6.53361 (10), -6.53356 (11), -6.53298 (9), -6.53295 (10), -6.53290 (11), -6.53290 (12), -6.53288 (10), -6.53287 (11), -6.53283 (10), -6.53283 (14), -6.53283 (13), -6.53283 (15), -6.53283 (12), 
Current (lb-rhs): -6.534651756286621
106856 domains visited
Length of domains: 49500
Cumulative time: 47.65876293182373

BaB round 19
batch: 4096
splitting decisions: 
split level 0: [/input-8, 2869] [/input-8, 6356] [/input-8, 7443] [/input-8, 7855] [/input-8, 3534] [/input-8, 9878] [/input-8, 3190] [/input-8, 9744] [/input-8, 8872] [/input, 3360] 
best_l after optimization: -20736.78515625
beta sum per layer: [15372.134765625, 153440.40625, 302.55865478515625]
alpha/beta optimization time: 2.1793715953826904
pruning_in_iteration open status: False
ratio of positive domain = 557 / 8192 = 0.0679931640625
pruning-in-iteration extra time: 6.604194641113281e-05
Time: pickout 0.3607    branching_decision 0.0010    decision 0.0010    set_bounds 0.1836    prepare 0.1937    transfer 0.0001    finalize 0.3834    func 2.8270    solve 2.8133    add 0.0600    bab_iteration 3.7958    
Accumulated time: bab_iteration 47.6157    pickout 4.8598    decision 0.0162    branching_decision 0.0158    set_bounds 4.0974    solve 38.1910    func 41.0170    prepare 2.6400    transfer 0.0011    finalize 5.8607    add 0.9430    
max lb 0.8749456405639648 min lb -6.50758171081543
Number of Verified Splits: 557 of 8192
Current worst splitting domains lb-rhs (depth):
-6.53465 (10), -6.53437 (10), -6.53412 (8), -6.53408 (10), -6.53386 (10), -6.53382 (10), -6.53370 (10), -6.53361 (10), -6.53356 (11), -6.53298 (9), -6.53295 (10), -6.53290 (12), -6.53290 (11), -6.53288 (10), -6.53287 (11), -6.53283 (10), -6.53283 (15), -6.53283 (12), -6.53283 (13), -6.53283 (14), 
Current (lb-rhs): -6.534651756286621
115048 domains visited
Length of domains: 53039
Cumulative time: 51.09900450706482

BaB round 20
batch: 4096
splitting decisions: 
split level 0: [/input-8, 5180] [/input-8, 5435] [/input-8, 9607] [/input-8, 5090] [/input-8, 8036] [/input, 4434] [/input-8, 8071] [/input-8, 6915] [/input-8, 8464] [/input, 4895] 
best_l after optimization: -20037.826171875
beta sum per layer: [16526.103515625, 163929.828125, 251.2022247314453]
alpha/beta optimization time: 2.1785786151885986
pruning_in_iteration open status: False
ratio of positive domain = 628 / 8192 = 0.07666015625
pruning-in-iteration extra time: 7.176399230957031e-05
Time: pickout 0.3683    branching_decision 0.0011    decision 0.0011    set_bounds 0.6473    prepare 0.1898    transfer 0.0001    finalize 0.3805    func 2.8182    solve 2.8270    add 0.0618    bab_iteration 3.4402    
Accumulated time: bab_iteration 51.0559    pickout 5.2281    decision 0.0173    branching_decision 0.0169    set_bounds 4.7447    solve 41.0180    func 43.8353    prepare 2.8298    transfer 0.0012    finalize 6.2412    add 1.0049    
max lb 0.6056652069091797 min lb -6.50758171081543
Number of Verified Splits: 628 of 8192
Current worst splitting domains lb-rhs (depth):
-6.53465 (10), -6.53437 (10), -6.53412 (8), -6.53408 (10), -6.53386 (10), -6.53382 (10), -6.53370 (10), -6.53361 (10), -6.53356 (11), -6.53298 (9), -6.53295 (10), -6.53290 (12), -6.53290 (11), -6.53288 (10), -6.53287 (11), -6.53283 (10), -6.53283 (13), -6.53283 (14), -6.53283 (15), -6.53283 (12), 
Current (lb-rhs): -6.534651756286621
123240 domains visited
Length of domains: 56507
Cumulative time: 55.00483727455139

BaB round 21
batch: 4096
splitting decisions: 
split level 0: [/input-8, 9526] [/input, 3674] [/input-8, 9030] [/input-8, 8720] [/input-8, 8632] [/input-8, 10126] [/input, 3463] [/input-8, 12264] [/input, 3244] [/input-8, 7604] 
best_l after optimization: -19489.783203125
beta sum per layer: [17726.123046875, 174009.59375, 194.06349182128906]
alpha/beta optimization time: 2.177415609359741
pruning_in_iteration open status: False
ratio of positive domain = 592 / 8192 = 0.072265625
pruning-in-iteration extra time: 5.9604644775390625e-05
Time: pickout 0.3606    branching_decision 0.0010    decision 0.0010    set_bounds 0.1828    prepare 0.1885    transfer 0.0001    finalize 0.3810    func 2.8158    solve 2.8183    add 0.0647    bab_iteration 3.9058    
Accumulated time: bab_iteration 54.9617    pickout 5.5887    decision 0.0184    branching_decision 0.0179    set_bounds 4.9275    solve 43.8362    func 46.6511    prepare 3.0183    transfer 0.0013    finalize 6.6223    add 1.0696    
max lb 0.6310219764709473 min lb -6.50758171081543
Number of Verified Splits: 592 of 8192
Current worst splitting domains lb-rhs (depth):
-6.53465 (10), -6.53437 (10), -6.53412 (8), -6.53408 (10), -6.53386 (10), -6.53382 (10), -6.53370 (10), -6.53361 (10), -6.53356 (11), -6.53298 (9), -6.53295 (10), -6.53290 (12), -6.53290 (11), -6.53288 (10), -6.53287 (11), -6.53283 (10), -6.53283 (15), -6.53283 (12), -6.53283 (13), -6.53283 (14), 
Current (lb-rhs): -6.534651756286621
131432 domains visited
Length of domains: 60011
Time out!!!!!!!!
Result: unknown in 60.3877 seconds

 %%%%%%%%%%%%%%%%%%%%%%%%%%%%%%%%%%% idx: 8, vnnlib ID: 8 %%%%%%%%%%%%%%%%%%%%%%%%%%%%%%%%%%%
Finished vnnlib processing in 0.001627 seconds
Model: BoundedModule(
  (/input-1): BoundInput(name=/input-1, inputs=[], perturbed=True)
  (/shape): BoundBuffers(name=/shape, inputs=[], perturbed=False)
  (/12): BoundParams(name=/12, inputs=[], perturbed=False)
  (/13): BoundParams(name=/13, inputs=[], perturbed=False)
  (/14): BoundParams(name=/14, inputs=[], perturbed=False)
  (/15): BoundParams(name=/15, inputs=[], perturbed=False)
  (/16): BoundParams(name=/16, inputs=[], perturbed=False)
  (/17): BoundParams(name=/17, inputs=[], perturbed=False)
  (/18): BoundParams(name=/18, inputs=[], perturbed=False)
  (/19): BoundParams(name=/19, inputs=[], perturbed=False)
  (/20): BoundParams(name=/20, inputs=[], perturbed=False)
  (/21): BoundParams(name=/21, inputs=[], perturbed=False)
  (/input): BoundConv(name=/input, inputs=[/input-1, /12, /13], perturbed=True)
  (/input-4): BoundRelu(name=/input-4, inputs=[/input], perturbed=True)
  (/24): BoundConv(name=/24, inputs=[/input-4, /14, /15], perturbed=True)
  (/25): BoundConv(name=/25, inputs=[/input-4, /16, /17], perturbed=True)
  (/26): BoundAdd(name=/26, inputs=[/24, /25], perturbed=True)
  (/input-8): BoundConcat(name=/input-8, inputs=[/input, /26], perturbed=True)
  (/tensor): BoundRelu(name=/tensor, inputs=[/input-8], perturbed=True)
  (/30): BoundSplit(name=/30, inputs=[/tensor], perturbed=True)
  (/31): BoundSplit(name=/31, inputs=[/shape], perturbed=False)
  (/32): BoundSplit(name=/32, inputs=[/shape], perturbed=False)
  (/33): BoundConstant(name=/33, value=tensor([0], device='cuda:0'))
  (/34): BoundSqueeze(name=/34, inputs=[/31, /33], perturbed=False)
  (/35): BoundConstant(name=/35, value=tensor([0], device='cuda:0'))
  (/36): BoundSqueeze(name=/36, inputs=[/32, /35], perturbed=False)
  (/37): BoundConstant(name=/37, value=tensor([0], device='cuda:0'))
  (/38): BoundUnsqueeze(name=/38, inputs=[/34, /37], perturbed=False)
  (/39): BoundConstant(name=/39, value=tensor([0], device='cuda:0'))
  (/40): BoundUnsqueeze(name=/40, inputs=[/36, /39], perturbed=False)
  (/41): BoundConcat(name=/41, inputs=[/38, /40], perturbed=False)
  (/42): BoundReshape(name=/42, inputs=[/30, /41], perturbed=True)
  (/input-12): BoundLinear(name=/input-12, inputs=[/42, /18, /19], perturbed=True)
  (/44): BoundRelu(name=/44, inputs=[/input-12], perturbed=True)
  (/45): BoundLinear(name=/45, inputs=[/44, /20, /21], perturbed=True)
)
Original output in the first batch: tensor([[ 3.56452107, -4.44834280,  2.88382959, -6.23205280,  2.92965817,
          5.25511169,  5.56408167, -3.27116036,  1.51702487, -2.78414989]],
       device='cuda:0')
Split layers:
Nonlinear functions:
   BoundRelu(name=/input-4, inputs=[/input], perturbed=True)
   BoundRelu(name=/tensor, inputs=[/input-8], perturbed=True)
   BoundRelu(name=/44, inputs=[/input-12], perturbed=True)
build batch [1/1]
layer /input-4 using sparse-features alpha with shape [1441]; unstable size 1441; total size 6272 ([1, 8, 28, 28])
layer /input-4 start_node /input-12 using sparse-spec alpha [2, 11, 1, 1441] with unstable size 10 total_size 64 output_shape torch.Size([64])
layer /input-4 start_node /45 using full alpha [2, 9, 1, 1441] with unstable size None total_size 9 output_shape 9
layer /tensor using sparse-features alpha with shape [4686]; unstable size 4686; total size 12544 ([1, 16, 28, 28])
layer /tensor start_node /input-12 using sparse-spec alpha [2, 11, 1, 4686] with unstable size 10 total_size 64 output_shape torch.Size([64])
layer /tensor start_node /45 using full alpha [2, 9, 1, 4686] with unstable size None total_size 9 output_shape 9
layer /44 using sparse-features alpha with shape [10]; unstable size 10; total size 64 ([1, 64])
layer /44 start_node /45 using full alpha [2, 9, 1, 10] with unstable size None total_size 9 output_shape 9
Optimizable variables initialized.
initial CROWN bounds (first 10 items): [-3.6253697872161865, 3.6511423587799072, -5.616769790649414, 3.717560291290283, -3.7528553009033203, -7.96489143371582, 0.15866470336914062, -1.4174432754516602, 0.522597074508667]
prune_after_crown optimization in use
  original spec size = torch.Size([1, 9])
  pruned spec size = torch.Size([1, 5])
Using alpha-CROWN to initialize bounds.
best_l after optimization: -21.117881774902344
alpha/beta optimization time: 1.2435545921325684
initial alpha-crown bounds (first 10 items): [-3.41917085647583, -5.377806663513184, -3.487504243850708, -7.6594767570495605, -1.173924446105957]
Global lower bound: -7.6594767570495605
4 / 9 OR specs are verified.
Verified OR indices (first 10 items): [1, 3, 6, 8]
Verified OR lbs (first 10 items): [[inf], [inf], [inf], [inf]]
Unverified OR indices (first 10 items): [0, 2, 4, 5, 7]
Unverified OR lbs (first 10 items): [[-3.41917085647583], [-5.377806663513184], [-3.487504243850708], [-7.6594767570495605], [-1.173924446105957]]
###### Verifying property Instance 8 ######
Batch size: 5
First 10 spec matrices
C: tensor([[[-1.,  0.,  0.,  0.,  0.,  1.,  0.,  0.,  0.,  0.]],

        [[ 0.,  0., -1.,  0.,  0.,  1.,  0.,  0.,  0.,  0.]],

        [[ 0.,  0.,  0.,  0., -1.,  1.,  0.,  0.,  0.,  0.]],

        [[ 0.,  0.,  0.,  0.,  0.,  1., -1.,  0.,  0.,  0.]],

        [[ 0.,  0.,  0.,  0.,  0.,  1.,  0.,  0., -1.,  0.]]], device='cuda:0')
RHS: tensor([[0.],
        [0.],
        [0.],
        [0.],
        [0.]], device='cuda:0')
OR spec sizes: tensor([1, 1, 1, 1, 1], device='cuda:0', dtype=torch.int32)
Remaining timeout: 58.27974987030029
Model prediction is: tensor([ 3.56452107, -4.44834280,  2.88382959, -6.23205280,  2.92965817,
         5.25511169,  5.56408167, -3.27116036,  1.51702487, -2.78414989],
       device='cuda:0')
Activation BaB batch 1/1 
build_with_refined_bounds batch [1/1]
Optimizable variables initialized.
all alpha initialized
directly get lb and ub from refined bounds
c shape: torch.Size([5, 1, 10])
lA shapes: [torch.Size([5, 1, 8, 28, 28]), torch.Size([5, 1, 16, 28, 28]), torch.Size([5, 1, 64])]
(alpha-)CROWN with fixed intermediate bounds: tensor([[-3.41917086],
        [-5.37780666],
        [-3.48750424],
        [-7.65947676],
        [-1.17392445]], device='cuda:0') tensor([[inf],
        [inf],
        [inf],
        [inf],
        [inf]], device='cuda:0')
Intermediate layers: /input,/input-8,/input-12
Keeping alphas for these layers: ['/45']
Node /input-4 input 0: size torch.Size([8, 28, 28]) unstable 1441
Node /tensor input 0: size torch.Size([16, 28, 28]) unstable 4686
Node /44 input 0: size torch.Size([64]) unstable 9
-----------------
# of unstable neurons: 6136
-----------------

BaB round 1
batch: 5
splitting decisions: 
split level 0: [/input-8, 5389] [/input-8, 12107] [/input-8, 6296] [/input, 4746] [/input-8, 9018] 
split level 1: [/input-8, 10125] [/input-8, 5369] [/input, 5001] [/input, 3867] [/input-8, 9324] 
split level 2: [/input, 3491] [/input-8, 9917] [/input-8, 7350] [/input, 5393] [/input, 5067] 
split level 3: [/input-8, 8960] [/input, 5117] [/input-8, 3154] [/input-8, 9470] [/input, 5479] 
split level 4: [/input-8, 9246] [/input-8, 8249] [/input, 5267] [/input-8, 11844] [/input-8, 9180] 
best_l after optimization: -652.1029052734375
beta sum per layer: [33.83999252319336, 115.66021728515625, 0.0]
alpha/beta optimization time: 0.14696812629699707
pruning_in_iteration open status: False
ratio of positive domain = 0 / 160 = 0.0
pruning-in-iteration extra time: 5.2928924560546875e-05
Time: pickout 0.0020    branching_decision 0.0001    decision 0.0001    set_bounds 0.0085    prepare 0.0023    transfer 0.0000    finalize 0.0088    func 0.1627    
Accumulated time: bab_iteration 0.0000    pickout 0.0020    decision 0.0001    branching_decision 0.0001    set_bounds 0.0085    solve 0.0000    func 0.1627    prepare 0.0023    transfer 0.0000    finalize 0.0088    
max lb -0.6364312171936035 min lb -7.657691955566406
Number of Verified Splits: 0 of 160
Current worst splitting domains lb-rhs (depth):
-7.65769 (5), -7.65704 (5), -7.65608 (5), -7.65545 (5), -7.65504 (5), -7.65442 (5), -7.65348 (5), -7.65285 (5), -7.64964 (5), -7.64906 (5), -7.64833 (5), -7.64774 (5), -7.64736 (5), -7.64677 (5), -7.64600 (5), -7.64538 (5), -7.64428 (5), -7.64395 (5), -7.64291 (5), -7.64267 (5), 
Current (lb-rhs): -7.657691955566406
160 domains visited
Length of domains: 160
Cumulative time: 0.2035360336303711

BaB round 2
batch: 160
splitting decisions: 
split level 0: [/input-8, 7759] [/input, 3180] [/input, 3272] [/input-8, 8377] [/input-8, 6629] [/input-8, 9790] [/input-8, 5313] [/input-8, 345] [/input-8, 8977] [/input, 3887] 
best_l after optimization: -1257.8992919921875
beta sum per layer: [86.28010559082031, 464.44293212890625, 0.0]
alpha/beta optimization time: 0.17978668212890625
pruning_in_iteration open status: False
ratio of positive domain = 1 / 320 = 0.0031250000000000444
pruning-in-iteration extra time: 5.7697296142578125e-05
Time: pickout 0.0141    branching_decision 0.0001    decision 0.0001    set_bounds 0.0075    prepare 0.0072    transfer 0.0000    finalize 0.0148    func 0.2079    solve 0.1627    add 0.0022    bab_iteration 0.1756    
Accumulated time: bab_iteration 0.1756    pickout 0.0160    decision 0.0002    branching_decision 0.0002    set_bounds 0.0160    solve 0.1627    func 0.3706    prepare 0.0095    transfer 0.0001    finalize 0.0236    add 0.0022    
max lb 0.07794535160064697 min lb -7.657690525054932
Number of Verified Splits: 1 of 320
Current worst splitting domains lb-rhs (depth):
-7.65769 (6), -7.65697 (6), -7.65697 (6), -7.65624 (6), -7.65608 (6), -7.65542 (6), -7.65440 (6), -7.65374 (6), -7.65305 (6), -7.65221 (6), -7.65207 (6), -7.64948 (6), -7.64946 (6), -7.64881 (6), -7.64881 (6), -7.64795 (6), -7.64728 (6), -7.64713 (6), -7.64651 (6), -7.64584 (6), 
Current (lb-rhs): -7.657690525054932
480 domains visited
Length of domains: 319
Cumulative time: 0.4369213581085205

BaB round 3
batch: 319
splitting decisions: 
split level 0: [/input-8, 6580] [/input-8, 5898] [/input, 5360] [/input, 3704] [/input-8, 5404] [/input, 3206] [/input, 4961] [/input-8, 7377] [/input, 3140] [/input-8, 5461] 
best_l after optimization: -2428.01171875
beta sum per layer: [202.95111083984375, 1420.0155029296875, 0.7163330912590027]
alpha/beta optimization time: 0.17011690139770508
pruning_in_iteration open status: False
ratio of positive domain = 34 / 638 = 0.053291536050156685
pruning-in-iteration extra time: 5.221366882324219e-05
Time: pickout 0.0276    branching_decision 0.0002    decision 0.0002    set_bounds 0.0149    prepare 0.0143    transfer 0.0000    finalize 0.0268    func 0.2194    solve 0.2079    add 0.0036    bab_iteration 0.2334    
Accumulated time: bab_iteration 0.4090    pickout 0.0436    decision 0.0004    branching_decision 0.0004    set_bounds 0.0309    solve 0.3706    func 0.5900    prepare 0.0238    transfer 0.0001    finalize 0.0504    add 0.0058    
max lb 0.2115558385848999 min lb -7.6576714515686035
Number of Verified Splits: 34 of 638
Current worst splitting domains lb-rhs (depth):
-7.65767 (7), -7.65693 (7), -7.65693 (7), -7.65676 (7), -7.65608 (7), -7.65608 (7), -7.65572 (7), -7.65539 (7), -7.65506 (7), -7.65400 (7), -7.65328 (7), -7.65328 (7), -7.65218 (7), -7.65218 (7), -7.65137 (7), -7.65137 (7), -7.65122 (7), -7.65122 (7), -7.64999 (7), -7.64948 (7), 
Current (lb-rhs): -7.6576714515686035
1118 domains visited
Length of domains: 604
Cumulative time: 0.7058539390563965

BaB round 4
batch: 604
splitting decisions: 
split level 0: [/input-8, 9552] [/input-8, 5452] [/input-8, 11796] [/input, 3394] [/input-8, 8171] [/input-8, 5086] [/input-8, 9433] [/input-8, 11990] [/input-8, 12535] [/input, 3826] 
best_l after optimization: -4694.6416015625
beta sum per layer: [449.4840087890625, 3481.6171875, 4.330965518951416]
alpha/beta optimization time: 0.32281994819641113
pruning_in_iteration open status: False
ratio of positive domain = 66 / 1208 = 0.054635761589403975
pruning-in-iteration extra time: 5.2928924560546875e-05
Time: pickout 0.0515    branching_decision 0.0003    decision 0.0003    set_bounds 0.0273    prepare 0.0268    transfer 0.0000    finalize 0.0580    func 0.4214    solve 0.2194    add 0.0066    bab_iteration 0.2689    
Accumulated time: bab_iteration 0.6779    pickout 0.0951    decision 0.0007    branching_decision 0.0006    set_bounds 0.0582    solve 0.5901    func 1.0114    prepare 0.0506    transfer 0.0002    finalize 0.1084    add 0.0124    
max lb 0.5719099044799805 min lb -7.657668113708496
Number of Verified Splits: 66 of 1208
Current worst splitting domains lb-rhs (depth):
-7.65767 (8), -7.65690 (8), -7.65664 (8), -7.65664 (8), -7.65651 (8), -7.65625 (8), -7.65608 (8), -7.65563 (8), -7.65559 (8), -7.65559 (8), -7.65525 (8), -7.65521 (8), -7.65506 (8), -7.65506 (8), -7.65400 (8), -7.65293 (8), -7.65293 (8), -7.65292 (8), -7.65203 (8), -7.65158 (8), 
Current (lb-rhs): -7.657668113708496
2326 domains visited
Length of domains: 1142
Cumulative time: 1.2198364734649658

BaB round 5
batch: 1142
splitting decisions: 
split level 0: [/input-8, 8503] [/input-8, 8452] [/input, 3496] [/input-8, 8449] [/input-8, 8103] [/input-8, 12444] [/input-8, 9824] [/input-8, 8510] [/input-8, 5591] [/input-8, 7232] 
best_l after optimization: -9070.2001953125
beta sum per layer: [995.2481689453125, 8211.849609375, 8.607128143310547]
alpha/beta optimization time: 0.5926554203033447
pruning_in_iteration open status: False
ratio of positive domain = 21 / 2284 = 0.009194395796847665
pruning-in-iteration extra time: 5.221366882324219e-05
Time: pickout 0.0951    branching_decision 0.0005    decision 0.0005    set_bounds 0.0568    prepare 0.0510    transfer 0.0000    finalize 0.1097    func 0.7765    solve 0.4214    add 0.0131    bab_iteration 0.5140    
Accumulated time: bab_iteration 1.1919    pickout 0.1902    decision 0.0012    branching_decision 0.0011    set_bounds 0.1150    solve 1.0115    func 1.7879    prepare 0.1017    transfer 0.0002    finalize 0.2181    add 0.0254    
max lb 0.7768332958221436 min lb -7.657668113708496
Number of Verified Splits: 21 of 2284
Current worst splitting domains lb-rhs (depth):
-7.65767 (9), -7.65767 (9), -7.65687 (9), -7.65687 (9), -7.65664 (9), -7.65664 (9), -7.65643 (9), -7.65608 (9), -7.65605 (9), -7.65553 (9), -7.65548 (9), -7.65548 (9), -7.65548 (9), -7.65525 (9), -7.65516 (9), -7.65516 (9), -7.65512 (9), -7.65506 (9), -7.65506 (9), -7.65437 (9), 
Current (lb-rhs): -7.657668113708496
4610 domains visited
Length of domains: 2263
Cumulative time: 2.1697704792022705

BaB round 6
batch: 2048
splitting decisions: 
split level 0: [/input-8, 10106] [/input-8, 12379] [/input-8, 8426] [/input-8, 4800] [/input-8, 3157] [/input-8, 3180] [/input-8, 4717] [/input-8, 7564] [/input-8, 11852] [/input-8, 3669] 
best_l after optimization: -15774.861328125
beta sum per layer: [2032.9398193359375, 18731.96875, 18.606149673461914]
alpha/beta optimization time: 1.0836117267608643
pruning_in_iteration open status: False
ratio of positive domain = 180 / 4096 = 0.0439453125
pruning-in-iteration extra time: 5.745887756347656e-05
Time: pickout 0.1693    branching_decision 0.0008    decision 0.0009    set_bounds 0.0948    prepare 0.0918    transfer 0.0001    finalize 0.1880    func 1.5333    solve 0.7766    add 0.0200    bab_iteration 0.9499    
Accumulated time: bab_iteration 2.1418    pickout 0.3595    decision 0.0021    branching_decision 0.0020    set_bounds 0.2097    solve 1.7881    func 3.3212    prepare 0.1934    transfer 0.0003    finalize 0.4061    add 0.0455    
max lb 1.025122880935669 min lb -7.657668113708496
Number of Verified Splits: 180 of 4096
Current worst splitting domains lb-rhs (depth):
-7.65767 (9), -7.65767 (10), -7.65687 (9), -7.65682 (10), -7.65657 (10), -7.65653 (10), -7.65633 (10), -7.65613 (10), -7.65608 (10), -7.65575 (10), -7.65548 (9), -7.65541 (10), -7.65537 (10), -7.65537 (10), -7.65537 (10), -7.65525 (10), -7.65525 (10), -7.65506 (10), -7.65506 (10), -7.65492 (10), 
Current (lb-rhs): -7.657668113708496
8706 domains visited
Length of domains: 4131
current_vram/total_varm: 12.2GB/47.7GB, batch_size increase to 4096
Cumulative time: 4.004075288772583

BaB round 7
batch: 4096
splitting decisions: 
split level 0: [/input, 5422] [/input, 5115] [/input, 4979] [/input-8, 9251] [/input-8, 10050] [/input-8, 9412] [/input-8, 4773] [/input, 4791] [/input-8, 7120] [/input, 3260] 
best_l after optimization: -31704.94140625
beta sum per layer: [4625.9677734375, 45712.171875, 45.824554443359375]
alpha/beta optimization time: 2.1527085304260254
pruning_in_iteration open status: False
ratio of positive domain = 100 / 8192 = 0.01220703125
pruning-in-iteration extra time: 7.82012939453125e-05
Time: pickout 0.3384    branching_decision 0.0015    decision 0.0015    set_bounds 0.1823    prepare 0.3305    transfer 0.0001    finalize 0.3825    func 2.9396    solve 1.5334    add 0.0346    bab_iteration 1.8343    
Accumulated time: bab_iteration 3.9761    pickout 0.6979    decision 0.0036    branching_decision 0.0034    set_bounds 0.3920    solve 3.3215    func 6.2608    prepare 0.5239    transfer 0.0004    finalize 0.7885    add 0.0800    
max lb 0.6881675720214844 min lb -7.657678127288818
Number of Verified Splits: 100 of 8192
Current worst splitting domains lb-rhs (depth):
-7.65767 (10), -7.65767 (10), -7.65767 (11), -7.65682 (10), -7.65673 (11), -7.65637 (11), -7.65633 (11), -7.65633 (11), -7.65627 (11), -7.65574 (11), -7.65574 (11), -7.65568 (11), -7.65568 (11), -7.65552 (10), -7.65531 (10), -7.65531 (11), -7.65531 (11), -7.65529 (11), -7.65529 (11), -7.65525 (11), 
Current (lb-rhs): -7.657668113708496
16898 domains visited
Length of domains: 8127
Cumulative time: 7.5236968994140625

BaB round 8
batch: 4096
splitting decisions: 
split level 0: [/input, 4925] [/input-8, 7675] [/input-8, 7778] [/input-8, 5078] [/input-8, 7719] [/input-8, 8509] [/input-8, 12064] [/input-8, 5472] [/input-8, 3440] [/input-8, 7749] 
best_l after optimization: -30619.06640625
beta sum per layer: [5221.95849609375, 55528.51953125, 58.225704193115234]
alpha/beta optimization time: 2.153986930847168
pruning_in_iteration open status: False
ratio of positive domain = 81 / 8192 = 0.0098876953125
pruning-in-iteration extra time: 6.4849853515625e-05
Time: pickout 0.3445    branching_decision 0.0012    decision 0.0013    set_bounds 0.3801    prepare 0.1881    transfer 0.0001    finalize 0.3842    func 2.7989    solve 2.9397    add 0.0549    bab_iteration 3.5196    
Accumulated time: bab_iteration 7.4957    pickout 1.0424    decision 0.0048    branching_decision 0.0047    set_bounds 0.7721    solve 6.2612    func 9.0597    prepare 0.7120    transfer 0.0005    finalize 1.1727    add 0.1349    
max lb 1.656999111175537 min lb -7.657674789428711
Number of Verified Splits: 81 of 8192
Current worst splitting domains lb-rhs (depth):
-7.65767 (11), -7.65767 (10), -7.65767 (12), -7.65767 (11), -7.65767 (12), -7.65679 (11), -7.65678 (11), -7.65673 (11), -7.65637 (12), -7.65635 (12), -7.65633 (11), -7.65630 (12), -7.65627 (11), -7.65574 (11), -7.65570 (12), -7.65569 (12), -7.65568 (11), -7.65552 (10), -7.65531 (10), -7.65531 (11), 
Current (lb-rhs): -7.657668113708496
25090 domains visited
Length of domains: 12142
Cumulative time: 11.12496280670166

BaB round 9
batch: 4096
splitting decisions: 
split level 0: [/input-8, 8783] [/input-8, 12087] [/input-8, 7901] [/input-8, 12428] [/input-8, 3313] [/input, 5438] [/input-8, 12177] [/input-8, 8459] [/input, 4712] [/input-8, 10089] 
best_l after optimization: -29361.3125
beta sum per layer: [5900.4765625, 65818.875, 65.7903823852539]
alpha/beta optimization time: 2.153247833251953
pruning_in_iteration open status: False
ratio of positive domain = 217 / 8192 = 0.0264892578125
pruning-in-iteration extra time: 5.602836608886719e-05
Time: pickout 0.3476    branching_decision 0.0011    decision 0.0011    set_bounds 0.3561    prepare 0.1891    transfer 0.0001    finalize 0.3788    func 2.7906    solve 2.7989    add 0.0737    bab_iteration 3.6013    
Accumulated time: bab_iteration 11.0970    pickout 1.3900    decision 0.0060    branching_decision 0.0058    set_bounds 1.1282    solve 9.0601    func 11.8503    prepare 0.9010    transfer 0.0006    finalize 1.5516    add 0.2087    
max lb 1.0862181186676025 min lb -7.657674312591553
Number of Verified Splits: 217 of 8192
Current worst splitting domains lb-rhs (depth):
-7.65767 (12), -7.65767 (13), -7.65767 (10), -7.65767 (11), -7.65767 (12), -7.65767 (13), -7.65678 (11), -7.65677 (12), -7.65677 (12), -7.65673 (11), -7.65635 (12), -7.65633 (11), -7.65633 (13), -7.65627 (11), -7.65574 (11), -7.65570 (12), -7.65569 (13), -7.65569 (13), -7.65568 (11), -7.65552 (10), 
Current (lb-rhs): -7.657668113708496
33282 domains visited
Length of domains: 16021
Cumulative time: 14.680708169937134

BaB round 10
batch: 4096
splitting decisions: 
split level 0: [/input-8, 9438] [/input-8, 6622] [/input-8, 8337] [/input-8, 8689] [/input-8, 9412] [/input, 4155] [/input, 4818] [/input-8, 3802] [/input-8, 6279] [/input-8, 6994] 
best_l after optimization: -28490.60546875
beta sum per layer: [6586.84521484375, 76126.578125, 79.55947875976562]
alpha/beta optimization time: 2.1530237197875977
pruning_in_iteration open status: False
ratio of positive domain = 328 / 8192 = 0.0400390625
pruning-in-iteration extra time: 5.745887756347656e-05
Time: pickout 0.3469    branching_decision 0.0010    decision 0.0011    set_bounds 0.3793    prepare 0.1881    transfer 0.0001    finalize 0.3712    func 2.7815    solve 2.7906    add 0.0572    bab_iteration 3.5557    
Accumulated time: bab_iteration 14.6528    pickout 1.7369    decision 0.0070    branching_decision 0.0068    set_bounds 1.5076    solve 11.8507    func 14.6318    prepare 1.0892    transfer 0.0006    finalize 1.9227    add 0.2659    
max lb 0.6140735149383545 min lb -7.657668113708496
Number of Verified Splits: 328 of 8192
Current worst splitting domains lb-rhs (depth):
-7.65767 (11), -7.65767 (14), -7.65767 (10), -7.65767 (12), -7.65767 (12), -7.65767 (13), -7.65678 (11), -7.65677 (12), -7.65676 (13), -7.65673 (11), -7.65635 (12), -7.65633 (11), -7.65633 (14), -7.65627 (11), -7.65576 (13), -7.65574 (11), -7.65570 (12), -7.65569 (13), -7.65568 (11), -7.65566 (14), 
Current (lb-rhs): -7.657668113708496
41474 domains visited
Length of domains: 19789
Cumulative time: 18.285576581954956

BaB round 11
batch: 4096
splitting decisions: 
split level 0: [/input-8, 4499] [/input-8, 7937] [/input, 4756] [/input, 3854] [/input-8, 3332] [/input-8, 8638] [/input-8, 12140] [/input-8, 9505] [/input, 3306] [/input, 5035] 
best_l after optimization: -27988.86328125
beta sum per layer: [7310.8115234375, 86101.03125, 87.42853546142578]
alpha/beta optimization time: 2.1533236503601074
pruning_in_iteration open status: False
ratio of positive domain = 342 / 8192 = 0.041748046875
pruning-in-iteration extra time: 5.626678466796875e-05
Time: pickout 0.3480    branching_decision 0.0010    decision 0.0010    set_bounds 0.4040    prepare 0.1885    transfer 0.0001    finalize 0.3693    func 2.7805    solve 2.7816    add 0.0927    bab_iteration 3.6049    
Accumulated time: bab_iteration 18.2576    pickout 2.0849    decision 0.0081    branching_decision 0.0079    set_bounds 1.9116    solve 14.6323    func 17.4123    prepare 1.2777    transfer 0.0007    finalize 2.2920    add 0.3586    
max lb 0.2713508605957031 min lb -7.656922340393066
Number of Verified Splits: 342 of 8192
Current worst splitting domains lb-rhs (depth):
-7.65767 (11), -7.65767 (10), -7.65767 (12), -7.65767 (13), -7.65767 (12), -7.65692 (15), -7.65678 (11), -7.65677 (12), -7.65676 (14), -7.65673 (11), -7.65635 (12), -7.65633 (11), -7.65627 (11), -7.65590 (15), -7.65576 (13), -7.65574 (11), -7.65570 (12), -7.65569 (13), -7.65568 (11), -7.65565 (15), 
Current (lb-rhs): -7.657668113708496
49666 domains visited
Length of domains: 23543
Cumulative time: 21.87868094444275

BaB round 12
batch: 4096
splitting decisions: 
split level 0: [/input-8, 8426] [/input-8, 5094] [/input-8, 3170] [/input-8, 6594] [/input-8, 3867] [/input-8, 9242] [/input-8, 4897] [/input-8, 6963] [/input-8, 5393] [/input-8, 8736] 
best_l after optimization: -27439.71875
beta sum per layer: [8086.427734375, 96811.203125, 103.12631225585938]
alpha/beta optimization time: 2.1563446521759033
pruning_in_iteration open status: False
ratio of positive domain = 505 / 8192 = 0.0616455078125
pruning-in-iteration extra time: 6.651878356933594e-05
Time: pickout 0.3556    branching_decision 0.0011    decision 0.0011    set_bounds 0.1839    prepare 0.1894    transfer 0.0001    finalize 0.6526    func 3.0691    solve 2.7805    add 0.0556    bab_iteration 3.5931    
Accumulated time: bab_iteration 21.8507    pickout 2.4405    decision 0.0092    branching_decision 0.0089    set_bounds 2.0955    solve 17.4129    func 20.4814    prepare 1.4672    transfer 0.0007    finalize 2.9446    add 0.4142    
max lb 0.8860085010528564 min lb -7.654842853546143
Number of Verified Splits: 505 of 8192
Current worst splitting domains lb-rhs (depth):
-7.65767 (12), -7.65767 (13), -7.65767 (10), -7.65767 (12), -7.65767 (11), -7.65692 (15), -7.65678 (11), -7.65677 (12), -7.65676 (14), -7.65673 (11), -7.65635 (12), -7.65633 (11), -7.65627 (11), -7.65590 (15), -7.65576 (13), -7.65574 (11), -7.65570 (12), -7.65569 (13), -7.65568 (11), -7.65565 (15), 
Current (lb-rhs): -7.657668113708496
57858 domains visited
Length of domains: 27134
Cumulative time: 25.552804946899414

BaB round 13
batch: 4096
splitting decisions: 
split level 0: [/input-8, 8219] [/input-8, 9416] [/input-8, 8722] [/input, 3305] [/input, 4711] [/input-8, 9011] [/input-8, 6516] [/input-8, 7462] [/input-8, 3518] [/input-8, 8965] 
best_l after optimization: -27442.775390625
beta sum per layer: [8910.17578125, 107500.2578125, 116.06025695800781]
alpha/beta optimization time: 2.153455972671509
pruning_in_iteration open status: False
ratio of positive domain = 391 / 8192 = 0.0477294921875
pruning-in-iteration extra time: 5.650520324707031e-05
Time: pickout 0.3574    branching_decision 0.0010    decision 0.0010    set_bounds 0.1832    prepare 0.1879    transfer 0.0001    finalize 0.3707    func 2.7815    solve 3.0692    add 0.0604    bab_iteration 3.6741    
Accumulated time: bab_iteration 25.5248    pickout 2.7979    decision 0.0102    branching_decision 0.0100    set_bounds 2.2787    solve 20.4820    func 23.2629    prepare 1.6550    transfer 0.0008    finalize 3.3152    add 0.4746    
max lb 1.3799750804901123 min lb -7.654799461364746
Number of Verified Splits: 391 of 8192
Current worst splitting domains lb-rhs (depth):
-7.65767 (12), -7.65767 (12), -7.65767 (13), -7.65767 (10), -7.65767 (11), -7.65692 (15), -7.65678 (11), -7.65677 (12), -7.65676 (14), -7.65673 (11), -7.65635 (12), -7.65633 (11), -7.65627 (11), -7.65590 (15), -7.65576 (13), -7.65574 (11), -7.65570 (12), -7.65569 (13), -7.65568 (11), -7.65565 (15), 
Current (lb-rhs): -7.657668113708496
66050 domains visited
Length of domains: 30839
Cumulative time: 29.2116858959198

BaB round 14
batch: 4096
splitting decisions: 
split level 0: [/input-8, 6540] [/input-8, 10190] [/input-8, 9088] [/input-8, 4026] [/input-8, 7962] [/input-8, 9851] [/input-8, 5377] [/input-8, 5417] [/input-8, 11855] [/input-8, 5292] 
best_l after optimization: -26956.0
beta sum per layer: [9860.990234375, 120063.859375, 131.9939422607422]
alpha/beta optimization time: 2.1531319618225098
pruning_in_iteration open status: False
ratio of positive domain = 425 / 8192 = 0.0518798828125
pruning-in-iteration extra time: 6.67572021484375e-05
Time: pickout 0.3542    branching_decision 0.0011    decision 0.0011    set_bounds 0.1830    prepare 0.1882    transfer 0.0001    finalize 0.3665    func 2.7761    solve 2.7815    add 0.3316    bab_iteration 3.6589    
Accumulated time: bab_iteration 29.1837    pickout 3.1521    decision 0.0113    branching_decision 0.0110    set_bounds 2.4617    solve 23.2635    func 26.0390    prepare 1.8432    transfer 0.0009    finalize 3.6817    add 0.8062    
max lb 0.32329559326171875 min lb -7.65207052230835
Number of Verified Splits: 425 of 8192
Current worst splitting domains lb-rhs (depth):
-7.65767 (13), -7.65767 (11), -7.65767 (12), -7.65767 (12), -7.65767 (10), -7.65692 (15), -7.65678 (11), -7.65677 (12), -7.65676 (14), -7.65673 (11), -7.65635 (12), -7.65633 (11), -7.65627 (11), -7.65590 (15), -7.65576 (13), -7.65574 (11), -7.65570 (12), -7.65569 (13), -7.65568 (11), -7.65565 (15), 
Current (lb-rhs): -7.657668113708496
74242 domains visited
Length of domains: 34510
Cumulative time: 32.66539025306702

BaB round 15
batch: 4096
splitting decisions: 
split level 0: [/input, 5087] [/input-8, 6375] [/input-8, 9471] [/input-8, 6367] [/input, 5393] [/input, 3475] [/input-8, 8132] [/input-8, 8832] [/input, 5297] [/input-8, 8948] 
best_l after optimization: -26450.67578125
beta sum per layer: [10931.96484375, 133050.328125, 149.41897583007812]
alpha/beta optimization time: 2.153733491897583
pruning_in_iteration open status: False
ratio of positive domain = 440 / 8192 = 0.0537109375
pruning-in-iteration extra time: 5.626678466796875e-05
Time: pickout 0.3604    branching_decision 0.0010    decision 0.0010    set_bounds 0.4867    prepare 0.1891    transfer 0.0001    finalize 0.3659    func 2.7777    solve 2.7761    add 0.1350    bab_iteration 3.4537    
Accumulated time: bab_iteration 32.6374    pickout 3.5125    decision 0.0123    branching_decision 0.0120    set_bounds 2.9484    solve 26.0397    func 28.8167    prepare 2.0322    transfer 0.0009    finalize 4.0475    add 0.9412    
max lb 1.4834349155426025 min lb -7.652031421661377
Number of Verified Splits: 440 of 8192
Current worst splitting domains lb-rhs (depth):
-7.65767 (12), -7.65767 (12), -7.65767 (10), -7.65767 (13), -7.65767 (11), -7.65692 (15), -7.65678 (11), -7.65677 (12), -7.65676 (14), -7.65673 (11), -7.65635 (12), -7.65633 (11), -7.65627 (11), -7.65590 (15), -7.65576 (13), -7.65574 (11), -7.65570 (12), -7.65569 (13), -7.65568 (11), -7.65565 (15), 
Current (lb-rhs): -7.657668113708496
82434 domains visited
Length of domains: 38166
Cumulative time: 36.35164499282837

BaB round 16
batch: 4096
splitting decisions: 
split level 0: [/input, 4810] [/input-8, 8092] [/input, 5228] [/input-8, 3330] [/input-8, 6349] [/input-8, 6472] [/input-8, 5175] [/input, 3169] [/input-8, 6646] [/input-8, 3875] 
best_l after optimization: -25911.603515625
beta sum per layer: [12162.19921875, 146522.3125, 164.842529296875]
alpha/beta optimization time: 2.156848192214966
pruning_in_iteration open status: False
ratio of positive domain = 482 / 8192 = 0.058837890625
pruning-in-iteration extra time: 6.890296936035156e-05
Time: pickout 0.3607    branching_decision 0.0012    decision 0.0014    set_bounds 0.1853    prepare 0.1903    transfer 0.0001    finalize 0.3648    func 3.1804    solve 2.7778    add 0.0555    bab_iteration 3.6863    
Accumulated time: bab_iteration 36.3237    pickout 3.8732    decision 0.0137    branching_decision 0.0133    set_bounds 3.1337    solve 28.8174    func 31.9971    prepare 2.2225    transfer 0.0010    finalize 4.4124    add 0.9967    
max lb 0.6362433433532715 min lb -7.652031421661377
Number of Verified Splits: 482 of 8192
Current worst splitting domains lb-rhs (depth):
-7.65767 (13), -7.65767 (12), -7.65767 (10), -7.65767 (12), -7.65767 (11), -7.65692 (15), -7.65678 (11), -7.65677 (12), -7.65676 (14), -7.65673 (11), -7.65635 (12), -7.65633 (11), -7.65627 (11), -7.65590 (15), -7.65576 (13), -7.65574 (11), -7.65570 (12), -7.65569 (13), -7.65568 (11), -7.65565 (15), 
Current (lb-rhs): -7.657668113708496
90626 domains visited
Length of domains: 41780
Cumulative time: 40.142690658569336

BaB round 17
batch: 4096
splitting decisions: 
split level 0: [/input, 244] [/input-8, 3774] [/input-8, 12447] [/input-8, 9665] [/input-8, 3407] [/input-8, 6324] [/input-8, 7966] [/input-8, 3431] [/input-8, 7893] [/input, 4727] 
best_l after optimization: -25449.4609375
beta sum per layer: [13295.869140625, 160231.03125, 169.22705078125]
alpha/beta optimization time: 2.1539900302886963
pruning_in_iteration open status: False
ratio of positive domain = 566 / 8192 = 0.069091796875
pruning-in-iteration extra time: 7.367134094238281e-05
Time: pickout 0.3609    branching_decision 0.0010    decision 0.0010    set_bounds 0.1830    prepare 0.1883    transfer 0.0001    finalize 0.3698    func 2.7809    solve 3.1805    add 0.0580    bab_iteration 3.7910    
Accumulated time: bab_iteration 40.1147    pickout 4.2341    decision 0.0147    branching_decision 0.0143    set_bounds 3.3167    solve 31.9979    func 34.7780    prepare 2.4108    transfer 0.0011    finalize 4.7822    add 1.0548    
max lb 1.2052743434906006 min lb -7.644437313079834
Number of Verified Splits: 566 of 8192
Current worst splitting domains lb-rhs (depth):
-7.65767 (12), -7.65767 (13), -7.65767 (12), -7.65767 (10), -7.65767 (11), -7.65692 (15), -7.65678 (11), -7.65677 (12), -7.65676 (14), -7.65673 (11), -7.65635 (12), -7.65633 (11), -7.65627 (11), -7.65590 (15), -7.65576 (13), -7.65574 (11), -7.65570 (12), -7.65569 (13), -7.65568 (11), -7.65565 (15), 
Current (lb-rhs): -7.657668113708496
98818 domains visited
Length of domains: 45310
Cumulative time: 43.52880930900574

BaB round 18
batch: 4096
splitting decisions: 
split level 0: [/input-8, 6659] [/input, 292] [/input-8, 12125] [/input-8, 5315] [/input-8, 9308] [/input-8, 10158] [/input-8, 9853] [/input-8, 8701] [/input, 3856] [/input-8, 8180] 
best_l after optimization: -25186.958984375
beta sum per layer: [14538.3779296875, 175035.390625, 171.40151977539062]
alpha/beta optimization time: 2.1552834510803223
pruning_in_iteration open status: False
ratio of positive domain = 506 / 8192 = 0.061767578125
pruning-in-iteration extra time: 5.650520324707031e-05
Time: pickout 0.3578    branching_decision 0.0010    decision 0.0010    set_bounds 0.5588    prepare 0.1907    transfer 0.0001    finalize 0.3627    func 2.7778    solve 2.7810    add 0.0550    bab_iteration 3.3861    
Accumulated time: bab_iteration 43.5008    pickout 4.5919    decision 0.0158    branching_decision 0.0153    set_bounds 3.8755    solve 34.7788    func 37.5559    prepare 2.6015    transfer 0.0011    finalize 5.1449    add 1.1097    
max lb 0.7222516536712646 min lb -7.641906261444092
Number of Verified Splits: 506 of 8192
Current worst splitting domains lb-rhs (depth):
-7.65767 (12), -7.65767 (12), -7.65767 (13), -7.65767 (10), -7.65767 (11), -7.65692 (15), -7.65678 (11), -7.65677 (12), -7.65676 (14), -7.65673 (11), -7.65635 (12), -7.65633 (11), -7.65627 (11), -7.65590 (15), -7.65576 (13), -7.65574 (11), -7.65570 (12), -7.65569 (13), -7.65568 (11), -7.65565 (15), 
Current (lb-rhs): -7.657668113708496
107010 domains visited
Length of domains: 48900
Cumulative time: 47.286524057388306

BaB round 19
batch: 4096
splitting decisions: 
split level 0: [/input-8, 9797] [/input-8, 8141] [/input-8, 6497] [/input-8, 9427] [/input-8, 9558] [/input-8, 3867] [/input-8, 8527] [/input-8, 8018] [/input, 4605] [/input-8, 8809] 
best_l after optimization: -24595.5546875
beta sum per layer: [15788.6845703125, 189313.828125, 188.87924194335938]
alpha/beta optimization time: 2.1553966999053955
pruning_in_iteration open status: False
ratio of positive domain = 494 / 8192 = 0.060302734375
pruning-in-iteration extra time: 5.7220458984375e-05
Time: pickout 0.3635    branching_decision 0.0010    decision 0.0010    set_bounds 0.1839    prepare 0.1879    transfer 0.0001    finalize 0.3649    func 2.7768    solve 2.7779    add 0.0568    bab_iteration 3.7577    
Accumulated time: bab_iteration 47.2585    pickout 4.9555    decision 0.0168    branching_decision 0.0163    set_bounds 4.0594    solve 37.5567    func 40.3327    prepare 2.7894    transfer 0.0012    finalize 5.5098    add 1.1665    
max lb 2.1930294036865234 min lb -7.641905784606934
Number of Verified Splits: 494 of 8192
Current worst splitting domains lb-rhs (depth):
-7.65767 (13), -7.65767 (10), -7.65767 (11), -7.65767 (12), -7.65767 (12), -7.65692 (15), -7.65678 (11), -7.65677 (12), -7.65676 (14), -7.65673 (11), -7.65635 (12), -7.65633 (11), -7.65627 (11), -7.65590 (15), -7.65576 (13), -7.65574 (11), -7.65570 (12), -7.65569 (13), -7.65568 (11), -7.65565 (15), 
Current (lb-rhs): -7.657668113708496
115202 domains visited
Length of domains: 52502
Cumulative time: 50.67446517944336

BaB round 20
batch: 4096
splitting decisions: 
split level 0: [/input-8, 9408] [/input-8, 7922] [/input, 5382] [/input-8, 12512] [/input-8, 10127] [/input, 3157] [/input-8, 8921] [/input-8, 9575] [/input-8, 8590] [/input-8, 3557] 
best_l after optimization: -23961.43359375
beta sum per layer: [17308.05859375, 201792.84375, 238.038818359375]
alpha/beta optimization time: 2.155257225036621
pruning_in_iteration open status: False
ratio of positive domain = 478 / 8192 = 0.058349609375
pruning-in-iteration extra time: 5.698204040527344e-05
Time: pickout 0.3612    branching_decision 0.0010    decision 0.0010    set_bounds 0.5972    prepare 0.1886    transfer 0.0001    finalize 0.3645    func 2.7777    solve 2.7769    add 0.0566    bab_iteration 3.3879    
Accumulated time: bab_iteration 50.6465    pickout 5.3167    decision 0.0178    branching_decision 0.0173    set_bounds 4.6566    solve 40.3336    func 43.1103    prepare 2.9780    transfer 0.0012    finalize 5.8743    add 1.2231    
max lb 1.959036111831665 min lb -7.63743782043457
Number of Verified Splits: 478 of 8192
Current worst splitting domains lb-rhs (depth):
-7.65767 (12), -7.65767 (11), -7.65767 (13), -7.65767 (10), -7.65767 (12), -7.65692 (15), -7.65678 (11), -7.65677 (12), -7.65676 (14), -7.65673 (11), -7.65635 (12), -7.65633 (11), -7.65627 (11), -7.65590 (15), -7.65576 (13), -7.65574 (11), -7.65570 (12), -7.65569 (13), -7.65568 (11), -7.65565 (15), 
Current (lb-rhs): -7.657668113708496
123394 domains visited
Length of domains: 56120
Cumulative time: 54.47490978240967

BaB round 21
batch: 4096
splitting decisions: 
split level 0: [/input, 480] [/input-8, 12174] [/input-8, 4791] [/input-8, 10024] [/input-8, 9802] [/input-8, 6907] [/input-8, 6750] [/input-8, 9553] [/input-8, 11865] [/input-8, 7985] 
best_l after optimization: -23204.25390625
beta sum per layer: [18865.76171875, 215720.359375, 275.7496643066406]
alpha/beta optimization time: 2.1580586433410645
pruning_in_iteration open status: False
ratio of positive domain = 542 / 8192 = 0.066162109375
pruning-in-iteration extra time: 6.461143493652344e-05
Time: pickout 0.3624    branching_decision 0.0011    decision 0.0011    set_bounds 0.1840    prepare 0.1876    transfer 0.0001    finalize 0.3645    func 2.7826    solve 2.7777    add 0.0571    bab_iteration 3.8004    
Accumulated time: bab_iteration 54.4469    pickout 5.6792    decision 0.0189    branching_decision 0.0184    set_bounds 4.8406    solve 43.1113    func 45.8930    prepare 3.1656    transfer 0.0013    finalize 6.2387    add 1.2802    
max lb 1.760460376739502 min lb -7.632636070251465
Number of Verified Splits: 542 of 8192
Current worst splitting domains lb-rhs (depth):
-7.65767 (12), -7.65767 (10), -7.65767 (11), -7.65767 (12), -7.65767 (13), -7.65692 (15), -7.65678 (11), -7.65677 (12), -7.65676 (14), -7.65673 (11), -7.65635 (12), -7.65633 (11), -7.65627 (11), -7.65590 (15), -7.65576 (13), -7.65574 (11), -7.65570 (12), -7.65569 (13), -7.65568 (11), -7.65565 (15), 
Current (lb-rhs): -7.657668113708496
131586 domains visited
Length of domains: 59674
Cumulative time: 57.86967706680298

BaB round 22
batch: 4096
splitting decisions: 
split level 0: [/input-8, 8176] [/input-8, 11958] [/input, 4870] [/input, 5136] [/input-8, 2614] [/input-8, 3230] [/input-8, 9735] [/input, 3798] [/input-8, 9477] [/input-8, 11832] 
best_l after optimization: -22586.33203125
beta sum per layer: [20522.40625, 229816.125, 337.0260009765625]
alpha/beta optimization time: 2.155728340148926
pruning_in_iteration open status: False
ratio of positive domain = 568 / 8192 = 0.0693359375
pruning-in-iteration extra time: 8.296966552734375e-05
Time: pickout 0.3723    branching_decision 0.0010    decision 0.0011    set_bounds 0.6919    prepare 0.1897    transfer 0.0001    finalize 0.3692    func 2.7842    solve 2.7828    add 0.0578    bab_iteration 3.3948    
Accumulated time: bab_iteration 57.8417    pickout 6.0515    decision 0.0200    branching_decision 0.0194    set_bounds 5.5326    solve 45.8941    func 48.6772    prepare 3.3553    transfer 0.0014    finalize 6.6079    add 1.3380    
max lb 0.4298110008239746 min lb -7.631991863250732
Number of Verified Splits: 568 of 8192
Current worst splitting domains lb-rhs (depth):
-7.65767 (11), -7.65767 (12), -7.65767 (13), -7.65767 (12), -7.65767 (10), -7.65692 (15), -7.65678 (11), -7.65677 (12), -7.65676 (14), -7.65673 (11), -7.65635 (12), -7.65633 (11), -7.65627 (11), -7.65590 (15), -7.65576 (13), -7.65574 (11), -7.65570 (12), -7.65569 (13), -7.65568 (11), -7.65565 (15), 
Current (lb-rhs): -7.657668113708496
139778 domains visited
Length of domains: 63202
Time out!!!!!!!!
Result: unknown in 63.7889 seconds

 %%%%%%%%%%%%%%%%%%%%%%%%%%%%%%%%%%% idx: 9, vnnlib ID: 9 %%%%%%%%%%%%%%%%%%%%%%%%%%%%%%%%%%%
Finished vnnlib processing in 0.001646 seconds
Model: BoundedModule(
  (/input-1): BoundInput(name=/input-1, inputs=[], perturbed=True)
  (/shape): BoundBuffers(name=/shape, inputs=[], perturbed=False)
  (/12): BoundParams(name=/12, inputs=[], perturbed=False)
  (/13): BoundParams(name=/13, inputs=[], perturbed=False)
  (/14): BoundParams(name=/14, inputs=[], perturbed=False)
  (/15): BoundParams(name=/15, inputs=[], perturbed=False)
  (/16): BoundParams(name=/16, inputs=[], perturbed=False)
  (/17): BoundParams(name=/17, inputs=[], perturbed=False)
  (/18): BoundParams(name=/18, inputs=[], perturbed=False)
  (/19): BoundParams(name=/19, inputs=[], perturbed=False)
  (/20): BoundParams(name=/20, inputs=[], perturbed=False)
  (/21): BoundParams(name=/21, inputs=[], perturbed=False)
  (/input): BoundConv(name=/input, inputs=[/input-1, /12, /13], perturbed=True)
  (/input-4): BoundRelu(name=/input-4, inputs=[/input], perturbed=True)
  (/24): BoundConv(name=/24, inputs=[/input-4, /14, /15], perturbed=True)
  (/25): BoundConv(name=/25, inputs=[/input-4, /16, /17], perturbed=True)
  (/26): BoundAdd(name=/26, inputs=[/24, /25], perturbed=True)
  (/input-8): BoundConcat(name=/input-8, inputs=[/input, /26], perturbed=True)
  (/tensor): BoundRelu(name=/tensor, inputs=[/input-8], perturbed=True)
  (/30): BoundSplit(name=/30, inputs=[/tensor], perturbed=True)
  (/31): BoundSplit(name=/31, inputs=[/shape], perturbed=False)
  (/32): BoundSplit(name=/32, inputs=[/shape], perturbed=False)
  (/33): BoundConstant(name=/33, value=tensor([0], device='cuda:0'))
  (/34): BoundSqueeze(name=/34, inputs=[/31, /33], perturbed=False)
  (/35): BoundConstant(name=/35, value=tensor([0], device='cuda:0'))
  (/36): BoundSqueeze(name=/36, inputs=[/32, /35], perturbed=False)
  (/37): BoundConstant(name=/37, value=tensor([0], device='cuda:0'))
  (/38): BoundUnsqueeze(name=/38, inputs=[/34, /37], perturbed=False)
  (/39): BoundConstant(name=/39, value=tensor([0], device='cuda:0'))
  (/40): BoundUnsqueeze(name=/40, inputs=[/36, /39], perturbed=False)
  (/41): BoundConcat(name=/41, inputs=[/38, /40], perturbed=False)
  (/42): BoundReshape(name=/42, inputs=[/30, /41], perturbed=True)
  (/input-12): BoundLinear(name=/input-12, inputs=[/42, /18, /19], perturbed=True)
  (/44): BoundRelu(name=/44, inputs=[/input-12], perturbed=True)
  (/45): BoundLinear(name=/45, inputs=[/44, /20, /21], perturbed=True)
)
Original output in the first batch: tensor([[ 1.04654598, -7.43773699, -3.66529036, -0.54224443,  6.54814911,
          1.16001344, -2.97473383,  9.17031384,  2.76273775,  9.89842701]],
       device='cuda:0')
Split layers:
Nonlinear functions:
   BoundRelu(name=/input-4, inputs=[/input], perturbed=True)
   BoundRelu(name=/tensor, inputs=[/input-8], perturbed=True)
   BoundRelu(name=/44, inputs=[/input-12], perturbed=True)
build batch [1/1]
layer /input-4 using sparse-features alpha with shape [1389]; unstable size 1389; total size 6272 ([1, 8, 28, 28])
layer /input-4 start_node /input-12 using sparse-spec alpha [2, 15, 1, 1389] with unstable size 14 total_size 64 output_shape torch.Size([64])
layer /input-4 start_node /45 using full alpha [2, 9, 1, 1389] with unstable size None total_size 9 output_shape 9
layer /tensor using sparse-features alpha with shape [4595]; unstable size 4595; total size 12544 ([1, 16, 28, 28])
layer /tensor start_node /input-12 using sparse-spec alpha [2, 15, 1, 4595] with unstable size 14 total_size 64 output_shape torch.Size([64])
layer /tensor start_node /45 using full alpha [2, 9, 1, 4595] with unstable size None total_size 9 output_shape 9
layer /44 using sparse-features alpha with shape [14]; unstable size 14; total size 64 ([1, 64])
layer /44 start_node /45 using full alpha [2, 9, 1, 14] with unstable size None total_size 9 output_shape 9
Optimizable variables initialized.
initial CROWN bounds (first 10 items): [0.06690788269042969, 7.85886812210083, 2.175206184387207, 0.6879410743713379, -3.0500869750976562, -0.5488166809082031, 1.777308464050293, -5.602893829345703, 0.4525454044342041]
prune_after_crown optimization in use
  original spec size = torch.Size([1, 9])
  pruned spec size = torch.Size([1, 3])
Using alpha-CROWN to initialize bounds.
best_l after optimization: -8.602108001708984
alpha/beta optimization time: 1.2543270587921143
initial alpha-crown bounds (first 10 items): [-2.8223354816436768, -0.3103060722351074, -5.469466209411621]
Global lower bound: -5.469466209411621
6 / 9 OR specs are verified.
Verified OR indices (first 10 items): [0, 1, 2, 3, 6, 8]
Verified OR lbs (first 10 items): [[inf], [inf], [inf], [inf], [inf], [inf]]
Unverified OR indices (first 10 items): [4, 5, 7]
Unverified OR lbs (first 10 items): [[-2.8223354816436768], [-0.3103060722351074], [-5.469466209411621]]
###### Verifying property Instance 9 ######
Batch size: 3
First 10 spec matrices
C: tensor([[[ 0.,  0.,  0.,  0., -1.,  0.,  0.,  0.,  0.,  1.]],

        [[ 0.,  0.,  0.,  0.,  0., -1.,  0.,  0.,  0.,  1.]],

        [[ 0.,  0.,  0.,  0.,  0.,  0.,  0., -1.,  0.,  1.]]], device='cuda:0')
RHS: tensor([[0.],
        [0.],
        [0.]], device='cuda:0')
OR spec sizes: tensor([1, 1, 1], device='cuda:0', dtype=torch.int32)
Remaining timeout: 58.30998945236206
Model prediction is: tensor([ 1.04654598, -7.43773699, -3.66529036, -0.54224443,  6.54814911,
         1.16001344, -2.97473383,  9.17031384,  2.76273775,  9.89842701],
       device='cuda:0')
Activation BaB batch 1/1 
build_with_refined_bounds batch [1/1]
Optimizable variables initialized.
all alpha initialized
directly get lb and ub from refined bounds
c shape: torch.Size([3, 1, 10])
lA shapes: [torch.Size([3, 1, 8, 28, 28]), torch.Size([3, 1, 16, 28, 28]), torch.Size([3, 1, 64])]
(alpha-)CROWN with fixed intermediate bounds: tensor([[-2.82233548],
        [-0.31030607],
        [-5.46946621]], device='cuda:0') tensor([[inf],
        [inf],
        [inf]], device='cuda:0')
Intermediate layers: /input,/input-8,/input-12
Keeping alphas for these layers: ['/45']
Node /input-4 input 0: size torch.Size([8, 28, 28]) unstable 1389
Node /tensor input 0: size torch.Size([16, 28, 28]) unstable 4595
Node /44 input 0: size torch.Size([64]) unstable 14
-----------------
# of unstable neurons: 5998
-----------------

BaB round 1
batch: 3
splitting decisions: 
split level 0: [/input-8, 4989] [/input-8, 6947] [/input-8, 6547] 
split level 1: [/input-8, 6065] [/input-8, 6948] [/input-8, 7940] 
split level 2: [/input-8, 9861] [/input, 4376] [/input-8, 3318] 
split level 3: [/input-8, 3716] [/input-8, 4950] [/input-8, 10067] 
split level 4: [/input-8, 6359] [/input-8, 7638] [/input, 1331] 
split level 5: [/input-8, 7211] [/input, 5341] [/input-8, 3378] 
best_l after optimization: -529.3985595703125
beta sum per layer: [20.574466705322266, 119.08973693847656, 0.0]
alpha/beta optimization time: 0.1419985294342041
pruning_in_iteration open status: False
ratio of positive domain = 0 / 192 = 0.0
pruning-in-iteration extra time: 5.4836273193359375e-05
Time: pickout 0.0019    branching_decision 0.0001    decision 0.0001    set_bounds 0.0126    prepare 0.0025    transfer 0.0000    finalize 0.0096    func 0.1588    
Accumulated time: bab_iteration 0.0000    pickout 0.0019    decision 0.0001    branching_decision 0.0001    set_bounds 0.0126    solve 0.0000    func 0.1588    prepare 0.0025    transfer 0.0000    finalize 0.0096    
max lb -0.0908517837524414 min lb -5.467609882354736
Number of Verified Splits: 0 of 192
Current worst splitting domains lb-rhs (depth):
-5.46761 (6), -5.46761 (6), -5.46761 (6), -5.46761 (6), -5.46761 (6), -5.46761 (6), -5.46761 (6), -5.46761 (6), -5.46760 (6), -5.46760 (6), -5.46760 (6), -5.46760 (6), -5.46760 (6), -5.46760 (6), -5.46760 (6), -5.46760 (6), -5.41987 (6), -5.41987 (6), -5.41987 (6), -5.41987 (6), 
Current (lb-rhs): -5.467609882354736
192 domains visited
Length of domains: 192
Cumulative time: 0.20302867889404297

BaB round 2
batch: 192
splitting decisions: 
split level 0: [/input, 3743] [/input-8, 8627] [/input-8, 8097] [/input-8, 12093] [/input-8, 3399] [/input, 4719] [/input, 4180] [/input-8, 3444] [/input, 5915] [/input-8, 4795] 
best_l after optimization: -1021.6878662109375
beta sum per layer: [46.65818405151367, 483.34124755859375, 0.0]
alpha/beta optimization time: 0.14532017707824707
pruning_in_iteration open status: False
ratio of positive domain = 64 / 384 = 0.16666666666666663
pruning-in-iteration extra time: 5.173683166503906e-05
Time: pickout 0.0159    branching_decision 0.0001    decision 0.0001    set_bounds 0.0087    prepare 0.0082    transfer 0.0000    finalize 0.0144    func 0.1757    solve 0.1589    add 0.0023    bab_iteration 0.1759    
Accumulated time: bab_iteration 0.1759    pickout 0.0178    decision 0.0002    branching_decision 0.0002    set_bounds 0.0213    solve 0.1589    func 0.3346    prepare 0.0106    transfer 0.0001    finalize 0.0241    add 0.0023    
max lb 0.1238250732421875 min lb -5.4676055908203125
Number of Verified Splits: 64 of 384
Current worst splitting domains lb-rhs (depth):
-5.46761 (7), -5.46760 (7), -5.46760 (7), -5.46760 (7), -5.46760 (7), -5.46760 (7), -5.46760 (7), -5.46760 (7), -5.46760 (7), -5.46760 (7), -5.46760 (7), -5.46759 (7), -5.46758 (7), -5.46756 (7), -5.46754 (7), -5.46693 (7), -5.46679 (7), -5.46662 (7), -5.46648 (7), -5.46622 (7), 
Current (lb-rhs): -5.4676055908203125
576 domains visited
Length of domains: 320
Cumulative time: 0.40717601776123047

BaB round 3
batch: 320
splitting decisions: 
split level 0: [/input-8, 9245] [/input, 3148] [/input-8, 7054] [/input, 3694] [/input, 327] [/input-8, 6977] [/input, 3272] [/input-8, 4949] [/input-8, 9484] [/input-8, 8852] 
best_l after optimization: -1989.6962890625
beta sum per layer: [73.95799255371094, 1161.25390625, 0.1101505234837532]
alpha/beta optimization time: 0.17070388793945312
pruning_in_iteration open status: False
ratio of positive domain = 3 / 640 = 0.004687499999999956
pruning-in-iteration extra time: 6.29425048828125e-05
Time: pickout 0.0259    branching_decision 0.0002    decision 0.0002    set_bounds 0.0145    prepare 0.0138    transfer 0.0000    finalize 0.0273    func 0.2203    solve 0.1758    add 0.0034    bab_iteration 0.2041    
Accumulated time: bab_iteration 0.3801    pickout 0.0437    decision 0.0004    branching_decision 0.0004    set_bounds 0.0358    solve 0.3346    func 0.5549    prepare 0.0244    transfer 0.0001    finalize 0.0513    add 0.0057    
max lb 0.10906410217285156 min lb -5.4676055908203125
Number of Verified Splits: 3 of 640
Current worst splitting domains lb-rhs (depth):
-5.46761 (8), -5.46761 (8), -5.46760 (8), -5.46760 (8), -5.46760 (8), -5.46760 (8), -5.46760 (8), -5.46760 (8), -5.46756 (8), -5.46756 (8), -5.46753 (8), -5.46752 (8), -5.46729 (8), -5.46702 (8), -5.46676 (8), -5.46669 (8), -5.46668 (8), -5.46643 (8), -5.46640 (8), -5.46621 (8), 
Current (lb-rhs): -5.4676055908203125
1216 domains visited
Length of domains: 637
Cumulative time: 0.6742303371429443

BaB round 4
batch: 637
splitting decisions: 
split level 0: [/input-8, 3413] [/input-8, 2598] [/input-8, 3268] [/input-8, 9249] [/input-8, 8093] [/input, 5157] [/input-8, 9443] [/input, 4853] [/input-8, 6582] [/input-8, 7650] 
best_l after optimization: -3846.145751953125
beta sum per layer: [190.54205322265625, 3081.53759765625, 1.0558726787567139]
alpha/beta optimization time: 0.3022620677947998
pruning_in_iteration open status: False
ratio of positive domain = 33 / 1274 = 0.02590266875981162
pruning-in-iteration extra time: 5.14984130859375e-05
Time: pickout 0.0516    branching_decision 0.0003    decision 0.0003    set_bounds 0.0278    prepare 0.0273    transfer 0.0000    finalize 0.0568    func 0.4007    solve 0.2203    add 0.0058    bab_iteration 0.2671    
Accumulated time: bab_iteration 0.6471    pickout 0.0954    decision 0.0008    branching_decision 0.0007    set_bounds 0.0637    solve 0.5550    func 0.9555    prepare 0.0517    transfer 0.0002    finalize 0.1081    add 0.0115    
max lb 0.1451854705810547 min lb -5.4676103591918945
Number of Verified Splits: 33 of 1274
Current worst splitting domains lb-rhs (depth):
-5.46760 (9), -5.46760 (9), -5.46760 (9), -5.46760 (9), -5.46760 (9), -5.46760 (9), -5.46759 (9), -5.46758 (9), -5.46756 (9), -5.46756 (9), -5.46756 (9), -5.46756 (9), -5.46752 (9), -5.46747 (9), -5.46729 (9), -5.46681 (9), -5.46677 (9), -5.46642 (9), -5.46625 (9), -5.46615 (9), 
Current (lb-rhs): -5.467602729797363
2490 domains visited
Length of domains: 1241
Cumulative time: 1.1704661846160889

BaB round 5
batch: 1241
splitting decisions: 
split level 0: [/input-8, 8099] [/input-8, 12210] [/input-8, 10161] [/input, 5215] [/input-8, 3301] [/input-8, 11948] [/input-8, 9366] [/input, 3782] [/input-8, 5178] [/input, 3307] 
best_l after optimization: -7390.7900390625
beta sum per layer: [450.33612060546875, 7776.12109375, 4.623292922973633]
alpha/beta optimization time: 0.6423256397247314
pruning_in_iteration open status: False
ratio of positive domain = 17 / 2482 = 0.006849315068493178
pruning-in-iteration extra time: 5.3882598876953125e-05
Time: pickout 0.0980    branching_decision 0.0006    decision 0.0006    set_bounds 0.0549    prepare 0.0537    transfer 0.0000    finalize 0.1181    func 0.8384    solve 0.4007    add 0.0153    bab_iteration 0.4962    
Accumulated time: bab_iteration 1.1433    pickout 0.1934    decision 0.0013    branching_decision 0.0013    set_bounds 0.1185    solve 0.9557    func 1.7940    prepare 0.1054    transfer 0.0002    finalize 0.2263    add 0.0268    
max lb 1.2951338291168213 min lb -5.467602729797363
Number of Verified Splits: 17 of 2482
Current worst splitting domains lb-rhs (depth):
-5.46760 (10), -5.46760 (10), -5.46760 (10), -5.46760 (10), -5.46756 (10), -5.46756 (10), -5.46754 (10), -5.46753 (10), -5.46747 (10), -5.46729 (10), -5.46724 (10), -5.46709 (10), -5.46709 (10), -5.46693 (10), -5.46685 (10), -5.46676 (10), -5.46641 (10), -5.46640 (10), -5.46621 (10), -5.46604 (10), 
Current (lb-rhs): -5.467602729797363
4972 domains visited
Length of domains: 2465
Cumulative time: 2.183079719543457

BaB round 6
batch: 2048
splitting decisions: 
split level 0: [/input-8, 7025] [/input-8, 4849] [/input-8, 7749] [/input-8, 12434] [/input-8, 9059] [/input-8, 8125] [/input-8, 5704] [/input, 5317] [/input-8, 11818] [/input-8, 7933] 
best_l after optimization: -11754.9765625
beta sum per layer: [901.8250732421875, 16476.080078125, 11.644513130187988]
alpha/beta optimization time: 1.0838720798492432
pruning_in_iteration open status: False
ratio of positive domain = 82 / 4096 = 0.02001953125
pruning-in-iteration extra time: 5.5789947509765625e-05
Time: pickout 0.1633    branching_decision 0.0009    decision 0.0009    set_bounds 0.2251    prepare 0.0920    transfer 0.0001    finalize 0.1840    func 1.3983    solve 0.8385    add 0.0195    bab_iteration 1.0126    
Accumulated time: bab_iteration 2.1559    pickout 0.3567    decision 0.0022    branching_decision 0.0021    set_bounds 0.3437    solve 1.7942    func 3.1922    prepare 0.1973    transfer 0.0003    finalize 0.4103    add 0.0463    
max lb 1.2406864166259766 min lb -5.467597007751465
Number of Verified Splits: 82 of 4096
Current worst splitting domains lb-rhs (depth):
-5.46760 (11), -5.46760 (11), -5.46760 (11), -5.46760 (11), -5.46760 (11), -5.46754 (10), -5.46753 (11), -5.46742 (11), -5.46741 (11), -5.46740 (11), -5.46734 (11), -5.46724 (11), -5.46724 (11), -5.46723 (11), -5.46709 (10), -5.46709 (10), -5.46701 (11), -5.46693 (11), -5.46693 (11), -5.46683 (11), 
Current (lb-rhs): -5.467597007751465
9068 domains visited
Length of domains: 4431
current_vram/total_varm: 13.0GB/47.7GB, batch_size increase to 4096
Cumulative time: 4.006567478179932

BaB round 7
batch: 4096
splitting decisions: 
split level 0: [/input-8, 7977] [/input-8, 9960] [/input, 5164] [/input-8, 8825] [/input, 5207] [/input-8, 8312] [/input, 3145] [/input-8, 9570] [/input-8, 8316] [/input-8, 3869] 
best_l after optimization: -22817.771484375
beta sum per layer: [2112.93310546875, 40210.11328125, 29.05031967163086]
alpha/beta optimization time: 2.1431448459625244
pruning_in_iteration open status: False
ratio of positive domain = 149 / 8192 = 0.0181884765625
pruning-in-iteration extra time: 5.6743621826171875e-05
Time: pickout 0.3257    branching_decision 0.0014    decision 0.0014    set_bounds 0.1817    prepare 0.1842    transfer 0.0001    finalize 0.3868    func 2.9319    solve 1.3983    add 0.0343    bab_iteration 1.8235    
Accumulated time: bab_iteration 3.9794    pickout 0.6824    decision 0.0037    branching_decision 0.0035    set_bounds 0.5254    solve 3.1925    func 6.1241    prepare 0.3816    transfer 0.0004    finalize 0.7971    add 0.0806    
max lb 0.789794921875 min lb -5.467597007751465
Number of Verified Splits: 149 of 8192
Current worst splitting domains lb-rhs (depth):
-5.46760 (12), -5.46760 (12), -5.46760 (12), -5.46760 (12), -5.46760 (12), -5.46760 (12), -5.46754 (10), -5.46753 (12), -5.46753 (12), -5.46741 (12), -5.46739 (12), -5.46734 (12), -5.46734 (12), -5.46723 (12), -5.46723 (12), -5.46710 (12), -5.46709 (10), -5.46709 (10), -5.46700 (12), -5.46698 (12), 
Current (lb-rhs): -5.467597007751465
17260 domains visited
Length of domains: 8378
Cumulative time: 7.510319709777832

BaB round 8
batch: 4096
splitting decisions: 
split level 0: [/input-8, 7855] [/input, 4717] [/input-8, 8922] [/input, 4853] [/input, 4966] [/input, 3318] [/input, 5435] [/input-8, 12265] [/input-8, 11821] [/input-8, 6548] 
best_l after optimization: -21840.30078125
beta sum per layer: [2539.439453125, 49058.703125, 34.112388610839844]
alpha/beta optimization time: 2.1463942527770996
pruning_in_iteration open status: False
ratio of positive domain = 219 / 8192 = 0.0267333984375
pruning-in-iteration extra time: 6.389617919921875e-05
Time: pickout 0.3281    branching_decision 0.0012    decision 0.0012    set_bounds 0.3451    prepare 0.1885    transfer 0.0001    finalize 0.3666    func 2.7741    solve 2.9319    add 0.0603    bab_iteration 3.5037    
Accumulated time: bab_iteration 7.4832    pickout 1.0105    decision 0.0049    branching_decision 0.0048    set_bounds 0.8705    solve 6.1244    func 8.8982    prepare 0.5700    transfer 0.0004    finalize 1.1637    add 0.1409    
max lb 1.1158599853515625 min lb -5.467597007751465
Number of Verified Splits: 219 of 8192
Current worst splitting domains lb-rhs (depth):
-5.46760 (13), -5.46760 (13), -5.46760 (13), -5.46760 (13), -5.46760 (12), -5.46760 (12), -5.46760 (12), -5.46760 (13), -5.46754 (10), -5.46753 (13), -5.46753 (12), -5.46753 (13), -5.46739 (12), -5.46734 (12), -5.46727 (13), -5.46723 (12), -5.46716 (13), -5.46710 (12), -5.46709 (10), -5.46709 (10), 
Current (lb-rhs): -5.467597007751465
25452 domains visited
Length of domains: 12255
Cumulative time: 11.017291069030762

BaB round 9
batch: 4096
splitting decisions: 
split level 0: [/input-12, 0] [/input-8, 8482] [/input-8, 7026] [/input-8, 9975] [/input-8, 7910] [/input-8, 9486] [/input-8, 245] [/input-8, 8590] [/input, 3164] [/input-8, 6334] 
best_l after optimization: -20958.8984375
beta sum per layer: [2997.128662109375, 58516.28125, 45.07737350463867]
alpha/beta optimization time: 2.1446940898895264
pruning_in_iteration open status: False
ratio of positive domain = 303 / 8192 = 0.0369873046875
pruning-in-iteration extra time: 6.580352783203125e-05
Time: pickout 0.3354    branching_decision 0.0011    decision 0.0012    set_bounds 0.4038    prepare 0.1883    transfer 0.0001    finalize 0.3687    func 2.7717    solve 2.7742    add 0.0554    bab_iteration 3.5070    
Accumulated time: bab_iteration 10.9901    pickout 1.3459    decision 0.0061    branching_decision 0.0059    set_bounds 1.2743    solve 8.8986    func 11.6699    prepare 0.7584    transfer 0.0005    finalize 1.5324    add 0.1963    
max lb 1.667062759399414 min lb -5.46759033203125
Number of Verified Splits: 303 of 8192
Current worst splitting domains lb-rhs (depth):
-5.46760 (12), -5.46760 (12), -5.46760 (13), -5.46760 (13), -5.46760 (12), -5.46759 (14), -5.46758 (14), -5.46754 (10), -5.46753 (13), -5.46753 (12), -5.46739 (12), -5.46734 (12), -5.46727 (13), -5.46723 (12), -5.46715 (14), -5.46710 (12), -5.46709 (10), -5.46709 (10), -5.46699 (14), -5.46698 (12), 
Current (lb-rhs): -5.467597007751465
33644 domains visited
Length of domains: 16048
Cumulative time: 14.589622497558594

BaB round 10
batch: 4096
splitting decisions: 
split level 0: [/input, 5270] [/input-8, 9477] [/input-8, 6825] [/input-8, 3233] [/input-8, 5398] [/input-8, 12529] [/input-8, 2766] [/input-8, 2766] [/input-8, 8093] [/input-8, 9106] 
best_l after optimization: -20208.4140625
beta sum per layer: [3507.69580078125, 67872.609375, 53.68104553222656]
alpha/beta optimization time: 2.1448490619659424
pruning_in_iteration open status: False
ratio of positive domain = 309 / 8192 = 0.0377197265625
pruning-in-iteration extra time: 5.7220458984375e-05
Time: pickout 0.3334    branching_decision 0.0011    decision 0.0011    set_bounds 0.1821    prepare 0.3900    transfer 0.0001    finalize 0.3639    func 2.9682    solve 2.7717    add 0.0573    bab_iteration 3.5723    
Accumulated time: bab_iteration 14.5625    pickout 1.6793    decision 0.0072    branching_decision 0.0070    set_bounds 1.4564    solve 11.6703    func 14.6381    prepare 1.1483    transfer 0.0006    finalize 1.8963    add 0.2536    
max lb 1.1736669540405273 min lb -5.466882705688477
Number of Verified Splits: 309 of 8192
Current worst splitting domains lb-rhs (depth):
-5.46760 (12), -5.46760 (13), -5.46760 (12), -5.46760 (13), -5.46760 (12), -5.46759 (14), -5.46758 (14), -5.46754 (10), -5.46753 (13), -5.46753 (12), -5.46739 (12), -5.46734 (12), -5.46727 (13), -5.46723 (12), -5.46710 (12), -5.46709 (10), -5.46709 (10), -5.46699 (14), -5.46698 (12), -5.46693 (13), 
Current (lb-rhs): -5.467597007751465
41836 domains visited
Length of domains: 19835
Cumulative time: 18.16743540763855

BaB round 11
batch: 4096
splitting decisions: 
split level 0: [/input-8, 6919] [/input-8, 3587] [/input-8, 9500] [/input-8, 11834] [/input-8, 12066] [/input-8, 3367] [/input-8, 5830] [/input-8, 6782] [/input-8, 7646] [/input-8, 6990] 
best_l after optimization: -19338.345703125
beta sum per layer: [4113.9404296875, 77692.0703125, 61.20001983642578]
alpha/beta optimization time: 2.145362377166748
pruning_in_iteration open status: False
ratio of positive domain = 341 / 8192 = 0.0416259765625
pruning-in-iteration extra time: 5.793571472167969e-05
Time: pickout 0.3357    branching_decision 0.0010    decision 0.0011    set_bounds 0.1820    prepare 0.1860    transfer 0.0001    finalize 0.5861    func 2.9868    solve 2.9683    add 0.0898    bab_iteration 3.5778    
Accumulated time: bab_iteration 18.1403    pickout 2.0150    decision 0.0083    branching_decision 0.0080    set_bounds 1.6384    solve 14.6385    func 17.6249    prepare 1.3344    transfer 0.0006    finalize 2.4824    add 0.3434    
max lb 1.130944013595581 min lb -5.466882705688477
Number of Verified Splits: 341 of 8192
Current worst splitting domains lb-rhs (depth):
-5.46760 (12), -5.46760 (12), -5.46760 (12), -5.46760 (13), -5.46760 (13), -5.46759 (14), -5.46758 (14), -5.46754 (10), -5.46753 (13), -5.46753 (12), -5.46739 (12), -5.46734 (12), -5.46727 (13), -5.46723 (12), -5.46710 (12), -5.46709 (10), -5.46709 (10), -5.46699 (14), -5.46698 (12), -5.46693 (13), 
Current (lb-rhs): -5.467597007751465
50028 domains visited
Length of domains: 23590
Cumulative time: 21.733365058898926

BaB round 12
batch: 4096
splitting decisions: 
split level 0: [/input-8, 7305] [/input-8, 6582] [/input-8, 11872] [/input-8, 7607] [/input-8, 3444] [/input-8, 3817] [/input, 297] [/input, 5187] [/input-8, 8020] [/input-8, 11784] 
best_l after optimization: -18419.8046875
beta sum per layer: [4741.0341796875, 88724.1328125, 69.70835876464844]
alpha/beta optimization time: 2.1489691734313965
pruning_in_iteration open status: False
ratio of positive domain = 425 / 8192 = 0.0518798828125
pruning-in-iteration extra time: 6.985664367675781e-05
Time: pickout 0.3448    branching_decision 0.0010    decision 0.0011    set_bounds 0.1855    prepare 0.1887    transfer 0.0001    finalize 0.3620    func 3.0745    solve 2.9868    add 0.0566    bab_iteration 3.5659    
Accumulated time: bab_iteration 21.7062    pickout 2.3598    decision 0.0094    branching_decision 0.0090    set_bounds 1.8239    solve 17.6254    func 20.6995    prepare 1.5231    transfer 0.0007    finalize 2.8445    add 0.4000    
max lb 0.9978504180908203 min lb -5.466773509979248
Number of Verified Splits: 425 of 8192
Current worst splitting domains lb-rhs (depth):
-5.46760 (12), -5.46760 (13), -5.46760 (12), -5.46760 (12), -5.46760 (13), -5.46759 (14), -5.46758 (14), -5.46754 (10), -5.46753 (12), -5.46753 (13), -5.46739 (12), -5.46734 (12), -5.46727 (13), -5.46723 (12), -5.46710 (12), -5.46709 (10), -5.46709 (10), -5.46699 (14), -5.46698 (12), -5.46693 (12), 
Current (lb-rhs): -5.467597007751465
58220 domains visited
Length of domains: 27261
Cumulative time: 25.400895357131958

BaB round 13
batch: 4096
splitting decisions: 
split level 0: [/input-8, 8144] [/input-8, 7016] [/input-8, 8589] [/input-8, 9628] [/input, 3525] [/input-8, 5162] [/input-8, 8124] [/input-8, 8856] [/input, 3665] [/input-8, 12203] 
best_l after optimization: -17634.33203125
beta sum per layer: [5479.5830078125, 99176.3046875, 81.41223907470703]
alpha/beta optimization time: 2.1459689140319824
pruning_in_iteration open status: False
ratio of positive domain = 472 / 8192 = 0.0576171875
pruning-in-iteration extra time: 5.841255187988281e-05
Time: pickout 0.3472    branching_decision 0.0010    decision 0.0010    set_bounds 0.1828    prepare 0.1883    transfer 0.0001    finalize 0.3661    func 2.7696    solve 3.0746    add 0.0577    bab_iteration 3.6675    
Accumulated time: bab_iteration 25.3737    pickout 2.7070    decision 0.0104    branching_decision 0.0101    set_bounds 2.0068    solve 20.7000    func 23.4691    prepare 1.7114    transfer 0.0007    finalize 3.2106    add 0.4577    
max lb 1.1645536422729492 min lb -5.458889961242676
Number of Verified Splits: 472 of 8192
Current worst splitting domains lb-rhs (depth):
-5.46760 (12), -5.46760 (13), -5.46760 (12), -5.46760 (12), -5.46760 (13), -5.46759 (14), -5.46758 (14), -5.46754 (10), -5.46753 (12), -5.46753 (13), -5.46739 (12), -5.46734 (12), -5.46727 (13), -5.46723 (12), -5.46710 (12), -5.46709 (10), -5.46709 (10), -5.46699 (14), -5.46698 (12), -5.46693 (13), 
Current (lb-rhs): -5.467597007751465
66412 domains visited
Length of domains: 30885
Cumulative time: 28.763285160064697

BaB round 14
batch: 4096
splitting decisions: 
split level 0: [/input-8, 7869] [/input-8, 5433] [/input-8, 8960] [/input-8, 3814] [/input-8, 8643] [/input-8, 6373] [/input, 3309] [/input-8, 11802] [/input-8, 5462] [/input-8, 4881] 
best_l after optimization: -16871.62109375
beta sum per layer: [6255.51953125, 109506.1875, 83.38072204589844]
alpha/beta optimization time: 2.14589786529541
pruning_in_iteration open status: False
ratio of positive domain = 565 / 8192 = 0.0689697265625
pruning-in-iteration extra time: 5.793571472167969e-05
Time: pickout 0.6375    branching_decision 0.0010    decision 0.0011    set_bounds 0.1834    prepare 0.1884    transfer 0.0001    finalize 0.3715    func 2.7750    solve 2.7697    add 0.0575    bab_iteration 3.3624    
Accumulated time: bab_iteration 28.7361    pickout 3.3445    decision 0.0114    branching_decision 0.0111    set_bounds 2.1902    solve 23.4697    func 26.2441    prepare 1.8999    transfer 0.0008    finalize 3.5821    add 0.5152    
max lb 0.742236852645874 min lb -5.453444004058838
Number of Verified Splits: 565 of 8192
Current worst splitting domains lb-rhs (depth):
-5.46760 (12), -5.46760 (13), -5.46760 (13), -5.46760 (12), -5.46760 (12), -5.46759 (14), -5.46758 (14), -5.46754 (10), -5.46753 (13), -5.46753 (12), -5.46739 (12), -5.46734 (12), -5.46727 (13), -5.46723 (12), -5.46710 (12), -5.46709 (10), -5.46709 (10), -5.46699 (14), -5.46698 (12), -5.46693 (12), 
Current (lb-rhs): -5.467597007751465
74604 domains visited
Length of domains: 34416
Cumulative time: 45.570302963256836

BaB round 15
batch: 4096
splitting decisions: 
split level 0: [/input-8, 5263] [/input-8, 9003] [/input, 4659] [/input-8, 8686] [/input, 5835] [/input-8, 12408] [/input-8, 7958] [/input, 4959] [/input-8, 3257] [/input-8, 11941] 
best_l after optimization: -16265.26953125
beta sum per layer: [7091.611328125, 119079.078125, 90.7923583984375]
alpha/beta optimization time: 5.7859742641448975
pruning_in_iteration open status: False
ratio of positive domain = 683 / 8192 = 0.0833740234375
pruning-in-iteration extra time: 0.0001277923583984375
Time: pickout 1.1008    branching_decision 0.0013    decision 0.0014    set_bounds 10.3938    prepare 0.1920    transfer 0.0001    finalize 1.0591    func 7.1071    solve 2.7750    add 12.8557    bab_iteration 16.8070    
Accumulated time: bab_iteration 45.5431    pickout 4.4452    decision 0.0128    branching_decision 0.0124    set_bounds 12.5840    solve 26.2447    func 33.3512    prepare 2.0919    transfer 0.0009    finalize 4.6412    add 13.3709    
max lb 1.886068344116211 min lb -5.453444004058838
Number of Verified Splits: 684 of 8192
Current worst splitting domains lb-rhs (depth):
-5.46760 (12), -5.46760 (12), -5.46760 (12), -5.46760 (13), -5.46760 (13), -5.46759 (14), -5.46758 (14), -5.46754 (10), -5.46753 (13), -5.46753 (12), -5.46739 (12), -5.46734 (12), -5.46727 (13), -5.46723 (12), -5.46710 (12), -5.46709 (10), -5.46709 (10), -5.46699 (14), -5.46698 (12), -5.46693 (12), 
Current (lb-rhs): -5.467597007751465
82796 domains visited
Length of domains: 37828
Time out!!!!!!!!
Result: unknown in 66.2015 seconds
############# Summary #############
Final verified acc: 10.0% (total 10 examples)
Problem instances count: 10 , total verified (safe/unsat): 1 , total falsified (unsafe/sat): 0 , timeout: 9
mean time for ALL instances (total 10):55.95032056029956, max time: 66.20149660110474
mean time for verified SAFE instances(total 1): 0.25014591217041016, max time: 0.25014591217041016
mean time for verified SAFE + TIMEOUT instances (total 10): 55.95037651062012, max time: 66.20149660110474 
unknown (total 9), index: [0, 1, 2, 4, 5, 6, 7, 8, 9]
safe-incomplete (total 1), index: [3]

=== STDERR ===
/mmfs1/gscratch/scrubbed/sgvtc/E-graphs for Verifiability/alpha-beta-CROWN/.venv/lib/python3.11/site-packages/torch/jit/_script.py:1488: DeprecationWarning: `torch.jit.script` is deprecated. Please switch to `torch.compile` or `torch.export`.
  warnings.warn(
/mmfs1/gscratch/scrubbed/sgvtc/E-graphs for Verifiability/alpha-beta-CROWN/.venv/lib/python3.11/site-packages/onnx2pytorch/convert/layer.py:31: UserWarning: The given NumPy array is not writable, and PyTorch does not support non-writable tensors. This means writing to this tensor will result in undefined behavior. You may want to copy the array to protect its data or make it writable before converting it to a tensor. This type of warning will be suppressed for the rest of this program. (Triggered internally at /pytorch/torch/csrc/utils/tensor_numpy.cpp:213.)
  layer.bias.data = torch.from_numpy(numpy_helper.to_array(bias))
/mmfs1/gscratch/scrubbed/sgvtc/E-graphs for Verifiability/alpha-beta-CROWN/.venv/lib/python3.11/site-packages/onnx2pytorch/convert/model.py:151: UserWarning: Using experimental implementation that allows 'batch_size > 1'.Batchnorm layers could potentially produce false outputs.
  warnings.warn(
/mmfs1/gscratch/scrubbed/sgvtc/E-graphs for Verifiability/alpha-beta-CROWN/complete_verifier/specifications.py:342: UserWarning: Creating a tensor from a list of numpy.ndarrays is extremely slow. Please consider converting the list to a single numpy.ndarray with numpy.array() before converting to a tensor. (Triggered internally at /pytorch/torch/csrc/utils/tensor_new.cpp:253.)
  x_range_list = torch.Tensor(x_range_list).to(dtype=dtype, device=device).view(input_shape + [2])
/mmfs1/gscratch/scrubbed/sgvtc/E-graphs for Verifiability/alpha-beta-CROWN/.venv/lib/python3.11/site-packages/onnx2pytorch/utils.py:21: TracerWarning: Converting a tensor to a Python boolean might cause the trace to be incorrect. We can't record the data flow of Python values, so this value will be treated as a constant in the future. This means that the trace might not generalize to other inputs!
  return value.ndim == 0 or value.shape == torch.Size([1])
/mmfs1/gscratch/scrubbed/sgvtc/E-graphs for Verifiability/alpha-beta-CROWN/.venv/lib/python3.11/site-packages/onnx2pytorch/operations/add.py:34: TracerWarning: Converting a tensor to a Python boolean might cause the trace to be incorrect. We can't record the data flow of Python values, so this value will be treated as a constant in the future. This means that the trace might not generalize to other inputs!
  elif all(x == 1 for x in input[0].shape):
/mmfs1/gscratch/scrubbed/sgvtc/E-graphs for Verifiability/alpha-beta-CROWN/.venv/lib/python3.11/site-packages/onnx2pytorch/operations/reshape.py:36: TracerWarning: Converting a tensor to a Python boolean might cause the trace to be incorrect. We can't record the data flow of Python values, so this value will be treated as a constant in the future. This means that the trace might not generalize to other inputs!
  if shape[0] == 1 and len(shape) in [2, 3, 4, 5] and self.quirks.get("fix_batch_size") is True:
/mmfs1/gscratch/scrubbed/sgvtc/E-graphs for Verifiability/alpha-beta-CROWN/.venv/lib/python3.11/site-packages/onnx2pytorch/operations/reshape.py:54: TracerWarning: torch.tensor results are registered as constants in the trace. You can safely ignore this warning if you use this function to create tensors out of constant variables that would be the same every time you call this function. In any other case, this might cause the trace to be incorrect.
  if (torch.prod(torch.tensor(input.shape)) != torch.prod(shape) and len(input.size()) == len(shape) + 1
/mmfs1/gscratch/scrubbed/sgvtc/E-graphs for Verifiability/alpha-beta-CROWN/.venv/lib/python3.11/site-packages/onnx2pytorch/operations/reshape.py:54: TracerWarning: Using len to get tensor shape might cause the trace to be incorrect. Recommended usage would be tensor.shape[0]. Passing a tensor of different shape might lead to errors or silently give incorrect results.
  if (torch.prod(torch.tensor(input.shape)) != torch.prod(shape) and len(input.size()) == len(shape) + 1
/mmfs1/gscratch/scrubbed/sgvtc/E-graphs for Verifiability/alpha-beta-CROWN/.venv/lib/python3.11/site-packages/onnx2pytorch/operations/reshape.py:58: TracerWarning: Iterating over a tensor might cause the trace to be incorrect. Passing a tensor of different shape won't change the number of iterations executed (and might lead to errors or silently give incorrect results).
  shape = [x if x != 0 else input.size(i) for i, x in enumerate(shape)]
/mmfs1/gscratch/scrubbed/sgvtc/E-graphs for Verifiability/alpha-beta-CROWN/complete_verifier/auto_LiRPA/operators/leaf.py:93: UserWarning: The "has_batchdim" option for BoundBuffers is deprecated. It may be removed from the next release.
  warnings.warn('The "has_batchdim" option for BoundBuffers is deprecated.'

