$ /mmfs1/gscratch/scrubbed/sgvtc/E-graphs for Verifiability/alpha-beta-CROWN/.venv/bin/python abcrown.py --config exp_configs/beta_crown/abcrown_config_inception_mnist_unfused_randombranch.yaml --onnx_path /mmfs1/gscratch/scrubbed/sgvtc/E-graphs for Verifiability/NNs/inception_mnist_unfused_simplified.onnx --epsilon 0.1 --start 0 --end 10
(cwd=/mmfs1/gscratch/scrubbed/sgvtc/E-graphs for Verifiability/alpha-beta-CROWN/complete_verifier)

=== STDOUT ===
INFO     14:31:45     [tensor_storage.py:70] Hugepage enabled for branch-and-bound domains.
Configurations:

general:
  device: cuda
  seed: 100
  conv_mode: patches
  deterministic: false
  double_fp: false
  loss_reduction_func: sum
  sparse_alpha: true
  sparse_interm: true
  save_adv_example: false
  verify_onnxruntime_output: false
  eval_adv_example: false
  onnx_adv_example: false
  show_adv_example: false
  precompile_jit: false
  reset_seed_after_precompile: false
  prepare_only: false
  complete_verifier: bab
  enable_incomplete_verification: true
  csv_name: null
  results_file: out.txt
  root_path: ''
  deterministic_opt: false
  graph_optimizer: 'Customized("custom_graph_optimizer", "default_optimizer")'
  buffer_has_batchdim: false
  save_output: false
  output_file: out.pkl
  return_optimized_model: false
  store_all_specs_on_cpu: false
  adhoc_tuning: null
model:
  name: null
  path: null
  onnx_path: /mmfs1/gscratch/scrubbed/sgvtc/E-graphs for Verifiability/NNs/inception_mnist_unfused_simplified.onnx
  onnx_path_prefix: ''
  cache_onnx_conversion: false
  debug_onnx: false
  onnx_quirks: null
  input_shape: null
  onnx_loader: default_onnx_and_vnnlib_loader
  onnx_optimization_flags: []
  onnx_vnnlib_joint_optimization_flags: none
  check_optimized: false
  flatten_final_output: false
  optimize_graph: null
  with_jacobian: false
  bound_opts: null
data:
  start: 0
  end: 10
  select_instance: null
  num_outputs: 10
  mean: [0.0]
  std: [1.0]
  pkl_path: null
  dataset: MNIST
  data_filter_path: null
  data_idx_file: null
specification:
  type: lp
  robustness_type: verified-acc
  norm: .inf
  epsilon: 0.1
  epsilon_min: 0.0
  vnnlib_path: null
  vnnlib_path_prefix: ''
  shrink_eps: null
  rhs_offset: null
solver:
  batch_size: 2048
  auto_enlarge_batch_size: true
  batched_crown_auto_enlarge_max_vram_ratio: 0.9
  min_batch_size_ratio: 0.1
  use_float64_in_last_iteration: false
  early_stop_patience: 10
  start_save_best: 0.5
  bound_prop_method: alpha-crown
  init_bound_prop_method: same
  prune_after_crown: true
  optimize_disjuncts_separately: false
  build_batch_size: 1000000
  skip_with_refined_bound: true
  forward_before_compute_bounds: false
  crown:
    batch_size: 1000000000
    max_crown_size: 1000000000
    activation_bound_option: adaptive
    compare_crown_with_ibp: false
  alpha-crown:
    alpha: true
    lr_alpha: 0.1
    iteration: 100
    share_alphas: false
    lr_decay: 0.98
    full_conv_alpha: true
    max_coeff_mul: .inf
    matmul_share_alphas: false
    disable_optimization: []
    max_time: 1.0
    alpha_dtype: float16
    input_split_alpha_iteration: 5
    input_split_lr_alpha: 0.05
  invprop:
    apply_output_constraints_to: []
    tighten_input_bounds: false
    best_of_oc_and_no_oc: false
    directly_optimize: []
    oc_lr: 0.1
    share_gammas: false
  beta-crown:
    lr_alpha: 0.01
    lr_beta: 0.05
    lr_decay: 0.98
    optimizer: adam
    iteration: 20
    beta: true
    beta_warmup: true
    enable_opt_interm_bounds: false
    all_node_split_LP: false
  forward:
    refine: false
    max_dim: 10000
    reset_threshold: 1.0
  mip:
    unstable_neuron_threshold: 0
    parallel_solvers: null
    solver_threads: 1
    refine_neuron_timeout: 15
    refine_neuron_time_percentage: 0.8
    early_stop: true
    adv_warmup: true
    mip_solver: gurobi
    skip_unsafe: false
    topk_filter: 1.0
    sliding_window: -1
    extra_constraint: false
    refine_neuron_timeout_increasement: 0
    timeout_neuron_percentage: 0.3
    remaining_timeout_threshold: 1
    remove_unstable_neurons: false
    formulation: mip
    output_cut: false
bab:
  max_domains: .inf
  decision_thresh: 0
  timeout: 60
  timeout_scale: 1
  max_iterations: -1
  override_timeout: null
  get_upper_bound: false
  pruning_in_iteration: true
  pruning_in_iteration_ratio: 0.2
  sort_targets: false
  batched_domain_list: true
  optimized_interm: ''
  interm_transfer: true
  recompute_interm: false
  sort_domain_interval: -1
  tree_traversal: depth_first
  hugetensor_allocator: true
  cut:
    enabled: false
    cuts_path: null
    bab_cut: false
    lp_cut: false
    lr: 0.01
    lr_decay: 1.0
    iteration: 100
    bab_iteration: -1
    early_stop_patience: -1
    lr_beta: 0.02
    number_cuts: 50
    topk_cuts_in_filter: 1000
    batch_size_primal: 100
    max_num: 1000000000
    patches_cut: false
    cplex_cuts: false
    cplex_cuts_wait: 0
    cplex_cuts_revpickup: true
    cut_reference_bounds: true
    fix_intermediate_bounds: false
    manual_cuts: null
    record_cplex_cut_to: null
    read_cplex_cut_from: null
    biccos:
      enabled: false
      auto_param: true
      constraint_strengthening: true
      drop_ratio: 0.5
      max_infer_iter: 20
      max_domain: 10000.0
      heuristic: neuron_influence_score
      save_cuts: false
      multi_tree_branching:
        enabled: false
        restore_best_tree: true
        keep_n_best_domains: 50
        target_batch_size: 200
        iterations: 3
  clip_n_verify:
    rearrange_constraints: false
    alpha_crown: false
    prune: false
    final_layer: false
    clip_input_domain:
      enabled: false
      clip_type: relaxed
      clip_neuron_selection_type: ratio
      clip_neuron_selection_value: -1.0
      clip_iterations: 1
      clip_calculate_volume_metrics: false
    clip_interm_domain:
      enabled: false
      with_input: false
      clip_in_alpha_crown: false
      topk_objective: 20
  branching:
    method: random
    candidates: 3
    reduceop: min
    enable_intermediate_bound_opt: false
    branching_input_and_activation: false
    branching_input_and_activation_order: [input, relu]
    branching_input_iterations: 30
    branching_relu_iterations: 50
    save_visited_domains_to: ''
    nonlinear_split:
      method: bbps
      disable: false
      branching_point_method: uniform
      num_branches: 2
      filter: false
      filter_beta: false
      filter_clamp: false
      filter_batch_size: 10000
      filter_iterations: 25
      relu_only: false
      loose_tanh_threshold: null
      branching_point:
        db_path: branching_points.pt
        num_iterations: 1000
        batch_size: 1000000
        range_l: -5.0
        range_u: 5.0
        log_interval: 100
        step_size_1d: 0.01
        step_size: 0.2
    input_split:
      split_hint: null
      enable: false
      reorder_bab: false
      input_dim_threshold: 20
      adv_check: 0
      split_partitions: 2
      sb_margin_weight: 1.0
      sb_sum: false
      sb_primary_spec: null
      bf_backup_thresh: -1
      bf_rhs_offset: 0
      bf_iters: 1000000000.0
      bf_batch_size: 100000
      bf_zero_crossing_score: false
      touch_zero_score: 0
      ibp_enhancement: true
      compare_with_old_bounds: true
      update_rhs_with_attack: false
      sb_coeff_thresh: 0.001
      sort_index: null
      sort_descending: true
      show_progress: false
      presplit_domains: null
      skip_getting_worst_domain: false
  branching_decision_precompute:
    enable: true
  attack:
    enabled: false
    beam_candidates: 8
    beam_depth: 7
    max_dive_fix_ratio: 0.8
    min_local_free_ratio: 0.2
    mip_start_iteration: 5
    mip_timeout: 30.0
    adv_pool_threshold: null
    refined_mip_attacker: false
    refined_batch_size: null
attack:
  general_attack: true
  pgd_order: skip
  pgd_steps: 100
  pgd_restarts: 50
  pgd_batch_size: 100000000
  pgd_early_stop: true
  pgd_lr_decay: 0.99
  pgd_alpha: auto
  pgd_alpha_scale: false
  pgd_loss_mode: null
  pgd_restart_when_stuck: false
  enable_mip_attack: false
  adv_saver: default_adv_saver
  adv_verifier: default_adv_verifier
  early_stop_condition: default_early_stop_condition
  adv_example_finalizer: default_adv_example_finalizer
  pgd_loss: default_pgd_loss
  cex_path: ./test_cex.txt
  attack_mode: PGD
  attack_tolerance: 0.0
  attack_func: attack_with_general_specs
  gama_lambda: 10.0
  gama_decay: 0.9
  input_split:
    pgd_steps: 100
    pgd_restarts: 30
    pgd_alpha: auto
  input_split_check_adv:
    enabled: auto
    pgd_steps: 5
    pgd_restarts: 5
    pgd_alpha: auto
    max_num_domains: 10
debug:
  view_model: false
  lp_test: null
  rescale_vnnlib_ptb: null
  test_optimized_bounds: false
  test_optimized_bounds_after_n_iterations: 0
  print_verbose_decisions: false
  biccos_mip_sanity_check: false
  sanity_check: 0
  z_split_enabled: false
  save_minimal_config: null
  save_minimal_config_omit_keys: []
solving:
  solving_mode: false
  obj_index: 0

Experiments at Mon Aug 24 14:31:45 2026 on g3104
Loading onnx /mmfs1/gscratch/scrubbed/sgvtc/E-graphs for Verifiability/NNs/inception_mnist_unfused_simplified.onnx with quirks {}
Finished onnx model loading in 0.1510 seconds
ConvertModel(
  (Conv_Conv112_fwd0): Conv2d(1, 8, kernel_size=(3, 3), stride=(1, 1), padding=(1, 1))
  (Relu_Relu119_fwd0): ReLU()
  (Conv_Conv120_fwd0): Conv2d(8, 8, kernel_size=(1, 1), stride=(1, 1))
  (Conv_Conv121_fwd0): Conv2d(8, 8, kernel_size=(3, 3), stride=(1, 1), padding=(1, 1))
  (Add_Add124_fwd0): Add()
  (Relu_Relu125_fwd0): ReLU()
  (Reshape_Reshape126_fwd0): Reshape(shape=[  -1 6272])
  (Gemm_Add128_fwd0): Linear(in_features=64, out_features=6272, bias=True)
  (Relu_Relu129_fwd0): ReLU()
  (Gemm_Add131_fwd0): Linear(in_features=10, out_features=64, bias=True)
)
Parameters:
  Conv_Conv112_fwd0.weight: shape torch.Size([8, 1, 3, 3])
  Conv_Conv112_fwd0.bias: shape torch.Size([8])
  Conv_Conv120_fwd0.weight: shape torch.Size([8, 8, 1, 1])
  Conv_Conv120_fwd0.bias: shape torch.Size([8])
  Conv_Conv121_fwd0.weight: shape torch.Size([8, 8, 3, 3])
  Conv_Conv121_fwd0.bias: shape torch.Size([8])
  Gemm_Add128_fwd0.weight: shape torch.Size([64, 6272])
  Gemm_Add128_fwd0.bias: shape torch.Size([64])
  Gemm_Add131_fwd0.weight: shape torch.Size([10, 64])
  Gemm_Add131_fwd0.bias: shape torch.Size([10])
Trying generic MNIST/CIFAR data loader.
Internal results will be saved to out.txt.

 %%%%%%%%%%%%%%%%%%%%%%%%%%%%%%%%%%% idx: 0, vnnlib ID: 0 %%%%%%%%%%%%%%%%%%%%%%%%%%%%%%%%%%%
Finished vnnlib processing in 0.219548 seconds
Model: BoundedModule(
  (/input-1): BoundInput(name=/input-1, inputs=[], perturbed=True)
  (/shape): BoundBuffers(name=/shape, inputs=[], perturbed=False)
  (/12): BoundParams(name=/12, inputs=[], perturbed=False)
  (/13): BoundParams(name=/13, inputs=[], perturbed=False)
  (/14): BoundParams(name=/14, inputs=[], perturbed=False)
  (/15): BoundParams(name=/15, inputs=[], perturbed=False)
  (/16): BoundParams(name=/16, inputs=[], perturbed=False)
  (/17): BoundParams(name=/17, inputs=[], perturbed=False)
  (/18): BoundParams(name=/18, inputs=[], perturbed=False)
  (/19): BoundParams(name=/19, inputs=[], perturbed=False)
  (/20): BoundParams(name=/20, inputs=[], perturbed=False)
  (/21): BoundParams(name=/21, inputs=[], perturbed=False)
  (/input): BoundConv(name=/input, inputs=[/input-1, /12, /13], perturbed=True)
  (/input-4): BoundRelu(name=/input-4, inputs=[/input], perturbed=True)
  (/24): BoundConv(name=/24, inputs=[/input-4, /14, /15], perturbed=True)
  (/25): BoundConv(name=/25, inputs=[/input-4, /16, /17], perturbed=True)
  (/26): BoundAdd(name=/26, inputs=[/24, /25], perturbed=True)
  (/27): BoundRelu(name=/27, inputs=[/26], perturbed=True)
  (/28): BoundSplit(name=/28, inputs=[/shape], perturbed=False)
  (/29): BoundSplit(name=/29, inputs=[/shape], perturbed=False)
  (/30): BoundConstant(name=/30, value=tensor([0], device='cuda:0'))
  (/31): BoundSqueeze(name=/31, inputs=[/28, /30], perturbed=False)
  (/32): BoundConstant(name=/32, value=tensor([0], device='cuda:0'))
  (/33): BoundSqueeze(name=/33, inputs=[/29, /32], perturbed=False)
  (/34): BoundConstant(name=/34, value=tensor([0], device='cuda:0'))
  (/35): BoundUnsqueeze(name=/35, inputs=[/31, /34], perturbed=False)
  (/36): BoundConstant(name=/36, value=tensor([0], device='cuda:0'))
  (/37): BoundUnsqueeze(name=/37, inputs=[/33, /36], perturbed=False)
  (/38): BoundConcat(name=/38, inputs=[/35, /37], perturbed=False)
  (/39): BoundReshape(name=/39, inputs=[/27, /38], perturbed=True)
  (/input-8): BoundLinear(name=/input-8, inputs=[/39, /18, /19], perturbed=True)
  (/41): BoundRelu(name=/41, inputs=[/input-8], perturbed=True)
  (/42): BoundLinear(name=/42, inputs=[/41, /20, /21], perturbed=True)
)
Original output in the first batch: tensor([[-0.51818854, -5.29885626, -0.67026603,  3.93763208,  1.77482486,
          1.43840575, -5.72659492, 11.47263718, -0.30722359,  5.09710073]],
       device='cuda:0')
Split layers:
Nonlinear functions:
   BoundRelu(name=/input-4, inputs=[/input], perturbed=True)
   BoundRelu(name=/27, inputs=[/26], perturbed=True)
   BoundRelu(name=/41, inputs=[/input-8], perturbed=True)
build batch [1/1]
layer /input-4 using sparse-features alpha with shape [1519]; unstable size 1519; total size 6272 ([1, 8, 28, 28])
layer /input-4 start_node /26 using sparse-spec alpha [2, 6, 1, 1519] with unstable size 5 total_size 8 output_shape 8
layer /input-4 start_node /input-8 using sparse-spec alpha [2, 16, 1, 1519] with unstable size 15 total_size 64 output_shape torch.Size([64])
layer /input-4 start_node /42 using full alpha [2, 9, 1, 1519] with unstable size None total_size 9 output_shape 9
layer /27 using sparse-features alpha with shape [2110]; unstable size 2110; total size 6272 ([1, 8, 28, 28])
layer /27 start_node /input-8 using sparse-spec alpha [2, 16, 1, 2110] with unstable size 15 total_size 64 output_shape torch.Size([64])
layer /27 start_node /42 using full alpha [2, 9, 1, 2110] with unstable size None total_size 9 output_shape 9
layer /41 using sparse-features alpha with shape [15]; unstable size 15; total size 64 ([1, 64])
layer /41 start_node /42 using full alpha [2, 9, 1, 15] with unstable size None total_size 9 output_shape 9
Optimizable variables initialized.
initial CROWN bounds (first 10 items): [5.450113773345947, 10.35195541381836, 5.003351211547852, 2.3763270378112793, 4.800886154174805, 4.336333274841309, 8.899930953979492, 5.691235065460205, 2.312366485595703]
Verified with initial CROWN!
verified with init bound!
Result: safe-incomplete in 0.9997 seconds

 %%%%%%%%%%%%%%%%%%%%%%%%%%%%%%%%%%% idx: 1, vnnlib ID: 1 %%%%%%%%%%%%%%%%%%%%%%%%%%%%%%%%%%%
Finished vnnlib processing in 0.001302 seconds
Model: BoundedModule(
  (/input-1): BoundInput(name=/input-1, inputs=[], perturbed=True)
  (/shape): BoundBuffers(name=/shape, inputs=[], perturbed=False)
  (/12): BoundParams(name=/12, inputs=[], perturbed=False)
  (/13): BoundParams(name=/13, inputs=[], perturbed=False)
  (/14): BoundParams(name=/14, inputs=[], perturbed=False)
  (/15): BoundParams(name=/15, inputs=[], perturbed=False)
  (/16): BoundParams(name=/16, inputs=[], perturbed=False)
  (/17): BoundParams(name=/17, inputs=[], perturbed=False)
  (/18): BoundParams(name=/18, inputs=[], perturbed=False)
  (/19): BoundParams(name=/19, inputs=[], perturbed=False)
  (/20): BoundParams(name=/20, inputs=[], perturbed=False)
  (/21): BoundParams(name=/21, inputs=[], perturbed=False)
  (/input): BoundConv(name=/input, inputs=[/input-1, /12, /13], perturbed=True)
  (/input-4): BoundRelu(name=/input-4, inputs=[/input], perturbed=True)
  (/24): BoundConv(name=/24, inputs=[/input-4, /14, /15], perturbed=True)
  (/25): BoundConv(name=/25, inputs=[/input-4, /16, /17], perturbed=True)
  (/26): BoundAdd(name=/26, inputs=[/24, /25], perturbed=True)
  (/27): BoundRelu(name=/27, inputs=[/26], perturbed=True)
  (/28): BoundSplit(name=/28, inputs=[/shape], perturbed=False)
  (/29): BoundSplit(name=/29, inputs=[/shape], perturbed=False)
  (/30): BoundConstant(name=/30, value=tensor([0], device='cuda:0'))
  (/31): BoundSqueeze(name=/31, inputs=[/28, /30], perturbed=False)
  (/32): BoundConstant(name=/32, value=tensor([0], device='cuda:0'))
  (/33): BoundSqueeze(name=/33, inputs=[/29, /32], perturbed=False)
  (/34): BoundConstant(name=/34, value=tensor([0], device='cuda:0'))
  (/35): BoundUnsqueeze(name=/35, inputs=[/31, /34], perturbed=False)
  (/36): BoundConstant(name=/36, value=tensor([0], device='cuda:0'))
  (/37): BoundUnsqueeze(name=/37, inputs=[/33, /36], perturbed=False)
  (/38): BoundConcat(name=/38, inputs=[/35, /37], perturbed=False)
  (/39): BoundReshape(name=/39, inputs=[/27, /38], perturbed=True)
  (/input-8): BoundLinear(name=/input-8, inputs=[/39, /18, /19], perturbed=True)
  (/41): BoundRelu(name=/41, inputs=[/input-8], perturbed=True)
  (/42): BoundLinear(name=/42, inputs=[/41, /20, /21], perturbed=True)
)
Original output in the first batch: tensor([[ 2.39697909, -3.40589261,  8.44154739,  1.25479317, -4.92703009,
          3.14737725,  4.14441681, -6.58302593,  1.36930418, -7.11728144]],
       device='cuda:0')
Split layers:
Nonlinear functions:
   BoundRelu(name=/input-4, inputs=[/input], perturbed=True)
   BoundRelu(name=/27, inputs=[/26], perturbed=True)
   BoundRelu(name=/41, inputs=[/input-8], perturbed=True)
build batch [1/1]
layer /input-4 using sparse-features alpha with shape [1446]; unstable size 1446; total size 6272 ([1, 8, 28, 28])
layer /input-4 start_node /26 using sparse-spec alpha [2, 6, 1, 1446] with unstable size 5 total_size 8 output_shape 8
layer /input-4 start_node /input-8 using sparse-spec alpha [2, 6, 1, 1446] with unstable size 5 total_size 64 output_shape torch.Size([64])
layer /input-4 start_node /42 using full alpha [2, 9, 1, 1446] with unstable size None total_size 9 output_shape 9
layer /27 using sparse-features alpha with shape [1807]; unstable size 1807; total size 6272 ([1, 8, 28, 28])
layer /27 start_node /input-8 using sparse-spec alpha [2, 6, 1, 1807] with unstable size 5 total_size 64 output_shape torch.Size([64])
layer /27 start_node /42 using full alpha [2, 9, 1, 1807] with unstable size None total_size 9 output_shape 9
layer /41 using sparse-features alpha with shape [5]; unstable size 5; total size 64 ([1, 64])
layer /41 start_node /42 using full alpha [2, 9, 1, 5] with unstable size None total_size 9 output_shape 9
Optimizable variables initialized.
initial CROWN bounds (first 10 items): [0.823125958442688, 6.548270225524902, 2.423210382461548, 8.453779220581055, -0.07873797416687012, -0.9741687774658203, 9.673555374145508, 1.6778355836868286, 9.744489669799805]
prune_after_crown optimization in use
  original spec size = torch.Size([1, 9])
  pruned spec size = torch.Size([1, 2])
Using alpha-CROWN to initialize bounds.
best_l after optimization: -0.509113073348999
alpha/beta optimization time: 2.055225372314453
initial alpha-crown bounds (first 10 items): [0.1663978099822998, -0.6755108833312988]
Global lower bound: -0.6755108833312988
8 / 9 OR specs are verified.
Verified OR indices (first 10 items): [0, 1, 2, 3, 4, 6, 7, 8]
Verified OR lbs (first 10 items): [[inf], [inf], [inf], [inf], [0.1663978099822998], [inf], [inf], [inf]]
Unverified OR indices (first 10 items): [5]
Unverified OR lbs (first 10 items): [[-0.6755108833312988]]
###### Verifying property Instance 1 ######
Batch size: 1
First 10 spec matrices
C: tensor([[[ 0.,  0.,  1.,  0.,  0.,  0., -1.,  0.,  0.,  0.]]], device='cuda:0')
RHS: tensor([[0.]], device='cuda:0')
OR spec sizes: tensor([1], device='cuda:0', dtype=torch.int32)
Remaining timeout: 57.723995208740234
Model prediction is: tensor([ 2.39697909, -3.40589261,  8.44154739,  1.25479317, -4.92703009,
         3.14737725,  4.14441681, -6.58302593,  1.36930418, -7.11728144],
       device='cuda:0')
Activation BaB batch 1/1 
build_with_refined_bounds batch [1/1]
Optimizable variables initialized.
all alpha initialized
directly get lb and ub from refined bounds
c shape: torch.Size([1, 1, 10])
lA shapes: [torch.Size([1, 1, 8, 28, 28]), torch.Size([1, 1, 8, 28, 28]), torch.Size([1, 1, 64])]
(alpha-)CROWN with fixed intermediate bounds: tensor([[-0.67551088]], device='cuda:0') tensor([[inf]], device='cuda:0')
Intermediate layers: /input,/26,/input-8
Keeping alphas for these layers: ['/42']
Node /input-4 input 0: size torch.Size([8, 28, 28]) unstable 1446
Node /27 input 0: size torch.Size([8, 28, 28]) unstable 1803
Node /41 input 0: size torch.Size([64]) unstable 5
-----------------
# of unstable neurons: 3254
-----------------

BaB round 1
batch: 1
splitting decisions: 
split level 0: [/input, 4980] 
split level 1: [/26, 3268] 
split level 2: [/input, 4953] 
split level 3: [/26, 6077] 
split level 4: [/input, 3150] 
split level 5: [/input, 3147] 
split level 6: [/input, 184] 
best_l after optimization: -81.71365356445312
beta sum per layer: [143.3695068359375, 40.48419189453125, 0.0]
alpha/beta optimization time: 0.21727514266967773
pruning_in_iteration open status: False
ratio of positive domain = 0 / 128 = 0.0
pruning-in-iteration extra time: 5.269050598144531e-05
Time: pickout 0.0012    branching_decision 0.0001    decision 0.0001    set_bounds 0.0091    prepare 0.0020    transfer 0.0000    finalize 0.0224    func 0.2470    
Accumulated time: bab_iteration 0.0000    pickout 0.0012    decision 0.0001    branching_decision 0.0001    set_bounds 0.0091    solve 0.0000    func 0.2470    prepare 0.0020    transfer 0.0000    finalize 0.0224    
max lb -0.6060967445373535 min lb -0.6740157604217529
Number of Verified Splits: 0 of 128
Current worst splitting domains lb-rhs (depth):
-0.67402 (7), -0.67390 (7), -0.66761 (7), -0.66750 (7), -0.66621 (7), -0.66619 (7), -0.66615 (7), -0.66603 (7), -0.66369 (7), -0.66358 (7), -0.66270 (7), -0.66259 (7), -0.66119 (7), -0.66113 (7), -0.66100 (7), -0.66094 (7), -0.65877 (7), -0.65867 (7), -0.65849 (7), -0.65837 (7), 
Current (lb-rhs): -0.6740157604217529
128 domains visited
Length of domains: 128
Cumulative time: 0.43189334869384766

BaB round 2
batch: 128
splitting decisions: 
split level 0: [/26, 244] [/input, 5862] [/input, 5009] [/input, 4832] [/input, 5475] [/input, 5414] [/input, 5005] [/input, 6141] [/26, 5541] [/input, 1390] 
best_l after optimization: -160.2628173828125
beta sum per layer: [274.33441162109375, 198.02444458007812, 0.0]
alpha/beta optimization time: 0.13901066780090332
pruning_in_iteration open status: False
ratio of positive domain = 0 / 256 = 0.0
pruning-in-iteration extra time: 5.435943603515625e-05
Time: pickout 0.0144    branching_decision 0.0001    decision 0.0001    set_bounds 0.0060    prepare 0.0057    transfer 0.0000    finalize 0.0120    func 0.1620    solve 0.2471    add 0.1366    bab_iteration 0.3991    
Accumulated time: bab_iteration 0.3991    pickout 0.0156    decision 0.0002    branching_decision 0.0002    set_bounds 0.0151    solve 0.2471    func 0.4090    prepare 0.0078    transfer 0.0001    finalize 0.0344    add 0.1366    
max lb -0.49506187438964844 min lb -0.6738753318786621
Number of Verified Splits: 0 of 256
Current worst splitting domains lb-rhs (depth):
-0.67388 (8), -0.67362 (8), -0.66758 (8), -0.66751 (8), -0.66746 (8), -0.66744 (8), -0.66605 (8), -0.66604 (8), -0.66603 (8), -0.66600 (8), -0.66532 (8), -0.66364 (8), -0.66352 (8), -0.66256 (8), -0.66226 (8), -0.65963 (8), -0.65962 (8), -0.65956 (8), -0.65948 (8), -0.65946 (8), 
Current (lb-rhs): -0.6738753318786621
384 domains visited
Length of domains: 256
Cumulative time: 0.616706371307373

BaB round 3
batch: 256
splitting decisions: 
split level 0: [/input, 3015] [/26, 358] [/26, 2284] [/26, 200] [/input, 5399] [/input, 3271] [/input, 5465] [/input, 5436] [/26, 1579] [/26, 6225] 
best_l after optimization: -315.584228515625
beta sum per layer: [591.9990844726562, 480.93231201171875, 0.0]
alpha/beta optimization time: 0.14180421829223633
pruning_in_iteration open status: False
ratio of positive domain = 0 / 512 = 0.0
pruning-in-iteration extra time: 5.245208740234375e-05
Time: pickout 0.0219    branching_decision 0.0001    decision 0.0001    set_bounds 0.0112    prepare 0.0109    transfer 0.0000    finalize 0.0218    func 0.1816    solve 0.1620    add 0.0021    bab_iteration 0.1848    
Accumulated time: bab_iteration 0.5839    pickout 0.0376    decision 0.0004    branching_decision 0.0003    set_bounds 0.0264    solve 0.4091    func 0.5906    prepare 0.0186    transfer 0.0001    finalize 0.0561    add 0.1386    
max lb -0.42285823822021484 min lb -0.6738815307617188
Number of Verified Splits: 0 of 512
Current worst splitting domains lb-rhs (depth):
-0.67388 (9), -0.67387 (9), -0.67361 (9), -0.67354 (9), -0.66751 (9), -0.66750 (9), -0.66742 (9), -0.66710 (9), -0.66603 (9), -0.66599 (9), -0.66593 (9), -0.66589 (9), -0.66548 (9), -0.66520 (9), -0.66406 (9), -0.66374 (9), -0.66357 (9), -0.66347 (9), -0.66340 (9), -0.66254 (9), 
Current (lb-rhs): -0.6738753318786621
896 domains visited
Length of domains: 512
Cumulative time: 0.8356006145477295

BaB round 4
batch: 512
splitting decisions: 
split level 0: [/26, 620] [/26, 6052] [/input, 4866] [/26, 730] [/26, 80] [/26, 19] [/26, 424] [/26, 3781] [/26, 449] [/input, 3871] 
best_l after optimization: -622.914794921875
beta sum per layer: [1285.4444580078125, 1065.762939453125, 0.0]
alpha/beta optimization time: 0.1946253776550293
pruning_in_iteration open status: False
ratio of positive domain = 0 / 1024 = 0.0
pruning-in-iteration extra time: 5.4836273193359375e-05
Time: pickout 0.0426    branching_decision 0.0002    decision 0.0002    set_bounds 0.0230    prepare 0.0215    transfer 0.0000    finalize 0.0445    func 0.2711    solve 0.1816    add 0.0037    bab_iteration 0.2189    
Accumulated time: bab_iteration 0.8028    pickout 0.0801    decision 0.0006    branching_decision 0.0005    set_bounds 0.0494    solve 0.5907    func 0.8617    prepare 0.0401    transfer 0.0002    finalize 0.1006    add 0.1424    
max lb -0.40036511421203613 min lb -0.6738746166229248
Number of Verified Splits: 0 of 1024
Current worst splitting domains lb-rhs (depth):
-0.67387 (10), -0.67382 (10), -0.67353 (10), -0.67349 (10), -0.67279 (10), -0.67171 (10), -0.67126 (10), -0.66751 (10), -0.66751 (10), -0.66742 (10), -0.66726 (10), -0.66710 (10), -0.66709 (10), -0.66615 (10), -0.66599 (10), -0.66597 (10), -0.66597 (10), -0.66593 (10), -0.66593 (10), -0.66589 (10), 
Current (lb-rhs): -0.6738746166229248
1920 domains visited
Length of domains: 1024
Cumulative time: 1.1790220737457275

BaB round 5
batch: 1024
splitting decisions: 
split level 0: [/input, 6129] [/input, 6075] [/26, 2073] [/input, 3169] [/input, 3399] [/input, 5719] [/input, 3196] [/26, 1882] [/input, 4747] [/26, 3880] 
best_l after optimization: -1226.662109375
beta sum per layer: [2781.4052734375, 2363.713134765625, 0.0]
alpha/beta optimization time: 0.31860995292663574
pruning_in_iteration open status: False
ratio of positive domain = 0 / 2048 = 0.0
pruning-in-iteration extra time: 5.8650970458984375e-05
Time: pickout 0.0837    branching_decision 0.0003    decision 0.0004    set_bounds 0.0451    prepare 0.0436    transfer 0.0000    finalize 0.0915    func 0.4707    solve 0.2712    add 0.0061    bab_iteration 0.3434    
Accumulated time: bab_iteration 1.1463    pickout 0.1638    decision 0.0009    branching_decision 0.0008    set_bounds 0.0945    solve 0.8619    func 1.3324    prepare 0.0837    transfer 0.0002    finalize 0.1921    add 0.1485    
max lb -0.29784250259399414 min lb -0.673865556716919
Number of Verified Splits: 0 of 2048
Current worst splitting domains lb-rhs (depth):
-0.67387 (11), -0.67381 (11), -0.67378 (11), -0.67367 (11), -0.67353 (11), -0.67332 (11), -0.67282 (11), -0.67274 (11), -0.67171 (11), -0.67166 (11), -0.67115 (11), -0.66817 (11), -0.66751 (11), -0.66750 (11), -0.66742 (11), -0.66738 (11), -0.66725 (11), -0.66725 (11), -0.66710 (11), -0.66709 (11), 
Current (lb-rhs): -0.673865556716919
3968 domains visited
Length of domains: 2048
Cumulative time: 1.7944235801696777

BaB round 6
batch: 2048
splitting decisions: 
split level 0: [/input, 5373] [/26, 1897] [/26, 3498] [/input, 4817] [/26, 533] [/input, 2994] [/input, 2994] [/input, 4794] [/26, 3833] [/input, 232] 
best_l after optimization: -2415.170166015625
beta sum per layer: [6006.0927734375, 5218.40966796875, 0.492629736661911]
alpha/beta optimization time: 0.7479376792907715
pruning_in_iteration open status: False
ratio of positive domain = 1 / 4096 = 0.000244140625
pruning-in-iteration extra time: 5.793571472167969e-05
Time: pickout 0.1696    branching_decision 0.0006    decision 0.0006    set_bounds 0.0911    prepare 0.0893    transfer 0.0001    finalize 0.3112    func 1.1825    solve 0.4707    add 0.0152    bab_iteration 0.6154    
Accumulated time: bab_iteration 1.7617    pickout 0.3334    decision 0.0015    branching_decision 0.0014    set_bounds 0.1855    solve 1.3326    func 2.5149    prepare 0.1730    transfer 0.0003    finalize 0.5033    add 0.1636    
max lb 0.3070814609527588 min lb -0.6737940311431885
Number of Verified Splits: 1 of 4096
Current worst splitting domains lb-rhs (depth):
-0.67379 (12), -0.67379 (12), -0.67369 (12), -0.67367 (12), -0.67351 (12), -0.67340 (12), -0.67332 (12), -0.67274 (12), -0.67274 (12), -0.67252 (12), -0.67161 (12), -0.67148 (12), -0.67122 (12), -0.67105 (12), -0.67102 (12), -0.67044 (12), -0.66929 (12), -0.66872 (12), -0.66742 (12), -0.66742 (12), 
Current (lb-rhs): -0.6737940311431885
8064 domains visited
Length of domains: 4095
current_vram/total_varm: 7.2GB/47.7GB, batch_size increase to 4096
Cumulative time: 3.2603890895843506

BaB round 7
batch: 4095
splitting decisions: 
split level 0: [/26, 1894] [/input, 5560] [/26, 3629] [/input, 3212] [/26, 2104] [/26, 1932] [/26, 1867] [/26, 3299] [/input, 3634] [/input, 5387] 
best_l after optimization: -4750.953125
beta sum per layer: [12981.20703125, 11434.890625, 2.204421043395996]
alpha/beta optimization time: 1.4189674854278564
pruning_in_iteration open status: False
ratio of positive domain = 6 / 8190 = 0.00073260073260073
pruning-in-iteration extra time: 6.914138793945312e-05
Time: pickout 0.3403    branching_decision 0.0011    decision 0.0012    set_bounds 0.1802    prepare 0.1807    transfer 0.0001    finalize 0.3315    func 2.1911    solve 1.1826    add 0.0210    bab_iteration 1.4660    
Accumulated time: bab_iteration 3.2276    pickout 0.6737    decision 0.0027    branching_decision 0.0025    set_bounds 0.3658    solve 2.5152    func 4.7060    prepare 0.3537    transfer 0.0004    finalize 0.8348    add 0.1846    
max lb 0.5227742195129395 min lb -0.6737918853759766
Number of Verified Splits: 6 of 8190
Current worst splitting domains lb-rhs (depth):
-0.67379 (13), -0.67372 (13), -0.67369 (13), -0.67367 (13), -0.67345 (13), -0.67337 (13), -0.67332 (13), -0.67332 (13), -0.67332 (13), -0.67274 (13), -0.67221 (13), -0.67214 (13), -0.67150 (13), -0.67148 (13), -0.67146 (13), -0.67137 (13), -0.67133 (13), -0.67109 (13), -0.67098 (13), -0.67098 (13), 
Current (lb-rhs): -0.6737918853759766
16254 domains visited
Length of domains: 8184
Cumulative time: 6.012507677078247

BaB round 8
batch: 4096
splitting decisions: 
split level 0: [/26, 2013] [/input, 3488] [/26, 2418] [/26, 3224] [/input, 6083] [/26, 1933] [/input, 3196] [/input, 3850] [/input, 3828] [/26, 37] 
best_l after optimization: -4630.1962890625
beta sum per layer: [14185.375, 13092.2314453125, 2.2137632369995117]
alpha/beta optimization time: 1.4229199886322021
pruning_in_iteration open status: False
ratio of positive domain = 5 / 8192 = 0.0006103515625
pruning-in-iteration extra time: 6.628036499023438e-05
Time: pickout 0.3371    branching_decision 0.0012    decision 0.0014    set_bounds 0.3442    prepare 0.1903    transfer 0.0001    finalize 0.3433    func 2.0318    solve 2.1911    add 0.0376    bab_iteration 2.7521    
Accumulated time: bab_iteration 5.9797    pickout 1.0108    decision 0.0040    branching_decision 0.0038    set_bounds 0.7099    solve 4.7063    func 6.7378    prepare 0.5440    transfer 0.0005    finalize 1.1781    add 0.2222    
max lb 0.5762434005737305 min lb -0.6737985610961914
Number of Verified Splits: 5 of 8192
Current worst splitting domains lb-rhs (depth):
-0.67379 (14), -0.67379 (14), -0.67372 (13), -0.67369 (13), -0.67367 (13), -0.67345 (13), -0.67335 (14), -0.67332 (13), -0.67332 (13), -0.67274 (13), -0.67253 (14), -0.67214 (13), -0.67187 (14), -0.67148 (13), -0.67135 (14), -0.67135 (14), -0.67134 (14), -0.67133 (13), -0.67114 (14), -0.67112 (14), 
Current (lb-rhs): -0.6737918853759766
24446 domains visited
Length of domains: 12275
current_vram/total_varm: 14.6GB/47.7GB, batch_size increase to 8192
Cumulative time: 8.784475803375244

BaB round 9
batch: 8192
splitting decisions: 
split level 0: [/input, 5075] [/26, 5723] [/input, 3834] [/input, 5144] [/input, 3440] [/26, 3757] [/26, 5769] [/26, 1783] [/26, 5575] [/input, 2976] 
best_l after optimization: -9096.599609375
beta sum per layer: [30568.107421875, 28593.03515625, 6.861652374267578]
alpha/beta optimization time: 2.81083083152771
pruning_in_iteration open status: False
ratio of positive domain = 15 / 16384 = 0.00091552734375
pruning-in-iteration extra time: 5.936622619628906e-05
Time: pickout 0.8837    branching_decision 0.0020    decision 0.0021    set_bounds 0.3603    prepare 0.3670    transfer 0.0002    finalize 1.0084    func 4.3179    solve 2.0318    add 0.0556    bab_iteration 2.7720    
Accumulated time: bab_iteration 8.7517    pickout 1.8945    decision 0.0061    branching_decision 0.0058    set_bounds 1.0702    solve 6.7382    func 11.0556    prepare 0.9111    transfer 0.0007    finalize 2.1865    add 0.2778    
max lb 0.6189563274383545 min lb -0.6737987995147705
Number of Verified Splits: 15 of 16384
Current worst splitting domains lb-rhs (depth):
-0.67379 (15), -0.67379 (15), -0.67377 (15), -0.67372 (13), -0.67369 (13), -0.67367 (13), -0.67345 (13), -0.67332 (13), -0.67332 (13), -0.67324 (15), -0.67303 (15), -0.67274 (13), -0.67253 (15), -0.67214 (13), -0.67148 (13), -0.67139 (15), -0.67133 (13), -0.67133 (15), -0.67119 (15), -0.67117 (15), 
Current (lb-rhs): -0.6737918853759766
40830 domains visited
Length of domains: 20452
Cumulative time: 14.701327323913574

BaB round 10
batch: 8192
splitting decisions: 
split level 0: [/26, 1923] [/26, 1877] [/input, 3852] [/input, 3239] [/26, 5897] [/26, 1684] [/26, 3301] [/input, 158] [/input, 4903] [/26, 2313] 
best_l after optimization: -8851.662109375
beta sum per layer: [33200.625, 32251.23828125, 1.5480167865753174]
alpha/beta optimization time: 2.8030669689178467
pruning_in_iteration open status: False
ratio of positive domain = 5 / 16384 = 0.00030517578125
pruning-in-iteration extra time: 0.00010395050048828125
Time: pickout 0.9138    branching_decision 0.0020    decision 0.0020    set_bounds 0.3595    prepare 0.3687    transfer 0.0001    finalize 0.9038    func 4.1937    solve 4.3179    add 0.3485    bab_iteration 5.9168    
Accumulated time: bab_iteration 14.6685    pickout 2.8083    decision 0.0081    branching_decision 0.0078    set_bounds 1.4297    solve 11.0561    func 15.2494    prepare 1.2798    transfer 0.0008    finalize 3.0903    add 0.6263    
max lb 0.5895042419433594 min lb -0.6737987995147705
Number of Verified Splits: 5 of 16384
Current worst splitting domains lb-rhs (depth):
-0.67379 (15), -0.67379 (16), -0.67377 (15), -0.67372 (13), -0.67369 (13), -0.67367 (13), -0.67345 (13), -0.67332 (13), -0.67332 (13), -0.67324 (15), -0.67275 (16), -0.67274 (13), -0.67253 (16), -0.67214 (13), -0.67148 (13), -0.67139 (15), -0.67133 (15), -0.67133 (13), -0.67119 (15), -0.67109 (13), 
Current (lb-rhs): -0.6737918853759766
57214 domains visited
Length of domains: 28639
Cumulative time: 20.306411743164062

BaB round 11
batch: 8192
splitting decisions: 
split level 0: [/input, 5001] [/26, 164] [/26, 1826] [/input, 5415] [/26, 5903] [/26, 5545] [/input, 3604] [/input, 3549] [/input, 3833] [/input, 4721] 
best_l after optimization: -8594.67578125
beta sum per layer: [35922.2734375, 36078.17578125, 2.058260440826416]
alpha/beta optimization time: 2.8061208724975586
pruning_in_iteration open status: False
ratio of positive domain = 5 / 16384 = 0.00030517578125
pruning-in-iteration extra time: 8.559226989746094e-05
Time: pickout 0.7364    branching_decision 0.0019    decision 0.0019    set_bounds 0.5906    prepare 0.3803    transfer 0.0001    finalize 0.7314    func 4.0441    solve 4.1938    add 0.1231    bab_iteration 5.6051    
Accumulated time: bab_iteration 20.2736    pickout 3.5447    decision 0.0100    branching_decision 0.0097    set_bounds 2.0202    solve 15.2499    func 19.2934    prepare 1.6601    transfer 0.0009    finalize 3.8216    add 0.7494    
max lb 0.5987937450408936 min lb -0.6737987995147705
Number of Verified Splits: 5 of 16384
Current worst splitting domains lb-rhs (depth):
-0.67379 (17), -0.67379 (15), -0.67377 (15), -0.67374 (17), -0.67372 (13), -0.67369 (13), -0.67367 (13), -0.67345 (13), -0.67332 (13), -0.67332 (13), -0.67324 (15), -0.67275 (16), -0.67274 (13), -0.67253 (17), -0.67253 (17), -0.67214 (13), -0.67148 (13), -0.67139 (15), -0.67133 (15), -0.67133 (13), 
Current (lb-rhs): -0.6737918853759766
73598 domains visited
Length of domains: 36826
Cumulative time: 26.551389694213867

BaB round 12
batch: 8192
splitting decisions: 
split level 0: [/input, 4901] [/26, 3894] [/input, 5840] [/input, 1413] [/26, 5537] [/input, 4822] [/26, 505] [/input, 3585] [/input, 3520] [/26, 5746] 
best_l after optimization: -8326.8798828125
beta sum per layer: [38981.57421875, 39964.51953125, 4.165278911590576]
alpha/beta optimization time: 2.804447889328003
pruning_in_iteration open status: False
ratio of positive domain = 13 / 16384 = 0.00079345703125
pruning-in-iteration extra time: 9.322166442871094e-05
Time: pickout 0.7401    branching_decision 0.0020    decision 0.0020    set_bounds 0.3621    prepare 0.3790    transfer 0.0001    finalize 1.0052    func 4.3111    solve 4.0441    add 0.8102    bab_iteration 6.2450    
Accumulated time: bab_iteration 26.5186    pickout 4.2848    decision 0.0120    branching_decision 0.0117    set_bounds 2.3824    solve 19.2941    func 23.6046    prepare 2.0391    transfer 0.0010    finalize 4.8269    add 1.5596    
max lb 0.6253180503845215 min lb -0.6737987995147705
Number of Verified Splits: 13 of 16384
Current worst splitting domains lb-rhs (depth):
-0.67379 (15), -0.67379 (18), -0.67377 (15), -0.67374 (17), -0.67372 (13), -0.67369 (13), -0.67367 (13), -0.67345 (13), -0.67332 (13), -0.67332 (13), -0.67324 (15), -0.67275 (16), -0.67274 (13), -0.67253 (17), -0.67244 (18), -0.67239 (18), -0.67214 (13), -0.67148 (13), -0.67139 (15), -0.67133 (15), 
Current (lb-rhs): -0.6737918853759766
89982 domains visited
Length of domains: 45005
Cumulative time: 32.254050970077515

BaB round 13
batch: 8192
splitting decisions: 
split level 0: [/input, 5043] [/input, 5020] [/input, 5261] [/26, 2132] [/input, 5211] [/26, 3828] [/input, 5380] [/26, 4] [/input, 3633] [/26, 51] 
best_l after optimization: -8064.3505859375
beta sum per layer: [42316.59375, 43954.46484375, 3.676133632659912]
alpha/beta optimization time: 2.805924415588379
pruning_in_iteration open status: False
ratio of positive domain = 20 / 16384 = 0.001220703125
pruning-in-iteration extra time: 6.556510925292969e-05
Time: pickout 0.7351    branching_decision 0.0020    decision 0.0020    set_bounds 0.7319    prepare 0.3853    transfer 0.0001    finalize 0.7175    func 4.0308    solve 4.3112    add 0.2311    bab_iteration 5.7027    
Accumulated time: bab_iteration 32.2212    pickout 5.0199    decision 0.0140    branching_decision 0.0136    set_bounds 3.1143    solve 23.6052    func 27.6354    prepare 2.4243    transfer 0.0011    finalize 5.5444    add 1.7907    
max lb 0.5766880512237549 min lb -0.6721973419189453
Number of Verified Splits: 20 of 16384
Current worst splitting domains lb-rhs (depth):
-0.67379 (15), -0.67379 (18), -0.67377 (15), -0.67374 (17), -0.67372 (13), -0.67369 (13), -0.67367 (13), -0.67345 (13), -0.67332 (13), -0.67332 (13), -0.67324 (15), -0.67275 (16), -0.67274 (13), -0.67253 (17), -0.67244 (18), -0.67220 (19), -0.67214 (13), -0.67148 (13), -0.67139 (15), -0.67133 (13), 
Current (lb-rhs): -0.6737918853759766
106366 domains visited
Length of domains: 53177
Cumulative time: 37.953184843063354

BaB round 14
batch: 8192
splitting decisions: 
split level 0: [/input, 5366] [/26, 412] [/input, 5259] [/26, 3411] [/input, 5005] [/26, 201] [/input, 5113] [/input, 4981] [/input, 4918] [/input, 3420] 
best_l after optimization: -7804.22998046875
beta sum per layer: [45629.98828125, 48139.21875, 3.486515522003174]
alpha/beta optimization time: 2.8061094284057617
pruning_in_iteration open status: False
ratio of positive domain = 19 / 16384 = 0.00115966796875
pruning-in-iteration extra time: 6.67572021484375e-05
Time: pickout 0.7223    branching_decision 0.0019    decision 0.0019    set_bounds 0.7159    prepare 0.3795    transfer 0.0001    finalize 0.7245    func 4.0356    solve 4.0309    add 0.1926    bab_iteration 5.6991    
Accumulated time: bab_iteration 37.9204    pickout 5.7422    decision 0.0159    branching_decision 0.0155    set_bounds 3.8302    solve 27.6361    func 31.6710    prepare 2.8039    transfer 0.0012    finalize 6.2689    add 1.9833    
max lb 0.7061290740966797 min lb -0.6674904823303223
Number of Verified Splits: 19 of 16384
Current worst splitting domains lb-rhs (depth):
-0.67379 (18), -0.67379 (15), -0.67377 (15), -0.67374 (17), -0.67372 (13), -0.67369 (13), -0.67367 (13), -0.67345 (13), -0.67332 (13), -0.67332 (13), -0.67324 (15), -0.67275 (16), -0.67274 (13), -0.67253 (17), -0.67244 (18), -0.67220 (19), -0.67214 (13), -0.67148 (13), -0.67139 (15), -0.67133 (15), 
Current (lb-rhs): -0.6737918853759766
122750 domains visited
Length of domains: 61350
Cumulative time: 43.86747360229492

BaB round 15
batch: 8192
splitting decisions: 
split level 0: [/input, 5456] [/input, 5341] [/input, 4937] [/26, 337] [/input, 5290] [/26, 444] [/26, 5821] [/26, 773] [/input, 4966] [/26, 1812] 
best_l after optimization: -7547.39697265625
beta sum per layer: [49194.625, 52414.88671875, 2.8503386974334717]
alpha/beta optimization time: 2.8024864196777344
pruning_in_iteration open status: False
ratio of positive domain = 17 / 16384 = 0.00103759765625
pruning-in-iteration extra time: 6.747245788574219e-05
Time: pickout 0.7404    branching_decision 0.0019    decision 0.0020    set_bounds 0.7819    prepare 0.3795    transfer 0.0001    finalize 0.7304    func 4.0378    solve 4.0356    add 0.3821    bab_iteration 5.9143    
Accumulated time: bab_iteration 43.8347    pickout 6.4826    decision 0.0179    branching_decision 0.0175    set_bounds 4.6121    solve 31.6717    func 35.7087    prepare 3.1833    transfer 0.0013    finalize 6.9993    add 2.3655    
max lb 0.7053384780883789 min lb -0.6674606800079346
Number of Verified Splits: 17 of 16384
Current worst splitting domains lb-rhs (depth):
-0.67379 (18), -0.67379 (15), -0.67377 (15), -0.67374 (17), -0.67372 (13), -0.67369 (13), -0.67367 (13), -0.67345 (13), -0.67332 (13), -0.67332 (13), -0.67324 (15), -0.67275 (16), -0.67274 (13), -0.67253 (17), -0.67244 (18), -0.67220 (19), -0.67214 (13), -0.67148 (13), -0.67139 (15), -0.67133 (15), 
Current (lb-rhs): -0.6737918853759766
139134 domains visited
Length of domains: 69525
Cumulative time: 50.12000584602356

BaB round 16
batch: 8192
splitting decisions: 
split level 0: [/26, 1825] [/input, 5130] [/26, 2297] [/input, 2947] [/input, 579] [/26, 5731] [/26, 1581] [/26, 5563] [/26, 6226] [/input, 5086] 
best_l after optimization: -7289.2158203125
beta sum per layer: [52975.44921875, 56780.6015625, 1.5431759357452393]
alpha/beta optimization time: 2.8022584915161133
pruning_in_iteration open status: False
ratio of positive domain = 33 / 16384 = 0.00201416015625
pruning-in-iteration extra time: 6.937980651855469e-05
Time: pickout 0.7462    branching_decision 0.0019    decision 0.0019    set_bounds 0.8262    prepare 0.3788    transfer 0.0001    finalize 0.6975    func 3.9957    solve 4.0379    add 0.6280    bab_iteration 6.2525    
Accumulated time: bab_iteration 50.0872    pickout 7.2289    decision 0.0198    branching_decision 0.0194    set_bounds 5.4383    solve 35.7096    func 39.7044    prepare 3.5621    transfer 0.0014    finalize 7.6968    add 2.9935    
max lb 0.6351592540740967 min lb -0.6673686504364014
Number of Verified Splits: 33 of 16384
Current worst splitting domains lb-rhs (depth):
-0.67379 (18), -0.67379 (15), -0.67377 (15), -0.67374 (17), -0.67372 (13), -0.67369 (13), -0.67367 (13), -0.67345 (13), -0.67332 (13), -0.67332 (13), -0.67324 (15), -0.67275 (16), -0.67274 (13), -0.67253 (17), -0.67244 (18), -0.67220 (19), -0.67214 (13), -0.67148 (13), -0.67139 (15), -0.67133 (15), 
Current (lb-rhs): -0.6737918853759766
155518 domains visited
Length of domains: 77684
Cumulative time: 55.778746366500854

BaB round 17
batch: 8192
splitting decisions: 
split level 0: [/26, 109] [/input, 4917] [/26, 3727] [/26, 3785] [/input, 3188] [/input, 5019] [/26, 228] [/26, 760] [/26, 733] [/input, 1391] 
best_l after optimization: -7032.2529296875
beta sum per layer: [56799.7734375, 61052.4140625, 2.851301431655884]
alpha/beta optimization time: 2.8028817176818848
pruning_in_iteration open status: False
ratio of positive domain = 39 / 16384 = 0.00238037109375
pruning-in-iteration extra time: 5.817413330078125e-05
Time: pickout 0.7170    branching_decision 0.0019    decision 0.0019    set_bounds 0.3620    prepare 0.3702    transfer 0.0001    finalize 0.6955    func 4.4376    solve 3.9957    add 0.0796    bab_iteration 5.6587    
Accumulated time: bab_iteration 55.7459    pickout 7.9459    decision 0.0217    branching_decision 0.0212    set_bounds 5.8003    solve 39.7053    func 44.1420    prepare 3.9323    transfer 0.0015    finalize 8.3923    add 3.0731    
max lb 0.6071896553039551 min lb -0.6671850681304932
Number of Verified Splits: 42 of 16384
Current worst splitting domains lb-rhs (depth):
-0.67379 (18), -0.67379 (15), -0.67377 (15), -0.67374 (17), -0.67372 (13), -0.67369 (13), -0.67367 (13), -0.67345 (13), -0.67332 (13), -0.67332 (13), -0.67324 (15), -0.67275 (16), -0.67274 (13), -0.67253 (17), -0.67244 (18), -0.67220 (19), -0.67214 (13), -0.67148 (13), -0.67139 (15), -0.67133 (13), 
Current (lb-rhs): -0.6737918853759766
171902 domains visited
Length of domains: 85834
Time out!!!!!!!!
Result: unknown in 63.9738 seconds

 %%%%%%%%%%%%%%%%%%%%%%%%%%%%%%%%%%% idx: 2, vnnlib ID: 2 %%%%%%%%%%%%%%%%%%%%%%%%%%%%%%%%%%%
Finished vnnlib processing in 0.001638 seconds
Model: BoundedModule(
  (/input-1): BoundInput(name=/input-1, inputs=[], perturbed=True)
  (/shape): BoundBuffers(name=/shape, inputs=[], perturbed=False)
  (/12): BoundParams(name=/12, inputs=[], perturbed=False)
  (/13): BoundParams(name=/13, inputs=[], perturbed=False)
  (/14): BoundParams(name=/14, inputs=[], perturbed=False)
  (/15): BoundParams(name=/15, inputs=[], perturbed=False)
  (/16): BoundParams(name=/16, inputs=[], perturbed=False)
  (/17): BoundParams(name=/17, inputs=[], perturbed=False)
  (/18): BoundParams(name=/18, inputs=[], perturbed=False)
  (/19): BoundParams(name=/19, inputs=[], perturbed=False)
  (/20): BoundParams(name=/20, inputs=[], perturbed=False)
  (/21): BoundParams(name=/21, inputs=[], perturbed=False)
  (/input): BoundConv(name=/input, inputs=[/input-1, /12, /13], perturbed=True)
  (/input-4): BoundRelu(name=/input-4, inputs=[/input], perturbed=True)
  (/24): BoundConv(name=/24, inputs=[/input-4, /14, /15], perturbed=True)
  (/25): BoundConv(name=/25, inputs=[/input-4, /16, /17], perturbed=True)
  (/26): BoundAdd(name=/26, inputs=[/24, /25], perturbed=True)
  (/27): BoundRelu(name=/27, inputs=[/26], perturbed=True)
  (/28): BoundSplit(name=/28, inputs=[/shape], perturbed=False)
  (/29): BoundSplit(name=/29, inputs=[/shape], perturbed=False)
  (/30): BoundConstant(name=/30, value=tensor([0], device='cuda:0'))
  (/31): BoundSqueeze(name=/31, inputs=[/28, /30], perturbed=False)
  (/32): BoundConstant(name=/32, value=tensor([0], device='cuda:0'))
  (/33): BoundSqueeze(name=/33, inputs=[/29, /32], perturbed=False)
  (/34): BoundConstant(name=/34, value=tensor([0], device='cuda:0'))
  (/35): BoundUnsqueeze(name=/35, inputs=[/31, /34], perturbed=False)
  (/36): BoundConstant(name=/36, value=tensor([0], device='cuda:0'))
  (/37): BoundUnsqueeze(name=/37, inputs=[/33, /36], perturbed=False)
  (/38): BoundConcat(name=/38, inputs=[/35, /37], perturbed=False)
  (/39): BoundReshape(name=/39, inputs=[/27, /38], perturbed=True)
  (/input-8): BoundLinear(name=/input-8, inputs=[/39, /18, /19], perturbed=True)
  (/41): BoundRelu(name=/41, inputs=[/input-8], perturbed=True)
  (/42): BoundLinear(name=/42, inputs=[/41, /20, /21], perturbed=True)
)
Original output in the first batch: tensor([[-4.01014233,  4.31233358,  0.73387587, -0.85888243, -1.85305274,
         -0.55965620,  0.55245036, -0.92031461, -0.36660531, -2.92427611]],
       device='cuda:0')
Split layers:
Nonlinear functions:
   BoundRelu(name=/input-4, inputs=[/input], perturbed=True)
   BoundRelu(name=/27, inputs=[/26], perturbed=True)
   BoundRelu(name=/41, inputs=[/input-8], perturbed=True)
build batch [1/1]
layer /input-4 using sparse-features alpha with shape [1544]; unstable size 1544; total size 6272 ([1, 8, 28, 28])
layer /input-4 start_node /26 using sparse-spec alpha [2, 7, 1, 1544] with unstable size 6 total_size 8 output_shape 8
layer /input-4 start_node /input-8 using sparse-spec alpha [2, 20, 1, 1544] with unstable size 19 total_size 64 output_shape torch.Size([64])
layer /input-4 start_node /42 using full alpha [2, 9, 1, 1544] with unstable size None total_size 9 output_shape 9
layer /27 using sparse-features alpha with shape [2406]; unstable size 2406; total size 6272 ([1, 8, 28, 28])
layer /27 start_node /input-8 using sparse-spec alpha [2, 20, 1, 2406] with unstable size 19 total_size 64 output_shape torch.Size([64])
layer /27 start_node /42 using full alpha [2, 9, 1, 2406] with unstable size None total_size 9 output_shape 9
layer /41 using sparse-features alpha with shape [19]; unstable size 19; total size 64 ([1, 64])
layer /41 start_node /42 using full alpha [2, 9, 1, 19] with unstable size None total_size 9 output_shape 9
Optimizable variables initialized.
initial CROWN bounds (first 10 items): [0.6823850870132446, -2.600661516189575, -2.0639748573303223, 0.3250002861022949, -0.8832864761352539, -2.6282339096069336, -1.7581710815429688, -0.314228892326355, 0.419736385345459]
prune_after_crown optimization in use
  original spec size = torch.Size([1, 9])
  pruned spec size = torch.Size([1, 6])
Using alpha-CROWN to initialize bounds.
best_l after optimization: -8.435216903686523
alpha/beta optimization time: 2.6588399410247803
initial alpha-crown bounds (first 10 items): [-2.33492374420166, -1.718980073928833, -0.6403491497039795, -2.271597385406494, -1.40641450881958, -0.06295228004455566]
Global lower bound: -2.33492374420166
3 / 9 OR specs are verified.
Verified OR indices (first 10 items): [0, 3, 8]
Verified OR lbs (first 10 items): [[inf], [inf], [inf]]
Unverified OR indices (first 10 items): [1, 2, 4, 5, 6, 7]
Unverified OR lbs (first 10 items): [[-2.33492374420166], [-1.718980073928833], [-0.6403491497039795], [-2.271597385406494], [-1.40641450881958], [-0.06295228004455566]]
###### Verifying property Instance 2 ######
Batch size: 6
First 10 spec matrices
C: tensor([[[ 0.,  1., -1.,  0.,  0.,  0.,  0.,  0.,  0.,  0.]],

        [[ 0.,  1.,  0., -1.,  0.,  0.,  0.,  0.,  0.,  0.]],

        [[ 0.,  1.,  0.,  0.,  0., -1.,  0.,  0.,  0.,  0.]],

        [[ 0.,  1.,  0.,  0.,  0.,  0., -1.,  0.,  0.,  0.]],

        [[ 0.,  1.,  0.,  0.,  0.,  0.,  0., -1.,  0.,  0.]],

        [[ 0.,  1.,  0.,  0.,  0.,  0.,  0.,  0., -1.,  0.]]], device='cuda:0')
RHS: tensor([[0.],
        [0.],
        [0.],
        [0.],
        [0.],
        [0.]], device='cuda:0')
OR spec sizes: tensor([1, 1, 1, 1, 1, 1], device='cuda:0', dtype=torch.int32)
Remaining timeout: 56.85631227493286
Model prediction is: tensor([-4.01014233,  4.31233358,  0.73387587, -0.85888243, -1.85305274,
        -0.55965620,  0.55245036, -0.92031461, -0.36660531, -2.92427611],
       device='cuda:0')
Activation BaB batch 1/1 
build_with_refined_bounds batch [1/1]
Optimizable variables initialized.
all alpha initialized
directly get lb and ub from refined bounds
c shape: torch.Size([6, 1, 10])
lA shapes: [torch.Size([6, 1, 8, 28, 28]), torch.Size([6, 1, 8, 28, 28]), torch.Size([6, 1, 64])]
(alpha-)CROWN with fixed intermediate bounds: tensor([[-2.33492374],
        [-1.71898007],
        [-0.64034915],
        [-2.27159739],
        [-1.40641451],
        [-0.06295228]], device='cuda:0') tensor([[inf],
        [inf],
        [inf],
        [inf],
        [inf],
        [inf]], device='cuda:0')
Intermediate layers: /input,/26,/input-8
Keeping alphas for these layers: ['/42']
Node /input-4 input 0: size torch.Size([8, 28, 28]) unstable 1544
Node /27 input 0: size torch.Size([8, 28, 28]) unstable 2401
Node /41 input 0: size torch.Size([64]) unstable 19
-----------------
# of unstable neurons: 3964
-----------------

BaB round 1
batch: 6
splitting decisions: 
split level 0: [/input, 5117] [/input, 3528] [/26, 2314] [/26, 1767] [/26, 5692] [/26, 3435] 
split level 1: [/input, 5261] [/26, 37] [/26, 2090] [/input, 5012] [/input, 3192] [/input, 3512] 
split level 2: [/input, 3152] [/input, 4984] [/26, 233] [/input, 3332] [/26, 5638] [/26, 5737] 
split level 3: [/26, 1687] [/26, 5719] [/input, 5190] [/input, 5361] [/26, 1769] [/26, 2258] 
split level 4: [/input, 3647] [/input, 4950] [/input, 3245] [/input, 4785] [/26, 611] [/26, 652] 
best_l after optimization: -259.1917724609375
beta sum per layer: [53.952667236328125, 103.82328796386719, 0.0]
alpha/beta optimization time: 0.13960647583007812
pruning_in_iteration open status: False
ratio of positive domain = 22 / 192 = 0.11458333333333337
pruning-in-iteration extra time: 5.245208740234375e-05
Time: pickout 0.0013    branching_decision 0.0001    decision 0.0001    set_bounds 0.0106    prepare 0.0027    transfer 0.0000    finalize 0.0106    func 0.1576    
Accumulated time: bab_iteration 0.0000    pickout 0.0013    decision 0.0001    branching_decision 0.0001    set_bounds 0.0106    solve 0.0000    func 0.1576    prepare 0.0027    transfer 0.0000    finalize 0.0106    
max lb 0.10649365186691284 min lb -2.33355712890625
Number of Verified Splits: 24 of 192
Current worst splitting domains lb-rhs (depth):
-2.33356 (5), -2.33282 (5), -2.32938 (5), -2.32870 (5), -2.31417 (5), -2.31352 (5), -2.31027 (5), -2.30962 (5), -2.29044 (5), -2.28979 (5), -2.28654 (5), -2.28591 (5), -2.27931 (5), -2.27863 (5), -2.27543 (5), -2.27474 (5), -2.27108 (5), -2.27106 (5), -2.27080 (5), -2.27078 (5), 
Current (lb-rhs): -2.33355712890625
192 domains visited
Length of domains: 168
Cumulative time: 0.25971364974975586

BaB round 2
batch: 168
splitting decisions: 
split level 0: [/26, 6162] [/input, 3517] [/input, 5454] [/input, 3363] [/26, 3750] [/input, 4781] [/input, 5107] [/26, 5799] [/input, 2482] [/26, 536] 
best_l after optimization: -514.4406127929688
beta sum per layer: [128.9228973388672, 217.42237854003906, 0.6232306957244873]
alpha/beta optimization time: 0.14029932022094727
pruning_in_iteration open status: False
ratio of positive domain = 5 / 336 = 0.014880952380952328
pruning-in-iteration extra time: 5.602836608886719e-05
Time: pickout 0.0145    branching_decision 0.0001    decision 0.0001    set_bounds 0.0076    prepare 0.0076    transfer 0.0000    finalize 0.0133    func 0.1674    solve 0.1576    add 0.0015    bab_iteration 0.1713    
Accumulated time: bab_iteration 0.1713    pickout 0.0158    decision 0.0002    branching_decision 0.0002    set_bounds 0.0183    solve 0.1576    func 0.3250    prepare 0.0103    transfer 0.0001    finalize 0.0240    add 0.0015    
max lb 0.4662363529205322 min lb -2.3334174156188965
Number of Verified Splits: 6 of 336
Current worst splitting domains lb-rhs (depth):
-2.33342 (6), -2.33277 (6), -2.32934 (6), -2.32919 (6), -2.32864 (6), -2.32785 (6), -2.32441 (6), -2.31485 (6), -2.31405 (6), -2.31334 (6), -2.31176 (6), -2.30997 (6), -2.30926 (6), -2.29565 (6), -2.29416 (6), -2.29044 (6), -2.28944 (6), -2.28627 (6), -2.28522 (6), -2.28459 (6), 
Current (lb-rhs): -2.3334174156188965
528 domains visited
Length of domains: 330
Cumulative time: 0.4521214962005615

BaB round 3
batch: 330
splitting decisions: 
split level 0: [/input, 5437] [/input, 379] [/26, 5679] [/26, 3243] [/26, 3703] [/26, 5828] [/input, 3529] [/input, 3225] [/26, 6226] [/input, 5726] 
best_l after optimization: -1018.2969360351562
beta sum per layer: [366.8544006347656, 523.0576171875, 1.1590068340301514]
alpha/beta optimization time: 0.14208269119262695
pruning_in_iteration open status: False
ratio of positive domain = 7 / 660 = 0.010606060606060619
pruning-in-iteration extra time: 5.14984130859375e-05
Time: pickout 0.0266    branching_decision 0.0002    decision 0.0002    set_bounds 0.0145    prepare 0.0145    transfer 0.0000    finalize 0.0262    func 0.1909    solve 0.1674    add 0.0026    bab_iteration 0.1924    
Accumulated time: bab_iteration 0.3637    pickout 0.0424    decision 0.0004    branching_decision 0.0004    set_bounds 0.0328    solve 0.3250    func 0.5159    prepare 0.0248    transfer 0.0001    finalize 0.0502    add 0.0041    
max lb 1.2291629314422607 min lb -2.333415985107422
Number of Verified Splits: 7 of 660
Current worst splitting domains lb-rhs (depth):
-2.33342 (7), -2.33277 (7), -2.33275 (7), -2.32930 (7), -2.32883 (7), -2.32858 (7), -2.32785 (7), -2.32715 (7), -2.32690 (7), -2.32660 (7), -2.32404 (7), -2.31663 (7), -2.31448 (7), -2.31411 (7), -2.31405 (7), -2.31315 (7), -2.31087 (7), -2.31032 (7), -2.30984 (7), -2.30915 (7), 
Current (lb-rhs): -2.333415985107422
1188 domains visited
Length of domains: 653
Cumulative time: 0.6882140636444092

BaB round 4
batch: 653
splitting decisions: 
split level 0: [/26, 2507] [/26, 640] [/26, 3212] [/input, 4864] [/26, 1927] [/26, 6071] [/26, 1617] [/input, 3424] [/26, 6227] [/26, 1573] 
best_l after optimization: -2024.04052734375
beta sum per layer: [858.7789306640625, 1203.4097900390625, 2.2251086235046387]
alpha/beta optimization time: 0.22833585739135742
pruning_in_iteration open status: False
ratio of positive domain = 2 / 1306 = 0.0015313935681470214
pruning-in-iteration extra time: 5.340576171875e-05
Time: pickout 0.0533    branching_decision 0.0003    decision 0.0003    set_bounds 0.0329    prepare 0.0285    transfer 0.0000    finalize 0.0513    func 0.3219    solve 0.1909    add 0.0037    bab_iteration 0.2361    
Accumulated time: bab_iteration 0.5998    pickout 0.0956    decision 0.0007    branching_decision 0.0006    set_bounds 0.0657    solve 0.5160    func 0.8378    prepare 0.0533    transfer 0.0002    finalize 0.1015    add 0.0077    
max lb 0.01448369026184082 min lb -2.3333311080932617
Number of Verified Splits: 2 of 1306
Current worst splitting domains lb-rhs (depth):
-2.33333 (8), -2.33268 (8), -2.33263 (8), -2.33202 (8), -2.32996 (8), -2.32930 (8), -2.32858 (8), -2.32853 (8), -2.32758 (8), -2.32747 (8), -2.32685 (8), -2.32673 (8), -2.32627 (8), -2.32583 (8), -2.32381 (8), -2.32171 (8), -2.31746 (8), -2.31689 (8), -2.31603 (8), -2.31595 (8), 
Current (lb-rhs): -2.3333311080932617
2494 domains visited
Length of domains: 1304
Cumulative time: 1.1058475971221924

BaB round 5
batch: 1304
splitting decisions: 
split level 0: [/26, 1799] [/26, 6238] [/26, 3313] [/26, 5946] [/26, 1733] [/26, 3830] [/input, 3429] [/26, 3866] [/26, 2591] [/26, 5884] 
best_l after optimization: -4008.85400390625
beta sum per layer: [1954.659912109375, 2794.653564453125, 7.224027633666992]
alpha/beta optimization time: 0.4741213321685791
pruning_in_iteration open status: False
ratio of positive domain = 8 / 2608 = 0.0030674846625766694
pruning-in-iteration extra time: 5.245208740234375e-05
Time: pickout 0.1070    branching_decision 0.0005    decision 0.0006    set_bounds 0.0579    prepare 0.0577    transfer 0.0000    finalize 0.1093    func 0.6644    solve 0.3220    add 0.0088    bab_iteration 0.4176    
Accumulated time: bab_iteration 1.0174    pickout 0.2027    decision 0.0013    branching_decision 0.0012    set_bounds 0.1236    solve 0.8379    func 1.5022    prepare 0.1110    transfer 0.0002    finalize 0.2107    add 0.0165    
max lb 0.5259519815444946 min lb -2.3333311080932617
Number of Verified Splits: 8 of 2608
Current worst splitting domains lb-rhs (depth):
-2.33333 (9), -2.33262 (9), -2.33201 (9), -2.33200 (9), -2.33095 (9), -2.33073 (9), -2.32986 (9), -2.32925 (9), -2.32923 (9), -2.32907 (9), -2.32840 (9), -2.32822 (9), -2.32757 (9), -2.32712 (9), -2.32668 (9), -2.32626 (9), -2.32617 (9), -2.32600 (9), -2.32561 (9), -2.32384 (9), 
Current (lb-rhs): -2.3333311080932617
5102 domains visited
Length of domains: 2600
Cumulative time: 1.9526753425598145

BaB round 6
batch: 2048
splitting decisions: 
split level 0: [/input, 5241] [/26, 63] [/input, 4709] [/26, 440] [/26, 3223] [/26, 5820] [/input, 5461] [/input, 3361] [/input, 3528] [/input, 3814] 
best_l after optimization: -6241.154296875
beta sum per layer: [3470.9013671875, 5338.5458984375, 14.989155769348145]
alpha/beta optimization time: 0.7259535789489746
pruning_in_iteration open status: False
ratio of positive domain = 20 / 4096 = 0.0048828125
pruning-in-iteration extra time: 7.176399230957031e-05
Time: pickout 0.1686    branching_decision 0.0006    decision 0.0007    set_bounds 0.2295    prepare 0.0909    transfer 0.0001    finalize 0.1885    func 1.0382    solve 0.6645    add 0.0162    bab_iteration 0.8468    
Accumulated time: bab_iteration 1.8642    pickout 0.3713    decision 0.0020    branching_decision 0.0018    set_bounds 0.3531    solve 1.5024    func 2.5405    prepare 0.2019    transfer 0.0003    finalize 0.3993    add 0.0327    
max lb 0.9867740869522095 min lb -2.333250045776367
Number of Verified Splits: 20 of 4096
Current worst splitting domains lb-rhs (depth):
-2.33325 (10), -2.33262 (10), -2.33212 (10), -2.33201 (10), -2.33200 (10), -2.33195 (10), -2.33193 (10), -2.33180 (10), -2.33095 (9), -2.33039 (10), -2.32986 (9), -2.32922 (10), -2.32912 (10), -2.32907 (10), -2.32824 (10), -2.32822 (9), -2.32757 (9), -2.32712 (10), -2.32668 (9), -2.32626 (10), 
Current (lb-rhs): -2.333250045776367
9198 domains visited
Length of domains: 4628
current_vram/total_varm: 8.8GB/47.7GB, batch_size increase to 4096
Cumulative time: 3.417935848236084

BaB round 7
batch: 4096
splitting decisions: 
split level 0: [/26, 118] [/input, 5237] [/26, 5958] [/26, 3666] [/26, 782] [/26, 781] [/input, 3746] [/26, 1786] [/26, 5721] [/26, 5635] 
best_l after optimization: -12426.201171875
beta sum per layer: [7809.8505859375, 11991.62890625, 33.26611328125]
alpha/beta optimization time: 1.4493114948272705
pruning_in_iteration open status: False
ratio of positive domain = 26 / 8192 = 0.003173828125
pruning-in-iteration extra time: 5.4836273193359375e-05
Time: pickout 0.3404    branching_decision 0.0011    decision 0.0011    set_bounds 0.3300    prepare 0.1841    transfer 0.0001    finalize 0.3671    func 2.0626    solve 1.0383    add 0.0267    bab_iteration 1.4653    
Accumulated time: bab_iteration 3.3295    pickout 0.7116    decision 0.0031    branching_decision 0.0029    set_bounds 0.6831    solve 2.5407    func 4.6031    prepare 0.3860    transfer 0.0003    finalize 0.7663    add 0.0594    
max lb 0.7392966747283936 min lb -2.3332433700561523
Number of Verified Splits: 27 of 8192
Current worst splitting domains lb-rhs (depth):
-2.33324 (11), -2.33315 (11), -2.33256 (11), -2.33200 (11), -2.33199 (11), -2.33195 (11), -2.33191 (11), -2.33185 (11), -2.33165 (11), -2.33095 (9), -2.33064 (11), -2.33060 (11), -2.33007 (11), -2.32986 (9), -2.32907 (11), -2.32890 (11), -2.32866 (11), -2.32822 (9), -2.32809 (11), -2.32757 (9), 
Current (lb-rhs): -2.3332433700561523
17390 domains visited
Length of domains: 8697
current_vram/total_varm: 16.9GB/47.7GB, batch_size increase to 8192
Cumulative time: 6.203018426895142

BaB round 8
batch: 8192
splitting decisions: 
split level 0: [/input, 3610] [/26, 3843] [/input, 4707] [/26, 132] [/input, 3399] [/26, 658] [/26, 6212] [/26, 1850] [/26, 2079] [/26, 134] 
best_l after optimization: -24693.673828125
beta sum per layer: [17301.6171875, 26693.6953125, 82.09521484375]
alpha/beta optimization time: 2.8753135204315186
pruning_in_iteration open status: False
ratio of positive domain = 64 / 16384 = 0.00390625
pruning-in-iteration extra time: 6.29425048828125e-05
Time: pickout 0.8480    branching_decision 0.0021    decision 0.0021    set_bounds 0.3596    prepare 0.3701    transfer 0.0002    finalize 0.8920    func 4.2569    solve 2.0627    add 0.0487    bab_iteration 2.7851    
Accumulated time: bab_iteration 6.1146    pickout 1.5596    decision 0.0052    branching_decision 0.0050    set_bounds 1.0428    solve 4.6034    func 8.8600    prepare 0.7561    transfer 0.0005    finalize 1.6583    add 0.1081    
max lb 0.8937770128250122 min lb -2.333209991455078
Number of Verified Splits: 67 of 16384
Current worst splitting domains lb-rhs (depth):
-2.33321 (12), -2.33320 (12), -2.33307 (12), -2.33200 (12), -2.33195 (12), -2.33194 (12), -2.33191 (12), -2.33185 (12), -2.33180 (12), -2.33178 (12), -2.33176 (12), -2.33174 (12), -2.33147 (12), -2.33095 (9), -2.33076 (12), -2.33062 (12), -2.33059 (12), -2.33034 (12), -2.32986 (9), -2.32958 (12), 
Current (lb-rhs): -2.333209991455078
33774 domains visited
Length of domains: 16822
Cumulative time: 11.759195566177368

BaB round 9
batch: 8192
splitting decisions: 
split level 0: [/input, 3539] [/input, 6063] [/26, 5652] [/26, 3852] [/26, 774] [/26, 424] [/26, 596] [/26, 6011] [/input, 3539] [/26, 6151] 
best_l after optimization: -24439.11328125
beta sum per layer: [19453.490234375, 31587.05078125, 101.89586639404297]
alpha/beta optimization time: 2.8782591819763184
pruning_in_iteration open status: False
ratio of positive domain = 44 / 16384 = 0.002685546875
pruning-in-iteration extra time: 6.67572021484375e-05
Time: pickout 0.9057    branching_decision 0.0026    decision 0.0026    set_bounds 0.3638    prepare 0.5911    transfer 0.0001    finalize 0.7482    func 4.3417    solve 4.2570    add 0.0854    bab_iteration 5.5562    
Accumulated time: bab_iteration 11.6707    pickout 2.4653    decision 0.0078    branching_decision 0.0076    set_bounds 1.4065    solve 8.8603    func 13.2017    prepare 1.3472    transfer 0.0006    finalize 2.4065    add 0.1936    
max lb 1.1626756191253662 min lb -2.333224296569824
Number of Verified Splits: 44 of 16384
Current worst splitting domains lb-rhs (depth):
-2.33321 (12), -2.33320 (13), -2.33320 (13), -2.33307 (12), -2.33195 (13), -2.33194 (12), -2.33191 (13), -2.33185 (13), -2.33181 (13), -2.33180 (12), -2.33176 (12), -2.33174 (13), -2.33170 (13), -2.33158 (13), -2.33147 (12), -2.33121 (13), -2.33103 (13), -2.33095 (9), -2.33074 (13), -2.33060 (13), 
Current (lb-rhs): -2.333209991455078
50158 domains visited
Length of domains: 24970
Cumulative time: 17.730105876922607

BaB round 10
batch: 8192
splitting decisions: 
split level 0: [/26, 272] [/26, 1626] [/26, 5859] [/input, 4775] [/input, 3692] [/26, 1998] [/input, 159] [/input, 3616] [/input, 3226] [/26, 5898] 
best_l after optimization: -24125.53125
beta sum per layer: [21740.390625, 36603.046875, 126.76089477539062]
alpha/beta optimization time: 2.8762550354003906
pruning_in_iteration open status: False
ratio of positive domain = 53 / 16384 = 0.00323486328125
pruning-in-iteration extra time: 6.723403930664062e-05
Time: pickout 1.0109    branching_decision 0.0020    decision 0.0020    set_bounds 0.3600    prepare 0.3846    transfer 0.0001    finalize 1.0019    func 4.3853    solve 4.3418    add 0.3433    bab_iteration 5.9709    
Accumulated time: bab_iteration 17.6416    pickout 3.4762    decision 0.0099    branching_decision 0.0096    set_bounds 1.7666    solve 13.2021    func 17.5870    prepare 1.7317    transfer 0.0007    finalize 3.4084    add 0.5369    
max lb 0.8956767320632935 min lb -2.3330843448638916
Number of Verified Splits: 53 of 16384
Current worst splitting domains lb-rhs (depth):
-2.33321 (12), -2.33320 (13), -2.33308 (14), -2.33307 (12), -2.33195 (13), -2.33194 (12), -2.33186 (14), -2.33185 (13), -2.33181 (13), -2.33180 (12), -2.33176 (12), -2.33174 (13), -2.33158 (14), -2.33158 (14), -2.33147 (12), -2.33136 (14), -2.33121 (13), -2.33095 (9), -2.33092 (14), -2.33066 (14), 
Current (lb-rhs): -2.333209991455078
66542 domains visited
Length of domains: 33109
Cumulative time: 23.661846160888672

BaB round 11
batch: 8192
splitting decisions: 
split level 0: [/26, 1820] [/26, 3633] [/input, 3434] [/input, 5730] [/input, 3831] [/26, 747] [/input, 5093] [/input, 5132] [/26, 3261] [/26, 1804] 
best_l after optimization: -23825.921875
beta sum per layer: [24121.705078125, 41685.44921875, 145.3134765625]
alpha/beta optimization time: 2.8772430419921875
pruning_in_iteration open status: False
ratio of positive domain = 38 / 16384 = 0.0023193359375
pruning-in-iteration extra time: 5.8650970458984375e-05
Time: pickout 0.7017    branching_decision 0.0020    decision 0.0020    set_bounds 0.6609    prepare 0.3729    transfer 0.0001    finalize 0.7283    func 4.0956    solve 4.3854    add 0.1678    bab_iteration 5.9317    
Accumulated time: bab_iteration 23.5734    pickout 4.1779    decision 0.0119    branching_decision 0.0116    set_bounds 2.4275    solve 17.5875    func 21.6826    prepare 2.1046    transfer 0.0007    finalize 4.1367    add 0.7047    
max lb 0.8844218254089355 min lb -2.3314900398254395
Number of Verified Splits: 38 of 16384
Current worst splitting domains lb-rhs (depth):
-2.33321 (12), -2.33320 (13), -2.33308 (14), -2.33307 (12), -2.33195 (13), -2.33194 (12), -2.33186 (14), -2.33185 (13), -2.33181 (13), -2.33180 (12), -2.33176 (12), -2.33174 (13), -2.33158 (14), -2.33149 (15), -2.33147 (12), -2.33136 (14), -2.33121 (13), -2.33095 (9), -2.33085 (15), -2.33066 (14), 
Current (lb-rhs): -2.333209991455078
82926 domains visited
Length of domains: 41263
Cumulative time: 29.21238350868225

BaB round 12
batch: 8192
splitting decisions: 
split level 0: [/26, 3397] [/input, 3577] [/26, 3615] [/input, 3256] [/26, 713] [/26, 5536] [/26, 429] [/26, 2126] [/26, 1611] [/26, 22] 
best_l after optimization: -23501.630859375
beta sum per layer: [26662.7109375, 46906.33203125, 166.04489135742188]
alpha/beta optimization time: 2.8770782947540283
pruning_in_iteration open status: False
ratio of positive domain = 27 / 16384 = 0.00164794921875
pruning-in-iteration extra time: 6.079673767089844e-05
Time: pickout 1.0392    branching_decision 0.0020    decision 0.0020    set_bounds 0.3623    prepare 0.3719    transfer 0.0001    finalize 0.7331    func 4.0998    solve 4.0956    add 0.0841    bab_iteration 5.5505    
Accumulated time: bab_iteration 29.1239    pickout 5.2171    decision 0.0139    branching_decision 0.0137    set_bounds 2.7898    solve 21.6831    func 25.7823    prepare 2.4765    transfer 0.0008    finalize 4.8698    add 0.7888    
max lb 0.8386467099189758 min lb -2.323848247528076
Number of Verified Splits: 27 of 16384
Current worst splitting domains lb-rhs (depth):
-2.33321 (12), -2.33320 (13), -2.33308 (14), -2.33307 (12), -2.33195 (13), -2.33194 (12), -2.33186 (14), -2.33185 (13), -2.33181 (13), -2.33180 (12), -2.33176 (12), -2.33174 (13), -2.33158 (14), -2.33149 (15), -2.33147 (12), -2.33136 (14), -2.33121 (13), -2.33095 (9), -2.33085 (15), -2.33066 (14), 
Current (lb-rhs): -2.333209991455078
99310 domains visited
Length of domains: 49428
Cumulative time: 35.1316180229187

BaB round 13
batch: 8192
splitting decisions: 
split level 0: [/input, 3582] [/26, 2126] [/input, 3196] [/26, 61] [/input, 3874] [/input, 5147] [/26, 3867] [/input, 5468] [/input, 3673] [/input, 4956] 
best_l after optimization: -23152.734375
beta sum per layer: [29297.4296875, 52132.9375, 184.08322143554688]
alpha/beta optimization time: 2.8778369426727295
pruning_in_iteration open status: False
ratio of positive domain = 33 / 16384 = 0.00201416015625
pruning-in-iteration extra time: 5.745887756347656e-05
Time: pickout 0.7122    branching_decision 0.0019    decision 0.0020    set_bounds 0.3613    prepare 0.3723    transfer 0.0001    finalize 0.7263    func 4.4900    solve 4.0998    add 0.4090    bab_iteration 5.9192    
Accumulated time: bab_iteration 35.0431    pickout 5.9293    decision 0.0159    branching_decision 0.0156    set_bounds 3.1511    solve 25.7829    func 30.2723    prepare 2.8488    transfer 0.0009    finalize 5.5961    add 1.1977    
max lb 1.2052578926086426 min lb -2.3235809803009033
Number of Verified Splits: 34 of 16384
Current worst splitting domains lb-rhs (depth):
-2.33321 (12), -2.33320 (13), -2.33308 (14), -2.33307 (12), -2.33195 (13), -2.33194 (12), -2.33186 (14), -2.33185 (13), -2.33181 (13), -2.33180 (12), -2.33176 (12), -2.33174 (13), -2.33158 (14), -2.33149 (15), -2.33147 (12), -2.33136 (14), -2.33121 (13), -2.33095 (9), -2.33085 (15), -2.33066 (14), 
Current (lb-rhs): -2.333209991455078
115694 domains visited
Length of domains: 57586
Cumulative time: 40.78951168060303

BaB round 14
batch: 8192
splitting decisions: 
split level 0: [/26, 3204] [/26, 1965] [/input, 3590] [/26, 685] [/26, 1761] [/26, 5691] [/26, 2214] [/26, 466] [/input, 6114] [/26, 1586] 
best_l after optimization: -22822.30078125
beta sum per layer: [32016.150390625, 57464.2421875, 201.88900756835938]
alpha/beta optimization time: 2.87741756439209
pruning_in_iteration open status: False
ratio of positive domain = 42 / 16384 = 0.0025634765625
pruning-in-iteration extra time: 7.915496826171875e-05
Time: pickout 0.7165    branching_decision 0.0019    decision 0.0019    set_bounds 0.3607    prepare 0.3739    transfer 0.0001    finalize 1.1553    func 4.5241    solve 4.4900    add 0.0849    bab_iteration 5.6579    
Accumulated time: bab_iteration 40.7010    pickout 6.6459    decision 0.0178    branching_decision 0.0175    set_bounds 3.5118    solve 30.2729    func 34.7964    prepare 3.2227    transfer 0.0010    finalize 6.7515    add 1.2826    
max lb 0.7252750396728516 min lb -2.31270694732666
Number of Verified Splits: 42 of 16384
Current worst splitting domains lb-rhs (depth):
-2.33321 (12), -2.33320 (13), -2.33308 (14), -2.33307 (12), -2.33195 (13), -2.33194 (12), -2.33186 (14), -2.33185 (13), -2.33181 (13), -2.33180 (12), -2.33176 (12), -2.33174 (13), -2.33158 (14), -2.33149 (15), -2.33147 (12), -2.33136 (14), -2.33121 (13), -2.33095 (9), -2.33085 (15), -2.33066 (14), 
Current (lb-rhs): -2.333209991455078
132078 domains visited
Length of domains: 65736
Cumulative time: 46.577786922454834

BaB round 15
batch: 8192
splitting decisions: 
split level 0: [/26, 3874] [/26, 1658] [/26, 2035] [/input, 3368] [/input, 5227] [/26, 3497] [/26, 97] [/input, 3702] [/input, 5160] [/26, 3175] 
best_l after optimization: -22489.283203125
beta sum per layer: [35002.1015625, 62822.33984375, 220.1123046875]
alpha/beta optimization time: 2.877509832382202
pruning_in_iteration open status: False
ratio of positive domain = 37 / 16384 = 0.00225830078125
pruning-in-iteration extra time: 5.745887756347656e-05
Time: pickout 0.7212    branching_decision 0.0021    decision 0.0021    set_bounds 0.3612    prepare 0.3721    transfer 0.0001    finalize 0.7310    func 4.5770    solve 4.5241    add 0.1769    bab_iteration 5.7883    
Accumulated time: bab_iteration 46.4893    pickout 7.3670    decision 0.0199    branching_decision 0.0196    set_bounds 3.8730    solve 34.7970    func 39.3733    prepare 3.5948    transfer 0.0011    finalize 7.4825    add 1.4595    
max lb 0.8790563344955444 min lb -2.3126721382141113
Number of Verified Splits: 37 of 16384
Current worst splitting domains lb-rhs (depth):
-2.33321 (12), -2.33320 (13), -2.33308 (14), -2.33307 (12), -2.33195 (13), -2.33194 (12), -2.33186 (14), -2.33185 (13), -2.33181 (13), -2.33180 (12), -2.33176 (12), -2.33174 (13), -2.33158 (14), -2.33149 (15), -2.33147 (12), -2.33136 (14), -2.33121 (13), -2.33095 (9), -2.33085 (15), -2.33066 (14), 
Current (lb-rhs): -2.333209991455078
148462 domains visited
Length of domains: 73891
Cumulative time: 52.33452248573303

BaB round 16
batch: 8192
splitting decisions: 
split level 0: [/26, 3844] [/input, 4836] [/26, 6015] [/26, 5574] [/input, 3885] [/26, 1924] [/26, 524] [/input, 3493] [/input, 3341] [/input, 4744] 
best_l after optimization: -22146.8984375
beta sum per layer: [38187.5703125, 68326.125, 236.8037109375]
alpha/beta optimization time: 2.8792340755462646
pruning_in_iteration open status: False
ratio of positive domain = 32 / 16384 = 0.001953125
pruning-in-iteration extra time: 6.794929504394531e-05
Time: pickout 0.7297    branching_decision 0.0020    decision 0.0020    set_bounds 0.3713    prepare 0.3740    transfer 0.0001    finalize 0.7354    func 4.1071    solve 4.5770    add 0.0865    bab_iteration 5.7567    
Accumulated time: bab_iteration 52.2460    pickout 8.0968    decision 0.0219    branching_decision 0.0215    set_bounds 4.2443    solve 39.3741    func 43.4804    prepare 3.9689    transfer 0.0012    finalize 8.2179    add 1.5461    
max lb 0.8210363388061523 min lb -2.3051633834838867
Number of Verified Splits: 32 of 16384
Current worst splitting domains lb-rhs (depth):
-2.33321 (12), -2.33320 (13), -2.33308 (14), -2.33307 (12), -2.33195 (13), -2.33194 (12), -2.33186 (14), -2.33185 (13), -2.33181 (13), -2.33180 (12), -2.33176 (12), -2.33174 (13), -2.33158 (14), -2.33149 (15), -2.33147 (12), -2.33136 (14), -2.33121 (13), -2.33095 (9), -2.33085 (15), -2.33066 (14), 
Current (lb-rhs): -2.333209991455078
164846 domains visited
Length of domains: 82051
Time out!!!!!!!!
Result: unknown in 61.6396 seconds

 %%%%%%%%%%%%%%%%%%%%%%%%%%%%%%%%%%% idx: 3, vnnlib ID: 3 %%%%%%%%%%%%%%%%%%%%%%%%%%%%%%%%%%%
Finished vnnlib processing in 0.001810 seconds
Model: BoundedModule(
  (/input-1): BoundInput(name=/input-1, inputs=[], perturbed=True)
  (/shape): BoundBuffers(name=/shape, inputs=[], perturbed=False)
  (/12): BoundParams(name=/12, inputs=[], perturbed=False)
  (/13): BoundParams(name=/13, inputs=[], perturbed=False)
  (/14): BoundParams(name=/14, inputs=[], perturbed=False)
  (/15): BoundParams(name=/15, inputs=[], perturbed=False)
  (/16): BoundParams(name=/16, inputs=[], perturbed=False)
  (/17): BoundParams(name=/17, inputs=[], perturbed=False)
  (/18): BoundParams(name=/18, inputs=[], perturbed=False)
  (/19): BoundParams(name=/19, inputs=[], perturbed=False)
  (/20): BoundParams(name=/20, inputs=[], perturbed=False)
  (/21): BoundParams(name=/21, inputs=[], perturbed=False)
  (/input): BoundConv(name=/input, inputs=[/input-1, /12, /13], perturbed=True)
  (/input-4): BoundRelu(name=/input-4, inputs=[/input], perturbed=True)
  (/24): BoundConv(name=/24, inputs=[/input-4, /14, /15], perturbed=True)
  (/25): BoundConv(name=/25, inputs=[/input-4, /16, /17], perturbed=True)
  (/26): BoundAdd(name=/26, inputs=[/24, /25], perturbed=True)
  (/27): BoundRelu(name=/27, inputs=[/26], perturbed=True)
  (/28): BoundSplit(name=/28, inputs=[/shape], perturbed=False)
  (/29): BoundSplit(name=/29, inputs=[/shape], perturbed=False)
  (/30): BoundConstant(name=/30, value=tensor([0], device='cuda:0'))
  (/31): BoundSqueeze(name=/31, inputs=[/28, /30], perturbed=False)
  (/32): BoundConstant(name=/32, value=tensor([0], device='cuda:0'))
  (/33): BoundSqueeze(name=/33, inputs=[/29, /32], perturbed=False)
  (/34): BoundConstant(name=/34, value=tensor([0], device='cuda:0'))
  (/35): BoundUnsqueeze(name=/35, inputs=[/31, /34], perturbed=False)
  (/36): BoundConstant(name=/36, value=tensor([0], device='cuda:0'))
  (/37): BoundUnsqueeze(name=/37, inputs=[/33, /36], perturbed=False)
  (/38): BoundConcat(name=/38, inputs=[/35, /37], perturbed=False)
  (/39): BoundReshape(name=/39, inputs=[/27, /38], perturbed=True)
  (/input-8): BoundLinear(name=/input-8, inputs=[/39, /18, /19], perturbed=True)
  (/41): BoundRelu(name=/41, inputs=[/input-8], perturbed=True)
  (/42): BoundLinear(name=/42, inputs=[/41, /20, /21], perturbed=True)
)
Original output in the first batch: tensor([[ 13.34669590, -13.53737545,   1.95782816,   1.93475866,  -1.80134821,
           5.67697096,   5.25120974,   2.18138456,   1.15733540,   0.68516707]],
       device='cuda:0')
Split layers:
Nonlinear functions:
   BoundRelu(name=/input-4, inputs=[/input], perturbed=True)
   BoundRelu(name=/27, inputs=[/26], perturbed=True)
   BoundRelu(name=/41, inputs=[/input-8], perturbed=True)
build batch [1/1]
layer /input-4 using sparse-features alpha with shape [1383]; unstable size 1383; total size 6272 ([1, 8, 28, 28])
layer /input-4 start_node /26 using sparse-spec alpha [2, 6, 1, 1383] with unstable size 5 total_size 8 output_shape 8
layer /input-4 start_node /input-8 using sparse-spec alpha [2, 7, 1, 1383] with unstable size 6 total_size 64 output_shape torch.Size([64])
layer /input-4 start_node /42 using full alpha [2, 9, 1, 1383] with unstable size None total_size 9 output_shape 9
layer /27 using sparse-features alpha with shape [1717]; unstable size 1717; total size 6272 ([1, 8, 28, 28])
layer /27 start_node /input-8 using sparse-spec alpha [2, 7, 1, 1717] with unstable size 6 total_size 64 output_shape torch.Size([64])
layer /27 start_node /42 using full alpha [2, 9, 1, 1717] with unstable size None total_size 9 output_shape 9
layer /41 using sparse-features alpha with shape [6]; unstable size 6; total size 64 ([1, 64])
layer /41 start_node /42 using full alpha [2, 9, 1, 6] with unstable size None total_size 9 output_shape 9
Optimizable variables initialized.
initial CROWN bounds (first 10 items): [20.539018630981445, 5.184424877166748, 5.400659561157227, 9.1963529586792, 3.8398613929748535, 3.208192825317383, 4.402162075042725, 7.879769325256348, 6.731405258178711]
Verified with initial CROWN!
verified with init bound!
Result: safe-incomplete in 0.3682 seconds

 %%%%%%%%%%%%%%%%%%%%%%%%%%%%%%%%%%% idx: 4, vnnlib ID: 4 %%%%%%%%%%%%%%%%%%%%%%%%%%%%%%%%%%%
Finished vnnlib processing in 0.001307 seconds
Model: BoundedModule(
  (/input-1): BoundInput(name=/input-1, inputs=[], perturbed=True)
  (/shape): BoundBuffers(name=/shape, inputs=[], perturbed=False)
  (/12): BoundParams(name=/12, inputs=[], perturbed=False)
  (/13): BoundParams(name=/13, inputs=[], perturbed=False)
  (/14): BoundParams(name=/14, inputs=[], perturbed=False)
  (/15): BoundParams(name=/15, inputs=[], perturbed=False)
  (/16): BoundParams(name=/16, inputs=[], perturbed=False)
  (/17): BoundParams(name=/17, inputs=[], perturbed=False)
  (/18): BoundParams(name=/18, inputs=[], perturbed=False)
  (/19): BoundParams(name=/19, inputs=[], perturbed=False)
  (/20): BoundParams(name=/20, inputs=[], perturbed=False)
  (/21): BoundParams(name=/21, inputs=[], perturbed=False)
  (/input): BoundConv(name=/input, inputs=[/input-1, /12, /13], perturbed=True)
  (/input-4): BoundRelu(name=/input-4, inputs=[/input], perturbed=True)
  (/24): BoundConv(name=/24, inputs=[/input-4, /14, /15], perturbed=True)
  (/25): BoundConv(name=/25, inputs=[/input-4, /16, /17], perturbed=True)
  (/26): BoundAdd(name=/26, inputs=[/24, /25], perturbed=True)
  (/27): BoundRelu(name=/27, inputs=[/26], perturbed=True)
  (/28): BoundSplit(name=/28, inputs=[/shape], perturbed=False)
  (/29): BoundSplit(name=/29, inputs=[/shape], perturbed=False)
  (/30): BoundConstant(name=/30, value=tensor([0], device='cuda:0'))
  (/31): BoundSqueeze(name=/31, inputs=[/28, /30], perturbed=False)
  (/32): BoundConstant(name=/32, value=tensor([0], device='cuda:0'))
  (/33): BoundSqueeze(name=/33, inputs=[/29, /32], perturbed=False)
  (/34): BoundConstant(name=/34, value=tensor([0], device='cuda:0'))
  (/35): BoundUnsqueeze(name=/35, inputs=[/31, /34], perturbed=False)
  (/36): BoundConstant(name=/36, value=tensor([0], device='cuda:0'))
  (/37): BoundUnsqueeze(name=/37, inputs=[/33, /36], perturbed=False)
  (/38): BoundConcat(name=/38, inputs=[/35, /37], perturbed=False)
  (/39): BoundReshape(name=/39, inputs=[/27, /38], perturbed=True)
  (/input-8): BoundLinear(name=/input-8, inputs=[/39, /18, /19], perturbed=True)
  (/41): BoundRelu(name=/41, inputs=[/input-8], perturbed=True)
  (/42): BoundLinear(name=/42, inputs=[/41, /20, /21], perturbed=True)
)
Original output in the first batch: tensor([[-0.59063834, -5.65829182,  2.45050716, -1.02024698,  6.95339012,
          1.11910069, -0.88829160,  3.55127597,  1.19224513,  3.18715358]],
       device='cuda:0')
Split layers:
Nonlinear functions:
   BoundRelu(name=/input-4, inputs=[/input], perturbed=True)
   BoundRelu(name=/27, inputs=[/26], perturbed=True)
   BoundRelu(name=/41, inputs=[/input-8], perturbed=True)
build batch [1/1]
layer /input-4 using sparse-features alpha with shape [1529]; unstable size 1529; total size 6272 ([1, 8, 28, 28])
layer /input-4 start_node /26 using sparse-spec alpha [2, 7, 1, 1529] with unstable size 6 total_size 8 output_shape 8
layer /input-4 start_node /input-8 using sparse-spec alpha [2, 10, 1, 1529] with unstable size 9 total_size 64 output_shape torch.Size([64])
layer /input-4 start_node /42 using full alpha [2, 9, 1, 1529] with unstable size None total_size 9 output_shape 9
layer /27 using sparse-features alpha with shape [2016]; unstable size 2016; total size 6272 ([1, 8, 28, 28])
layer /27 start_node /input-8 using sparse-spec alpha [2, 10, 1, 2016] with unstable size 9 total_size 64 output_shape torch.Size([64])
layer /27 start_node /42 using full alpha [2, 9, 1, 2016] with unstable size None total_size 9 output_shape 9
layer /41 using sparse-features alpha with shape [9]; unstable size 9; total size 64 ([1, 64])
layer /41 start_node /42 using full alpha [2, 9, 1, 9] with unstable size None total_size 9 output_shape 9
Optimizable variables initialized.
initial CROWN bounds (first 10 items): [1.9981805086135864, 7.670841217041016, -1.2797542810440063, 1.4309115409851074, 0.8690598011016846, 1.6830060482025146, -1.4429702758789062, 0.7121415138244629, -0.19004616141319275]
prune_after_crown optimization in use
  original spec size = torch.Size([1, 9])
  pruned spec size = torch.Size([1, 3])
Using alpha-CROWN to initialize bounds.
best_l after optimization: -2.350040912628174
alpha/beta optimization time: 1.8522121906280518
initial alpha-crown bounds (first 10 items): [-1.0672404766082764, -1.2856172323226929, 0.0028168559074401855]
Global lower bound: -1.2856172323226929
7 / 9 OR specs are verified.
Verified OR indices (first 10 items): [0, 1, 3, 4, 5, 7, 8]
Verified OR lbs (first 10 items): [[inf], [inf], [inf], [inf], [inf], [inf], [0.0028168559074401855]]
Unverified OR indices (first 10 items): [2, 6]
Unverified OR lbs (first 10 items): [[-1.0672404766082764], [-1.2856172323226929]]
###### Verifying property Instance 4 ######
Batch size: 2
First 10 spec matrices
C: tensor([[[ 0.,  0., -1.,  0.,  1.,  0.,  0.,  0.,  0.,  0.]],

        [[ 0.,  0.,  0.,  0.,  1.,  0.,  0., -1.,  0.,  0.]]], device='cuda:0')
RHS: tensor([[0.],
        [0.]], device='cuda:0')
OR spec sizes: tensor([1, 1], device='cuda:0', dtype=torch.int32)
Remaining timeout: 57.93719291687012
Model prediction is: tensor([-0.59063834, -5.65829182,  2.45050716, -1.02024698,  6.95339012,
         1.11910069, -0.88829160,  3.55127597,  1.19224513,  3.18715358],
       device='cuda:0')
Activation BaB batch 1/1 
build_with_refined_bounds batch [1/1]
Optimizable variables initialized.
all alpha initialized
directly get lb and ub from refined bounds
c shape: torch.Size([2, 1, 10])
lA shapes: [torch.Size([2, 1, 8, 28, 28]), torch.Size([2, 1, 8, 28, 28]), torch.Size([2, 1, 64])]
(alpha-)CROWN with fixed intermediate bounds: tensor([[-1.06724048],
        [-1.28561723]], device='cuda:0') tensor([[inf],
        [inf]], device='cuda:0')
Intermediate layers: /input,/26,/input-8
Keeping alphas for these layers: ['/42']
Node /input-4 input 0: size torch.Size([8, 28, 28]) unstable 1529
Node /27 input 0: size torch.Size([8, 28, 28]) unstable 2003
Node /41 input 0: size torch.Size([64]) unstable 9
-----------------
# of unstable neurons: 3541
-----------------

BaB round 1
batch: 2
splitting decisions: 
split level 0: [/26, 2100] [/26, 3265] 
split level 1: [/26, 5994] [/26, 3282] 
split level 2: [/26, 1805] [/26, 529] 
split level 3: [/input, 3195] [/input, 4750] 
split level 4: [/input, 3307] [/26, 3523] 
split level 5: [/input, 5009] [/input, 3184] 
best_l after optimization: -144.65216064453125
beta sum per layer: [13.100467681884766, 103.72752380371094, 0.0]
alpha/beta optimization time: 0.13790512084960938
pruning_in_iteration open status: False
ratio of positive domain = 0 / 128 = 0.0
pruning-in-iteration extra time: 6.031990051269531e-05
Time: pickout 0.0011    branching_decision 0.0001    decision 0.0001    set_bounds 0.0078    prepare 0.0020    transfer 0.0000    finalize 0.0055    func 0.1497    
Accumulated time: bab_iteration 0.0000    pickout 0.0011    decision 0.0001    branching_decision 0.0001    set_bounds 0.0078    solve 0.0000    func 0.1497    prepare 0.0020    transfer 0.0000    finalize 0.0055    
max lb -0.9418960213661194 min lb -1.2849414348602295
Number of Verified Splits: 0 of 128
Current worst splitting domains lb-rhs (depth):
-1.28494 (6), -1.28492 (6), -1.28244 (6), -1.28242 (6), -1.28104 (6), -1.28099 (6), -1.27854 (6), -1.27848 (6), -1.27319 (6), -1.27308 (6), -1.27094 (6), -1.27067 (6), -1.26970 (6), -1.26964 (6), -1.26907 (6), -1.26905 (6), -1.26721 (6), -1.26715 (6), -1.26657 (6), -1.26654 (6), 
Current (lb-rhs): -1.2849414348602295
128 domains visited
Length of domains: 128
Cumulative time: 0.19184517860412598

BaB round 2
batch: 128
splitting decisions: 
split level 0: [/26, 525] [/26, 1] [/input, 3711] [/input, 3600] [/input, 5164] [/input, 3169] [/26, 2214] [/26, 3306] [/input, 3242] [/input, 5814] 
best_l after optimization: -282.9171447753906
beta sum per layer: [43.69062042236328, 312.72198486328125, 0.3966580331325531]
alpha/beta optimization time: 0.13499832153320312
pruning_in_iteration open status: False
ratio of positive domain = 1 / 256 = 0.00390625
pruning-in-iteration extra time: 5.173683166503906e-05
Time: pickout 0.0122    branching_decision 0.0001    decision 0.0001    set_bounds 0.0062    prepare 0.0059    transfer 0.0000    finalize 0.0105    func 0.1566    solve 0.1497    add 0.0014    bab_iteration 0.1603    
Accumulated time: bab_iteration 0.1603    pickout 0.0133    decision 0.0002    branching_decision 0.0002    set_bounds 0.0140    solve 0.1497    func 0.3063    prepare 0.0079    transfer 0.0001    finalize 0.0160    add 0.0014    
max lb 1.0055489540100098 min lb -1.2849196195602417
Number of Verified Splits: 1 of 256
Current worst splitting domains lb-rhs (depth):
-1.28492 (7), -1.28484 (7), -1.28480 (7), -1.28425 (7), -1.28221 (7), -1.28212 (7), -1.28204 (7), -1.28058 (7), -1.28052 (7), -1.28009 (7), -1.27785 (7), -1.27783 (7), -1.27301 (7), -1.27300 (7), -1.27297 (7), -1.27228 (7), -1.27120 (7), -1.27032 (7), -1.26989 (7), -1.26880 (7), 
Current (lb-rhs): -1.2849196195602417
384 domains visited
Length of domains: 255
Cumulative time: 0.3687152862548828

BaB round 3
batch: 255
splitting decisions: 
split level 0: [/26, 3269] [/input, 3664] [/26, 3901] [/26, 1725] [/26, 5689] [/26, 1569] [/26, 5643] [/26, 734] [/26, 3849] [/26, 2133] 
best_l after optimization: -559.7061157226562
beta sum per layer: [142.55581665039062, 804.6556396484375, 0.0]
alpha/beta optimization time: 0.14330315589904785
pruning_in_iteration open status: False
ratio of positive domain = 0 / 510 = 0.0
pruning-in-iteration extra time: 5.054473876953125e-05
Time: pickout 0.0220    branching_decision 0.0001    decision 0.0002    set_bounds 0.0113    prepare 0.0112    transfer 0.0000    finalize 0.0202    func 0.1820    solve 0.1566    add 0.0016    bab_iteration 0.1769    
Accumulated time: bab_iteration 0.3371    pickout 0.0353    decision 0.0004    branching_decision 0.0003    set_bounds 0.0253    solve 0.3063    func 0.4882    prepare 0.0191    transfer 0.0001    finalize 0.0361    add 0.0030    
max lb -0.7146241664886475 min lb -1.2848377227783203
Number of Verified Splits: 0 of 510
Current worst splitting domains lb-rhs (depth):
-1.28484 (8), -1.28478 (8), -1.28476 (8), -1.28422 (8), -1.28421 (8), -1.28420 (8), -1.28201 (8), -1.28192 (8), -1.28187 (8), -1.28184 (8), -1.28004 (8), -1.27998 (8), -1.27990 (8), -1.27965 (8), -1.27726 (8), -1.27725 (8), -1.27723 (8), -1.27295 (8), -1.27294 (8), -1.27278 (8), 
Current (lb-rhs): -1.2848377227783203
894 domains visited
Length of domains: 510
Cumulative time: 0.5875775814056396

BaB round 4
batch: 510
splitting decisions: 
split level 0: [/input, 5432] [/input, 4817] [/26, 694] [/input, 3882] [/26, 3532] [/input, 3170] [/26, 422] [/input, 4925] [/26, 2264] [/input, 5359] 
best_l after optimization: -1102.223388671875
beta sum per layer: [398.39947509765625, 1809.7745361328125, 0.6971365213394165]
alpha/beta optimization time: 0.16314220428466797
pruning_in_iteration open status: False
ratio of positive domain = 1 / 1020 = 0.0009803921568627416
pruning-in-iteration extra time: 5.1975250244140625e-05
Time: pickout 0.0428    branching_decision 0.0002    decision 0.0002    set_bounds 0.0231    prepare 0.0222    transfer 0.0000    finalize 0.0418    func 0.2380    solve 0.1820    add 0.0031    bab_iteration 0.2189    
Accumulated time: bab_iteration 0.5560    pickout 0.0781    decision 0.0006    branching_decision 0.0005    set_bounds 0.0484    solve 0.4883    func 0.7262    prepare 0.0412    transfer 0.0002    finalize 0.0779    add 0.0061    
max lb 0.06418925523757935 min lb -1.2848265171051025
Number of Verified Splits: 1 of 1020
Current worst splitting domains lb-rhs (depth):
-1.28483 (9), -1.28473 (9), -1.28422 (9), -1.28421 (9), -1.28420 (9), -1.28409 (9), -1.28344 (9), -1.28293 (9), -1.28165 (9), -1.28158 (9), -1.28111 (9), -1.28098 (9), -1.27951 (9), -1.27950 (9), -1.27936 (9), -1.27924 (9), -1.27676 (9), -1.27674 (9), -1.27659 (9), -1.27301 (9), 
Current (lb-rhs): -1.2848265171051025
1914 domains visited
Length of domains: 1019
Cumulative time: 0.8979816436767578

BaB round 5
batch: 1019
splitting decisions: 
split level 0: [/26, 113] [/26, 5573] [/input, 3872] [/input, 5179] [/26, 3265] [/input, 5258] [/input, 5318] [/26, 219] [/26, 1902] [/input, 4901] 
best_l after optimization: -2169.140869140625
beta sum per layer: [1048.4688720703125, 3980.9482421875, 2.9706976413726807]
alpha/beta optimization time: 0.3235893249511719
pruning_in_iteration open status: False
ratio of positive domain = 3 / 2038 = 0.0014720314033366266
pruning-in-iteration extra time: 7.987022399902344e-05
Time: pickout 0.0846    branching_decision 0.0004    decision 0.0005    set_bounds 0.0478    prepare 0.0447    transfer 0.0001    finalize 0.0827    func 0.4686    solve 0.2380    add 0.0059    bab_iteration 0.3104    
Accumulated time: bab_iteration 0.8664    pickout 0.1627    decision 0.0010    branching_decision 0.0010    set_bounds 0.0962    solve 0.7263    func 1.1948    prepare 0.0859    transfer 0.0002    finalize 0.1606    add 0.0120    
max lb 0.6437263488769531 min lb -1.284727931022644
Number of Verified Splits: 3 of 2038
Current worst splitting domains lb-rhs (depth):
-1.28473 (10), -1.28421 (10), -1.28401 (10), -1.28395 (10), -1.28380 (10), -1.28366 (10), -1.28344 (10), -1.28341 (10), -1.28292 (10), -1.28248 (10), -1.28182 (10), -1.28142 (10), -1.28134 (10), -1.28098 (10), -1.28093 (10), -1.28084 (10), -1.28037 (10), -1.27930 (10), -1.27923 (10), -1.27908 (10), 
Current (lb-rhs): -1.284727931022644
3952 domains visited
Length of domains: 2035
Cumulative time: 1.5131165981292725

BaB round 6
batch: 2035
splitting decisions: 
split level 0: [/26, 1617] [/26, 2192] [/input, 4925] [/26, 3636] [/26, 3244] [/26, 697] [/26, 2132] [/input, 3182] [/26, 3184] [/26, 5656] 
best_l after optimization: -4280.279296875
beta sum per layer: [2640.8369140625, 8772.39453125, 3.6920039653778076]
alpha/beta optimization time: 0.7117800712585449
pruning_in_iteration open status: False
ratio of positive domain = 0 / 4070 = 0.0
pruning-in-iteration extra time: 5.340576171875e-05
Time: pickout 0.1683    branching_decision 0.0009    decision 0.0009    set_bounds 0.0892    prepare 0.0894    transfer 0.0001    finalize 0.3069    func 1.1409    solve 0.4687    add 0.0131    bab_iteration 0.6151    
Accumulated time: bab_iteration 1.4815    pickout 0.3310    decision 0.0019    branching_decision 0.0018    set_bounds 0.1854    solve 1.1950    func 2.3357    prepare 0.1753    transfer 0.0003    finalize 0.4675    add 0.0251    
max lb -0.4431922435760498 min lb -1.2847278118133545
Number of Verified Splits: 0 of 4070
Current worst splitting domains lb-rhs (depth):
-1.28473 (11), -1.28421 (11), -1.28421 (11), -1.28395 (11), -1.28392 (11), -1.28377 (11), -1.28356 (11), -1.28353 (11), -1.28344 (11), -1.28341 (11), -1.28333 (11), -1.28292 (11), -1.28130 (11), -1.28126 (11), -1.28119 (11), -1.28079 (11), -1.28079 (11), -1.28075 (11), -1.28071 (11), -1.28054 (11), 
Current (lb-rhs): -1.2847278118133545
8022 domains visited
Length of domains: 4070
Cumulative time: 2.937150239944458

BaB round 7
batch: 2048
splitting decisions: 
split level 0: [/26, 1816] [/26, 219] [/26, 2595] [/input, 5093] [/input, 5421] [/input, 3718] [/input, 3385] [/input, 3229] [/26, 5697] [/input, 5459] 
best_l after optimization: -4200.2998046875
beta sum per layer: [3288.24609375, 10268.44921875, 5.420453071594238]
alpha/beta optimization time: 0.7145974636077881
pruning_in_iteration open status: False
ratio of positive domain = 4 / 4096 = 0.0009765625
pruning-in-iteration extra time: 7.605552673339844e-05
Time: pickout 0.1706    branching_decision 0.0006    decision 0.0006    set_bounds 0.0902    prepare 0.0919    transfer 0.0000    finalize 0.1584    func 0.9972    solve 1.1410    add 0.0237    bab_iteration 1.4240    
Accumulated time: bab_iteration 2.9056    pickout 0.5017    decision 0.0025    branching_decision 0.0024    set_bounds 0.2756    solve 2.3360    func 3.3329    prepare 0.2672    transfer 0.0003    finalize 0.6259    add 0.0488    
max lb 0.5863837599754333 min lb -1.284099817276001
Number of Verified Splits: 4 of 4096
Current worst splitting domains lb-rhs (depth):
-1.28473 (11), -1.28421 (11), -1.28410 (12), -1.28395 (11), -1.28377 (11), -1.28356 (11), -1.28353 (11), -1.28344 (11), -1.28341 (11), -1.28331 (12), -1.28292 (11), -1.28287 (12), -1.28130 (11), -1.28126 (11), -1.28119 (11), -1.28079 (11), -1.28075 (11), -1.28071 (11), -1.28067 (12), -1.28051 (12), 
Current (lb-rhs): -1.2847278118133545
12118 domains visited
Length of domains: 6114
current_vram/total_varm: 7.2GB/47.7GB, batch_size increase to 4096
Cumulative time: 4.224292516708374

BaB round 8
batch: 4096
splitting decisions: 
split level 0: [/input, 5433] [/input, 3207] [/input, 2783] [/26, 377] [/26, 2140] [/26, 3817] [/input, 399] [/26, 2189] [/26, 5990] [/input, 6029] 
best_l after optimization: -8281.958984375
beta sum per layer: [7734.0986328125, 22562.60546875, 10.852575302124023]
alpha/beta optimization time: 1.4272594451904297
pruning_in_iteration open status: False
ratio of positive domain = 7 / 8192 = 0.0008544921875
pruning-in-iteration extra time: 5.936622619628906e-05
Time: pickout 0.4926    branching_decision 0.0011    decision 0.0011    set_bounds 0.1793    prepare 0.1816    transfer 0.0001    finalize 0.3308    func 2.0019    solve 0.9972    add 0.0274    bab_iteration 1.2871    
Accumulated time: bab_iteration 4.1927    pickout 0.9943    decision 0.0036    branching_decision 0.0035    set_bounds 0.4549    solve 3.3332    func 5.3348    prepare 0.4488    transfer 0.0004    finalize 0.9567    add 0.0762    
max lb 1.1080275774002075 min lb -1.2840988636016846
Number of Verified Splits: 7 of 8192
Current worst splitting domains lb-rhs (depth):
-1.28473 (11), -1.28421 (11), -1.28410 (13), -1.28395 (11), -1.28377 (11), -1.28356 (11), -1.28353 (11), -1.28344 (11), -1.28341 (11), -1.28329 (13), -1.28292 (11), -1.28280 (13), -1.28280 (13), -1.28257 (13), -1.28130 (11), -1.28126 (11), -1.28119 (11), -1.28079 (11), -1.28075 (11), -1.28071 (11), 
Current (lb-rhs): -1.2847278118133545
20310 domains visited
Length of domains: 10203
current_vram/total_varm: 14.7GB/47.7GB, batch_size increase to 8192
Cumulative time: 7.108795642852783

BaB round 9
batch: 8192
splitting decisions: 
split level 0: [/26, 6213] [/26, 2154] [/input, 5378] [/input, 4880] [/26, 5846] [/26, 1619] [/26, 729] [/input, 3853] [/26, 5553] [/26, 3605] 
best_l after optimization: -16319.8359375
beta sum per layer: [17733.126953125, 48702.2265625, 28.273435592651367]
alpha/beta optimization time: 2.8309013843536377
pruning_in_iteration open status: False
ratio of positive domain = 19 / 16384 = 0.00115966796875
pruning-in-iteration extra time: 0.00014448165893554688
Time: pickout 0.6869    branching_decision 0.0023    decision 0.0023    set_bounds 0.5374    prepare 0.3689    transfer 0.0002    finalize 0.7155    func 4.2371    solve 2.0019    add 0.2078    bab_iteration 2.8845    
Accumulated time: bab_iteration 7.0772    pickout 1.6812    decision 0.0059    branching_decision 0.0058    set_bounds 0.9923    solve 5.3351    func 9.5718    prepare 0.8177    transfer 0.0006    finalize 1.6722    add 0.2841    
max lb 1.0591373443603516 min lb -1.2839927673339844
Number of Verified Splits: 19 of 16384
Current worst splitting domains lb-rhs (depth):
-1.28473 (11), -1.28421 (11), -1.28399 (14), -1.28395 (11), -1.28377 (11), -1.28356 (11), -1.28353 (11), -1.28344 (11), -1.28341 (11), -1.28317 (14), -1.28292 (11), -1.28274 (14), -1.28266 (14), -1.28251 (14), -1.28130 (11), -1.28126 (11), -1.28119 (11), -1.28097 (14), -1.28079 (11), -1.28075 (11), 
Current (lb-rhs): -1.2847278118133545
36694 domains visited
Length of domains: 18376
Cumulative time: 12.660139560699463

BaB round 10
batch: 8192
splitting decisions: 
split level 0: [/26, 2232] [/26, 3183] [/input, 3199] [/input, 5127] [/input, 5161] [/input, 3500] [/26, 1818] [/input, 4710] [/26, 3530] [/input, 3150] 
best_l after optimization: -15934.08984375
beta sum per layer: [20385.998046875, 54577.953125, 37.58737564086914]
alpha/beta optimization time: 2.8319931030273438
pruning_in_iteration open status: False
ratio of positive domain = 12 / 16384 = 0.000732421875
pruning-in-iteration extra time: 6.175041198730469e-05
Time: pickout 0.6975    branching_decision 0.0021    decision 0.0021    set_bounds 0.5831    prepare 0.3701    transfer 0.0001    finalize 0.7124    func 4.0310    solve 4.2371    add 0.0840    bab_iteration 5.5513    
Accumulated time: bab_iteration 12.6285    pickout 2.3787    decision 0.0080    branching_decision 0.0078    set_bounds 1.5755    solve 9.5722    func 13.6028    prepare 1.1878    transfer 0.0007    finalize 2.3847    add 0.3680    
max lb 0.9526767134666443 min lb -1.280807375907898
Number of Verified Splits: 12 of 16384
Current worst splitting domains lb-rhs (depth):
-1.28473 (11), -1.28421 (11), -1.28399 (14), -1.28395 (11), -1.28377 (11), -1.28356 (11), -1.28353 (11), -1.28344 (11), -1.28341 (11), -1.28317 (14), -1.28292 (11), -1.28274 (14), -1.28266 (14), -1.28251 (14), -1.28130 (11), -1.28126 (11), -1.28119 (11), -1.28081 (15), -1.28079 (11), -1.28075 (11), 
Current (lb-rhs): -1.2847278118133545
53078 domains visited
Length of domains: 26556
Cumulative time: 18.28627300262451

BaB round 11
batch: 8192
splitting decisions: 
split level 0: [/input, 4108] [/input, 3566] [/26, 386] [/26, 3748] [/input, 3419] [/26, 1711] [/input, 2955] [/input, 3836] [/26, 5865] [/input, 1101] 
best_l after optimization: -15519.146484375
beta sum per layer: [23220.251953125, 61003.80078125, 51.286983489990234]
alpha/beta optimization time: 2.832526445388794
pruning_in_iteration open status: False
ratio of positive domain = 11 / 16384 = 0.00067138671875
pruning-in-iteration extra time: 7.748603820800781e-05
Time: pickout 0.7081    branching_decision 0.0020    decision 0.0020    set_bounds 0.3602    prepare 0.3703    transfer 0.0001    finalize 0.9796    func 4.2985    solve 4.0310    add 0.3078    bab_iteration 5.6261    
Accumulated time: bab_iteration 18.2547    pickout 3.0867    decision 0.0100    branching_decision 0.0098    set_bounds 1.9357    solve 13.6032    func 17.9013    prepare 1.5581    transfer 0.0008    finalize 3.3643    add 0.6759    
max lb 1.1535511016845703 min lb -1.2797179222106934
Number of Verified Splits: 11 of 16384
Current worst splitting domains lb-rhs (depth):
-1.28473 (11), -1.28421 (11), -1.28399 (14), -1.28395 (11), -1.28377 (11), -1.28356 (11), -1.28353 (11), -1.28344 (11), -1.28341 (11), -1.28317 (14), -1.28292 (11), -1.28274 (14), -1.28266 (14), -1.28251 (14), -1.28130 (11), -1.28126 (11), -1.28119 (11), -1.28081 (15), -1.28079 (11), -1.28075 (11), 
Current (lb-rhs): -1.2847278118133545
69462 domains visited
Length of domains: 34737
Cumulative time: 23.769120693206787

BaB round 12
batch: 8192
splitting decisions: 
split level 0: [/26, 2077] [/26, 2261] [/input, 3283] [/26, 3577] [/input, 3704] [/input, 3735] [/input, 3488] [/26, 3411] [/26, 63] [/input, 5472] 
best_l after optimization: -15092.9296875
beta sum per layer: [26280.572265625, 67725.296875, 63.20692443847656]
alpha/beta optimization time: 2.8335349559783936
pruning_in_iteration open status: False
ratio of positive domain = 18 / 16384 = 0.0010986328125
pruning-in-iteration extra time: 5.7220458984375e-05
Time: pickout 1.0127    branching_decision 0.0020    decision 0.0020    set_bounds 0.3593    prepare 0.3708    transfer 0.0001    finalize 0.7105    func 4.0305    solve 4.2986    add 0.1089    bab_iteration 5.4828    
Accumulated time: bab_iteration 23.7375    pickout 4.0995    decision 0.0120    branching_decision 0.0118    set_bounds 2.2950    solve 17.9018    func 21.9318    prepare 1.9289    transfer 0.0009    finalize 4.0748    add 0.7847    
max lb 0.9529749751091003 min lb -1.2785334587097168
Number of Verified Splits: 18 of 16384
Current worst splitting domains lb-rhs (depth):
-1.28473 (11), -1.28421 (11), -1.28399 (14), -1.28395 (11), -1.28377 (11), -1.28356 (11), -1.28353 (11), -1.28344 (11), -1.28341 (11), -1.28317 (14), -1.28292 (11), -1.28274 (14), -1.28266 (14), -1.28251 (14), -1.28130 (11), -1.28126 (11), -1.28119 (11), -1.28081 (15), -1.28079 (11), -1.28075 (11), 
Current (lb-rhs): -1.2847278118133545
85846 domains visited
Length of domains: 42911
Cumulative time: 29.554352283477783

BaB round 13
batch: 8192
splitting decisions: 
split level 0: [/26, 3473] [/26, 2139] [/input, 5413] [/26, 3699] [/26, 2208] [/input, 5779] [/input, 5409] [/input, 3766] [/input, 5702] [/26, 54] 
best_l after optimization: -14673.337890625
beta sum per layer: [29559.69140625, 74676.1875, 74.54695892333984]
alpha/beta optimization time: 2.833683729171753
pruning_in_iteration open status: False
ratio of positive domain = 26 / 16384 = 0.0015869140625
pruning-in-iteration extra time: 5.698204040527344e-05
Time: pickout 0.7139    branching_decision 0.0021    decision 0.0021    set_bounds 0.3623    prepare 0.3710    transfer 0.0001    finalize 1.0585    func 4.3805    solve 4.0305    add 0.3751    bab_iteration 5.7852    
Accumulated time: bab_iteration 29.5227    pickout 4.8133    decision 0.0141    branching_decision 0.0139    set_bounds 2.6572    solve 21.9323    func 26.3123    prepare 2.2999    transfer 0.0009    finalize 5.1333    add 1.1598    
max lb 1.330507755279541 min lb -1.276061773300171
Number of Verified Splits: 26 of 16384
Current worst splitting domains lb-rhs (depth):
-1.28473 (11), -1.28421 (11), -1.28399 (14), -1.28395 (11), -1.28377 (11), -1.28356 (11), -1.28353 (11), -1.28344 (11), -1.28341 (11), -1.28317 (14), -1.28292 (11), -1.28274 (14), -1.28266 (14), -1.28251 (14), -1.28130 (11), -1.28126 (11), -1.28119 (11), -1.28081 (15), -1.28079 (11), -1.28075 (11), 
Current (lb-rhs): -1.2847278118133545
102230 domains visited
Length of domains: 51077
Cumulative time: 35.09907531738281

BaB round 14
batch: 8192
splitting decisions: 
split level 0: [/input, 3660] [/26, 2291] [/26, 5534] [/input, 3378] [/26, 6110] [/input, 4987] [/input, 4870] [/input, 5267] [/26, 1580] [/input, 3641] 
best_l after optimization: -14273.861328125
beta sum per layer: [33038.59375, 81712.8671875, 77.28958892822266]
alpha/beta optimization time: 2.834766149520874
pruning_in_iteration open status: False
ratio of positive domain = 22 / 16384 = 0.0013427734375
pruning-in-iteration extra time: 5.602836608886719e-05
Time: pickout 0.7171    branching_decision 0.0020    decision 0.0020    set_bounds 0.3602    prepare 0.3702    transfer 0.0001    finalize 1.0982    func 4.4206    solve 4.3805    add 0.0794    bab_iteration 5.5447    
Accumulated time: bab_iteration 35.0674    pickout 5.5304    decision 0.0161    branching_decision 0.0159    set_bounds 3.0174    solve 26.3129    func 30.7329    prepare 2.6702    transfer 0.0010    finalize 6.2315    add 1.2392    
max lb 1.0262172222137451 min lb -1.276061773300171
Number of Verified Splits: 22 of 16384
Current worst splitting domains lb-rhs (depth):
-1.28473 (11), -1.28421 (11), -1.28399 (14), -1.28395 (11), -1.28377 (11), -1.28356 (11), -1.28353 (11), -1.28344 (11), -1.28341 (11), -1.28317 (14), -1.28292 (11), -1.28274 (14), -1.28266 (14), -1.28251 (14), -1.28130 (11), -1.28126 (11), -1.28119 (11), -1.28081 (15), -1.28079 (11), -1.28075 (11), 
Current (lb-rhs): -1.2847278118133545
118614 domains visited
Length of domains: 59247
Cumulative time: 40.687127351760864

BaB round 15
batch: 8192
splitting decisions: 
split level 0: [/input, 5449] [/26, 5561] [/26, 2298] [/input, 4787] [/input, 5024] [/26, 3883] [/26, 320] [/26, 1958] [/26, 1935] [/26, 238] 
best_l after optimization: -13867.171875
beta sum per layer: [36622.828125, 88852.984375, 81.41085052490234]
alpha/beta optimization time: 2.8341219425201416
pruning_in_iteration open status: False
ratio of positive domain = 21 / 16384 = 0.00128173828125
pruning-in-iteration extra time: 7.867813110351562e-05
Time: pickout 0.7186    branching_decision 0.0019    decision 0.0020    set_bounds 0.3623    prepare 0.3691    transfer 0.0001    finalize 0.7090    func 4.4423    solve 4.4207    add 0.0804    bab_iteration 5.5880    
Accumulated time: bab_iteration 40.6555    pickout 6.2490    decision 0.0181    branching_decision 0.0178    set_bounds 3.3797    solve 30.7335    func 35.1752    prepare 3.0392    transfer 0.0012    finalize 6.9404    add 1.3196    
max lb 1.3154292106628418 min lb -1.2719626426696777
Number of Verified Splits: 21 of 16384
Current worst splitting domains lb-rhs (depth):
-1.28473 (11), -1.28421 (11), -1.28399 (14), -1.28395 (11), -1.28377 (11), -1.28356 (11), -1.28353 (11), -1.28344 (11), -1.28341 (11), -1.28317 (14), -1.28292 (11), -1.28274 (14), -1.28266 (14), -1.28251 (14), -1.28130 (11), -1.28126 (11), -1.28119 (11), -1.28081 (15), -1.28079 (11), -1.28075 (11), 
Current (lb-rhs): -1.2847278118133545
134998 domains visited
Length of domains: 67418
Cumulative time: 46.38466024398804

BaB round 16
batch: 8192
splitting decisions: 
split level 0: [/26, 1789] [/input, 5034] [/26, 5586] [/26, 2224] [/26, 1575] [/input, 3475] [/26, 759] [/26, 1588] [/26, 3554] [/26, 1676] 
best_l after optimization: -13446.0498046875
beta sum per layer: [40419.7109375, 96300.84375, 95.68014526367188]
alpha/beta optimization time: 2.8356220722198486
pruning_in_iteration open status: False
ratio of positive domain = 23 / 16384 = 0.00140380859375
pruning-in-iteration extra time: 6.341934204101562e-05
Time: pickout 0.7193    branching_decision 0.0021    decision 0.0021    set_bounds 0.3618    prepare 0.3724    transfer 0.0001    finalize 0.7072    func 4.4939    solve 4.4424    add 0.1641    bab_iteration 5.6975    
Accumulated time: bab_iteration 46.3530    pickout 6.9682    decision 0.0202    branching_decision 0.0199    set_bounds 3.7415    solve 35.1759    func 39.6691    prepare 3.4116    transfer 0.0013    finalize 7.6476    add 1.4837    
max lb 1.1379045248031616 min lb -1.2718908786773682
Number of Verified Splits: 23 of 16384
Current worst splitting domains lb-rhs (depth):
-1.28473 (11), -1.28421 (11), -1.28399 (14), -1.28395 (11), -1.28377 (11), -1.28356 (11), -1.28353 (11), -1.28344 (11), -1.28341 (11), -1.28317 (14), -1.28292 (11), -1.28274 (14), -1.28266 (14), -1.28251 (14), -1.28130 (11), -1.28126 (11), -1.28119 (11), -1.28081 (15), -1.28079 (11), -1.28075 (11), 
Current (lb-rhs): -1.2847278118133545
151382 domains visited
Length of domains: 75587
Cumulative time: 52.05226731300354

BaB round 17
batch: 8192
splitting decisions: 
split level 0: [/input, 606] [/input, 2503] [/26, 135] [/26, 219] [/input, 3340] [/input, 4719] [/26, 774] [/26, 1684] [/26, 3417] [/26, 1600] 
best_l after optimization: -13036.263671875
beta sum per layer: [44461.35546875, 103841.1015625, 104.35302734375]
alpha/beta optimization time: 2.8348548412323
pruning_in_iteration open status: False
ratio of positive domain = 20 / 16384 = 0.001220703125
pruning-in-iteration extra time: 6.0558319091796875e-05
Time: pickout 0.7211    branching_decision 0.0020    decision 0.0021    set_bounds 0.3621    prepare 0.3694    transfer 0.0001    finalize 1.2184    func 4.5398    solve 4.4940    add 0.0814    bab_iteration 5.6676    
Accumulated time: bab_iteration 52.0206    pickout 7.6893    decision 0.0223    branching_decision 0.0219    set_bounds 4.1036    solve 39.6699    func 44.2090    prepare 3.7810    transfer 0.0014    finalize 8.8660    add 1.5651    
max lb 0.774533748626709 min lb -1.2700496912002563
Number of Verified Splits: 20 of 16384
Current worst splitting domains lb-rhs (depth):
-1.28473 (11), -1.28421 (11), -1.28399 (14), -1.28395 (11), -1.28377 (11), -1.28356 (11), -1.28353 (11), -1.28344 (11), -1.28341 (11), -1.28317 (14), -1.28292 (11), -1.28274 (14), -1.28266 (14), -1.28251 (14), -1.28130 (11), -1.28126 (11), -1.28119 (11), -1.28081 (15), -1.28079 (11), -1.28075 (11), 
Current (lb-rhs): -1.2847278118133545
167766 domains visited
Length of domains: 83759
Cumulative time: 57.769752740859985

BaB round 18
batch: 8192
splitting decisions: 
split level 0: [/input, 5244] [/26, 760] [/26, 1891] [/input, 4749] [/26, 5993] [/26, 321] [/26, 6205] [/input, 3151] [/26, 2567] [/input, 631] 
best_l after optimization: -12598.8583984375
beta sum per layer: [48817.03125, 111465.34375, 115.81968688964844]
alpha/beta optimization time: 2.835294008255005
pruning_in_iteration open status: False
ratio of positive domain = 62 / 16384 = 0.0037841796875
pruning-in-iteration extra time: 5.6743621826171875e-05
Time: pickout 0.7258    branching_decision 0.0020    decision 0.0020    set_bounds 0.3623    prepare 0.3699    transfer 0.0001    finalize 0.6999    func 4.0223    solve 4.5399    add 0.0827    bab_iteration 5.7175    
Accumulated time: bab_iteration 57.7381    pickout 8.4150    decision 0.0242    branching_decision 0.0239    set_bounds 4.4660    solve 44.2098    func 48.2313    prepare 4.1509    transfer 0.0014    finalize 9.5659    add 1.6479    
max lb 1.0757713317871094 min lb -1.2481937408447266
Number of Verified Splits: 62 of 16384
Current worst splitting domains lb-rhs (depth):
-1.28473 (11), -1.28421 (11), -1.28399 (14), -1.28395 (11), -1.28377 (11), -1.28356 (11), -1.28353 (11), -1.28344 (11), -1.28341 (11), -1.28317 (14), -1.28292 (11), -1.28274 (14), -1.28266 (14), -1.28251 (14), -1.28130 (11), -1.28126 (11), -1.28119 (11), -1.28081 (15), -1.28079 (11), -1.28075 (11), 
Current (lb-rhs): -1.2847278118133545
184150 domains visited
Length of domains: 91889
Time out!!!!!!!!
Result: unknown in 65.9261 seconds

 %%%%%%%%%%%%%%%%%%%%%%%%%%%%%%%%%%% idx: 5, vnnlib ID: 5 %%%%%%%%%%%%%%%%%%%%%%%%%%%%%%%%%%%
Finished vnnlib processing in 0.001606 seconds
Model: BoundedModule(
  (/input-1): BoundInput(name=/input-1, inputs=[], perturbed=True)
  (/shape): BoundBuffers(name=/shape, inputs=[], perturbed=False)
  (/12): BoundParams(name=/12, inputs=[], perturbed=False)
  (/13): BoundParams(name=/13, inputs=[], perturbed=False)
  (/14): BoundParams(name=/14, inputs=[], perturbed=False)
  (/15): BoundParams(name=/15, inputs=[], perturbed=False)
  (/16): BoundParams(name=/16, inputs=[], perturbed=False)
  (/17): BoundParams(name=/17, inputs=[], perturbed=False)
  (/18): BoundParams(name=/18, inputs=[], perturbed=False)
  (/19): BoundParams(name=/19, inputs=[], perturbed=False)
  (/20): BoundParams(name=/20, inputs=[], perturbed=False)
  (/21): BoundParams(name=/21, inputs=[], perturbed=False)
  (/input): BoundConv(name=/input, inputs=[/input-1, /12, /13], perturbed=True)
  (/input-4): BoundRelu(name=/input-4, inputs=[/input], perturbed=True)
  (/24): BoundConv(name=/24, inputs=[/input-4, /14, /15], perturbed=True)
  (/25): BoundConv(name=/25, inputs=[/input-4, /16, /17], perturbed=True)
  (/26): BoundAdd(name=/26, inputs=[/24, /25], perturbed=True)
  (/27): BoundRelu(name=/27, inputs=[/26], perturbed=True)
  (/28): BoundSplit(name=/28, inputs=[/shape], perturbed=False)
  (/29): BoundSplit(name=/29, inputs=[/shape], perturbed=False)
  (/30): BoundConstant(name=/30, value=tensor([0], device='cuda:0'))
  (/31): BoundSqueeze(name=/31, inputs=[/28, /30], perturbed=False)
  (/32): BoundConstant(name=/32, value=tensor([0], device='cuda:0'))
  (/33): BoundSqueeze(name=/33, inputs=[/29, /32], perturbed=False)
  (/34): BoundConstant(name=/34, value=tensor([0], device='cuda:0'))
  (/35): BoundUnsqueeze(name=/35, inputs=[/31, /34], perturbed=False)
  (/36): BoundConstant(name=/36, value=tensor([0], device='cuda:0'))
  (/37): BoundUnsqueeze(name=/37, inputs=[/33, /36], perturbed=False)
  (/38): BoundConcat(name=/38, inputs=[/35, /37], perturbed=False)
  (/39): BoundReshape(name=/39, inputs=[/27, /38], perturbed=True)
  (/input-8): BoundLinear(name=/input-8, inputs=[/39, /18, /19], perturbed=True)
  (/41): BoundRelu(name=/41, inputs=[/input-8], perturbed=True)
  (/42): BoundLinear(name=/42, inputs=[/41, /20, /21], perturbed=True)
)
Original output in the first batch: tensor([[-5.02561998,  5.22064400,  0.47097343,  0.25350273, -1.83791983,
         -1.04694867, -1.21368241,  0.02979462,  0.44255015, -2.32435822]],
       device='cuda:0')
Split layers:
Nonlinear functions:
   BoundRelu(name=/input-4, inputs=[/input], perturbed=True)
   BoundRelu(name=/27, inputs=[/26], perturbed=True)
   BoundRelu(name=/41, inputs=[/input-8], perturbed=True)
build batch [1/1]
layer /input-4 using sparse-features alpha with shape [1497]; unstable size 1497; total size 6272 ([1, 8, 28, 28])
layer /input-4 start_node /26 using sparse-spec alpha [2, 6, 1, 1497] with unstable size 5 total_size 8 output_shape 8
layer /input-4 start_node /input-8 using sparse-spec alpha [2, 21, 1, 1497] with unstable size 20 total_size 64 output_shape torch.Size([64])
layer /input-4 start_node /42 using full alpha [2, 9, 1, 1497] with unstable size None total_size 9 output_shape 9
layer /27 using sparse-features alpha with shape [2344]; unstable size 2344; total size 6272 ([1, 8, 28, 28])
layer /27 start_node /input-8 using sparse-spec alpha [2, 21, 1, 2344] with unstable size 20 total_size 64 output_shape torch.Size([64])
layer /27 start_node /42 using full alpha [2, 9, 1, 2344] with unstable size None total_size 9 output_shape 9
layer /41 using sparse-features alpha with shape [20]; unstable size 20; total size 64 ([1, 64])
layer /41 start_node /42 using full alpha [2, 9, 1, 20] with unstable size None total_size 9 output_shape 9
Optimizable variables initialized.
initial CROWN bounds (first 10 items): [2.8194620609283447, -1.4215483665466309, -2.034945487976074, 1.3573875427246094, 0.7180655002593994, 0.14091014862060547, -1.6046333312988281, -0.050088346004486084, 0.9159958362579346]
prune_after_crown optimization in use
  original spec size = torch.Size([1, 9])
  pruned spec size = torch.Size([1, 4])
Using alpha-CROWN to initialize bounds.
best_l after optimization: -3.590085506439209
alpha/beta optimization time: 1.6048758029937744
initial alpha-crown bounds (first 10 items): [-1.152245283126831, -1.4772312641143799, -1.1691491603851318, 0.20854008197784424]
Global lower bound: -1.4772312641143799
6 / 9 OR specs are verified.
Verified OR indices (first 10 items): [0, 3, 4, 5, 7, 8]
Verified OR lbs (first 10 items): [[inf], [inf], [inf], [inf], [0.20854008197784424], [inf]]
Unverified OR indices (first 10 items): [1, 2, 6]
Unverified OR lbs (first 10 items): [[-1.152245283126831], [-1.4772312641143799], [-1.1691491603851318]]
###### Verifying property Instance 5 ######
Batch size: 3
First 10 spec matrices
C: tensor([[[ 0.,  1., -1.,  0.,  0.,  0.,  0.,  0.,  0.,  0.]],

        [[ 0.,  1.,  0., -1.,  0.,  0.,  0.,  0.,  0.,  0.]],

        [[ 0.,  1.,  0.,  0.,  0.,  0.,  0., -1.,  0.,  0.]]], device='cuda:0')
RHS: tensor([[0.],
        [0.],
        [0.]], device='cuda:0')
OR spec sizes: tensor([1, 1, 1], device='cuda:0', dtype=torch.int32)
Remaining timeout: 57.923949003219604
Model prediction is: tensor([-5.02561998,  5.22064400,  0.47097343,  0.25350273, -1.83791983,
        -1.04694867, -1.21368241,  0.02979462,  0.44255015, -2.32435822],
       device='cuda:0')
Activation BaB batch 1/1 
build_with_refined_bounds batch [1/1]
Optimizable variables initialized.
all alpha initialized
directly get lb and ub from refined bounds
c shape: torch.Size([3, 1, 10])
lA shapes: [torch.Size([3, 1, 8, 28, 28]), torch.Size([3, 1, 8, 28, 28]), torch.Size([3, 1, 64])]
(alpha-)CROWN with fixed intermediate bounds: tensor([[-1.15224528],
        [-1.47723126],
        [-1.16914916]], device='cuda:0') tensor([[inf],
        [inf],
        [inf]], device='cuda:0')
Intermediate layers: /input,/26,/input-8
Keeping alphas for these layers: ['/42']
Node /input-4 input 0: size torch.Size([8, 28, 28]) unstable 1497
Node /27 input 0: size torch.Size([8, 28, 28]) unstable 2338
Node /41 input 0: size torch.Size([64]) unstable 20
-----------------
# of unstable neurons: 3855
-----------------

BaB round 1
batch: 3
splitting decisions: 
split level 0: [/26, 2146] [/26, 761] [/26, 1676] 
split level 1: [/26, 539] [/26, 6107] [/input, 5131] 
split level 2: [/input, 3202] [/26, 2146] [/26, 3907] 
split level 3: [/input, 3329] [/input, 4356] [/26, 3610] 
split level 4: [/input, 3426] [/input, 3856] [/26, 5779] 
split level 5: [/26, 5521] [/26, 1986] [/26, 3182] 
best_l after optimization: -226.31021118164062
beta sum per layer: [92.7601318359375, 168.81271362304688, 0.0]
alpha/beta optimization time: 0.13944387435913086
pruning_in_iteration open status: False
ratio of positive domain = 0 / 192 = 0.0
pruning-in-iteration extra time: 4.982948303222656e-05
Time: pickout 0.0011    branching_decision 0.0001    decision 0.0001    set_bounds 0.0113    prepare 0.0028    transfer 0.0000    finalize 0.0077    func 0.1545    
Accumulated time: bab_iteration 0.0000    pickout 0.0011    decision 0.0001    branching_decision 0.0001    set_bounds 0.0113    solve 0.0000    func 0.1545    prepare 0.0028    transfer 0.0000    finalize 0.0077    
max lb -0.9473445415496826 min lb -1.4763848781585693
Number of Verified Splits: 0 of 192
Current worst splitting domains lb-rhs (depth):
-1.47638 (6), -1.47520 (6), -1.45809 (6), -1.45716 (6), -1.45069 (6), -1.44975 (6), -1.44353 (6), -1.44246 (6), -1.43238 (6), -1.43146 (6), -1.43039 (6), -1.42921 (6), -1.42566 (6), -1.42474 (6), -1.41805 (6), -1.41698 (6), -1.41281 (6), -1.41163 (6), -1.40571 (6), -1.40453 (6), 
Current (lb-rhs): -1.4763848781585693
192 domains visited
Length of domains: 192
Cumulative time: 0.20476627349853516

BaB round 2
batch: 192
splitting decisions: 
split level 0: [/26, 468] [/input, 3394] [/input, 4879] [/26, 3165] [/26, 5609] [/26, 1800] [/26, 2213] [/26, 3197] [/26, 6104] [/26, 3752] 
best_l after optimization: -443.6610107421875
beta sum per layer: [206.94749450683594, 539.1842651367188, 0.0]
alpha/beta optimization time: 0.14171314239501953
pruning_in_iteration open status: False
ratio of positive domain = 0 / 384 = 0.0
pruning-in-iteration extra time: 5.1975250244140625e-05
Time: pickout 0.0162    branching_decision 0.0001    decision 0.0001    set_bounds 0.0087    prepare 0.0084    transfer 0.0000    finalize 0.0157    func 0.1717    solve 0.1546    add 0.0016    bab_iteration 0.1689    
Accumulated time: bab_iteration 0.1689    pickout 0.0173    decision 0.0002    branching_decision 0.0002    set_bounds 0.0200    solve 0.1546    func 0.3262    prepare 0.0112    transfer 0.0001    finalize 0.0234    add 0.0016    
max lb -0.8301637172698975 min lb -1.4763808250427246
Number of Verified Splits: 0 of 384
Current worst splitting domains lb-rhs (depth):
-1.47638 (7), -1.47514 (7), -1.45779 (7), -1.45660 (7), -1.45030 (7), -1.44927 (7), -1.44474 (7), -1.44336 (7), -1.44211 (7), -1.43236 (7), -1.43100 (7), -1.42571 (7), -1.42475 (7), -1.42465 (7), -1.42341 (7), -1.42313 (7), -1.42308 (7), -1.41997 (7), -1.41865 (7), -1.41792 (7), 
Current (lb-rhs): -1.4763808250427246
576 domains visited
Length of domains: 384
Cumulative time: 0.4049205780029297

BaB round 3
batch: 384
splitting decisions: 
split level 0: [/26, 3616] [/26, 5528] [/26, 5846] [/26, 5572] [/26, 3896] [/26, 1829] [/26, 16] [/input, 5133] [/26, 6221] [/26, 1582] 
best_l after optimization: -877.3323364257812
beta sum per layer: [468.082275390625, 1191.38134765625, 0.0]
alpha/beta optimization time: 0.14440369606018066
pruning_in_iteration open status: False
ratio of positive domain = 0 / 768 = 0.0
pruning-in-iteration extra time: 5.1975250244140625e-05
Time: pickout 0.0310    branching_decision 0.0002    decision 0.0002    set_bounds 0.0172    prepare 0.0167    transfer 0.0000    finalize 0.0305    func 0.2003    solve 0.1717    add 0.0032    bab_iteration 0.2002    
Accumulated time: bab_iteration 0.3690    pickout 0.0483    decision 0.0004    branching_decision 0.0004    set_bounds 0.0372    solve 0.3263    func 0.5265    prepare 0.0279    transfer 0.0001    finalize 0.0538    add 0.0048    
max lb -0.7777433395385742 min lb -1.4762964248657227
Number of Verified Splits: 0 of 768
Current worst splitting domains lb-rhs (depth):
-1.47630 (8), -1.47508 (8), -1.46554 (8), -1.45758 (8), -1.45653 (8), -1.45325 (8), -1.45030 (8), -1.45020 (8), -1.44921 (8), -1.44318 (8), -1.44310 (8), -1.44261 (8), -1.44142 (8), -1.44102 (8), -1.43931 (8), -1.43718 (8), -1.43415 (8), -1.43179 (8), -1.43072 (8), -1.42740 (8), 
Current (lb-rhs): -1.4762964248657227
1344 domains visited
Length of domains: 768
Cumulative time: 0.6588423252105713

BaB round 4
batch: 768
splitting decisions: 
split level 0: [/input, 185] [/26, 1702] [/26, 3203] [/26, 422] [/input, 5211] [/input, 3798] [/26, 3913] [/26, 5733] [/26, 5742] [/26, 6107] 
best_l after optimization: -1734.708740234375
beta sum per layer: [1074.252685546875, 2629.970703125, 1.996882677078247]
alpha/beta optimization time: 0.24349594116210938
pruning_in_iteration open status: False
ratio of positive domain = 1 / 1536 = 0.0006510416666666297
pruning-in-iteration extra time: 5.3882598876953125e-05
Time: pickout 0.0622    branching_decision 0.0003    decision 0.0003    set_bounds 0.0402    prepare 0.0336    transfer 0.0000    finalize 0.0627    func 0.3535    solve 0.2003    add 0.0049    bab_iteration 0.2539    
Accumulated time: bab_iteration 0.6229    pickout 0.1105    decision 0.0008    branching_decision 0.0007    set_bounds 0.0774    solve 0.5266    func 0.8800    prepare 0.0615    transfer 0.0002    finalize 0.1166    add 0.0097    
max lb 0.038275957107543945 min lb -1.476288914680481
Number of Verified Splits: 1 of 1536
Current worst splitting domains lb-rhs (depth):
-1.47629 (9), -1.47347 (9), -1.46843 (9), -1.46546 (9), -1.46540 (9), -1.45846 (9), -1.45730 (9), -1.45650 (9), -1.45284 (9), -1.45239 (9), -1.45068 (9), -1.45030 (9), -1.45030 (9), -1.44995 (9), -1.44915 (9), -1.44811 (9), -1.44318 (9), -1.44312 (9), -1.44261 (9), -1.44204 (9), 
Current (lb-rhs): -1.476288914680481
2880 domains visited
Length of domains: 1535
Cumulative time: 1.1261780261993408

BaB round 5
batch: 1535
splitting decisions: 
split level 0: [/26, 1932] [/26, 1940] [/input, 5892] [/input, 185] [/input, 5085] [/input, 4750] [/26, 6099] [/26, 3491] [/26, 5593] [/26, 32] 
best_l after optimization: -3427.828125
beta sum per layer: [2442.0224609375, 5742.1650390625, 3.5250868797302246]
alpha/beta optimization time: 0.5309298038482666
pruning_in_iteration open status: False
ratio of positive domain = 2 / 3070 = 0.0006514657980456473
pruning-in-iteration extra time: 7.05718994140625e-05
Time: pickout 0.1231    branching_decision 0.0006    decision 0.0007    set_bounds 0.0693    prepare 0.0681    transfer 0.0000    finalize 0.1316    func 0.7559    solve 0.3535    add 0.0106    bab_iteration 0.4673    
Accumulated time: bab_iteration 1.0903    pickout 0.2336    decision 0.0014    branching_decision 0.0013    set_bounds 0.1467    solve 0.8802    func 1.6359    prepare 0.1296    transfer 0.0002    finalize 0.2481    add 0.0204    
max lb 0.26061153411865234 min lb -1.4762423038482666
Number of Verified Splits: 2 of 3070
Current worst splitting domains lb-rhs (depth):
-1.47624 (10), -1.47624 (10), -1.47334 (10), -1.46796 (10), -1.46785 (10), -1.46540 (10), -1.46538 (10), -1.46528 (10), -1.45729 (10), -1.45667 (10), -1.45645 (10), -1.45587 (10), -1.45556 (10), -1.45284 (10), -1.45223 (10), -1.45030 (10), -1.45028 (10), -1.44984 (10), -1.44977 (10), -1.44955 (10), 
Current (lb-rhs): -1.4762423038482666
5950 domains visited
Length of domains: 3068
Cumulative time: 2.093613386154175

BaB round 6
batch: 2048
splitting decisions: 
split level 0: [/input, 5432] [/26, 1801] [/input-8, 54] [/input, 5393] [/26, 5638] [/26, 2162] [/26, 617] [/input, 3509] [/26, 3676] [/26, 426] 
best_l after optimization: -4486.56884765625
beta sum per layer: [3684.2119140625, 8857.3203125, 6.274115562438965]
alpha/beta optimization time: 0.7231907844543457
pruning_in_iteration open status: False
ratio of positive domain = 2 / 4096 = 0.00048828125
pruning-in-iteration extra time: 5.316734313964844e-05
Time: pickout 0.3018    branching_decision 0.0006    decision 0.0007    set_bounds 0.0900    prepare 0.0909    transfer 0.0001    finalize 0.1613    func 1.0078    solve 0.7560    add 0.0178    bab_iteration 0.9674    
Accumulated time: bab_iteration 2.0577    pickout 0.5354    decision 0.0021    branching_decision 0.0020    set_bounds 0.2367    solve 1.6361    func 2.6437    prepare 0.2205    transfer 0.0003    finalize 0.4095    add 0.0381    
max lb 0.3356199264526367 min lb -1.467339038848877
Number of Verified Splits: 2 of 4096
Current worst splitting domains lb-rhs (depth):
-1.47624 (10), -1.47334 (10), -1.46734 (11), -1.46733 (11), -1.46733 (11), -1.46540 (10), -1.46529 (11), -1.46517 (11), -1.46517 (11), -1.46515 (11), -1.45943 (11), -1.45729 (10), -1.45645 (10), -1.45636 (11), -1.45587 (11), -1.45570 (11), -1.45555 (11), -1.45533 (11), -1.45284 (10), -1.45223 (11), 
Current (lb-rhs): -1.4762383699417114
10046 domains visited
Length of domains: 5114
current_vram/total_varm: 8.6GB/47.7GB, batch_size increase to 4096
Cumulative time: 3.520343542098999

BaB round 7
batch: 4096
splitting decisions: 
split level 0: [/input, 3307] [/26, 6112] [/input, 4991] [/input, 4894] [/26, 3361] [/input, 2783] [/26, 2203] [/input, 4773] [/26, 82] [/26, 3824] 
best_l after optimization: -8849.849609375
beta sum per layer: [8195.8857421875, 19159.181640625, 16.24764633178711]
alpha/beta optimization time: 1.4459962844848633
pruning_in_iteration open status: False
ratio of positive domain = 12 / 8192 = 0.00146484375
pruning-in-iteration extra time: 5.4836273193359375e-05
Time: pickout 0.3359    branching_decision 0.0011    decision 0.0012    set_bounds 0.3272    prepare 0.1840    transfer 0.0001    finalize 0.3471    func 2.0394    solve 1.0078    add 0.0254    bab_iteration 1.4267    
Accumulated time: bab_iteration 3.4844    pickout 0.8713    decision 0.0032    branching_decision 0.0031    set_bounds 0.5639    solve 2.6439    func 4.6831    prepare 0.4045    transfer 0.0004    finalize 0.7566    add 0.0635    
max lb 1.056310772895813 min lb -1.4671114683151245
Number of Verified Splits: 12 of 8192
Current worst splitting domains lb-rhs (depth):
-1.47624 (10), -1.47334 (10), -1.46711 (12), -1.46674 (12), -1.46668 (12), -1.46623 (12), -1.46540 (10), -1.46518 (12), -1.46506 (12), -1.46498 (12), -1.46497 (12), -1.46460 (12), -1.46315 (12), -1.45881 (12), -1.45874 (12), -1.45729 (10), -1.45645 (10), -1.45609 (12), -1.45587 (12), -1.45551 (12), 
Current (lb-rhs): -1.4762383699417114
18238 domains visited
Length of domains: 9198
current_vram/total_varm: 16.7GB/47.7GB, batch_size increase to 8192
Cumulative time: 6.2757182121276855

BaB round 8
batch: 8192
splitting decisions: 
split level 0: [/input, 3778] [/26, 5677] [/input, 4744] [/26, 2302] [/input, 5919] [/26, 3877] [/26, 1715] [/input, 3240] [/input, 3786] [/26, 315] 
best_l after optimization: -17483.44140625
beta sum per layer: [18051.533203125, 41198.328125, 41.61748504638672]
alpha/beta optimization time: 2.8672711849212646
pruning_in_iteration open status: False
ratio of positive domain = 22 / 16384 = 0.0013427734375
pruning-in-iteration extra time: 5.7697296142578125e-05
Time: pickout 0.8635    branching_decision 0.0021    decision 0.0021    set_bounds 0.3716    prepare 0.3714    transfer 0.0002    finalize 0.7231    func 4.2532    solve 2.0395    add 0.0496    bab_iteration 2.7554    
Accumulated time: bab_iteration 6.2398    pickout 1.7348    decision 0.0053    branching_decision 0.0052    set_bounds 0.9354    solve 4.6834    func 8.9363    prepare 0.7759    transfer 0.0006    finalize 1.4797    add 0.1131    
max lb 1.323097586631775 min lb -1.4667025804519653
Number of Verified Splits: 22 of 16384
Current worst splitting domains lb-rhs (depth):
-1.47624 (10), -1.47334 (10), -1.46670 (13), -1.46642 (13), -1.46619 (13), -1.46577 (13), -1.46540 (10), -1.46515 (13), -1.46507 (13), -1.46496 (13), -1.46492 (13), -1.46491 (13), -1.46485 (13), -1.46457 (13), -1.46341 (13), -1.46252 (13), -1.46236 (13), -1.46057 (13), -1.45837 (13), -1.45811 (13), 
Current (lb-rhs): -1.4762383699417114
34622 domains visited
Length of domains: 17368
Cumulative time: 11.85606837272644

BaB round 9
batch: 8192
splitting decisions: 
split level 0: [/input, 3280] [/input, 3418] [/input, 3828] [/26, 2951] [/input, 5203] [/input, 5008] [/26, 192] [/26, 591] [/26, 1693] [/26, 2868] 
best_l after optimization: -17101.90625
beta sum per layer: [20156.34375, 46310.9375, 50.32538604736328]
alpha/beta optimization time: 2.8659465312957764
pruning_in_iteration open status: False
ratio of positive domain = 21 / 16384 = 0.00128173828125
pruning-in-iteration extra time: 5.793571472167969e-05
Time: pickout 0.9021    branching_decision 0.0020    decision 0.0021    set_bounds 0.3592    prepare 0.3714    transfer 0.0001    finalize 0.9267    func 4.2810    solve 4.2533    add 0.0859    bab_iteration 5.5803    
Accumulated time: bab_iteration 11.8201    pickout 2.6368    decision 0.0074    branching_decision 0.0072    set_bounds 1.2946    solve 8.9366    func 13.2173    prepare 1.1473    transfer 0.0007    finalize 2.4064    add 0.1990    
max lb 1.4173825979232788 min lb -1.4661166667938232
Number of Verified Splits: 21 of 16384
Current worst splitting domains lb-rhs (depth):
-1.47624 (10), -1.47334 (10), -1.46670 (13), -1.46619 (13), -1.46612 (14), -1.46577 (13), -1.46540 (10), -1.46515 (13), -1.46496 (13), -1.46492 (13), -1.46485 (13), -1.46466 (14), -1.46457 (13), -1.46332 (14), -1.46272 (14), -1.46258 (14), -1.46252 (13), -1.46235 (14), -1.46234 (14), -1.46209 (14), 
Current (lb-rhs): -1.4762383699417114
51006 domains visited
Length of domains: 25539
Cumulative time: 17.486160039901733

BaB round 10
batch: 8192
splitting decisions: 
split level 0: [/26, 359] [/input, 3167] [/26, 3352] [/26, 3602] [/input, 3747] [/26, 608] [/input, 3482] [/input, 5754] [/26, 1857] [/26, 2294] 
best_l after optimization: -16733.984375
beta sum per layer: [22339.689453125, 51619.3984375, 56.74566650390625]
alpha/beta optimization time: 2.8676018714904785
pruning_in_iteration open status: False
ratio of positive domain = 19 / 16384 = 0.00115966796875
pruning-in-iteration extra time: 8.177757263183594e-05
Time: pickout 0.9486    branching_decision 0.0020    decision 0.0020    set_bounds 0.3615    prepare 0.3743    transfer 0.0001    finalize 0.7290    func 4.3843    solve 4.2811    add 0.0812    bab_iteration 5.6301    
Accumulated time: bab_iteration 17.4502    pickout 3.5854    decision 0.0094    branching_decision 0.0091    set_bounds 1.6561    solve 13.2177    func 17.6016    prepare 1.5216    transfer 0.0008    finalize 3.1354    add 0.2802    
max lb 1.190335750579834 min lb -1.465787649154663
Number of Verified Splits: 19 of 16384
Current worst splitting domains lb-rhs (depth):
-1.47624 (10), -1.47334 (10), -1.46670 (13), -1.46619 (13), -1.46579 (15), -1.46577 (13), -1.46540 (10), -1.46515 (13), -1.46496 (13), -1.46492 (13), -1.46485 (13), -1.46466 (14), -1.46464 (15), -1.46457 (13), -1.46318 (15), -1.46287 (15), -1.46259 (15), -1.46258 (14), -1.46252 (13), -1.46235 (14), 
Current (lb-rhs): -1.4762383699417114
67390 domains visited
Length of domains: 33712
Cumulative time: 23.3034565448761

BaB round 11
batch: 8192
splitting decisions: 
split level 0: [/26, 3590] [/input, 3679] [/26, 3398] [/26, 341] [/26, 605] [/input, 5366] [/26, 5668] [/input, 5268] [/input, 3272] [/input, 5461] 
best_l after optimization: -16366.3076171875
beta sum per layer: [24765.087890625, 56976.17578125, 60.05767822265625]
alpha/beta optimization time: 2.8675143718719482
pruning_in_iteration open status: False
ratio of positive domain = 16 / 16384 = 0.0009765625
pruning-in-iteration extra time: 6.29425048828125e-05
Time: pickout 0.7021    branching_decision 0.0020    decision 0.0020    set_bounds 0.6820    prepare 0.3739    transfer 0.0001    finalize 0.7237    func 4.0822    solve 4.3844    add 0.1156    bab_iteration 5.8173    
Accumulated time: bab_iteration 23.2675    pickout 4.2875    decision 0.0114    branching_decision 0.0111    set_bounds 2.3381    solve 17.6021    func 21.6838    prepare 1.8955    transfer 0.0008    finalize 3.8591    add 0.3958    
max lb 0.7839996814727783 min lb -1.4645419120788574
Number of Verified Splits: 16 of 16384
Current worst splitting domains lb-rhs (depth):
-1.47624 (10), -1.47334 (10), -1.46670 (13), -1.46619 (13), -1.46579 (15), -1.46577 (13), -1.46540 (10), -1.46515 (13), -1.46496 (13), -1.46492 (13), -1.46485 (13), -1.46466 (14), -1.46457 (13), -1.46454 (16), -1.46303 (16), -1.46287 (15), -1.46259 (15), -1.46258 (14), -1.46252 (13), -1.46235 (14), 
Current (lb-rhs): -1.4762383699417114
83774 domains visited
Length of domains: 41888
Cumulative time: 28.859423637390137

BaB round 12
batch: 8192
splitting decisions: 
split level 0: [/26, 2645] [/input, 5365] [/26, 319] [/26, 2011] [/input, 4737] [/input, 3296] [/input, 3065] [/26, 3240] [/input, 4926] [/26, 2041] 
best_l after optimization: -15973.49609375
beta sum per layer: [27314.63671875, 62508.20703125, 70.86441040039062]
alpha/beta optimization time: 2.868732452392578
pruning_in_iteration open status: False
ratio of positive domain = 20 / 16384 = 0.001220703125
pruning-in-iteration extra time: 5.7220458984375e-05
Time: pickout 1.0613    branching_decision 0.0019    decision 0.0019    set_bounds 0.3615    prepare 0.3740    transfer 0.0001    finalize 0.7273    func 4.0887    solve 4.0822    add 0.0816    bab_iteration 5.5560    
Accumulated time: bab_iteration 28.8235    pickout 5.3488    decision 0.0133    branching_decision 0.0130    set_bounds 2.6996    solve 21.6843    func 25.7725    prepare 2.2694    transfer 0.0009    finalize 4.5864    add 0.4774    
max lb 1.2753270864486694 min lb -1.4481183290481567
Number of Verified Splits: 20 of 16384
Current worst splitting domains lb-rhs (depth):
-1.47624 (10), -1.47334 (10), -1.46670 (13), -1.46619 (13), -1.46579 (15), -1.46577 (13), -1.46540 (10), -1.46515 (13), -1.46496 (13), -1.46492 (13), -1.46485 (13), -1.46466 (14), -1.46457 (13), -1.46454 (16), -1.46303 (16), -1.46287 (15), -1.46259 (15), -1.46258 (14), -1.46252 (13), -1.46235 (14), 
Current (lb-rhs): -1.4762383699417114
100158 domains visited
Length of domains: 50060
Cumulative time: 34.46353483200073

BaB round 13
batch: 8192
splitting decisions: 
split level 0: [/26, 2978] [/input, 4803] [/26, 2052] [/input, 5484] [/26, 2047] [/26, 1795] [/26, 3212] [/26, 63] [/input, 3685] [/26, 1898] 
best_l after optimization: -15589.9951171875
beta sum per layer: [30109.708984375, 68183.375, 77.53863525390625]
alpha/beta optimization time: 2.867985725402832
pruning_in_iteration open status: False
ratio of positive domain = 17 / 16384 = 0.00103759765625
pruning-in-iteration extra time: 6.031990051269531e-05
Time: pickout 1.1043    branching_decision 0.0021    decision 0.0021    set_bounds 0.3612    prepare 0.3728    transfer 0.0001    finalize 0.7241    func 4.0818    solve 4.0887    add 0.0840    bab_iteration 5.6041    
Accumulated time: bab_iteration 34.4276    pickout 6.4531    decision 0.0154    branching_decision 0.0151    set_bounds 3.0608    solve 25.7730    func 29.8543    prepare 2.6422    transfer 0.0010    finalize 5.3105    add 0.5614    
max lb 1.457571029663086 min lb -1.436151385307312
Number of Verified Splits: 17 of 16384
Current worst splitting domains lb-rhs (depth):
-1.47624 (10), -1.47334 (10), -1.46670 (13), -1.46619 (13), -1.46579 (15), -1.46577 (13), -1.46540 (10), -1.46515 (13), -1.46496 (13), -1.46492 (13), -1.46485 (13), -1.46466 (14), -1.46457 (13), -1.46454 (16), -1.46303 (16), -1.46287 (15), -1.46259 (15), -1.46258 (14), -1.46252 (13), -1.46235 (14), 
Current (lb-rhs): -1.4762383699417114
116542 domains visited
Length of domains: 58235
Cumulative time: 40.46663308143616

BaB round 14
batch: 8192
splitting decisions: 
split level 0: [/26, 3338] [/26, 6236] [/26, 3173] [/input, 3243] [/26, 774] [/26, 3719] [/input, 5454] [/input, 4819] [/26, 510] [/26, 3260] 
best_l after optimization: -15206.2119140625
beta sum per layer: [33128.6328125, 73997.40625, 88.65804290771484]
alpha/beta optimization time: 2.8685266971588135
pruning_in_iteration open status: False
ratio of positive domain = 23 / 16384 = 0.00140380859375
pruning-in-iteration extra time: 6.67572021484375e-05
Time: pickout 0.7166    branching_decision 0.0020    decision 0.0020    set_bounds 0.3625    prepare 0.3715    transfer 0.0001    finalize 0.7261    func 4.0831    solve 4.0819    add 0.4464    bab_iteration 6.0031    
Accumulated time: bab_iteration 40.4307    pickout 7.1698    decision 0.0174    branching_decision 0.0171    set_bounds 3.4233    solve 29.8549    func 33.9375    prepare 3.0137    transfer 0.0011    finalize 6.0366    add 1.0078    
max lb 1.0811750888824463 min lb -1.429997444152832
Number of Verified Splits: 23 of 16384
Current worst splitting domains lb-rhs (depth):
-1.47624 (10), -1.47334 (10), -1.46670 (13), -1.46619 (13), -1.46579 (15), -1.46577 (13), -1.46540 (10), -1.46515 (13), -1.46496 (13), -1.46492 (13), -1.46485 (13), -1.46466 (14), -1.46457 (13), -1.46454 (16), -1.46303 (16), -1.46287 (15), -1.46259 (15), -1.46258 (14), -1.46252 (13), -1.46235 (14), 
Current (lb-rhs): -1.4762383699417114
132926 domains visited
Length of domains: 66404
Cumulative time: 46.24357557296753

BaB round 15
batch: 8192
splitting decisions: 
split level 0: [/26, 613] [/26, 5882] [/26, 3181] [/26, 2266] [/input, 5270] [/26, 1662] [/input, 5112] [/26, 3895] [/26, 6194] [/26, 29] 
best_l after optimization: -14826.173828125
beta sum per layer: [36265.5234375, 79829.7890625, 92.64661407470703]
alpha/beta optimization time: 2.868377208709717
pruning_in_iteration open status: False
ratio of positive domain = 24 / 16384 = 0.00146484375
pruning-in-iteration extra time: 8.0108642578125e-05
Time: pickout 0.7176    branching_decision 0.0020    decision 0.0020    set_bounds 0.3622    prepare 0.3724    transfer 0.0001    finalize 0.7240    func 4.0823    solve 4.0832    add 0.6046    bab_iteration 5.7769    
Accumulated time: bab_iteration 46.2076    pickout 7.8874    decision 0.0194    branching_decision 0.0191    set_bounds 3.7855    solve 33.9382    func 38.0198    prepare 3.3861    transfer 0.0012    finalize 6.7606    add 1.6124    
max lb 1.4316178560256958 min lb -1.4290049076080322
Number of Verified Splits: 24 of 16384
Current worst splitting domains lb-rhs (depth):
-1.47624 (10), -1.47334 (10), -1.46670 (13), -1.46619 (13), -1.46579 (15), -1.46577 (13), -1.46540 (10), -1.46515 (13), -1.46496 (13), -1.46492 (13), -1.46485 (13), -1.46466 (14), -1.46457 (13), -1.46454 (16), -1.46303 (16), -1.46287 (15), -1.46259 (15), -1.46258 (14), -1.46252 (13), -1.46235 (14), 
Current (lb-rhs): -1.4762383699417114
149310 domains visited
Length of domains: 74572
Cumulative time: 51.502989053726196

BaB round 16
batch: 8192
splitting decisions: 
split level 0: [/26, 719] [/26, 1634] [/26, 2218] [/26, 3465] [/26, 635] [/26, 5677] [/26, 3795] [/input, 3855] [/input, 3168] [/26, 5775] 
best_l after optimization: -14440.310546875
beta sum per layer: [39526.83203125, 85899.6875, 102.30793762207031]
alpha/beta optimization time: 2.8681583404541016
pruning_in_iteration open status: False
ratio of positive domain = 27 / 16384 = 0.00164794921875
pruning-in-iteration extra time: 8.344650268554688e-05
Time: pickout 1.2028    branching_decision 0.0019    decision 0.0019    set_bounds 0.3612    prepare 0.3720    transfer 0.0001    finalize 0.7241    func 4.0814    solve 4.0823    add 0.0867    bab_iteration 5.2594    
Accumulated time: bab_iteration 51.4670    pickout 9.0902    decision 0.0213    branching_decision 0.0210    set_bounds 4.1466    solve 38.0205    func 42.1012    prepare 3.7581    transfer 0.0013    finalize 7.4847    add 1.6991    
max lb 1.2673957347869873 min lb -1.4230341911315918
Number of Verified Splits: 27 of 16384
Current worst splitting domains lb-rhs (depth):
-1.47624 (10), -1.47334 (10), -1.46670 (13), -1.46619 (13), -1.46579 (15), -1.46577 (13), -1.46540 (10), -1.46515 (13), -1.46496 (13), -1.46492 (13), -1.46485 (13), -1.46466 (14), -1.46457 (13), -1.46454 (16), -1.46303 (16), -1.46287 (15), -1.46259 (15), -1.46258 (14), -1.46252 (13), -1.46235 (14), 
Current (lb-rhs): -1.4762383699417114
165694 domains visited
Length of domains: 82737
Cumulative time: 57.24561381340027

BaB round 17
batch: 8192
splitting decisions: 
split level 0: [/26, 2193] [/26, 1714] [/26, 141] [/26, 1596] [/input, 4808] [/26, 5567] [/26, 194] [/26, 3186] [/input, 3631] [/26, 1721] 
best_l after optimization: -14061.5087890625
beta sum per layer: [43107.62890625, 91948.5703125, 107.94154357910156]
alpha/beta optimization time: 2.8688008785247803
pruning_in_iteration open status: False
ratio of positive domain = 30 / 16384 = 0.0018310546875
pruning-in-iteration extra time: 5.8650970458984375e-05
Time: pickout 1.2567    branching_decision 0.0021    decision 0.0021    set_bounds 0.3619    prepare 0.3714    transfer 0.0001    finalize 0.7253    func 4.0823    solve 4.0815    add 0.0859    bab_iteration 5.7426    
Accumulated time: bab_iteration 57.2096    pickout 10.3469    decision 0.0235    branching_decision 0.0231    set_bounds 4.5085    solve 42.1020    func 46.1835    prepare 4.1295    transfer 0.0013    finalize 8.2101    add 1.7850    
max lb 1.2347187995910645 min lb -1.4225621223449707
Number of Verified Splits: 31 of 16384
Current worst splitting domains lb-rhs (depth):
-1.47624 (10), -1.47334 (10), -1.46670 (13), -1.46619 (13), -1.46579 (15), -1.46577 (13), -1.46540 (10), -1.46515 (13), -1.46496 (13), -1.46492 (13), -1.46485 (13), -1.46466 (14), -1.46457 (13), -1.46454 (16), -1.46303 (16), -1.46287 (15), -1.46259 (15), -1.46258 (14), -1.46252 (13), -1.46235 (14), 
Current (lb-rhs): -1.4762383699417114
182078 domains visited
Length of domains: 90898
Time out!!!!!!!!
Result: unknown in 65.4496 seconds

 %%%%%%%%%%%%%%%%%%%%%%%%%%%%%%%%%%% idx: 6, vnnlib ID: 6 %%%%%%%%%%%%%%%%%%%%%%%%%%%%%%%%%%%
Finished vnnlib processing in 0.001647 seconds
Model: BoundedModule(
  (/input-1): BoundInput(name=/input-1, inputs=[], perturbed=True)
  (/shape): BoundBuffers(name=/shape, inputs=[], perturbed=False)
  (/12): BoundParams(name=/12, inputs=[], perturbed=False)
  (/13): BoundParams(name=/13, inputs=[], perturbed=False)
  (/14): BoundParams(name=/14, inputs=[], perturbed=False)
  (/15): BoundParams(name=/15, inputs=[], perturbed=False)
  (/16): BoundParams(name=/16, inputs=[], perturbed=False)
  (/17): BoundParams(name=/17, inputs=[], perturbed=False)
  (/18): BoundParams(name=/18, inputs=[], perturbed=False)
  (/19): BoundParams(name=/19, inputs=[], perturbed=False)
  (/20): BoundParams(name=/20, inputs=[], perturbed=False)
  (/21): BoundParams(name=/21, inputs=[], perturbed=False)
  (/input): BoundConv(name=/input, inputs=[/input-1, /12, /13], perturbed=True)
  (/input-4): BoundRelu(name=/input-4, inputs=[/input], perturbed=True)
  (/24): BoundConv(name=/24, inputs=[/input-4, /14, /15], perturbed=True)
  (/25): BoundConv(name=/25, inputs=[/input-4, /16, /17], perturbed=True)
  (/26): BoundAdd(name=/26, inputs=[/24, /25], perturbed=True)
  (/27): BoundRelu(name=/27, inputs=[/26], perturbed=True)
  (/28): BoundSplit(name=/28, inputs=[/shape], perturbed=False)
  (/29): BoundSplit(name=/29, inputs=[/shape], perturbed=False)
  (/30): BoundConstant(name=/30, value=tensor([0], device='cuda:0'))
  (/31): BoundSqueeze(name=/31, inputs=[/28, /30], perturbed=False)
  (/32): BoundConstant(name=/32, value=tensor([0], device='cuda:0'))
  (/33): BoundSqueeze(name=/33, inputs=[/29, /32], perturbed=False)
  (/34): BoundConstant(name=/34, value=tensor([0], device='cuda:0'))
  (/35): BoundUnsqueeze(name=/35, inputs=[/31, /34], perturbed=False)
  (/36): BoundConstant(name=/36, value=tensor([0], device='cuda:0'))
  (/37): BoundUnsqueeze(name=/37, inputs=[/33, /36], perturbed=False)
  (/38): BoundConcat(name=/38, inputs=[/35, /37], perturbed=False)
  (/39): BoundReshape(name=/39, inputs=[/27, /38], perturbed=True)
  (/input-8): BoundLinear(name=/input-8, inputs=[/39, /18, /19], perturbed=True)
  (/41): BoundRelu(name=/41, inputs=[/input-8], perturbed=True)
  (/42): BoundLinear(name=/42, inputs=[/41, /20, /21], perturbed=True)
)
Original output in the first batch: tensor([[-2.45666289, -2.22475696, -1.73973835,  2.25172806,  7.18227243,
          4.33149242, -3.62663269,  4.87875891,  4.05887079,  4.12637424]],
       device='cuda:0')
Split layers:
Nonlinear functions:
   BoundRelu(name=/input-4, inputs=[/input], perturbed=True)
   BoundRelu(name=/27, inputs=[/26], perturbed=True)
   BoundRelu(name=/41, inputs=[/input-8], perturbed=True)
build batch [1/1]
layer /input-4 using sparse-features alpha with shape [1530]; unstable size 1530; total size 6272 ([1, 8, 28, 28])
layer /input-4 start_node /26 using sparse-spec alpha [2, 7, 1, 1530] with unstable size 6 total_size 8 output_shape 8
layer /input-4 start_node /input-8 using sparse-spec alpha [2, 14, 1, 1530] with unstable size 13 total_size 64 output_shape torch.Size([64])
layer /input-4 start_node /42 using full alpha [2, 9, 1, 1530] with unstable size None total_size 9 output_shape 9
layer /27 using sparse-features alpha with shape [1981]; unstable size 1981; total size 6272 ([1, 8, 28, 28])
layer /27 start_node /input-8 using sparse-spec alpha [2, 14, 1, 1981] with unstable size 13 total_size 64 output_shape torch.Size([64])
layer /27 start_node /42 using full alpha [2, 9, 1, 1981] with unstable size None total_size 9 output_shape 9
layer /41 using sparse-features alpha with shape [13]; unstable size 13; total size 64 ([1, 64])
layer /41 start_node /42 using full alpha [2, 9, 1, 13] with unstable size None total_size 9 output_shape 9
Optimizable variables initialized.
initial CROWN bounds (first 10 items): [3.7158403396606445, 4.418389320373535, 2.8205018043518066, -1.7836178541183472, -2.4658539295196533, 4.374537944793701, -2.9962737560272217, -1.8790528774261475, -0.968458890914917]
prune_after_crown optimization in use
  original spec size = torch.Size([1, 9])
  pruned spec size = torch.Size([1, 5])
Using alpha-CROWN to initialize bounds.
best_l after optimization: -8.073671340942383
alpha/beta optimization time: 1.5835859775543213
initial alpha-crown bounds (first 10 items): [-1.0813668966293335, -2.1509928703308105, -2.59945011138916, -1.5432026386260986, -0.69865882396698]
Global lower bound: -2.59945011138916
4 / 9 OR specs are verified.
Verified OR indices (first 10 items): [0, 1, 2, 5]
Verified OR lbs (first 10 items): [[inf], [inf], [inf], [inf]]
Unverified OR indices (first 10 items): [3, 4, 6, 7, 8]
Unverified OR lbs (first 10 items): [[-1.0813668966293335], [-2.1509928703308105], [-2.59945011138916], [-1.5432026386260986], [-0.69865882396698]]
###### Verifying property Instance 6 ######
Batch size: 5
First 10 spec matrices
C: tensor([[[ 0.,  0.,  0., -1.,  1.,  0.,  0.,  0.,  0.,  0.]],

        [[ 0.,  0.,  0.,  0.,  1., -1.,  0.,  0.,  0.,  0.]],

        [[ 0.,  0.,  0.,  0.,  1.,  0.,  0., -1.,  0.,  0.]],

        [[ 0.,  0.,  0.,  0.,  1.,  0.,  0.,  0., -1.,  0.]],

        [[ 0.,  0.,  0.,  0.,  1.,  0.,  0.,  0.,  0., -1.]]], device='cuda:0')
RHS: tensor([[0.],
        [0.],
        [0.],
        [0.],
        [0.]], device='cuda:0')
OR spec sizes: tensor([1, 1, 1, 1, 1], device='cuda:0', dtype=torch.int32)
Remaining timeout: 57.876113414764404
Model prediction is: tensor([-2.45666289, -2.22475696, -1.73973835,  2.25172806,  7.18227243,
         4.33149242, -3.62663269,  4.87875891,  4.05887079,  4.12637424],
       device='cuda:0')
Activation BaB batch 1/1 
build_with_refined_bounds batch [1/1]
Optimizable variables initialized.
all alpha initialized
directly get lb and ub from refined bounds
c shape: torch.Size([5, 1, 10])
lA shapes: [torch.Size([5, 1, 8, 28, 28]), torch.Size([5, 1, 8, 28, 28]), torch.Size([5, 1, 64])]
(alpha-)CROWN with fixed intermediate bounds: tensor([[-1.08136690],
        [-2.15099287],
        [-2.59945011],
        [-1.54320264],
        [-0.69865882]], device='cuda:0') tensor([[inf],
        [inf],
        [inf],
        [inf],
        [inf]], device='cuda:0')
Intermediate layers: /input,/26,/input-8
Keeping alphas for these layers: ['/42']
Node /input-4 input 0: size torch.Size([8, 28, 28]) unstable 1530
Node /27 input 0: size torch.Size([8, 28, 28]) unstable 1972
Node /41 input 0: size torch.Size([64]) unstable 13
-----------------
# of unstable neurons: 3515
-----------------

BaB round 1
batch: 5
splitting decisions: 
split level 0: [/26, 5567] [/26, 2952] [/input, 5676] [/input, 3868] [/26, 2063] 
split level 1: [/26, 154] [/input, 5921] [/26, 5965] [/26, 3777] [/26, 3390] 
split level 2: [/26, 3401] [/input, 3782] [/input, 3749] [/26, 3272] [/26, 3704] 
split level 3: [/input, 631] [/26, 3802] [/input, 3282] [/26, 2249] [/input, 5068] 
split level 4: [/26, 94] [/input, 5463] [/26, 1671] [/26, 127] [/input, 4135] 
best_l after optimization: -248.77120971679688
beta sum per layer: [36.748878479003906, 84.67816162109375, 0.0]
alpha/beta optimization time: 0.13846182823181152
pruning_in_iteration open status: False
ratio of positive domain = 0 / 160 = 0.0
pruning-in-iteration extra time: 5.173683166503906e-05
Time: pickout 0.0017    branching_decision 0.0001    decision 0.0001    set_bounds 0.0093    prepare 0.0023    transfer 0.0000    finalize 0.0068    func 0.1520    
Accumulated time: bab_iteration 0.0000    pickout 0.0017    decision 0.0001    branching_decision 0.0001    set_bounds 0.0093    solve 0.0000    func 0.1520    prepare 0.0023    transfer 0.0000    finalize 0.0068    
max lb -0.680173397064209 min lb -2.5989832878112793
Number of Verified Splits: 0 of 160
Current worst splitting domains lb-rhs (depth):
-2.59898 (5), -2.59863 (5), -2.59791 (5), -2.59756 (5), -2.59625 (5), -2.59603 (5), -2.59531 (5), -2.59495 (5), -2.58886 (5), -2.58861 (5), -2.58844 (5), -2.58819 (5), -2.58731 (5), -2.58705 (5), -2.58635 (5), -2.58597 (5), -2.55106 (5), -2.55101 (5), -2.55005 (5), -2.55000 (5), 
Current (lb-rhs): -2.5989832878112793
160 domains visited
Length of domains: 160
Cumulative time: 0.22519302368164062

BaB round 2
batch: 160
splitting decisions: 
split level 0: [/input, 4956] [/input, 3511] [/input, 4846] [/26, 1762] [/26, 3887] [/input, 1194] [/26, 5726] [/26, 508] [/input, 4634] [/26, 93] 
best_l after optimization: -491.7077941894531
beta sum per layer: [115.459228515625, 277.7456359863281, 0.0]
alpha/beta optimization time: 0.15361642837524414
pruning_in_iteration open status: False
ratio of positive domain = 0 / 320 = 0.0
pruning-in-iteration extra time: 5.173683166503906e-05
Time: pickout 0.0135    branching_decision 0.0001    decision 0.0001    set_bounds 0.0074    prepare 0.0070    transfer 0.0000    finalize 0.0126    func 0.1789    solve 0.1520    add 0.0015    bab_iteration 0.1648    
Accumulated time: bab_iteration 0.1648    pickout 0.0153    decision 0.0002    branching_decision 0.0002    set_bounds 0.0167    solve 0.1520    func 0.3309    prepare 0.0093    transfer 0.0001    finalize 0.0194    add 0.0015    
max lb -0.6140366196632385 min lb -2.5989468097686768
Number of Verified Splits: 0 of 320
Current worst splitting domains lb-rhs (depth):
-2.59895 (6), -2.59885 (6), -2.59862 (6), -2.59860 (6), -2.59791 (6), -2.59791 (6), -2.59750 (6), -2.59613 (6), -2.59597 (6), -2.59516 (6), -2.59495 (6), -2.59396 (6), -2.59359 (6), -2.59108 (6), -2.58869 (6), -2.58867 (6), -2.58784 (6), -2.58757 (6), -2.58751 (6), -2.58739 (6), 
Current (lb-rhs): -2.5989468097686768
480 domains visited
Length of domains: 320
Cumulative time: 0.4281301498413086

BaB round 3
batch: 320
splitting decisions: 
split level 0: [/26, 2264] [/input, 3554] [/26, 3893] [/26, 3757] [/26, 2079] [/26, 2053] [/26, 5989] [/26, 6086] [/26, 2194] [/26, 91] 
best_l after optimization: -975.6925048828125
beta sum per layer: [335.29559326171875, 723.6641845703125, 0.0]
alpha/beta optimization time: 0.1410534381866455
pruning_in_iteration open status: False
ratio of positive domain = 0 / 640 = 0.0
pruning-in-iteration extra time: 5.1975250244140625e-05
Time: pickout 0.0257    branching_decision 0.0002    decision 0.0002    set_bounds 0.0142    prepare 0.0136    transfer 0.0000    finalize 0.0250    func 0.1877    solve 0.1789    add 0.0028    bab_iteration 0.2029    
Accumulated time: bab_iteration 0.3677    pickout 0.0410    decision 0.0004    branching_decision 0.0003    set_bounds 0.0308    solve 0.3309    func 0.5185    prepare 0.0230    transfer 0.0001    finalize 0.0444    add 0.0044    
max lb -0.5450009107589722 min lb -2.598942756652832
Number of Verified Splits: 0 of 640
Current worst splitting domains lb-rhs (depth):
-2.59894 (7), -2.59893 (7), -2.59884 (7), -2.59857 (7), -2.59838 (7), -2.59834 (7), -2.59820 (7), -2.59789 (7), -2.59785 (7), -2.59749 (7), -2.59749 (7), -2.59722 (7), -2.59666 (7), -2.59612 (7), -2.59610 (7), -2.59574 (7), -2.59516 (7), -2.59492 (7), -2.59355 (7), -2.59317 (7), 
Current (lb-rhs): -2.598942756652832
1120 domains visited
Length of domains: 640
Cumulative time: 0.659970760345459

BaB round 4
batch: 640
splitting decisions: 
split level 0: [/26, 3885] [/26, 5544] [/26, 1661] [/26, 499] [/26, 5555] [/input, 5352] [/26, 678] [/input, 219] [/input, 4831] [/26, 73] 
best_l after optimization: -1937.818115234375
beta sum per layer: [779.834716796875, 1698.924560546875, 0.0]
alpha/beta optimization time: 0.19706320762634277
pruning_in_iteration open status: False
ratio of positive domain = 0 / 1280 = 0.0
pruning-in-iteration extra time: 6.031990051269531e-05
Time: pickout 0.0518    branching_decision 0.0003    decision 0.0003    set_bounds 0.0288    prepare 0.0271    transfer 0.0000    finalize 0.0535    func 0.2900    solve 0.1877    add 0.0038    bab_iteration 0.2318    
Accumulated time: bab_iteration 0.5996    pickout 0.0928    decision 0.0007    branching_decision 0.0006    set_bounds 0.0596    solve 0.5186    func 0.8085    prepare 0.0500    transfer 0.0002    finalize 0.0979    add 0.0082    
max lb -0.47535014152526855 min lb -2.5989179611206055
Number of Verified Splits: 0 of 1280
Current worst splitting domains lb-rhs (depth):
-2.59892 (8), -2.59888 (8), -2.59881 (8), -2.59854 (8), -2.59852 (8), -2.59838 (8), -2.59834 (8), -2.59834 (8), -2.59830 (8), -2.59826 (8), -2.59817 (8), -2.59786 (8), -2.59775 (8), -2.59767 (8), -2.59749 (8), -2.59715 (8), -2.59662 (8), -2.59656 (8), -2.59652 (8), -2.59650 (8), 
Current (lb-rhs): -2.5989179611206055
2400 domains visited
Length of domains: 1280
Cumulative time: 1.0407187938690186

BaB round 5
batch: 1280
splitting decisions: 
split level 0: [/26, 3496] [/26, 1835] [/26, 5999] [/26, 5519] [/26, 5566] [/26, 741] [/input, 1276] [/input, 3276] [/26, 6017] [/input, 3279] 
best_l after optimization: -3845.70361328125
beta sum per layer: [1786.43408203125, 3901.790283203125, 1.7819674015045166]
alpha/beta optimization time: 0.41768527030944824
pruning_in_iteration open status: False
ratio of positive domain = 0 / 2560 = 0.0
pruning-in-iteration extra time: 7.081031799316406e-05
Time: pickout 0.1029    branching_decision 0.0006    decision 0.0006    set_bounds 0.0567    prepare 0.0566    transfer 0.0000    finalize 0.1028    func 0.5990    solve 0.2901    add 0.0094    bab_iteration 0.3807    
Accumulated time: bab_iteration 0.9803    pickout 0.1956    decision 0.0012    branching_decision 0.0012    set_bounds 0.1163    solve 0.8087    func 1.4075    prepare 0.1067    transfer 0.0002    finalize 0.2007    add 0.0176    
max lb -0.241776704788208 min lb -2.5989179611206055
Number of Verified Splits: 0 of 2560
Current worst splitting domains lb-rhs (depth):
-2.59892 (9), -2.59881 (9), -2.59857 (9), -2.59852 (9), -2.59838 (9), -2.59834 (9), -2.59829 (9), -2.59826 (9), -2.59824 (9), -2.59813 (9), -2.59784 (9), -2.59775 (9), -2.59775 (9), -2.59764 (9), -2.59763 (9), -2.59748 (9), -2.59731 (9), -2.59708 (9), -2.59687 (9), -2.59686 (9), 
Current (lb-rhs): -2.5989179611206055
4960 domains visited
Length of domains: 2560
Cumulative time: 1.8156607151031494

BaB round 6
batch: 2048
splitting decisions: 
split level 0: [/26, 164] [/input, 4951] [/input, 3239] [/26, 3817] [/26, 3233] [/26, 61] [/26, 6048] [/26, 2320] [/26, 156] [/input, 5487] 
best_l after optimization: -6089.03515625
beta sum per layer: [3288.027587890625, 7255.5673828125, 9.046113967895508]
alpha/beta optimization time: 0.7147648334503174
pruning_in_iteration open status: False
ratio of positive domain = 1 / 4096 = 0.000244140625
pruning-in-iteration extra time: 5.507469177246094e-05
Time: pickout 0.1665    branching_decision 0.0008    decision 0.0008    set_bounds 0.2267    prepare 0.0912    transfer 0.0001    finalize 0.1604    func 0.9991    solve 0.5990    add 0.0151    bab_iteration 0.7749    
Accumulated time: bab_iteration 1.7553    pickout 0.3622    decision 0.0020    branching_decision 0.0019    set_bounds 0.3430    solve 1.4077    func 2.4066    prepare 0.1979    transfer 0.0003    finalize 0.3611    add 0.0327    
max lb 0.10529649257659912 min lb -2.5989179611206055
Number of Verified Splits: 1 of 4096
Current worst splitting domains lb-rhs (depth):
-2.59892 (10), -2.59872 (10), -2.59856 (10), -2.59854 (10), -2.59852 (10), -2.59838 (10), -2.59838 (10), -2.59834 (10), -2.59829 (9), -2.59824 (10), -2.59822 (10), -2.59813 (9), -2.59801 (10), -2.59784 (10), -2.59775 (9), -2.59763 (9), -2.59761 (10), -2.59748 (9), -2.59737 (10), -2.59715 (10), 
Current (lb-rhs): -2.5989179611206055
9056 domains visited
Length of domains: 4607
current_vram/total_varm: 7.6GB/47.7GB, batch_size increase to 4096
Cumulative time: 3.234900951385498

BaB round 7
batch: 4096
splitting decisions: 
split level 0: [/input, 3585] [/input, 3230] [/input, 271] [/26, 3706] [/input, 2670] [/input, 5807] [/input, 3482] [/input, 5977] [/input, 3318] [/26, 2076] 
best_l after optimization: -12086.7109375
beta sum per layer: [7404.74072265625, 16185.1435546875, 29.30229949951172]
alpha/beta optimization time: 1.4265658855438232
pruning_in_iteration open status: False
ratio of positive domain = 4 / 8192 = 0.00048828125
pruning-in-iteration extra time: 7.772445678710938e-05
Time: pickout 0.3386    branching_decision 0.0011    decision 0.0012    set_bounds 0.3267    prepare 0.1834    transfer 0.0001    finalize 0.3617    func 2.0338    solve 0.9991    add 0.0242    bab_iteration 1.4192    
Accumulated time: bab_iteration 3.1745    pickout 0.7008    decision 0.0032    branching_decision 0.0031    set_bounds 0.6697    solve 2.4068    func 4.4404    prepare 0.3813    transfer 0.0003    finalize 0.7228    add 0.0569    
max lb 0.69954913854599 min lb -2.598834991455078
Number of Verified Splits: 4 of 8192
Current worst splitting domains lb-rhs (depth):
-2.59883 (11), -2.59872 (11), -2.59869 (11), -2.59852 (11), -2.59851 (11), -2.59838 (11), -2.59838 (11), -2.59837 (11), -2.59829 (9), -2.59817 (11), -2.59816 (11), -2.59813 (9), -2.59804 (11), -2.59803 (11), -2.59796 (11), -2.59781 (11), -2.59775 (9), -2.59773 (11), -2.59763 (9), -2.59753 (11), 
Current (lb-rhs): -2.598834991455078
17248 domains visited
Length of domains: 8699
current_vram/total_varm: 15.5GB/47.7GB, batch_size increase to 8192
Cumulative time: 5.982360124588013

BaB round 8
batch: 8192
splitting decisions: 
split level 0: [/26, 5902] [/input, 5006] [/input, 6005] [/input, 4986] [/26, 5644] [/input, 5426] [/26, 418] [/input, 3388] [/26, 2693] [/26, 3184] 
best_l after optimization: -23981.15234375
beta sum per layer: [16401.732421875, 35837.5703125, 80.43253326416016]
alpha/beta optimization time: 2.8305675983428955
pruning_in_iteration open status: False
ratio of positive domain = 15 / 16384 = 0.00091552734375
pruning-in-iteration extra time: 6.008148193359375e-05
Time: pickout 0.8520    branching_decision 0.0023    decision 0.0023    set_bounds 0.3615    prepare 0.5417    transfer 0.0002    finalize 0.7082    func 4.2003    solve 2.0339    add 0.0449    bab_iteration 2.7475    
Accumulated time: bab_iteration 5.9220    pickout 1.5528    decision 0.0055    branching_decision 0.0054    set_bounds 1.0312    solve 4.4407    func 8.6407    prepare 0.9230    transfer 0.0005    finalize 1.4310    add 0.1017    
max lb 0.6771855354309082 min lb -2.59867262840271
Number of Verified Splits: 15 of 16384
Current worst splitting domains lb-rhs (depth):
-2.59867 (12), -2.59859 (12), -2.59851 (12), -2.59846 (12), -2.59836 (12), -2.59834 (12), -2.59832 (12), -2.59830 (12), -2.59829 (9), -2.59824 (12), -2.59813 (9), -2.59812 (12), -2.59810 (12), -2.59807 (12), -2.59803 (12), -2.59800 (12), -2.59783 (12), -2.59781 (12), -2.59775 (9), -2.59771 (12), 
Current (lb-rhs): -2.59867262840271
33632 domains visited
Length of domains: 16876
Cumulative time: 11.483326196670532

BaB round 9
batch: 8192
splitting decisions: 
split level 0: [/input, 3241] [/input, 5439] [/26, 718] [/input, 4752] [/input, 3392] [/input, 5265] [/26, 5938] [/input, 3838] [/26, 6065] [/input, 3787] 
best_l after optimization: -23694.828125
beta sum per layer: [18406.66015625, 40967.20703125, 94.48289489746094]
alpha/beta optimization time: 2.829052448272705
pruning_in_iteration open status: False
ratio of positive domain = 9 / 16384 = 0.00054931640625
pruning-in-iteration extra time: 6.67572021484375e-05
Time: pickout 0.8829    branching_decision 0.0022    decision 0.0022    set_bounds 0.5695    prepare 0.3716    transfer 0.0001    finalize 0.7114    func 4.0288    solve 4.2004    add 0.0809    bab_iteration 5.5010    
Accumulated time: bab_iteration 11.4229    pickout 2.4357    decision 0.0078    branching_decision 0.0076    set_bounds 1.6007    solve 8.6411    func 12.6696    prepare 1.2946    transfer 0.0006    finalize 2.1425    add 0.1826    
max lb 1.0998252630233765 min lb -2.598231077194214
Number of Verified Splits: 9 of 16384
Current worst splitting domains lb-rhs (depth):
-2.59867 (12), -2.59859 (12), -2.59851 (12), -2.59846 (12), -2.59836 (12), -2.59834 (12), -2.59832 (12), -2.59830 (12), -2.59829 (9), -2.59823 (13), -2.59813 (9), -2.59810 (12), -2.59807 (12), -2.59806 (13), -2.59802 (13), -2.59800 (12), -2.59797 (13), -2.59782 (13), -2.59780 (13), -2.59775 (9), 
Current (lb-rhs): -2.59867262840271
50016 domains visited
Length of domains: 25059
Cumulative time: 17.04856276512146

BaB round 10
batch: 8192
splitting decisions: 
split level 0: [/26, 1927] [/26, 3672] [/input, 5068] [/26, 3384] [/26, 1681] [/26, 6207] [/input, 4851] [/26, 6080] [/26, 337] [/26, 6135] 
best_l after optimization: -23388.47265625
beta sum per layer: [20491.994140625, 46380.2890625, 119.71695709228516]
alpha/beta optimization time: 2.829895257949829
pruning_in_iteration open status: False
ratio of positive domain = 9 / 16384 = 0.00054931640625
pruning-in-iteration extra time: 5.888938903808594e-05
Time: pickout 0.9416    branching_decision 0.0021    decision 0.0021    set_bounds 0.3600    prepare 0.3708    transfer 0.0001    finalize 0.9618    func 4.2786    solve 4.0289    add 0.0772    bab_iteration 5.5652    
Accumulated time: bab_iteration 16.9881    pickout 3.3773    decision 0.0098    branching_decision 0.0097    set_bounds 1.9607    solve 12.6699    func 16.9482    prepare 1.6654    transfer 0.0007    finalize 3.1042    add 0.2598    
max lb 1.0163841247558594 min lb -2.597891330718994
Number of Verified Splits: 9 of 16384
Current worst splitting domains lb-rhs (depth):
-2.59867 (12), -2.59859 (12), -2.59851 (12), -2.59846 (12), -2.59836 (12), -2.59834 (12), -2.59832 (12), -2.59830 (12), -2.59829 (9), -2.59823 (13), -2.59813 (9), -2.59810 (12), -2.59807 (12), -2.59806 (13), -2.59800 (12), -2.59797 (13), -2.59789 (14), -2.59782 (14), -2.59780 (13), -2.59775 (9), 
Current (lb-rhs): -2.59867262840271
66400 domains visited
Length of domains: 33242
Cumulative time: 22.741892337799072

BaB round 11
batch: 8192
splitting decisions: 
split level 0: [/26, 5530] [/26, 5714] [/26, 5781] [/26, 14] [/input, 3441] [/26, 109] [/26, 505] [/26, 1636] [/26, 5826] [/26, 5600] 
best_l after optimization: -23071.162109375
beta sum per layer: [22762.150390625, 51954.46484375, 151.96807861328125]
alpha/beta optimization time: 2.8306453227996826
pruning_in_iteration open status: False
ratio of positive domain = 18 / 16384 = 0.0010986328125
pruning-in-iteration extra time: 7.987022399902344e-05
Time: pickout 0.6944    branching_decision 0.0020    decision 0.0020    set_bounds 0.6501    prepare 0.3717    transfer 0.0001    finalize 0.7104    func 4.0283    solve 4.2787    add 0.1060    bab_iteration 5.6933    
Accumulated time: bab_iteration 22.6815    pickout 4.0716    decision 0.0119    branching_decision 0.0117    set_bounds 2.6108    solve 16.9486    func 20.9765    prepare 2.0372    transfer 0.0008    finalize 3.8146    add 0.3658    
max lb 1.1956744194030762 min lb -2.597766160964966
Number of Verified Splits: 18 of 16384
Current worst splitting domains lb-rhs (depth):
-2.59867 (12), -2.59859 (12), -2.59851 (12), -2.59846 (12), -2.59836 (12), -2.59834 (12), -2.59832 (12), -2.59830 (12), -2.59829 (9), -2.59823 (13), -2.59813 (9), -2.59810 (12), -2.59807 (12), -2.59806 (13), -2.59800 (12), -2.59797 (13), -2.59789 (14), -2.59780 (13), -2.59777 (15), -2.59775 (9), 
Current (lb-rhs): -2.59867262840271
82784 domains visited
Length of domains: 41416
Cumulative time: 28.199612855911255

BaB round 12
batch: 8192
splitting decisions: 
split level 0: [/input, 3575] [/26, 1571] [/26, 2302] [/26, 54] [/26, 2050] [/26, 1600] [/26, 3757] [/26, 6162] [/26, 2123] [/input, 4901] 
best_l after optimization: -22764.876953125
beta sum per layer: [25153.52734375, 57647.5625, 187.56411743164062]
alpha/beta optimization time: 2.8326752185821533
pruning_in_iteration open status: False
ratio of positive domain = 18 / 16384 = 0.0010986328125
pruning-in-iteration extra time: 8.96453857421875e-05
Time: pickout 1.0336    branching_decision 0.0020    decision 0.0020    set_bounds 0.3624    prepare 0.3730    transfer 0.0001    finalize 0.7135    func 4.0395    solve 4.0284    add 0.0770    bab_iteration 5.4577    
Accumulated time: bab_iteration 28.1392    pickout 5.1052    decision 0.0139    branching_decision 0.0137    set_bounds 2.9732    solve 20.9770    func 25.0160    prepare 2.4102    transfer 0.0009    finalize 4.5281    add 0.4428    
max lb 1.107729196548462 min lb -2.5953550338745117
Number of Verified Splits: 18 of 16384
Current worst splitting domains lb-rhs (depth):
-2.59867 (12), -2.59859 (12), -2.59851 (12), -2.59846 (12), -2.59836 (12), -2.59834 (12), -2.59832 (12), -2.59830 (12), -2.59829 (9), -2.59823 (13), -2.59813 (9), -2.59810 (12), -2.59807 (12), -2.59806 (13), -2.59800 (12), -2.59797 (13), -2.59789 (14), -2.59780 (13), -2.59777 (15), -2.59775 (9), 
Current (lb-rhs): -2.59867262840271
99168 domains visited
Length of domains: 49590
Cumulative time: 34.094841718673706

BaB round 13
batch: 8192
splitting decisions: 
split level 0: [/input, 4945] [/26, 2316] [/26, 3495] [/26, 2190] [/26, 3605] [/input, 4817] [/input, 313] [/26, 1660] [/26, 2210] [/input, 6094] 
best_l after optimization: -22480.9453125
beta sum per layer: [27718.4453125, 63309.953125, 206.64697265625]
alpha/beta optimization time: 2.832702398300171
pruning_in_iteration open status: False
ratio of positive domain = 18 / 16384 = 0.0010986328125
pruning-in-iteration extra time: 6.246566772460938e-05
Time: pickout 0.7119    branching_decision 0.0019    decision 0.0019    set_bounds 0.3639    prepare 0.3740    transfer 0.0001    finalize 0.7193    func 4.4514    solve 4.0396    add 0.4511    bab_iteration 5.8952    
Accumulated time: bab_iteration 34.0344    pickout 5.8171    decision 0.0158    branching_decision 0.0156    set_bounds 3.3371    solve 25.0166    func 29.4674    prepare 2.7842    transfer 0.0009    finalize 5.2474    add 0.8939    
max lb 0.663002073764801 min lb -2.594851016998291
Number of Verified Splits: 18 of 16384
Current worst splitting domains lb-rhs (depth):
-2.59867 (12), -2.59859 (12), -2.59851 (12), -2.59846 (12), -2.59836 (12), -2.59834 (12), -2.59832 (12), -2.59830 (12), -2.59829 (9), -2.59823 (13), -2.59813 (9), -2.59810 (12), -2.59807 (12), -2.59806 (13), -2.59800 (12), -2.59797 (13), -2.59789 (14), -2.59780 (13), -2.59777 (15), -2.59775 (9), 
Current (lb-rhs): -2.59867262840271
115552 domains visited
Length of domains: 57764
Cumulative time: 39.710203409194946

BaB round 14
batch: 8192
splitting decisions: 
split level 0: [/26, 479] [/26, 2078] [/input, 4348] [/input, 3179] [/26, 98] [/input, 3862] [/26, 3665] [/input, 3719] [/26, 2233] [/input, 4554] 
best_l after optimization: -22171.23046875
beta sum per layer: [30561.00390625, 68571.078125, 239.8903045654297]
alpha/beta optimization time: 2.8312366008758545
pruning_in_iteration open status: False
ratio of positive domain = 15 / 16384 = 0.00091552734375
pruning-in-iteration extra time: 5.817413330078125e-05
Time: pickout 0.7088    branching_decision 0.0021    decision 0.0021    set_bounds 0.3608    prepare 0.3721    transfer 0.0001    finalize 0.7136    func 4.4688    solve 4.4515    add 0.0791    bab_iteration 5.6154    
Accumulated time: bab_iteration 39.6498    pickout 6.5259    decision 0.0179    branching_decision 0.0177    set_bounds 3.6979    solve 29.4680    func 33.9363    prepare 3.1563    transfer 0.0010    finalize 5.9610    add 0.9730    
max lb 0.9033182263374329 min lb -2.590514898300171
Number of Verified Splits: 17 of 16384
Current worst splitting domains lb-rhs (depth):
-2.59867 (12), -2.59859 (12), -2.59851 (12), -2.59846 (12), -2.59836 (12), -2.59834 (12), -2.59832 (12), -2.59830 (12), -2.59829 (9), -2.59823 (13), -2.59813 (9), -2.59810 (12), -2.59807 (12), -2.59806 (13), -2.59800 (12), -2.59797 (13), -2.59789 (14), -2.59780 (13), -2.59777 (15), -2.59775 (9), 
Current (lb-rhs): -2.59867262840271
131936 domains visited
Length of domains: 65939
Cumulative time: 45.42266845703125

BaB round 15
batch: 8192
splitting decisions: 
split level 0: [/26, 2138] [/26, 1674] [/input, 6201] [/input, 5269] [/input, 5313] [/input, 4777] [/26, 6113] [/26, 116] [/26, 1836] [/26, 3243] 
best_l after optimization: -21861.22265625
beta sum per layer: [33515.6953125, 73719.71875, 278.3072509765625]
alpha/beta optimization time: 2.8308236598968506
pruning_in_iteration open status: False
ratio of positive domain = 27 / 16384 = 0.00164794921875
pruning-in-iteration extra time: 6.890296936035156e-05
Time: pickout 0.7190    branching_decision 0.0020    decision 0.0021    set_bounds 0.3615    prepare 0.3718    transfer 0.0001    finalize 0.7114    func 4.5045    solve 4.4689    add 0.1642    bab_iteration 5.7125    
Accumulated time: bab_iteration 45.3622    pickout 7.2449    decision 0.0200    branching_decision 0.0197    set_bounds 4.0593    solve 33.9369    func 38.4407    prepare 3.5280    transfer 0.0011    finalize 6.6724    add 1.1372    
max lb 0.9981246590614319 min lb -2.5887439250946045
Number of Verified Splits: 28 of 16384
Current worst splitting domains lb-rhs (depth):
-2.59867 (12), -2.59859 (12), -2.59851 (12), -2.59846 (12), -2.59836 (12), -2.59834 (12), -2.59832 (12), -2.59830 (12), -2.59829 (9), -2.59823 (13), -2.59813 (9), -2.59810 (12), -2.59807 (12), -2.59806 (13), -2.59800 (12), -2.59797 (13), -2.59789 (14), -2.59780 (13), -2.59777 (15), -2.59775 (9), 
Current (lb-rhs): -2.59867262840271
148320 domains visited
Length of domains: 74103
Cumulative time: 51.09977197647095

BaB round 16
batch: 8192
splitting decisions: 
split level 0: [/26, 2118] [/input, 5247] [/input, 4072] [/26, 3674] [/26, 359] [/input, 244] [/input, 4939] [/input, 5481] [/input, 3813] [/26, 302] 
best_l after optimization: -21588.40234375
beta sum per layer: [36569.78125, 78889.7109375, 279.01837158203125]
alpha/beta optimization time: 2.830664873123169
pruning_in_iteration open status: False
ratio of positive domain = 18 / 16384 = 0.0010986328125
pruning-in-iteration extra time: 5.817413330078125e-05
Time: pickout 0.7243    branching_decision 0.0020    decision 0.0020    set_bounds 0.3618    prepare 0.3724    transfer 0.0001    finalize 0.7151    func 4.0354    solve 4.5045    add 0.0815    bab_iteration 5.6771    
Accumulated time: bab_iteration 51.0393    pickout 7.9691    decision 0.0220    branching_decision 0.0217    set_bounds 4.4212    solve 38.4414    func 42.4761    prepare 3.9004    transfer 0.0012    finalize 7.3875    add 1.2187    
max lb 0.8274989128112793 min lb -2.5883100032806396
Number of Verified Splits: 18 of 16384
Current worst splitting domains lb-rhs (depth):
-2.59867 (12), -2.59859 (12), -2.59851 (12), -2.59846 (12), -2.59836 (12), -2.59834 (12), -2.59832 (12), -2.59830 (12), -2.59829 (9), -2.59823 (13), -2.59813 (9), -2.59810 (12), -2.59807 (12), -2.59806 (13), -2.59800 (12), -2.59797 (13), -2.59789 (14), -2.59780 (13), -2.59777 (15), -2.59775 (9), 
Current (lb-rhs): -2.59867262840271
164704 domains visited
Length of domains: 82277
Cumulative time: 56.31375288963318

BaB round 17
batch: 8192
splitting decisions: 
split level 0: [/input, 5359] [/input, 635] [/26, 333] [/input, 3803] [/input, 5243] [/26, 744] [/26, 3170] [/input, 5034] [/26, 1683] [/input, 4737] 
best_l after optimization: -21292.05078125
beta sum per layer: [39853.8046875, 84309.4453125, 290.88201904296875]
alpha/beta optimization time: 2.831296682357788
pruning_in_iteration open status: False
ratio of positive domain = 21 / 16384 = 0.00128173828125
pruning-in-iteration extra time: 8.654594421386719e-05
Time: pickout 1.2386    branching_decision 0.0021    decision 0.0021    set_bounds 0.3615    prepare 0.3713    transfer 0.0001    finalize 0.7150    func 4.0343    solve 4.0355    add 0.0813    bab_iteration 5.2140    
Accumulated time: bab_iteration 56.2533    pickout 9.2077    decision 0.0241    branching_decision 0.0238    set_bounds 4.7827    solve 42.4769    func 46.5104    prepare 4.2717    transfer 0.0013    finalize 8.1025    add 1.3000    
max lb 0.6574479341506958 min lb -2.581493854522705
Number of Verified Splits: 21 of 16384
Current worst splitting domains lb-rhs (depth):
-2.59867 (12), -2.59859 (12), -2.59851 (12), -2.59846 (12), -2.59836 (12), -2.59834 (12), -2.59832 (12), -2.59830 (12), -2.59829 (9), -2.59823 (13), -2.59813 (9), -2.59810 (12), -2.59807 (12), -2.59806 (13), -2.59800 (12), -2.59797 (13), -2.59789 (14), -2.59780 (13), -2.59777 (15), -2.59775 (9), 
Current (lb-rhs): -2.59867262840271
181088 domains visited
Length of domains: 90448
Time out!!!!!!!!
Result: unknown in 64.4979 seconds

 %%%%%%%%%%%%%%%%%%%%%%%%%%%%%%%%%%% idx: 7, vnnlib ID: 7 %%%%%%%%%%%%%%%%%%%%%%%%%%%%%%%%%%%
Finished vnnlib processing in 0.001682 seconds
Model: BoundedModule(
  (/input-1): BoundInput(name=/input-1, inputs=[], perturbed=True)
  (/shape): BoundBuffers(name=/shape, inputs=[], perturbed=False)
  (/12): BoundParams(name=/12, inputs=[], perturbed=False)
  (/13): BoundParams(name=/13, inputs=[], perturbed=False)
  (/14): BoundParams(name=/14, inputs=[], perturbed=False)
  (/15): BoundParams(name=/15, inputs=[], perturbed=False)
  (/16): BoundParams(name=/16, inputs=[], perturbed=False)
  (/17): BoundParams(name=/17, inputs=[], perturbed=False)
  (/18): BoundParams(name=/18, inputs=[], perturbed=False)
  (/19): BoundParams(name=/19, inputs=[], perturbed=False)
  (/20): BoundParams(name=/20, inputs=[], perturbed=False)
  (/21): BoundParams(name=/21, inputs=[], perturbed=False)
  (/input): BoundConv(name=/input, inputs=[/input-1, /12, /13], perturbed=True)
  (/input-4): BoundRelu(name=/input-4, inputs=[/input], perturbed=True)
  (/24): BoundConv(name=/24, inputs=[/input-4, /14, /15], perturbed=True)
  (/25): BoundConv(name=/25, inputs=[/input-4, /16, /17], perturbed=True)
  (/26): BoundAdd(name=/26, inputs=[/24, /25], perturbed=True)
  (/27): BoundRelu(name=/27, inputs=[/26], perturbed=True)
  (/28): BoundSplit(name=/28, inputs=[/shape], perturbed=False)
  (/29): BoundSplit(name=/29, inputs=[/shape], perturbed=False)
  (/30): BoundConstant(name=/30, value=tensor([0], device='cuda:0'))
  (/31): BoundSqueeze(name=/31, inputs=[/28, /30], perturbed=False)
  (/32): BoundConstant(name=/32, value=tensor([0], device='cuda:0'))
  (/33): BoundSqueeze(name=/33, inputs=[/29, /32], perturbed=False)
  (/34): BoundConstant(name=/34, value=tensor([0], device='cuda:0'))
  (/35): BoundUnsqueeze(name=/35, inputs=[/31, /34], perturbed=False)
  (/36): BoundConstant(name=/36, value=tensor([0], device='cuda:0'))
  (/37): BoundUnsqueeze(name=/37, inputs=[/33, /36], perturbed=False)
  (/38): BoundConcat(name=/38, inputs=[/35, /37], perturbed=False)
  (/39): BoundReshape(name=/39, inputs=[/27, /38], perturbed=True)
  (/input-8): BoundLinear(name=/input-8, inputs=[/39, /18, /19], perturbed=True)
  (/41): BoundRelu(name=/41, inputs=[/input-8], perturbed=True)
  (/42): BoundLinear(name=/42, inputs=[/41, /20, /21], perturbed=True)
)
Original output in the first batch: tensor([[-3.35555530, -2.20065260, -1.00345206,  0.12420868,  3.57004762,
          1.70801926,  0.07874458,  0.39305973,  2.08584809,  4.65091181]],
       device='cuda:0')
Split layers:
Nonlinear functions:
   BoundRelu(name=/input-4, inputs=[/input], perturbed=True)
   BoundRelu(name=/27, inputs=[/26], perturbed=True)
   BoundRelu(name=/41, inputs=[/input-8], perturbed=True)
build batch [1/1]
layer /input-4 using sparse-features alpha with shape [1491]; unstable size 1491; total size 6272 ([1, 8, 28, 28])
layer /input-4 start_node /26 using sparse-spec alpha [2, 7, 1, 1491] with unstable size 6 total_size 8 output_shape 8
layer /input-4 start_node /input-8 using sparse-spec alpha [2, 17, 1, 1491] with unstable size 16 total_size 64 output_shape torch.Size([64])
layer /input-4 start_node /42 using full alpha [2, 9, 1, 1491] with unstable size None total_size 9 output_shape 9
layer /27 using sparse-features alpha with shape [2073]; unstable size 2073; total size 6272 ([1, 8, 28, 28])
layer /27 start_node /input-8 using sparse-spec alpha [2, 17, 1, 2073] with unstable size 16 total_size 64 output_shape torch.Size([64])
layer /27 start_node /42 using full alpha [2, 9, 1, 2073] with unstable size None total_size 9 output_shape 9
layer /41 using sparse-features alpha with shape [16]; unstable size 16; total size 64 ([1, 64])
layer /41 start_node /42 using full alpha [2, 9, 1, 16] with unstable size None total_size 9 output_shape 9
Optimizable variables initialized.
initial CROWN bounds (first 10 items): [1.5739078521728516, 0.2539339065551758, -1.9353485107421875, -1.9742417335510254, -3.395948648452759, -3.2322397232055664, -2.8880462646484375, -0.46129870414733887, -2.2511165142059326]
prune_after_crown optimization in use
  original spec size = torch.Size([1, 9])
  pruned spec size = torch.Size([1, 7])
Using alpha-CROWN to initialize bounds.
best_l after optimization: -13.998251914978027
alpha/beta optimization time: 1.5934369564056396
initial alpha-crown bounds (first 10 items): [-1.5528628826141357, -1.749040961265564, -3.0447874069213867, -2.976384162902832, -2.4774229526519775, -0.2631087303161621, -1.9346445798873901]
Global lower bound: -3.0447874069213867
2 / 9 OR specs are verified.
Verified OR indices (first 10 items): [0, 1]
Verified OR lbs (first 10 items): [[inf], [inf]]
Unverified OR indices (first 10 items): [2, 3, 4, 5, 6, 7, 8]
Unverified OR lbs (first 10 items): [[-1.5528628826141357], [-1.749040961265564], [-3.0447874069213867], [-2.976384162902832], [-2.4774229526519775], [-0.2631087303161621], [-1.9346445798873901]]
###### Verifying property Instance 7 ######
Batch size: 7
First 10 spec matrices
C: tensor([[[ 0.,  0., -1.,  0.,  0.,  0.,  0.,  0.,  0.,  1.]],

        [[ 0.,  0.,  0., -1.,  0.,  0.,  0.,  0.,  0.,  1.]],

        [[ 0.,  0.,  0.,  0., -1.,  0.,  0.,  0.,  0.,  1.]],

        [[ 0.,  0.,  0.,  0.,  0., -1.,  0.,  0.,  0.,  1.]],

        [[ 0.,  0.,  0.,  0.,  0.,  0., -1.,  0.,  0.,  1.]],

        [[ 0.,  0.,  0.,  0.,  0.,  0.,  0., -1.,  0.,  1.]],

        [[ 0.,  0.,  0.,  0.,  0.,  0.,  0.,  0., -1.,  1.]]], device='cuda:0')
RHS: tensor([[0.],
        [0.],
        [0.],
        [0.],
        [0.],
        [0.],
        [0.]], device='cuda:0')
OR spec sizes: tensor([1, 1, 1, 1, 1, 1, 1], device='cuda:0', dtype=torch.int32)
Remaining timeout: 57.910311460494995
Model prediction is: tensor([-3.35555530, -2.20065260, -1.00345206,  0.12420868,  3.57004762,
         1.70801926,  0.07874458,  0.39305973,  2.08584809,  4.65091181],
       device='cuda:0')
Activation BaB batch 1/1 
build_with_refined_bounds batch [1/1]
Optimizable variables initialized.
all alpha initialized
directly get lb and ub from refined bounds
c shape: torch.Size([7, 1, 10])
lA shapes: [torch.Size([7, 1, 8, 28, 28]), torch.Size([7, 1, 8, 28, 28]), torch.Size([7, 1, 64])]
(alpha-)CROWN with fixed intermediate bounds: tensor([[-1.55286288],
        [-1.74904096],
        [-3.04478741],
        [-2.97638416],
        [-2.47742295],
        [-0.26310873],
        [-1.93464458]], device='cuda:0') tensor([[inf],
        [inf],
        [inf],
        [inf],
        [inf],
        [inf],
        [inf]], device='cuda:0')
Intermediate layers: /input,/26,/input-8
Keeping alphas for these layers: ['/42']
Node /input-4 input 0: size torch.Size([8, 28, 28]) unstable 1491
Node /27 input 0: size torch.Size([8, 28, 28]) unstable 2069
Node /41 input 0: size torch.Size([64]) unstable 15
-----------------
# of unstable neurons: 3575
-----------------

BaB round 1
batch: 7
splitting decisions: 
split level 0: [/26, 2086] [/26, 5929] [/input, 3363] [/26, 1994] [/26, 3699] [/26, 3218] [/input, 3167] 
split level 1: [/input, 5380] [/input, 3218] [/input, 5461] [/26, 3522] [/input, 3473] [/26, 395] [/input, 5153] 
split level 2: [/26, 5533] [/26, 535] [/input, 5094] [/input, 5334] [/26, 5644] [/input, 4896] [/26, 2157] 
split level 3: [/input, 4947] [/input, 5004] [/26, 5551] [/26, 556] [/26, 6053] [/input, 4737] [/input, 5184] 
best_l after optimization: -220.83689880371094
beta sum per layer: [15.844132423400879, 40.566707611083984, 0.0]
alpha/beta optimization time: 0.13822007179260254
pruning_in_iteration open status: False
ratio of positive domain = 0 / 112 = 0.0
pruning-in-iteration extra time: 5.173683166503906e-05
Time: pickout 0.0013    branching_decision 0.0001    decision 0.0001    set_bounds 0.0053    prepare 0.0018    transfer 0.0000    finalize 0.0049    func 0.1492    
Accumulated time: bab_iteration 0.0000    pickout 0.0013    decision 0.0001    branching_decision 0.0001    set_bounds 0.0053    solve 0.0000    func 0.1492    prepare 0.0018    transfer 0.0000    finalize 0.0049    
max lb -0.243178129196167 min lb -3.0444633960723877
Number of Verified Splits: 0 of 112
Current worst splitting domains lb-rhs (depth):
-3.04446 (4), -3.04411 (4), -3.04222 (4), -3.04192 (4), -3.03863 (4), -3.03831 (4), -3.03657 (4), -3.03624 (4), -3.03378 (4), -3.03359 (4), -3.03235 (4), -3.03213 (4), -3.02872 (4), -3.02850 (4), -3.02674 (4), -3.02642 (4), -2.97594 (4), -2.97564 (4), -2.97222 (4), -2.97192 (4), 
Current (lb-rhs): -3.0444633960723877
112 domains visited
Length of domains: 112
Cumulative time: 0.19970130920410156

BaB round 2
batch: 112
splitting decisions: 
split level 0: [/input, 4777] [/26, 3493] [/input, 513] [/input, 5317] [/input, 3734] [/26, 506] [/26, 6026] [/26, 6192] [/26, 760] [/26, 143] 
best_l after optimization: -438.0684814453125
beta sum per layer: [44.124454498291016, 131.65640258789062, 0.0]
alpha/beta optimization time: 0.13905572891235352
pruning_in_iteration open status: False
ratio of positive domain = 0 / 224 = 0.0
pruning-in-iteration extra time: 5.054473876953125e-05
Time: pickout 0.0097    branching_decision 0.0001    decision 0.0001    set_bounds 0.0054    prepare 0.0051    transfer 0.0000    finalize 0.0092    func 0.1583    solve 0.1492    add 0.0012    bab_iteration 0.1572    
Accumulated time: bab_iteration 0.1572    pickout 0.0110    decision 0.0002    branching_decision 0.0002    set_bounds 0.0107    solve 0.1492    func 0.3075    prepare 0.0068    transfer 0.0001    finalize 0.0141    add 0.0012    
max lb -0.18115806579589844 min lb -3.0443356037139893
Number of Verified Splits: 0 of 224
Current worst splitting domains lb-rhs (depth):
-3.04434 (5), -3.04380 (5), -3.04207 (5), -3.04192 (5), -3.04151 (5), -3.04121 (5), -3.04022 (5), -3.03831 (5), -3.03799 (5), -3.03575 (5), -3.03555 (5), -3.03450 (5), -3.03363 (5), -3.03336 (5), -3.03249 (5), -3.03161 (5), -3.03146 (5), -3.03101 (5), -3.03059 (5), -3.02989 (5), 
Current (lb-rhs): -3.0443356037139893
336 domains visited
Length of domains: 224
Cumulative time: 0.37489914894104004

BaB round 3
batch: 224
splitting decisions: 
split level 0: [/input, 3861] [/26, 5633] [/26, 161] [/input, 636] [/26, 6092] [/26, 271] [/26, 2639] [/26, 1615] [/input, 4801] [/26, 3682] 
best_l after optimization: -870.3936157226562
beta sum per layer: [124.07815551757812, 357.1512756347656, 0.0]
alpha/beta optimization time: 0.14200568199157715
pruning_in_iteration open status: False
ratio of positive domain = 0 / 448 = 0.0
pruning-in-iteration extra time: 5.245208740234375e-05
Time: pickout 0.0181    branching_decision 0.0001    decision 0.0001    set_bounds 0.0106    prepare 0.0096    transfer 0.0000    finalize 0.0190    func 0.1770    solve 0.1583    add 0.0015    bab_iteration 0.1752    
Accumulated time: bab_iteration 0.3324    pickout 0.0291    decision 0.0003    branching_decision 0.0003    set_bounds 0.0213    solve 0.3075    func 0.4845    prepare 0.0164    transfer 0.0001    finalize 0.0330    add 0.0027    
max lb -0.16421246528625488 min lb -3.044245481491089
Number of Verified Splits: 0 of 448
Current worst splitting domains lb-rhs (depth):
-3.04425 (6), -3.04375 (6), -3.04232 (6), -3.04205 (6), -3.04205 (6), -3.04192 (6), -3.04147 (6), -3.04121 (6), -3.04045 (6), -3.04001 (6), -3.03942 (6), -3.03825 (6), -3.03791 (6), -3.03600 (6), -3.03563 (6), -3.03561 (6), -3.03548 (6), -3.03527 (6), -3.03516 (6), -3.03421 (6), 
Current (lb-rhs): -3.044245481491089
784 domains visited
Length of domains: 448
Cumulative time: 0.5841453075408936

BaB round 4
batch: 448
splitting decisions: 
split level 0: [/input, 4811] [/input, 4614] [/26, 6132] [/26, 3257] [/26, 651] [/26, 1729] [/26, 498] [/26, 5601] [/26, 1994] [/input, 5125] 
best_l after optimization: -1729.738037109375
beta sum per layer: [331.4945068359375, 847.40185546875, 0.7398630380630493]
alpha/beta optimization time: 0.153656005859375
pruning_in_iteration open status: False
ratio of positive domain = 0 / 896 = 0.0
pruning-in-iteration extra time: 5.316734313964844e-05
Time: pickout 0.0362    branching_decision 0.0002    decision 0.0002    set_bounds 0.0201    prepare 0.0196    transfer 0.0000    finalize 0.0399    func 0.2227    solve 0.1770    add 0.0031    bab_iteration 0.2092    
Accumulated time: bab_iteration 0.5417    pickout 0.0654    decision 0.0006    branching_decision 0.0005    set_bounds 0.0414    solve 0.4846    func 0.7071    prepare 0.0361    transfer 0.0002    finalize 0.0730    add 0.0058    
max lb -0.12474822998046875 min lb -3.0442402362823486
Number of Verified Splits: 0 of 896
Current worst splitting domains lb-rhs (depth):
-3.04424 (7), -3.04354 (7), -3.04232 (7), -3.04197 (7), -3.04179 (7), -3.04165 (7), -3.04164 (7), -3.04142 (7), -3.04121 (7), -3.04040 (7), -3.04002 (7), -3.03939 (7), -3.03926 (7), -3.03814 (7), -3.03802 (7), -3.03800 (7), -3.03764 (7), -3.03727 (7), -3.03716 (7), -3.03651 (7), 
Current (lb-rhs): -3.0442402362823486
1680 domains visited
Length of domains: 896
Cumulative time: 0.8692913055419922

BaB round 5
batch: 896
splitting decisions: 
split level 0: [/input, 5443] [/input, 2533] [/input, 5470] [/26, 6222] [/input, 5033] [/26, 5600] [/input, 4554] [/26, 3710] [/26, 507] [/input, 3160] 
best_l after optimization: -3437.5986328125
beta sum per layer: [847.8070678710938, 1916.318115234375, 5.666028022766113]
alpha/beta optimization time: 0.2826969623565674
pruning_in_iteration open status: False
ratio of positive domain = 1 / 1792 = 0.0005580357142856984
pruning-in-iteration extra time: 7.009506225585938e-05
Time: pickout 0.0727    branching_decision 0.0004    decision 0.0004    set_bounds 0.0397    prepare 0.0396    transfer 0.0000    finalize 0.0730    func 0.4106    solve 0.2227    add 0.0056    bab_iteration 0.2851    
Accumulated time: bab_iteration 0.8268    pickout 0.1381    decision 0.0010    branching_decision 0.0009    set_bounds 0.0811    solve 0.7073    func 1.1177    prepare 0.0757    transfer 0.0002    finalize 0.1460    add 0.0114    
max lb 0.08705401420593262 min lb -3.044112205505371
Number of Verified Splits: 1 of 1792
Current worst splitting domains lb-rhs (depth):
-3.04411 (8), -3.04348 (8), -3.04245 (8), -3.04231 (8), -3.04197 (8), -3.04169 (8), -3.04162 (8), -3.04159 (8), -3.04140 (8), -3.04139 (8), -3.04121 (8), -3.04121 (8), -3.04096 (8), -3.04084 (8), -3.04037 (8), -3.03999 (8), -3.03952 (8), -3.03928 (8), -3.03926 (8), -3.03875 (8), 
Current (lb-rhs): -3.044112205505371
3472 domains visited
Length of domains: 1791
Cumulative time: 1.4050235748291016

BaB round 6
batch: 1791
splitting decisions: 
split level 0: [/input, 3736] [/input, 514] [/26, 248] [/26, 159] [/26, 225] [/26, 3879] [/input, 5321] [/26, 507] [/26, 3549] [/26, 6078] 
best_l after optimization: -6821.6484375
beta sum per layer: [2035.146484375, 4350.560546875, 19.118473052978516]
alpha/beta optimization time: 0.6677854061126709
pruning_in_iteration open status: False
ratio of positive domain = 3 / 3582 = 0.0008375209380234727
pruning-in-iteration extra time: 5.936622619628906e-05
Time: pickout 0.1432    branching_decision 0.0008    decision 0.0008    set_bounds 0.0788    prepare 0.0797    transfer 0.0001    finalize 0.2927    func 1.0710    solve 0.4106    add 0.0118    bab_iteration 0.5357    
Accumulated time: bab_iteration 1.3625    pickout 0.2812    decision 0.0018    branching_decision 0.0017    set_bounds 0.1599    solve 1.1179    func 2.1887    prepare 0.1554    transfer 0.0003    finalize 0.4387    add 0.0232    
max lb 0.8551015853881836 min lb -3.04400897026062
Number of Verified Splits: 3 of 3582
Current worst splitting domains lb-rhs (depth):
-3.04401 (9), -3.04340 (9), -3.04245 (9), -3.04216 (9), -3.04191 (9), -3.04161 (9), -3.04161 (9), -3.04159 (9), -3.04138 (9), -3.04131 (9), -3.04122 (9), -3.04120 (9), -3.04111 (9), -3.04077 (9), -3.04064 (9), -3.04059 (9), -3.04031 (9), -3.03999 (9), -3.03998 (9), -3.03985 (9), 
Current (lb-rhs): -3.04400897026062
7054 domains visited
Length of domains: 3579
Cumulative time: 2.7184958457946777

BaB round 7
batch: 2048
splitting decisions: 
split level 0: [/input, 4931] [/input, 1076] [/26, 3560] [/26, 2190] [/26, 2138] [/26, 332] [/input, 5154] [/input, 4302] [/input, 353] [/26, 2159] 
best_l after optimization: -7706.82470703125
beta sum per layer: [2866.1767578125, 6040.6982421875, 32.440345764160156]
alpha/beta optimization time: 0.714977502822876
pruning_in_iteration open status: False
ratio of positive domain = 8 / 4096 = 0.001953125
pruning-in-iteration extra time: 7.152557373046875e-05
Time: pickout 0.1660    branching_decision 0.0006    decision 0.0006    set_bounds 0.0931    prepare 0.0908    transfer 0.0000    finalize 0.1604    func 0.9984    solve 1.0710    add 0.0189    bab_iteration 1.3135    
Accumulated time: bab_iteration 2.6760    pickout 0.4473    decision 0.0024    branching_decision 0.0023    set_bounds 0.2530    solve 2.1889    func 3.1871    prepare 0.2462    transfer 0.0003    finalize 0.5991    add 0.0421    
max lb 1.2288610935211182 min lb -3.042257308959961
Number of Verified Splits: 8 of 4096
Current worst splitting domains lb-rhs (depth):
-3.04401 (9), -3.04340 (9), -3.04226 (10), -3.04216 (9), -3.04191 (9), -3.04161 (9), -3.04159 (9), -3.04147 (10), -3.04138 (9), -3.04131 (9), -3.04122 (9), -3.04120 (10), -3.04111 (9), -3.04077 (9), -3.04064 (9), -3.04059 (9), -3.04031 (9), -3.03999 (9), -3.03998 (10), -3.03975 (10), 
Current (lb-rhs): -3.04400897026062
11150 domains visited
Length of domains: 5619
current_vram/total_varm: 9.5GB/47.7GB, batch_size increase to 4096
Cumulative time: 4.003748416900635

BaB round 8
batch: 4096
splitting decisions: 
split level 0: [/26, 3352] [/26, 5737] [/26, 246] [/26, 6201] [/input, 5244] [/input, 5248] [/26, 3299] [/26, 312] [/26, 5594] [/26, 3722] 
best_l after optimization: -15326.4658203125
beta sum per layer: [6587.921875, 13407.9638671875, 66.76737976074219]
alpha/beta optimization time: 1.4281635284423828
pruning_in_iteration open status: False
ratio of positive domain = 8 / 8192 = 0.0009765625
pruning-in-iteration extra time: 5.91278076171875e-05
Time: pickout 0.4830    branching_decision 0.0012    decision 0.0012    set_bounds 0.1811    prepare 0.1818    transfer 0.0001    finalize 0.3384    func 2.0102    solve 0.9985    add 0.0260    bab_iteration 1.2852    
Accumulated time: bab_iteration 3.9613    pickout 0.9302    decision 0.0036    branching_decision 0.0034    set_bounds 0.4340    solve 3.1873    func 5.1973    prepare 0.4280    transfer 0.0004    finalize 0.9375    add 0.0681    
max lb 0.6182750463485718 min lb -3.0422167778015137
Number of Verified Splits: 8 of 8192
Current worst splitting domains lb-rhs (depth):
-3.04401 (9), -3.04340 (9), -3.04222 (11), -3.04216 (9), -3.04203 (11), -3.04191 (9), -3.04161 (9), -3.04159 (9), -3.04147 (11), -3.04138 (9), -3.04131 (9), -3.04122 (9), -3.04120 (11), -3.04120 (11), -3.04111 (9), -3.04077 (9), -3.04064 (9), -3.04059 (9), -3.04031 (9), -3.03999 (9), 
Current (lb-rhs): -3.04400897026062
19342 domains visited
Length of domains: 9707
current_vram/total_varm: 17.6GB/47.7GB, batch_size increase to 8192
Cumulative time: 6.728054046630859

BaB round 9
batch: 8192
splitting decisions: 
split level 0: [/input, 5011] [/26, 5957] [/26, 5532] [/26, 5707] [/26, 5978] [/26, 5762] [/26, 1571] [/26, 3868] [/26, 3246] [/input, 5324] 
best_l after optimization: -30475.166015625
beta sum per layer: [14951.58984375, 29431.513671875, 153.2086944580078]
alpha/beta optimization time: 2.832566261291504
pruning_in_iteration open status: False
ratio of positive domain = 19 / 16384 = 0.00115966796875
pruning-in-iteration extra time: 5.888938903808594e-05
Time: pickout 0.8464    branching_decision 0.0022    decision 0.0022    set_bounds 0.5397    prepare 0.3704    transfer 0.0001    finalize 0.7141    func 4.0374    solve 2.0102    add 0.0461    bab_iteration 2.7243    
Accumulated time: bab_iteration 6.6856    pickout 1.7766    decision 0.0058    branching_decision 0.0056    set_bounds 0.9738    solve 5.1976    func 9.2347    prepare 0.7984    transfer 0.0005    finalize 1.6516    add 0.1142    
max lb 0.6482961177825928 min lb -3.0421366691589355
Number of Verified Splits: 19 of 16384
Current worst splitting domains lb-rhs (depth):
-3.04401 (9), -3.04340 (9), -3.04216 (9), -3.04214 (12), -3.04192 (12), -3.04191 (9), -3.04182 (12), -3.04161 (9), -3.04159 (9), -3.04147 (12), -3.04147 (12), -3.04138 (9), -3.04131 (9), -3.04122 (9), -3.04120 (12), -3.04120 (12), -3.04120 (12), -3.04111 (9), -3.04077 (9), -3.04064 (9), 
Current (lb-rhs): -3.04400897026062
35726 domains visited
Length of domains: 17880
Cumulative time: 12.419985055923462

BaB round 10
batch: 8192
splitting decisions: 
split level 0: [/input, 3532] [/26, 614] [/26, 1734] [/input, 2650] [/26, 5965] [/26, 6049] [/26, 5554] [/26, 2724] [/input, 3311] [/input, 4822] 
best_l after optimization: -30149.552734375
beta sum per layer: [17222.1875, 33683.4609375, 185.20242309570312]
alpha/beta optimization time: 2.8325510025024414
pruning_in_iteration open status: False
ratio of positive domain = 33 / 16384 = 0.00201416015625
pruning-in-iteration extra time: 5.817413330078125e-05
Time: pickout 0.6846    branching_decision 0.0020    decision 0.0020    set_bounds 0.5761    prepare 0.3730    transfer 0.0001    finalize 0.7114    func 4.0342    solve 4.0375    add 0.2623    bab_iteration 5.6919    
Accumulated time: bab_iteration 12.3775    pickout 2.4613    decision 0.0078    branching_decision 0.0076    set_bounds 1.5499    solve 9.2351    func 13.2689    prepare 1.1714    transfer 0.0006    finalize 2.3630    add 0.3765    
max lb 1.2532744407653809 min lb -3.0417816638946533
Number of Verified Splits: 33 of 16384
Current worst splitting domains lb-rhs (depth):
-3.04401 (9), -3.04340 (9), -3.04216 (9), -3.04214 (12), -3.04192 (12), -3.04191 (9), -3.04178 (13), -3.04161 (9), -3.04159 (9), -3.04147 (12), -3.04145 (13), -3.04138 (9), -3.04131 (9), -3.04122 (9), -3.04120 (12), -3.04120 (13), -3.04120 (12), -3.04111 (9), -3.04077 (9), -3.04064 (9), 
Current (lb-rhs): -3.04400897026062
52110 domains visited
Length of domains: 26039
Cumulative time: 17.79933524131775

BaB round 11
batch: 8192
splitting decisions: 
split level 0: [/26, 102] [/input, 5107] [/26, 3862] [/26, 1757] [/input, 5258] [/26, 747] [/input, 3440] [/26, 716] [/26, 6204] [/26, 1986] 
best_l after optimization: -29842.826171875
beta sum per layer: [19580.16796875, 38131.7109375, 231.1740264892578]
alpha/beta optimization time: 2.8328778743743896
pruning_in_iteration open status: False
ratio of positive domain = 46 / 16384 = 0.0028076171875
pruning-in-iteration extra time: 5.888938903808594e-05
Time: pickout 0.9422    branching_decision 0.0020    decision 0.0020    set_bounds 0.3597    prepare 0.3716    transfer 0.0001    finalize 0.9549    func 4.2751    solve 4.0343    add 0.0776    bab_iteration 5.3793    
Accumulated time: bab_iteration 17.7568    pickout 3.4035    decision 0.0098    branching_decision 0.0096    set_bounds 1.9096    solve 13.2693    func 17.5441    prepare 1.5429    transfer 0.0007    finalize 3.3179    add 0.4541    
max lb 1.1838481426239014 min lb -3.0408365726470947
Number of Verified Splits: 46 of 16384
Current worst splitting domains lb-rhs (depth):
-3.04401 (9), -3.04340 (9), -3.04216 (9), -3.04214 (12), -3.04192 (12), -3.04191 (9), -3.04178 (13), -3.04161 (9), -3.04159 (9), -3.04147 (12), -3.04145 (13), -3.04138 (9), -3.04131 (9), -3.04122 (9), -3.04120 (12), -3.04120 (12), -3.04111 (9), -3.04084 (14), -3.04077 (9), -3.04064 (9), 
Current (lb-rhs): -3.04400897026062
68494 domains visited
Length of domains: 34185
Cumulative time: 23.492180109024048

BaB round 12
batch: 8192
splitting decisions: 
split level 0: [/26, 2132] [/26, 1690] [/input, 4416] [/26, 707] [/26, 1924] [/26, 3909] [/26, 3446] [/26, 6141] [/26, 227] [/26, 332] 
best_l after optimization: -29593.2734375
beta sum per layer: [22022.7265625, 42730.4765625, 275.1072998046875]
alpha/beta optimization time: 2.834491014480591
pruning_in_iteration open status: False
ratio of positive domain = 46 / 16384 = 0.0028076171875
pruning-in-iteration extra time: 8.058547973632812e-05
Time: pickout 0.6971    branching_decision 0.0019    decision 0.0019    set_bounds 0.6493    prepare 0.3721    transfer 0.0001    finalize 0.7143    func 4.0360    solve 4.2752    add 0.1085    bab_iteration 5.6928    
Accumulated time: bab_iteration 23.4497    pickout 4.1005    decision 0.0117    branching_decision 0.0115    set_bounds 2.5590    solve 17.5445    func 21.5801    prepare 1.9150    transfer 0.0008    finalize 4.0322    add 0.5626    
max lb 0.8629504442214966 min lb -3.040620803833008
Number of Verified Splits: 46 of 16384
Current worst splitting domains lb-rhs (depth):
-3.04401 (9), -3.04340 (9), -3.04216 (9), -3.04214 (12), -3.04192 (12), -3.04191 (9), -3.04178 (13), -3.04161 (9), -3.04159 (9), -3.04147 (12), -3.04145 (13), -3.04138 (9), -3.04131 (9), -3.04122 (9), -3.04120 (12), -3.04120 (12), -3.04111 (9), -3.04084 (14), -3.04077 (9), -3.04064 (9), 
Current (lb-rhs): -3.04400897026062
84878 domains visited
Length of domains: 42331
Cumulative time: 28.960958242416382

BaB round 13
batch: 8192
splitting decisions: 
split level 0: [/26, 6060] [/input, 552] [/26, 71] [/input, 3635] [/input, 3355] [/26, 3817] [/26, 1619] [/input, 5109] [/26, 1731] [/input, 5323] 
best_l after optimization: -29327.943359375
beta sum per layer: [24689.087890625, 47479.8828125, 332.67486572265625]
alpha/beta optimization time: 2.835527181625366
pruning_in_iteration open status: False
ratio of positive domain = 78 / 16384 = 0.0047607421875
pruning-in-iteration extra time: 7.033348083496094e-05
Time: pickout 1.0711    branching_decision 0.0022    decision 0.0022    set_bounds 0.3635    prepare 0.3755    transfer 0.0001    finalize 0.7155    func 4.4221    solve 4.0361    add 0.0785    bab_iteration 5.4688    
Accumulated time: bab_iteration 28.9184    pickout 5.1716    decision 0.0140    branching_decision 0.0137    set_bounds 2.9225    solve 21.5806    func 26.0021    prepare 2.2905    transfer 0.0008    finalize 4.7478    add 0.6411    
max lb 1.1394983530044556 min lb -3.036504030227661
Number of Verified Splits: 80 of 16384
Current worst splitting domains lb-rhs (depth):
-3.04401 (9), -3.04340 (9), -3.04216 (9), -3.04214 (12), -3.04192 (12), -3.04191 (9), -3.04178 (13), -3.04161 (9), -3.04159 (9), -3.04147 (12), -3.04145 (13), -3.04138 (9), -3.04131 (9), -3.04122 (9), -3.04120 (12), -3.04120 (12), -3.04111 (9), -3.04084 (14), -3.04077 (9), -3.04064 (9), 
Current (lb-rhs): -3.04400897026062
101262 domains visited
Length of domains: 50443
Cumulative time: 34.907421350479126

BaB round 14
batch: 8192
splitting decisions: 
split level 0: [/input, 3291] [/input, 3504] [/26, 5843] [/26, 5615] [/input, 3452] [/26, 2299] [/26, 1696] [/26, 6242] [/26, 442] [/input, 5031] 
best_l after optimization: -29148.810546875
beta sum per layer: [27538.365234375, 52356.9609375, 358.50970458984375]
alpha/beta optimization time: 2.8357503414154053
pruning_in_iteration open status: False
ratio of positive domain = 76 / 16384 = 0.004638671875
pruning-in-iteration extra time: 5.936622619628906e-05
Time: pickout 0.7173    branching_decision 0.0021    decision 0.0021    set_bounds 0.3640    prepare 0.3758    transfer 0.0001    finalize 1.1224    func 4.4513    solve 4.4221    add 0.0808    bab_iteration 5.9465    
Accumulated time: bab_iteration 34.8649    pickout 5.8889    decision 0.0161    branching_decision 0.0159    set_bounds 3.2865    solve 26.0027    func 30.4535    prepare 2.6663    transfer 0.0009    finalize 5.8702    add 0.7219    
max lb 1.1809403896331787 min lb -3.0358381271362305
Number of Verified Splits: 78 of 16384
Current worst splitting domains lb-rhs (depth):
-3.04401 (9), -3.04340 (9), -3.04216 (9), -3.04214 (12), -3.04192 (12), -3.04191 (9), -3.04178 (13), -3.04161 (9), -3.04159 (9), -3.04147 (12), -3.04145 (13), -3.04138 (9), -3.04131 (9), -3.04122 (9), -3.04120 (12), -3.04120 (12), -3.04111 (9), -3.04084 (14), -3.04077 (9), -3.04064 (9), 
Current (lb-rhs): -3.04400897026062
117646 domains visited
Length of domains: 58557
Cumulative time: 40.531959533691406

BaB round 15
batch: 8192
splitting decisions: 
split level 0: [/input, 3493] [/input, 3712] [/input, 5405] [/26, 708] [/input, 3253] [/26, 2279] [/input, 5204] [/26, 1661] [/26, 3711] [/26, 776] 
best_l after optimization: -28968.369140625
beta sum per layer: [30518.669921875, 57341.140625, 388.195556640625]
alpha/beta optimization time: 2.835477590560913
pruning_in_iteration open status: False
ratio of positive domain = 91 / 16384 = 0.00555419921875
pruning-in-iteration extra time: 5.841255187988281e-05
Time: pickout 0.7148    branching_decision 0.0021    decision 0.0021    set_bounds 0.3620    prepare 0.3731    transfer 0.0001    finalize 1.1589    func 4.4842    solve 4.4514    add 0.0824    bab_iteration 5.6245    
Accumulated time: bab_iteration 40.4894    pickout 6.6037    decision 0.0182    branching_decision 0.0179    set_bounds 3.6485    solve 30.4541    func 34.9376    prepare 3.0394    transfer 0.0010    finalize 7.0291    add 0.8043    
max lb 1.2399654388427734 min lb -3.0358188152313232
Number of Verified Splits: 94 of 16384
Current worst splitting domains lb-rhs (depth):
-3.04401 (9), -3.04340 (9), -3.04216 (9), -3.04214 (12), -3.04192 (12), -3.04191 (9), -3.04178 (13), -3.04161 (9), -3.04159 (9), -3.04147 (12), -3.04145 (13), -3.04138 (9), -3.04131 (9), -3.04122 (9), -3.04120 (12), -3.04120 (12), -3.04111 (9), -3.04084 (14), -3.04077 (9), -3.04064 (9), 
Current (lb-rhs): -3.04400897026062
134030 domains visited
Length of domains: 66655
Cumulative time: 46.27737236022949

BaB round 16
batch: 8192
splitting decisions: 
split level 0: [/26, 3698] [/26, 3411] [/26, 2225] [/input, 3727] [/input, 3794] [/26, 6090] [/input, 5348] [/26, 6000] [/input, 5382] [/26, 5745] 
best_l after optimization: -28832.40625
beta sum per layer: [33671.5859375, 62403.75, 440.2286682128906]
alpha/beta optimization time: 2.8351213932037354
pruning_in_iteration open status: False
ratio of positive domain = 112 / 16384 = 0.0068359375
pruning-in-iteration extra time: 7.843971252441406e-05
Time: pickout 0.7151    branching_decision 0.0020    decision 0.0021    set_bounds 0.3616    prepare 0.3723    transfer 0.0001    finalize 1.2011    func 4.5254    solve 4.4842    add 0.1745    bab_iteration 5.7454    
Accumulated time: bab_iteration 46.2348    pickout 7.3188    decision 0.0202    branching_decision 0.0200    set_bounds 4.0101    solve 34.9383    func 39.4630    prepare 3.4117    transfer 0.0011    finalize 8.2303    add 0.9788    
max lb 1.035862684249878 min lb -3.03389573097229
Number of Verified Splits: 122 of 16384
Current worst splitting domains lb-rhs (depth):
-3.04401 (9), -3.04340 (9), -3.04216 (9), -3.04214 (12), -3.04192 (12), -3.04191 (9), -3.04178 (13), -3.04161 (9), -3.04159 (9), -3.04147 (12), -3.04145 (13), -3.04138 (9), -3.04131 (9), -3.04122 (9), -3.04120 (12), -3.04120 (12), -3.04111 (9), -3.04084 (14), -3.04077 (9), -3.04064 (9), 
Current (lb-rhs): -3.04400897026062
150414 domains visited
Length of domains: 74725
Cumulative time: 51.97151303291321

BaB round 17
batch: 8192
splitting decisions: 
split level 0: [/26, 2018] [/26, 3804] [/input, 3505] [/26, 5636] [/26, 3338] [/input, 5297] [/input, 5295] [/input, 4434] [/input, 3844] [/26, 2273] 
best_l after optimization: -28800.45703125
beta sum per layer: [37150.42578125, 67512.421875, 468.51763916015625]
alpha/beta optimization time: 2.8357136249542236
pruning_in_iteration open status: False
ratio of positive domain = 105 / 16384 = 0.00640869140625
pruning-in-iteration extra time: 5.888938903808594e-05
Time: pickout 0.7203    branching_decision 0.0020    decision 0.0020    set_bounds 0.3628    prepare 0.3728    transfer 0.0001    finalize 0.7162    func 4.5819    solve 4.5254    add 0.0815    bab_iteration 5.6941    
Accumulated time: bab_iteration 51.9290    pickout 8.0391    decision 0.0223    branching_decision 0.0220    set_bounds 4.3729    solve 39.4637    func 44.0448    prepare 3.7845    transfer 0.0012    finalize 8.9464    add 1.0603    
max lb 0.9406769275665283 min lb -3.033608913421631
Number of Verified Splits: 107 of 16384
Current worst splitting domains lb-rhs (depth):
-3.04401 (9), -3.04340 (9), -3.04216 (9), -3.04214 (12), -3.04192 (12), -3.04191 (9), -3.04178 (13), -3.04161 (9), -3.04159 (9), -3.04147 (12), -3.04145 (13), -3.04138 (9), -3.04131 (9), -3.04122 (9), -3.04120 (12), -3.04120 (12), -3.04111 (9), -3.04084 (14), -3.04077 (9), -3.04064 (9), 
Current (lb-rhs): -3.04400897026062
166798 domains visited
Length of domains: 82810
Cumulative time: 57.73029971122742

BaB round 18
batch: 8192
splitting decisions: 
split level 0: [/input, 4888] [/26, 6015] [/26, 2195] [/26, 3904] [/26, 2162] [/26, 5529] [/26, 3320] [/26, 717] [/26, 271] [/input, 3631] 
best_l after optimization: -28683.470703125
beta sum per layer: [40974.08984375, 72765.3828125, 514.1516723632812]
alpha/beta optimization time: 2.8361222743988037
pruning_in_iteration open status: False
ratio of positive domain = 132 / 16384 = 0.008056640625
pruning-in-iteration extra time: 5.745887756347656e-05
Time: pickout 0.7229    branching_decision 0.0020    decision 0.0020    set_bounds 0.3618    prepare 0.3723    transfer 0.0001    finalize 0.7142    func 4.0403    solve 4.5819    add 0.0824    bab_iteration 5.7588    
Accumulated time: bab_iteration 57.6877    pickout 8.7620    decision 0.0243    branching_decision 0.0240    set_bounds 4.7347    solve 44.0456    func 48.0851    prepare 4.1569    transfer 0.0013    finalize 9.6606    add 1.1427    
max lb 1.1433563232421875 min lb -3.03102970123291
Number of Verified Splits: 139 of 16384
Current worst splitting domains lb-rhs (depth):
-3.04401 (9), -3.04340 (9), -3.04216 (9), -3.04214 (12), -3.04192 (12), -3.04191 (9), -3.04178 (13), -3.04161 (9), -3.04159 (9), -3.04147 (12), -3.04145 (13), -3.04138 (9), -3.04131 (9), -3.04122 (9), -3.04120 (12), -3.04120 (12), -3.04111 (9), -3.04084 (14), -3.04077 (9), -3.04064 (9), 
Current (lb-rhs): -3.04400897026062
183182 domains visited
Length of domains: 90863
Time out!!!!!!!!
Result: unknown in 65.3715 seconds

 %%%%%%%%%%%%%%%%%%%%%%%%%%%%%%%%%%% idx: 8, vnnlib ID: 8 %%%%%%%%%%%%%%%%%%%%%%%%%%%%%%%%%%%
Finished vnnlib processing in 0.001653 seconds
Model: BoundedModule(
  (/input-1): BoundInput(name=/input-1, inputs=[], perturbed=True)
  (/shape): BoundBuffers(name=/shape, inputs=[], perturbed=False)
  (/12): BoundParams(name=/12, inputs=[], perturbed=False)
  (/13): BoundParams(name=/13, inputs=[], perturbed=False)
  (/14): BoundParams(name=/14, inputs=[], perturbed=False)
  (/15): BoundParams(name=/15, inputs=[], perturbed=False)
  (/16): BoundParams(name=/16, inputs=[], perturbed=False)
  (/17): BoundParams(name=/17, inputs=[], perturbed=False)
  (/18): BoundParams(name=/18, inputs=[], perturbed=False)
  (/19): BoundParams(name=/19, inputs=[], perturbed=False)
  (/20): BoundParams(name=/20, inputs=[], perturbed=False)
  (/21): BoundParams(name=/21, inputs=[], perturbed=False)
  (/input): BoundConv(name=/input, inputs=[/input-1, /12, /13], perturbed=True)
  (/input-4): BoundRelu(name=/input-4, inputs=[/input], perturbed=True)
  (/24): BoundConv(name=/24, inputs=[/input-4, /14, /15], perturbed=True)
  (/25): BoundConv(name=/25, inputs=[/input-4, /16, /17], perturbed=True)
  (/26): BoundAdd(name=/26, inputs=[/24, /25], perturbed=True)
  (/27): BoundRelu(name=/27, inputs=[/26], perturbed=True)
  (/28): BoundSplit(name=/28, inputs=[/shape], perturbed=False)
  (/29): BoundSplit(name=/29, inputs=[/shape], perturbed=False)
  (/30): BoundConstant(name=/30, value=tensor([0], device='cuda:0'))
  (/31): BoundSqueeze(name=/31, inputs=[/28, /30], perturbed=False)
  (/32): BoundConstant(name=/32, value=tensor([0], device='cuda:0'))
  (/33): BoundSqueeze(name=/33, inputs=[/29, /32], perturbed=False)
  (/34): BoundConstant(name=/34, value=tensor([0], device='cuda:0'))
  (/35): BoundUnsqueeze(name=/35, inputs=[/31, /34], perturbed=False)
  (/36): BoundConstant(name=/36, value=tensor([0], device='cuda:0'))
  (/37): BoundUnsqueeze(name=/37, inputs=[/33, /36], perturbed=False)
  (/38): BoundConcat(name=/38, inputs=[/35, /37], perturbed=False)
  (/39): BoundReshape(name=/39, inputs=[/27, /38], perturbed=True)
  (/input-8): BoundLinear(name=/input-8, inputs=[/39, /18, /19], perturbed=True)
  (/41): BoundRelu(name=/41, inputs=[/input-8], perturbed=True)
  (/42): BoundLinear(name=/42, inputs=[/41, /20, /21], perturbed=True)
)
Original output in the first batch: tensor([[ 3.56452107, -4.44834280,  2.88382959, -6.23205280,  2.92965817,
          5.25511169,  5.56408167, -3.27116036,  1.51702487, -2.78414989]],
       device='cuda:0')
Split layers:
Nonlinear functions:
   BoundRelu(name=/input-4, inputs=[/input], perturbed=True)
   BoundRelu(name=/27, inputs=[/26], perturbed=True)
   BoundRelu(name=/41, inputs=[/input-8], perturbed=True)
build batch [1/1]
layer /input-4 using sparse-features alpha with shape [1441]; unstable size 1441; total size 6272 ([1, 8, 28, 28])
layer /input-4 start_node /26 using sparse-spec alpha [2, 6, 1, 1441] with unstable size 5 total_size 8 output_shape 8
layer /input-4 start_node /input-8 using sparse-spec alpha [2, 5, 1, 1441] with unstable size 4 total_size 64 output_shape torch.Size([64])
layer /input-4 start_node /42 using full alpha [2, 9, 1, 1441] with unstable size None total_size 9 output_shape 9
layer /27 using sparse-features alpha with shape [1809]; unstable size 1809; total size 6272 ([1, 8, 28, 28])
layer /27 start_node /input-8 using sparse-spec alpha [2, 5, 1, 1809] with unstable size 4 total_size 64 output_shape torch.Size([64])
layer /27 start_node /42 using full alpha [2, 9, 1, 1809] with unstable size None total_size 9 output_shape 9
layer /41 using sparse-features alpha with shape [4]; unstable size 4; total size 64 ([1, 64])
layer /41 start_node /42 using full alpha [2, 9, 1, 4] with unstable size None total_size 9 output_shape 9
Optimizable variables initialized.
initial CROWN bounds (first 10 items): [-2.215981960296631, 4.966917991638184, -3.4298601150512695, 6.237772464752197, -2.4500250816345215, -6.100802898406982, 2.6821281909942627, -0.2567105293273926, 2.466805934906006]
prune_after_crown optimization in use
  original spec size = torch.Size([1, 9])
  pruned spec size = torch.Size([1, 5])
Using alpha-CROWN to initialize bounds.
best_l after optimization: -13.345102310180664
alpha/beta optimization time: 1.5688257217407227
initial alpha-crown bounds (first 10 items): [-2.0264406204223633, -3.2280988693237305, -2.2326700687408447, -5.821826934814453, -0.036066293716430664]
Global lower bound: -5.821826934814453
4 / 9 OR specs are verified.
Verified OR indices (first 10 items): [1, 3, 6, 8]
Verified OR lbs (first 10 items): [[inf], [inf], [inf], [inf]]
Unverified OR indices (first 10 items): [0, 2, 4, 5, 7]
Unverified OR lbs (first 10 items): [[-2.0264406204223633], [-3.2280988693237305], [-2.2326700687408447], [-5.821826934814453], [-0.036066293716430664]]
###### Verifying property Instance 8 ######
Batch size: 5
First 10 spec matrices
C: tensor([[[-1.,  0.,  0.,  0.,  0.,  1.,  0.,  0.,  0.,  0.]],

        [[ 0.,  0., -1.,  0.,  0.,  1.,  0.,  0.,  0.,  0.]],

        [[ 0.,  0.,  0.,  0., -1.,  1.,  0.,  0.,  0.,  0.]],

        [[ 0.,  0.,  0.,  0.,  0.,  1., -1.,  0.,  0.,  0.]],

        [[ 0.,  0.,  0.,  0.,  0.,  1.,  0.,  0., -1.,  0.]]], device='cuda:0')
RHS: tensor([[0.],
        [0.],
        [0.],
        [0.],
        [0.]], device='cuda:0')
OR spec sizes: tensor([1, 1, 1, 1, 1], device='cuda:0', dtype=torch.int32)
Remaining timeout: 57.92631816864014
Model prediction is: tensor([ 3.56452107, -4.44834280,  2.88382959, -6.23205280,  2.92965817,
         5.25511169,  5.56408167, -3.27116036,  1.51702487, -2.78414989],
       device='cuda:0')
Activation BaB batch 1/1 
build_with_refined_bounds batch [1/1]
Optimizable variables initialized.
all alpha initialized
directly get lb and ub from refined bounds
c shape: torch.Size([5, 1, 10])
lA shapes: [torch.Size([5, 1, 8, 28, 28]), torch.Size([5, 1, 8, 28, 28]), torch.Size([5, 1, 64])]
(alpha-)CROWN with fixed intermediate bounds: tensor([[-2.02644062],
        [-3.22809887],
        [-2.23267007],
        [-5.82182693],
        [-0.03606629]], device='cuda:0') tensor([[inf],
        [inf],
        [inf],
        [inf],
        [inf]], device='cuda:0')
Intermediate layers: /input,/26,/input-8
Keeping alphas for these layers: ['/42']
Node /input-4 input 0: size torch.Size([8, 28, 28]) unstable 1441
Node /27 input 0: size torch.Size([8, 28, 28]) unstable 1805
Node /41 input 0: size torch.Size([64]) unstable 3
-----------------
# of unstable neurons: 3249
-----------------

BaB round 1
batch: 5
splitting decisions: 
split level 0: [/26, 5548] [/input, 2894] [/input, 5384] [/26, 1608] [/input, 5759] 
split level 1: [/26, 5563] [/input, 5435] [/26, 3529] [/26, 5877] [/input, 5050] 
split level 2: [/26, 762] [/26, 5786] [/26, 2321] [/26, 227] [/26, 3697] 
split level 3: [/26, 3758] [/input, 3789] [/26, 2294] [/26, 5533] [/input, 4873] 
split level 4: [/input, 5357] [/input, 3199] [/26, 147] [/input, 3410] [/input, 6175] 
best_l after optimization: -418.3016662597656
beta sum per layer: [58.25117111206055, 62.741661071777344, 0.0]
alpha/beta optimization time: 0.13310909271240234
pruning_in_iteration open status: False
ratio of positive domain = 16 / 160 = 0.09999999999999998
pruning-in-iteration extra time: 5.7697296142578125e-05
Time: pickout 0.0012    branching_decision 0.0002    decision 0.0002    set_bounds 0.0084    prepare 0.0023    transfer 0.0000    finalize 0.0061    func 0.1459    
Accumulated time: bab_iteration 0.0000    pickout 0.0012    decision 0.0002    branching_decision 0.0002    set_bounds 0.0084    solve 0.0000    func 0.1459    prepare 0.0023    transfer 0.0000    finalize 0.0061    
max lb 0.020388245582580566 min lb -5.821060657501221
Number of Verified Splits: 16 of 160
Current worst splitting domains lb-rhs (depth):
-5.82106 (5), -5.81934 (5), -5.80888 (5), -5.80723 (5), -5.78147 (5), -5.77981 (5), -5.77462 (5), -5.77297 (5), -5.76927 (5), -5.76762 (5), -5.76244 (5), -5.76079 (5), -5.73925 (5), -5.73760 (5), -5.73503 (5), -5.73338 (5), -5.72707 (5), -5.72541 (5), -5.72284 (5), -5.72118 (5), 
Current (lb-rhs): -5.821060657501221
160 domains visited
Length of domains: 144
Cumulative time: 0.19230389595031738

BaB round 2
batch: 144
splitting decisions: 
split level 0: [/26, 1743] [/input, 5098] [/26, 1843] [/input, 4722] [/26, 5996] [/input, 4329] [/26, 2283] [/input, 5327] [/26, 3336] [/26, 762] 
best_l after optimization: -831.8323364257812
beta sum per layer: [162.6533203125, 183.37628173828125, 0.0]
alpha/beta optimization time: 0.1405808925628662
pruning_in_iteration open status: False
ratio of positive domain = 3 / 288 = 0.01041666666666663
pruning-in-iteration extra time: 6.937980651855469e-05
Time: pickout 0.0166    branching_decision 0.0002    decision 0.0002    set_bounds 0.0067    prepare 0.0065    transfer 0.0000    finalize 0.0117    func 0.1641    solve 0.1460    add 0.0014    bab_iteration 0.1574    
Accumulated time: bab_iteration 0.1574    pickout 0.0179    decision 0.0004    branching_decision 0.0004    set_bounds 0.0151    solve 0.1460    func 0.3100    prepare 0.0088    transfer 0.0001    finalize 0.0177    add 0.0014    
max lb 0.01751410961151123 min lb -5.821055889129639
Number of Verified Splits: 3 of 288
Current worst splitting domains lb-rhs (depth):
-5.82106 (6), -5.81886 (6), -5.81672 (6), -5.80476 (6), -5.80065 (6), -5.79842 (6), -5.79541 (6), -5.78790 (6), -5.77525 (6), -5.77343 (6), -5.77299 (6), -5.77297 (6), -5.77129 (6), -5.77057 (6), -5.76182 (6), -5.75828 (6), -5.75485 (6), -5.75315 (6), -5.75262 (6), -5.74994 (6), 
Current (lb-rhs): -5.821055889129639
448 domains visited
Length of domains: 285
Cumulative time: 0.3818173408508301

BaB round 3
batch: 285
splitting decisions: 
split level 0: [/26, 1607] [/26, 19] [/input, 6150] [/input, 3363] [/input, 267] [/input, 3580] [/26, 6191] [/26, 6139] [/26, 3447] [/26, 5966] 
best_l after optimization: -1658.3909912109375
beta sum per layer: [416.44879150390625, 424.53546142578125, 0.0]
alpha/beta optimization time: 0.14084696769714355
pruning_in_iteration open status: False
ratio of positive domain = 5 / 570 = 0.00877192982456143
pruning-in-iteration extra time: 5.1975250244140625e-05
Time: pickout 0.0228    branching_decision 0.0001    decision 0.0002    set_bounds 0.0128    prepare 0.0122    transfer 0.0000    finalize 0.0234    func 0.1836    solve 0.1641    add 0.0017    bab_iteration 0.1895    
Accumulated time: bab_iteration 0.3469    pickout 0.0407    decision 0.0006    branching_decision 0.0005    set_bounds 0.0279    solve 0.3101    func 0.4936    prepare 0.0209    transfer 0.0001    finalize 0.0411    add 0.0031    
max lb 0.02348780632019043 min lb -5.821051597595215
Number of Verified Splits: 6 of 570
Current worst splitting domains lb-rhs (depth):
-5.82105 (7), -5.81854 (7), -5.81833 (7), -5.81667 (7), -5.81656 (7), -5.81317 (7), -5.79804 (7), -5.79778 (7), -5.79754 (7), -5.79553 (7), -5.79541 (7), -5.78982 (7), -5.77956 (7), -5.77933 (7), -5.77426 (7), -5.77363 (7), -5.77342 (7), -5.77187 (7), -5.77169 (7), -5.77124 (7), 
Current (lb-rhs): -5.821051597595215
1018 domains visited
Length of domains: 564
Cumulative time: 0.6058015823364258

BaB round 4
batch: 564
splitting decisions: 
split level 0: [/26, 1947] [/input, 5366] [/input, 5149] [/26, 149] [/26, 1572] [/26, 701] [/26, 3815] [/input, 3526] [/26, 1747] [/input, 4964] 
best_l after optimization: -3307.77197265625
beta sum per layer: [1029.68896484375, 946.3779296875, 0.0]
alpha/beta optimization time: 0.19765615463256836
pruning_in_iteration open status: False
ratio of positive domain = 13 / 1128 = 0.011524822695035408
pruning-in-iteration extra time: 6.914138793945312e-05
Time: pickout 0.0443    branching_decision 0.0003    decision 0.0003    set_bounds 0.0248    prepare 0.0238    transfer 0.0000    finalize 0.0471    func 0.2793    solve 0.1837    add 0.0043    bab_iteration 0.2240    
Accumulated time: bab_iteration 0.5709    pickout 0.0851    decision 0.0009    branching_decision 0.0008    set_bounds 0.0527    solve 0.4937    func 0.7729    prepare 0.0447    transfer 0.0002    finalize 0.0882    add 0.0074    
max lb 0.0478668212890625 min lb -5.820479869842529
Number of Verified Splits: 13 of 1128
Current worst splitting domains lb-rhs (depth):
-5.82048 (8), -5.81831 (8), -5.81823 (8), -5.81798 (8), -5.81666 (8), -5.81653 (8), -5.81468 (8), -5.81234 (8), -5.80522 (8), -5.79804 (8), -5.79741 (8), -5.79739 (8), -5.79661 (8), -5.79650 (8), -5.79626 (8), -5.79402 (8), -5.79387 (8), -5.79270 (8), -5.79154 (8), -5.78776 (8), 
Current (lb-rhs): -5.820479869842529
2146 domains visited
Length of domains: 1115
Cumulative time: 0.9647362232208252

BaB round 5
batch: 1115
splitting decisions: 
split level 0: [/26, 3747] [/26, 3876] [/26, 5873] [/input, 4991] [/input, 3139] [/26, 3248] [/26, 6097] [/26, 6041] [/26, 360] [/26, 3888] 
best_l after optimization: -6596.5009765625
beta sum per layer: [2361.869140625, 2140.4619140625, 0.0]
alpha/beta optimization time: 0.3507845401763916
pruning_in_iteration open status: False
ratio of positive domain = 15 / 2230 = 0.006726457399103158
pruning-in-iteration extra time: 6.890296936035156e-05
Time: pickout 0.0880    branching_decision 0.0005    decision 0.0005    set_bounds 0.0493    prepare 0.0471    transfer 0.0000    finalize 0.0865    func 0.5041    solve 0.2793    add 0.0098    bab_iteration 0.3589    
Accumulated time: bab_iteration 0.9298    pickout 0.1730    decision 0.0014    branching_decision 0.0013    set_bounds 0.1020    solve 0.7730    func 1.2770    prepare 0.0918    transfer 0.0002    finalize 0.1747    add 0.0172    
max lb 0.03142857551574707 min lb -5.820493698120117
Number of Verified Splits: 15 of 2230
Current worst splitting domains lb-rhs (depth):
-5.82048 (9), -5.82048 (9), -5.81805 (9), -5.81800 (9), -5.81730 (9), -5.81652 (9), -5.81641 (9), -5.81552 (9), -5.81441 (9), -5.81364 (9), -5.81287 (9), -5.81267 (9), -5.81179 (9), -5.80457 (9), -5.79722 (9), -5.79720 (9), -5.79699 (9), -5.79698 (9), -5.79537 (9), -5.79512 (9), 
Current (lb-rhs): -5.820479869842529
4376 domains visited
Length of domains: 2215
Cumulative time: 1.6204140186309814

BaB round 6
batch: 2048
splitting decisions: 
split level 0: [/input, 3250] [/input, 3417] [/26, 3854] [/26, 737] [/26, 3164] [/26, 3697] [/26, 1665] [/input, 4968] [/input, 3261] [/26, 5636] 
best_l after optimization: -12172.0361328125
beta sum per layer: [4747.7783203125, 4502.3837890625, 1.985576868057251]
alpha/beta optimization time: 0.732123851776123
pruning_in_iteration open status: False
ratio of positive domain = 30 / 4096 = 0.00732421875
pruning-in-iteration extra time: 5.412101745605469e-05
Time: pickout 0.1621    branching_decision 0.0008    decision 0.0008    set_bounds 0.0908    prepare 0.0901    transfer 0.0001    finalize 0.1617    func 1.1545    solve 0.5042    add 0.0131    bab_iteration 0.6557    
Accumulated time: bab_iteration 1.5855    pickout 0.3351    decision 0.0023    branching_decision 0.0022    set_bounds 0.1928    solve 1.2772    func 2.4315    prepare 0.1819    transfer 0.0003    finalize 0.3365    add 0.0303    
max lb 0.18749988079071045 min lb -5.820484161376953
Number of Verified Splits: 30 of 4096
Current worst splitting domains lb-rhs (depth):
-5.82048 (10), -5.82048 (9), -5.81789 (10), -5.81784 (10), -5.81765 (10), -5.81705 (10), -5.81685 (10), -5.81641 (10), -5.81640 (10), -5.81552 (9), -5.81548 (10), -5.81447 (10), -5.81329 (10), -5.81294 (10), -5.81267 (10), -5.81233 (10), -5.81203 (10), -5.81147 (10), -5.81042 (10), -5.80896 (10), 
Current (lb-rhs): -5.820479869842529
8472 domains visited
Length of domains: 4233
current_vram/total_varm: 7.5GB/47.7GB, batch_size increase to 4096
Cumulative time: 3.052528142929077

BaB round 7
batch: 4096
splitting decisions: 
split level 0: [/26, 2282] [/input, 5295] [/26, 1794] [/26, 1851] [/26, 3879] [/26, 638] [/26, 5530] [/input, 5356] [/26, 76] [/26, 2124] 
best_l after optimization: -24447.6328125
beta sum per layer: [10457.6259765625, 10062.09375, 5.2371015548706055]
alpha/beta optimization time: 1.4104580879211426
pruning_in_iteration open status: False
ratio of positive domain = 48 / 8192 = 0.005859375
pruning-in-iteration extra time: 7.510185241699219e-05
Time: pickout 0.3307    branching_decision 0.0012    decision 0.0013    set_bounds 0.1809    prepare 0.3326    transfer 0.0001    finalize 0.3533    func 2.1591    solve 1.1546    add 0.0222    bab_iteration 1.4321    
Accumulated time: bab_iteration 3.0176    pickout 0.6658    decision 0.0035    branching_decision 0.0034    set_bounds 0.3737    solve 2.4318    func 4.5906    prepare 0.5145    transfer 0.0004    finalize 0.6897    add 0.0525    
max lb 0.046323299407958984 min lb -5.820484161376953
Number of Verified Splits: 51 of 8192
Current worst splitting domains lb-rhs (depth):
-5.82048 (9), -5.82048 (11), -5.81763 (11), -5.81760 (11), -5.81754 (11), -5.81749 (11), -5.81682 (11), -5.81651 (11), -5.81640 (11), -5.81632 (11), -5.81626 (11), -5.81623 (11), -5.81567 (11), -5.81531 (10), -5.81531 (10), -5.81441 (11), -5.81419 (11), -5.81363 (11), -5.81311 (11), -5.81287 (11), 
Current (lb-rhs): -5.820479869842529
16664 domains visited
Length of domains: 8278
current_vram/total_varm: 15.5GB/47.7GB, batch_size increase to 8192
Cumulative time: 5.768374443054199

BaB round 8
batch: 8192
splitting decisions: 
split level 0: [/26, 3173] [/input, 5353] [/26, 502] [/input, 5486] [/input, 5216] [/26, 2304] [/26, 3251] [/input, 3675] [/26, 618] [/26, 2156] 
best_l after optimization: -49015.78515625
beta sum per layer: [22786.875, 22243.9296875, 11.699682235717773]
alpha/beta optimization time: 2.7996466159820557
pruning_in_iteration open status: False
ratio of positive domain = 103 / 16384 = 0.00628662109375
pruning-in-iteration extra time: 5.6743621826171875e-05
Time: pickout 0.8326    branching_decision 0.0023    decision 0.0023    set_bounds 0.3679    prepare 0.3696    transfer 0.0002    finalize 0.8680    func 4.1573    solve 2.1591    add 0.0418    bab_iteration 2.7158    
Accumulated time: bab_iteration 5.7334    pickout 1.4984    decision 0.0058    branching_decision 0.0057    set_bounds 0.7416    solve 4.5909    func 8.7478    prepare 0.8841    transfer 0.0006    finalize 1.5577    add 0.0943    
max lb 0.06484723091125488 min lb -5.820484161376953
Number of Verified Splits: 113 of 16384
Current worst splitting domains lb-rhs (depth):
-5.82048 (12), -5.82002 (10), -5.81777 (10), -5.81757 (12), -5.81753 (12), -5.81750 (12), -5.81747 (12), -5.81743 (12), -5.81739 (12), -5.81671 (12), -5.81646 (12), -5.81636 (12), -5.81635 (12), -5.81630 (12), -5.81630 (12), -5.81622 (12), -5.81558 (12), -5.81514 (12), -5.81509 (11), -5.81509 (11), 
Current (lb-rhs): -5.820479869842529
33048 domains visited
Length of domains: 16357
Cumulative time: 11.201926231384277

BaB round 9
batch: 8192
splitting decisions: 
split level 0: [/26, 723] [/26, 6105] [/input, 5377] [/input, 5377] [/input, 4958] [/26, 1769] [/input, 3410] [/26, 1841] [/input, 2622] [/26, 89] 
best_l after optimization: -49296.40625
beta sum per layer: [25110.59375, 25823.087890625, 21.756717681884766]
alpha/beta optimization time: 2.8009164333343506
pruning_in_iteration open status: False
ratio of positive domain = 110 / 16384 = 0.0067138671875
pruning-in-iteration extra time: 5.650520324707031e-05
Time: pickout 0.8885    branching_decision 0.0022    decision 0.0022    set_bounds 0.3614    prepare 0.3717    transfer 0.0001    finalize 0.6934    func 4.1856    solve 4.1573    add 0.0694    bab_iteration 5.4335    
Accumulated time: bab_iteration 11.1670    pickout 2.3869    decision 0.0080    branching_decision 0.0079    set_bounds 1.1030    solve 8.7482    func 12.9334    prepare 1.2558    transfer 0.0008    finalize 2.2512    add 0.1637    
max lb 0.64891517162323 min lb -5.820019245147705
Number of Verified Splits: 123 of 16384
Current worst splitting domains lb-rhs (depth):
-5.82048 (12), -5.82002 (11), -5.81777 (10), -5.81757 (12), -5.81750 (12), -5.81748 (13), -5.81747 (13), -5.81744 (13), -5.81743 (12), -5.81739 (12), -5.81671 (12), -5.81646 (12), -5.81636 (12), -5.81635 (13), -5.81630 (12), -5.81622 (12), -5.81620 (13), -5.81610 (13), -5.81558 (12), -5.81509 (11), 
Current (lb-rhs): -5.820479869842529
49432 domains visited
Length of domains: 24426
Cumulative time: 16.731905698776245

BaB round 10
batch: 8192
splitting decisions: 
split level 0: [/26, 3782] [/26, 6050] [/input, 3636] [/26, 776] [/26, 3674] [/26, 6220] [/input, 5070] [/26, 254] [/input, 4731] [/input, 3690] 
best_l after optimization: -49575.6875
beta sum per layer: [27534.10546875, 29704.8125, 26.17576789855957]
alpha/beta optimization time: 2.800811290740967
pruning_in_iteration open status: False
ratio of positive domain = 85 / 16384 = 0.00518798828125
pruning-in-iteration extra time: 5.793571472167969e-05
Time: pickout 0.9399    branching_decision 0.0021    decision 0.0021    set_bounds 0.3617    prepare 0.3695    transfer 0.0001    finalize 0.9470    func 4.2334    solve 4.1856    add 0.0878    bab_iteration 5.5300    
Accumulated time: bab_iteration 16.6969    pickout 3.3268    decision 0.0101    branching_decision 0.0100    set_bounds 1.4647    solve 12.9338    func 17.1668    prepare 1.6254    transfer 0.0008    finalize 3.1982    add 0.2515    
max lb 0.05849874019622803 min lb -5.817323684692383
Number of Verified Splits: 89 of 16384
Current worst splitting domains lb-rhs (depth):
-5.82048 (12), -5.82002 (11), -5.81777 (10), -5.81757 (12), -5.81750 (12), -5.81747 (13), -5.81744 (13), -5.81743 (12), -5.81739 (12), -5.81732 (14), -5.81671 (12), -5.81665 (14), -5.81646 (12), -5.81636 (12), -5.81630 (12), -5.81622 (12), -5.81620 (13), -5.81610 (14), -5.81610 (13), -5.81558 (12), 
Current (lb-rhs): -5.820479869842529
65816 domains visited
Length of domains: 32529
Cumulative time: 22.348711490631104

BaB round 11
batch: 8192
splitting decisions: 
split level 0: [/input, 4995] [/input, 3297] [/26, 717] [/input, 3586] [/input, 5319] [/26, 5744] [/input, 5450] [/26, 3856] [/26, 1590] [/26, 2284] 
best_l after optimization: -49720.9140625
beta sum per layer: [30057.66015625, 33764.39453125, 34.7301139831543]
alpha/beta optimization time: 2.8006722927093506
pruning_in_iteration open status: False
ratio of positive domain = 78 / 16384 = 0.0047607421875
pruning-in-iteration extra time: 5.602836608886719e-05
Time: pickout 0.6913    branching_decision 0.0021    decision 0.0021    set_bounds 0.6616    prepare 0.3702    transfer 0.0001    finalize 0.6989    func 3.9860    solve 4.2334    add 0.0746    bab_iteration 5.6168    
Accumulated time: bab_iteration 22.3137    pickout 4.0181    decision 0.0122    branching_decision 0.0120    set_bounds 2.1263    solve 17.1672    func 21.1528    prepare 1.9956    transfer 0.0009    finalize 3.8971    add 0.3262    
max lb 0.046763062477111816 min lb -5.8164472579956055
Number of Verified Splits: 83 of 16384
Current worst splitting domains lb-rhs (depth):
-5.82048 (12), -5.82002 (11), -5.81777 (10), -5.81757 (12), -5.81750 (12), -5.81747 (13), -5.81744 (13), -5.81743 (12), -5.81739 (12), -5.81732 (14), -5.81671 (12), -5.81646 (12), -5.81645 (15), -5.81636 (12), -5.81630 (12), -5.81622 (12), -5.81622 (15), -5.81620 (13), -5.81610 (14), -5.81610 (13), 
Current (lb-rhs): -5.820479869842529
82200 domains visited
Length of domains: 40638
Cumulative time: 27.818955421447754

BaB round 12
batch: 8192
splitting decisions: 
split level 0: [/26, 5716] [/26, 6231] [/input, 4981] [/26, 89] [/26, 2251] [/26, 1573] [/input, 4905] [/26, 3285] [/input, 5251] [/26, 3788] 
best_l after optimization: -49826.265625
beta sum per layer: [32711.71875, 37992.078125, 45.15821838378906]
alpha/beta optimization time: 2.804136276245117
pruning_in_iteration open status: False
ratio of positive domain = 65 / 16384 = 0.00396728515625
pruning-in-iteration extra time: 9.441375732421875e-05
Time: pickout 1.0840    branching_decision 0.0022    decision 0.0022    set_bounds 0.3618    prepare 0.3715    transfer 0.0001    finalize 0.7013    func 4.3639    solve 3.9860    add 0.1225    bab_iteration 5.4702    
Accumulated time: bab_iteration 27.7840    pickout 5.1021    decision 0.0144    branching_decision 0.0142    set_bounds 2.4882    solve 21.1533    func 25.5167    prepare 2.3670    transfer 0.0010    finalize 4.5983    add 0.4487    
max lb 0.03611016273498535 min lb -5.816218852996826
Number of Verified Splits: 68 of 16384
Current worst splitting domains lb-rhs (depth):
-5.82048 (12), -5.82002 (11), -5.81777 (10), -5.81757 (12), -5.81750 (12), -5.81747 (13), -5.81744 (13), -5.81743 (12), -5.81739 (12), -5.81732 (14), -5.81671 (12), -5.81646 (12), -5.81645 (15), -5.81636 (12), -5.81630 (12), -5.81622 (12), -5.81622 (16), -5.81620 (13), -5.81613 (16), -5.81610 (14), 
Current (lb-rhs): -5.820479869842529
98584 domains visited
Length of domains: 48762
Cumulative time: 33.722158908843994

BaB round 13
batch: 8192
splitting decisions: 
split level 0: [/input, 209] [/26, 6165] [/26, 383] [/26, 688] [/input, 5327] [/input, 3521] [/input, 5144] [/input, 4729] [/input, 3684] [/input, 3162] 
best_l after optimization: -49861.890625
beta sum per layer: [35534.875, 42316.42578125, 54.273433685302734]
alpha/beta optimization time: 2.8022615909576416
pruning_in_iteration open status: False
ratio of positive domain = 57 / 16384 = 0.00347900390625
pruning-in-iteration extra time: 5.936622619628906e-05
Time: pickout 0.7227    branching_decision 0.0020    decision 0.0020    set_bounds 0.3663    prepare 0.3711    transfer 0.0001    finalize 1.1157    func 4.4065    solve 4.3640    add 0.0846    bab_iteration 5.9032    
Accumulated time: bab_iteration 33.6872    pickout 5.8248    decision 0.0165    branching_decision 0.0162    set_bounds 2.8545    solve 25.5172    func 29.9231    prepare 2.7381    transfer 0.0011    finalize 5.7141    add 0.5333    
max lb 0.03829300403594971 min lb -5.815074920654297
Number of Verified Splits: 62 of 16384
Current worst splitting domains lb-rhs (depth):
-5.82048 (12), -5.82002 (11), -5.81777 (10), -5.81757 (12), -5.81750 (12), -5.81747 (13), -5.81744 (13), -5.81743 (12), -5.81739 (12), -5.81732 (14), -5.81671 (12), -5.81646 (12), -5.81645 (15), -5.81636 (12), -5.81630 (12), -5.81622 (12), -5.81620 (13), -5.81613 (16), -5.81610 (14), -5.81610 (13), 
Current (lb-rhs): -5.820479869842529
114968 domains visited
Length of domains: 56892
Cumulative time: 39.30625081062317

BaB round 14
batch: 8192
splitting decisions: 
split level 0: [/input, 3493] [/input, 3881] [/input, 5235] [/26, 3520] [/26, 1842] [/input, 3460] [/26, 2235] [/input, 4720] [/26, 5604] [/input, 4818] 
best_l after optimization: -49877.80078125
beta sum per layer: [38435.23828125, 46845.00390625, 63.94021987915039]
alpha/beta optimization time: 2.802919387817383
pruning_in_iteration open status: False
ratio of positive domain = 37 / 16384 = 0.00225830078125
pruning-in-iteration extra time: 0.00013303756713867188
Time: pickout 0.7131    branching_decision 0.0020    decision 0.0021    set_bounds 0.3664    prepare 0.3728    transfer 0.0001    finalize 1.1554    func 4.4481    solve 4.4065    add 0.0790    bab_iteration 5.5841    
Accumulated time: bab_iteration 39.2713    pickout 6.5379    decision 0.0185    branching_decision 0.0183    set_bounds 3.2209    solve 29.9237    func 34.3712    prepare 3.1109    transfer 0.0012    finalize 6.8695    add 0.6122    
max lb 0.040027499198913574 min lb -5.815074920654297
Number of Verified Splits: 41 of 16384
Current worst splitting domains lb-rhs (depth):
-5.82048 (12), -5.82002 (11), -5.81777 (10), -5.81757 (12), -5.81750 (12), -5.81747 (13), -5.81744 (13), -5.81743 (12), -5.81739 (12), -5.81732 (14), -5.81671 (12), -5.81646 (12), -5.81645 (15), -5.81636 (12), -5.81630 (12), -5.81622 (12), -5.81620 (13), -5.81613 (16), -5.81610 (14), -5.81610 (13), 
Current (lb-rhs): -5.820479869842529
131352 domains visited
Length of domains: 65043
Cumulative time: 44.92342567443848

BaB round 15
batch: 8192
splitting decisions: 
split level 0: [/input, 5418] [/26, 80] [/input, 3152] [/input, 5078] [/26, 3635] [/input, 4778] [/26, 5611] [/input, 4854] [/26, 1610] [/26, 6156] 
best_l after optimization: -49805.38671875
beta sum per layer: [41577.0390625, 51418.08984375, 69.96377563476562]
alpha/beta optimization time: 2.803290843963623
pruning_in_iteration open status: False
ratio of positive domain = 35 / 16384 = 0.00213623046875
pruning-in-iteration extra time: 7.772445678710938e-05
Time: pickout 0.7196    branching_decision 0.0020    decision 0.0020    set_bounds 0.3629    prepare 0.3704    transfer 0.0001    finalize 1.1949    func 4.4865    solve 4.4481    add 0.0793    bab_iteration 5.6172    
Accumulated time: bab_iteration 44.8884    pickout 7.2575    decision 0.0206    branching_decision 0.0203    set_bounds 3.5839    solve 34.3719    func 38.8577    prepare 3.4813    transfer 0.0012    finalize 8.0644    add 0.6915    
max lb 0.030226945877075195 min lb -5.814730644226074
Number of Verified Splits: 37 of 16384
Current worst splitting domains lb-rhs (depth):
-5.82048 (12), -5.82002 (11), -5.81777 (10), -5.81757 (12), -5.81750 (12), -5.81747 (13), -5.81744 (13), -5.81743 (12), -5.81739 (12), -5.81732 (14), -5.81671 (12), -5.81646 (12), -5.81645 (15), -5.81636 (12), -5.81630 (12), -5.81622 (12), -5.81620 (13), -5.81613 (16), -5.81610 (14), -5.81610 (13), 
Current (lb-rhs): -5.820479869842529
147736 domains visited
Length of domains: 73198
Cumulative time: 50.66492056846619

BaB round 16
batch: 8192
splitting decisions: 
split level 0: [/26, 770] [/input, 4983] [/26, 3582] [/input, 3818] [/26, 6214] [/26, 6137] [/26, 1658] [/26, 3165] [/input, 3785] [/input, 3848] 
best_l after optimization: -49708.7421875
beta sum per layer: [44934.9921875, 56231.2734375, 73.68228149414062]
alpha/beta optimization time: 2.803082227706909
pruning_in_iteration open status: False
ratio of positive domain = 33 / 16384 = 0.00201416015625
pruning-in-iteration extra time: 7.939338684082031e-05
Time: pickout 0.7114    branching_decision 0.0020    decision 0.0020    set_bounds 0.3643    prepare 0.3718    transfer 0.0001    finalize 1.2469    func 4.5389    solve 4.4865    add 0.1620    bab_iteration 5.7415    
Accumulated time: bab_iteration 50.6299    pickout 7.9689    decision 0.0226    branching_decision 0.0223    set_bounds 3.9481    solve 38.8584    func 43.3966    prepare 3.8531    transfer 0.0013    finalize 9.3113    add 0.8535    
max lb 0.031537652015686035 min lb -5.805251121520996
Number of Verified Splits: 36 of 16384
Current worst splitting domains lb-rhs (depth):
-5.82048 (12), -5.82002 (11), -5.81777 (10), -5.81757 (12), -5.81750 (12), -5.81747 (13), -5.81744 (13), -5.81743 (12), -5.81739 (12), -5.81732 (14), -5.81671 (12), -5.81646 (12), -5.81645 (15), -5.81636 (12), -5.81630 (12), -5.81622 (12), -5.81620 (13), -5.81613 (16), -5.81610 (14), -5.81610 (13), 
Current (lb-rhs): -5.820479869842529
164120 domains visited
Length of domains: 81354
Cumulative time: 56.36849594116211

BaB round 17
batch: 8192
splitting decisions: 
split level 0: [/26, 277] [/input, 3408] [/26, 383] [/26, 3183] [/input, 4184] [/input, 3673] [/26, 6141] [/26, 2307] [/26, 590] [/26, 3389] 
best_l after optimization: -49581.7265625
beta sum per layer: [48440.5234375, 61144.578125, 81.69111633300781]
alpha/beta optimization time: 2.8030641078948975
pruning_in_iteration open status: False
ratio of positive domain = 24 / 16384 = 0.00146484375
pruning-in-iteration extra time: 8.368492126464844e-05
Time: pickout 0.7142    branching_decision 0.0020    decision 0.0020    set_bounds 0.3627    prepare 0.3722    transfer 0.0001    finalize 0.6983    func 3.9910    solve 4.5390    add 0.0777    bab_iteration 5.7036    
Accumulated time: bab_iteration 56.3335    pickout 8.6831    decision 0.0246    branching_decision 0.0242    set_bounds 4.3108    solve 43.3974    func 47.3876    prepare 4.2253    transfer 0.0014    finalize 10.0096    add 0.9312    
max lb 0.02995002269744873 min lb -5.792604923248291
Number of Verified Splits: 29 of 16384
Current worst splitting domains lb-rhs (depth):
-5.82048 (12), -5.82002 (11), -5.81777 (10), -5.81757 (12), -5.81750 (12), -5.81747 (13), -5.81744 (13), -5.81743 (12), -5.81739 (12), -5.81732 (14), -5.81671 (12), -5.81646 (12), -5.81645 (15), -5.81636 (12), -5.81630 (12), -5.81622 (12), -5.81620 (13), -5.81613 (16), -5.81610 (14), -5.81610 (13), 
Current (lb-rhs): -5.820479869842529
180504 domains visited
Length of domains: 89517
Time out!!!!!!!!
Result: unknown in 63.9282 seconds

 %%%%%%%%%%%%%%%%%%%%%%%%%%%%%%%%%%% idx: 9, vnnlib ID: 9 %%%%%%%%%%%%%%%%%%%%%%%%%%%%%%%%%%%
Finished vnnlib processing in 0.001624 seconds
Model: BoundedModule(
  (/input-1): BoundInput(name=/input-1, inputs=[], perturbed=True)
  (/shape): BoundBuffers(name=/shape, inputs=[], perturbed=False)
  (/12): BoundParams(name=/12, inputs=[], perturbed=False)
  (/13): BoundParams(name=/13, inputs=[], perturbed=False)
  (/14): BoundParams(name=/14, inputs=[], perturbed=False)
  (/15): BoundParams(name=/15, inputs=[], perturbed=False)
  (/16): BoundParams(name=/16, inputs=[], perturbed=False)
  (/17): BoundParams(name=/17, inputs=[], perturbed=False)
  (/18): BoundParams(name=/18, inputs=[], perturbed=False)
  (/19): BoundParams(name=/19, inputs=[], perturbed=False)
  (/20): BoundParams(name=/20, inputs=[], perturbed=False)
  (/21): BoundParams(name=/21, inputs=[], perturbed=False)
  (/input): BoundConv(name=/input, inputs=[/input-1, /12, /13], perturbed=True)
  (/input-4): BoundRelu(name=/input-4, inputs=[/input], perturbed=True)
  (/24): BoundConv(name=/24, inputs=[/input-4, /14, /15], perturbed=True)
  (/25): BoundConv(name=/25, inputs=[/input-4, /16, /17], perturbed=True)
  (/26): BoundAdd(name=/26, inputs=[/24, /25], perturbed=True)
  (/27): BoundRelu(name=/27, inputs=[/26], perturbed=True)
  (/28): BoundSplit(name=/28, inputs=[/shape], perturbed=False)
  (/29): BoundSplit(name=/29, inputs=[/shape], perturbed=False)
  (/30): BoundConstant(name=/30, value=tensor([0], device='cuda:0'))
  (/31): BoundSqueeze(name=/31, inputs=[/28, /30], perturbed=False)
  (/32): BoundConstant(name=/32, value=tensor([0], device='cuda:0'))
  (/33): BoundSqueeze(name=/33, inputs=[/29, /32], perturbed=False)
  (/34): BoundConstant(name=/34, value=tensor([0], device='cuda:0'))
  (/35): BoundUnsqueeze(name=/35, inputs=[/31, /34], perturbed=False)
  (/36): BoundConstant(name=/36, value=tensor([0], device='cuda:0'))
  (/37): BoundUnsqueeze(name=/37, inputs=[/33, /36], perturbed=False)
  (/38): BoundConcat(name=/38, inputs=[/35, /37], perturbed=False)
  (/39): BoundReshape(name=/39, inputs=[/27, /38], perturbed=True)
  (/input-8): BoundLinear(name=/input-8, inputs=[/39, /18, /19], perturbed=True)
  (/41): BoundRelu(name=/41, inputs=[/input-8], perturbed=True)
  (/42): BoundLinear(name=/42, inputs=[/41, /20, /21], perturbed=True)
)
Original output in the first batch: tensor([[ 1.04654598, -7.43773699, -3.66529036, -0.54224443,  6.54814911,
          1.16001344, -2.97473383,  9.17031384,  2.76273775,  9.89842701]],
       device='cuda:0')
Split layers:
Nonlinear functions:
   BoundRelu(name=/input-4, inputs=[/input], perturbed=True)
   BoundRelu(name=/27, inputs=[/26], perturbed=True)
   BoundRelu(name=/41, inputs=[/input-8], perturbed=True)
build batch [1/1]
layer /input-4 using sparse-features alpha with shape [1389]; unstable size 1389; total size 6272 ([1, 8, 28, 28])
layer /input-4 start_node /26 using sparse-spec alpha [2, 6, 1, 1389] with unstable size 5 total_size 8 output_shape 8
layer /input-4 start_node /input-8 using sparse-spec alpha [2, 11, 1, 1389] with unstable size 10 total_size 64 output_shape torch.Size([64])
layer /input-4 start_node /42 using full alpha [2, 9, 1, 1389] with unstable size None total_size 9 output_shape 9
layer /27 using sparse-features alpha with shape [1874]; unstable size 1874; total size 6272 ([1, 8, 28, 28])
layer /27 start_node /input-8 using sparse-spec alpha [2, 11, 1, 1874] with unstable size 10 total_size 64 output_shape torch.Size([64])
layer /27 start_node /42 using full alpha [2, 9, 1, 1874] with unstable size None total_size 9 output_shape 9
layer /41 using sparse-features alpha with shape [10]; unstable size 10; total size 64 ([1, 64])
layer /41 start_node /42 using full alpha [2, 9, 1, 10] with unstable size None total_size 9 output_shape 9
Optimizable variables initialized.
initial CROWN bounds (first 10 items): [2.9263663291931152, 10.709127426147461, 6.2532267570495605, 4.127308368682861, -0.9994723796844482, 2.8317155838012695, 5.397834300994873, -3.3767778873443604, 2.5554568767547607]
prune_after_crown optimization in use
  original spec size = torch.Size([1, 9])
  pruned spec size = torch.Size([1, 2])
Using alpha-CROWN to initialize bounds.
best_l after optimization: -4.033716201782227
alpha/beta optimization time: 1.5808119773864746
initial alpha-crown bounds (first 10 items): [-0.8035244941711426, -3.230191946029663]
Global lower bound: -3.230191946029663
7 / 9 OR specs are verified.
Verified OR indices (first 10 items): [0, 1, 2, 3, 5, 6, 8]
Verified OR lbs (first 10 items): [[inf], [inf], [inf], [inf], [inf], [inf], [inf]]
Unverified OR indices (first 10 items): [4, 7]
Unverified OR lbs (first 10 items): [[-0.8035244941711426], [-3.230191946029663]]
###### Verifying property Instance 9 ######
Batch size: 2
First 10 spec matrices
C: tensor([[[ 0.,  0.,  0.,  0., -1.,  0.,  0.,  0.,  0.,  1.]],

        [[ 0.,  0.,  0.,  0.,  0.,  0.,  0., -1.,  0.,  1.]]], device='cuda:0')
RHS: tensor([[0.],
        [0.]], device='cuda:0')
OR spec sizes: tensor([1, 1], device='cuda:0', dtype=torch.int32)
Remaining timeout: 57.78468942642212
Model prediction is: tensor([ 1.04654598, -7.43773699, -3.66529036, -0.54224443,  6.54814911,
         1.16001344, -2.97473383,  9.17031384,  2.76273775,  9.89842701],
       device='cuda:0')
Activation BaB batch 1/1 
build_with_refined_bounds batch [1/1]
Optimizable variables initialized.
all alpha initialized
directly get lb and ub from refined bounds
c shape: torch.Size([2, 1, 10])
lA shapes: [torch.Size([2, 1, 8, 28, 28]), torch.Size([2, 1, 8, 28, 28]), torch.Size([2, 1, 64])]
(alpha-)CROWN with fixed intermediate bounds: tensor([[-0.80352449],
        [-3.23019195]], device='cuda:0') tensor([[inf],
        [inf]], device='cuda:0')
Intermediate layers: /input,/26,/input-8
Keeping alphas for these layers: ['/42']
Node /input-4 input 0: size torch.Size([8, 28, 28]) unstable 1389
Node /27 input 0: size torch.Size([8, 28, 28]) unstable 1870
Node /41 input 0: size torch.Size([64]) unstable 10
-----------------
# of unstable neurons: 3269
-----------------

BaB round 1
batch: 2
splitting decisions: 
split level 0: [/input, 3143] [/input, 374] 
split level 1: [/26, 113] [/input, 6224] 
split level 2: [/26, 582] [/26, 1765] 
split level 3: [/input, 4289] [/26, 607] 
split level 4: [/26, 6043] [/input, 1249] 
split level 5: [/26, 534] [/input, 5485] 
best_l after optimization: -255.687744140625
beta sum per layer: [59.10606002807617, 23.359745025634766, 0.0]
alpha/beta optimization time: 0.135206937789917
pruning_in_iteration open status: False
ratio of positive domain = 0 / 128 = 0.0
pruning-in-iteration extra time: 5.14984130859375e-05
Time: pickout 0.0012    branching_decision 0.0001    decision 0.0001    set_bounds 0.0079    prepare 0.0019    transfer 0.0000    finalize 0.0055    func 0.1469    
Accumulated time: bab_iteration 0.0000    pickout 0.0012    decision 0.0001    branching_decision 0.0001    set_bounds 0.0079    solve 0.0000    func 0.1469    prepare 0.0019    transfer 0.0000    finalize 0.0055    
max lb -0.7815983295440674 min lb -3.2287375926971436
Number of Verified Splits: 0 of 128
Current worst splitting domains lb-rhs (depth):
-3.22874 (6), -3.22820 (6), -3.22709 (6), -3.22663 (6), -3.22496 (6), -3.22451 (6), -3.22346 (6), -3.22304 (6), -3.21564 (6), -3.21546 (6), -3.21424 (6), -3.21406 (6), -3.21352 (6), -3.21310 (6), -3.21212 (6), -3.21196 (6), -3.21188 (6), -3.21146 (6), -3.21067 (6), -3.21051 (6), 
Current (lb-rhs): -3.2287375926971436
128 domains visited
Length of domains: 128
Cumulative time: 0.18912005424499512

BaB round 2
batch: 128
splitting decisions: 
split level 0: [/input, 3462] [/26, 415] [/26, 3284] [/input, 4811] [/26, 5939] [/input, 3160] [/26, 730] [/input, 3374] [/26, 677] [/input, 5444] 
best_l after optimization: -509.180908203125
beta sum per layer: [126.84558868408203, 66.46531677246094, 0.0]
alpha/beta optimization time: 0.1335597038269043
pruning_in_iteration open status: False
ratio of positive domain = 0 / 256 = 0.0
pruning-in-iteration extra time: 5.14984130859375e-05
Time: pickout 0.0124    branching_decision 0.0001    decision 0.0001    set_bounds 0.0060    prepare 0.0057    transfer 0.0000    finalize 0.0107    func 0.1551    solve 0.1470    add 0.0015    bab_iteration 0.1578    
Accumulated time: bab_iteration 0.1578    pickout 0.0136    decision 0.0002    branching_decision 0.0002    set_bounds 0.0139    solve 0.1470    func 0.3021    prepare 0.0077    transfer 0.0001    finalize 0.0162    add 0.0015    
max lb -0.6490623950958252 min lb -3.2286531925201416
Number of Verified Splits: 0 of 256
Current worst splitting domains lb-rhs (depth):
-3.22865 (7), -3.22812 (7), -3.22681 (7), -3.22640 (7), -3.22474 (7), -3.22440 (7), -3.22318 (7), -3.22257 (7), -3.22253 (7), -3.22215 (7), -3.22111 (7), -3.21834 (7), -3.21789 (7), -3.21713 (7), -3.21538 (7), -3.21477 (7), -3.21379 (7), -3.21340 (7), -3.21290 (7), -3.21288 (7), 
Current (lb-rhs): -3.2286531925201416
384 domains visited
Length of domains: 256
Cumulative time: 0.36453914642333984

BaB round 3
batch: 256
splitting decisions: 
split level 0: [/26, 526] [/26, 1731] [/26, 2255] [/input, 4572] [/input, 3192] [/26, 3701] [/input, 3306] [/26, 6104] [/input, 4827] [/input, 4376] 
best_l after optimization: -1012.4231567382812
beta sum per layer: [277.0294189453125, 194.39166259765625, 0.7499101161956787]
alpha/beta optimization time: 0.18154096603393555
pruning_in_iteration open status: False
ratio of positive domain = 0 / 512 = 0.0
pruning-in-iteration extra time: 5.1975250244140625e-05
Time: pickout 0.0217    branching_decision 0.0001    decision 0.0001    set_bounds 0.0114    prepare 0.0113    transfer 0.0000    finalize 0.0224    func 0.2225    solve 0.1552    add 0.0015    bab_iteration 0.1754    
Accumulated time: bab_iteration 0.3332    pickout 0.0353    decision 0.0003    branching_decision 0.0003    set_bounds 0.0253    solve 0.3022    func 0.5245    prepare 0.0189    transfer 0.0001    finalize 0.0387    add 0.0031    
max lb -0.5781280994415283 min lb -3.2286465167999268
Number of Verified Splits: 0 of 512
Current worst splitting domains lb-rhs (depth):
-3.22865 (8), -3.22844 (8), -3.22809 (8), -3.22670 (8), -3.22563 (8), -3.22463 (8), -3.22428 (8), -3.22311 (8), -3.22303 (8), -3.22240 (8), -3.22227 (8), -3.22211 (8), -3.22177 (8), -3.22071 (8), -3.21855 (8), -3.21763 (8), -3.21758 (8), -3.21734 (8), -3.21685 (8), -3.21527 (8), 
Current (lb-rhs): -3.2286465167999268
896 domains visited
Length of domains: 512
Cumulative time: 0.6263790130615234

BaB round 4
batch: 512
splitting decisions: 
split level 0: [/26, 3797] [/input, 3804] [/26, 2728] [/26, 2297] [/input, 4897] [/26, 219] [/input, 5013] [/input, 3658] [/input, 3746] [/input, 5234] 
best_l after optimization: -2014.2667236328125
beta sum per layer: [627.7820434570312, 506.84417724609375, 3.432675838470459]
alpha/beta optimization time: 0.15780019760131836
pruning_in_iteration open status: False
ratio of positive domain = 0 / 1024 = 0.0
pruning-in-iteration extra time: 5.14984130859375e-05
Time: pickout 0.0427    branching_decision 0.0002    decision 0.0003    set_bounds 0.0231    prepare 0.0221    transfer 0.0000    finalize 0.0452    func 0.2360    solve 0.2225    add 0.0059    bab_iteration 0.2618    
Accumulated time: bab_iteration 0.5951    pickout 0.0780    decision 0.0006    branching_decision 0.0005    set_bounds 0.0484    solve 0.5246    func 0.7606    prepare 0.0411    transfer 0.0002    finalize 0.0839    add 0.0089    
max lb -0.02341151237487793 min lb -3.2285566329956055
Number of Verified Splits: 0 of 1024
Current worst splitting domains lb-rhs (depth):
-3.22856 (9), -3.22835 (9), -3.22809 (9), -3.22809 (9), -3.22646 (9), -3.22563 (9), -3.22530 (9), -3.22433 (9), -3.22428 (9), -3.22428 (9), -3.22303 (9), -3.22302 (9), -3.22236 (9), -3.22213 (9), -3.22196 (9), -3.22173 (9), -3.22069 (9), -3.21944 (9), -3.21767 (9), -3.21739 (9), 
Current (lb-rhs): -3.2285566329956055
1920 domains visited
Length of domains: 1024
Cumulative time: 0.9354567527770996

BaB round 5
batch: 1024
splitting decisions: 
split level 0: [/26, 772] [/input, 3852] [/26, 5585] [/26, 3231] [/26, 421] [/input, 4718] [/26, 1719] [/26, 3288] [/26, 5629] [/26, 563] 
best_l after optimization: -4008.39453125
beta sum per layer: [1422.232177734375, 1230.810302734375, 10.844578742980957]
alpha/beta optimization time: 0.31854248046875
pruning_in_iteration open status: False
ratio of positive domain = 1 / 2048 = 0.00048828125
pruning-in-iteration extra time: 6.794929504394531e-05
Time: pickout 0.0818    branching_decision 0.0004    decision 0.0005    set_bounds 0.0502    prepare 0.0448    transfer 0.0000    finalize 0.0816    func 0.4625    solve 0.2361    add 0.0066    bab_iteration 0.3091    
Accumulated time: bab_iteration 0.9041    pickout 0.1599    decision 0.0011    branching_decision 0.0010    set_bounds 0.0986    solve 0.7607    func 1.2231    prepare 0.0858    transfer 0.0002    finalize 0.1655    add 0.0155    
max lb 0.6708039045333862 min lb -3.2283174991607666
Number of Verified Splits: 1 of 2048
Current worst splitting domains lb-rhs (depth):
-3.22832 (10), -3.22813 (10), -3.22809 (10), -3.22800 (10), -3.22669 (10), -3.22625 (10), -3.22512 (10), -3.22498 (10), -3.22480 (10), -3.22424 (10), -3.22423 (10), -3.22422 (10), -3.22413 (10), -3.22291 (10), -3.22288 (10), -3.22268 (10), -3.22211 (10), -3.22209 (10), -3.22177 (10), -3.22146 (10), 
Current (lb-rhs): -3.2283174991607666
3968 domains visited
Length of domains: 2047
Cumulative time: 1.5443739891052246

BaB round 6
batch: 2047
splitting decisions: 
split level 0: [/input, 3551] [/26, 2238] [/input, 4632] [/input, 212] [/input, 3775] [/26, 1656] [/26, 3223] [/26, 686] [/input, 2809] [/input, 440] 
best_l after optimization: -7979.7294921875
beta sum per layer: [3139.776123046875, 2897.47509765625, 30.63750457763672]
alpha/beta optimization time: 0.7065908908843994
pruning_in_iteration open status: False
ratio of positive domain = 5 / 4094 = 0.001221299462628278
pruning-in-iteration extra time: 5.269050598144531e-05
Time: pickout 0.1663    branching_decision 0.0009    decision 0.0009    set_bounds 0.0899    prepare 0.0903    transfer 0.0000    finalize 0.3176    func 1.1477    solve 0.4626    add 0.0133    bab_iteration 0.6089    
Accumulated time: bab_iteration 1.5130    pickout 0.3262    decision 0.0020    branching_decision 0.0018    set_bounds 0.1885    solve 1.2233    func 2.3708    prepare 0.1761    transfer 0.0003    finalize 0.4831    add 0.0288    
max lb 0.16090857982635498 min lb -3.228184938430786
Number of Verified Splits: 5 of 4094
Current worst splitting domains lb-rhs (depth):
-3.22818 (11), -3.22813 (11), -3.22809 (11), -3.22805 (11), -3.22795 (11), -3.22667 (11), -3.22657 (11), -3.22644 (11), -3.22607 (11), -3.22486 (11), -3.22461 (11), -3.22424 (11), -3.22423 (11), -3.22418 (11), -3.22413 (11), -3.22375 (11), -3.22362 (11), -3.22291 (11), -3.22285 (11), -3.22256 (11), 
Current (lb-rhs): -3.228184938430786
8062 domains visited
Length of domains: 4089
Cumulative time: 2.9707159996032715

BaB round 7
batch: 2048
splitting decisions: 
split level 0: [/26, 3302] [/26, 3332] [/input, 5264] [/input, 4924] [/26, 5516] [/input, 3502] [/26, 501] [/input, 3343] [/input, 4261] [/26, 6229] 
best_l after optimization: -7936.9990234375
beta sum per layer: [3522.424072265625, 3597.06298828125, 39.580543518066406]
alpha/beta optimization time: 0.7053115367889404
pruning_in_iteration open status: False
ratio of positive domain = 4 / 4096 = 0.0009765625
pruning-in-iteration extra time: 5.435943603515625e-05
Time: pickout 0.1686    branching_decision 0.0006    decision 0.0006    set_bounds 0.0898    prepare 0.0914    transfer 0.0000    finalize 0.1573    func 0.9866    solve 1.1478    add 0.0206    bab_iteration 1.4263    
Accumulated time: bab_iteration 2.9394    pickout 0.4948    decision 0.0026    branching_decision 0.0025    set_bounds 0.2783    solve 2.3711    func 3.3574    prepare 0.2676    transfer 0.0003    finalize 0.6404    add 0.0494    
max lb 0.6545686721801758 min lb -3.228024482727051
Number of Verified Splits: 4 of 4096
Current worst splitting domains lb-rhs (depth):
-3.22818 (11), -3.22813 (11), -3.22809 (11), -3.22802 (12), -3.22795 (11), -3.22657 (11), -3.22640 (12), -3.22623 (12), -3.22607 (11), -3.22567 (12), -3.22486 (11), -3.22457 (12), -3.22423 (12), -3.22418 (11), -3.22413 (11), -3.22385 (12), -3.22381 (12), -3.22375 (12), -3.22370 (12), -3.22318 (12), 
Current (lb-rhs): -3.228184938430786
12158 domains visited
Length of domains: 6133
current_vram/total_varm: 7.2GB/47.7GB, batch_size increase to 4096
Cumulative time: 4.242654323577881

BaB round 8
batch: 4096
splitting decisions: 
split level 0: [/26, 124] [/input, 3691] [/26, 6028] [/26, 6095] [/26, 2311] [/input, 5120] [/26, 642] [/input, 5148] [/26, 1697] [/input, 3614] 
best_l after optimization: -15815.34375
beta sum per layer: [7765.38134765625, 8111.5283203125, 80.00270080566406]
alpha/beta optimization time: 1.4205384254455566
pruning_in_iteration open status: False
ratio of positive domain = 3 / 8192 = 0.0003662109375
pruning-in-iteration extra time: 5.888938903808594e-05
Time: pickout 0.4923    branching_decision 0.0012    decision 0.0012    set_bounds 0.1810    prepare 0.1818    transfer 0.0001    finalize 0.3340    func 2.0000    solve 0.9867    add 0.0251    bab_iteration 1.2719    
Accumulated time: bab_iteration 4.2113    pickout 0.9870    decision 0.0038    branching_decision 0.0036    set_bounds 0.4593    solve 3.3577    func 5.3575    prepare 0.4493    transfer 0.0004    finalize 0.9744    add 0.0745    
max lb 0.31754541397094727 min lb -3.2280046939849854
Number of Verified Splits: 3 of 8192
Current worst splitting domains lb-rhs (depth):
-3.22818 (11), -3.22813 (11), -3.22809 (11), -3.22800 (13), -3.22795 (11), -3.22657 (11), -3.22618 (13), -3.22616 (13), -3.22607 (11), -3.22547 (13), -3.22486 (11), -3.22481 (13), -3.22450 (13), -3.22418 (13), -3.22418 (11), -3.22413 (11), -3.22381 (13), -3.22378 (13), -3.22357 (13), -3.22331 (13), 
Current (lb-rhs): -3.228184938430786
20350 domains visited
Length of domains: 10226
current_vram/total_varm: 14.6GB/47.7GB, batch_size increase to 8192
Cumulative time: 7.122279405593872

BaB round 9
batch: 8192
splitting decisions: 
split level 0: [/input, 5346] [/input, 4901] [/input, 3613] [/26, 188] [/input, 3140] [/26, 1692] [/26, 121] [/input, 3388] [/26, 5878] [/26, 5884] 
best_l after optimization: -31489.146484375
beta sum per layer: [17025.203125, 18173.861328125, 188.4447784423828]
alpha/beta optimization time: 2.8062148094177246
pruning_in_iteration open status: False
ratio of positive domain = 6 / 16384 = 0.0003662109375
pruning-in-iteration extra time: 5.459785461425781e-05
Time: pickout 0.6847    branching_decision 0.0023    decision 0.0023    set_bounds 0.5398    prepare 0.3703    transfer 0.0002    finalize 0.7039    func 4.0031    solve 2.0001    add 0.2031    bab_iteration 2.8796    
Accumulated time: bab_iteration 7.0909    pickout 1.6717    decision 0.0061    branching_decision 0.0059    set_bounds 0.9991    solve 5.3578    func 9.3606    prepare 0.8196    transfer 0.0006    finalize 1.6783    add 0.2776    
max lb 0.29457902908325195 min lb -3.2279694080352783
Number of Verified Splits: 6 of 16384
Current worst splitting domains lb-rhs (depth):
-3.22818 (11), -3.22813 (11), -3.22809 (11), -3.22797 (14), -3.22795 (11), -3.22777 (14), -3.22657 (11), -3.22616 (14), -3.22607 (11), -3.22598 (14), -3.22486 (11), -3.22478 (14), -3.22477 (14), -3.22469 (14), -3.22418 (11), -3.22416 (14), -3.22413 (11), -3.22401 (14), -3.22365 (14), -3.22353 (14), 
Current (lb-rhs): -3.228184938430786
36734 domains visited
Length of domains: 18412
Cumulative time: 12.624103546142578

BaB round 10
batch: 8192
splitting decisions: 
split level 0: [/26, 3561] [/input, 5426] [/input, 4408] [/26, 7] [/input, 5408] [/26, 705] [/26, 3809] [/26, 589] [/26, 3730] [/26, 2726] 
best_l after optimization: -31251.26171875
beta sum per layer: [18728.66796875, 21492.38671875, 223.75543212890625]
alpha/beta optimization time: 2.8005728721618652
pruning_in_iteration open status: False
ratio of positive domain = 7 / 16384 = 0.00042724609375
pruning-in-iteration extra time: 7.987022399902344e-05
Time: pickout 0.6936    branching_decision 0.0021    decision 0.0021    set_bounds 0.5799    prepare 0.3725    transfer 0.0001    finalize 0.7018    func 3.9926    solve 4.0032    add 0.2683    bab_iteration 5.5018    
Accumulated time: bab_iteration 12.5928    pickout 2.3653    decision 0.0083    branching_decision 0.0081    set_bounds 1.5789    solve 9.3610    func 13.3532    prepare 1.1921    transfer 0.0007    finalize 2.3801    add 0.5459    
max lb 0.7179546356201172 min lb -3.227888584136963
Number of Verified Splits: 8 of 16384
Current worst splitting domains lb-rhs (depth):
-3.22818 (11), -3.22813 (11), -3.22809 (11), -3.22795 (11), -3.22789 (15), -3.22777 (14), -3.22657 (11), -3.22616 (14), -3.22607 (11), -3.22598 (15), -3.22486 (11), -3.22478 (14), -3.22477 (14), -3.22469 (14), -3.22418 (11), -3.22416 (14), -3.22413 (11), -3.22367 (15), -3.22365 (14), -3.22343 (15), 
Current (lb-rhs): -3.228184938430786
53118 domains visited
Length of domains: 26596
Cumulative time: 17.969823837280273

BaB round 11
batch: 8192
splitting decisions: 
split level 0: [/input, 4180] [/26, 450] [/input, 6064] [/input, 5477] [/26, 1614] [/input, 5160] [/input, 3148] [/input, 5243] [/26, 281] [/26, 2976] 
best_l after optimization: -31015.5390625
beta sum per layer: [20696.55078125, 24836.119140625, 263.14080810546875]
alpha/beta optimization time: 2.8023812770843506
pruning_in_iteration open status: False
ratio of positive domain = 14 / 16384 = 0.0008544921875
pruning-in-iteration extra time: 5.626678466796875e-05
Time: pickout 0.9578    branching_decision 0.0020    decision 0.0020    set_bounds 0.3589    prepare 0.3705    transfer 0.0001    finalize 0.9883    func 4.2821    solve 3.9927    add 0.0731    bab_iteration 5.3457    
Accumulated time: bab_iteration 17.9385    pickout 3.3231    decision 0.0103    branching_decision 0.0101    set_bounds 1.9378    solve 13.3537    func 17.6354    prepare 1.5626    transfer 0.0007    finalize 3.3684    add 0.6190    
max lb 0.32863473892211914 min lb -3.222038745880127
Number of Verified Splits: 14 of 16384
Current worst splitting domains lb-rhs (depth):
-3.22818 (11), -3.22813 (11), -3.22809 (11), -3.22795 (11), -3.22789 (15), -3.22777 (14), -3.22657 (11), -3.22616 (14), -3.22607 (11), -3.22598 (15), -3.22486 (11), -3.22478 (14), -3.22477 (14), -3.22469 (14), -3.22418 (11), -3.22416 (14), -3.22413 (11), -3.22367 (15), -3.22365 (14), -3.22343 (15), 
Current (lb-rhs): -3.228184938430786
69502 domains visited
Length of domains: 34774
Cumulative time: 23.680338859558105

BaB round 12
batch: 8192
splitting decisions: 
split level 0: [/26, 3754] [/26, 35] [/26, 1774] [/input, 3166] [/26, 173] [/26, 5558] [/26, 1846] [/input, 3432] [/26, 5824] [/26, 1590] 
best_l after optimization: -30791.5546875
beta sum per layer: [22864.46484375, 28276.283203125, 292.14996337890625]
alpha/beta optimization time: 2.8021979331970215
pruning_in_iteration open status: False
ratio of positive domain = 17 / 16384 = 0.00103759765625
pruning-in-iteration extra time: 7.390975952148438e-05
Time: pickout 0.7111    branching_decision 0.0019    decision 0.0020    set_bounds 0.6642    prepare 0.3750    transfer 0.0001    finalize 0.7018    func 3.9971    solve 4.2822    add 0.1048    bab_iteration 5.7105    
Accumulated time: bab_iteration 23.6490    pickout 4.0342    decision 0.0123    branching_decision 0.0120    set_bounds 2.6020    solve 17.6359    func 21.6325    prepare 1.9376    transfer 0.0008    finalize 4.0702    add 0.7238    
max lb 0.6899948120117188 min lb -3.217308521270752
Number of Verified Splits: 17 of 16384
Current worst splitting domains lb-rhs (depth):
-3.22818 (11), -3.22813 (11), -3.22809 (11), -3.22795 (11), -3.22789 (15), -3.22777 (14), -3.22657 (11), -3.22616 (14), -3.22607 (11), -3.22598 (15), -3.22486 (11), -3.22478 (14), -3.22477 (14), -3.22469 (14), -3.22418 (11), -3.22416 (14), -3.22413 (11), -3.22367 (15), -3.22365 (14), -3.22343 (15), 
Current (lb-rhs): -3.228184938430786
85886 domains visited
Length of domains: 42949
Cumulative time: 29.135493755340576

BaB round 13
batch: 8192
splitting decisions: 
split level 0: [/input, 4777] [/input, 5255] [/26, 95] [/26, 2676] [/input, 6010] [/input, 5484] [/26, 6055] [/input, 3748] [/26, 6135] [/input, 4754] 
best_l after optimization: -30570.4921875
beta sum per layer: [25136.4921875, 31937.12890625, 326.9991455078125]
alpha/beta optimization time: 2.80253005027771
pruning_in_iteration open status: False
ratio of positive domain = 15 / 16384 = 0.00091552734375
pruning-in-iteration extra time: 6.031990051269531e-05
Time: pickout 1.0519    branching_decision 0.0021    decision 0.0021    set_bounds 0.3611    prepare 0.3733    transfer 0.0001    finalize 0.6965    func 3.9905    solve 3.9972    add 0.0751    bab_iteration 5.4551    
Accumulated time: bab_iteration 29.1041    pickout 5.0861    decision 0.0144    branching_decision 0.0141    set_bounds 2.9631    solve 21.6331    func 25.6230    prepare 2.3109    transfer 0.0009    finalize 4.7667    add 0.7989    
max lb 0.6954021453857422 min lb -3.214067220687866
Number of Verified Splits: 18 of 16384
Current worst splitting domains lb-rhs (depth):
-3.22818 (11), -3.22813 (11), -3.22809 (11), -3.22795 (11), -3.22789 (15), -3.22777 (14), -3.22657 (11), -3.22616 (14), -3.22607 (11), -3.22598 (15), -3.22486 (11), -3.22478 (14), -3.22477 (14), -3.22469 (14), -3.22418 (11), -3.22416 (14), -3.22413 (11), -3.22367 (15), -3.22365 (14), -3.22343 (15), 
Current (lb-rhs): -3.228184938430786
102270 domains visited
Length of domains: 51123
Cumulative time: 34.95055818557739

BaB round 14
batch: 8192
splitting decisions: 
split level 0: [/input, 5239] [/input, 5226] [/26, 2589] [/input, 1495] [/26, 283] [/26, 5930] [/26, 6153] [/26, 229] [/26, 3277] [/input, 3476] 
best_l after optimization: -30349.869140625
beta sum per layer: [27550.314453125, 35665.6640625, 349.9122314453125]
alpha/beta optimization time: 2.803011417388916
pruning_in_iteration open status: False
ratio of positive domain = 11 / 16384 = 0.00067138671875
pruning-in-iteration extra time: 7.605552673339844e-05
Time: pickout 0.7259    branching_decision 0.0021    decision 0.0021    set_bounds 0.3637    prepare 0.3706    transfer 0.0001    finalize 0.6998    func 4.3941    solve 3.9905    add 0.4032    bab_iteration 5.8151    
Accumulated time: bab_iteration 34.9192    pickout 5.8120    decision 0.0165    branching_decision 0.0162    set_bounds 3.3268    solve 25.6236    func 30.0171    prepare 2.6815    transfer 0.0010    finalize 5.4665    add 1.2021    
max lb 0.5064704418182373 min lb -3.2085564136505127
Number of Verified Splits: 11 of 16384
Current worst splitting domains lb-rhs (depth):
-3.22818 (11), -3.22813 (11), -3.22809 (11), -3.22795 (11), -3.22789 (15), -3.22777 (14), -3.22657 (11), -3.22616 (14), -3.22607 (11), -3.22598 (15), -3.22486 (11), -3.22478 (14), -3.22477 (14), -3.22469 (14), -3.22418 (11), -3.22416 (14), -3.22413 (11), -3.22367 (15), -3.22365 (14), -3.22343 (15), 
Current (lb-rhs): -3.228184938430786
118654 domains visited
Length of domains: 59304
Cumulative time: 40.52001452445984

BaB round 15
batch: 8192
splitting decisions: 
split level 0: [/input, 4835] [/26, 6229] [/26, 3727] [/26, 3524] [/26, 422] [/input, 5126] [/26, 780] [/26, 249] [/26, 2174] [/input, 5151] 
best_l after optimization: -30096.734375
beta sum per layer: [30167.45703125, 39534.71484375, 406.23809814453125]
alpha/beta optimization time: 2.803053379058838
pruning_in_iteration open status: False
ratio of positive domain = 14 / 16384 = 0.0008544921875
pruning-in-iteration extra time: 5.793571472167969e-05
Time: pickout 0.7229    branching_decision 0.0020    decision 0.0020    set_bounds 0.3629    prepare 0.3716    transfer 0.0001    finalize 0.7026    func 4.4429    solve 4.3941    add 0.0763    bab_iteration 5.5695    
Accumulated time: bab_iteration 40.4886    pickout 6.5349    decision 0.0185    branching_decision 0.0182    set_bounds 3.6897    solve 30.0177    func 34.4600    prepare 3.0531    transfer 0.0011    finalize 6.1691    add 1.2784    
max lb 0.4361450672149658 min lb -3.200371026992798
Number of Verified Splits: 14 of 16384
Current worst splitting domains lb-rhs (depth):
-3.22818 (11), -3.22813 (11), -3.22809 (11), -3.22795 (11), -3.22789 (15), -3.22777 (14), -3.22657 (11), -3.22616 (14), -3.22607 (11), -3.22598 (15), -3.22486 (11), -3.22478 (14), -3.22477 (14), -3.22469 (14), -3.22418 (11), -3.22416 (14), -3.22413 (11), -3.22367 (15), -3.22365 (14), -3.22343 (15), 
Current (lb-rhs): -3.228184938430786
135038 domains visited
Length of domains: 67482
Cumulative time: 46.216195583343506

BaB round 16
batch: 8192
splitting decisions: 
split level 0: [/input, 4928] [/input, 3326] [/input, 4798] [/26, 227] [/input, 4885] [/input, 5410] [/input, 4783] [/26, 692] [/26, 6156] [/input, 3157] 
best_l after optimization: -29843.09765625
beta sum per layer: [32985.9140625, 43500.890625, 478.64312744140625]
alpha/beta optimization time: 2.8041269779205322
pruning_in_iteration open status: False
ratio of positive domain = 16 / 16384 = 0.0009765625
pruning-in-iteration extra time: 8.106231689453125e-05
Time: pickout 0.7273    branching_decision 0.0021    decision 0.0021    set_bounds 0.3620    prepare 0.3724    transfer 0.0001    finalize 0.7042    func 4.4867    solve 4.4430    add 0.1574    bab_iteration 5.6962    
Accumulated time: bab_iteration 46.1848    pickout 7.2621    decision 0.0206    branching_decision 0.0203    set_bounds 4.0516    solve 34.4607    func 38.9467    prepare 3.4255    transfer 0.0012    finalize 6.8732    add 1.4359    
max lb 0.683314323425293 min lb -3.200200319290161
Number of Verified Splits: 17 of 16384
Current worst splitting domains lb-rhs (depth):
-3.22818 (11), -3.22813 (11), -3.22809 (11), -3.22795 (11), -3.22789 (15), -3.22777 (14), -3.22657 (11), -3.22616 (14), -3.22607 (11), -3.22598 (15), -3.22486 (11), -3.22478 (14), -3.22477 (14), -3.22469 (14), -3.22418 (11), -3.22416 (14), -3.22413 (11), -3.22367 (15), -3.22365 (14), -3.22343 (15), 
Current (lb-rhs): -3.228184938430786
151422 domains visited
Length of domains: 75657
Cumulative time: 51.88028264045715

BaB round 17
batch: 8192
splitting decisions: 
split level 0: [/input, 5217] [/26, 6095] [/input, 5465] [/26, 253] [/input, 4792] [/26, 1714] [/input, 5723] [/26, 1988] [/input, 5210] [/26, 3839] 
best_l after optimization: -29611.740234375
beta sum per layer: [35974.921875, 47687.62109375, 529.50732421875]
alpha/beta optimization time: 2.804032802581787
pruning_in_iteration open status: False
ratio of positive domain = 12 / 16384 = 0.000732421875
pruning-in-iteration extra time: 5.793571472167969e-05
Time: pickout 0.7200    branching_decision 0.0020    decision 0.0020    set_bounds 0.3616    prepare 0.3724    transfer 0.0001    finalize 0.7058    func 3.9998    solve 4.4868    add 0.0773    bab_iteration 5.6641    
Accumulated time: bab_iteration 51.8489    pickout 7.9821    decision 0.0227    branching_decision 0.0223    set_bounds 4.4132    solve 38.9475    func 42.9465    prepare 3.7979    transfer 0.0013    finalize 7.5791    add 1.5132    
max lb 0.5426653623580933 min lb -3.1988425254821777
Number of Verified Splits: 13 of 16384
Current worst splitting domains lb-rhs (depth):
-3.22818 (11), -3.22813 (11), -3.22809 (11), -3.22795 (11), -3.22789 (15), -3.22777 (14), -3.22657 (11), -3.22616 (14), -3.22607 (11), -3.22598 (15), -3.22486 (11), -3.22478 (14), -3.22477 (14), -3.22469 (14), -3.22418 (11), -3.22416 (14), -3.22413 (11), -3.22367 (15), -3.22365 (14), -3.22343 (15), 
Current (lb-rhs): -3.228184938430786
167806 domains visited
Length of domains: 83836
Cumulative time: 57.05092144012451

BaB round 18
batch: 8192
splitting decisions: 
split level 0: [/26, 2164] [/input, 3304] [/input, 5157] [/26, 5590] [/26, 5961] [/26, 2190] [/26, 2869] [/input, 4933] [/input, 4984] [/26, 2238] 
best_l after optimization: -29360.26171875
beta sum per layer: [39106.89453125, 51880.53125, 586.0801391601562]
alpha/beta optimization time: 2.803633689880371
pruning_in_iteration open status: False
ratio of positive domain = 23 / 16384 = 0.00140380859375
pruning-in-iteration extra time: 5.6743621826171875e-05
Time: pickout 1.2575    branching_decision 0.0021    decision 0.0022    set_bounds 0.3604    prepare 0.3727    transfer 0.0001    finalize 0.7031    func 3.9969    solve 3.9999    add 0.0777    bab_iteration 5.1706    
Accumulated time: bab_iteration 57.0195    pickout 9.2397    decision 0.0248    branching_decision 0.0245    set_bounds 4.7737    solve 42.9474    func 46.9434    prepare 4.1706    transfer 0.0013    finalize 8.2821    add 1.5909    
max lb 0.5842864513397217 min lb -3.1989145278930664
Number of Verified Splits: 23 of 16384
Current worst splitting domains lb-rhs (depth):
-3.22818 (11), -3.22813 (11), -3.22809 (11), -3.22795 (11), -3.22789 (15), -3.22777 (14), -3.22657 (11), -3.22616 (14), -3.22607 (11), -3.22598 (15), -3.22486 (11), -3.22478 (14), -3.22477 (14), -3.22469 (14), -3.22418 (11), -3.22416 (14), -3.22413 (11), -3.22367 (15), -3.22365 (14), -3.22343 (15), 
Current (lb-rhs): -3.228184938430786
184190 domains visited
Length of domains: 92005
Time out!!!!!!!!
Result: unknown in 65.3051 seconds
############# Summary #############
Final verified acc: 20.0% (total 10 examples)
Problem instances count: 10 , total verified (safe/unsat): 2 , total falsified (unsafe/sat): 0 , timeout: 8
mean time for ALL instances (total 10):51.74591163680931, max time: 65.92607593536377
mean time for verified SAFE instances(total 2): 0.683922290802002, max time: 0.9996652603149414
mean time for verified SAFE + TIMEOUT instances (total 10): 51.745963382720944, max time: 65.92607593536377 
safe-incomplete (total 2), index: [0, 3]
unknown (total 8), index: [1, 2, 4, 5, 6, 7, 8, 9]

=== STDERR ===
/mmfs1/gscratch/scrubbed/sgvtc/E-graphs for Verifiability/alpha-beta-CROWN/.venv/lib/python3.11/site-packages/torch/jit/_script.py:1488: DeprecationWarning: `torch.jit.script` is deprecated. Please switch to `torch.compile` or `torch.export`.
  warnings.warn(
/mmfs1/gscratch/scrubbed/sgvtc/E-graphs for Verifiability/alpha-beta-CROWN/.venv/lib/python3.11/site-packages/onnx2pytorch/convert/layer.py:31: UserWarning: The given NumPy array is not writable, and PyTorch does not support non-writable tensors. This means writing to this tensor will result in undefined behavior. You may want to copy the array to protect its data or make it writable before converting it to a tensor. This type of warning will be suppressed for the rest of this program. (Triggered internally at /pytorch/torch/csrc/utils/tensor_numpy.cpp:213.)
  layer.bias.data = torch.from_numpy(numpy_helper.to_array(bias))
/mmfs1/gscratch/scrubbed/sgvtc/E-graphs for Verifiability/alpha-beta-CROWN/.venv/lib/python3.11/site-packages/onnx2pytorch/convert/model.py:151: UserWarning: Using experimental implementation that allows 'batch_size > 1'.Batchnorm layers could potentially produce false outputs.
  warnings.warn(
/mmfs1/gscratch/scrubbed/sgvtc/E-graphs for Verifiability/alpha-beta-CROWN/complete_verifier/specifications.py:342: UserWarning: Creating a tensor from a list of numpy.ndarrays is extremely slow. Please consider converting the list to a single numpy.ndarray with numpy.array() before converting to a tensor. (Triggered internally at /pytorch/torch/csrc/utils/tensor_new.cpp:253.)
  x_range_list = torch.Tensor(x_range_list).to(dtype=dtype, device=device).view(input_shape + [2])
/mmfs1/gscratch/scrubbed/sgvtc/E-graphs for Verifiability/alpha-beta-CROWN/.venv/lib/python3.11/site-packages/onnx2pytorch/utils.py:21: TracerWarning: Converting a tensor to a Python boolean might cause the trace to be incorrect. We can't record the data flow of Python values, so this value will be treated as a constant in the future. This means that the trace might not generalize to other inputs!
  return value.ndim == 0 or value.shape == torch.Size([1])
/mmfs1/gscratch/scrubbed/sgvtc/E-graphs for Verifiability/alpha-beta-CROWN/.venv/lib/python3.11/site-packages/onnx2pytorch/operations/add.py:34: TracerWarning: Converting a tensor to a Python boolean might cause the trace to be incorrect. We can't record the data flow of Python values, so this value will be treated as a constant in the future. This means that the trace might not generalize to other inputs!
  elif all(x == 1 for x in input[0].shape):
/mmfs1/gscratch/scrubbed/sgvtc/E-graphs for Verifiability/alpha-beta-CROWN/.venv/lib/python3.11/site-packages/onnx2pytorch/operations/reshape.py:36: TracerWarning: Converting a tensor to a Python boolean might cause the trace to be incorrect. We can't record the data flow of Python values, so this value will be treated as a constant in the future. This means that the trace might not generalize to other inputs!
  if shape[0] == 1 and len(shape) in [2, 3, 4, 5] and self.quirks.get("fix_batch_size") is True:
/mmfs1/gscratch/scrubbed/sgvtc/E-graphs for Verifiability/alpha-beta-CROWN/.venv/lib/python3.11/site-packages/onnx2pytorch/operations/reshape.py:54: TracerWarning: torch.tensor results are registered as constants in the trace. You can safely ignore this warning if you use this function to create tensors out of constant variables that would be the same every time you call this function. In any other case, this might cause the trace to be incorrect.
  if (torch.prod(torch.tensor(input.shape)) != torch.prod(shape) and len(input.size()) == len(shape) + 1
/mmfs1/gscratch/scrubbed/sgvtc/E-graphs for Verifiability/alpha-beta-CROWN/.venv/lib/python3.11/site-packages/onnx2pytorch/operations/reshape.py:54: TracerWarning: Using len to get tensor shape might cause the trace to be incorrect. Recommended usage would be tensor.shape[0]. Passing a tensor of different shape might lead to errors or silently give incorrect results.
  if (torch.prod(torch.tensor(input.shape)) != torch.prod(shape) and len(input.size()) == len(shape) + 1
/mmfs1/gscratch/scrubbed/sgvtc/E-graphs for Verifiability/alpha-beta-CROWN/.venv/lib/python3.11/site-packages/onnx2pytorch/operations/reshape.py:58: TracerWarning: Iterating over a tensor might cause the trace to be incorrect. Passing a tensor of different shape won't change the number of iterations executed (and might lead to errors or silently give incorrect results).
  shape = [x if x != 0 else input.size(i) for i, x in enumerate(shape)]
/mmfs1/gscratch/scrubbed/sgvtc/E-graphs for Verifiability/alpha-beta-CROWN/complete_verifier/auto_LiRPA/operators/leaf.py:93: UserWarning: The "has_batchdim" option for BoundBuffers is deprecated. It may be removed from the next release.
  warnings.warn('The "has_batchdim" option for BoundBuffers is deprecated.'

