$ /mmfs1/gscratch/scrubbed/sgvtc/E-graphs for Verifiability/alpha-beta-CROWN/.venv/bin/python abcrown.py --config exp_configs/beta_crown/abcrown_config_inception_mnist_unfused_randombranch.yaml --onnx_path /mmfs1/gscratch/scrubbed/sgvtc/E-graphs for Verifiability/NNs/inception_mnist_unfused_simplified.onnx --epsilon 0.2 --start 0 --end 10
(cwd=/mmfs1/gscratch/scrubbed/sgvtc/E-graphs for Verifiability/alpha-beta-CROWN/complete_verifier)

=== STDOUT ===
INFO     14:53:49     [tensor_storage.py:70] Hugepage enabled for branch-and-bound domains.
Configurations:

general:
  device: cuda
  seed: 100
  conv_mode: patches
  deterministic: false
  double_fp: false
  loss_reduction_func: sum
  sparse_alpha: true
  sparse_interm: true
  save_adv_example: false
  verify_onnxruntime_output: false
  eval_adv_example: false
  onnx_adv_example: false
  show_adv_example: false
  precompile_jit: false
  reset_seed_after_precompile: false
  prepare_only: false
  complete_verifier: bab
  enable_incomplete_verification: true
  csv_name: null
  results_file: out.txt
  root_path: ''
  deterministic_opt: false
  graph_optimizer: 'Customized("custom_graph_optimizer", "default_optimizer")'
  buffer_has_batchdim: false
  save_output: false
  output_file: out.pkl
  return_optimized_model: false
  store_all_specs_on_cpu: false
  adhoc_tuning: null
model:
  name: null
  path: null
  onnx_path: /mmfs1/gscratch/scrubbed/sgvtc/E-graphs for Verifiability/NNs/inception_mnist_unfused_simplified.onnx
  onnx_path_prefix: ''
  cache_onnx_conversion: false
  debug_onnx: false
  onnx_quirks: null
  input_shape: null
  onnx_loader: default_onnx_and_vnnlib_loader
  onnx_optimization_flags: []
  onnx_vnnlib_joint_optimization_flags: none
  check_optimized: false
  flatten_final_output: false
  optimize_graph: null
  with_jacobian: false
  bound_opts: null
data:
  start: 0
  end: 10
  select_instance: null
  num_outputs: 10
  mean: [0.0]
  std: [1.0]
  pkl_path: null
  dataset: MNIST
  data_filter_path: null
  data_idx_file: null
specification:
  type: lp
  robustness_type: verified-acc
  norm: .inf
  epsilon: 0.2
  epsilon_min: 0.0
  vnnlib_path: null
  vnnlib_path_prefix: ''
  shrink_eps: null
  rhs_offset: null
solver:
  batch_size: 2048
  auto_enlarge_batch_size: true
  batched_crown_auto_enlarge_max_vram_ratio: 0.9
  min_batch_size_ratio: 0.1
  use_float64_in_last_iteration: false
  early_stop_patience: 10
  start_save_best: 0.5
  bound_prop_method: alpha-crown
  init_bound_prop_method: same
  prune_after_crown: true
  optimize_disjuncts_separately: false
  build_batch_size: 1000000
  skip_with_refined_bound: true
  forward_before_compute_bounds: false
  crown:
    batch_size: 1000000000
    max_crown_size: 1000000000
    activation_bound_option: adaptive
    compare_crown_with_ibp: false
  alpha-crown:
    alpha: true
    lr_alpha: 0.1
    iteration: 100
    share_alphas: false
    lr_decay: 0.98
    full_conv_alpha: true
    max_coeff_mul: .inf
    matmul_share_alphas: false
    disable_optimization: []
    max_time: 1.0
    alpha_dtype: float16
    input_split_alpha_iteration: 5
    input_split_lr_alpha: 0.05
  invprop:
    apply_output_constraints_to: []
    tighten_input_bounds: false
    best_of_oc_and_no_oc: false
    directly_optimize: []
    oc_lr: 0.1
    share_gammas: false
  beta-crown:
    lr_alpha: 0.01
    lr_beta: 0.05
    lr_decay: 0.98
    optimizer: adam
    iteration: 20
    beta: true
    beta_warmup: true
    enable_opt_interm_bounds: false
    all_node_split_LP: false
  forward:
    refine: false
    max_dim: 10000
    reset_threshold: 1.0
  mip:
    unstable_neuron_threshold: 0
    parallel_solvers: null
    solver_threads: 1
    refine_neuron_timeout: 15
    refine_neuron_time_percentage: 0.8
    early_stop: true
    adv_warmup: true
    mip_solver: gurobi
    skip_unsafe: false
    topk_filter: 1.0
    sliding_window: -1
    extra_constraint: false
    refine_neuron_timeout_increasement: 0
    timeout_neuron_percentage: 0.3
    remaining_timeout_threshold: 1
    remove_unstable_neurons: false
    formulation: mip
    output_cut: false
bab:
  max_domains: .inf
  decision_thresh: 0
  timeout: 60
  timeout_scale: 1
  max_iterations: -1
  override_timeout: null
  get_upper_bound: false
  pruning_in_iteration: true
  pruning_in_iteration_ratio: 0.2
  sort_targets: false
  batched_domain_list: true
  optimized_interm: ''
  interm_transfer: true
  recompute_interm: false
  sort_domain_interval: -1
  tree_traversal: depth_first
  hugetensor_allocator: true
  cut:
    enabled: false
    cuts_path: null
    bab_cut: false
    lp_cut: false
    lr: 0.01
    lr_decay: 1.0
    iteration: 100
    bab_iteration: -1
    early_stop_patience: -1
    lr_beta: 0.02
    number_cuts: 50
    topk_cuts_in_filter: 1000
    batch_size_primal: 100
    max_num: 1000000000
    patches_cut: false
    cplex_cuts: false
    cplex_cuts_wait: 0
    cplex_cuts_revpickup: true
    cut_reference_bounds: true
    fix_intermediate_bounds: false
    manual_cuts: null
    record_cplex_cut_to: null
    read_cplex_cut_from: null
    biccos:
      enabled: false
      auto_param: true
      constraint_strengthening: true
      drop_ratio: 0.5
      max_infer_iter: 20
      max_domain: 10000.0
      heuristic: neuron_influence_score
      save_cuts: false
      multi_tree_branching:
        enabled: false
        restore_best_tree: true
        keep_n_best_domains: 50
        target_batch_size: 200
        iterations: 3
  clip_n_verify:
    rearrange_constraints: false
    alpha_crown: false
    prune: false
    final_layer: false
    clip_input_domain:
      enabled: false
      clip_type: relaxed
      clip_neuron_selection_type: ratio
      clip_neuron_selection_value: -1.0
      clip_iterations: 1
      clip_calculate_volume_metrics: false
    clip_interm_domain:
      enabled: false
      with_input: false
      clip_in_alpha_crown: false
      topk_objective: 20
  branching:
    method: random
    candidates: 3
    reduceop: min
    enable_intermediate_bound_opt: false
    branching_input_and_activation: false
    branching_input_and_activation_order: [input, relu]
    branching_input_iterations: 30
    branching_relu_iterations: 50
    save_visited_domains_to: ''
    nonlinear_split:
      method: bbps
      disable: false
      branching_point_method: uniform
      num_branches: 2
      filter: false
      filter_beta: false
      filter_clamp: false
      filter_batch_size: 10000
      filter_iterations: 25
      relu_only: false
      loose_tanh_threshold: null
      branching_point:
        db_path: branching_points.pt
        num_iterations: 1000
        batch_size: 1000000
        range_l: -5.0
        range_u: 5.0
        log_interval: 100
        step_size_1d: 0.01
        step_size: 0.2
    input_split:
      split_hint: null
      enable: false
      reorder_bab: false
      input_dim_threshold: 20
      adv_check: 0
      split_partitions: 2
      sb_margin_weight: 1.0
      sb_sum: false
      sb_primary_spec: null
      bf_backup_thresh: -1
      bf_rhs_offset: 0
      bf_iters: 1000000000.0
      bf_batch_size: 100000
      bf_zero_crossing_score: false
      touch_zero_score: 0
      ibp_enhancement: true
      compare_with_old_bounds: true
      update_rhs_with_attack: false
      sb_coeff_thresh: 0.001
      sort_index: null
      sort_descending: true
      show_progress: false
      presplit_domains: null
      skip_getting_worst_domain: false
  branching_decision_precompute:
    enable: true
  attack:
    enabled: false
    beam_candidates: 8
    beam_depth: 7
    max_dive_fix_ratio: 0.8
    min_local_free_ratio: 0.2
    mip_start_iteration: 5
    mip_timeout: 30.0
    adv_pool_threshold: null
    refined_mip_attacker: false
    refined_batch_size: null
attack:
  general_attack: true
  pgd_order: skip
  pgd_steps: 100
  pgd_restarts: 50
  pgd_batch_size: 100000000
  pgd_early_stop: true
  pgd_lr_decay: 0.99
  pgd_alpha: auto
  pgd_alpha_scale: false
  pgd_loss_mode: null
  pgd_restart_when_stuck: false
  enable_mip_attack: false
  adv_saver: default_adv_saver
  adv_verifier: default_adv_verifier
  early_stop_condition: default_early_stop_condition
  adv_example_finalizer: default_adv_example_finalizer
  pgd_loss: default_pgd_loss
  cex_path: ./test_cex.txt
  attack_mode: PGD
  attack_tolerance: 0.0
  attack_func: attack_with_general_specs
  gama_lambda: 10.0
  gama_decay: 0.9
  input_split:
    pgd_steps: 100
    pgd_restarts: 30
    pgd_alpha: auto
  input_split_check_adv:
    enabled: auto
    pgd_steps: 5
    pgd_restarts: 5
    pgd_alpha: auto
    max_num_domains: 10
debug:
  view_model: false
  lp_test: null
  rescale_vnnlib_ptb: null
  test_optimized_bounds: false
  test_optimized_bounds_after_n_iterations: 0
  print_verbose_decisions: false
  biccos_mip_sanity_check: false
  sanity_check: 0
  z_split_enabled: false
  save_minimal_config: null
  save_minimal_config_omit_keys: []
solving:
  solving_mode: false
  obj_index: 0

Experiments at Mon Aug 24 14:53:50 2026 on g3104
Loading onnx /mmfs1/gscratch/scrubbed/sgvtc/E-graphs for Verifiability/NNs/inception_mnist_unfused_simplified.onnx with quirks {}
Finished onnx model loading in 0.6973 seconds
ConvertModel(
  (Conv_Conv112_fwd0): Conv2d(1, 8, kernel_size=(3, 3), stride=(1, 1), padding=(1, 1))
  (Relu_Relu119_fwd0): ReLU()
  (Conv_Conv120_fwd0): Conv2d(8, 8, kernel_size=(1, 1), stride=(1, 1))
  (Conv_Conv121_fwd0): Conv2d(8, 8, kernel_size=(3, 3), stride=(1, 1), padding=(1, 1))
  (Add_Add124_fwd0): Add()
  (Relu_Relu125_fwd0): ReLU()
  (Reshape_Reshape126_fwd0): Reshape(shape=[  -1 6272])
  (Gemm_Add128_fwd0): Linear(in_features=64, out_features=6272, bias=True)
  (Relu_Relu129_fwd0): ReLU()
  (Gemm_Add131_fwd0): Linear(in_features=10, out_features=64, bias=True)
)
Parameters:
  Conv_Conv112_fwd0.weight: shape torch.Size([8, 1, 3, 3])
  Conv_Conv112_fwd0.bias: shape torch.Size([8])
  Conv_Conv120_fwd0.weight: shape torch.Size([8, 8, 1, 1])
  Conv_Conv120_fwd0.bias: shape torch.Size([8])
  Conv_Conv121_fwd0.weight: shape torch.Size([8, 8, 3, 3])
  Conv_Conv121_fwd0.bias: shape torch.Size([8])
  Gemm_Add128_fwd0.weight: shape torch.Size([64, 6272])
  Gemm_Add128_fwd0.bias: shape torch.Size([64])
  Gemm_Add131_fwd0.weight: shape torch.Size([10, 64])
  Gemm_Add131_fwd0.bias: shape torch.Size([10])
Trying generic MNIST/CIFAR data loader.
Internal results will be saved to out.txt.

 %%%%%%%%%%%%%%%%%%%%%%%%%%%%%%%%%%% idx: 0, vnnlib ID: 0 %%%%%%%%%%%%%%%%%%%%%%%%%%%%%%%%%%%
Finished vnnlib processing in 1.940276 seconds
Model: BoundedModule(
  (/input-1): BoundInput(name=/input-1, inputs=[], perturbed=True)
  (/shape): BoundBuffers(name=/shape, inputs=[], perturbed=False)
  (/12): BoundParams(name=/12, inputs=[], perturbed=False)
  (/13): BoundParams(name=/13, inputs=[], perturbed=False)
  (/14): BoundParams(name=/14, inputs=[], perturbed=False)
  (/15): BoundParams(name=/15, inputs=[], perturbed=False)
  (/16): BoundParams(name=/16, inputs=[], perturbed=False)
  (/17): BoundParams(name=/17, inputs=[], perturbed=False)
  (/18): BoundParams(name=/18, inputs=[], perturbed=False)
  (/19): BoundParams(name=/19, inputs=[], perturbed=False)
  (/20): BoundParams(name=/20, inputs=[], perturbed=False)
  (/21): BoundParams(name=/21, inputs=[], perturbed=False)
  (/input): BoundConv(name=/input, inputs=[/input-1, /12, /13], perturbed=True)
  (/input-4): BoundRelu(name=/input-4, inputs=[/input], perturbed=True)
  (/24): BoundConv(name=/24, inputs=[/input-4, /14, /15], perturbed=True)
  (/25): BoundConv(name=/25, inputs=[/input-4, /16, /17], perturbed=True)
  (/26): BoundAdd(name=/26, inputs=[/24, /25], perturbed=True)
  (/27): BoundRelu(name=/27, inputs=[/26], perturbed=True)
  (/28): BoundSplit(name=/28, inputs=[/shape], perturbed=False)
  (/29): BoundSplit(name=/29, inputs=[/shape], perturbed=False)
  (/30): BoundConstant(name=/30, value=tensor([0], device='cuda:0'))
  (/31): BoundSqueeze(name=/31, inputs=[/28, /30], perturbed=False)
  (/32): BoundConstant(name=/32, value=tensor([0], device='cuda:0'))
  (/33): BoundSqueeze(name=/33, inputs=[/29, /32], perturbed=False)
  (/34): BoundConstant(name=/34, value=tensor([0], device='cuda:0'))
  (/35): BoundUnsqueeze(name=/35, inputs=[/31, /34], perturbed=False)
  (/36): BoundConstant(name=/36, value=tensor([0], device='cuda:0'))
  (/37): BoundUnsqueeze(name=/37, inputs=[/33, /36], perturbed=False)
  (/38): BoundConcat(name=/38, inputs=[/35, /37], perturbed=False)
  (/39): BoundReshape(name=/39, inputs=[/27, /38], perturbed=True)
  (/input-8): BoundLinear(name=/input-8, inputs=[/39, /18, /19], perturbed=True)
  (/41): BoundRelu(name=/41, inputs=[/input-8], perturbed=True)
  (/42): BoundLinear(name=/42, inputs=[/41, /20, /21], perturbed=True)
)
Original output in the first batch: tensor([[-0.04164346, -5.95376539,  0.17538154,  4.41258097,  1.20887554,
          1.76415849, -5.22681665, 11.02816391, -0.34585908,  4.46914387]],
       device='cuda:0')
Split layers:
Nonlinear functions:
   BoundRelu(name=/input-4, inputs=[/input], perturbed=True)
   BoundRelu(name=/27, inputs=[/26], perturbed=True)
   BoundRelu(name=/41, inputs=[/input-8], perturbed=True)
build batch [1/1]
layer /input-4 using sparse-features alpha with shape [3932]; unstable size 3932; total size 6272 ([1, 8, 28, 28])
layer /input-4 start_node /26 using sparse-spec alpha [2, 7, 1, 3932] with unstable size 6 total_size 8 output_shape 8
layer /input-4 start_node /input-8 using sparse-spec alpha [2, 26, 1, 3932] with unstable size 25 total_size 64 output_shape torch.Size([64])
layer /input-4 start_node /42 using full alpha [2, 9, 1, 3932] with unstable size None total_size 9 output_shape 9
layer /27 using sparse-features alpha with shape [2557]; unstable size 2557; total size 6272 ([1, 8, 28, 28])
layer /27 start_node /input-8 using sparse-spec alpha [2, 26, 1, 2557] with unstable size 25 total_size 64 output_shape torch.Size([64])
layer /27 start_node /42 using full alpha [2, 9, 1, 2557] with unstable size None total_size 9 output_shape 9
layer /41 using sparse-features alpha with shape [25]; unstable size 25; total size 64 ([1, 64])
layer /41 start_node /42 using full alpha [2, 9, 1, 25] with unstable size None total_size 9 output_shape 9
Optimizable variables initialized.
initial CROWN bounds (first 10 items): [-6.361833572387695, 0.23046588897705078, -7.233498573303223, -6.449702262878418, -3.8835768699645996, -6.33800745010376, -6.311127662658691, -4.352187156677246, -3.9762096405029297]
prune_after_crown optimization in use
  original spec size = torch.Size([1, 9])
  pruned spec size = torch.Size([1, 8])
Using alpha-CROWN to initialize bounds.
best_l after optimization: -37.641807556152344
alpha/beta optimization time: 2.5886898040771484
initial alpha-crown bounds (first 10 items): [-5.357802867889404, -6.286752700805664, -5.703762054443359, -2.993640422821045, -5.490933895111084, -5.138526916503906, -3.380993366241455, -3.2893970012664795]
Global lower bound: -6.286752700805664
1 / 9 OR specs are verified.
Verified OR indices (first 10 items): [1]
Verified OR lbs (first 10 items): [[inf]]
Unverified OR indices (first 10 items): [0, 2, 3, 4, 5, 6, 7, 8]
Unverified OR lbs (first 10 items): [[-5.357802867889404], [-6.286752700805664], [-5.703762054443359], [-2.993640422821045], [-5.490933895111084], [-5.138526916503906], [-3.380993366241455], [-3.2893970012664795]]
###### Verifying property Instance 0 ######
Batch size: 8
First 10 spec matrices
C: tensor([[[-1.,  0.,  0.,  0.,  0.,  0.,  0.,  1.,  0.,  0.]],

        [[ 0.,  0., -1.,  0.,  0.,  0.,  0.,  1.,  0.,  0.]],

        [[ 0.,  0.,  0., -1.,  0.,  0.,  0.,  1.,  0.,  0.]],

        [[ 0.,  0.,  0.,  0., -1.,  0.,  0.,  1.,  0.,  0.]],

        [[ 0.,  0.,  0.,  0.,  0., -1.,  0.,  1.,  0.,  0.]],

        [[ 0.,  0.,  0.,  0.,  0.,  0., -1.,  1.,  0.,  0.]],

        [[ 0.,  0.,  0.,  0.,  0.,  0.,  0.,  1., -1.,  0.]],

        [[ 0.,  0.,  0.,  0.,  0.,  0.,  0.,  1.,  0., -1.]]], device='cuda:0')
RHS: tensor([[0.],
        [0.],
        [0.],
        [0.],
        [0.],
        [0.],
        [0.],
        [0.]], device='cuda:0')
OR spec sizes: tensor([1, 1, 1, 1, 1, 1, 1, 1], device='cuda:0', dtype=torch.int32)
Remaining timeout: 49.931854248046875
Model prediction is: tensor([-0.04164346, -5.95376539,  0.17538154,  4.41258097,  1.20887554,
         1.76415849, -5.22681665, 11.02816391, -0.34585908,  4.46914387],
       device='cuda:0')
Activation BaB batch 1/1 
build_with_refined_bounds batch [1/1]
Optimizable variables initialized.
all alpha initialized
directly get lb and ub from refined bounds
c shape: torch.Size([8, 1, 10])
lA shapes: [torch.Size([8, 1, 8, 28, 28]), torch.Size([8, 1, 8, 28, 28]), torch.Size([8, 1, 64])]
(alpha-)CROWN with fixed intermediate bounds: tensor([[-5.35780287],
        [-6.28675270],
        [-5.70376205],
        [-2.99364042],
        [-5.49093390],
        [-5.13852692],
        [-3.38099337],
        [-3.28939700]], device='cuda:0') tensor([[inf],
        [inf],
        [inf],
        [inf],
        [inf],
        [inf],
        [inf],
        [inf]], device='cuda:0')
Intermediate layers: /input,/26,/input-8
Keeping alphas for these layers: ['/42']
Node /input-4 input 0: size torch.Size([8, 28, 28]) unstable 3932
Node /27 input 0: size torch.Size([8, 28, 28]) unstable 2504
Node /41 input 0: size torch.Size([64]) unstable 23
-----------------
# of unstable neurons: 6459
-----------------

BaB round 1
batch: 8
splitting decisions: 
split level 0: [/input, 4145] [/26, 5626] [/input, 4242] [/input, 4612] [/26, 3591] [/input, 3487] [/26, 3843] [/26, 3676] 
split level 1: [/input, 3026] [/26, 2109] [/input, 3273] [/input, 2916] [/26, 6065] [/input, 2578] [/26, 2157] [/26, 3356] 
split level 2: [/26, 733] [/26, 1737] [/input, 4235] [/input, 597] [/input, 5930] [/input, 4268] [/26, 6233] [/26, 3501] 
split level 3: [/input, 5583] [/26, 6028] [/26, 5946] [/26, 676] [/26, 483] [/26, 1958] [/input, 5427] [/input, 4082] 
best_l after optimization: -594.7089233398438
beta sum per layer: [25.255460739135742, 29.03789710998535, 0.0]
alpha/beta optimization time: 0.19950103759765625
pruning_in_iteration open status: False
ratio of positive domain = 0 / 128 = 0.0
pruning-in-iteration extra time: 5.4836273193359375e-05
Time: pickout 0.0015    branching_decision 0.0001    decision 0.0001    set_bounds 0.0061    prepare 0.0020    transfer 0.0000    finalize 0.0074    func 0.2137    
Accumulated time: bab_iteration 0.0000    pickout 0.0015    decision 0.0001    branching_decision 0.0001    set_bounds 0.0061    solve 0.0000    func 0.2137    prepare 0.0020    transfer 0.0000    finalize 0.0074    
max lb -2.9322805404663086 min lb -6.2831621170043945
Number of Verified Splits: 0 of 128
Current worst splitting domains lb-rhs (depth):
-6.28316 (4), -6.28314 (4), -6.28310 (4), -6.28309 (4), -6.09851 (4), -6.09850 (4), -6.09845 (4), -6.09844 (4), -6.03550 (4), -6.03548 (4), -6.03544 (4), -6.03542 (4), -5.97994 (4), -5.97992 (4), -5.97988 (4), -5.97986 (4), -5.70121 (4), -5.69783 (4), -5.69285 (4), -5.68943 (4), 
Current (lb-rhs): -6.2831621170043945
128 domains visited
Length of domains: 128
Cumulative time: 0.34226536750793457

BaB round 2
batch: 128
splitting decisions: 
split level 0: [/input, 4657] [/26, 2014] [/input, 6018] [/input, 5319] [/26, 22] [/input, 3735] [/26, 2212] [/26, 5560] [/input, 5203] [/26, 3476] 
best_l after optimization: -1184.6260986328125
beta sum per layer: [69.9534683227539, 78.54984283447266, 0.0]
alpha/beta optimization time: 0.1388533115386963
pruning_in_iteration open status: False
ratio of positive domain = 0 / 256 = 0.0
pruning-in-iteration extra time: 5.4836273193359375e-05
Time: pickout 0.0112    branching_decision 0.0001    decision 0.0001    set_bounds 0.0059    prepare 0.0057    transfer 0.0000    finalize 0.0122    func 0.1621    solve 0.2138    add 0.0020    bab_iteration 0.2237    
Accumulated time: bab_iteration 0.2237    pickout 0.0128    decision 0.0002    branching_decision 0.0002    set_bounds 0.0120    solve 0.2138    func 0.3758    prepare 0.0077    transfer 0.0001    finalize 0.0196    add 0.0020    
max lb -2.787795066833496 min lb -6.2831292152404785
Number of Verified Splits: 0 of 256
Current worst splitting domains lb-rhs (depth):
-6.28313 (5), -6.28312 (5), -6.28309 (5), -6.28301 (5), -6.28278 (5), -6.26449 (5), -6.26392 (5), -6.26069 (5), -6.07164 (5), -6.07163 (5), -6.07130 (5), -6.07072 (5), -6.07034 (5), -6.06913 (5), -6.06844 (5), -6.06290 (5), -5.99308 (5), -5.99307 (5), -5.99301 (5), -5.99301 (5), 
Current (lb-rhs): -6.2831292152404785
384 domains visited
Length of domains: 256
Cumulative time: 0.5253047943115234

BaB round 3
batch: 256
splitting decisions: 
split level 0: [/input, 4864] [/input, 2865] [/26, 2000] [/26, 2568] [/26, 189] [/26, 3802] [/input, 398] [/input, 4319] [/input, 3495] [/input, 3521] 
best_l after optimization: -2358.995849609375
beta sum per layer: [194.59063720703125, 198.1278533935547, 0.3339422047138214]
alpha/beta optimization time: 0.17048239707946777
pruning_in_iteration open status: False
ratio of positive domain = 0 / 512 = 0.0
pruning-in-iteration extra time: 7.796287536621094e-05
Time: pickout 0.0221    branching_decision 0.0001    decision 0.0001    set_bounds 0.0112    prepare 0.0114    transfer 0.0000    finalize 0.0266    func 0.2162    solve 0.1621    add 0.0035    bab_iteration 0.1830    
Accumulated time: bab_iteration 0.4068    pickout 0.0348    decision 0.0004    branching_decision 0.0003    set_bounds 0.0233    solve 0.3759    func 0.5919    prepare 0.0192    transfer 0.0001    finalize 0.0463    add 0.0055    
max lb -2.747903347015381 min lb -6.283040523529053
Number of Verified Splits: 0 of 512
Current worst splitting domains lb-rhs (depth):
-6.28304 (6), -6.28301 (6), -6.28295 (6), -6.28261 (6), -6.28064 (6), -6.28040 (6), -6.26821 (6), -6.26372 (6), -6.26364 (6), -6.26296 (6), -6.25342 (6), -6.25018 (6), -6.24116 (6), -6.22921 (6), -6.22706 (6), -6.15043 (6), -6.05798 (6), -6.05754 (6), -6.05750 (6), -6.05750 (6), 
Current (lb-rhs): -6.283040523529053
896 domains visited
Length of domains: 512
Cumulative time: 0.780825138092041

BaB round 4
batch: 512
splitting decisions: 
split level 0: [/input, 3974] [/input, 2417] [/26, 6121] [/input, 3652] [/26, 2318] [/input, 3077] [/input, 4013] [/input, 5220] [/input, 6176] [/26, 622] 
best_l after optimization: -4693.05419921875
beta sum per layer: [487.8424377441406, 486.80035400390625, 2.5199499130249023]
alpha/beta optimization time: 0.17206740379333496
pruning_in_iteration open status: False
ratio of positive domain = 0 / 1024 = 0.0
pruning-in-iteration extra time: 5.435943603515625e-05
Time: pickout 0.0433    branching_decision 0.0002    decision 0.0002    set_bounds 0.0235    prepare 0.0225    transfer 0.0000    finalize 0.0490    func 0.2539    solve 0.2162    add 0.0056    bab_iteration 0.2555    
Accumulated time: bab_iteration 0.6623    pickout 0.0781    decision 0.0006    branching_decision 0.0005    set_bounds 0.0468    solve 0.5921    func 0.8458    prepare 0.0417    transfer 0.0002    finalize 0.0952    add 0.0111    
max lb -0.718386173248291 min lb -6.2827839851379395
Number of Verified Splits: 0 of 1024
Current worst splitting domains lb-rhs (depth):
-6.28278 (7), -6.28258 (7), -6.28256 (7), -6.28248 (7), -6.28243 (7), -6.28217 (7), -6.28060 (7), -6.27991 (7), -6.27924 (7), -6.26691 (7), -6.26303 (7), -6.26200 (7), -6.26184 (7), -6.26179 (7), -6.25950 (7), -6.24947 (7), -6.24934 (7), -6.24734 (7), -6.24554 (7), -6.24531 (7), 
Current (lb-rhs): -6.2827839851379395
1920 domains visited
Length of domains: 1024
Cumulative time: 1.1128671169281006

BaB round 5
batch: 1024
splitting decisions: 
split level 0: [/26, 5910] [/input-8, 34] [/26, 3779] [/input, 5646] [/26, 3469] [/26, 5649] [/input, 5346] [/input, 4338] [/input, 68] [/input, 3531] 
best_l after optimization: -9313.2626953125
beta sum per layer: [1174.86669921875, 1183.541259765625, 13.457212448120117]
alpha/beta optimization time: 0.36971426010131836
pruning_in_iteration open status: False
ratio of positive domain = 4 / 2048 = 0.001953125
pruning-in-iteration extra time: 5.53131103515625e-05
Time: pickout 0.0824    branching_decision 0.0003    decision 0.0004    set_bounds 0.0457    prepare 0.0454    transfer 0.0000    finalize 0.0950    func 0.5284    solve 0.2539    add 0.0107    bab_iteration 0.3320    
Accumulated time: bab_iteration 0.9943    pickout 0.1605    decision 0.0010    branching_decision 0.0008    set_bounds 0.0925    solve 0.8460    func 1.3742    prepare 0.0871    transfer 0.0002    finalize 0.1902    add 0.0218    
max lb 0.8063182830810547 min lb -6.282595634460449
Number of Verified Splits: 4 of 2048
Current worst splitting domains lb-rhs (depth):
-6.28260 (8), -6.28249 (8), -6.28243 (8), -6.28226 (8), -6.28177 (8), -6.28160 (8), -6.28136 (8), -6.28116 (8), -6.27963 (8), -6.27963 (8), -6.27903 (8), -6.27873 (8), -6.27710 (8), -6.27223 (8), -6.27173 (8), -6.26579 (8), -6.26223 (8), -6.26152 (8), -6.26095 (8), -6.26081 (8), 
Current (lb-rhs): -6.282595634460449
3968 domains visited
Length of domains: 2044
Cumulative time: 1.7898786067962646

BaB round 6
batch: 2044
splitting decisions: 
split level 0: [/input, 2508] [/26, 1703] [/input, 5507] [/26, 3213] [/input, 5049] [/input, 5558] [/input, 664] [/input, 5707] [/input, 3375] [/input, 2804] 
best_l after optimization: -18524.328125
beta sum per layer: [2777.059326171875, 2806.69775390625, 30.031999588012695]
alpha/beta optimization time: 0.8025450706481934
pruning_in_iteration open status: False
ratio of positive domain = 3 / 4088 = 0.0007338551859099596
pruning-in-iteration extra time: 6.437301635742188e-05
Time: pickout 0.1696    branching_decision 0.0006    decision 0.0006    set_bounds 0.0910    prepare 0.0913    transfer 0.0001    finalize 0.3688    func 1.2962    solve 0.5285    add 0.0196    bab_iteration 0.6770    
Accumulated time: bab_iteration 1.6713    pickout 0.3301    decision 0.0016    branching_decision 0.0014    set_bounds 0.1835    solve 1.3745    func 2.6705    prepare 0.1785    transfer 0.0003    finalize 0.5590    add 0.0414    
max lb 0.8149585723876953 min lb -6.282598972320557
Number of Verified Splits: 3 of 4088
Current worst splitting domains lb-rhs (depth):
-6.28260 (9), -6.28242 (9), -6.28236 (9), -6.28198 (9), -6.28177 (9), -6.28142 (9), -6.28087 (9), -6.28052 (9), -6.28039 (9), -6.27955 (9), -6.27954 (9), -6.27903 (9), -6.27865 (9), -6.27860 (9), -6.27817 (9), -6.27816 (9), -6.27811 (9), -6.27789 (9), -6.27775 (9), -6.27581 (9), 
Current (lb-rhs): -6.282595634460449
8056 domains visited
Length of domains: 4085
Cumulative time: 3.381990432739258

BaB round 7
batch: 2048
splitting decisions: 
split level 0: [/26, 115] [/26, 3706] [/26, 3336] [/input, 3256] [/input-8, 29] [/input, 3381] [/26, 607] [/26, 5985] [/input, 4725] [/26, 3174] 
best_l after optimization: -18432.8046875
beta sum per layer: [3242.169677734375, 3486.6494140625, 38.8203010559082]
alpha/beta optimization time: 0.8014683723449707
pruning_in_iteration open status: False
ratio of positive domain = 1 / 4096 = 0.000244140625
pruning-in-iteration extra time: 5.8650970458984375e-05
Time: pickout 0.1724    branching_decision 0.0005    decision 0.0006    set_bounds 0.0900    prepare 0.0927    transfer 0.0001    finalize 0.2058    func 1.1321    solve 1.2963    add 0.0331    bab_iteration 1.5921    
Accumulated time: bab_iteration 3.2634    pickout 0.5025    decision 0.0022    branching_decision 0.0020    set_bounds 0.2735    solve 2.6708    func 3.8025    prepare 0.2712    transfer 0.0003    finalize 0.7648    add 0.0745    
max lb 0.013974189758300781 min lb -6.281772613525391
Number of Verified Splits: 1 of 4096
Current worst splitting domains lb-rhs (depth):
-6.28260 (9), -6.28242 (9), -6.28236 (9), -6.28198 (9), -6.28177 (10), -6.28137 (10), -6.28087 (9), -6.28070 (10), -6.28052 (9), -6.27955 (9), -6.27949 (10), -6.27921 (10), -6.27909 (10), -6.27860 (9), -6.27854 (10), -6.27817 (9), -6.27800 (10), -6.27792 (10), -6.27752 (10), -6.27677 (10), 
Current (lb-rhs): -6.282595634460449
12152 domains visited
Length of domains: 6132
current_vram/total_varm: 8.8GB/47.7GB, batch_size increase to 4096
Cumulative time: 4.823797225952148

BaB round 8
batch: 4096
splitting decisions: 
split level 0: [/input, 2959] [/input, 5969] [/26, 3771] [/input, 3179] [/input, 4921] [/input, 4360] [/26, 1824] [/input, 5496] [/26, 532] [/26, 48] 
best_l after optimization: -36662.765625
beta sum per layer: [7359.2451171875, 7981.880859375, 98.41645812988281]
alpha/beta optimization time: 1.5897901058197021
pruning_in_iteration open status: False
ratio of positive domain = 3 / 8192 = 0.0003662109375
pruning-in-iteration extra time: 6.556510925292969e-05
Time: pickout 0.4902    branching_decision 0.0011    decision 0.0011    set_bounds 0.1845    prepare 0.1914    transfer 0.0001    finalize 0.4006    func 2.2459    solve 1.1321    add 0.0441    bab_iteration 1.4418    
Accumulated time: bab_iteration 4.7053    pickout 0.9928    decision 0.0033    branching_decision 0.0030    set_bounds 0.4580    solve 3.8029    func 6.0484    prepare 0.4626    transfer 0.0004    finalize 1.1654    add 0.1186    
max lb 0.0290374755859375 min lb -6.281157493591309
Number of Verified Splits: 3 of 8192
Current worst splitting domains lb-rhs (depth):
-6.28260 (9), -6.28242 (9), -6.28236 (9), -6.28198 (9), -6.28116 (11), -6.28087 (9), -6.28052 (9), -6.28009 (11), -6.27955 (9), -6.27947 (11), -6.27938 (11), -6.27920 (11), -6.27903 (11), -6.27903 (11), -6.27860 (9), -6.27860 (11), -6.27854 (11), -6.27817 (9), -6.27769 (11), -6.27739 (11), 
Current (lb-rhs): -6.282595634460449
20344 domains visited
Length of domains: 10225
current_vram/total_varm: 17.9GB/47.7GB, batch_size increase to 8192
Cumulative time: 7.969658136367798

BaB round 9
batch: 8192
splitting decisions: 
split level 0: [/input, 105] [/input, 4290] [/input, 2745] [/input, 4733] [/input, 2826] [/input, 658] [/input, 4661] [/26, 1703] [/26, 5550] [/26, 159] 
best_l after optimization: -72908.953125
beta sum per layer: [16617.6484375, 18059.62109375, 249.5370330810547]
alpha/beta optimization time: 3.14836049079895
pruning_in_iteration open status: False
ratio of positive domain = 9 / 16384 = 0.00054931640625
pruning-in-iteration extra time: 8.392333984375e-05
Time: pickout 0.7063    branching_decision 0.0020    decision 0.0020    set_bounds 0.5272    prepare 0.3762    transfer 0.0002    finalize 0.7941    func 4.4401    solve 2.2460    add 0.2211    bab_iteration 3.1459    
Accumulated time: bab_iteration 7.8511    pickout 1.6990    decision 0.0053    branching_decision 0.0051    set_bounds 0.9853    solve 6.0489    func 10.4885    prepare 0.8389    transfer 0.0006    finalize 1.9595    add 0.3398    
max lb 0.8798732757568359 min lb -6.281052112579346
Number of Verified Splits: 9 of 16384
Current worst splitting domains lb-rhs (depth):
-6.28260 (9), -6.28242 (9), -6.28236 (9), -6.28198 (9), -6.28105 (12), -6.28087 (9), -6.28052 (9), -6.28009 (12), -6.27955 (9), -6.27939 (12), -6.27910 (12), -6.27904 (12), -6.27903 (12), -6.27860 (9), -6.27860 (12), -6.27858 (12), -6.27854 (12), -6.27843 (12), -6.27835 (12), -6.27817 (9), 
Current (lb-rhs): -6.282595634460449
36728 domains visited
Length of domains: 18408
Cumulative time: 13.946711778640747

BaB round 10
batch: 8192
splitting decisions: 
split level 0: [/input, 2768] [/input, 464] [/input, 5095] [/input, 3212] [/input, 5332] [/input, 2951] [/26, 151] [/input, 4381] [/input, 3759] [/input, 5580] 
best_l after optimization: -72314.1953125
beta sum per layer: [18627.759765625, 21112.91796875, 318.95697021484375]
alpha/beta optimization time: 3.147742748260498
pruning_in_iteration open status: False
ratio of positive domain = 14 / 16384 = 0.0008544921875
pruning-in-iteration extra time: 6.175041198730469e-05
Time: pickout 0.7097    branching_decision 0.0021    decision 0.0021    set_bounds 0.5544    prepare 0.3785    transfer 0.0001    finalize 0.7943    func 4.4417    solve 4.4401    add 0.2966    bab_iteration 5.9771    
Accumulated time: bab_iteration 13.8282    pickout 2.4087    decision 0.0074    branching_decision 0.0071    set_bounds 1.5397    solve 10.4890    func 14.9301    prepare 1.2174    transfer 0.0006    finalize 2.7538    add 0.6363    
max lb 0.4312715530395508 min lb -6.280971527099609
Number of Verified Splits: 14 of 16384
Current worst splitting domains lb-rhs (depth):
-6.28260 (9), -6.28242 (9), -6.28236 (9), -6.28198 (9), -6.28097 (13), -6.28087 (9), -6.28052 (9), -6.28009 (12), -6.27955 (9), -6.27932 (13), -6.27910 (12), -6.27903 (12), -6.27860 (9), -6.27858 (12), -6.27854 (12), -6.27843 (12), -6.27839 (13), -6.27835 (12), -6.27817 (9), -6.27766 (13), 
Current (lb-rhs): -6.282595634460449
53112 domains visited
Length of domains: 26586
Cumulative time: 19.779245376586914

BaB round 11
batch: 8192
splitting decisions: 
split level 0: [/26, 5712] [/input, 5625] [/input, 5027] [/26, 162] [/26, 2122] [/input, 5095] [/input, 5213] [/input, 517] [/26, 1901] [/26, 6218] 
best_l after optimization: -71740.0
beta sum per layer: [20840.296875, 24297.21875, 376.0498352050781]
alpha/beta optimization time: 3.1497552394866943
pruning_in_iteration open status: False
ratio of positive domain = 21 / 16384 = 0.00128173828125
pruning-in-iteration extra time: 7.081031799316406e-05
Time: pickout 0.9463    branching_decision 0.0020    decision 0.0020    set_bounds 0.3624    prepare 0.3828    transfer 0.0001    finalize 1.0471    func 4.6988    solve 4.4417    add 0.1186    bab_iteration 5.8325    
Accumulated time: bab_iteration 19.6607    pickout 3.3550    decision 0.0094    branching_decision 0.0091    set_bounds 1.9021    solve 14.9307    func 19.6289    prepare 1.6002    transfer 0.0007    finalize 3.8009    add 0.7549    
max lb 0.8373641967773438 min lb -6.279322624206543
Number of Verified Splits: 21 of 16384
Current worst splitting domains lb-rhs (depth):
-6.28260 (9), -6.28242 (9), -6.28236 (9), -6.28198 (9), -6.28097 (13), -6.28087 (9), -6.28052 (9), -6.28009 (12), -6.27955 (9), -6.27932 (14), -6.27910 (12), -6.27903 (12), -6.27860 (9), -6.27858 (12), -6.27854 (12), -6.27843 (12), -6.27839 (13), -6.27835 (12), -6.27817 (9), -6.27766 (13), 
Current (lb-rhs): -6.282595634460449
69496 domains visited
Length of domains: 34757
Cumulative time: 25.970525979995728

BaB round 12
batch: 8192
splitting decisions: 
split level 0: [/input, 632] [/input, 124] [/input, 4637] [/input, 2747] [/input, 5418] [/input, 3356] [/input, 358] [/input, 4091] [/26, 3770] [/input, 3216] 
best_l after optimization: -71242.4765625
beta sum per layer: [22997.94140625, 27753.4296875, 385.30487060546875]
alpha/beta optimization time: 3.1496593952178955
pruning_in_iteration open status: False
ratio of positive domain = 14 / 16384 = 0.0008544921875
pruning-in-iteration extra time: 6.175041198730469e-05
Time: pickout 0.7227    branching_decision 0.0020    decision 0.0020    set_bounds 0.6161    prepare 0.3813    transfer 0.0001    finalize 0.7942    func 4.4457    solve 4.6988    add 0.1758    bab_iteration 6.1913    
Accumulated time: bab_iteration 25.8520    pickout 4.0777    decision 0.0114    branching_decision 0.0111    set_bounds 2.5181    solve 19.6295    func 24.0746    prepare 1.9815    transfer 0.0008    finalize 4.5951    add 0.9308    
max lb 0.469484806060791 min lb -6.276614189147949
Number of Verified Splits: 14 of 16384
Current worst splitting domains lb-rhs (depth):
-6.28260 (9), -6.28242 (9), -6.28236 (9), -6.28198 (9), -6.28097 (13), -6.28087 (9), -6.28052 (9), -6.28009 (12), -6.27955 (9), -6.27932 (14), -6.27910 (12), -6.27903 (12), -6.27860 (9), -6.27858 (12), -6.27854 (12), -6.27843 (12), -6.27839 (13), -6.27835 (12), -6.27817 (9), -6.27766 (13), 
Current (lb-rhs): -6.282595634460449
85880 domains visited
Length of domains: 42935
Cumulative time: 31.881525993347168

BaB round 13
batch: 8192
splitting decisions: 
split level 0: [/26, 5914] [/input, 3073] [/input, 5939] [/input, 6166] [/input, 3699] [/input, 3699] [/input, 3531] [/input, 5143] [/26, 5763] [/26, 499] 
best_l after optimization: -70695.328125
beta sum per layer: [25292.9375, 31362.46484375, 413.5718994140625]
alpha/beta optimization time: 3.149014711380005
pruning_in_iteration open status: False
ratio of positive domain = 25 / 16384 = 0.00152587890625
pruning-in-iteration extra time: 6.437301635742188e-05
Time: pickout 1.0220    branching_decision 0.0019    decision 0.0020    set_bounds 0.3620    prepare 0.3810    transfer 0.0001    finalize 0.7945    func 4.7351    solve 4.4458    add 0.1176    bab_iteration 5.9110    
Accumulated time: bab_iteration 31.7630    pickout 5.0997    decision 0.0134    branching_decision 0.0130    set_bounds 2.8802    solve 24.0753    func 28.8097    prepare 2.3625    transfer 0.0009    finalize 5.3896    add 1.0483    
max lb 0.4335360527038574 min lb -6.274605751037598
Number of Verified Splits: 25 of 16384
Current worst splitting domains lb-rhs (depth):
-6.28260 (9), -6.28242 (9), -6.28236 (9), -6.28198 (9), -6.28097 (13), -6.28087 (9), -6.28052 (9), -6.28009 (12), -6.27955 (9), -6.27932 (14), -6.27910 (12), -6.27903 (12), -6.27860 (9), -6.27858 (12), -6.27854 (12), -6.27843 (12), -6.27839 (13), -6.27835 (12), -6.27817 (9), -6.27766 (13), 
Current (lb-rhs): -6.282595634460449
102264 domains visited
Length of domains: 51102
Cumulative time: 38.13379240036011

BaB round 14
batch: 8192
splitting decisions: 
split level 0: [/input, 5268] [/26, 6040] [/input, 2991] [/input, 5874] [/26, 3914] [/26, 3823] [/input, 4197] [/input, 197] [/input, 3780] [/26, 539] 
best_l after optimization: -70195.3671875
beta sum per layer: [27635.046875, 35121.36328125, 356.861083984375]
alpha/beta optimization time: 3.1498684883117676
pruning_in_iteration open status: False
ratio of positive domain = 11 / 16384 = 0.00067138671875
pruning-in-iteration extra time: 6.031990051269531e-05
Time: pickout 0.7462    branching_decision 0.0019    decision 0.0019    set_bounds 0.3652    prepare 0.3811    transfer 0.0001    finalize 1.1308    func 4.7815    solve 4.7351    add 0.1238    bab_iteration 6.2523    
Accumulated time: bab_iteration 38.0152    pickout 5.8459    decision 0.0153    branching_decision 0.0149    set_bounds 3.2454    solve 28.8104    func 33.5912    prepare 2.7436    transfer 0.0010    finalize 6.5204    add 1.1722    
max lb 1.1202068328857422 min lb -6.2679033279418945
Number of Verified Splits: 11 of 16384
Current worst splitting domains lb-rhs (depth):
-6.28260 (9), -6.28242 (9), -6.28236 (9), -6.28198 (9), -6.28097 (13), -6.28087 (9), -6.28052 (9), -6.28009 (12), -6.27955 (9), -6.27932 (14), -6.27910 (12), -6.27903 (12), -6.27860 (9), -6.27858 (12), -6.27854 (12), -6.27843 (12), -6.27839 (13), -6.27835 (12), -6.27817 (9), -6.27766 (13), 
Current (lb-rhs): -6.282595634460449
118648 domains visited
Length of domains: 59283
Cumulative time: 44.163004636764526

BaB round 15
batch: 8192
splitting decisions: 
split level 0: [/input, 3068] [/input, 3321] [/input, 4017] [/input, 3589] [/input, 4432] [/input, 3952] [/input, 5482] [/26, 2569] [/input, 3488] [/26, 284] 
best_l after optimization: -69599.90625
beta sum per layer: [30115.923828125, 39045.5625, 382.8511962890625]
alpha/beta optimization time: 3.151580810546875
pruning_in_iteration open status: False
ratio of positive domain = 10 / 16384 = 0.0006103515625
pruning-in-iteration extra time: 5.817413330078125e-05
Time: pickout 0.7527    branching_decision 0.0020    decision 0.0021    set_bounds 0.3672    prepare 0.3836    transfer 0.0001    finalize 1.1660    func 4.8210    solve 4.7816    add 0.1262    bab_iteration 6.0292    
Accumulated time: bab_iteration 44.0444    pickout 6.5986    decision 0.0174    branching_decision 0.0170    set_bounds 3.6125    solve 33.5920    func 38.4123    prepare 3.1272    transfer 0.0010    finalize 7.6864    add 1.2983    
max lb 0.9650726318359375 min lb -6.266852855682373
Number of Verified Splits: 12 of 16384
Current worst splitting domains lb-rhs (depth):
-6.28260 (9), -6.28242 (9), -6.28236 (9), -6.28198 (9), -6.28097 (13), -6.28087 (9), -6.28052 (9), -6.28009 (12), -6.27955 (9), -6.27932 (14), -6.27910 (12), -6.27903 (12), -6.27860 (9), -6.27858 (12), -6.27854 (12), -6.27843 (12), -6.27839 (13), -6.27835 (12), -6.27817 (9), -6.27766 (13), 
Current (lb-rhs): -6.282595634460449
135032 domains visited
Length of domains: 67463
Time out!!!!!!!!
Result: unknown in 60.7047 seconds

 %%%%%%%%%%%%%%%%%%%%%%%%%%%%%%%%%%% idx: 1, vnnlib ID: 1 %%%%%%%%%%%%%%%%%%%%%%%%%%%%%%%%%%%
Finished vnnlib processing in 0.001595 seconds
Model: BoundedModule(
  (/input-1): BoundInput(name=/input-1, inputs=[], perturbed=True)
  (/shape): BoundBuffers(name=/shape, inputs=[], perturbed=False)
  (/12): BoundParams(name=/12, inputs=[], perturbed=False)
  (/13): BoundParams(name=/13, inputs=[], perturbed=False)
  (/14): BoundParams(name=/14, inputs=[], perturbed=False)
  (/15): BoundParams(name=/15, inputs=[], perturbed=False)
  (/16): BoundParams(name=/16, inputs=[], perturbed=False)
  (/17): BoundParams(name=/17, inputs=[], perturbed=False)
  (/18): BoundParams(name=/18, inputs=[], perturbed=False)
  (/19): BoundParams(name=/19, inputs=[], perturbed=False)
  (/20): BoundParams(name=/20, inputs=[], perturbed=False)
  (/21): BoundParams(name=/21, inputs=[], perturbed=False)
  (/input): BoundConv(name=/input, inputs=[/input-1, /12, /13], perturbed=True)
  (/input-4): BoundRelu(name=/input-4, inputs=[/input], perturbed=True)
  (/24): BoundConv(name=/24, inputs=[/input-4, /14, /15], perturbed=True)
  (/25): BoundConv(name=/25, inputs=[/input-4, /16, /17], perturbed=True)
  (/26): BoundAdd(name=/26, inputs=[/24, /25], perturbed=True)
  (/27): BoundRelu(name=/27, inputs=[/26], perturbed=True)
  (/28): BoundSplit(name=/28, inputs=[/shape], perturbed=False)
  (/29): BoundSplit(name=/29, inputs=[/shape], perturbed=False)
  (/30): BoundConstant(name=/30, value=tensor([0], device='cuda:0'))
  (/31): BoundSqueeze(name=/31, inputs=[/28, /30], perturbed=False)
  (/32): BoundConstant(name=/32, value=tensor([0], device='cuda:0'))
  (/33): BoundSqueeze(name=/33, inputs=[/29, /32], perturbed=False)
  (/34): BoundConstant(name=/34, value=tensor([0], device='cuda:0'))
  (/35): BoundUnsqueeze(name=/35, inputs=[/31, /34], perturbed=False)
  (/36): BoundConstant(name=/36, value=tensor([0], device='cuda:0'))
  (/37): BoundUnsqueeze(name=/37, inputs=[/33, /36], perturbed=False)
  (/38): BoundConcat(name=/38, inputs=[/35, /37], perturbed=False)
  (/39): BoundReshape(name=/39, inputs=[/27, /38], perturbed=True)
  (/input-8): BoundLinear(name=/input-8, inputs=[/39, /18, /19], perturbed=True)
  (/41): BoundRelu(name=/41, inputs=[/input-8], perturbed=True)
  (/42): BoundLinear(name=/42, inputs=[/41, /20, /21], perturbed=True)
)
Original output in the first batch: tensor([[ 2.53831124, -4.02745390,  8.48242760,  1.82294703, -5.04338551,
          3.52124858,  4.29173660, -5.75027752,  1.12449861, -6.97433519]],
       device='cuda:0')
Split layers:
Nonlinear functions:
   BoundRelu(name=/input-4, inputs=[/input], perturbed=True)
   BoundRelu(name=/27, inputs=[/26], perturbed=True)
   BoundRelu(name=/41, inputs=[/input-8], perturbed=True)
build batch [1/1]
layer /input-4 using sparse-features alpha with shape [3647]; unstable size 3647; total size 6272 ([1, 8, 28, 28])
layer /input-4 start_node /26 using sparse-spec alpha [2, 7, 1, 3647] with unstable size 6 total_size 8 output_shape 8
layer /input-4 start_node /input-8 using sparse-spec alpha [2, 20, 1, 3647] with unstable size 19 total_size 64 output_shape torch.Size([64])
layer /input-4 start_node /42 using full alpha [2, 9, 1, 3647] with unstable size None total_size 9 output_shape 9
layer /27 using sparse-features alpha with shape [2317]; unstable size 2317; total size 6272 ([1, 8, 28, 28])
layer /27 start_node /input-8 using sparse-spec alpha [2, 20, 1, 2317] with unstable size 19 total_size 64 output_shape torch.Size([64])
layer /27 start_node /42 using full alpha [2, 9, 1, 2317] with unstable size None total_size 9 output_shape 9
layer /41 using sparse-features alpha with shape [19]; unstable size 19; total size 64 ([1, 64])
layer /41 start_node /42 using full alpha [2, 9, 1, 19] with unstable size None total_size 9 output_shape 9
Optimizable variables initialized.
initial CROWN bounds (first 10 items): [-8.39980697631836, -0.9050126075744629, -5.7577691078186035, -0.5120654106140137, -9.190962791442871, -8.947527885437012, -1.3575162887573242, -6.637092590332031, -1.1242399215698242]
prune_after_crown optimization in use
  original spec size = torch.Size([1, 9])
  pruned spec size = torch.Size([1, 9])
Using alpha-CROWN to initialize bounds.
best_l after optimization: -35.75587844848633
alpha/beta optimization time: 1.6047985553741455
initial alpha-crown bounds (first 10 items): [-7.539671421051025, -0.1223597526550293, -5.1536431312561035, 0.338925838470459, -8.408823013305664, -8.206815719604492, -0.613377571105957, -5.8220977783203125, -0.22801494598388672]
Global lower bound: -8.408823013305664
1 / 9 OR specs are verified.
Verified OR indices (first 10 items): [3]
Verified OR lbs (first 10 items): [[0.338925838470459]]
Unverified OR indices (first 10 items): [0, 1, 2, 4, 5, 6, 7, 8]
Unverified OR lbs (first 10 items): [[-7.539671421051025], [-0.1223597526550293], [-5.1536431312561035], [-8.408823013305664], [-8.206815719604492], [-0.613377571105957], [-5.8220977783203125], [-0.22801494598388672]]
###### Verifying property Instance 1 ######
Batch size: 8
First 10 spec matrices
C: tensor([[[-1.,  0.,  1.,  0.,  0.,  0.,  0.,  0.,  0.,  0.]],

        [[ 0., -1.,  1.,  0.,  0.,  0.,  0.,  0.,  0.,  0.]],

        [[ 0.,  0.,  1., -1.,  0.,  0.,  0.,  0.,  0.,  0.]],

        [[ 0.,  0.,  1.,  0.,  0., -1.,  0.,  0.,  0.,  0.]],

        [[ 0.,  0.,  1.,  0.,  0.,  0., -1.,  0.,  0.,  0.]],

        [[ 0.,  0.,  1.,  0.,  0.,  0.,  0., -1.,  0.,  0.]],

        [[ 0.,  0.,  1.,  0.,  0.,  0.,  0.,  0., -1.,  0.]],

        [[ 0.,  0.,  1.,  0.,  0.,  0.,  0.,  0.,  0., -1.]]], device='cuda:0')
RHS: tensor([[0.],
        [0.],
        [0.],
        [0.],
        [0.],
        [0.],
        [0.],
        [0.]], device='cuda:0')
OR spec sizes: tensor([1, 1, 1, 1, 1, 1, 1, 1], device='cuda:0', dtype=torch.int32)
Remaining timeout: 57.91756582260132
Model prediction is: tensor([ 2.53831124, -4.02745390,  8.48242760,  1.82294703, -5.04338551,
         3.52124858,  4.29173660, -5.75027752,  1.12449861, -6.97433519],
       device='cuda:0')
Activation BaB batch 1/1 
build_with_refined_bounds batch [1/1]
Optimizable variables initialized.
all alpha initialized
directly get lb and ub from refined bounds
c shape: torch.Size([8, 1, 10])
lA shapes: [torch.Size([8, 1, 8, 28, 28]), torch.Size([8, 1, 8, 28, 28]), torch.Size([8, 1, 64])]
(alpha-)CROWN with fixed intermediate bounds: tensor([[-7.53967142],
        [-0.12235975],
        [-5.15364313],
        [-8.40882301],
        [-8.20681572],
        [-0.61337757],
        [-5.82209778],
        [-0.22801495]], device='cuda:0') tensor([[inf],
        [inf],
        [inf],
        [inf],
        [inf],
        [inf],
        [inf],
        [inf]], device='cuda:0')
Intermediate layers: /input,/26,/input-8
Keeping alphas for these layers: ['/42']
Node /input-4 input 0: size torch.Size([8, 28, 28]) unstable 3647
Node /27 input 0: size torch.Size([8, 28, 28]) unstable 2246
Node /41 input 0: size torch.Size([64]) unstable 19
-----------------
# of unstable neurons: 5912
-----------------

BaB round 1
batch: 8
splitting decisions: 
split level 0: [/input, 344] [/input, 5853] [/input, 3365] [/26, 1883] [/input, 3631] [/input, 5542] [/input, 3804] [/26, 3] 
split level 1: [/input, 5930] [/26, 1621] [/26, 1938] [/26, 2049] [/26, 593] [/input, 696] [/input, 6133] [/26, 5500] 
split level 2: [/input, 2679] [/input, 3614] [/26, 3187] [/26, 2064] [/input, 3099] [/input, 3211] [/input, 4329] [/input, 213] 
split level 3: [/input, 4666] [/input, 678] [/26, 2057] [/input, 5563] [/input, 5826] [/26, 3637] [/input, 4811] [/input, 5263] 
best_l after optimization: -573.3887939453125
beta sum per layer: [27.173526763916016, 22.377437591552734, 0.0]
alpha/beta optimization time: 0.13581132888793945
pruning_in_iteration open status: False
ratio of positive domain = 0 / 128 = 0.0
pruning-in-iteration extra time: 5.2928924560546875e-05
Time: pickout 0.0036    branching_decision 0.0001    decision 0.0001    set_bounds 0.0057    prepare 0.0018    transfer 0.0000    finalize 0.0054    func 0.1474    
Accumulated time: bab_iteration 0.0000    pickout 0.0036    decision 0.0001    branching_decision 0.0001    set_bounds 0.0057    solve 0.0000    func 0.1474    prepare 0.0018    transfer 0.0000    finalize 0.0054    
max lb -0.1006002426147461 min lb -8.404986381530762
Number of Verified Splits: 0 of 128
Current worst splitting domains lb-rhs (depth):
-8.40499 (4), -8.40496 (4), -8.40190 (4), -8.40187 (4), -8.40128 (4), -8.40126 (4), -8.39823 (4), -8.39820 (4), -8.20462 (4), -8.20445 (4), -8.20276 (4), -8.20260 (4), -8.19973 (4), -8.19956 (4), -8.19954 (4), -8.19953 (4), -8.19787 (4), -8.19771 (4), -8.19741 (4), -8.19737 (4), 
Current (lb-rhs): -8.404986381530762
128 domains visited
Length of domains: 128
Cumulative time: 0.18236351013183594

BaB round 2
batch: 128
splitting decisions: 
split level 0: [/input, 604] [/26, 3360] [/input, 6102] [/input, 4414] [/input, 5153] [/26, 385] [/input, 5364] [/26, 170] [/26, 5924] [/input, 3078] 
best_l after optimization: -1142.107177734375
beta sum per layer: [78.8541259765625, 75.26771545410156, 0.0]
alpha/beta optimization time: 0.13315677642822266
pruning_in_iteration open status: False
ratio of positive domain = 2 / 256 = 0.0078125
pruning-in-iteration extra time: 5.650520324707031e-05
Time: pickout 0.0106    branching_decision 0.0001    decision 0.0001    set_bounds 0.0060    prepare 0.0056    transfer 0.0001    finalize 0.0101    func 0.1540    solve 0.1474    add 0.0016    bab_iteration 0.1586    
Accumulated time: bab_iteration 0.1586    pickout 0.0143    decision 0.0002    branching_decision 0.0002    set_bounds 0.0117    solve 0.1474    func 0.3014    prepare 0.0075    transfer 0.0001    finalize 0.0156    add 0.0016    
max lb 0.037014007568359375 min lb -8.404947280883789
Number of Verified Splits: 2 of 256
Current worst splitting domains lb-rhs (depth):
-8.40495 (5), -8.40474 (5), -8.40268 (5), -8.40180 (5), -8.40176 (5), -8.40133 (5), -8.40039 (5), -8.40028 (5), -8.39758 (5), -8.39701 (5), -8.39498 (5), -8.35208 (5), -8.34105 (5), -8.30448 (5), -8.30124 (5), -8.20445 (5), -8.20405 (5), -8.20228 (5), -8.20226 (5), -8.20223 (5), 
Current (lb-rhs): -8.404947280883789
384 domains visited
Length of domains: 254
Cumulative time: 0.3553581237792969

BaB round 3
batch: 254
splitting decisions: 
split level 0: [/input, 5805] [/input, 5763] [/26, 778] [/input, 768] [/26, 219] [/input, 505] [/input, 5014] [/input, 3888] [/input, 4183] [/26, 2219] 
best_l after optimization: -2275.193603515625
beta sum per layer: [210.96279907226562, 188.45419311523438, 0.1499348282814026]
alpha/beta optimization time: 0.1427912712097168
pruning_in_iteration open status: False
ratio of positive domain = 8 / 508 = 0.015748031496062964
pruning-in-iteration extra time: 5.412101745605469e-05
Time: pickout 0.0202    branching_decision 0.0001    decision 0.0002    set_bounds 0.0116    prepare 0.0111    transfer 0.0000    finalize 0.0199    func 0.1810    solve 0.1541    add 0.0020    bab_iteration 0.1730    
Accumulated time: bab_iteration 0.3316    pickout 0.0345    decision 0.0004    branching_decision 0.0003    set_bounds 0.0233    solve 0.3014    func 0.4824    prepare 0.0186    transfer 0.0001    finalize 0.0354    add 0.0036    
max lb 0.05880403518676758 min lb -8.404895782470703
Number of Verified Splits: 8 of 508
Current worst splitting domains lb-rhs (depth):
-8.40490 (6), -8.40460 (6), -8.40245 (6), -8.40169 (6), -8.40150 (6), -8.40101 (6), -8.40042 (6), -8.39967 (6), -8.39962 (6), -8.39941 (6), -8.39722 (6), -8.39665 (6), -8.39585 (6), -8.39464 (6), -8.39462 (6), -8.39420 (6), -8.39159 (6), -8.38879 (6), -8.38806 (6), -8.37859 (6), 
Current (lb-rhs): -8.404895782470703
892 domains visited
Length of domains: 500
Cumulative time: 0.5730512142181396

BaB round 4
batch: 500
splitting decisions: 
split level 0: [/26, 6217] [/26, 724] [/input, 192] [/input, 3852] [/input, 4037] [/26, 5526] [/input, 4570] [/input, 2741] [/input, 2625] [/input-8, 33] 
best_l after optimization: -4533.93115234375
beta sum per layer: [523.9727783203125, 445.5817565917969, 0.8633767366409302]
alpha/beta optimization time: 0.17170071601867676
pruning_in_iteration open status: False
ratio of positive domain = 11 / 1000 = 0.01100000000000001
pruning-in-iteration extra time: 5.602836608886719e-05
Time: pickout 0.0410    branching_decision 0.0002    decision 0.0002    set_bounds 0.0224    prepare 0.0219    transfer 0.0000    finalize 0.0446    func 0.2492    solve 0.1811    add 0.0044    bab_iteration 0.2177    
Accumulated time: bab_iteration 0.5493    pickout 0.0754    decision 0.0006    branching_decision 0.0005    set_bounds 0.0457    solve 0.4825    func 0.7316    prepare 0.0405    transfer 0.0002    finalize 0.0800    add 0.0080    
max lb 1.4622764587402344 min lb -8.404874801635742
Number of Verified Splits: 11 of 1000
Current worst splitting domains lb-rhs (depth):
-8.40487 (7), -8.40463 (7), -8.40441 (7), -8.40438 (7), -8.40231 (7), -8.40215 (7), -8.40156 (7), -8.40150 (7), -8.40150 (7), -8.40101 (7), -8.40092 (7), -8.40003 (7), -8.39969 (7), -8.39936 (7), -8.39895 (7), -8.39748 (7), -8.39711 (7), -8.39687 (7), -8.39665 (7), -8.39633 (7), 
Current (lb-rhs): -8.404874801635742
1892 domains visited
Length of domains: 989
Cumulative time: 0.8942527770996094

BaB round 5
batch: 989
splitting decisions: 
split level 0: [/input, 1391] [/26, 258] [/input, 4128] [/26, 776] [/26, 495] [/input, 6008] [/input, 2750] [/26, 1736] [/input, 5869] [/26, 2031] 
best_l after optimization: -9031.263671875
beta sum per layer: [1255.880859375, 1060.2589111328125, 2.325983762741089]
alpha/beta optimization time: 0.348372220993042
pruning_in_iteration open status: False
ratio of positive domain = 23 / 1978 = 0.011627906976744207
pruning-in-iteration extra time: 5.364418029785156e-05
Time: pickout 0.0793    branching_decision 0.0004    decision 0.0004    set_bounds 0.0442    prepare 0.0436    transfer 0.0000    finalize 0.0894    func 0.4999    solve 0.2493    add 0.0080    bab_iteration 0.3212    
Accumulated time: bab_iteration 0.8705    pickout 0.1547    decision 0.0010    branching_decision 0.0009    set_bounds 0.0899    solve 0.7318    func 1.2315    prepare 0.0841    transfer 0.0002    finalize 0.1694    add 0.0160    
max lb 0.7023324966430664 min lb -8.404891014099121
Number of Verified Splits: 23 of 1978
Current worst splitting domains lb-rhs (depth):
-8.40487 (8), -8.40484 (8), -8.40457 (8), -8.40450 (8), -8.40438 (8), -8.40436 (8), -8.40434 (8), -8.40215 (8), -8.40214 (8), -8.40150 (8), -8.40150 (8), -8.40116 (8), -8.40095 (8), -8.40089 (8), -8.40048 (8), -8.39979 (8), -8.39894 (8), -8.39894 (8), -8.39856 (8), -8.39839 (8), 
Current (lb-rhs): -8.404874801635742
3870 domains visited
Length of domains: 1955
Cumulative time: 1.534726858139038

BaB round 6
batch: 1955
splitting decisions: 
split level 0: [/26, 6169] [/input, 5164] [/26, 2274] [/input, 5502] [/input, 3069] [/input, 3422] [/input, 4314] [/input, 5935] [/26, 2930] [/input, 5966] 
best_l after optimization: -17987.86328125
beta sum per layer: [2881.80859375, 2479.15771484375, 6.3230133056640625]
alpha/beta optimization time: 0.781226396560669
pruning_in_iteration open status: False
ratio of positive domain = 48 / 3910 = 0.012276214833759624
pruning-in-iteration extra time: 7.2479248046875e-05
Time: pickout 0.1593    branching_decision 0.0007    decision 0.0007    set_bounds 0.0867    prepare 0.0881    transfer 0.0000    finalize 0.3066    func 1.2095    solve 0.4999    add 0.0162    bab_iteration 0.6405    
Accumulated time: bab_iteration 1.5109    pickout 0.3140    decision 0.0017    branching_decision 0.0016    set_bounds 0.1766    solve 1.2317    func 2.4410    prepare 0.1722    transfer 0.0003    finalize 0.4760    add 0.0322    
max lb 1.0411062240600586 min lb -8.404844284057617
Number of Verified Splits: 50 of 3910
Current worst splitting domains lb-rhs (depth):
-8.40484 (9), -8.40457 (9), -8.40450 (9), -8.40444 (9), -8.40434 (9), -8.40429 (9), -8.40409 (9), -8.40359 (9), -8.40355 (9), -8.40277 (9), -8.40202 (9), -8.40150 (9), -8.40137 (9), -8.40116 (9), -8.40115 (9), -8.40096 (9), -8.40087 (9), -8.40064 (9), -8.40055 (9), -8.40019 (9), 
Current (lb-rhs): -8.404844284057617
7780 domains visited
Length of domains: 3860
Cumulative time: 3.020665168762207

BaB round 7
batch: 2048
splitting decisions: 
split level 0: [/input, 2580] [/26, 1597] [/input, 305] [/input, 3228] [/input, 222] [/input, 1411] [/26, 6242] [/26, 2255] [/26, 750] [/input, 278] 
best_l after optimization: -19077.50390625
beta sum per layer: [3548.738525390625, 3232.07470703125, 9.269525527954102]
alpha/beta optimization time: 0.8145942687988281
pruning_in_iteration open status: False
ratio of positive domain = 52 / 4096 = 0.0126953125
pruning-in-iteration extra time: 5.53131103515625e-05
Time: pickout 0.1684    branching_decision 0.0006    decision 0.0006    set_bounds 0.0903    prepare 0.0923    transfer 0.0000    finalize 0.1708    func 1.1121    solve 1.2096    add 0.0282    bab_iteration 1.4859    
Accumulated time: bab_iteration 2.9969    pickout 0.4824    decision 0.0023    branching_decision 0.0022    set_bounds 0.2670    solve 2.4413    func 3.5531    prepare 0.2645    transfer 0.0003    finalize 0.6468    add 0.0604    
max lb 1.0945024490356445 min lb -8.404277801513672
Number of Verified Splits: 53 of 4096
Current worst splitting domains lb-rhs (depth):
-8.40484 (9), -8.40457 (9), -8.40450 (9), -8.40434 (9), -8.40428 (10), -8.40425 (10), -8.40425 (10), -8.40409 (9), -8.40359 (9), -8.40352 (10), -8.40283 (10), -8.40277 (9), -8.40202 (9), -8.40150 (9), -8.40137 (9), -8.40116 (9), -8.40115 (9), -8.40055 (9), -8.40055 (10), -8.40052 (10), 
Current (lb-rhs): -8.404844284057617
11876 domains visited
Length of domains: 5855
current_vram/total_varm: 11.7GB/47.7GB, batch_size increase to 4096
Cumulative time: 4.4321064949035645

BaB round 8
batch: 4096
splitting decisions: 
split level 0: [/input, 5238] [/input, 3639] [/26, 249] [/input, 6214] [/input, 1271] [/input, 5420] [/26, 3453] [/26, 2128] [/input, 4651] [/26, 1815] 
best_l after optimization: -38473.5234375
beta sum per layer: [8041.5146484375, 7294.720703125, 25.696487426757812]
alpha/beta optimization time: 1.5613501071929932
pruning_in_iteration open status: False
ratio of positive domain = 110 / 8192 = 0.013427734375
pruning-in-iteration extra time: 6.747245788574219e-05
Time: pickout 0.4834    branching_decision 0.0011    decision 0.0011    set_bounds 0.1833    prepare 0.1869    transfer 0.0001    finalize 0.3877    func 2.2002    solve 1.1121    add 0.0385    bab_iteration 1.4114    
Accumulated time: bab_iteration 4.4083    pickout 0.9658    decision 0.0033    branching_decision 0.0032    set_bounds 0.4503    solve 3.5534    func 5.7533    prepare 0.4514    transfer 0.0004    finalize 1.0346    add 0.0988    
max lb 0.8412599563598633 min lb -8.404247283935547
Number of Verified Splits: 112 of 8192
Current worst splitting domains lb-rhs (depth):
-8.40484 (9), -8.40457 (9), -8.40450 (9), -8.40434 (9), -8.40425 (11), -8.40419 (11), -8.40409 (9), -8.40359 (9), -8.40352 (11), -8.40336 (11), -8.40312 (11), -8.40277 (9), -8.40274 (11), -8.40246 (11), -8.40202 (9), -8.40150 (9), -8.40137 (9), -8.40116 (9), -8.40115 (9), -8.40055 (9), 
Current (lb-rhs): -8.404844284057617
20068 domains visited
Length of domains: 9839
current_vram/total_varm: 20.6GB/47.7GB, batch_size increase to 8192
Cumulative time: 7.548893213272095

BaB round 9
batch: 8192
splitting decisions: 
split level 0: [/26, 275] [/input, 4189] [/26, 3392] [/input, 2440] [/input, 3306] [/26, 1601] [/input, 5923] [/26, 2129] [/input, 4050] [/26, 5629] 
best_l after optimization: -77651.5390625
beta sum per layer: [18095.40625, 16459.81640625, 59.326881408691406]
alpha/beta optimization time: 3.0954763889312744
pruning_in_iteration open status: False
ratio of positive domain = 264 / 16384 = 0.01611328125
pruning-in-iteration extra time: 6.031990051269531e-05
Time: pickout 0.6910    branching_decision 0.0022    decision 0.0022    set_bounds 0.5474    prepare 0.3780    transfer 0.0002    finalize 0.7615    func 4.5496    solve 2.2003    add 0.2461    bab_iteration 3.1168    
Accumulated time: bab_iteration 7.5251    pickout 1.6568    decision 0.0055    branching_decision 0.0054    set_bounds 0.9977    solve 5.7537    func 10.3029    prepare 0.8294    transfer 0.0006    finalize 1.7961    add 0.3449    
max lb 2.020289897918701 min lb -8.404163360595703
Number of Verified Splits: 279 of 16384
Current worst splitting domains lb-rhs (depth):
-8.40484 (9), -8.40457 (9), -8.40450 (9), -8.40434 (9), -8.40416 (12), -8.40409 (9), -8.40359 (9), -8.40352 (12), -8.40324 (12), -8.40317 (12), -8.40305 (12), -8.40277 (9), -8.40268 (12), -8.40234 (12), -8.40202 (9), -8.40150 (9), -8.40137 (9), -8.40116 (9), -8.40115 (9), -8.40055 (9), 
Current (lb-rhs): -8.404844284057617
36452 domains visited
Length of domains: 17752
Cumulative time: 13.462351322174072

BaB round 10
batch: 8192
splitting decisions: 
split level 0: [/26, 278] [/input, 5717] [/input, 2722] [/input, 3600] [/input, 5298] [/26, 480] [/26, 5906] [/26, 1620] [/26, 5564] [/input, 6254] 
best_l after optimization: -78996.3828125
beta sum per layer: [20229.9765625, 19367.078125, 81.89108276367188]
alpha/beta optimization time: 3.09179949760437
pruning_in_iteration open status: False
ratio of positive domain = 262 / 16384 = 0.0159912109375
pruning-in-iteration extra time: 8.559226989746094e-05
Time: pickout 0.7092    branching_decision 0.0020    decision 0.0020    set_bounds 0.5802    prepare 0.3810    transfer 0.0001    finalize 0.7577    func 4.3498    solve 4.5496    add 0.1186    bab_iteration 5.9135    
Accumulated time: bab_iteration 13.4385    pickout 2.3661    decision 0.0075    branching_decision 0.0074    set_bounds 1.5779    solve 10.3033    func 14.6527    prepare 1.2104    transfer 0.0007    finalize 2.5538    add 0.4635    
max lb 2.1987485885620117 min lb -8.403467178344727
Number of Verified Splits: 275 of 16384
Current worst splitting domains lb-rhs (depth):
-8.40484 (9), -8.40457 (9), -8.40450 (9), -8.40434 (9), -8.40416 (12), -8.40409 (9), -8.40359 (9), -8.40352 (12), -8.40324 (13), -8.40324 (13), -8.40317 (12), -8.40305 (12), -8.40277 (9), -8.40256 (13), -8.40234 (12), -8.40202 (9), -8.40150 (9), -8.40137 (9), -8.40116 (9), -8.40115 (9), 
Current (lb-rhs): -8.404844284057617
52836 domains visited
Length of domains: 25669
Cumulative time: 19.218864679336548

BaB round 11
batch: 8192
splitting decisions: 
split level 0: [/26, 3903] [/26, 2287] [/26, 1741] [/input, 1133] [/input, 5232] [/input, 2813] [/26, 3723] [/26, 215] [/26, 288] [/input, 5539] 
best_l after optimization: -80274.6875
beta sum per layer: [22638.37890625, 22468.18359375, 111.13390350341797]
alpha/beta optimization time: 3.0942625999450684
pruning_in_iteration open status: False
ratio of positive domain = 241 / 16384 = 0.01470947265625
pruning-in-iteration extra time: 8.130073547363281e-05
Time: pickout 0.9668    branching_decision 0.0020    decision 0.0021    set_bounds 0.3643    prepare 0.3799    transfer 0.0001    finalize 1.0153    func 4.6095    solve 4.3499    add 0.1100    bab_iteration 5.7565    
Accumulated time: bab_iteration 19.1950    pickout 3.3328    decision 0.0096    branching_decision 0.0094    set_bounds 1.9422    solve 14.6532    func 19.2622    prepare 1.5904    transfer 0.0008    finalize 3.5691    add 0.5735    
max lb 2.360797882080078 min lb -8.402767181396484
Number of Verified Splits: 252 of 16384
Current worst splitting domains lb-rhs (depth):
-8.40484 (9), -8.40457 (9), -8.40450 (9), -8.40434 (9), -8.40416 (12), -8.40409 (9), -8.40359 (9), -8.40352 (12), -8.40324 (13), -8.40317 (12), -8.40305 (12), -8.40277 (14), -8.40277 (9), -8.40235 (14), -8.40234 (12), -8.40202 (9), -8.40150 (9), -8.40137 (9), -8.40116 (9), -8.40115 (9), 
Current (lb-rhs): -8.404844284057617
69220 domains visited
Length of domains: 33609
Cumulative time: 25.326557874679565

BaB round 12
batch: 8192
splitting decisions: 
split level 0: [/input, 474] [/26, 501] [/input, 358] [/input, 3965] [/26, 5900] [/26, 3250] [/input, 1243] [/26, 5950] [/input, 5542] [/input, 561] 
best_l after optimization: -81383.9765625
beta sum per layer: [25018.130859375, 25760.400390625, 145.91107177734375]
alpha/beta optimization time: 3.092618942260742
pruning_in_iteration open status: False
ratio of positive domain = 251 / 16384 = 0.01531982421875
pruning-in-iteration extra time: 5.936622619628906e-05
Time: pickout 0.7100    branching_decision 0.0020    decision 0.0021    set_bounds 0.6475    prepare 0.3801    transfer 0.0001    finalize 0.7600    func 4.3505    solve 4.6096    add 0.1592    bab_iteration 6.1077    
Accumulated time: bab_iteration 25.3027    pickout 4.0428    decision 0.0117    branching_decision 0.0114    set_bounds 2.5897    solve 19.2627    func 23.6127    prepare 1.9704    transfer 0.0009    finalize 4.3291    add 0.7327    
max lb 2.4047317504882812 min lb -8.402765274047852
Number of Verified Splits: 259 of 16384
Current worst splitting domains lb-rhs (depth):
-8.40484 (9), -8.40457 (9), -8.40450 (9), -8.40434 (9), -8.40416 (12), -8.40409 (9), -8.40359 (9), -8.40352 (12), -8.40324 (13), -8.40317 (12), -8.40305 (12), -8.40277 (15), -8.40277 (9), -8.40235 (14), -8.40234 (12), -8.40202 (9), -8.40150 (9), -8.40137 (9), -8.40116 (9), -8.40115 (9), 
Current (lb-rhs): -8.404844284057617
85604 domains visited
Length of domains: 41542
Cumulative time: 31.155485153198242

BaB round 13
batch: 8192
splitting decisions: 
split level 0: [/input, 3821] [/26, 664] [/input, 5146] [/26, 5598] [/26, 6167] [/26, 6134] [/input, 5124] [/26, 3521] [/26, 2064] [/input, 3834] 
best_l after optimization: -82709.34375
beta sum per layer: [27537.08203125, 29470.423828125, 154.55056762695312]
alpha/beta optimization time: 3.0926756858825684
pruning_in_iteration open status: False
ratio of positive domain = 221 / 16384 = 0.01348876953125
pruning-in-iteration extra time: 6.246566772460938e-05
Time: pickout 1.0368    branching_decision 0.0020    decision 0.0020    set_bounds 0.3667    prepare 0.3802    transfer 0.0001    finalize 0.7619    func 4.3529    solve 4.3506    add 0.1123    bab_iteration 5.8289    
Accumulated time: bab_iteration 31.1317    pickout 5.0796    decision 0.0136    branching_decision 0.0134    set_bounds 2.9564    solve 23.6133    func 27.9656    prepare 2.3506    transfer 0.0009    finalize 5.0910    add 0.8450    
max lb 2.1615328788757324 min lb -8.397735595703125
Number of Verified Splits: 233 of 16384
Current worst splitting domains lb-rhs (depth):
-8.40484 (9), -8.40457 (9), -8.40450 (9), -8.40434 (9), -8.40416 (12), -8.40409 (9), -8.40359 (9), -8.40352 (12), -8.40324 (13), -8.40317 (12), -8.40305 (12), -8.40277 (15), -8.40277 (9), -8.40235 (14), -8.40234 (12), -8.40202 (9), -8.40150 (9), -8.40137 (9), -8.40116 (9), -8.40115 (9), 
Current (lb-rhs): -8.404844284057617
101988 domains visited
Length of domains: 49501
Cumulative time: 37.353893518447876

BaB round 14
batch: 8192
splitting decisions: 
split level 0: [/input, 3218] [/input, 3718] [/26, 1572] [/26, 1793] [/input, 3200] [/input, 4964] [/input, 4795] [/input, 6260] [/26, 778] [/input, 4198] 
best_l after optimization: -83735.3046875
beta sum per layer: [30208.146484375, 33205.06640625, 171.82916259765625]
alpha/beta optimization time: 3.0938985347747803
pruning_in_iteration open status: False
ratio of positive domain = 244 / 16384 = 0.014892578125
pruning-in-iteration extra time: 6.794929504394531e-05
Time: pickout 0.7217    branching_decision 0.0020    decision 0.0020    set_bounds 0.3657    prepare 0.3801    transfer 0.0001    finalize 1.1466    func 4.7384    solve 4.3530    add 0.4328    bab_iteration 6.1984    
Accumulated time: bab_iteration 37.3301    pickout 5.8013    decision 0.0156    branching_decision 0.0154    set_bounds 3.3222    solve 27.9663    func 32.7040    prepare 2.7307    transfer 0.0010    finalize 6.2376    add 1.2778    
max lb 1.870854377746582 min lb -8.397096633911133
Number of Verified Splits: 259 of 16384
Current worst splitting domains lb-rhs (depth):
-8.40484 (9), -8.40457 (9), -8.40450 (9), -8.40434 (9), -8.40416 (12), -8.40409 (9), -8.40359 (9), -8.40352 (12), -8.40324 (13), -8.40317 (12), -8.40305 (12), -8.40277 (9), -8.40277 (15), -8.40235 (14), -8.40234 (12), -8.40202 (9), -8.40150 (9), -8.40137 (9), -8.40116 (9), -8.40115 (9), 
Current (lb-rhs): -8.404844284057617
118372 domains visited
Length of domains: 57434
Cumulative time: 43.307005643844604

BaB round 15
batch: 8192
splitting decisions: 
split level 0: [/26, 2835] [/26, 3702] [/input, 372] [/input, 5827] [/input, 5875] [/input, 5829] [/26, 3912] [/26, 3360] [/input, 2461] [/input, 5660] 
best_l after optimization: -84915.4375
beta sum per layer: [32895.2109375, 37387.9375, 212.68995666503906]
alpha/beta optimization time: 3.093930959701538
pruning_in_iteration open status: False
ratio of positive domain = 243 / 16384 = 0.01483154296875
pruning-in-iteration extra time: 8.249282836914062e-05
Time: pickout 0.7399    branching_decision 0.0019    decision 0.0019    set_bounds 0.3684    prepare 0.3803    transfer 0.0001    finalize 1.1834    func 4.7756    solve 4.7385    add 0.1177    bab_iteration 5.9531    
Accumulated time: bab_iteration 43.2832    pickout 6.5412    decision 0.0175    branching_decision 0.0173    set_bounds 3.6906    solve 32.7047    func 37.4797    prepare 3.1110    transfer 0.0011    finalize 7.4209    add 1.3955    
max lb 1.9708590507507324 min lb -8.393983840942383
Number of Verified Splits: 254 of 16384
Current worst splitting domains lb-rhs (depth):
-8.40484 (9), -8.40457 (9), -8.40450 (9), -8.40434 (9), -8.40416 (12), -8.40409 (9), -8.40359 (9), -8.40352 (12), -8.40324 (13), -8.40317 (12), -8.40305 (12), -8.40277 (9), -8.40277 (15), -8.40235 (14), -8.40234 (12), -8.40202 (9), -8.40150 (9), -8.40137 (9), -8.40116 (9), -8.40115 (9), 
Current (lb-rhs): -8.404844284057617
134756 domains visited
Length of domains: 65372
Cumulative time: 49.319589376449585

BaB round 16
batch: 8192
splitting decisions: 
split level 0: [/input, 726] [/input, 199] [/input, 5147] [/input, 4265] [/input, 2850] [/input, 6237] [/input, 4099] [/input, 5454] [/26, 672] [/input, 3973] 
best_l after optimization: -86075.3046875
beta sum per layer: [35732.9453125, 41711.9453125, 251.16299438476562]
alpha/beta optimization time: 3.0955326557159424
pruning_in_iteration open status: False
ratio of positive domain = 210 / 16384 = 0.0128173828125
pruning-in-iteration extra time: 5.984306335449219e-05
Time: pickout 0.7281    branching_decision 0.0019    decision 0.0020    set_bounds 0.3663    prepare 0.3820    transfer 0.0001    finalize 1.2351    func 4.8310    solve 4.7757    add 0.1183    bab_iteration 6.0126    
Accumulated time: bab_iteration 49.2957    pickout 7.2694    decision 0.0195    branching_decision 0.0192    set_bounds 4.0569    solve 37.4804    func 42.3106    prepare 3.4930    transfer 0.0012    finalize 8.6560    add 1.5138    
max lb 1.71846342086792 min lb -8.391799926757812
Number of Verified Splits: 226 of 16384
Current worst splitting domains lb-rhs (depth):
-8.40484 (9), -8.40457 (9), -8.40450 (9), -8.40434 (9), -8.40416 (12), -8.40409 (9), -8.40359 (9), -8.40352 (12), -8.40324 (13), -8.40317 (12), -8.40305 (12), -8.40277 (15), -8.40277 (9), -8.40235 (14), -8.40234 (12), -8.40202 (9), -8.40150 (9), -8.40137 (9), -8.40116 (9), -8.40115 (9), 
Current (lb-rhs): -8.404844284057617
151140 domains visited
Length of domains: 73338
Cumulative time: 55.54810404777527

BaB round 17
batch: 8192
splitting decisions: 
split level 0: [/input, 5382] [/input, 5048] [/input, 5183] [/input, 3280] [/26, 3558] [/input, 5012] [/input, 6041] [/input, 3201] [/input, 3499] [/input, 2807] 
best_l after optimization: -87008.328125
beta sum per layer: [38900.9375, 46285.34375, 294.1900634765625]
alpha/beta optimization time: 3.095198154449463
pruning_in_iteration open status: False
ratio of positive domain = 224 / 16384 = 0.013671875
pruning-in-iteration extra time: 6.175041198730469e-05
Time: pickout 0.7295    branching_decision 0.0020    decision 0.0021    set_bounds 0.3656    prepare 0.3818    transfer 0.0001    finalize 0.7651    func 4.8793    solve 4.8310    add 0.2918    bab_iteration 6.2285    
Accumulated time: bab_iteration 55.5243    pickout 7.9988    decision 0.0215    branching_decision 0.0212    set_bounds 4.4226    solve 42.3114    func 47.1899    prepare 3.8748    transfer 0.0013    finalize 9.4211    add 1.8056    
max lb 2.189174175262451 min lb -8.391799926757812
Number of Verified Splits: 238 of 16384
Current worst splitting domains lb-rhs (depth):
-8.40484 (9), -8.40457 (9), -8.40450 (9), -8.40434 (9), -8.40416 (12), -8.40409 (9), -8.40359 (9), -8.40352 (12), -8.40324 (13), -8.40317 (12), -8.40305 (12), -8.40277 (9), -8.40277 (15), -8.40235 (14), -8.40234 (12), -8.40202 (9), -8.40150 (9), -8.40137 (9), -8.40116 (9), -8.40115 (9), 
Current (lb-rhs): -8.404844284057617
167524 domains visited
Length of domains: 81292
Time out!!!!!!!!
Result: unknown in 64.0274 seconds

 %%%%%%%%%%%%%%%%%%%%%%%%%%%%%%%%%%% idx: 2, vnnlib ID: 2 %%%%%%%%%%%%%%%%%%%%%%%%%%%%%%%%%%%
Finished vnnlib processing in 0.001622 seconds
Model: BoundedModule(
  (/input-1): BoundInput(name=/input-1, inputs=[], perturbed=True)
  (/shape): BoundBuffers(name=/shape, inputs=[], perturbed=False)
  (/12): BoundParams(name=/12, inputs=[], perturbed=False)
  (/13): BoundParams(name=/13, inputs=[], perturbed=False)
  (/14): BoundParams(name=/14, inputs=[], perturbed=False)
  (/15): BoundParams(name=/15, inputs=[], perturbed=False)
  (/16): BoundParams(name=/16, inputs=[], perturbed=False)
  (/17): BoundParams(name=/17, inputs=[], perturbed=False)
  (/18): BoundParams(name=/18, inputs=[], perturbed=False)
  (/19): BoundParams(name=/19, inputs=[], perturbed=False)
  (/20): BoundParams(name=/20, inputs=[], perturbed=False)
  (/21): BoundParams(name=/21, inputs=[], perturbed=False)
  (/input): BoundConv(name=/input, inputs=[/input-1, /12, /13], perturbed=True)
  (/input-4): BoundRelu(name=/input-4, inputs=[/input], perturbed=True)
  (/24): BoundConv(name=/24, inputs=[/input-4, /14, /15], perturbed=True)
  (/25): BoundConv(name=/25, inputs=[/input-4, /16, /17], perturbed=True)
  (/26): BoundAdd(name=/26, inputs=[/24, /25], perturbed=True)
  (/27): BoundRelu(name=/27, inputs=[/26], perturbed=True)
  (/28): BoundSplit(name=/28, inputs=[/shape], perturbed=False)
  (/29): BoundSplit(name=/29, inputs=[/shape], perturbed=False)
  (/30): BoundConstant(name=/30, value=tensor([0], device='cuda:0'))
  (/31): BoundSqueeze(name=/31, inputs=[/28, /30], perturbed=False)
  (/32): BoundConstant(name=/32, value=tensor([0], device='cuda:0'))
  (/33): BoundSqueeze(name=/33, inputs=[/29, /32], perturbed=False)
  (/34): BoundConstant(name=/34, value=tensor([0], device='cuda:0'))
  (/35): BoundUnsqueeze(name=/35, inputs=[/31, /34], perturbed=False)
  (/36): BoundConstant(name=/36, value=tensor([0], device='cuda:0'))
  (/37): BoundUnsqueeze(name=/37, inputs=[/33, /36], perturbed=False)
  (/38): BoundConcat(name=/38, inputs=[/35, /37], perturbed=False)
  (/39): BoundReshape(name=/39, inputs=[/27, /38], perturbed=True)
  (/input-8): BoundLinear(name=/input-8, inputs=[/39, /18, /19], perturbed=True)
  (/41): BoundRelu(name=/41, inputs=[/input-8], perturbed=True)
  (/42): BoundLinear(name=/42, inputs=[/41, /20, /21], perturbed=True)
)
Original output in the first batch: tensor([[-3.26415277,  2.85602331,  1.36844563, -0.12663819, -2.15988612,
          0.11884125,  0.73398095, -0.33215481, -0.34737691, -2.83242536]],
       device='cuda:0')
Split layers:
Nonlinear functions:
   BoundRelu(name=/input-4, inputs=[/input], perturbed=True)
   BoundRelu(name=/27, inputs=[/26], perturbed=True)
   BoundRelu(name=/41, inputs=[/input-8], perturbed=True)
build batch [1/1]
layer /input-4 using sparse-features alpha with shape [4135]; unstable size 4135; total size 6272 ([1, 8, 28, 28])
layer /input-4 start_node /26 using sparse-spec alpha [2, 7, 1, 4135] with unstable size 6 total_size 8 output_shape 8
layer /input-4 start_node /input-8 using sparse-spec alpha [2, 33, 1, 4135] with unstable size 32 total_size 64 output_shape torch.Size([64])
layer /input-4 start_node /42 using full alpha [2, 9, 1, 4135] with unstable size None total_size 9 output_shape 9
layer /27 using sparse-features alpha with shape [2767]; unstable size 2767; total size 6272 ([1, 8, 28, 28])
layer /27 start_node /input-8 using sparse-spec alpha [2, 33, 1, 2767] with unstable size 32 total_size 64 output_shape torch.Size([64])
layer /27 start_node /42 using full alpha [2, 9, 1, 2767] with unstable size None total_size 9 output_shape 9
layer /41 using sparse-features alpha with shape [32]; unstable size 32; total size 64 ([1, 64])
layer /41 start_node /42 using full alpha [2, 9, 1, 32] with unstable size None total_size 9 output_shape 9
Optimizable variables initialized.
initial CROWN bounds (first 10 items): [-13.546995162963867, -14.905136108398438, -15.379966735839844, -10.28706169128418, -12.252237319946289, -14.587227821350098, -15.126409530639648, -9.997554779052734, -12.104978561401367]
prune_after_crown optimization in use
  original spec size = torch.Size([1, 9])
  pruned spec size = torch.Size([1, 9])
Using alpha-CROWN to initialize bounds.
best_l after optimization: -109.3724136352539
alpha/beta optimization time: 1.6221814155578613
initial alpha-crown bounds (first 10 items): [-12.589561462402344, -14.181142807006836, -13.740435600280762, -9.45763874053955, -11.62031364440918, -13.422801971435547, -13.971961975097656, -9.235452651977539, -11.153104782104492]
Global lower bound: -14.181142807006836
0 / 9 OR specs are verified.
Verified OR indices (first 10 items): []
Verified OR lbs (first 10 items): []
Unverified OR indices (first 10 items): [0, 1, 2, 3, 4, 5, 6, 7, 8]
Unverified OR lbs (first 10 items): [[-12.589561462402344], [-14.181142807006836], [-13.740435600280762], [-9.45763874053955], [-11.62031364440918], [-13.422801971435547], [-13.971961975097656], [-9.235452651977539], [-11.153104782104492]]
###### Verifying property Instance 2 ######
Batch size: 9
First 10 spec matrices
C: tensor([[[-1.,  1.,  0.,  0.,  0.,  0.,  0.,  0.,  0.,  0.]],

        [[ 0.,  1., -1.,  0.,  0.,  0.,  0.,  0.,  0.,  0.]],

        [[ 0.,  1.,  0., -1.,  0.,  0.,  0.,  0.,  0.,  0.]],

        [[ 0.,  1.,  0.,  0., -1.,  0.,  0.,  0.,  0.,  0.]],

        [[ 0.,  1.,  0.,  0.,  0., -1.,  0.,  0.,  0.,  0.]],

        [[ 0.,  1.,  0.,  0.,  0.,  0., -1.,  0.,  0.,  0.]],

        [[ 0.,  1.,  0.,  0.,  0.,  0.,  0., -1.,  0.,  0.]],

        [[ 0.,  1.,  0.,  0.,  0.,  0.,  0.,  0., -1.,  0.]],

        [[ 0.,  1.,  0.,  0.,  0.,  0.,  0.,  0.,  0., -1.]]], device='cuda:0')
RHS: tensor([[0.],
        [0.],
        [0.],
        [0.],
        [0.],
        [0.],
        [0.],
        [0.],
        [0.]], device='cuda:0')
OR spec sizes: tensor([1, 1, 1, 1, 1, 1, 1, 1, 1], device='cuda:0', dtype=torch.int32)
Remaining timeout: 51.56308364868164
Model prediction is: tensor([-3.26415277,  2.85602331,  1.36844563, -0.12663819, -2.15988612,
         0.11884125,  0.73398095, -0.33215481, -0.34737691, -2.83242536],
       device='cuda:0')
Activation BaB batch 1/1 
build_with_refined_bounds batch [1/1]
Optimizable variables initialized.
all alpha initialized
directly get lb and ub from refined bounds
c shape: torch.Size([9, 1, 10])
lA shapes: [torch.Size([9, 1, 8, 28, 28]), torch.Size([9, 1, 8, 28, 28]), torch.Size([9, 1, 64])]
(alpha-)CROWN with fixed intermediate bounds: tensor([[-12.58956146],
        [-14.18114281],
        [-13.74043560],
        [ -9.45763874],
        [-11.62031364],
        [-13.42280197],
        [-13.97196198],
        [ -9.23545265],
        [-11.15310478]], device='cuda:0') tensor([[inf],
        [inf],
        [inf],
        [inf],
        [inf],
        [inf],
        [inf],
        [inf],
        [inf]], device='cuda:0')
Intermediate layers: /input,/26,/input-8
Keeping alphas for these layers: ['/42']
Node /input-4 input 0: size torch.Size([8, 28, 28]) unstable 4135
Node /27 input 0: size torch.Size([8, 28, 28]) unstable 2722
Node /41 input 0: size torch.Size([64]) unstable 32
-----------------
# of unstable neurons: 6889
-----------------

BaB round 1
batch: 9
splitting decisions: 
split level 0: [/26, 5704] [/26, 3476] [/26, 1467] [/26, 393] [/input, 3475] [/26, 1954] [/input, 4114] [/input, 30] [/26, 3185] 
split level 1: [/input, 5819] [/26, 758] [/input, 4551] [/input, 100] [/input, 6173] [/26, 5751] [/input, 5433] [/input, 4628] [/input, 193] 
split level 2: [/26, 5796] [/26, 3282] [/26, 5734] [/input, 5933] [/26, 1647] [/26, 1813] [/26, 2069] [/input, 2564] [/26, 2376] 
split level 3: [/26, 588] [/input, 183] [/input, 4398] [/input, 4736] [/26, 3324] [/26, 1694] [/input, 649] [/26, 3895] [/input, 5012] 
best_l after optimization: -1741.3575439453125
beta sum per layer: [19.35970687866211, 39.01458740234375, 0.0]
alpha/beta optimization time: 0.13608169555664062
pruning_in_iteration open status: False
ratio of positive domain = 0 / 144 = 0.0
pruning-in-iteration extra time: 5.173683166503906e-05
Time: pickout 0.0040    branching_decision 0.0002    decision 0.0002    set_bounds 0.0065    prepare 0.0021    transfer 0.0000    finalize 0.0064    func 0.1489    
Accumulated time: bab_iteration 0.0000    pickout 0.0040    decision 0.0002    branching_decision 0.0002    set_bounds 0.0065    solve 0.0000    func 0.1489    prepare 0.0021    transfer 0.0000    finalize 0.0064    
max lb -8.994791984558105 min lb -14.17770004272461
Number of Verified Splits: 0 of 144
Current worst splitting domains lb-rhs (depth):
-14.17770 (4), -14.17761 (4), -14.17757 (4), -14.17749 (4), -14.16840 (4), -14.16828 (4), -14.16826 (4), -14.16817 (4), -14.05845 (4), -14.05835 (4), -14.05825 (4), -14.05816 (4), -14.04985 (4), -14.04975 (4), -14.04965 (4), -14.04956 (4), -13.96935 (4), -13.96929 (4), -13.96645 (4), -13.96642 (4), 
Current (lb-rhs): -14.17770004272461
144 domains visited
Length of domains: 144
Cumulative time: 0.20566129684448242

BaB round 2
batch: 144
splitting decisions: 
split level 0: [/input, 5153] [/26, 5890] [/input, 318] [/input, 3375] [/input, 4798] [/26, 1568] [/input, 4558] [/input, 4825] [/26, 3310] [/input, 5386] 
best_l after optimization: -3478.886962890625
beta sum per layer: [63.5229377746582, 90.94843292236328, 0.0]
alpha/beta optimization time: 0.13695979118347168
pruning_in_iteration open status: False
ratio of positive domain = 0 / 288 = 0.0
pruning-in-iteration extra time: 5.3882598876953125e-05
Time: pickout 0.0122    branching_decision 0.0001    decision 0.0001    set_bounds 0.0068    prepare 0.0065    transfer 0.0000    finalize 0.0122    func 0.1610    solve 0.1489    add 0.0021    bab_iteration 0.1618    
Accumulated time: bab_iteration 0.1618    pickout 0.0161    decision 0.0003    branching_decision 0.0003    set_bounds 0.0133    solve 0.1489    func 0.3099    prepare 0.0085    transfer 0.0001    finalize 0.0185    add 0.0021    
max lb -8.859027862548828 min lb -14.177490234375
Number of Verified Splits: 0 of 288
Current worst splitting domains lb-rhs (depth):
-14.17749 (5), -14.17745 (5), -14.17726 (5), -14.17722 (5), -14.17703 (5), -14.17674 (5), -14.17579 (5), -14.17398 (5), -14.16781 (5), -14.16779 (5), -14.16770 (5), -14.16729 (5), -14.16723 (5), -14.16719 (5), -14.16200 (5), -14.05218 (5), -14.05200 (5), -14.05200 (5), -14.05122 (5), -14.05109 (5), 
Current (lb-rhs): -14.177490234375
432 domains visited
Length of domains: 288
Cumulative time: 0.3890831470489502

BaB round 3
batch: 288
splitting decisions: 
split level 0: [/26, 1872] [/26, 3866] [/input, 2740] [/26, 272] [/input, 490] [/input, 5311] [/input, 4543] [/input, 2746] [/input, 4792] [/input, 2577] 
best_l after optimization: -6945.3427734375
beta sum per layer: [156.97633361816406, 229.74575805664062, 0.6557329297065735]
alpha/beta optimization time: 0.14223885536193848
pruning_in_iteration open status: False
ratio of positive domain = 0 / 576 = 0.0
pruning-in-iteration extra time: 5.340576171875e-05
Time: pickout 0.0245    branching_decision 0.0002    decision 0.0002    set_bounds 0.0128    prepare 0.0129    transfer 0.0000    finalize 0.0260    func 0.1883    solve 0.1611    add 0.0031    bab_iteration 0.1834    
Accumulated time: bab_iteration 0.3453    pickout 0.0407    decision 0.0005    branching_decision 0.0004    set_bounds 0.0261    solve 0.3100    func 0.4982    prepare 0.0214    transfer 0.0001    finalize 0.0445    add 0.0052    
max lb -6.751277446746826 min lb -14.177255630493164
Number of Verified Splits: 0 of 576
Current worst splitting domains lb-rhs (depth):
-14.17726 (6), -14.17722 (6), -14.17716 (6), -14.17684 (6), -14.17664 (6), -14.17661 (6), -14.17526 (6), -14.17516 (6), -14.17502 (6), -14.17501 (6), -14.17413 (6), -14.17385 (6), -14.17127 (6), -14.16781 (6), -14.16776 (6), -14.16767 (6), -14.16762 (6), -14.16760 (6), -14.16732 (6), -14.16702 (6), 
Current (lb-rhs): -14.177255630493164
1008 domains visited
Length of domains: 576
Cumulative time: 0.620635986328125

BaB round 4
batch: 576
splitting decisions: 
split level 0: [/26, 2226] [/input, 5088] [/input, 667] [/26, 3902] [/input, 5550] [/input, 739] [/input, 4914] [/input, 5308] [/input, 4422] [/input, 4403] 
best_l after optimization: -13870.9677734375
beta sum per layer: [397.6749267578125, 562.1788330078125, 1.804088830947876]
alpha/beta optimization time: 0.1979823112487793
pruning_in_iteration open status: False
ratio of positive domain = 0 / 1152 = 0.0
pruning-in-iteration extra time: 6.651878356933594e-05
Time: pickout 0.0493    branching_decision 0.0003    decision 0.0003    set_bounds 0.0255    prepare 0.0255    transfer 0.0000    finalize 0.0613    func 0.2958    solve 0.1883    add 0.0054    bab_iteration 0.2315    
Accumulated time: bab_iteration 0.5768    pickout 0.0899    decision 0.0008    branching_decision 0.0007    set_bounds 0.0516    solve 0.4983    func 0.7940    prepare 0.0469    transfer 0.0002    finalize 0.1058    add 0.0105    
max lb -6.596292018890381 min lb -14.177255630493164
Number of Verified Splits: 0 of 1152
Current worst splitting domains lb-rhs (depth):
-14.17726 (7), -14.17711 (7), -14.17684 (7), -14.17624 (7), -14.17602 (7), -14.17539 (7), -14.17526 (7), -14.17459 (7), -14.17457 (7), -14.17455 (7), -14.17445 (7), -14.17370 (7), -14.17321 (7), -14.17126 (7), -14.17119 (7), -14.17058 (7), -14.16889 (7), -14.16781 (7), -14.16781 (7), -14.16773 (7), 
Current (lb-rhs): -14.177255630493164
2160 domains visited
Length of domains: 1152
Cumulative time: 1.0049989223480225

BaB round 5
batch: 1152
splitting decisions: 
split level 0: [/input, 5318] [/input, 621] [/input, 5658] [/input, 3305] [/26, 142] [/26, 3559] [/26, 1614] [/input, 494] [/26, 3279] [/26, 2660] 
best_l after optimization: -27689.02734375
beta sum per layer: [955.0597534179688, 1354.543212890625, 6.61949348449707]
alpha/beta optimization time: 0.4538440704345703
pruning_in_iteration open status: False
ratio of positive domain = 0 / 2304 = 0.0
pruning-in-iteration extra time: 6.794929504394531e-05
Time: pickout 0.0965    branching_decision 0.0005    decision 0.0005    set_bounds 0.0545    prepare 0.0515    transfer 0.0000    finalize 0.1173    func 0.6424    solve 0.2958    add 0.0131    bab_iteration 0.3844    
Accumulated time: bab_iteration 0.9612    pickout 0.1864    decision 0.0013    branching_decision 0.0012    set_bounds 0.1061    solve 0.7941    func 1.4364    prepare 0.0984    transfer 0.0002    finalize 0.2231    add 0.0237    
max lb -6.378541946411133 min lb -14.177255630493164
Number of Verified Splits: 0 of 2304
Current worst splitting domains lb-rhs (depth):
-14.17726 (8), -14.17708 (8), -14.17684 (8), -14.17645 (8), -14.17599 (8), -14.17526 (8), -14.17526 (8), -14.17515 (8), -14.17433 (8), -14.17397 (8), -14.17379 (8), -14.17353 (8), -14.17352 (8), -14.17350 (8), -14.17349 (8), -14.17321 (8), -14.17294 (8), -14.17237 (8), -14.17208 (8), -14.17182 (8), 
Current (lb-rhs): -14.177255630493164
4464 domains visited
Length of domains: 2304
Cumulative time: 1.8218388557434082

BaB round 6
batch: 2048
splitting decisions: 
split level 0: [/input, 3070] [/26, 96] [/input, 627] [/26, 6075] [/26, 1989] [/input, 6138] [/26, 3909] [/26, 3475] [/26, 169] [/input, 3734] 
best_l after optimization: -49104.3984375
beta sum per layer: [2037.929443359375, 2916.52197265625, 19.767013549804688]
alpha/beta optimization time: 0.8322107791900635
pruning_in_iteration open status: False
ratio of positive domain = 0 / 4096 = 0.0
pruning-in-iteration extra time: 5.507469177246094e-05
Time: pickout 0.1724    branching_decision 0.0008    decision 0.0008    set_bounds 0.0917    prepare 0.2257    transfer 0.0001    finalize 0.2020    func 1.2924    solve 0.6425    add 0.0213    bab_iteration 0.8168    
Accumulated time: bab_iteration 1.7780    pickout 0.3588    decision 0.0021    branching_decision 0.0020    set_bounds 0.1979    solve 1.4366    func 2.7288    prepare 0.3241    transfer 0.0003    finalize 0.4250    add 0.0450    
max lb -4.938395023345947 min lb -14.176000595092773
Number of Verified Splits: 0 of 4096
Current worst splitting domains lb-rhs (depth):
-14.17726 (8), -14.17684 (8), -14.17600 (9), -14.17599 (8), -14.17542 (9), -14.17526 (9), -14.17515 (8), -14.17507 (9), -14.17432 (9), -14.17383 (9), -14.17341 (9), -14.17333 (9), -14.17332 (9), -14.17321 (8), -14.17312 (9), -14.17292 (9), -14.17286 (9), -14.17271 (9), -14.17270 (9), -14.17260 (9), 
Current (lb-rhs): -14.177255630493164
8560 domains visited
Length of domains: 4352
current_vram/total_varm: 8.2GB/47.7GB, batch_size increase to 4096
Cumulative time: 3.4207892417907715

BaB round 7
batch: 4096
splitting decisions: 
split level 0: [/input, 3336] [/input, 3309] [/input, 5813] [/26, 6178] [/input, 4058] [/26, 1610] [/input, 2442] [/26, 1797] [/input, 343] [/26, 6026] 
best_l after optimization: -98008.25
beta sum per layer: [4731.509765625, 6766.3203125, 53.721187591552734]
alpha/beta optimization time: 1.609865665435791
pruning_in_iteration open status: False
ratio of positive domain = 0 / 8192 = 0.0
pruning-in-iteration extra time: 7.510185241699219e-05
Time: pickout 0.3437    branching_decision 0.0011    decision 0.0012    set_bounds 0.3285    prepare 0.1884    transfer 0.0001    finalize 0.4053    func 2.2670    solve 1.2924    add 0.0400    bab_iteration 1.5989    
Accumulated time: bab_iteration 3.3769    pickout 0.7025    decision 0.0033    branching_decision 0.0031    set_bounds 0.5264    solve 2.7290    func 4.9958    prepare 0.5125    transfer 0.0003    finalize 0.8303    add 0.0850    
max lb -3.984921455383301 min lb -14.175837516784668
Number of Verified Splits: 0 of 8192
Current worst splitting domains lb-rhs (depth):
-14.17726 (8), -14.17684 (8), -14.17599 (8), -14.17584 (10), -14.17537 (10), -14.17515 (8), -14.17515 (10), -14.17492 (10), -14.17422 (10), -14.17416 (10), -14.17330 (10), -14.17324 (10), -14.17321 (8), -14.17311 (10), -14.17298 (10), -14.17292 (10), -14.17289 (10), -14.17235 (10), -14.17233 (10), -14.17215 (10), 
Current (lb-rhs): -14.177255630493164
16752 domains visited
Length of domains: 8448
current_vram/total_varm: 17.4GB/47.7GB, batch_size increase to 8192
Cumulative time: 6.43166184425354

BaB round 8
batch: 8192
splitting decisions: 
split level 0: [/26, 2033] [/input, 3884] [/input, 4876] [/26, 2191] [/input, 575] [/input, 3389] [/input, 3839] [/26, 5998] [/input, 2546] [/input, 287] 
best_l after optimization: -195610.90625
beta sum per layer: [10795.953125, 15313.431640625, 135.92291259765625]
alpha/beta optimization time: 3.1894149780273438
pruning_in_iteration open status: False
ratio of positive domain = 0 / 16384 = 0.0
pruning-in-iteration extra time: 6.079673767089844e-05
Time: pickout 0.8600    branching_decision 0.0020    decision 0.0021    set_bounds 0.3653    prepare 0.3776    transfer 0.0001    finalize 0.9665    func 4.6549    solve 2.2670    add 0.0676    bab_iteration 3.0109    
Accumulated time: bab_iteration 6.3878    pickout 1.5625    decision 0.0053    branching_decision 0.0052    set_bounds 0.8917    solve 4.9960    func 9.6507    prepare 0.8900    transfer 0.0004    finalize 1.7968    add 0.1525    
max lb -3.7519612312316895 min lb -14.17565631866455
Number of Verified Splits: 0 of 16384
Current worst splitting domains lb-rhs (depth):
-14.17726 (8), -14.17684 (8), -14.17599 (8), -14.17566 (11), -14.17537 (11), -14.17515 (8), -14.17515 (11), -14.17492 (11), -14.17402 (11), -14.17401 (11), -14.17321 (8), -14.17293 (11), -14.17292 (11), -14.17287 (11), -14.17277 (11), -14.17272 (11), -14.17249 (11), -14.17245 (11), -14.17237 (11), -14.17232 (11), 
Current (lb-rhs): -14.177255630493164
33136 domains visited
Length of domains: 16640
Cumulative time: 12.444564580917358

BaB round 9
batch: 8192
splitting decisions: 
split level 0: [/input, 334] [/input, 4295] [/input, 276] [/26, 6172] [/input, 5781] [/input, 5157] [/26, 1755] [/input, 3696] [/26, 409] [/26, 5597] 
best_l after optimization: -194994.125
beta sum per layer: [12318.896484375, 18120.91796875, 189.7835693359375]
alpha/beta optimization time: 3.1903955936431885
pruning_in_iteration open status: False
ratio of positive domain = 0 / 16384 = 0.0
pruning-in-iteration extra time: 6.127357482910156e-05
Time: pickout 0.9090    branching_decision 0.0020    decision 0.0021    set_bounds 0.3619    prepare 0.3801    transfer 0.0001    finalize 0.8045    func 4.6926    solve 4.6550    add 0.1259    bab_iteration 6.0129    
Accumulated time: bab_iteration 12.4007    pickout 2.4715    decision 0.0074    branching_decision 0.0072    set_bounds 1.2535    solve 9.6511    func 14.3433    prepare 1.2702    transfer 0.0006    finalize 2.6014    add 0.2784    
max lb -3.280229330062866 min lb -14.174299240112305
Number of Verified Splits: 0 of 16384
Current worst splitting domains lb-rhs (depth):
-14.17726 (8), -14.17684 (8), -14.17599 (8), -14.17566 (11), -14.17515 (8), -14.17515 (11), -14.17492 (11), -14.17430 (12), -14.17402 (12), -14.17401 (11), -14.17395 (12), -14.17321 (8), -14.17293 (11), -14.17287 (11), -14.17277 (11), -14.17269 (12), -14.17262 (12), -14.17249 (11), -14.17245 (11), -14.17232 (11), 
Current (lb-rhs): -14.177255630493164
49520 domains visited
Length of domains: 24832
Cumulative time: 18.535475492477417

BaB round 10
batch: 8192
splitting decisions: 
split level 0: [/26, 2048] [/input, 5844] [/26, 2034] [/input, 2718] [/26, 309] [/26, 3475] [/input, 3194] [/26, 3198] [/26, 3892] [/input, 4810] 
best_l after optimization: -194425.28125
beta sum per layer: [13951.7578125, 20983.328125, 226.63575744628906]
alpha/beta optimization time: 3.192232131958008
pruning_in_iteration open status: False
ratio of positive domain = 0 / 16384 = 0.0
pruning-in-iteration extra time: 5.841255187988281e-05
Time: pickout 0.9650    branching_decision 0.0020    decision 0.0020    set_bounds 0.3611    prepare 0.3806    transfer 0.0001    finalize 1.0425    func 4.7335    solve 4.6926    add 0.1199    bab_iteration 6.0909    
Accumulated time: bab_iteration 18.4916    pickout 3.4365    decision 0.0094    branching_decision 0.0092    set_bounds 1.6146    solve 14.3437    func 19.0767    prepare 1.6508    transfer 0.0006    finalize 3.6439    add 0.3983    
max lb -3.0280933380126953 min lb -14.174314498901367
Number of Verified Splits: 0 of 16384
Current worst splitting domains lb-rhs (depth):
-14.17726 (8), -14.17684 (8), -14.17599 (8), -14.17566 (11), -14.17515 (8), -14.17515 (11), -14.17492 (11), -14.17430 (13), -14.17430 (13), -14.17402 (12), -14.17401 (11), -14.17390 (13), -14.17388 (13), -14.17321 (8), -14.17293 (11), -14.17287 (11), -14.17277 (11), -14.17269 (12), -14.17254 (13), -14.17249 (11), 
Current (lb-rhs): -14.177255630493164
65904 domains visited
Length of domains: 33024
Cumulative time: 24.777016162872314

BaB round 11
batch: 8192
splitting decisions: 
split level 0: [/input, 2552] [/26, 6043] [/26, 6064] [/input, 4249] [/input, 692] [/input, 5024] [/input, 5633] [/26, 2247] [/26, 3222] [/26, 2951] 
best_l after optimization: -193821.359375
beta sum per layer: [15708.2705078125, 23974.537109375, 270.1141052246094]
alpha/beta optimization time: 3.192676067352295
pruning_in_iteration open status: False
ratio of positive domain = 0 / 16384 = 0.0
pruning-in-iteration extra time: 8.606910705566406e-05
Time: pickout 0.7246    branching_decision 0.0019    decision 0.0019    set_bounds 0.6442    prepare 0.3813    transfer 0.0001    finalize 0.8100    func 4.5023    solve 4.7335    add 0.1740    bab_iteration 6.2415    
Accumulated time: bab_iteration 24.7332    pickout 4.1611    decision 0.0113    branching_decision 0.0111    set_bounds 2.2588    solve 19.0772    func 23.5790    prepare 2.0320    transfer 0.0007    finalize 4.4539    add 0.5722    
max lb -2.856813430786133 min lb -14.173752784729004
Number of Verified Splits: 0 of 16384
Current worst splitting domains lb-rhs (depth):
-14.17726 (8), -14.17684 (8), -14.17599 (8), -14.17566 (11), -14.17515 (8), -14.17515 (11), -14.17492 (11), -14.17430 (13), -14.17402 (12), -14.17401 (11), -14.17390 (13), -14.17375 (14), -14.17360 (14), -14.17332 (14), -14.17321 (8), -14.17293 (11), -14.17287 (11), -14.17277 (11), -14.17269 (12), -14.17249 (11), 
Current (lb-rhs): -14.177255630493164
82288 domains visited
Length of domains: 41216
Cumulative time: 30.78047752380371

BaB round 12
batch: 8192
splitting decisions: 
split level 0: [/26, 3838] [/input, 5099] [/input, 5969] [/26, 172] [/input, 5509] [/input-8, 36] [/26, 1880] [/26, 5651] [/input, 4909] [/input, 4974] 
best_l after optimization: -193183.859375
beta sum per layer: [17496.2265625, 27099.703125, 315.40655517578125]
alpha/beta optimization time: 3.1940743923187256
pruning_in_iteration open status: False
ratio of positive domain = 0 / 16384 = 0.0
pruning-in-iteration extra time: 5.7697296142578125e-05
Time: pickout 1.0318    branching_decision 0.0021    decision 0.0021    set_bounds 0.3642    prepare 0.3811    transfer 0.0001    finalize 0.8077    func 4.5013    solve 4.5023    add 0.1236    bab_iteration 6.0035    
Accumulated time: bab_iteration 30.7366    pickout 5.1928    decision 0.0133    branching_decision 0.0131    set_bounds 2.6231    solve 23.5796    func 28.0804    prepare 2.4131    transfer 0.0008    finalize 5.2616    add 0.6959    
max lb -2.6727135181427 min lb -14.173254013061523
Number of Verified Splits: 0 of 16384
Current worst splitting domains lb-rhs (depth):
-14.17726 (8), -14.17684 (8), -14.17599 (8), -14.17566 (11), -14.17515 (8), -14.17515 (11), -14.17492 (11), -14.17430 (13), -14.17402 (12), -14.17401 (11), -14.17390 (13), -14.17375 (14), -14.17360 (14), -14.17325 (15), -14.17321 (8), -14.17293 (11), -14.17287 (11), -14.17277 (11), -14.17269 (12), -14.17249 (11), 
Current (lb-rhs): -14.177255630493164
98672 domains visited
Length of domains: 49408
Cumulative time: 37.116541147232056

BaB round 13
batch: 8192
splitting decisions: 
split level 0: [/input, 5702] [/input, 652] [/input, 3223] [/input, 3455] [/26, 1949] [/input, 4669] [/26, 2591] [/input, 675] [/26, 5832] [/input, 3677] 
best_l after optimization: -192525.015625
beta sum per layer: [19370.365234375, 30365.1640625, 363.3305358886719]
alpha/beta optimization time: 3.1942145824432373
pruning_in_iteration open status: False
ratio of positive domain = 0 / 16384 = 0.0
pruning-in-iteration extra time: 6.198883056640625e-05
Time: pickout 0.7438    branching_decision 0.0020    decision 0.0020    set_bounds 0.3627    prepare 0.3818    transfer 0.0001    finalize 0.8094    func 4.8693    solve 4.5014    add 0.4295    bab_iteration 6.3361    
Accumulated time: bab_iteration 37.0727    pickout 5.9366    decision 0.0154    branching_decision 0.0151    set_bounds 2.9858    solve 28.0810    func 32.9497    prepare 2.7950    transfer 0.0009    finalize 6.0710    add 1.1254    
max lb -2.5547916889190674 min lb -14.1724214553833
Number of Verified Splits: 0 of 16384
Current worst splitting domains lb-rhs (depth):
-14.17726 (8), -14.17684 (8), -14.17599 (8), -14.17566 (11), -14.17515 (8), -14.17515 (11), -14.17492 (11), -14.17430 (13), -14.17402 (12), -14.17401 (11), -14.17390 (13), -14.17375 (14), -14.17360 (14), -14.17321 (8), -14.17293 (11), -14.17287 (11), -14.17277 (11), -14.17269 (12), -14.17249 (11), -14.17245 (11), 
Current (lb-rhs): -14.177255630493164
115056 domains visited
Length of domains: 57600
Cumulative time: 43.22880578041077

BaB round 14
batch: 8192
splitting decisions: 
split level 0: [/26, 3688] [/input, 4484] [/input, 4397] [/input, 4065] [/input, 3500] [/26, 6025] [/input, 5535] [/input, 5417] [/26, 2121] [/26, 5567] 
best_l after optimization: -191885.34375
beta sum per layer: [21330.1015625, 33827.4296875, 409.4201354980469]
alpha/beta optimization time: 3.19490647315979
pruning_in_iteration open status: False
ratio of positive domain = 0 / 16384 = 0.0
pruning-in-iteration extra time: 6.0558319091796875e-05
Time: pickout 0.7458    branching_decision 0.0021    decision 0.0021    set_bounds 0.3639    prepare 0.3805    transfer 0.0001    finalize 1.2044    func 4.8987    solve 4.8694    add 0.1263    bab_iteration 6.1123    
Accumulated time: bab_iteration 43.1849    pickout 6.6824    decision 0.0175    branching_decision 0.0172    set_bounds 3.3497    solve 32.9503    func 37.8484    prepare 3.1754    transfer 0.0009    finalize 7.2753    add 1.2517    
max lb -2.4497146606445312 min lb -14.17106819152832
Number of Verified Splits: 0 of 16384
Current worst splitting domains lb-rhs (depth):
-14.17726 (8), -14.17684 (8), -14.17599 (8), -14.17566 (11), -14.17515 (8), -14.17515 (11), -14.17492 (11), -14.17430 (13), -14.17402 (12), -14.17401 (11), -14.17390 (13), -14.17375 (14), -14.17360 (14), -14.17321 (8), -14.17293 (11), -14.17287 (11), -14.17277 (11), -14.17269 (12), -14.17249 (11), -14.17245 (11), 
Current (lb-rhs): -14.177255630493164
131440 domains visited
Length of domains: 65792
Cumulative time: 49.530503034591675

BaB round 15
batch: 8192
splitting decisions: 
split level 0: [/26, 1843] [/input, 5869] [/26, 2701] [/26, 21] [/input, 4937] [/26, 3] [/26, 6001] [/26, 447] [/26, 5719] [/input, 103] 
best_l after optimization: -191200.6875
beta sum per layer: [23423.146484375, 37469.41015625, 461.7757568359375]
alpha/beta optimization time: 3.1965909004211426
pruning_in_iteration open status: False
ratio of positive domain = 0 / 16384 = 0.0
pruning-in-iteration extra time: 7.05718994140625e-05
Time: pickout 0.7419    branching_decision 0.0020    decision 0.0020    set_bounds 0.3627    prepare 0.3820    transfer 0.0001    finalize 1.3079    func 5.0086    solve 4.8987    add 0.2826    bab_iteration 6.3017    
Accumulated time: bab_iteration 49.4866    pickout 7.4243    decision 0.0194    branching_decision 0.0191    set_bounds 3.7124    solve 37.8490    func 42.8569    prepare 3.5574    transfer 0.0010    finalize 8.5832    add 1.5343    
max lb -2.3732903003692627 min lb -14.166106224060059
Number of Verified Splits: 0 of 16384
Current worst splitting domains lb-rhs (depth):
-14.17726 (8), -14.17684 (8), -14.17599 (8), -14.17566 (11), -14.17515 (8), -14.17515 (11), -14.17492 (11), -14.17430 (13), -14.17402 (12), -14.17401 (11), -14.17390 (13), -14.17375 (14), -14.17360 (14), -14.17321 (8), -14.17293 (11), -14.17287 (11), -14.17277 (11), -14.17269 (12), -14.17249 (11), -14.17245 (11), 
Current (lb-rhs): -14.177255630493164
147824 domains visited
Length of domains: 73984
Time out!!!!!!!!
Result: unknown in 64.4831 seconds

 %%%%%%%%%%%%%%%%%%%%%%%%%%%%%%%%%%% idx: 3, vnnlib ID: 3 %%%%%%%%%%%%%%%%%%%%%%%%%%%%%%%%%%%
Finished vnnlib processing in 0.001647 seconds
Model: BoundedModule(
  (/input-1): BoundInput(name=/input-1, inputs=[], perturbed=True)
  (/shape): BoundBuffers(name=/shape, inputs=[], perturbed=False)
  (/12): BoundParams(name=/12, inputs=[], perturbed=False)
  (/13): BoundParams(name=/13, inputs=[], perturbed=False)
  (/14): BoundParams(name=/14, inputs=[], perturbed=False)
  (/15): BoundParams(name=/15, inputs=[], perturbed=False)
  (/16): BoundParams(name=/16, inputs=[], perturbed=False)
  (/17): BoundParams(name=/17, inputs=[], perturbed=False)
  (/18): BoundParams(name=/18, inputs=[], perturbed=False)
  (/19): BoundParams(name=/19, inputs=[], perturbed=False)
  (/20): BoundParams(name=/20, inputs=[], perturbed=False)
  (/21): BoundParams(name=/21, inputs=[], perturbed=False)
  (/input): BoundConv(name=/input, inputs=[/input-1, /12, /13], perturbed=True)
  (/input-4): BoundRelu(name=/input-4, inputs=[/input], perturbed=True)
  (/24): BoundConv(name=/24, inputs=[/input-4, /14, /15], perturbed=True)
  (/25): BoundConv(name=/25, inputs=[/input-4, /16, /17], perturbed=True)
  (/26): BoundAdd(name=/26, inputs=[/24, /25], perturbed=True)
  (/27): BoundRelu(name=/27, inputs=[/26], perturbed=True)
  (/28): BoundSplit(name=/28, inputs=[/shape], perturbed=False)
  (/29): BoundSplit(name=/29, inputs=[/shape], perturbed=False)
  (/30): BoundConstant(name=/30, value=tensor([0], device='cuda:0'))
  (/31): BoundSqueeze(name=/31, inputs=[/28, /30], perturbed=False)
  (/32): BoundConstant(name=/32, value=tensor([0], device='cuda:0'))
  (/33): BoundSqueeze(name=/33, inputs=[/29, /32], perturbed=False)
  (/34): BoundConstant(name=/34, value=tensor([0], device='cuda:0'))
  (/35): BoundUnsqueeze(name=/35, inputs=[/31, /34], perturbed=False)
  (/36): BoundConstant(name=/36, value=tensor([0], device='cuda:0'))
  (/37): BoundUnsqueeze(name=/37, inputs=[/33, /36], perturbed=False)
  (/38): BoundConcat(name=/38, inputs=[/35, /37], perturbed=False)
  (/39): BoundReshape(name=/39, inputs=[/27, /38], perturbed=True)
  (/input-8): BoundLinear(name=/input-8, inputs=[/39, /18, /19], perturbed=True)
  (/41): BoundRelu(name=/41, inputs=[/input-8], perturbed=True)
  (/42): BoundLinear(name=/42, inputs=[/41, /20, /21], perturbed=True)
)
Original output in the first batch: tensor([[ 12.46101570, -13.30389786,   2.44145894,   2.38113737,  -1.94811487,
           5.79673624,   4.95419598,   2.41983461,   0.91095036,   0.33732724]],
       device='cuda:0')
Split layers:
Nonlinear functions:
   BoundRelu(name=/input-4, inputs=[/input], perturbed=True)
   BoundRelu(name=/27, inputs=[/26], perturbed=True)
   BoundRelu(name=/41, inputs=[/input-8], perturbed=True)
build batch [1/1]
layer /input-4 using sparse-features alpha with shape [3455]; unstable size 3455; total size 6272 ([1, 8, 28, 28])
layer /input-4 start_node /26 using sparse-spec alpha [2, 7, 1, 3455] with unstable size 6 total_size 8 output_shape 8
layer /input-4 start_node /input-8 using sparse-spec alpha [2, 12, 1, 3455] with unstable size 11 total_size 64 output_shape torch.Size([64])
layer /input-4 start_node /42 using full alpha [2, 9, 1, 3455] with unstable size None total_size 9 output_shape 9
layer /27 using sparse-features alpha with shape [2212]; unstable size 2212; total size 6272 ([1, 8, 28, 28])
layer /27 start_node /input-8 using sparse-spec alpha [2, 12, 1, 2212] with unstable size 11 total_size 64 output_shape torch.Size([64])
layer /27 start_node /42 using full alpha [2, 9, 1, 2212] with unstable size None total_size 9 output_shape 9
layer /41 using sparse-features alpha with shape [11]; unstable size 11; total size 64 ([1, 64])
layer /41 start_node /42 using full alpha [2, 9, 1, 11] with unstable size None total_size 9 output_shape 9
Optimizable variables initialized.
initial CROWN bounds (first 10 items): [9.880099296569824, -4.975345611572266, -4.609633922576904, -0.3166799545288086, -3.3430018424987793, -4.466203689575195, -6.184812545776367, 0.9303131103515625, -2.0312743186950684]
prune_after_crown optimization in use
  original spec size = torch.Size([1, 9])
  pruned spec size = torch.Size([1, 7])
Using alpha-CROWN to initialize bounds.
best_l after optimization: -21.43115234375
alpha/beta optimization time: 1.607999563217163
initial alpha-crown bounds (first 10 items): [-4.337291717529297, -3.890986919403076, 0.40357208251953125, -2.942523956298828, -3.8614420890808105, -5.481903076171875, -1.3205766677856445]
Global lower bound: -5.481903076171875
3 / 9 OR specs are verified.
Verified OR indices (first 10 items): [0, 3, 7]
Verified OR lbs (first 10 items): [[inf], [0.40357208251953125], [inf]]
Unverified OR indices (first 10 items): [1, 2, 4, 5, 6, 8]
Unverified OR lbs (first 10 items): [[-4.337291717529297], [-3.890986919403076], [-2.942523956298828], [-3.8614420890808105], [-5.481903076171875], [-1.3205766677856445]]
###### Verifying property Instance 3 ######
Batch size: 6
First 10 spec matrices
C: tensor([[[ 1.,  0., -1.,  0.,  0.,  0.,  0.,  0.,  0.,  0.]],

        [[ 1.,  0.,  0., -1.,  0.,  0.,  0.,  0.,  0.,  0.]],

        [[ 1.,  0.,  0.,  0.,  0., -1.,  0.,  0.,  0.,  0.]],

        [[ 1.,  0.,  0.,  0.,  0.,  0., -1.,  0.,  0.,  0.]],

        [[ 1.,  0.,  0.,  0.,  0.,  0.,  0., -1.,  0.,  0.]],

        [[ 1.,  0.,  0.,  0.,  0.,  0.,  0.,  0.,  0., -1.]]], device='cuda:0')
RHS: tensor([[0.],
        [0.],
        [0.],
        [0.],
        [0.],
        [0.]], device='cuda:0')
OR spec sizes: tensor([1, 1, 1, 1, 1, 1], device='cuda:0', dtype=torch.int32)
Remaining timeout: 57.874122858047485
Model prediction is: tensor([ 12.46101570, -13.30389786,   2.44145894,   2.38113737,  -1.94811487,
          5.79673624,   4.95419598,   2.41983461,   0.91095036,   0.33732724],
       device='cuda:0')
Activation BaB batch 1/1 
build_with_refined_bounds batch [1/1]
Optimizable variables initialized.
all alpha initialized
directly get lb and ub from refined bounds
c shape: torch.Size([6, 1, 10])
lA shapes: [torch.Size([6, 1, 8, 28, 28]), torch.Size([6, 1, 8, 28, 28]), torch.Size([6, 1, 64])]
(alpha-)CROWN with fixed intermediate bounds: tensor([[-4.33729172],
        [-3.89098692],
        [-2.94252396],
        [-3.86144209],
        [-5.48190308],
        [-1.32057667]], device='cuda:0') tensor([[inf],
        [inf],
        [inf],
        [inf],
        [inf],
        [inf]], device='cuda:0')
Intermediate layers: /input,/26,/input-8
Keeping alphas for these layers: ['/42']
Node /input-4 input 0: size torch.Size([8, 28, 28]) unstable 3455
Node /27 input 0: size torch.Size([8, 28, 28]) unstable 2151
Node /41 input 0: size torch.Size([64]) unstable 11
-----------------
# of unstable neurons: 5617
-----------------

BaB round 1
batch: 6
splitting decisions: 
split level 0: [/input, 539] [/26, 51] [/input, 4589] [/26, 3389] [/input, 4006] [/input, 5988] 
split level 1: [/input, 6051] [/input, 220] [/26, 2210] [/input, 4542] [/input, 663] [/input, 160] 
split level 2: [/26, 5797] [/input, 2964] [/input, 594] [/26, 5967] [/input, 4562] [/26, 2843] 
split level 3: [/input, 4084] [/26, 6073] [/input, 3098] [/26, 5550] [/26, 5559] [/26, 3783] 
split level 4: [/input, 102] [/input, 3502] [/input, 4826] [/26, 5619] [/input, 5963] [/input, 4203] 
best_l after optimization: -690.16552734375
beta sum per layer: [46.821685791015625, 35.82107162475586, 0.0]
alpha/beta optimization time: 0.1429297924041748
pruning_in_iteration open status: False
ratio of positive domain = 0 / 192 = 0.0
pruning-in-iteration extra time: 5.745887756347656e-05
Time: pickout 0.0021    branching_decision 0.0001    decision 0.0001    set_bounds 0.0098    prepare 0.0028    transfer 0.0000    finalize 0.0082    func 0.1608    
Accumulated time: bab_iteration 0.0000    pickout 0.0021    decision 0.0001    branching_decision 0.0001    set_bounds 0.0098    solve 0.0000    func 0.1608    prepare 0.0028    transfer 0.0000    finalize 0.0082    
max lb -1.1439862251281738 min lb -5.477927207946777
Number of Verified Splits: 0 of 192
Current worst splitting domains lb-rhs (depth):
-5.47793 (5), -5.47733 (5), -5.47711 (5), -5.47652 (5), -5.47587 (5), -5.47581 (5), -5.47533 (5), -5.47521 (5), -5.47515 (5), -5.47499 (5), -5.47461 (5), -5.47439 (5), -5.47374 (5), -5.47321 (5), -5.47302 (5), -5.47249 (5), -5.47030 (5), -5.46969 (5), -5.46944 (5), -5.46889 (5), 
Current (lb-rhs): -5.477927207946777
192 domains visited
Length of domains: 192
Cumulative time: 0.20952939987182617

BaB round 2
batch: 192
splitting decisions: 
split level 0: [/input, 5526] [/input, 2387] [/26, 762] [/26, 5677] [/26, 3496] [/input, 4666] [/26, 2379] [/26, 6110] [/input, 3868] [/input, 3865] 
best_l after optimization: -1372.563720703125
beta sum per layer: [118.48607635498047, 119.25872802734375, 0.0]
alpha/beta optimization time: 0.13965582847595215
pruning_in_iteration open status: False
ratio of positive domain = 0 / 384 = 0.0
pruning-in-iteration extra time: 5.269050598144531e-05
Time: pickout 0.0161    branching_decision 0.0001    decision 0.0001    set_bounds 0.0089    prepare 0.0086    transfer 0.0000    finalize 0.0160    func 0.1702    solve 0.1608    add 0.0020    bab_iteration 0.1750    
Accumulated time: bab_iteration 0.1750    pickout 0.0182    decision 0.0002    branching_decision 0.0002    set_bounds 0.0188    solve 0.1608    func 0.3309    prepare 0.0113    transfer 0.0001    finalize 0.0243    add 0.0020    
max lb -0.9454350471496582 min lb -5.477036476135254
Number of Verified Splits: 0 of 384
Current worst splitting domains lb-rhs (depth):
-5.47704 (6), -5.47701 (6), -5.47645 (6), -5.47641 (6), -5.47575 (6), -5.47519 (6), -5.47505 (6), -5.47493 (6), -5.47492 (6), -5.47482 (6), -5.47473 (6), -5.47432 (6), -5.47418 (6), -5.47411 (6), -5.47372 (6), -5.47348 (6), -5.47332 (6), -5.47264 (6), -5.47262 (6), -5.47232 (6), 
Current (lb-rhs): -5.477036476135254
576 domains visited
Length of domains: 384
Cumulative time: 0.40881991386413574

BaB round 3
batch: 384
splitting decisions: 
split level 0: [/input, 5468] [/input, 2569] [/input, 4778] [/input, 3515] [/input, 4310] [/input, 232] [/input, 3542] [/input, 2420] [/input, 383] [/input, 180] 
best_l after optimization: -2727.2548828125
beta sum per layer: [306.84820556640625, 349.69384765625, 0.7473499178886414]
alpha/beta optimization time: 0.14461922645568848
pruning_in_iteration open status: False
ratio of positive domain = 0 / 768 = 0.0
pruning-in-iteration extra time: 7.43865966796875e-05
Time: pickout 0.0319    branching_decision 0.0002    decision 0.0002    set_bounds 0.0186    prepare 0.0172    transfer 0.0000    finalize 0.0337    func 0.2057    solve 0.1702    add 0.0037    bab_iteration 0.1993    
Accumulated time: bab_iteration 0.3742    pickout 0.0501    decision 0.0005    branching_decision 0.0004    set_bounds 0.0374    solve 0.3310    func 0.5366    prepare 0.0285    transfer 0.0001    finalize 0.0580    add 0.0057    
max lb -0.8315887451171875 min lb -5.477046966552734
Number of Verified Splits: 0 of 768
Current worst splitting domains lb-rhs (depth):
-5.47701 (7), -5.47701 (7), -5.47688 (7), -5.47643 (7), -5.47643 (7), -5.47599 (7), -5.47572 (7), -5.47477 (7), -5.47467 (7), -5.47466 (7), -5.47450 (7), -5.47444 (7), -5.47417 (7), -5.47414 (7), -5.47403 (7), -5.47376 (7), -5.47368 (7), -5.47350 (7), -5.47348 (7), -5.47295 (7), 
Current (lb-rhs): -5.477006912231445
1344 domains visited
Length of domains: 768
Cumulative time: 0.6725518703460693

BaB round 4
batch: 768
splitting decisions: 
split level 0: [/input, 2858] [/input, 5455] [/26, 2612] [/26, 162] [/26, 3671] [/26, 32] [/input, 4427] [/26, 2210] [/input, 3088] [/input, 681] 
best_l after optimization: -5418.376953125
beta sum per layer: [768.3064575195312, 818.7740478515625, 3.237577438354492]
alpha/beta optimization time: 0.26079821586608887
pruning_in_iteration open status: False
ratio of positive domain = 2 / 1536 = 0.0013020833333333703
pruning-in-iteration extra time: 5.435943603515625e-05
Time: pickout 0.0629    branching_decision 0.0003    decision 0.0003    set_bounds 0.0347    prepare 0.0347    transfer 0.0000    finalize 0.0760    func 0.3853    solve 0.2057    add 0.0070    bab_iteration 0.2637    
Accumulated time: bab_iteration 0.6380    pickout 0.1130    decision 0.0008    branching_decision 0.0007    set_bounds 0.0721    solve 0.5367    func 0.9219    prepare 0.0632    transfer 0.0002    finalize 0.1340    add 0.0126    
max lb 2.1557998657226562 min lb -5.476954936981201
Number of Verified Splits: 2 of 1536
Current worst splitting domains lb-rhs (depth):
-5.47695 (8), -5.47688 (8), -5.47685 (8), -5.47643 (8), -5.47643 (8), -5.47599 (8), -5.47599 (8), -5.47467 (8), -5.47456 (8), -5.47426 (8), -5.47426 (8), -5.47424 (8), -5.47416 (8), -5.47413 (8), -5.47381 (8), -5.47379 (8), -5.47348 (8), -5.47338 (8), -5.47335 (8), -5.47317 (8), 
Current (lb-rhs): -5.476954936981201
2880 domains visited
Length of domains: 1534
Cumulative time: 1.1696727275848389

BaB round 5
batch: 1534
splitting decisions: 
split level 0: [/26, 3357] [/26, 1900] [/input, 3547] [/26, 199] [/input, 5907] [/26, 3334] [/input, 1409] [/input, 242] [/26, 142] [/input, 6266] 
best_l after optimization: -10773.13671875
beta sum per layer: [1889.8026123046875, 1903.474853515625, 6.0827741622924805]
alpha/beta optimization time: 0.570533275604248
pruning_in_iteration open status: False
ratio of positive domain = 2 / 3068 = 0.0006518904823989979
pruning-in-iteration extra time: 6.747245788574219e-05
Time: pickout 0.1262    branching_decision 0.0006    decision 0.0007    set_bounds 0.0691    prepare 0.0693    transfer 0.0001    finalize 0.1506    func 0.8157    solve 0.3853    add 0.0132    bab_iteration 0.4971    
Accumulated time: bab_iteration 1.1351    pickout 0.2391    decision 0.0015    branching_decision 0.0014    set_bounds 0.1412    solve 0.9220    func 1.7376    prepare 0.1324    transfer 0.0002    finalize 0.2846    add 0.0259    
max lb 2.8289222717285156 min lb -5.476861953735352
Number of Verified Splits: 2 of 3068
Current worst splitting domains lb-rhs (depth):
-5.47686 (9), -5.47643 (9), -5.47626 (9), -5.47608 (9), -5.47599 (9), -5.47589 (9), -5.47545 (9), -5.47543 (9), -5.47529 (9), -5.47467 (9), -5.47456 (9), -5.47437 (9), -5.47416 (9), -5.47414 (9), -5.47412 (9), -5.47372 (9), -5.47370 (9), -5.47327 (9), -5.47327 (9), -5.47324 (9), 
Current (lb-rhs): -5.476861953735352
5948 domains visited
Length of domains: 3066
Cumulative time: 2.2050180435180664

BaB round 6
batch: 2048
splitting decisions: 
split level 0: [/26, 2479] [/input, 404] [/input, 4850] [/input, 4625] [/input, 3724] [/input, 5417] [/input, 5476] [/input, 4836] [/input, 3569] [/input, 4148] 
best_l after optimization: -14257.875
beta sum per layer: [3085.34619140625, 3157.50439453125, 11.919296264648438]
alpha/beta optimization time: 0.7893669605255127
pruning_in_iteration open status: False
ratio of positive domain = 1 / 4096 = 0.000244140625
pruning-in-iteration extra time: 7.390975952148438e-05
Time: pickout 0.3067    branching_decision 0.0006    decision 0.0006    set_bounds 0.0925    prepare 0.0932    transfer 0.0001    finalize 0.1781    func 1.0934    solve 0.8158    add 0.0226    bab_iteration 1.0353    
Accumulated time: bab_iteration 2.1704    pickout 0.5459    decision 0.0021    branching_decision 0.0020    set_bounds 0.2337    solve 1.7378    func 2.8310    prepare 0.2256    transfer 0.0003    finalize 0.4627    add 0.0485    
max lb 1.3221149444580078 min lb -5.476831912994385
Number of Verified Splits: 1 of 4096
Current worst splitting domains lb-rhs (depth):
-5.47683 (10), -5.47643 (9), -5.47626 (9), -5.47608 (9), -5.47589 (9), -5.47542 (10), -5.47529 (9), -5.47485 (10), -5.47456 (9), -5.47424 (10), -5.47416 (9), -5.47414 (10), -5.47372 (9), -5.47370 (9), -5.47368 (10), -5.47353 (10), -5.47327 (9), -5.47324 (10), -5.47319 (10), -5.47317 (10), 
Current (lb-rhs): -5.476831912994385
10044 domains visited
Length of domains: 5113
current_vram/total_varm: 10.2GB/47.7GB, batch_size increase to 4096
Cumulative time: 3.7369964122772217

BaB round 7
batch: 4096
splitting decisions: 
split level 0: [/input, 511] [/26, 39] [/26, 1929] [/input, 2879] [/input, 3299] [/input, 43] [/input, 635] [/input, 3727] [/26, 6020] [/input, 2969] 
best_l after optimization: -28330.62890625
beta sum per layer: [7181.43408203125, 7273.04052734375, 26.564592361450195]
alpha/beta optimization time: 1.548276424407959
pruning_in_iteration open status: False
ratio of positive domain = 4 / 8192 = 0.00048828125
pruning-in-iteration extra time: 5.91278076171875e-05
Time: pickout 0.3468    branching_decision 0.0012    decision 0.0012    set_bounds 0.3282    prepare 0.1864    transfer 0.0001    finalize 0.3871    func 2.1855    solve 1.0934    add 0.0374    bab_iteration 1.5320    
Accumulated time: bab_iteration 3.7024    pickout 0.8927    decision 0.0033    branching_decision 0.0031    set_bounds 0.5619    solve 2.8313    func 5.0166    prepare 0.4121    transfer 0.0003    finalize 0.8498    add 0.0859    
max lb 2.2577075958251953 min lb -5.476228713989258
Number of Verified Splits: 4 of 8192
Current worst splitting domains lb-rhs (depth):
-5.47643 (9), -5.47626 (9), -5.47623 (11), -5.47608 (9), -5.47589 (9), -5.47542 (11), -5.47529 (9), -5.47464 (11), -5.47456 (9), -5.47424 (11), -5.47416 (9), -5.47414 (11), -5.47403 (11), -5.47372 (9), -5.47370 (9), -5.47327 (9), -5.47314 (11), -5.47306 (9), -5.47305 (11), -5.47286 (9), 
Current (lb-rhs): -5.476428031921387
18236 domains visited
Length of domains: 9205
current_vram/total_varm: 19.6GB/47.7GB, batch_size increase to 8192
Cumulative time: 6.667564630508423

BaB round 8
batch: 8192
splitting decisions: 
split level 0: [/input, 5879] [/26, 94] [/input, 5420] [/26, 3748] [/input, 5865] [/input, 359] [/input, 193] [/26, 6234] [/26, 2074] [/input, 2653] 
best_l after optimization: -56321.61328125
beta sum per layer: [16326.1953125, 16504.18359375, 60.856624603271484]
alpha/beta optimization time: 3.0597479343414307
pruning_in_iteration open status: False
ratio of positive domain = 5 / 16384 = 0.00030517578125
pruning-in-iteration extra time: 8.463859558105469e-05
Time: pickout 0.8586    branching_decision 0.0022    decision 0.0022    set_bounds 0.3710    prepare 0.5459    transfer 0.0002    finalize 0.7635    func 4.4907    solve 2.1856    add 0.0660    bab_iteration 2.9306    
Accumulated time: bab_iteration 6.6330    pickout 1.7512    decision 0.0055    branching_decision 0.0054    set_bounds 0.9329    solve 5.0168    func 9.5073    prepare 0.9580    transfer 0.0005    finalize 1.6133    add 0.1519    
max lb 1.1627140045166016 min lb -5.475920677185059
Number of Verified Splits: 5 of 16384
Current worst splitting domains lb-rhs (depth):
-5.47643 (9), -5.47626 (9), -5.47608 (9), -5.47592 (12), -5.47589 (9), -5.47529 (9), -5.47511 (12), -5.47456 (9), -5.47451 (12), -5.47424 (12), -5.47416 (9), -5.47414 (12), -5.47403 (12), -5.47378 (12), -5.47372 (9), -5.47370 (9), -5.47361 (12), -5.47327 (9), -5.47314 (12), -5.47313 (12), 
Current (lb-rhs): -5.476428031921387
34620 domains visited
Length of domains: 17392
Cumulative time: 12.510038375854492

BaB round 9
batch: 8192
splitting decisions: 
split level 0: [/input, 4856] [/26, 2449] [/26, 1622] [/26, 420] [/input, 5449] [/26, 2303] [/input, 4956] [/26, 725] [/input, 2801] [/input, 5650] 
best_l after optimization: -55770.33203125
beta sum per layer: [18610.3828125, 19623.833984375, 78.3262939453125]
alpha/beta optimization time: 3.0609402656555176
pruning_in_iteration open status: False
ratio of positive domain = 7 / 16384 = 0.00042724609375
pruning-in-iteration extra time: 6.103515625e-05
Time: pickout 0.9030    branching_decision 0.0020    decision 0.0020    set_bounds 0.5701    prepare 0.3812    transfer 0.0001    finalize 0.7632    func 4.3228    solve 4.4908    add 0.1154    bab_iteration 5.8425    
Accumulated time: bab_iteration 12.4754    pickout 2.6543    decision 0.0075    branching_decision 0.0074    set_bounds 1.5029    solve 9.5076    func 13.8301    prepare 1.3392    transfer 0.0006    finalize 2.3765    add 0.2673    
max lb 2.7559969425201416 min lb -5.4749321937561035
Number of Verified Splits: 7 of 16384
Current worst splitting domains lb-rhs (depth):
-5.47643 (9), -5.47626 (9), -5.47608 (9), -5.47592 (12), -5.47589 (9), -5.47529 (9), -5.47493 (13), -5.47456 (9), -5.47424 (12), -5.47416 (9), -5.47403 (12), -5.47388 (13), -5.47372 (9), -5.47371 (13), -5.47370 (9), -5.47361 (13), -5.47334 (13), -5.47327 (9), -5.47314 (12), -5.47313 (12), 
Current (lb-rhs): -5.476428031921387
51004 domains visited
Length of domains: 25577
Cumulative time: 18.421568393707275

BaB round 10
batch: 8192
splitting decisions: 
split level 0: [/input, 4959] [/26, 3238] [/input, 4705] [/input, 5933] [/26, 2154] [/input, 6202] [/input, 5063] [/input, 2598] [/input, 85] [/26, 6226] 
best_l after optimization: -55215.1796875
beta sum per layer: [20983.00390625, 22900.71875, 100.06395721435547]
alpha/beta optimization time: 3.0612425804138184
pruning_in_iteration open status: False
ratio of positive domain = 7 / 16384 = 0.00042724609375
pruning-in-iteration extra time: 0.00014448165893554688
Time: pickout 0.9586    branching_decision 0.0020    decision 0.0020    set_bounds 0.3631    prepare 0.3807    transfer 0.0001    finalize 1.0080    func 4.5673    solve 4.3228    add 0.1082    bab_iteration 5.9115    
Accumulated time: bab_iteration 18.3870    pickout 3.6129    decision 0.0096    branching_decision 0.0094    set_bounds 1.8660    solve 13.8304    func 18.3973    prepare 1.7199    transfer 0.0006    finalize 3.3845    add 0.3755    
max lb 1.3340778350830078 min lb -5.473611354827881
Number of Verified Splits: 7 of 16384
Current worst splitting domains lb-rhs (depth):
-5.47643 (9), -5.47626 (9), -5.47608 (9), -5.47592 (12), -5.47589 (9), -5.47529 (9), -5.47493 (13), -5.47456 (9), -5.47424 (12), -5.47416 (9), -5.47403 (12), -5.47388 (13), -5.47372 (9), -5.47370 (9), -5.47361 (14), -5.47348 (14), -5.47348 (14), -5.47327 (9), -5.47314 (12), -5.47313 (12), 
Current (lb-rhs): -5.476428031921387
67388 domains visited
Length of domains: 33762
Cumulative time: 24.473662614822388

BaB round 11
batch: 8192
splitting decisions: 
split level 0: [/26, 391] [/26, 57] [/input, 5446] [/26, 2266] [/input, 3420] [/input, 5931] [/26, 6159] [/input, 2549] [/input, 3527] [/input, 3190] 
best_l after optimization: -54629.94921875
beta sum per layer: [23472.13671875, 26431.79296875, 121.5184097290039]
alpha/beta optimization time: 3.06244158744812
pruning_in_iteration open status: False
ratio of positive domain = 8 / 16384 = 0.00048828125
pruning-in-iteration extra time: 8.368492126464844e-05
Time: pickout 0.7247    branching_decision 0.0020    decision 0.0020    set_bounds 0.6516    prepare 0.3806    transfer 0.0001    finalize 0.7622    func 4.3225    solve 4.5673    add 0.1548    bab_iteration 6.0521    
Accumulated time: bab_iteration 24.4390    pickout 4.3376    decision 0.0116    branching_decision 0.0114    set_bounds 2.5176    solve 18.3978    func 22.7198    prepare 2.1005    transfer 0.0007    finalize 4.1467    add 0.5302    
max lb 2.9047622680664062 min lb -5.4727678298950195
Number of Verified Splits: 8 of 16384
Current worst splitting domains lb-rhs (depth):
-5.47643 (9), -5.47626 (9), -5.47608 (9), -5.47592 (12), -5.47589 (9), -5.47529 (9), -5.47493 (13), -5.47456 (9), -5.47424 (12), -5.47416 (9), -5.47403 (12), -5.47388 (13), -5.47372 (9), -5.47370 (9), -5.47348 (14), -5.47348 (14), -5.47327 (9), -5.47314 (12), -5.47313 (12), -5.47306 (9), 
Current (lb-rhs): -5.476428031921387
83772 domains visited
Length of domains: 41946
Cumulative time: 30.29196071624756

BaB round 12
batch: 8192
splitting decisions: 
split level 0: [/input, 5371] [/26, 3330] [/input, 2758] [/26, 3589] [/input, 3359] [/26, 3840] [/26, 87] [/26, 3723] [/26, 365] [/26, 5855] 
best_l after optimization: -54067.37109375
beta sum per layer: [26159.62109375, 30293.20703125, 136.7974853515625]
alpha/beta optimization time: 3.0612738132476807
pruning_in_iteration open status: False
ratio of positive domain = 11 / 16384 = 0.00067138671875
pruning-in-iteration extra time: 8.535385131835938e-05
Time: pickout 1.0388    branching_decision 0.0019    decision 0.0020    set_bounds 0.3653    prepare 0.3798    transfer 0.0001    finalize 0.7620    func 4.3211    solve 4.3225    add 0.1109    bab_iteration 5.8183    
Accumulated time: bab_iteration 30.2573    pickout 5.3764    decision 0.0135    branching_decision 0.0133    set_bounds 2.8830    solve 22.7203    func 27.0409    prepare 2.4803    transfer 0.0008    finalize 4.9087    add 0.6412    
max lb 2.3393359184265137 min lb -5.467259407043457
Number of Verified Splits: 11 of 16384
Current worst splitting domains lb-rhs (depth):
-5.47643 (9), -5.47626 (9), -5.47608 (9), -5.47592 (12), -5.47589 (9), -5.47529 (9), -5.47493 (13), -5.47456 (9), -5.47424 (12), -5.47416 (9), -5.47403 (12), -5.47388 (13), -5.47372 (9), -5.47370 (9), -5.47348 (14), -5.47348 (14), -5.47327 (9), -5.47314 (12), -5.47313 (12), -5.47306 (9), 
Current (lb-rhs): -5.476428031921387
100156 domains visited
Length of domains: 50127
Cumulative time: 36.13696050643921

BaB round 13
batch: 8192
splitting decisions: 
split level 0: [/input, 5502] [/26, 3906] [/input, 4589] [/26, 5767] [/26, 3336] [/26, 5770] [/input, 5504] [/26, 5520] [/input, 732] [/input, 5349] 
best_l after optimization: -53473.8671875
beta sum per layer: [28856.84765625, 34298.82421875, 157.66372680664062]
alpha/beta optimization time: 3.0631377696990967
pruning_in_iteration open status: False
ratio of positive domain = 22 / 16384 = 0.0013427734375
pruning-in-iteration extra time: 6.270408630371094e-05
Time: pickout 1.0782    branching_decision 0.0020    decision 0.0020    set_bounds 0.3653    prepare 0.3787    transfer 0.0001    finalize 0.7628    func 4.3220    solve 4.3211    add 0.1109    bab_iteration 5.8450    
Accumulated time: bab_iteration 36.1023    pickout 6.4545    decision 0.0155    branching_decision 0.0153    set_bounds 3.2482    solve 27.0414    func 31.3628    prepare 2.8589    transfer 0.0009    finalize 5.6715    add 0.7521    
max lb 2.387176990509033 min lb -5.466571807861328
Number of Verified Splits: 22 of 16384
Current worst splitting domains lb-rhs (depth):
-5.47643 (9), -5.47626 (9), -5.47608 (9), -5.47592 (12), -5.47589 (9), -5.47529 (9), -5.47493 (13), -5.47456 (9), -5.47424 (12), -5.47416 (9), -5.47403 (12), -5.47388 (13), -5.47372 (9), -5.47370 (9), -5.47348 (14), -5.47348 (14), -5.47327 (9), -5.47314 (12), -5.47313 (12), -5.47306 (9), 
Current (lb-rhs): -5.476428031921387
116540 domains visited
Length of domains: 58297
Cumulative time: 42.363229274749756

BaB round 14
batch: 8192
splitting decisions: 
split level 0: [/input, 2442] [/input, 2474] [/26, 706] [/26, 5796] [/input, 5550] [/input, 4977] [/input, 4953] [/26, 1592] [/input, 2467] [/input, 3829] 
best_l after optimization: -52936.8203125
beta sum per layer: [31756.3671875, 38585.52734375, 166.6801300048828]
alpha/beta optimization time: 3.0635626316070557
pruning_in_iteration open status: False
ratio of positive domain = 16 / 16384 = 0.0009765625
pruning-in-iteration extra time: 6.556510925292969e-05
Time: pickout 0.7329    branching_decision 0.0019    decision 0.0019    set_bounds 0.3669    prepare 0.3799    transfer 0.0001    finalize 0.7617    func 4.7372    solve 4.3220    add 0.4512    bab_iteration 6.2263    
Accumulated time: bab_iteration 42.3286    pickout 7.1874    decision 0.0174    branching_decision 0.0172    set_bounds 3.6152    solve 31.3634    func 36.1000    prepare 3.2388    transfer 0.0010    finalize 6.4332    add 1.2033    
max lb 3.2364988327026367 min lb -5.465130805969238
Number of Verified Splits: 16 of 16384
Current worst splitting domains lb-rhs (depth):
-5.47643 (9), -5.47626 (9), -5.47608 (9), -5.47592 (12), -5.47589 (9), -5.47529 (9), -5.47493 (13), -5.47456 (9), -5.47424 (12), -5.47416 (9), -5.47403 (12), -5.47388 (13), -5.47372 (9), -5.47370 (9), -5.47348 (14), -5.47348 (14), -5.47327 (9), -5.47314 (12), -5.47313 (12), -5.47306 (9), 
Current (lb-rhs): -5.476428031921387
132924 domains visited
Length of domains: 66473
Cumulative time: 48.452213287353516

BaB round 15
batch: 8192
splitting decisions: 
split level 0: [/input, 3721] [/26, 6124] [/26, 3194] [/26, 2283] [/input, 2731] [/input, 3100] [/26, 5684] [/26, 1737] [/input, 460] [/input, 1078] 
best_l after optimization: -52361.82421875
beta sum per layer: [34802.95703125, 42899.70703125, 186.2081756591797]
alpha/beta optimization time: 3.063825845718384
pruning_in_iteration open status: False
ratio of positive domain = 20 / 16384 = 0.001220703125
pruning-in-iteration extra time: 6.198883056640625e-05
Time: pickout 0.7296    branching_decision 0.0021    decision 0.0021    set_bounds 0.3649    prepare 0.3803    transfer 0.0001    finalize 0.7612    func 4.3235    solve 4.7372    add 0.2416    bab_iteration 6.0890    
Accumulated time: bab_iteration 48.4176    pickout 7.9170    decision 0.0195    branching_decision 0.0193    set_bounds 3.9800    solve 36.1006    func 40.4235    prepare 3.6192    transfer 0.0010    finalize 7.1944    add 1.4449    
max lb 2.306469440460205 min lb -5.4646830558776855
Number of Verified Splits: 20 of 16384
Current worst splitting domains lb-rhs (depth):
-5.47643 (9), -5.47626 (9), -5.47608 (9), -5.47592 (12), -5.47589 (9), -5.47529 (9), -5.47493 (13), -5.47456 (9), -5.47424 (12), -5.47416 (9), -5.47403 (12), -5.47388 (13), -5.47372 (9), -5.47370 (9), -5.47348 (14), -5.47348 (14), -5.47327 (9), -5.47314 (12), -5.47313 (12), -5.47306 (9), 
Current (lb-rhs): -5.476428031921387
149308 domains visited
Length of domains: 74645
Cumulative time: 54.429545640945435

BaB round 16
batch: 8192
splitting decisions: 
split level 0: [/input, 3321] [/input, 4252] [/input, 3745] [/input, 408] [/26, 2014] [/input, 6213] [/input, 5959] [/26, 306] [/input, 5879] [/input, 6242] 
best_l after optimization: -51797.66015625
beta sum per layer: [38026.109375, 47377.22265625, 203.47909545898438]
alpha/beta optimization time: 3.063311815261841
pruning_in_iteration open status: False
ratio of positive domain = 28 / 16384 = 0.001708984375
pruning-in-iteration extra time: 8.130073547363281e-05
Time: pickout 0.7354    branching_decision 0.0020    decision 0.0020    set_bounds 0.3656    prepare 0.3789    transfer 0.0001    finalize 0.7645    func 4.3246    solve 4.3236    add 0.5477    bab_iteration 5.9773    
Accumulated time: bab_iteration 54.3949    pickout 8.6524    decision 0.0216    branching_decision 0.0213    set_bounds 4.3456    solve 40.4242    func 44.7481    prepare 3.9981    transfer 0.0011    finalize 7.9589    add 1.9927    
max lb 3.06546688079834 min lb -5.463674545288086
Number of Verified Splits: 29 of 16384
Current worst splitting domains lb-rhs (depth):
-5.47643 (9), -5.47626 (9), -5.47608 (9), -5.47592 (12), -5.47589 (9), -5.47529 (9), -5.47493 (13), -5.47456 (9), -5.47424 (12), -5.47416 (9), -5.47403 (12), -5.47388 (13), -5.47372 (9), -5.47370 (9), -5.47348 (14), -5.47348 (14), -5.47327 (9), -5.47314 (12), -5.47313 (12), -5.47306 (9), 
Current (lb-rhs): -5.476428031921387
165692 domains visited
Length of domains: 82808
Time out!!!!!!!!
Result: unknown in 62.3924 seconds

 %%%%%%%%%%%%%%%%%%%%%%%%%%%%%%%%%%% idx: 4, vnnlib ID: 4 %%%%%%%%%%%%%%%%%%%%%%%%%%%%%%%%%%%
Finished vnnlib processing in 0.001590 seconds
Model: BoundedModule(
  (/input-1): BoundInput(name=/input-1, inputs=[], perturbed=True)
  (/shape): BoundBuffers(name=/shape, inputs=[], perturbed=False)
  (/12): BoundParams(name=/12, inputs=[], perturbed=False)
  (/13): BoundParams(name=/13, inputs=[], perturbed=False)
  (/14): BoundParams(name=/14, inputs=[], perturbed=False)
  (/15): BoundParams(name=/15, inputs=[], perturbed=False)
  (/16): BoundParams(name=/16, inputs=[], perturbed=False)
  (/17): BoundParams(name=/17, inputs=[], perturbed=False)
  (/18): BoundParams(name=/18, inputs=[], perturbed=False)
  (/19): BoundParams(name=/19, inputs=[], perturbed=False)
  (/20): BoundParams(name=/20, inputs=[], perturbed=False)
  (/21): BoundParams(name=/21, inputs=[], perturbed=False)
  (/input): BoundConv(name=/input, inputs=[/input-1, /12, /13], perturbed=True)
  (/input-4): BoundRelu(name=/input-4, inputs=[/input], perturbed=True)
  (/24): BoundConv(name=/24, inputs=[/input-4, /14, /15], perturbed=True)
  (/25): BoundConv(name=/25, inputs=[/input-4, /16, /17], perturbed=True)
  (/26): BoundAdd(name=/26, inputs=[/24, /25], perturbed=True)
  (/27): BoundRelu(name=/27, inputs=[/26], perturbed=True)
  (/28): BoundSplit(name=/28, inputs=[/shape], perturbed=False)
  (/29): BoundSplit(name=/29, inputs=[/shape], perturbed=False)
  (/30): BoundConstant(name=/30, value=tensor([0], device='cuda:0'))
  (/31): BoundSqueeze(name=/31, inputs=[/28, /30], perturbed=False)
  (/32): BoundConstant(name=/32, value=tensor([0], device='cuda:0'))
  (/33): BoundSqueeze(name=/33, inputs=[/29, /32], perturbed=False)
  (/34): BoundConstant(name=/34, value=tensor([0], device='cuda:0'))
  (/35): BoundUnsqueeze(name=/35, inputs=[/31, /34], perturbed=False)
  (/36): BoundConstant(name=/36, value=tensor([0], device='cuda:0'))
  (/37): BoundUnsqueeze(name=/37, inputs=[/33, /36], perturbed=False)
  (/38): BoundConcat(name=/38, inputs=[/35, /37], perturbed=False)
  (/39): BoundReshape(name=/39, inputs=[/27, /38], perturbed=True)
  (/input-8): BoundLinear(name=/input-8, inputs=[/39, /18, /19], perturbed=True)
  (/41): BoundRelu(name=/41, inputs=[/input-8], perturbed=True)
  (/42): BoundLinear(name=/42, inputs=[/41, /20, /21], perturbed=True)
)
Original output in the first batch: tensor([[-0.25156873, -6.30172062,  3.08660650, -0.24840762,  6.03397226,
          1.69097841, -0.64080989,  3.78091359,  0.97645944,  2.55862379]],
       device='cuda:0')
Split layers:
Nonlinear functions:
   BoundRelu(name=/input-4, inputs=[/input], perturbed=True)
   BoundRelu(name=/27, inputs=[/26], perturbed=True)
   BoundRelu(name=/41, inputs=[/input-8], perturbed=True)
build batch [1/1]
layer /input-4 using sparse-features alpha with shape [3898]; unstable size 3898; total size 6272 ([1, 8, 28, 28])
layer /input-4 start_node /26 using sparse-spec alpha [2, 7, 1, 3898] with unstable size 6 total_size 8 output_shape 8
layer /input-4 start_node /input-8 using sparse-spec alpha [2, 26, 1, 3898] with unstable size 25 total_size 64 output_shape torch.Size([64])
layer /input-4 start_node /42 using full alpha [2, 9, 1, 3898] with unstable size None total_size 9 output_shape 9
layer /27 using sparse-features alpha with shape [2493]; unstable size 2493; total size 6272 ([1, 8, 28, 28])
layer /27 start_node /input-8 using sparse-spec alpha [2, 26, 1, 2493] with unstable size 25 total_size 64 output_shape torch.Size([64])
layer /27 start_node /42 using full alpha [2, 9, 1, 2493] with unstable size None total_size 9 output_shape 9
layer /41 using sparse-features alpha with shape [25]; unstable size 25; total size 64 ([1, 64])
layer /41 start_node /42 using full alpha [2, 9, 1, 25] with unstable size None total_size 9 output_shape 9
Optimizable variables initialized.
initial CROWN bounds (first 10 items): [-8.76065444946289, -0.08443069458007812, -11.980863571166992, -10.33067512512207, -8.860164642333984, -9.273948669433594, -10.239197731018066, -8.02989673614502, -7.022299766540527]
prune_after_crown optimization in use
  original spec size = torch.Size([1, 9])
  pruned spec size = torch.Size([1, 9])
Using alpha-CROWN to initialize bounds.
best_l after optimization: -63.98663330078125
alpha/beta optimization time: 1.6113502979278564
initial alpha-crown bounds (first 10 items): [-7.663941860198975, 0.5615749359130859, -11.026583671569824, -8.21345043182373, -7.4996161460876465, -8.400394439697266, -8.886518478393555, -6.576329231262207, -6.281373977661133]
Global lower bound: -11.026583671569824
1 / 9 OR specs are verified.
Verified OR indices (first 10 items): [1]
Verified OR lbs (first 10 items): [[0.5615749359130859]]
Unverified OR indices (first 10 items): [0, 2, 3, 4, 5, 6, 7, 8]
Unverified OR lbs (first 10 items): [[-7.663941860198975], [-11.026583671569824], [-8.21345043182373], [-7.4996161460876465], [-8.400394439697266], [-8.886518478393555], [-6.576329231262207], [-6.281373977661133]]
###### Verifying property Instance 4 ######
Batch size: 8
First 10 spec matrices
C: tensor([[[-1.,  0.,  0.,  0.,  1.,  0.,  0.,  0.,  0.,  0.]],

        [[ 0.,  0., -1.,  0.,  1.,  0.,  0.,  0.,  0.,  0.]],

        [[ 0.,  0.,  0., -1.,  1.,  0.,  0.,  0.,  0.,  0.]],

        [[ 0.,  0.,  0.,  0.,  1., -1.,  0.,  0.,  0.,  0.]],

        [[ 0.,  0.,  0.,  0.,  1.,  0., -1.,  0.,  0.,  0.]],

        [[ 0.,  0.,  0.,  0.,  1.,  0.,  0., -1.,  0.,  0.]],

        [[ 0.,  0.,  0.,  0.,  1.,  0.,  0.,  0., -1.,  0.]],

        [[ 0.,  0.,  0.,  0.,  1.,  0.,  0.,  0.,  0., -1.]]], device='cuda:0')
RHS: tensor([[0.],
        [0.],
        [0.],
        [0.],
        [0.],
        [0.],
        [0.],
        [0.]], device='cuda:0')
OR spec sizes: tensor([1, 1, 1, 1, 1, 1, 1, 1], device='cuda:0', dtype=torch.int32)
Remaining timeout: 57.84085249900818
Model prediction is: tensor([-0.25156873, -6.30172062,  3.08660650, -0.24840762,  6.03397226,
         1.69097841, -0.64080989,  3.78091359,  0.97645944,  2.55862379],
       device='cuda:0')
Activation BaB batch 1/1 
build_with_refined_bounds batch [1/1]
Optimizable variables initialized.
all alpha initialized
directly get lb and ub from refined bounds
c shape: torch.Size([8, 1, 10])
lA shapes: [torch.Size([8, 1, 8, 28, 28]), torch.Size([8, 1, 8, 28, 28]), torch.Size([8, 1, 64])]
(alpha-)CROWN with fixed intermediate bounds: tensor([[ -7.66394186],
        [-11.02658367],
        [ -8.21345043],
        [ -7.49961615],
        [ -8.40039444],
        [ -8.88651848],
        [ -6.57632923],
        [ -6.28137398]], device='cuda:0') tensor([[inf],
        [inf],
        [inf],
        [inf],
        [inf],
        [inf],
        [inf],
        [inf]], device='cuda:0')
Intermediate layers: /input,/26,/input-8
Keeping alphas for these layers: ['/42']
Node /input-4 input 0: size torch.Size([8, 28, 28]) unstable 3898
Node /27 input 0: size torch.Size([8, 28, 28]) unstable 2438
Node /41 input 0: size torch.Size([64]) unstable 23
-----------------
# of unstable neurons: 6359
-----------------

BaB round 1
batch: 8
splitting decisions: 
split level 0: [/26, 527] [/input, 5133] [/26, 6206] [/input, 5893] [/input, 3038] [/input, 276] [/26, 3866] [/input, 3849] 
split level 1: [/input, 2691] [/input, 4257] [/26, 3765] [/input, 4613] [/26, 3460] [/26, 3540] [/input, 5158] [/26, 6160] 
split level 2: [/input, 5961] [/input, 649] [/input, 3209] [/input, 4952] [/input, 4071] [/26, 2247] [/26, 3216] [/input, 5010] 
split level 3: [/input, 4477] [/26, 3786] [/26, 396] [/input, 5477] [/input, 5345] [/input, 3062] [/input, 2997] [/26, 1901] 
best_l after optimization: -1025.52294921875
beta sum per layer: [39.655418395996094, 33.31292724609375, 0.0]
alpha/beta optimization time: 0.13648748397827148
pruning_in_iteration open status: False
ratio of positive domain = 0 / 128 = 0.0
pruning-in-iteration extra time: 5.245208740234375e-05
Time: pickout 0.0040    branching_decision 0.0001    decision 0.0001    set_bounds 0.0058    prepare 0.0019    transfer 0.0000    finalize 0.0072    func 0.1499    
Accumulated time: bab_iteration 0.0000    pickout 0.0040    decision 0.0001    branching_decision 0.0001    set_bounds 0.0058    solve 0.0000    func 0.1499    prepare 0.0019    transfer 0.0000    finalize 0.0072    
max lb -6.250485420227051 min lb -11.023841857910156
Number of Verified Splits: 0 of 128
Current worst splitting domains lb-rhs (depth):
-11.02384 (4), -11.02384 (4), -11.02097 (4), -11.02095 (4), -10.97550 (4), -10.97550 (4), -10.97506 (4), -10.97506 (4), -10.91565 (4), -10.91564 (4), -10.91276 (4), -10.91276 (4), -10.86726 (4), -10.86724 (4), -10.86680 (4), -10.86679 (4), -8.88378 (4), -8.88056 (4), -8.87624 (4), -8.87313 (4), 
Current (lb-rhs): -11.023841857910156
128 domains visited
Length of domains: 128
Cumulative time: 0.19828414916992188

BaB round 2
batch: 128
splitting decisions: 
split level 0: [/26, 6232] [/input, 4667] [/input, 4233] [/input, 748] [/input, 5198] [/26, 2136] [/26, 5681] [/input, 765] [/input, 2991] [/26, 5669] 
best_l after optimization: -2046.352294921875
beta sum per layer: [93.71194458007812, 89.07504272460938, 0.4248000383377075]
alpha/beta optimization time: 0.13510680198669434
pruning_in_iteration open status: False
ratio of positive domain = 0 / 256 = 0.0
pruning-in-iteration extra time: 6.866455078125e-05
Time: pickout 0.0110    branching_decision 0.0001    decision 0.0001    set_bounds 0.0061    prepare 0.0060    transfer 0.0000    finalize 0.0122    func 0.1585    solve 0.1499    add 0.0020    bab_iteration 0.1620    
Accumulated time: bab_iteration 0.1620    pickout 0.0150    decision 0.0002    branching_decision 0.0002    set_bounds 0.0119    solve 0.1499    func 0.3084    prepare 0.0079    transfer 0.0001    finalize 0.0195    add 0.0020    
max lb -6.1959428787231445 min lb -11.023778915405273
Number of Verified Splits: 0 of 256
Current worst splitting domains lb-rhs (depth):
-11.02378 (5), -11.02371 (5), -11.02365 (5), -11.01972 (5), -11.01967 (5), -11.01888 (5), -10.97270 (5), -10.97268 (5), -10.97254 (5), -10.97222 (5), -10.97202 (5), -10.97111 (5), -10.96889 (5), -10.96846 (5), -10.91100 (5), -10.91083 (5), -10.90710 (5), -10.90704 (5), -10.90326 (5), -10.89249 (5), 
Current (lb-rhs): -11.023778915405273
384 domains visited
Length of domains: 256
Cumulative time: 0.3773324489593506

BaB round 3
batch: 256
splitting decisions: 
split level 0: [/26, 2787] [/input, 3595] [/input, 3524] [/input, 4500] [/input, 6240] [/input, 2979] [/input, 4533] [/input, 6182] [/input, 5186] [/input, 4149] 
best_l after optimization: -4073.63623046875
beta sum per layer: [226.34307861328125, 219.99139404296875, 1.5268402099609375]
alpha/beta optimization time: 0.1382451057434082
pruning_in_iteration open status: False
ratio of positive domain = 0 / 512 = 0.0
pruning-in-iteration extra time: 5.412101745605469e-05
Time: pickout 0.0226    branching_decision 0.0001    decision 0.0002    set_bounds 0.0116    prepare 0.0115    transfer 0.0000    finalize 0.0237    func 0.1816    solve 0.1585    add 0.0031    bab_iteration 0.1790    
Accumulated time: bab_iteration 0.3410    pickout 0.0376    decision 0.0004    branching_decision 0.0003    set_bounds 0.0235    solve 0.3085    func 0.4900    prepare 0.0193    transfer 0.0001    finalize 0.0432    add 0.0051    
max lb -0.16970670223236084 min lb -11.023698806762695
Number of Verified Splits: 0 of 512
Current worst splitting domains lb-rhs (depth):
-11.02370 (6), -11.02367 (6), -11.02360 (6), -11.02344 (6), -11.02141 (6), -11.01936 (6), -11.01867 (6), -11.01809 (6), -11.01197 (6), -10.97032 (6), -10.97025 (6), -10.97003 (6), -10.96990 (6), -10.96920 (6), -10.96916 (6), -10.96809 (6), -10.96663 (6), -10.96634 (6), -10.96581 (6), -10.96345 (6), 
Current (lb-rhs): -11.023698806762695
896 domains visited
Length of domains: 512
Cumulative time: 0.5984032154083252

BaB round 4
batch: 512
splitting decisions: 
split level 0: [/input, 3792] [/input, 6109] [/input, 658] [/input, 690] [/input, 3314] [/input, 461] [/input, 4949] [/26, 2274] [/input, 4232] [/input, 2886] 
best_l after optimization: -8125.68994140625
beta sum per layer: [546.224609375, 549.9318237304688, 3.3399391174316406]
alpha/beta optimization time: 0.16601204872131348
pruning_in_iteration open status: False
ratio of positive domain = 2 / 1024 = 0.001953125
pruning-in-iteration extra time: 5.340576171875e-05
Time: pickout 0.0435    branching_decision 0.0002    decision 0.0003    set_bounds 0.0237    prepare 0.0226    transfer 0.0000    finalize 0.0464    func 0.2455    solve 0.1816    add 0.0048    bab_iteration 0.2211    
Accumulated time: bab_iteration 0.5621    pickout 0.0811    decision 0.0006    branching_decision 0.0006    set_bounds 0.0472    solve 0.4901    func 0.7355    prepare 0.0419    transfer 0.0002    finalize 0.0896    add 0.0099    
max lb 0.026197195053100586 min lb -11.023691177368164
Number of Verified Splits: 2 of 1024
Current worst splitting domains lb-rhs (depth):
-11.02367 (7), -11.02367 (7), -11.02367 (7), -11.02334 (7), -11.02318 (7), -11.02254 (7), -11.02078 (7), -11.02072 (7), -11.01895 (7), -11.01895 (7), -11.01803 (7), -11.01710 (7), -11.01690 (7), -11.01654 (7), -11.00929 (7), -10.96814 (7), -10.96783 (7), -10.96772 (7), -10.96757 (7), -10.96754 (7), 
Current (lb-rhs): -11.023666381835938
1920 domains visited
Length of domains: 1022
Cumulative time: 0.9216585159301758

BaB round 5
batch: 1022
splitting decisions: 
split level 0: [/input, 5174] [/26, 5517] [/input, 5383] [/input, 6225] [/26, 2076] [/input, 5670] [/input, 3888] [/26, 5835] [/input, 695] [/input, 5940] 
best_l after optimization: -16201.802734375
beta sum per layer: [1294.5859375, 1296.310546875, 4.558182239532471]
alpha/beta optimization time: 0.40445828437805176
pruning_in_iteration open status: False
ratio of positive domain = 0 / 2044 = 0.0
pruning-in-iteration extra time: 5.435943603515625e-05
Time: pickout 0.0842    branching_decision 0.0004    decision 0.0004    set_bounds 0.0458    prepare 0.0455    transfer 0.0000    finalize 0.0949    func 0.5651    solve 0.2456    add 0.0099    bab_iteration 0.3233    
Accumulated time: bab_iteration 0.8853    pickout 0.1653    decision 0.0010    branching_decision 0.0010    set_bounds 0.0930    solve 0.7357    func 1.3006    prepare 0.0874    transfer 0.0002    finalize 0.1846    add 0.0198    
max lb -4.761417865753174 min lb -11.023666381835938
Number of Verified Splits: 0 of 2044
Current worst splitting domains lb-rhs (depth):
-11.02367 (8), -11.02352 (8), -11.02326 (8), -11.02315 (8), -11.02223 (8), -11.02160 (8), -11.02146 (8), -11.02056 (8), -11.02035 (8), -11.01983 (8), -11.01862 (8), -11.01843 (8), -11.01658 (8), -11.01608 (8), -11.01590 (8), -11.01587 (8), -11.01582 (8), -11.01561 (8), -11.01521 (8), -11.01206 (8), 
Current (lb-rhs): -11.023666381835938
3964 domains visited
Length of domains: 2044
Cumulative time: 1.635349988937378

BaB round 6
batch: 2044
splitting decisions: 
split level 0: [/input, 758] [/input, 6270] [/26, 6209] [/input, 4996] [/input, 2793] [/input, 3583] [/input, 2512] [/input, 4756] [/26, 2121] [/26, 5616] 
best_l after optimization: -32310.31640625
beta sum per layer: [3024.40771484375, 3043.13330078125, 12.181106567382812]
alpha/beta optimization time: 0.7962646484375
pruning_in_iteration open status: False
ratio of positive domain = 0 / 4088 = 0.0
pruning-in-iteration extra time: 7.319450378417969e-05
Time: pickout 0.1680    branching_decision 0.0008    decision 0.0009    set_bounds 0.0912    prepare 0.0920    transfer 0.0000    finalize 0.3321    func 1.2550    solve 0.5651    add 0.0175    bab_iteration 0.7137    
Accumulated time: bab_iteration 1.5990    pickout 0.3334    decision 0.0019    branching_decision 0.0018    set_bounds 0.1842    solve 1.3008    func 2.5555    prepare 0.1795    transfer 0.0003    finalize 0.5166    add 0.0373    
max lb -2.795175552368164 min lb -11.023666381835938
Number of Verified Splits: 0 of 4088
Current worst splitting domains lb-rhs (depth):
-11.02367 (9), -11.02327 (9), -11.02326 (9), -11.02311 (9), -11.02294 (9), -11.02240 (9), -11.02232 (9), -11.02223 (9), -11.02160 (9), -11.02131 (9), -11.02042 (9), -11.02011 (9), -11.02009 (9), -11.01909 (9), -11.01900 (9), -11.01809 (9), -11.01795 (9), -11.01790 (9), -11.01783 (9), -11.01779 (9), 
Current (lb-rhs): -11.023666381835938
8052 domains visited
Length of domains: 4088
Cumulative time: 3.1825101375579834

BaB round 7
batch: 2048
splitting decisions: 
split level 0: [/input, 388] [/26, 1671] [/26, 129] [/input, 589] [/input, 4511] [/input, 98] [/input, 5065] [/input, 2746] [/input, 3153] [/input, 3042] 
best_l after optimization: -32208.09765625
beta sum per layer: [3486.18212890625, 3785.104248046875, 20.359695434570312]
alpha/beta optimization time: 0.7977004051208496
pruning_in_iteration open status: False
ratio of positive domain = 0 / 4096 = 0.0
pruning-in-iteration extra time: 5.459785461425781e-05
Time: pickout 0.1726    branching_decision 0.0006    decision 0.0006    set_bounds 0.0907    prepare 0.0929    transfer 0.0001    finalize 0.1987    func 1.1220    solve 1.2550    add 0.0306    bab_iteration 1.5472    
Accumulated time: bab_iteration 3.1462    pickout 0.5060    decision 0.0025    branching_decision 0.0024    set_bounds 0.2749    solve 2.5558    func 3.6776    prepare 0.2724    transfer 0.0003    finalize 0.7153    add 0.0680    
max lb -1.0005640983581543 min lb -11.022056579589844
Number of Verified Splits: 0 of 4096
Current worst splitting domains lb-rhs (depth):
-11.02367 (9), -11.02327 (9), -11.02326 (9), -11.02311 (9), -11.02223 (9), -11.02206 (10), -11.02199 (10), -11.02133 (10), -11.02102 (10), -11.02076 (10), -11.02042 (9), -11.02032 (10), -11.02011 (9), -11.02003 (10), -11.01990 (10), -11.01933 (10), -11.01909 (9), -11.01900 (9), -11.01809 (9), -11.01790 (9), 
Current (lb-rhs): -11.023666381835938
12148 domains visited
Length of domains: 6136
current_vram/total_varm: 8.8GB/47.7GB, batch_size increase to 4096
Cumulative time: 4.6116204261779785

BaB round 8
batch: 4096
splitting decisions: 
split level 0: [/26, 6195] [/26, 2512] [/input, 5330] [/input, 3513] [/26, 6171] [/input, 6130] [/26, 293] [/input, 6199] [/input, 4773] [/26, 3052] 
best_l after optimization: -64202.53125
beta sum per layer: [7844.7216796875, 8571.9609375, 54.082374572753906]
alpha/beta optimization time: 1.5855042934417725
pruning_in_iteration open status: False
ratio of positive domain = 2 / 8192 = 0.000244140625
pruning-in-iteration extra time: 7.963180541992188e-05
Time: pickout 0.4960    branching_decision 0.0011    decision 0.0011    set_bounds 0.1817    prepare 0.1872    transfer 0.0001    finalize 0.3983    func 2.2340    solve 1.1221    add 0.0416    bab_iteration 1.4291    
Accumulated time: bab_iteration 4.5753    pickout 1.0019    decision 0.0036    branching_decision 0.0035    set_bounds 0.4566    solve 3.6779    func 5.9116    prepare 0.4596    transfer 0.0004    finalize 1.1136    add 0.1096    
max lb 0.8879892826080322 min lb -11.022056579589844
Number of Verified Splits: 2 of 8192
Current worst splitting domains lb-rhs (depth):
-11.02367 (9), -11.02327 (9), -11.02326 (9), -11.02311 (9), -11.02223 (9), -11.02206 (11), -11.02199 (11), -11.02093 (11), -11.02086 (11), -11.02042 (9), -11.02033 (11), -11.02011 (9), -11.01993 (11), -11.01922 (11), -11.01918 (11), -11.01909 (9), -11.01904 (11), -11.01900 (9), -11.01860 (11), -11.01809 (9), 
Current (lb-rhs): -11.023666381835938
20340 domains visited
Length of domains: 10230
current_vram/total_varm: 17.9GB/47.7GB, batch_size increase to 8192
Cumulative time: 7.751038074493408

BaB round 9
batch: 8192
splitting decisions: 
split level 0: [/26, 6141] [/26, 498] [/26, 99] [/input, 4221] [/26, 277] [/input, 4150] [/input, 538] [/26, 85] [/26, 1965] [/input, 3684] 
best_l after optimization: -128018.4453125
beta sum per layer: [17479.984375, 19198.0546875, 133.852294921875]
alpha/beta optimization time: 3.141305446624756
pruning_in_iteration open status: False
ratio of positive domain = 0 / 16384 = 0.0
pruning-in-iteration extra time: 5.9604644775390625e-05
Time: pickout 0.6985    branching_decision 0.0021    decision 0.0021    set_bounds 0.5343    prepare 0.3784    transfer 0.0002    finalize 0.7886    func 4.6226    solve 2.2341    add 0.2236    bab_iteration 3.1394    
Accumulated time: bab_iteration 7.7147    pickout 1.7004    decision 0.0058    branching_decision 0.0056    set_bounds 0.9909    solve 5.9120    func 10.5342    prepare 0.8380    transfer 0.0005    finalize 1.9022    add 0.3332    
max lb -0.24711036682128906 min lb -11.021993637084961
Number of Verified Splits: 0 of 16384
Current worst splitting domains lb-rhs (depth):
-11.02367 (9), -11.02327 (9), -11.02326 (9), -11.02311 (9), -11.02223 (9), -11.02199 (12), -11.02170 (12), -11.02086 (12), -11.02042 (9), -11.02015 (12), -11.02015 (12), -11.02011 (9), -11.01990 (12), -11.01972 (12), -11.01919 (12), -11.01909 (9), -11.01906 (12), -11.01900 (9), -11.01833 (12), -11.01829 (12), 
Current (lb-rhs): -11.023666381835938
36724 domains visited
Length of domains: 18422
Cumulative time: 13.73677921295166

BaB round 10
batch: 8192
splitting decisions: 
split level 0: [/input, 6153] [/input, 3668] [/input, 5771] [/input, 558] [/input, 624] [/input, 460] [/input, 5372] [/input, 6025] [/input, 313] [/input, 573] 
best_l after optimization: -127352.875
beta sum per layer: [19569.296875, 22338.453125, 186.1738739013672]
alpha/beta optimization time: 3.1396238803863525
pruning_in_iteration open status: False
ratio of positive domain = 3 / 16384 = 0.00018310546875
pruning-in-iteration extra time: 5.888938903808594e-05
Time: pickout 0.7141    branching_decision 0.0020    decision 0.0020    set_bounds 0.5818    prepare 0.3808    transfer 0.0001    finalize 0.7872    func 4.4262    solve 4.6226    add 0.1235    bab_iteration 5.9857    
Accumulated time: bab_iteration 13.7004    pickout 2.4145    decision 0.0078    branching_decision 0.0076    set_bounds 1.5727    solve 10.5346    func 14.9604    prepare 1.2188    transfer 0.0006    finalize 2.6894    add 0.4567    
max lb 0.2411661148071289 min lb -11.020109176635742
Number of Verified Splits: 3 of 16384
Current worst splitting domains lb-rhs (depth):
-11.02367 (9), -11.02327 (9), -11.02326 (9), -11.02311 (9), -11.02223 (9), -11.02199 (12), -11.02170 (12), -11.02086 (12), -11.02042 (9), -11.02015 (12), -11.02011 (13), -11.02011 (9), -11.01990 (12), -11.01935 (13), -11.01933 (13), -11.01909 (9), -11.01900 (9), -11.01861 (13), -11.01833 (12), -11.01809 (9), 
Current (lb-rhs): -11.023666381835938
53108 domains visited
Length of domains: 26611
Cumulative time: 19.807538509368896

BaB round 11
batch: 8192
splitting decisions: 
split level 0: [/input, 233] [/input, 715] [/input, 4649] [/input, 131] [/26, 6171] [/26, 2215] [/input, 5720] [/26, 3704] [/26, 6242] [/26, 3443] 
best_l after optimization: -126697.1875
beta sum per layer: [21649.619140625, 25698.02734375, 239.8420867919922]
alpha/beta optimization time: 3.1407930850982666
pruning_in_iteration open status: False
ratio of positive domain = 6 / 16384 = 0.0003662109375
pruning-in-iteration extra time: 6.198883056640625e-05
Time: pickout 0.7176    branching_decision 0.0020    decision 0.0020    set_bounds 0.3636    prepare 0.3808    transfer 0.0001    finalize 1.0520    func 4.6910    solve 4.4263    add 0.3409    bab_iteration 6.0707    
Accumulated time: bab_iteration 19.7712    pickout 3.1321    decision 0.0098    branching_decision 0.0096    set_bounds 1.9363    solve 14.9609    func 19.6514    prepare 1.5996    transfer 0.0007    finalize 3.7414    add 0.7977    
max lb 0.27201199531555176 min lb -11.019510269165039
Number of Verified Splits: 6 of 16384
Current worst splitting domains lb-rhs (depth):
-11.02367 (9), -11.02327 (9), -11.02326 (9), -11.02311 (9), -11.02223 (9), -11.02199 (12), -11.02170 (12), -11.02086 (12), -11.02042 (9), -11.02015 (12), -11.02011 (9), -11.01990 (12), -11.01951 (14), -11.01935 (13), -11.01933 (14), -11.01909 (9), -11.01900 (9), -11.01833 (12), -11.01809 (9), -11.01790 (9), 
Current (lb-rhs): -11.023666381835938
69492 domains visited
Length of domains: 34797
Cumulative time: 25.757065534591675

BaB round 12
batch: 8192
splitting decisions: 
split level 0: [/input, 278] [/26, 2648] [/input, 5900] [/input, 4471] [/26, 3836] [/26, 534] [/26, 350] [/26, 2996] [/input, 2857] [/input, 4623] 
best_l after optimization: -126060.46875
beta sum per layer: [23849.42578125, 29257.755859375, 297.35955810546875]
alpha/beta optimization time: 3.1411681175231934
pruning_in_iteration open status: False
ratio of positive domain = 8 / 16384 = 0.00048828125
pruning-in-iteration extra time: 8.463859558105469e-05
Time: pickout 0.7218    branching_decision 0.0019    decision 0.0019    set_bounds 0.6516    prepare 0.3811    transfer 0.0001    finalize 0.7891    func 4.4284    solve 4.6910    add 0.1691    bab_iteration 5.9495    
Accumulated time: bab_iteration 25.7207    pickout 3.8539    decision 0.0117    branching_decision 0.0115    set_bounds 2.5879    solve 19.6519    func 24.0798    prepare 1.9806    transfer 0.0008    finalize 4.5305    add 0.9668    
max lb 0.6319141387939453 min lb -11.016534805297852
Number of Verified Splits: 8 of 16384
Current worst splitting domains lb-rhs (depth):
-11.02367 (9), -11.02327 (9), -11.02326 (9), -11.02311 (9), -11.02223 (9), -11.02199 (12), -11.02170 (12), -11.02086 (12), -11.02042 (9), -11.02015 (12), -11.02011 (9), -11.01990 (12), -11.01951 (14), -11.01935 (13), -11.01933 (14), -11.01909 (9), -11.01900 (9), -11.01833 (12), -11.01809 (9), -11.01790 (9), 
Current (lb-rhs): -11.023666381835938
85876 domains visited
Length of domains: 42981
Cumulative time: 31.683539867401123

BaB round 13
batch: 8192
splitting decisions: 
split level 0: [/input, 4967] [/input, 768] [/26, 5601] [/input, 4798] [/input, 39] [/input, 4037] [/input, 4352] [/input, 4101] [/input, 4005] [/input, 6141] 
best_l after optimization: -125444.796875
beta sum per layer: [26071.09765625, 32982.59375, 334.0930480957031]
alpha/beta optimization time: 3.1418139934539795
pruning_in_iteration open status: False
ratio of positive domain = 1 / 16384 = 6.103515625e-05
pruning-in-iteration extra time: 7.200241088867188e-05
Time: pickout 1.0483    branching_decision 0.0019    decision 0.0019    set_bounds 0.3650    prepare 0.3823    transfer 0.0001    finalize 0.7893    func 4.7551    solve 4.4284    add 0.1160    bab_iteration 5.9265    
Accumulated time: bab_iteration 31.6472    pickout 4.9023    decision 0.0136    branching_decision 0.0134    set_bounds 2.9529    solve 24.0804    func 28.8349    prepare 2.3629    transfer 0.0008    finalize 5.3198    add 1.0828    
max lb 0.023629188537597656 min lb -11.009618759155273
Number of Verified Splits: 1 of 16384
Current worst splitting domains lb-rhs (depth):
-11.02367 (9), -11.02327 (9), -11.02326 (9), -11.02311 (9), -11.02223 (9), -11.02199 (12), -11.02170 (12), -11.02086 (12), -11.02042 (9), -11.02015 (12), -11.02011 (9), -11.01990 (12), -11.01951 (14), -11.01935 (13), -11.01933 (14), -11.01909 (9), -11.01900 (9), -11.01833 (12), -11.01809 (9), -11.01790 (9), 
Current (lb-rhs): -11.023666381835938
102260 domains visited
Length of domains: 51172
Cumulative time: 37.98275828361511

BaB round 14
batch: 8192
splitting decisions: 
split level 0: [/input, 446] [/input, 3290] [/input, 5067] [/input, 43] [/input, 519] [/26, 6012] [/input, 5636] [/input, 4520] [/input, 3986] [/26, 536] 
best_l after optimization: -124735.609375
beta sum per layer: [28427.84375, 36937.97265625, 397.3624267578125]
alpha/beta optimization time: 3.143998384475708
pruning_in_iteration open status: False
ratio of positive domain = 6 / 16384 = 0.0003662109375
pruning-in-iteration extra time: 9.655952453613281e-05
Time: pickout 0.7369    branching_decision 0.0021    decision 0.0021    set_bounds 0.3650    prepare 0.3817    transfer 0.0001    finalize 1.2217    func 4.8695    solve 4.7551    add 0.1215    bab_iteration 6.2992    
Accumulated time: bab_iteration 37.9464    pickout 5.6392    decision 0.0157    branching_decision 0.0155    set_bounds 3.3179    solve 28.8355    func 33.7044    prepare 2.7447    transfer 0.0009    finalize 6.5415    add 1.2043    
max lb 0.31000518798828125 min lb -11.009462356567383
Number of Verified Splits: 6 of 16384
Current worst splitting domains lb-rhs (depth):
-11.02367 (9), -11.02327 (9), -11.02326 (9), -11.02311 (9), -11.02223 (9), -11.02199 (12), -11.02170 (12), -11.02086 (12), -11.02042 (9), -11.02015 (12), -11.02011 (9), -11.01990 (12), -11.01951 (14), -11.01935 (13), -11.01933 (14), -11.01909 (9), -11.01900 (9), -11.01833 (12), -11.01809 (9), -11.01790 (9), 
Current (lb-rhs): -11.023666381835938
118644 domains visited
Length of domains: 59358
Cumulative time: 44.084835052490234

BaB round 15
batch: 8192
splitting decisions: 
split level 0: [/input, 6092] [/26, 1846] [/26, 6201] [/input, 5007] [/input, 315] [/input, 690] [/input, 5479] [/input, 6078] [/26, 2190] [/input, 3821] 
best_l after optimization: -124082.6875
beta sum per layer: [30902.23828125, 41154.76171875, 443.030029296875]
alpha/beta optimization time: 3.1440656185150146
pruning_in_iteration open status: False
ratio of positive domain = 5 / 16384 = 0.00030517578125
pruning-in-iteration extra time: 0.00010061264038085938
Time: pickout 0.7476    branching_decision 0.0020    decision 0.0021    set_bounds 0.3706    prepare 0.3863    transfer 0.0001    finalize 1.2118    func 4.8607    solve 4.8696    add 0.1203    bab_iteration 6.1021    
Accumulated time: bab_iteration 44.0485    pickout 6.3868    decision 0.0178    branching_decision 0.0175    set_bounds 3.6885    solve 33.7051    func 38.5651    prepare 3.1310    transfer 0.0010    finalize 7.7533    add 1.3246    
max lb 0.12834930419921875 min lb -11.008747100830078
Number of Verified Splits: 6 of 16384
Current worst splitting domains lb-rhs (depth):
-11.02367 (9), -11.02327 (9), -11.02326 (9), -11.02311 (9), -11.02223 (9), -11.02199 (12), -11.02170 (12), -11.02086 (12), -11.02042 (9), -11.02015 (12), -11.02011 (9), -11.01990 (12), -11.01951 (14), -11.01935 (13), -11.01933 (14), -11.01909 (9), -11.01900 (9), -11.01833 (12), -11.01809 (9), -11.01790 (9), 
Current (lb-rhs): -11.023666381835938
135028 domains visited
Length of domains: 67544
Cumulative time: 50.35299301147461

BaB round 16
batch: 8192
splitting decisions: 
split level 0: [/input, 337] [/input, 4139] [/26, 3605] [/26, 390] [/input, 4662] [/26, 2744] [/input, 292] [/input, 5303] [/input, 6154] [/input, 708] 
best_l after optimization: -123442.25
beta sum per layer: [33504.484375, 45604.109375, 499.5459899902344]
alpha/beta optimization time: 3.143275499343872
pruning_in_iteration open status: False
ratio of positive domain = 4 / 16384 = 0.000244140625
pruning-in-iteration extra time: 0.00013899803161621094
Time: pickout 0.7428    branching_decision 0.0020    decision 0.0020    set_bounds 0.3643    prepare 0.3811    transfer 0.0001    finalize 1.2389    func 4.8823    solve 4.8607    add 0.2783    bab_iteration 6.2682    
Accumulated time: bab_iteration 50.3166    pickout 7.1296    decision 0.0198    branching_decision 0.0195    set_bounds 4.0528    solve 38.5658    func 43.4473    prepare 3.5120    transfer 0.0011    finalize 8.9922    add 1.6029    
max lb 0.26731300354003906 min lb -10.997501373291016
Number of Verified Splits: 4 of 16384
Current worst splitting domains lb-rhs (depth):
-11.02367 (9), -11.02327 (9), -11.02326 (9), -11.02311 (9), -11.02223 (9), -11.02199 (12), -11.02170 (12), -11.02086 (12), -11.02042 (9), -11.02015 (12), -11.02011 (9), -11.01990 (12), -11.01951 (14), -11.01935 (13), -11.01933 (14), -11.01909 (9), -11.01900 (9), -11.01833 (12), -11.01809 (9), -11.01790 (9), 
Current (lb-rhs): -11.023666381835938
151412 domains visited
Length of domains: 75732
Cumulative time: 56.477190017700195

BaB round 17
batch: 8192
splitting decisions: 
split level 0: [/input, 6078] [/input, 2842] [/26, 1688] [/input, 4589] [/26, 5669] [/26, 3776] [/26, 3010] [/input, 3688] [/input, 4792] [/input, 4577] 
best_l after optimization: -122750.296875
beta sum per layer: [36309.796875, 50248.90625, 560.3663330078125]
alpha/beta optimization time: 3.1434390544891357
pruning_in_iteration open status: False
ratio of positive domain = 9 / 16384 = 0.00054931640625
pruning-in-iteration extra time: 8.869171142578125e-05
Time: pickout 0.7486    branching_decision 0.0019    decision 0.0020    set_bounds 0.3676    prepare 0.3819    transfer 0.0001    finalize 0.7866    func 4.9181    solve 4.8823    add 0.1237    bab_iteration 6.1242    
Accumulated time: bab_iteration 56.4408    pickout 7.8782    decision 0.0217    branching_decision 0.0214    set_bounds 4.4204    solve 43.4481    func 48.3654    prepare 3.8939    transfer 0.0012    finalize 9.7788    add 1.7266    
max lb 0.7596240043640137 min lb -10.99348258972168
Number of Verified Splits: 9 of 16384
Current worst splitting domains lb-rhs (depth):
-11.02367 (9), -11.02327 (9), -11.02326 (9), -11.02311 (9), -11.02223 (9), -11.02199 (12), -11.02170 (12), -11.02086 (12), -11.02042 (9), -11.02015 (12), -11.02011 (9), -11.01990 (12), -11.01951 (14), -11.01935 (13), -11.01933 (14), -11.01909 (9), -11.01900 (9), -11.01833 (12), -11.01809 (9), -11.01790 (9), 
Current (lb-rhs): -11.023666381835938
167796 domains visited
Length of domains: 83915
Time out!!!!!!!!
Result: unknown in 65.1005 seconds

 %%%%%%%%%%%%%%%%%%%%%%%%%%%%%%%%%%% idx: 5, vnnlib ID: 5 %%%%%%%%%%%%%%%%%%%%%%%%%%%%%%%%%%%
Finished vnnlib processing in 0.001611 seconds
Model: BoundedModule(
  (/input-1): BoundInput(name=/input-1, inputs=[], perturbed=True)
  (/shape): BoundBuffers(name=/shape, inputs=[], perturbed=False)
  (/12): BoundParams(name=/12, inputs=[], perturbed=False)
  (/13): BoundParams(name=/13, inputs=[], perturbed=False)
  (/14): BoundParams(name=/14, inputs=[], perturbed=False)
  (/15): BoundParams(name=/15, inputs=[], perturbed=False)
  (/16): BoundParams(name=/16, inputs=[], perturbed=False)
  (/17): BoundParams(name=/17, inputs=[], perturbed=False)
  (/18): BoundParams(name=/18, inputs=[], perturbed=False)
  (/19): BoundParams(name=/19, inputs=[], perturbed=False)
  (/20): BoundParams(name=/20, inputs=[], perturbed=False)
  (/21): BoundParams(name=/21, inputs=[], perturbed=False)
  (/input): BoundConv(name=/input, inputs=[/input-1, /12, /13], perturbed=True)
  (/input-4): BoundRelu(name=/input-4, inputs=[/input], perturbed=True)
  (/24): BoundConv(name=/24, inputs=[/input-4, /14, /15], perturbed=True)
  (/25): BoundConv(name=/25, inputs=[/input-4, /16, /17], perturbed=True)
  (/26): BoundAdd(name=/26, inputs=[/24, /25], perturbed=True)
  (/27): BoundRelu(name=/27, inputs=[/26], perturbed=True)
  (/28): BoundSplit(name=/28, inputs=[/shape], perturbed=False)
  (/29): BoundSplit(name=/29, inputs=[/shape], perturbed=False)
  (/30): BoundConstant(name=/30, value=tensor([0], device='cuda:0'))
  (/31): BoundSqueeze(name=/31, inputs=[/28, /30], perturbed=False)
  (/32): BoundConstant(name=/32, value=tensor([0], device='cuda:0'))
  (/33): BoundSqueeze(name=/33, inputs=[/29, /32], perturbed=False)
  (/34): BoundConstant(name=/34, value=tensor([0], device='cuda:0'))
  (/35): BoundUnsqueeze(name=/35, inputs=[/31, /34], perturbed=False)
  (/36): BoundConstant(name=/36, value=tensor([0], device='cuda:0'))
  (/37): BoundUnsqueeze(name=/37, inputs=[/33, /36], perturbed=False)
  (/38): BoundConcat(name=/38, inputs=[/35, /37], perturbed=False)
  (/39): BoundReshape(name=/39, inputs=[/27, /38], perturbed=True)
  (/input-8): BoundLinear(name=/input-8, inputs=[/39, /18, /19], perturbed=True)
  (/41): BoundRelu(name=/41, inputs=[/input-8], perturbed=True)
  (/42): BoundLinear(name=/42, inputs=[/41, /20, /21], perturbed=True)
)
Original output in the first batch: tensor([[-4.24182749,  3.75630403,  1.10660899,  0.78542769, -2.25630832,
         -0.40942284, -0.81975800,  0.52730840,  0.49330440, -2.17424846]],
       device='cuda:0')
Split layers:
Nonlinear functions:
   BoundRelu(name=/input-4, inputs=[/input], perturbed=True)
   BoundRelu(name=/27, inputs=[/26], perturbed=True)
   BoundRelu(name=/41, inputs=[/input-8], perturbed=True)
build batch [1/1]
layer /input-4 using sparse-features alpha with shape [4030]; unstable size 4030; total size 6272 ([1, 8, 28, 28])
layer /input-4 start_node /26 using sparse-spec alpha [2, 7, 1, 4030] with unstable size 6 total_size 8 output_shape 8
layer /input-4 start_node /input-8 using sparse-spec alpha [2, 33, 1, 4030] with unstable size 32 total_size 64 output_shape torch.Size([64])
layer /input-4 start_node /42 using full alpha [2, 9, 1, 4030] with unstable size None total_size 9 output_shape 9
layer /27 using sparse-features alpha with shape [2716]; unstable size 2716; total size 6272 ([1, 8, 28, 28])
layer /27 start_node /input-8 using sparse-spec alpha [2, 33, 1, 2716] with unstable size 32 total_size 64 output_shape torch.Size([64])
layer /27 start_node /42 using full alpha [2, 9, 1, 2716] with unstable size None total_size 9 output_shape 9
layer /41 using sparse-features alpha with shape [32]; unstable size 32; total size 64 ([1, 64])
layer /41 start_node /42 using full alpha [2, 9, 1, 32] with unstable size None total_size 9 output_shape 9
Optimizable variables initialized.
initial CROWN bounds (first 10 items): [-11.235113143920898, -13.614272117614746, -15.060815811157227, -9.079144477844238, -10.588678359985352, -12.000406265258789, -14.686994552612305, -9.595705032348633, -11.401912689208984]
prune_after_crown optimization in use
  original spec size = torch.Size([1, 9])
  pruned spec size = torch.Size([1, 9])
Using alpha-CROWN to initialize bounds.
best_l after optimization: -98.60616302490234
alpha/beta optimization time: 1.610241174697876
initial alpha-crown bounds (first 10 items): [-10.33401107788086, -12.9161958694458, -13.300557136535645, -8.236320495605469, -9.986274719238281, -11.1242036819458, -13.44588565826416, -8.860538482666016, -10.402174949645996]
Global lower bound: -13.44588565826416
0 / 9 OR specs are verified.
Verified OR indices (first 10 items): []
Verified OR lbs (first 10 items): []
Unverified OR indices (first 10 items): [0, 1, 2, 3, 4, 5, 6, 7, 8]
Unverified OR lbs (first 10 items): [[-10.33401107788086], [-12.9161958694458], [-13.300557136535645], [-8.236320495605469], [-9.986274719238281], [-11.1242036819458], [-13.44588565826416], [-8.860538482666016], [-10.402174949645996]]
###### Verifying property Instance 5 ######
Batch size: 9
First 10 spec matrices
C: tensor([[[-1.,  1.,  0.,  0.,  0.,  0.,  0.,  0.,  0.,  0.]],

        [[ 0.,  1., -1.,  0.,  0.,  0.,  0.,  0.,  0.,  0.]],

        [[ 0.,  1.,  0., -1.,  0.,  0.,  0.,  0.,  0.,  0.]],

        [[ 0.,  1.,  0.,  0., -1.,  0.,  0.,  0.,  0.,  0.]],

        [[ 0.,  1.,  0.,  0.,  0., -1.,  0.,  0.,  0.,  0.]],

        [[ 0.,  1.,  0.,  0.,  0.,  0., -1.,  0.,  0.,  0.]],

        [[ 0.,  1.,  0.,  0.,  0.,  0.,  0., -1.,  0.,  0.]],

        [[ 0.,  1.,  0.,  0.,  0.,  0.,  0.,  0., -1.,  0.]],

        [[ 0.,  1.,  0.,  0.,  0.,  0.,  0.,  0.,  0., -1.]]], device='cuda:0')
RHS: tensor([[0.],
        [0.],
        [0.],
        [0.],
        [0.],
        [0.],
        [0.],
        [0.],
        [0.]], device='cuda:0')
OR spec sizes: tensor([1, 1, 1, 1, 1, 1, 1, 1, 1], device='cuda:0', dtype=torch.int32)
Remaining timeout: 57.91460871696472
Model prediction is: tensor([-4.24182749,  3.75630403,  1.10660899,  0.78542769, -2.25630832,
        -0.40942284, -0.81975800,  0.52730840,  0.49330440, -2.17424846],
       device='cuda:0')
Activation BaB batch 1/1 
build_with_refined_bounds batch [1/1]
Optimizable variables initialized.
all alpha initialized
directly get lb and ub from refined bounds
c shape: torch.Size([9, 1, 10])
lA shapes: [torch.Size([9, 1, 8, 28, 28]), torch.Size([9, 1, 8, 28, 28]), torch.Size([9, 1, 64])]
(alpha-)CROWN with fixed intermediate bounds: tensor([[-10.33401108],
        [-12.91619587],
        [-13.30055714],
        [ -8.23632050],
        [ -9.98627472],
        [-11.12420368],
        [-13.44588566],
        [ -8.86053848],
        [-10.40217495]], device='cuda:0') tensor([[inf],
        [inf],
        [inf],
        [inf],
        [inf],
        [inf],
        [inf],
        [inf],
        [inf]], device='cuda:0')
Intermediate layers: /input,/26,/input-8
Keeping alphas for these layers: ['/42']
Node /input-4 input 0: size torch.Size([8, 28, 28]) unstable 4030
Node /27 input 0: size torch.Size([8, 28, 28]) unstable 2670
Node /41 input 0: size torch.Size([64]) unstable 31
-----------------
# of unstable neurons: 6731
-----------------

BaB round 1
batch: 9
splitting decisions: 
split level 0: [/input, 550] [/input-8, 26] [/input, 4545] [/26, 173] [/input, 4310] [/input, 3276] [/26, 6193] [/input, 3503] [/26, 5579] 
split level 1: [/26, 1983] [/input, 738] [/26, 3454] [/26, 3180] [/input, 3142] [/26, 2370] [/input, 3589] [/26, 3745] [/input, 6187] 
split level 2: [/26, 66] [/input, 408] [/26, 6093] [/input, 3285] [/26, 1774] [/input, 5787] [/input, 5467] [/input, 645] [/input, 3604] 
split level 3: [/input, 3537] [/26, 6219] [/input, 4585] [/input, 3464] [/input, 3067] [/input, 5990] [/26, 2307] [/26, 6232] [/26, 5507] 
best_l after optimization: -1545.383056640625
beta sum per layer: [34.20085525512695, 35.82878875732422, 5.731706142425537]
alpha/beta optimization time: 0.1352977752685547
pruning_in_iteration open status: False
ratio of positive domain = 0 / 144 = 0.0
pruning-in-iteration extra time: 5.340576171875e-05
Time: pickout 0.0040    branching_decision 0.0001    decision 0.0001    set_bounds 0.0067    prepare 0.0024    transfer 0.0000    finalize 0.0067    func 0.1502    
Accumulated time: bab_iteration 0.0000    pickout 0.0040    decision 0.0001    branching_decision 0.0001    set_bounds 0.0067    solve 0.0000    func 0.1502    prepare 0.0024    transfer 0.0000    finalize 0.0067    
max lb -8.196443557739258 min lb -13.442062377929688
Number of Verified Splits: 0 of 144
Current worst splitting domains lb-rhs (depth):
-13.44206 (4), -13.42216 (4), -13.38624 (4), -13.36634 (4), -13.33723 (4), -13.31732 (4), -13.29484 (4), -13.29451 (4), -13.29298 (4), -13.29269 (4), -13.28199 (4), -13.26665 (4), -13.26630 (4), -13.26492 (4), -13.26457 (4), -13.26208 (4), -13.24355 (4), -13.24333 (4), -13.24157 (4), -13.24135 (4), 
Current (lb-rhs): -13.442062377929688
144 domains visited
Length of domains: 144
Cumulative time: 0.19086432456970215

BaB round 2
batch: 144
splitting decisions: 
split level 0: [/26, 1715] [/26, 779] [/input, 6224] [/input, 4150] [/input, 276] [/26, 6165] [/26, 2306] [/26, 6095] [/input, 5928] [/26, 5759] 
best_l after optimization: -3074.635009765625
beta sum per layer: [86.77467346191406, 105.74305725097656, 21.611587524414062]
alpha/beta optimization time: 0.13500523567199707
pruning_in_iteration open status: False
ratio of positive domain = 0 / 288 = 0.0
pruning-in-iteration extra time: 5.245208740234375e-05
Time: pickout 0.0129    branching_decision 0.0001    decision 0.0001    set_bounds 0.0068    prepare 0.0068    transfer 0.0000    finalize 0.0142    func 0.1614    solve 0.1502    add 0.0021    bab_iteration 0.1632    
Accumulated time: bab_iteration 0.1632    pickout 0.0168    decision 0.0002    branching_decision 0.0002    set_bounds 0.0135    solve 0.1502    func 0.3117    prepare 0.0092    transfer 0.0001    finalize 0.0209    add 0.0021    
max lb -8.085365295410156 min lb -13.442025184631348
Number of Verified Splits: 0 of 288
Current worst splitting domains lb-rhs (depth):
-13.44203 (5), -13.43752 (5), -13.42030 (5), -13.42003 (5), -13.38226 (5), -13.38222 (5), -13.36017 (5), -13.35306 (5), -13.32156 (5), -13.31669 (5), -13.30258 (5), -13.29504 (5), -13.29437 (5), -13.29433 (5), -13.29262 (5), -13.29261 (5), -13.29215 (5), -13.28462 (5), -13.27098 (5), -13.26498 (5), 
Current (lb-rhs): -13.442025184631348
432 domains visited
Length of domains: 288
Cumulative time: 0.3751943111419678

BaB round 3
batch: 288
splitting decisions: 
split level 0: [/input, 4627] [/26, 636] [/26, 1652] [/input, 6193] [/26, 5505] [/input, 5603] [/input, 4811] [/26, 1982] [/26, 5739] [/26, 589] 
best_l after optimization: -6129.0888671875
beta sum per layer: [219.55075073242188, 283.6044921875, 44.98617935180664]
alpha/beta optimization time: 0.1366729736328125
pruning_in_iteration open status: False
ratio of positive domain = 0 / 576 = 0.0
pruning-in-iteration extra time: 5.269050598144531e-05
Time: pickout 0.0260    branching_decision 0.0002    decision 0.0002    set_bounds 0.0129    prepare 0.0132    transfer 0.0000    finalize 0.0284    func 0.1860    solve 0.1615    add 0.0029    bab_iteration 0.1843    
Accumulated time: bab_iteration 0.3475    pickout 0.0428    decision 0.0004    branching_decision 0.0004    set_bounds 0.0264    solve 0.3117    func 0.4976    prepare 0.0225    transfer 0.0001    finalize 0.0492    add 0.0049    
max lb -7.054097652435303 min lb -13.4420747756958
Number of Verified Splits: 0 of 576
Current worst splitting domains lb-rhs (depth):
-13.44203 (6), -13.44201 (6), -13.43522 (6), -13.41861 (6), -13.41854 (6), -13.41779 (6), -13.37857 (6), -13.37812 (6), -13.37804 (6), -13.36736 (6), -13.36194 (6), -13.36069 (6), -13.35435 (6), -13.34638 (6), -13.31407 (6), -13.31404 (6), -13.30435 (6), -13.29434 (6), -13.29428 (6), -13.29414 (6), 
Current (lb-rhs): -13.442025184631348
1008 domains visited
Length of domains: 576
Cumulative time: 0.6080970764160156

BaB round 4
batch: 576
splitting decisions: 
split level 0: [/input, 51] [/input, 5545] [/input, 4731] [/26, 3384] [/26, 3331] [/input, 4612] [/input, 4224] [/26, 776] [/26, 140] [/26, 739] 
best_l after optimization: -12218.8134765625
beta sum per layer: [524.02587890625, 677.4786376953125, 93.88838195800781]
alpha/beta optimization time: 0.24411892890930176
pruning_in_iteration open status: False
ratio of positive domain = 0 / 1152 = 0.0
pruning-in-iteration extra time: 5.2928924560546875e-05
Time: pickout 0.0489    branching_decision 0.0003    decision 0.0003    set_bounds 0.0266    prepare 0.0264    transfer 0.0000    finalize 0.0536    func 0.3375    solve 0.1860    add 0.0076    bab_iteration 0.2329    
Accumulated time: bab_iteration 0.5804    pickout 0.0917    decision 0.0007    branching_decision 0.0006    set_bounds 0.0530    solve 0.4977    func 0.8352    prepare 0.0488    transfer 0.0002    finalize 0.1029    add 0.0125    
max lb -6.999262809753418 min lb -13.44205379486084
Number of Verified Splits: 0 of 1152
Current worst splitting domains lb-rhs (depth):
-13.44201 (7), -13.44199 (7), -13.44197 (7), -13.43397 (7), -13.43354 (7), -13.43228 (7), -13.41609 (7), -13.41606 (7), -13.41559 (7), -13.40750 (7), -13.37542 (7), -13.37501 (7), -13.37488 (7), -13.37150 (7), -13.36472 (7), -13.36429 (7), -13.36353 (7), -13.36271 (7), -13.35525 (7), -13.35523 (7), 
Current (lb-rhs): -13.442011833190918
2160 domains visited
Length of domains: 1152
Cumulative time: 1.0360939502716064

BaB round 5
batch: 1152
splitting decisions: 
split level 0: [/input, 5422] [/input, 45] [/26, 205] [/26, 450] [/input, 4512] [/input, 4222] [/26, 779] [/26, 2158] [/input, 5268] [/26, 5635] 
best_l after optimization: -24364.48046875
beta sum per layer: [1231.8958740234375, 1567.3033447265625, 196.1486358642578]
alpha/beta optimization time: 0.42582273483276367
pruning_in_iteration open status: False
ratio of positive domain = 0 / 2304 = 0.0
pruning-in-iteration extra time: 6.103515625e-05
Time: pickout 0.0981    branching_decision 0.0005    decision 0.0005    set_bounds 0.0518    prepare 0.0529    transfer 0.0000    finalize 0.1106    func 0.6098    solve 0.3376    add 0.0141    bab_iteration 0.4280    
Accumulated time: bab_iteration 1.0084    pickout 0.1898    decision 0.0013    branching_decision 0.0012    set_bounds 0.1048    solve 0.8353    func 1.4449    prepare 0.1017    transfer 0.0002    finalize 0.2135    add 0.0266    
max lb -6.893007278442383 min lb -13.441778182983398
Number of Verified Splits: 0 of 2304
Current worst splitting domains lb-rhs (depth):
-13.44178 (8), -13.44159 (8), -13.44152 (8), -13.43979 (8), -13.43192 (8), -13.43078 (8), -13.43066 (8), -13.43029 (8), -13.42109 (8), -13.41423 (8), -13.41373 (8), -13.41305 (8), -13.41228 (8), -13.40606 (8), -13.40326 (8), -13.39252 (8), -13.38873 (8), -13.37584 (8), -13.37126 (8), -13.37067 (8), 
Current (lb-rhs): -13.441778182983398
4464 domains visited
Length of domains: 2304
Cumulative time: 1.8180468082427979

BaB round 6
batch: 2048
splitting decisions: 
split level 0: [/26, 3917] [/input, 3482] [/26, 1941] [/26, 2359] [/input, 4814] [/input, 6112] [/input, 2529] [/26, 3243] [/input, 5321] [/input, 5726] 
best_l after optimization: -43159.34765625
beta sum per layer: [2538.959228515625, 3278.241455078125, 362.76031494140625]
alpha/beta optimization time: 0.806790828704834
pruning_in_iteration open status: False
ratio of positive domain = 0 / 4096 = 0.0
pruning-in-iteration extra time: 6.341934204101562e-05
Time: pickout 0.1748    branching_decision 0.0008    decision 0.0008    set_bounds 0.2275    prepare 0.0954    transfer 0.0001    finalize 0.2054    func 1.1420    solve 0.6098    add 0.0204    bab_iteration 0.7819    
Accumulated time: bab_iteration 1.7904    pickout 0.3646    decision 0.0021    branching_decision 0.0020    set_bounds 0.3323    solve 1.4451    func 2.5869    prepare 0.1972    transfer 0.0003    finalize 0.4189    add 0.0470    
max lb -4.090522766113281 min lb -13.441740036010742
Number of Verified Splits: 0 of 4096
Current worst splitting domains lb-rhs (depth):
-13.44174 (9), -13.44159 (8), -13.44061 (9), -13.43943 (9), -13.43715 (9), -13.43031 (9), -13.43004 (9), -13.42979 (9), -13.42977 (9), -13.42896 (9), -13.42862 (9), -13.42370 (9), -13.42242 (9), -13.42150 (9), -13.41669 (9), -13.41373 (8), -13.41237 (9), -13.41228 (8), -13.41195 (9), -13.41054 (9), 
Current (lb-rhs): -13.441740036010742
8560 domains visited
Length of domains: 4352
current_vram/total_varm: 9.5GB/47.7GB, batch_size increase to 4096
Cumulative time: 3.4035112857818604

BaB round 7
batch: 4096
splitting decisions: 
split level 0: [/input, 6053] [/26, 2234] [/26, 5564] [/input, 3022] [/input, 4884] [/input, 4891] [/input, 2609] [/input, 4320] [/26, 606] [/26, 5549] 
best_l after optimization: -86034.6875
beta sum per layer: [5813.404296875, 7484.0673828125, 760.5970458984375]
alpha/beta optimization time: 1.6188561916351318
pruning_in_iteration open status: False
ratio of positive domain = 0 / 8192 = 0.0
pruning-in-iteration extra time: 5.7697296142578125e-05
Time: pickout 0.3528    branching_decision 0.0013    decision 0.0013    set_bounds 0.3312    prepare 0.1924    transfer 0.0001    finalize 0.4133    func 2.2928    solve 1.1420    add 0.0386    bab_iteration 1.5855    
Accumulated time: bab_iteration 3.3758    pickout 0.7174    decision 0.0034    branching_decision 0.0033    set_bounds 0.6635    solve 2.5871    func 4.8797    prepare 0.3895    transfer 0.0003    finalize 0.8322    add 0.0856    
max lb -0.361724853515625 min lb -13.441414833068848
Number of Verified Splits: 0 of 8192
Current worst splitting domains lb-rhs (depth):
-13.44159 (8), -13.44141 (10), -13.44061 (10), -13.44061 (10), -13.43738 (10), -13.43685 (10), -13.43676 (10), -13.42926 (10), -13.42923 (10), -13.42923 (10), -13.42910 (10), -13.42896 (10), -13.42853 (10), -13.42790 (10), -13.42729 (10), -13.42213 (10), -13.42179 (10), -13.42136 (10), -13.41833 (10), -13.41818 (10), 
Current (lb-rhs): -13.44158935546875
16752 domains visited
Length of domains: 8448
current_vram/total_varm: 18.9GB/47.7GB, batch_size increase to 8192
Cumulative time: 6.452139139175415

BaB round 8
batch: 8192
splitting decisions: 
split level 0: [/input, 2506] [/26, 3804] [/input, 2515] [/26, 649] [/input, 4818] [/input, 5280] [/26, 741] [/input, 5056] [/26, 5591] [/input, 4704] 
best_l after optimization: -171661.28125
beta sum per layer: [13101.68359375, 16744.76953125, 1571.815185546875]
alpha/beta optimization time: 3.1745996475219727
pruning_in_iteration open status: False
ratio of positive domain = 4 / 16384 = 0.000244140625
pruning-in-iteration extra time: 5.817413330078125e-05
Time: pickout 0.8765    branching_decision 0.0023    decision 0.0023    set_bounds 0.3650    prepare 0.3848    transfer 0.0001    finalize 0.9869    func 4.6678    solve 2.2929    add 0.0675    bab_iteration 3.0486    
Accumulated time: bab_iteration 6.4245    pickout 1.5939    decision 0.0057    branching_decision 0.0056    set_bounds 1.0284    solve 4.8800    func 9.5476    prepare 0.7743    transfer 0.0005    finalize 1.8190    add 0.1530    
max lb 1.030923843383789 min lb -13.440972328186035
Number of Verified Splits: 4 of 16384
Current worst splitting domains lb-rhs (depth):
-13.44159 (8), -13.44097 (11), -13.44061 (11), -13.44054 (11), -13.44033 (11), -13.43685 (11), -13.43680 (11), -13.43651 (11), -13.43582 (11), -13.42897 (11), -13.42893 (11), -13.42876 (11), -13.42875 (11), -13.42873 (11), -13.42861 (11), -13.42833 (11), -13.42819 (11), -13.42788 (11), -13.42753 (11), -13.42737 (11), 
Current (lb-rhs): -13.44158935546875
33136 domains visited
Length of domains: 16636
Cumulative time: 12.491560697555542

BaB round 9
batch: 8192
splitting decisions: 
split level 0: [/26, 2672] [/input, 6157] [/26, 778] [/input, 2754] [/input, 6233] [/26, 3531] [/26, 3639] [/input, 2568] [/input, 5226] [/input, 490] 
best_l after optimization: -171137.40625
beta sum per layer: [14719.390625, 19543.35546875, 1603.7689208984375]
alpha/beta optimization time: 3.175523519515991
pruning_in_iteration open status: False
ratio of positive domain = 2 / 16384 = 0.0001220703125
pruning-in-iteration extra time: 5.91278076171875e-05
Time: pickout 0.9237    branching_decision 0.0022    decision 0.0022    set_bounds 0.3646    prepare 0.3876    transfer 0.0001    finalize 1.0140    func 4.6958    solve 4.6679    add 0.1228    bab_iteration 6.0394    
Accumulated time: bab_iteration 12.4639    pickout 2.5176    decision 0.0080    branching_decision 0.0078    set_bounds 1.3930    solve 9.5479    func 14.2433    prepare 1.1619    transfer 0.0005    finalize 2.8330    add 0.2758    
max lb 1.0439720153808594 min lb -13.440601348876953
Number of Verified Splits: 2 of 16384
Current worst splitting domains lb-rhs (depth):
-13.44159 (8), -13.44097 (11), -13.44060 (12), -13.44054 (11), -13.44033 (11), -13.43811 (12), -13.43685 (11), -13.43680 (12), -13.43673 (12), -13.43651 (11), -13.43421 (12), -13.42893 (11), -13.42876 (11), -13.42873 (11), -13.42861 (11), -13.42854 (12), -13.42846 (12), -13.42843 (12), -13.42802 (12), -13.42788 (11), 
Current (lb-rhs): -13.44158935546875
49520 domains visited
Length of domains: 24826
Cumulative time: 18.603335857391357

BaB round 10
batch: 8192
splitting decisions: 
split level 0: [/input, 4281] [/input, 6095] [/26, 2034] [/input, 3184] [/input, 4955] [/26, 1958] [/input, 5182] [/26, 5604] [/input, 764] [/input, 5163] 
best_l after optimization: -170572.5
beta sum per layer: [16432.0859375, 22611.6640625, 1641.632568359375]
alpha/beta optimization time: 3.1750857830047607
pruning_in_iteration open status: False
ratio of positive domain = 0 / 16384 = 0.0
pruning-in-iteration extra time: 5.888938903808594e-05
Time: pickout 0.9867    branching_decision 0.0020    decision 0.0020    set_bounds 0.3633    prepare 0.3879    transfer 0.0001    finalize 1.0667    func 4.7470    solve 4.6958    add 0.1198    bab_iteration 6.1118    
Accumulated time: bab_iteration 18.5757    pickout 3.5043    decision 0.0100    branching_decision 0.0098    set_bounds 1.7563    solve 14.2437    func 18.9904    prepare 1.5498    transfer 0.0006    finalize 3.8997    add 0.3956    
max lb -2.038382053375244 min lb -13.440603256225586
Number of Verified Splits: 0 of 16384
Current worst splitting domains lb-rhs (depth):
-13.44159 (8), -13.44097 (11), -13.44060 (13), -13.44054 (11), -13.44033 (11), -13.43811 (12), -13.43685 (11), -13.43676 (13), -13.43673 (12), -13.43661 (13), -13.43651 (11), -13.43421 (12), -13.42893 (11), -13.42876 (11), -13.42873 (11), -13.42861 (11), -13.42846 (12), -13.42843 (12), -13.42802 (12), -13.42788 (11), 
Current (lb-rhs): -13.44158935546875
65904 domains visited
Length of domains: 33018
Cumulative time: 24.878015518188477

BaB round 11
batch: 8192
splitting decisions: 
split level 0: [/26, 3851] [/input, 5014] [/input, 192] [/input, 173] [/input, 3876] [/26, 5715] [/input, 3407] [/input, 3774] [/26, 3254] [/input, 4136] 
best_l after optimization: -169935.28125
beta sum per layer: [18202.69140625, 25771.68359375, 1700.220458984375]
alpha/beta optimization time: 3.1763625144958496
pruning_in_iteration open status: False
ratio of positive domain = 0 / 16384 = 0.0
pruning-in-iteration extra time: 6.318092346191406e-05
Time: pickout 0.7342    branching_decision 0.0021    decision 0.0021    set_bounds 0.6471    prepare 0.3889    transfer 0.0001    finalize 0.8203    func 4.5034    solve 4.7471    add 0.1692    bab_iteration 6.2747    
Accumulated time: bab_iteration 24.8503    pickout 4.2384    decision 0.0120    branching_decision 0.0118    set_bounds 2.4034    solve 18.9908    func 23.4937    prepare 1.9387    transfer 0.0007    finalize 4.7199    add 0.5648    
max lb -1.9330744743347168 min lb -13.440686225891113
Number of Verified Splits: 0 of 16384
Current worst splitting domains lb-rhs (depth):
-13.44159 (8), -13.44097 (11), -13.44060 (14), -13.44060 (14), -13.44054 (11), -13.44033 (11), -13.43811 (12), -13.43685 (11), -13.43676 (13), -13.43673 (12), -13.43661 (13), -13.43651 (11), -13.43421 (12), -13.42893 (11), -13.42876 (11), -13.42873 (11), -13.42861 (11), -13.42846 (12), -13.42843 (12), -13.42802 (12), 
Current (lb-rhs): -13.44158935546875
82288 domains visited
Length of domains: 41210
Cumulative time: 30.891377449035645

BaB round 12
batch: 8192
splitting decisions: 
split level 0: [/input, 5385] [/input, 5981] [/input, 3619] [/26, 3480] [/input, 4180] [/26, 595] [/26, 3722] [/input, 5670] [/input, 5786] [/26, 3700] 
best_l after optimization: -169299.578125
beta sum per layer: [20067.357421875, 29155.08203125, 1763.933349609375]
alpha/beta optimization time: 3.17576003074646
pruning_in_iteration open status: False
ratio of positive domain = 0 / 16384 = 0.0
pruning-in-iteration extra time: 8.034706115722656e-05
Time: pickout 1.0585    branching_decision 0.0019    decision 0.0019    set_bounds 0.3643    prepare 0.3892    transfer 0.0001    finalize 0.8181    func 4.5005    solve 4.5034    add 0.1196    bab_iteration 6.0134    
Accumulated time: bab_iteration 30.8637    pickout 5.2969    decision 0.0140    branching_decision 0.0138    set_bounds 2.7677    solve 23.4943    func 27.9943    prepare 2.3278    transfer 0.0008    finalize 5.5380    add 0.6844    
max lb -1.8433890342712402 min lb -13.44066333770752
Number of Verified Splits: 0 of 16384
Current worst splitting domains lb-rhs (depth):
-13.44159 (8), -13.44097 (11), -13.44060 (15), -13.44060 (14), -13.44060 (15), -13.44054 (11), -13.44033 (11), -13.43811 (12), -13.43685 (11), -13.43676 (13), -13.43673 (12), -13.43661 (13), -13.43651 (11), -13.43421 (12), -13.42893 (11), -13.42876 (11), -13.42873 (11), -13.42861 (11), -13.42846 (12), -13.42843 (12), 
Current (lb-rhs): -13.44158935546875
98672 domains visited
Length of domains: 49402
Cumulative time: 37.26702427864075

BaB round 13
batch: 8192
splitting decisions: 
split level 0: [/input, 4375] [/input, 4472] [/input, 3994] [/26, 3798] [/26, 512] [/26, 5575] [/26, 306] [/input, 5393] [/26, 5664] [/input, 5831] 
best_l after optimization: -168665.25
beta sum per layer: [22063.20703125, 32685.638671875, 1812.96728515625]
alpha/beta optimization time: 3.1779441833496094
pruning_in_iteration open status: False
ratio of positive domain = 2 / 16384 = 0.0001220703125
pruning-in-iteration extra time: 6.103515625e-05
Time: pickout 0.7540    branching_decision 0.0020    decision 0.0020    set_bounds 0.3684    prepare 0.3906    transfer 0.0001    finalize 0.8196    func 4.8977    solve 4.5006    add 0.4428    bab_iteration 6.3756    
Accumulated time: bab_iteration 37.2393    pickout 6.0509    decision 0.0160    branching_decision 0.0158    set_bounds 3.1361    solve 27.9948    func 32.8920    prepare 2.7184    transfer 0.0008    finalize 6.3576    add 1.1271    
max lb 0.04956388473510742 min lb -13.440662384033203
Number of Verified Splits: 2 of 16384
Current worst splitting domains lb-rhs (depth):
-13.44159 (8), -13.44097 (11), -13.44060 (15), -13.44060 (14), -13.44060 (16), -13.44054 (11), -13.44033 (11), -13.43827 (16), -13.43811 (12), -13.43685 (11), -13.43676 (13), -13.43673 (12), -13.43661 (13), -13.43651 (11), -13.43421 (12), -13.42893 (11), -13.42876 (11), -13.42873 (11), -13.42861 (11), -13.42846 (12), 
Current (lb-rhs): -13.44158935546875
115056 domains visited
Length of domains: 57592
Cumulative time: 43.42078614234924

BaB round 14
batch: 8192
splitting decisions: 
split level 0: [/26, 6182] [/input, 6152] [/26, 3424] [/26, 3632] [/input, 5780] [/input, 4092] [/26, 3236] [/input, 2458] [/input, 5527] [/input, 2728] 
best_l after optimization: -168025.046875
beta sum per layer: [24147.37109375, 36397.16796875, 1864.487060546875]
alpha/beta optimization time: 3.181009531021118
pruning_in_iteration open status: False
ratio of positive domain = 0 / 16384 = 0.0
pruning-in-iteration extra time: 9.584426879882812e-05
Time: pickout 0.7566    branching_decision 0.0021    decision 0.0021    set_bounds 0.3650    prepare 0.3884    transfer 0.0001    finalize 0.8290    func 5.0160    solve 4.8978    add 0.1233    bab_iteration 6.1538    
Accumulated time: bab_iteration 43.3931    pickout 6.8076    decision 0.0181    branching_decision 0.0179    set_bounds 3.5011    solve 32.8926    func 37.9080    prepare 3.1068    transfer 0.0009    finalize 7.1866    add 1.2504    
max lb -1.6097517013549805 min lb -13.439811706542969
Number of Verified Splits: 0 of 16384
Current worst splitting domains lb-rhs (depth):
-13.44159 (8), -13.44097 (11), -13.44060 (14), -13.44060 (15), -13.44054 (11), -13.44033 (11), -13.43981 (17), -13.43827 (16), -13.43811 (12), -13.43685 (11), -13.43676 (13), -13.43673 (12), -13.43661 (13), -13.43651 (11), -13.43589 (17), -13.43421 (12), -13.42893 (11), -13.42876 (11), -13.42873 (11), -13.42861 (11), 
Current (lb-rhs): -13.44158935546875
131440 domains visited
Length of domains: 65784
Cumulative time: 49.856611490249634

BaB round 15
batch: 8192
splitting decisions: 
split level 0: [/26, 2275] [/26, 1766] [/26, 1573] [/input, 5134] [/input, 5614] [/26, 3306] [/input, 3237] [/26, 619] [/input, 3409] [/input, 6215] 
best_l after optimization: -167354.84375
beta sum per layer: [26403.822265625, 40264.22265625, 1926.075439453125]
alpha/beta optimization time: 3.179170608520508
pruning_in_iteration open status: False
ratio of positive domain = 0 / 16384 = 0.0
pruning-in-iteration extra time: 7.486343383789062e-05
Time: pickout 0.7574    branching_decision 0.0020    decision 0.0020    set_bounds 0.3643    prepare 0.3891    transfer 0.0001    finalize 0.8235    func 4.9824    solve 5.0160    add 0.2871    bab_iteration 6.4358    
Accumulated time: bab_iteration 49.8289    pickout 7.5650    decision 0.0201    branching_decision 0.0198    set_bounds 3.8653    solve 37.9087    func 42.8904    prepare 3.4959    transfer 0.0010    finalize 8.0101    add 1.5375    
max lb -0.15520858764648438 min lb -13.435916900634766
Number of Verified Splits: 0 of 16384
Current worst splitting domains lb-rhs (depth):
-13.44159 (8), -13.44097 (11), -13.44060 (14), -13.44060 (15), -13.44054 (11), -13.44033 (11), -13.43981 (17), -13.43827 (16), -13.43811 (12), -13.43685 (11), -13.43676 (13), -13.43673 (12), -13.43661 (13), -13.43651 (11), -13.43589 (18), -13.43421 (12), -13.42893 (11), -13.42876 (11), -13.42873 (11), -13.42861 (11), 
Current (lb-rhs): -13.44158935546875
147824 domains visited
Length of domains: 73976
Cumulative time: 56.10036277770996

BaB round 16
batch: 8192
splitting decisions: 
split level 0: [/input, 5902] [/input, 345] [/input, 3327] [/26, 2912] [/input, 4725] [/input, 407] [/26, 1932] [/26, 121] [/input, 5411] [/input, 4471] 
best_l after optimization: -166661.375
beta sum per layer: [28717.91015625, 44220.2578125, 1989.7918701171875]
alpha/beta optimization time: 3.1782965660095215
pruning_in_iteration open status: False
ratio of positive domain = 2 / 16384 = 0.0001220703125
pruning-in-iteration extra time: 6.222724914550781e-05
Time: pickout 0.7593    branching_decision 0.0021    decision 0.0021    set_bounds 0.3643    prepare 0.3907    transfer 0.0001    finalize 0.8221    func 4.5099    solve 4.9825    add 0.1279    bab_iteration 6.2437    
Accumulated time: bab_iteration 56.0726    pickout 8.3243    decision 0.0222    branching_decision 0.0219    set_bounds 4.2297    solve 42.8912    func 47.4004    prepare 3.8866    transfer 0.0011    finalize 8.8322    add 1.6654    
max lb 0.44564247131347656 min lb -13.435554504394531
Number of Verified Splits: 2 of 16384
Current worst splitting domains lb-rhs (depth):
-13.44159 (8), -13.44097 (11), -13.44060 (14), -13.44060 (15), -13.44054 (11), -13.44033 (11), -13.43981 (17), -13.43827 (16), -13.43811 (12), -13.43685 (11), -13.43676 (13), -13.43673 (12), -13.43661 (13), -13.43651 (11), -13.43555 (19), -13.43421 (12), -13.42893 (11), -13.42876 (11), -13.42873 (11), -13.42861 (11), 
Current (lb-rhs): -13.44158935546875
164208 domains visited
Length of domains: 82166
Time out!!!!!!!!
Result: unknown in 64.2527 seconds

 %%%%%%%%%%%%%%%%%%%%%%%%%%%%%%%%%%% idx: 6, vnnlib ID: 6 %%%%%%%%%%%%%%%%%%%%%%%%%%%%%%%%%%%
Finished vnnlib processing in 0.001614 seconds
Model: BoundedModule(
  (/input-1): BoundInput(name=/input-1, inputs=[], perturbed=True)
  (/shape): BoundBuffers(name=/shape, inputs=[], perturbed=False)
  (/12): BoundParams(name=/12, inputs=[], perturbed=False)
  (/13): BoundParams(name=/13, inputs=[], perturbed=False)
  (/14): BoundParams(name=/14, inputs=[], perturbed=False)
  (/15): BoundParams(name=/15, inputs=[], perturbed=False)
  (/16): BoundParams(name=/16, inputs=[], perturbed=False)
  (/17): BoundParams(name=/17, inputs=[], perturbed=False)
  (/18): BoundParams(name=/18, inputs=[], perturbed=False)
  (/19): BoundParams(name=/19, inputs=[], perturbed=False)
  (/20): BoundParams(name=/20, inputs=[], perturbed=False)
  (/21): BoundParams(name=/21, inputs=[], perturbed=False)
  (/input): BoundConv(name=/input, inputs=[/input-1, /12, /13], perturbed=True)
  (/input-4): BoundRelu(name=/input-4, inputs=[/input], perturbed=True)
  (/24): BoundConv(name=/24, inputs=[/input-4, /14, /15], perturbed=True)
  (/25): BoundConv(name=/25, inputs=[/input-4, /16, /17], perturbed=True)
  (/26): BoundAdd(name=/26, inputs=[/24, /25], perturbed=True)
  (/27): BoundRelu(name=/27, inputs=[/26], perturbed=True)
  (/28): BoundSplit(name=/28, inputs=[/shape], perturbed=False)
  (/29): BoundSplit(name=/29, inputs=[/shape], perturbed=False)
  (/30): BoundConstant(name=/30, value=tensor([0], device='cuda:0'))
  (/31): BoundSqueeze(name=/31, inputs=[/28, /30], perturbed=False)
  (/32): BoundConstant(name=/32, value=tensor([0], device='cuda:0'))
  (/33): BoundSqueeze(name=/33, inputs=[/29, /32], perturbed=False)
  (/34): BoundConstant(name=/34, value=tensor([0], device='cuda:0'))
  (/35): BoundUnsqueeze(name=/35, inputs=[/31, /34], perturbed=False)
  (/36): BoundConstant(name=/36, value=tensor([0], device='cuda:0'))
  (/37): BoundUnsqueeze(name=/37, inputs=[/33, /36], perturbed=False)
  (/38): BoundConcat(name=/38, inputs=[/35, /37], perturbed=False)
  (/39): BoundReshape(name=/39, inputs=[/27, /38], perturbed=True)
  (/input-8): BoundLinear(name=/input-8, inputs=[/39, /18, /19], perturbed=True)
  (/41): BoundRelu(name=/41, inputs=[/input-8], perturbed=True)
  (/42): BoundLinear(name=/42, inputs=[/41, /20, /21], perturbed=True)
)
Original output in the first batch: tensor([[-2.02807403, -2.87817597, -1.03525031,  2.69809008,  6.15423203,
          4.73605919, -3.10855675,  5.07441998,  3.74967098,  3.59000564]],
       device='cuda:0')
Split layers:
Nonlinear functions:
   BoundRelu(name=/input-4, inputs=[/input], perturbed=True)
   BoundRelu(name=/27, inputs=[/26], perturbed=True)
   BoundRelu(name=/41, inputs=[/input-8], perturbed=True)
build batch [1/1]
layer /input-4 using sparse-features alpha with shape [3872]; unstable size 3872; total size 6272 ([1, 8, 28, 28])
layer /input-4 start_node /26 using sparse-spec alpha [2, 7, 1, 3872] with unstable size 6 total_size 8 output_shape 8
layer /input-4 start_node /input-8 using sparse-spec alpha [2, 23, 1, 3872] with unstable size 22 total_size 64 output_shape torch.Size([64])
layer /input-4 start_node /42 using full alpha [2, 9, 1, 3872] with unstable size None total_size 9 output_shape 9
layer /27 using sparse-features alpha with shape [2492]; unstable size 2492; total size 6272 ([1, 8, 28, 28])
layer /27 start_node /input-8 using sparse-spec alpha [2, 23, 1, 2492] with unstable size 22 total_size 64 output_shape torch.Size([64])
layer /27 start_node /42 using full alpha [2, 9, 1, 2492] with unstable size None total_size 9 output_shape 9
layer /41 using sparse-features alpha with shape [22]; unstable size 22; total size 64 ([1, 64])
layer /41 start_node /42 using full alpha [2, 9, 1, 22] with unstable size None total_size 9 output_shape 9
Optimizable variables initialized.
initial CROWN bounds (first 10 items): [-7.377699851989746, -2.8088622093200684, -8.595024108886719, -13.009889602661133, -11.579030990600586, -7.178267478942871, -11.776891708374023, -10.533018112182617, -7.906304836273193]
prune_after_crown optimization in use
  original spec size = torch.Size([1, 9])
  pruned spec size = torch.Size([1, 9])
Using alpha-CROWN to initialize bounds.
best_l after optimization: -67.7085952758789
alpha/beta optimization time: 1.608940601348877
initial alpha-crown bounds (first 10 items): [-6.166719436645508, -2.1979904174804688, -7.600919723510742, -10.319904327392578, -9.912216186523438, -6.360354900360107, -9.964617729187012, -8.609618186950684, -6.5762553215026855]
Global lower bound: -10.319904327392578
0 / 9 OR specs are verified.
Verified OR indices (first 10 items): []
Verified OR lbs (first 10 items): []
Unverified OR indices (first 10 items): [0, 1, 2, 3, 4, 5, 6, 7, 8]
Unverified OR lbs (first 10 items): [[-6.166719436645508], [-2.1979904174804688], [-7.600919723510742], [-10.319904327392578], [-9.912216186523438], [-6.360354900360107], [-9.964617729187012], [-8.609618186950684], [-6.5762553215026855]]
###### Verifying property Instance 6 ######
Batch size: 9
First 10 spec matrices
C: tensor([[[-1.,  0.,  0.,  0.,  1.,  0.,  0.,  0.,  0.,  0.]],

        [[ 0., -1.,  0.,  0.,  1.,  0.,  0.,  0.,  0.,  0.]],

        [[ 0.,  0., -1.,  0.,  1.,  0.,  0.,  0.,  0.,  0.]],

        [[ 0.,  0.,  0., -1.,  1.,  0.,  0.,  0.,  0.,  0.]],

        [[ 0.,  0.,  0.,  0.,  1., -1.,  0.,  0.,  0.,  0.]],

        [[ 0.,  0.,  0.,  0.,  1.,  0., -1.,  0.,  0.,  0.]],

        [[ 0.,  0.,  0.,  0.,  1.,  0.,  0., -1.,  0.,  0.]],

        [[ 0.,  0.,  0.,  0.,  1.,  0.,  0.,  0., -1.,  0.]],

        [[ 0.,  0.,  0.,  0.,  1.,  0.,  0.,  0.,  0., -1.]]], device='cuda:0')
RHS: tensor([[0.],
        [0.],
        [0.],
        [0.],
        [0.],
        [0.],
        [0.],
        [0.],
        [0.]], device='cuda:0')
OR spec sizes: tensor([1, 1, 1, 1, 1, 1, 1, 1, 1], device='cuda:0', dtype=torch.int32)
Remaining timeout: 57.83327269554138
Model prediction is: tensor([-2.02807403, -2.87817597, -1.03525031,  2.69809008,  6.15423203,
         4.73605919, -3.10855675,  5.07441998,  3.74967098,  3.59000564],
       device='cuda:0')
Activation BaB batch 1/1 
build_with_refined_bounds batch [1/1]
Optimizable variables initialized.
all alpha initialized
directly get lb and ub from refined bounds
c shape: torch.Size([9, 1, 10])
lA shapes: [torch.Size([9, 1, 8, 28, 28]), torch.Size([9, 1, 8, 28, 28]), torch.Size([9, 1, 64])]
(alpha-)CROWN with fixed intermediate bounds: tensor([[ -6.16671944],
        [ -2.19799042],
        [ -7.60091972],
        [-10.31990433],
        [ -9.91221619],
        [ -6.36035490],
        [ -9.96461773],
        [ -8.60961819],
        [ -6.57625532]], device='cuda:0') tensor([[inf],
        [inf],
        [inf],
        [inf],
        [inf],
        [inf],
        [inf],
        [inf],
        [inf]], device='cuda:0')
Intermediate layers: /input,/26,/input-8
Keeping alphas for these layers: ['/42']
Node /input-4 input 0: size torch.Size([8, 28, 28]) unstable 3872
Node /27 input 0: size torch.Size([8, 28, 28]) unstable 2426
Node /41 input 0: size torch.Size([64]) unstable 22
-----------------
# of unstable neurons: 6320
-----------------

BaB round 1
batch: 9
splitting decisions: 
split level 0: [/input, 3439] [/26, 586] [/26, 667] [/26, 2153] [/input, 2812] [/26, 735] [/26, 3694] [/input, 5845] [/input, 6045] 
split level 1: [/26, 136] [/26, 2648] [/input, 4160] [/input, 5965] [/input, 6202] [/input, 4511] [/26, 3009] [/26, 3828] [/26, 5689] 
split level 2: [/26, 3781] [/input, 2636] [/input, 3952] [/input, 4477] [/26, 2160] [/input, 3794] [/input, 4017] [/input, 3196] [/input, 5373] 
split level 3: [/26, 6190] [/26, 3706] [/input, 4387] [/input, 2807] [/input, 740] [/input, 5746] [/26, 2107] [/26, 3733] [/26, 1722] 
best_l after optimization: -1074.0980224609375
beta sum per layer: [33.219573974609375, 32.62544250488281, 0.0]
alpha/beta optimization time: 0.13534998893737793
pruning_in_iteration open status: False
ratio of positive domain = 0 / 144 = 0.0
pruning-in-iteration extra time: 5.269050598144531e-05
Time: pickout 0.0038    branching_decision 0.0001    decision 0.0001    set_bounds 0.0066    prepare 0.0022    transfer 0.0000    finalize 0.0075    func 0.1502    
Accumulated time: bab_iteration 0.0000    pickout 0.0038    decision 0.0001    branching_decision 0.0001    set_bounds 0.0066    solve 0.0000    func 0.1502    prepare 0.0022    transfer 0.0000    finalize 0.0075    
max lb -1.9970669746398926 min lb -10.316277503967285
Number of Verified Splits: 0 of 144
Current worst splitting domains lb-rhs (depth):
-10.31628 (4), -10.31626 (4), -10.31541 (4), -10.31540 (4), -10.30425 (4), -10.30338 (4), -10.30076 (4), -10.29989 (4), -10.12805 (4), -10.12804 (4), -10.12718 (4), -10.12717 (4), -10.11602 (4), -10.11515 (4), -10.11253 (4), -10.11166 (4), -9.96244 (4), -9.95798 (4), -9.95214 (4), -9.95213 (4), 
Current (lb-rhs): -10.316277503967285
144 domains visited
Length of domains: 144
Cumulative time: 0.19586181640625

BaB round 2
batch: 144
splitting decisions: 
split level 0: [/input, 4006] [/input, 746] [/input, 4338] [/input, 4132] [/26, 3534] [/input, 2838] [/input, 597] [/26, 2609] [/26, 5798] [/input, 169] 
best_l after optimization: -2143.1298828125
beta sum per layer: [101.31265258789062, 94.7742691040039, 0.4192923903465271]
alpha/beta optimization time: 0.13508319854736328
pruning_in_iteration open status: False
ratio of positive domain = 0 / 288 = 0.0
pruning-in-iteration extra time: 6.890296936035156e-05
Time: pickout 0.0124    branching_decision 0.0001    decision 0.0001    set_bounds 0.0069    prepare 0.0068    transfer 0.0000    finalize 0.0142    func 0.1615    solve 0.1503    add 0.0021    bab_iteration 0.1630    
Accumulated time: bab_iteration 0.1630    pickout 0.0162    decision 0.0002    branching_decision 0.0002    set_bounds 0.0135    solve 0.1503    func 0.3117    prepare 0.0089    transfer 0.0001    finalize 0.0218    add 0.0021    
max lb -1.9479084014892578 min lb -10.31600570678711
Number of Verified Splits: 0 of 288
Current worst splitting domains lb-rhs (depth):
-10.31601 (5), -10.31492 (5), -10.31489 (5), -10.31349 (5), -10.30566 (5), -10.30282 (5), -10.30179 (5), -10.30121 (5), -10.30007 (5), -10.29848 (5), -10.29846 (5), -10.29837 (5), -10.29737 (5), -10.27056 (5), -10.22739 (5), -10.11096 (5), -10.10227 (5), -10.10222 (5), -10.10114 (5), -10.10008 (5), 
Current (lb-rhs): -10.31600570678711
432 domains visited
Length of domains: 288
Cumulative time: 0.3805992603302002

BaB round 3
batch: 288
splitting decisions: 
split level 0: [/26, 673] [/input, 3084] [/input, 422] [/input, 4085] [/26, 2249] [/26, 3878] [/input, 557] [/input, 6240] [/input, 4608] [/input, 5104] 
best_l after optimization: -4276.72314453125
beta sum per layer: [237.0495147705078, 255.9195098876953, 1.4185665845870972]
alpha/beta optimization time: 0.16196918487548828
pruning_in_iteration open status: False
ratio of positive domain = 0 / 576 = 0.0
pruning-in-iteration extra time: 5.340576171875e-05
Time: pickout 0.0254    branching_decision 0.0002    decision 0.0002    set_bounds 0.0129    prepare 0.0130    transfer 0.0000    finalize 0.0262    func 0.2089    solve 0.1615    add 0.0036    bab_iteration 0.1847    
Accumulated time: bab_iteration 0.3477    pickout 0.0416    decision 0.0004    branching_decision 0.0003    set_bounds 0.0264    solve 0.3118    func 0.5207    prepare 0.0220    transfer 0.0001    finalize 0.0480    add 0.0057    
max lb -1.2662639617919922 min lb -10.315786361694336
Number of Verified Splits: 0 of 576
Current worst splitting domains lb-rhs (depth):
-10.31579 (6), -10.31520 (6), -10.31454 (6), -10.31434 (6), -10.31285 (6), -10.31282 (6), -10.30647 (6), -10.30561 (6), -10.30152 (6), -10.30083 (6), -10.30040 (6), -10.29785 (6), -10.29668 (6), -10.29650 (6), -10.29644 (6), -10.29640 (6), -10.29635 (6), -10.29563 (6), -10.29529 (6), -10.29527 (6), 
Current (lb-rhs): -10.315786361694336
1008 domains visited
Length of domains: 576
Cumulative time: 0.635279655456543

BaB round 4
batch: 576
splitting decisions: 
split level 0: [/input, 2971] [/26, 3207] [/input, 5589] [/26, 3912] [/input, 5297] [/26, 2054] [/input, 3188] [/input, 3432] [/26, 3302] [/26, 3230] 
best_l after optimization: -8531.7802734375
beta sum per layer: [557.6591796875, 608.1963500976562, 6.041607856750488]
alpha/beta optimization time: 0.1896531581878662
pruning_in_iteration open status: False
ratio of positive domain = 0 / 1152 = 0.0
pruning-in-iteration extra time: 5.459785461425781e-05
Time: pickout 0.0485    branching_decision 0.0003    decision 0.0003    set_bounds 0.0265    prepare 0.0258    transfer 0.0000    finalize 0.0551    func 0.2821    solve 0.2090    add 0.0069    bab_iteration 0.2547    
Accumulated time: bab_iteration 0.6024    pickout 0.0901    decision 0.0007    branching_decision 0.0006    set_bounds 0.0529    solve 0.5208    func 0.8027    prepare 0.0478    transfer 0.0002    finalize 0.1031    add 0.0125    
max lb -0.45092248916625977 min lb -10.315718650817871
Number of Verified Splits: 0 of 1152
Current worst splitting domains lb-rhs (depth):
-10.31572 (7), -10.31503 (7), -10.31454 (7), -10.31430 (7), -10.31368 (7), -10.31284 (7), -10.31281 (7), -10.30881 (7), -10.30743 (7), -10.30612 (7), -10.30494 (7), -10.30437 (7), -10.30349 (7), -10.30089 (7), -10.30045 (7), -10.30018 (7), -10.29947 (7), -10.29887 (7), -10.29647 (7), -10.29534 (7), 
Current (lb-rhs): -10.315718650817871
2160 domains visited
Length of domains: 1152
Cumulative time: 1.0068936347961426

BaB round 5
batch: 1152
splitting decisions: 
split level 0: [/26, 2076] [/26, 5736] [/input, 3412] [/input, 4393] [/input, 557] [/input, 3338] [/26, 6010] [/input, 6208] [/input, 3266] [/input, 5588] 
best_l after optimization: -17023.068359375
beta sum per layer: [1317.4052734375, 1437.4676513671875, 12.9190092086792]
alpha/beta optimization time: 0.4197530746459961
pruning_in_iteration open status: False
ratio of positive domain = 0 / 2304 = 0.0
pruning-in-iteration extra time: 5.4836273193359375e-05
Time: pickout 0.0960    branching_decision 0.0005    decision 0.0006    set_bounds 0.0521    prepare 0.0519    transfer 0.0000    finalize 0.1173    func 0.6104    solve 0.2821    add 0.0138    bab_iteration 0.3716    
Accumulated time: bab_iteration 0.9740    pickout 0.1862    decision 0.0013    branching_decision 0.0012    set_bounds 0.1050    solve 0.8029    func 1.4131    prepare 0.0997    transfer 0.0002    finalize 0.2203    add 0.0263    
max lb -0.22933053970336914 min lb -10.315092086791992
Number of Verified Splits: 0 of 2304
Current worst splitting domains lb-rhs (depth):
-10.31509 (8), -10.31482 (8), -10.31454 (8), -10.31428 (8), -10.31407 (8), -10.31281 (8), -10.31279 (8), -10.31277 (8), -10.31209 (8), -10.31005 (8), -10.30804 (8), -10.30657 (8), -10.30635 (8), -10.30624 (8), -10.30611 (8), -10.30559 (8), -10.30492 (8), -10.30484 (8), -10.30292 (8), -10.30204 (8), 
Current (lb-rhs): -10.315092086791992
4464 domains visited
Length of domains: 2304
Cumulative time: 1.7858507633209229

BaB round 6
batch: 2048
splitting decisions: 
split level 0: [/26, 1712] [/26, 3751] [/26, 2953] [/input, 3265] [/input, 6057] [/input, 6042] [/26, 5876] [/input, 5428] [/26, 3448] [/26, 5975] 
best_l after optimization: -30169.228515625
beta sum per layer: [2713.6240234375, 3066.6044921875, 28.445817947387695]
alpha/beta optimization time: 0.7965097427368164
pruning_in_iteration open status: False
ratio of positive domain = 0 / 4096 = 0.0
pruning-in-iteration extra time: 6.67572021484375e-05
Time: pickout 0.1705    branching_decision 0.0008    decision 0.0009    set_bounds 0.0918    prepare 0.2280    transfer 0.0001    finalize 0.2029    func 1.2613    solve 0.6104    add 0.0188    bab_iteration 0.7790    
Accumulated time: bab_iteration 1.7529    pickout 0.3566    decision 0.0021    branching_decision 0.0020    set_bounds 0.1968    solve 1.4133    func 2.6744    prepare 0.3277    transfer 0.0003    finalize 0.4233    add 0.0451    
max lb -0.034662723541259766 min lb -10.315044403076172
Number of Verified Splits: 0 of 4096
Current worst splitting domains lb-rhs (depth):
-10.31504 (9), -10.31482 (8), -10.31424 (9), -10.31394 (9), -10.31336 (9), -10.31293 (9), -10.31281 (9), -10.31274 (9), -10.31261 (9), -10.31149 (9), -10.31100 (9), -10.30978 (9), -10.30972 (9), -10.30962 (9), -10.30804 (8), -10.30672 (9), -10.30624 (8), -10.30577 (9), -10.30563 (9), -10.30539 (9), 
Current (lb-rhs): -10.315044403076172
8560 domains visited
Length of domains: 4352
current_vram/total_varm: 9.3GB/47.7GB, batch_size increase to 4096
Cumulative time: 3.349818468093872

BaB round 7
batch: 4096
splitting decisions: 
split level 0: [/26, 1782] [/input, 3548] [/26, 386] [/input, 1111] [/26, 5540] [/input, 4787] [/26, 6102] [/26, 3915] [/input, 4713] [/input, 5812] 
best_l after optimization: -60141.921875
beta sum per layer: [6216.619140625, 7010.84765625, 68.18904113769531]
alpha/beta optimization time: 1.5824947357177734
pruning_in_iteration open status: False
ratio of positive domain = 8 / 8192 = 0.0009765625
pruning-in-iteration extra time: 6.031990051269531e-05
Time: pickout 0.3439    branching_decision 0.0012    decision 0.0013    set_bounds 0.3319    prepare 0.1888    transfer 0.0001    finalize 0.3965    func 2.2318    solve 1.2614    add 0.0374    bab_iteration 1.5640    
Accumulated time: bab_iteration 3.3169    pickout 0.7005    decision 0.0034    branching_decision 0.0033    set_bounds 0.5287    solve 2.6747    func 4.9062    prepare 0.5165    transfer 0.0003    finalize 0.8198    add 0.0826    
max lb 0.07793712615966797 min lb -10.315042495727539
Number of Verified Splits: 8 of 8192
Current worst splitting domains lb-rhs (depth):
-10.31504 (10), -10.31482 (8), -10.31412 (10), -10.31367 (10), -10.31350 (10), -10.31296 (10), -10.31291 (10), -10.31274 (10), -10.31270 (10), -10.31256 (10), -10.31224 (10), -10.31104 (10), -10.31084 (10), -10.31047 (10), -10.30964 (10), -10.30947 (10), -10.30887 (10), -10.30807 (10), -10.30804 (8), -10.30692 (10), 
Current (lb-rhs): -10.315042495727539
16752 domains visited
Length of domains: 8440
current_vram/total_varm: 18.4GB/47.7GB, batch_size increase to 8192
Cumulative time: 6.326129198074341

BaB round 8
batch: 8192
splitting decisions: 
split level 0: [/input, 5212] [/input, 3773] [/input, 3384] [/26, 6003] [/input, 255] [/input, 445] [/input, 2430] [/input, 3529] [/input, 5219] [/input, 3778] 
best_l after optimization: -120063.484375
beta sum per layer: [13959.7412109375, 15844.134765625, 143.18753051757812]
alpha/beta optimization time: 3.132948398590088
pruning_in_iteration open status: False
ratio of positive domain = 0 / 16384 = 0.0
pruning-in-iteration extra time: 8.606910705566406e-05
Time: pickout 0.8587    branching_decision 0.0023    decision 0.0023    set_bounds 0.3648    prepare 0.3774    transfer 0.0001    finalize 1.3452    func 4.9780    solve 2.2319    add 0.0642    bab_iteration 2.9763    
Accumulated time: bab_iteration 6.2932    pickout 1.5592    decision 0.0057    branching_decision 0.0055    set_bounds 0.8935    solve 4.9065    func 9.8843    prepare 0.8939    transfer 0.0005    finalize 2.1650    add 0.1468    
max lb -0.29584789276123047 min lb -10.31423282623291
Number of Verified Splits: 0 of 16384
Current worst splitting domains lb-rhs (depth):
-10.31482 (8), -10.31423 (11), -10.31367 (11), -10.31313 (11), -10.31291 (11), -10.31290 (11), -10.31287 (11), -10.31274 (11), -10.31259 (11), -10.31246 (11), -10.31238 (11), -10.31224 (11), -10.31220 (11), -10.31204 (11), -10.31198 (11), -10.31160 (11), -10.31056 (11), -10.31050 (11), -10.31012 (11), -10.30964 (11), 
Current (lb-rhs): -10.314821243286133
33136 domains visited
Length of domains: 16632
Cumulative time: 14.429776430130005

BaB round 9
batch: 8192
splitting decisions: 
split level 0: [/input, 5139] [/input, 4386] [/input, 5062] [/input, 4663] [/input, 4054] [/input, 3877] [/input, 48] [/26, 6012] [/input, 4159] [/input, 1443] 
best_l after optimization: -119519.59375
beta sum per layer: [15748.578125, 18733.373046875, 174.61097717285156]
alpha/beta optimization time: 3.9436724185943604
pruning_in_iteration open status: False
ratio of positive domain = 2 / 16384 = 0.0001220703125
pruning-in-iteration extra time: 9.417533874511719e-05
Time: pickout 3.6351    branching_decision 0.0027    decision 0.0027    set_bounds 0.3657    prepare 0.3861    transfer 0.0001    finalize 0.8074    func 5.4668    solve 4.9781    add 1.7889    bab_iteration 8.1036    
Accumulated time: bab_iteration 14.3968    pickout 5.1943    decision 0.0084    branching_decision 0.0082    set_bounds 1.2593    solve 9.8847    func 15.3511    prepare 1.2800    transfer 0.0006    finalize 2.9724    add 1.9357    
max lb 0.22652292251586914 min lb -10.313671112060547
Number of Verified Splits: 2 of 16384
Current worst splitting domains lb-rhs (depth):
-10.31482 (8), -10.31423 (11), -10.31367 (12), -10.31313 (11), -10.31291 (11), -10.31290 (11), -10.31274 (12), -10.31259 (11), -10.31240 (12), -10.31239 (12), -10.31238 (11), -10.31224 (11), -10.31220 (11), -10.31195 (12), -10.31167 (12), -10.31153 (12), -10.31105 (12), -10.31056 (11), -10.31050 (11), -10.31012 (11), 
Current (lb-rhs): -10.314821243286133
49520 domains visited
Length of domains: 24822
Cumulative time: 24.206600427627563

BaB round 10
batch: 8192
splitting decisions: 
split level 0: [/26, 1988] [/26, 530] [/26, 2273] [/26, 2050] [/input, 238] [/26, 2356] [/input, 3966] [/input, 3367] [/26, 781] [/26, 3179] 
best_l after optimization: -118936.40625
beta sum per layer: [17600.17578125, 21937.2734375, 217.0149383544922]
alpha/beta optimization time: 3.1410715579986572
pruning_in_iteration open status: False
ratio of positive domain = 7 / 16384 = 0.00042724609375
pruning-in-iteration extra time: 5.984306335449219e-05
Time: pickout 0.9676    branching_decision 0.0021    decision 0.0021    set_bounds 0.3646    prepare 0.3834    transfer 0.0001    finalize 1.0567    func 4.6995    solve 5.4669    add 0.3005    bab_iteration 9.7768    
Accumulated time: bab_iteration 24.1737    pickout 6.1619    decision 0.0105    branching_decision 0.0103    set_bounds 1.6238    solve 15.3515    func 20.0506    prepare 1.6633    transfer 0.0007    finalize 4.0291    add 2.2362    
max lb 0.1021571159362793 min lb -10.312542915344238
Number of Verified Splits: 7 of 16384
Current worst splitting domains lb-rhs (depth):
-10.31482 (8), -10.31423 (11), -10.31367 (12), -10.31313 (11), -10.31291 (11), -10.31290 (11), -10.31274 (12), -10.31259 (11), -10.31240 (13), -10.31240 (13), -10.31239 (12), -10.31238 (11), -10.31224 (11), -10.31220 (11), -10.31195 (12), -10.31167 (12), -10.31153 (12), -10.31056 (11), -10.31050 (11), -10.31016 (13), 
Current (lb-rhs): -10.314821243286133
65904 domains visited
Length of domains: 33007
Cumulative time: 30.80024218559265

BaB round 11
batch: 8192
splitting decisions: 
split level 0: [/input, 5543] [/input, 4714] [/26, 736] [/26, 1925] [/26, 5882] [/input-8, 10] [/26, 1589] [/26, 3808] [/input, 2617] [/input, 4818] 
best_l after optimization: -118403.3515625
beta sum per layer: [19519.98046875, 25270.96875, 256.13140869140625]
alpha/beta optimization time: 3.1596899032592773
pruning_in_iteration open status: False
ratio of positive domain = 5 / 16384 = 0.00030517578125
pruning-in-iteration extra time: 0.00011372566223144531
Time: pickout 0.7225    branching_decision 0.0021    decision 0.0021    set_bounds 0.6582    prepare 0.3945    transfer 0.0002    finalize 0.8552    func 4.5586    solve 4.6996    add 0.5534    bab_iteration 6.5936    
Accumulated time: bab_iteration 30.7673    pickout 6.8844    decision 0.0126    branching_decision 0.0124    set_bounds 2.2821    solve 20.0511    func 24.6092    prepare 2.0578    transfer 0.0008    finalize 4.8843    add 2.7896    
max lb 1.0940637588500977 min lb -10.31240177154541
Number of Verified Splits: 5 of 16384
Current worst splitting domains lb-rhs (depth):
-10.31482 (8), -10.31423 (11), -10.31367 (12), -10.31313 (11), -10.31291 (11), -10.31290 (11), -10.31274 (12), -10.31259 (11), -10.31240 (13), -10.31240 (14), -10.31239 (12), -10.31238 (11), -10.31224 (11), -10.31220 (11), -10.31195 (12), -10.31167 (12), -10.31153 (12), -10.31056 (11), -10.31050 (11), -10.31016 (13), 
Current (lb-rhs): -10.314821243286133
82288 domains visited
Length of domains: 41194
Cumulative time: 37.2191596031189

BaB round 12
batch: 8192
splitting decisions: 
split level 0: [/26, 2513] [/26, 1961] [/input, 5095] [/input, 5272] [/input, 3418] [/input, 4281] [/input, 4005] [/input, 3676] [/input, 426] [/26, 1788] 
best_l after optimization: -117848.953125
beta sum per layer: [21555.16015625, 28810.138671875, 296.72216796875]
alpha/beta optimization time: 3.1416211128234863
pruning_in_iteration open status: False
ratio of positive domain = 2 / 16384 = 0.0001220703125
pruning-in-iteration extra time: 8.821487426757812e-05
Time: pickout 1.2247    branching_decision 0.0021    decision 0.0021    set_bounds 0.3700    prepare 0.3935    transfer 0.0001    finalize 0.8320    func 4.8147    solve 4.5587    add 0.4147    bab_iteration 6.4188    
Accumulated time: bab_iteration 37.1861    pickout 8.1090    decision 0.0147    branching_decision 0.0144    set_bounds 2.6520    solve 24.6098    func 29.4240    prepare 2.4513    transfer 0.0009    finalize 5.7163    add 3.2043    
max lb 0.02075481414794922 min lb -10.30463695526123
Number of Verified Splits: 2 of 16384
Current worst splitting domains lb-rhs (depth):
-10.31482 (8), -10.31423 (11), -10.31367 (12), -10.31313 (11), -10.31291 (11), -10.31290 (11), -10.31274 (12), -10.31259 (11), -10.31240 (13), -10.31240 (14), -10.31239 (12), -10.31238 (11), -10.31224 (11), -10.31220 (11), -10.31195 (12), -10.31167 (12), -10.31153 (12), -10.31056 (11), -10.31050 (11), -10.31016 (13), 
Current (lb-rhs): -10.314821243286133
98672 domains visited
Length of domains: 49384
Cumulative time: 44.05331325531006

BaB round 13
batch: 8192
splitting decisions: 
split level 0: [/26, 3387] [/input, 3593] [/input, 4599] [/26, 2291] [/26, 5723] [/input, 2835] [/26, 5635] [/26, 136] [/input, 2921] [/26, 3837] 
best_l after optimization: -117245.03125
beta sum per layer: [23728.83203125, 32561.341796875, 330.3044738769531]
alpha/beta optimization time: 3.141911268234253
pruning_in_iteration open status: False
ratio of positive domain = 6 / 16384 = 0.0003662109375
pruning-in-iteration extra time: 8.296966552734375e-05
Time: pickout 0.7546    branching_decision 0.0020    decision 0.0020    set_bounds 0.3700    prepare 0.3825    transfer 0.0001    finalize 1.1885    func 4.8319    solve 4.8148    add 0.4150    bab_iteration 6.8341    
Accumulated time: bab_iteration 44.0202    pickout 8.8637    decision 0.0167    branching_decision 0.0164    set_bounds 3.0220    solve 29.4246    func 34.2559    prepare 2.8338    transfer 0.0010    finalize 6.9048    add 3.6194    
max lb 0.5106751918792725 min lb -10.30470085144043
Number of Verified Splits: 6 of 16384
Current worst splitting domains lb-rhs (depth):
-10.31482 (8), -10.31423 (11), -10.31367 (12), -10.31313 (11), -10.31291 (11), -10.31290 (11), -10.31274 (12), -10.31259 (11), -10.31240 (14), -10.31240 (13), -10.31239 (12), -10.31238 (11), -10.31224 (11), -10.31220 (11), -10.31195 (12), -10.31167 (12), -10.31153 (12), -10.31056 (11), -10.31050 (11), -10.31016 (13), 
Current (lb-rhs): -10.314821243286133
115056 domains visited
Length of domains: 57570
Cumulative time: 50.316086769104004

BaB round 14
batch: 8192
splitting decisions: 
split level 0: [/26, 3692] [/input, 758] [/input, 213] [/26, 5847] [/input, 3235] [/input, 6171] [/26, 5972] [/input, 3689] [/input, 5482] [/26, 2373] 
best_l after optimization: -116691.96875
beta sum per layer: [25981.548828125, 36436.8046875, 361.639892578125]
alpha/beta optimization time: 3.141955852508545
pruning_in_iteration open status: False
ratio of positive domain = 4 / 16384 = 0.000244140625
pruning-in-iteration extra time: 6.0558319091796875e-05
Time: pickout 0.7525    branching_decision 0.0020    decision 0.0020    set_bounds 0.3672    prepare 0.3853    transfer 0.0001    finalize 1.2218    func 4.8671    solve 4.8320    add 0.2962    bab_iteration 6.2628    
Accumulated time: bab_iteration 50.2830    pickout 9.6161    decision 0.0187    branching_decision 0.0184    set_bounds 3.3892    solve 34.2566    func 39.1230    prepare 3.2191    transfer 0.0011    finalize 8.1265    add 3.9155    
max lb 0.2902545928955078 min lb -10.304612159729004
Number of Verified Splits: 4 of 16384
Current worst splitting domains lb-rhs (depth):
-10.31482 (8), -10.31423 (11), -10.31367 (12), -10.31313 (11), -10.31291 (11), -10.31290 (11), -10.31274 (12), -10.31259 (11), -10.31240 (14), -10.31240 (13), -10.31239 (12), -10.31238 (11), -10.31224 (11), -10.31220 (11), -10.31195 (12), -10.31167 (12), -10.31153 (12), -10.31056 (11), -10.31050 (11), -10.31016 (13), 
Current (lb-rhs): -10.314821243286133
131440 domains visited
Length of domains: 65758
Cumulative time: 57.047006130218506

BaB round 15
batch: 8192
splitting decisions: 
split level 0: [/input, 2774] [/input, 4349] [/26, 5642] [/26, 3376] [/26, 3264] [/26, 6188] [/input, 4037] [/input, 3351] [/26, 2502] [/26, 3635] 
best_l after optimization: -116114.953125
beta sum per layer: [28356.11328125, 40463.1796875, 399.356689453125]
alpha/beta optimization time: 3.148622751235962
pruning_in_iteration open status: False
ratio of positive domain = 8 / 16384 = 0.00048828125
pruning-in-iteration extra time: 9.942054748535156e-05
Time: pickout 0.7454    branching_decision 0.0021    decision 0.0022    set_bounds 0.3664    prepare 0.3821    transfer 0.0001    finalize 1.3824    func 5.0456    solve 4.8672    add 0.7330    bab_iteration 6.7309    
Accumulated time: bab_iteration 57.0139    pickout 10.3615    decision 0.0209    branching_decision 0.0206    set_bounds 3.7556    solve 39.1238    func 44.1686    prepare 3.6011    transfer 0.0012    finalize 9.5090    add 4.6486    
max lb 0.12090778350830078 min lb -10.297965049743652
Number of Verified Splits: 8 of 16384
Current worst splitting domains lb-rhs (depth):
-10.31482 (8), -10.31423 (11), -10.31367 (12), -10.31313 (11), -10.31291 (11), -10.31290 (11), -10.31274 (12), -10.31259 (11), -10.31240 (14), -10.31240 (13), -10.31239 (12), -10.31238 (11), -10.31224 (11), -10.31220 (11), -10.31195 (12), -10.31167 (12), -10.31153 (12), -10.31056 (11), -10.31050 (11), -10.31016 (13), 
Current (lb-rhs): -10.314821243286133
147824 domains visited
Length of domains: 73942
Time out!!!!!!!!
Result: unknown in 66.1640 seconds

 %%%%%%%%%%%%%%%%%%%%%%%%%%%%%%%%%%% idx: 7, vnnlib ID: 7 %%%%%%%%%%%%%%%%%%%%%%%%%%%%%%%%%%%
Finished vnnlib processing in 0.005767 seconds
Model: BoundedModule(
  (/input-1): BoundInput(name=/input-1, inputs=[], perturbed=True)
  (/shape): BoundBuffers(name=/shape, inputs=[], perturbed=False)
  (/12): BoundParams(name=/12, inputs=[], perturbed=False)
  (/13): BoundParams(name=/13, inputs=[], perturbed=False)
  (/14): BoundParams(name=/14, inputs=[], perturbed=False)
  (/15): BoundParams(name=/15, inputs=[], perturbed=False)
  (/16): BoundParams(name=/16, inputs=[], perturbed=False)
  (/17): BoundParams(name=/17, inputs=[], perturbed=False)
  (/18): BoundParams(name=/18, inputs=[], perturbed=False)
  (/19): BoundParams(name=/19, inputs=[], perturbed=False)
  (/20): BoundParams(name=/20, inputs=[], perturbed=False)
  (/21): BoundParams(name=/21, inputs=[], perturbed=False)
  (/input): BoundConv(name=/input, inputs=[/input-1, /12, /13], perturbed=True)
  (/input-4): BoundRelu(name=/input-4, inputs=[/input], perturbed=True)
  (/24): BoundConv(name=/24, inputs=[/input-4, /14, /15], perturbed=True)
  (/25): BoundConv(name=/25, inputs=[/input-4, /16, /17], perturbed=True)
  (/26): BoundAdd(name=/26, inputs=[/24, /25], perturbed=True)
  (/27): BoundRelu(name=/27, inputs=[/26], perturbed=True)
  (/28): BoundSplit(name=/28, inputs=[/shape], perturbed=False)
  (/29): BoundSplit(name=/29, inputs=[/shape], perturbed=False)
  (/30): BoundConstant(name=/30, value=tensor([0], device='cuda:0'))
  (/31): BoundSqueeze(name=/31, inputs=[/28, /30], perturbed=False)
  (/32): BoundConstant(name=/32, value=tensor([0], device='cuda:0'))
  (/33): BoundSqueeze(name=/33, inputs=[/29, /32], perturbed=False)
  (/34): BoundConstant(name=/34, value=tensor([0], device='cuda:0'))
  (/35): BoundUnsqueeze(name=/35, inputs=[/31, /34], perturbed=False)
  (/36): BoundConstant(name=/36, value=tensor([0], device='cuda:0'))
  (/37): BoundUnsqueeze(name=/37, inputs=[/33, /36], perturbed=False)
  (/38): BoundConcat(name=/38, inputs=[/35, /37], perturbed=False)
  (/39): BoundReshape(name=/39, inputs=[/27, /38], perturbed=True)
  (/input-8): BoundLinear(name=/input-8, inputs=[/39, /18, /19], perturbed=True)
  (/41): BoundRelu(name=/41, inputs=[/input-8], perturbed=True)
  (/42): BoundLinear(name=/42, inputs=[/41, /20, /21], perturbed=True)
)
Original output in the first batch: tensor([[-2.72410274, -3.00049806, -0.29715562,  0.73498011,  2.81639242,
          2.26107621,  0.24359697,  0.94141263,  1.94797122,  4.07837868]],
       device='cuda:0')
Split layers:
Nonlinear functions:
   BoundRelu(name=/input-4, inputs=[/input], perturbed=True)
   BoundRelu(name=/27, inputs=[/26], perturbed=True)
   BoundRelu(name=/41, inputs=[/input-8], perturbed=True)
build batch [1/1]
layer /input-4 using sparse-features alpha with shape [3833]; unstable size 3833; total size 6272 ([1, 8, 28, 28])
layer /input-4 start_node /26 using sparse-spec alpha [2, 7, 1, 3833] with unstable size 6 total_size 8 output_shape 8
layer /input-4 start_node /input-8 using sparse-spec alpha [2, 29, 1, 3833] with unstable size 28 total_size 64 output_shape torch.Size([64])
layer /input-4 start_node /42 using full alpha [2, 9, 1, 3833] with unstable size None total_size 9 output_shape 9
layer /27 using sparse-features alpha with shape [2513]; unstable size 2513; total size 6272 ([1, 8, 28, 28])
layer /27 start_node /input-8 using sparse-spec alpha [2, 29, 1, 2513] with unstable size 28 total_size 64 output_shape torch.Size([64])
layer /27 start_node /42 using full alpha [2, 9, 1, 2513] with unstable size None total_size 9 output_shape 9
layer /41 using sparse-features alpha with shape [28]; unstable size 28; total size 64 ([1, 64])
layer /41 start_node /42 using full alpha [2, 9, 1, 28] with unstable size None total_size 9 output_shape 9
Optimizable variables initialized.
initial CROWN bounds (first 10 items): [-9.430095672607422, -9.19611930847168, -14.935683250427246, -12.856441497802734, -10.57864761352539, -13.786051750183105, -14.568005561828613, -8.762855529785156, -9.985748291015625]
prune_after_crown optimization in use
  original spec size = torch.Size([1, 9])
  pruned spec size = torch.Size([1, 9])
Using alpha-CROWN to initialize bounds.
best_l after optimization: -95.37875366210938
alpha/beta optimization time: 1.83894944190979
initial alpha-crown bounds (first 10 items): [-8.407280921936035, -8.306663513183594, -13.897472381591797, -11.818071365356445, -9.826850891113281, -12.939689636230469, -13.085826873779297, -8.083046913146973, -9.013851165771484]
Global lower bound: -13.897472381591797
0 / 9 OR specs are verified.
Verified OR indices (first 10 items): []
Verified OR lbs (first 10 items): []
Unverified OR indices (first 10 items): [0, 1, 2, 3, 4, 5, 6, 7, 8]
Unverified OR lbs (first 10 items): [[-8.407280921936035], [-8.306663513183594], [-13.897472381591797], [-11.818071365356445], [-9.826850891113281], [-12.939689636230469], [-13.085826873779297], [-8.083046913146973], [-9.013851165771484]]
###### Verifying property Instance 7 ######
Batch size: 9
First 10 spec matrices
C: tensor([[[-1.,  0.,  0.,  0.,  0.,  0.,  0.,  0.,  0.,  1.]],

        [[ 0., -1.,  0.,  0.,  0.,  0.,  0.,  0.,  0.,  1.]],

        [[ 0.,  0., -1.,  0.,  0.,  0.,  0.,  0.,  0.,  1.]],

        [[ 0.,  0.,  0., -1.,  0.,  0.,  0.,  0.,  0.,  1.]],

        [[ 0.,  0.,  0.,  0., -1.,  0.,  0.,  0.,  0.,  1.]],

        [[ 0.,  0.,  0.,  0.,  0., -1.,  0.,  0.,  0.,  1.]],

        [[ 0.,  0.,  0.,  0.,  0.,  0., -1.,  0.,  0.,  1.]],

        [[ 0.,  0.,  0.,  0.,  0.,  0.,  0., -1.,  0.,  1.]],

        [[ 0.,  0.,  0.,  0.,  0.,  0.,  0.,  0., -1.,  1.]]], device='cuda:0')
RHS: tensor([[0.],
        [0.],
        [0.],
        [0.],
        [0.],
        [0.],
        [0.],
        [0.],
        [0.]], device='cuda:0')
OR spec sizes: tensor([1, 1, 1, 1, 1, 1, 1, 1, 1], device='cuda:0', dtype=torch.int32)
Remaining timeout: 56.21765422821045
Model prediction is: tensor([-2.72410274, -3.00049806, -0.29715562,  0.73498011,  2.81639242,
         2.26107621,  0.24359697,  0.94141263,  1.94797122,  4.07837868],
       device='cuda:0')
Activation BaB batch 1/1 
build_with_refined_bounds batch [1/1]
Optimizable variables initialized.
all alpha initialized
directly get lb and ub from refined bounds
c shape: torch.Size([9, 1, 10])
lA shapes: [torch.Size([9, 1, 8, 28, 28]), torch.Size([9, 1, 8, 28, 28]), torch.Size([9, 1, 64])]
(alpha-)CROWN with fixed intermediate bounds: tensor([[ -8.40728092],
        [ -8.30666351],
        [-13.89747238],
        [-11.81807137],
        [ -9.82685089],
        [-12.93968964],
        [-13.08582687],
        [ -8.08304691],
        [ -9.01385117]], device='cuda:0') tensor([[inf],
        [inf],
        [inf],
        [inf],
        [inf],
        [inf],
        [inf],
        [inf],
        [inf]], device='cuda:0')
Intermediate layers: /input,/26,/input-8
Keeping alphas for these layers: ['/42']
Node /input-4 input 0: size torch.Size([8, 28, 28]) unstable 3833
Node /27 input 0: size torch.Size([8, 28, 28]) unstable 2457
Node /41 input 0: size torch.Size([64]) unstable 27
-----------------
# of unstable neurons: 6317
-----------------

BaB round 1
batch: 9
splitting decisions: 
split level 0: [/26, 3212] [/input, 4375] [/input, 577] [/26, 5941] [/26, 3845] [/26, 2503] [/26, 2209] [/26, 6177] [/input, 4540] 
split level 1: [/26, 5595] [/input, 4404] [/26, 1842] [/26, 5716] [/26, 5633] [/input, 378] [/26, 3749] [/input, 1244] [/input, 5667] 
split level 2: [/26, 3237] [/26, 148] [/input, 5826] [/26, 5830] [/input, 725] [/26, 1838] [/input, 698] [/26, 3255] [/input, 4609] 
split level 3: [/input, 3381] [/input, 289] [/input, 5928] [/input, 326] [/input, 2893] [/input, 73] [/26, 1854] [/26, 2353] [/input, 2412] 
best_l after optimization: -1517.1826171875
beta sum per layer: [43.12786102294922, 42.11669158935547, 0.0]
alpha/beta optimization time: 0.15137219429016113
pruning_in_iteration open status: False
ratio of positive domain = 0 / 144 = 0.0
pruning-in-iteration extra time: 5.340576171875e-05
Time: pickout 0.0033    branching_decision 0.0001    decision 0.0001    set_bounds 0.0069    prepare 0.0021    transfer 0.0000    finalize 0.0082    func 0.1661    
Accumulated time: bab_iteration 0.0000    pickout 0.0033    decision 0.0001    branching_decision 0.0001    set_bounds 0.0069    solve 0.0000    func 0.1661    prepare 0.0021    transfer 0.0000    finalize 0.0082    
max lb -7.99015474319458 min lb -13.895391464233398
Number of Verified Splits: 0 of 144
Current worst splitting domains lb-rhs (depth):
-13.89539 (4), -13.89539 (4), -13.89527 (4), -13.89525 (4), -13.89195 (4), -13.89194 (4), -13.89182 (4), -13.89180 (4), -13.84792 (4), -13.84784 (4), -13.84772 (4), -13.84766 (4), -13.84509 (4), -13.84504 (4), -13.84495 (4), -13.84489 (4), -13.08331 (4), -13.08330 (4), -13.08206 (4), -13.08202 (4), 
Current (lb-rhs): -13.895391464233398
144 domains visited
Length of domains: 144
Cumulative time: 0.21619629859924316

BaB round 2
batch: 144
splitting decisions: 
split level 0: [/input, 4587] [/input, 3997] [/input, 2964] [/26, 44] [/input, 3661] [/input, 5267] [/26, 1927] [/input, 4889] [/input, 3677] [/26, 771] 
best_l after optimization: -3026.912109375
beta sum per layer: [113.8819808959961, 103.88999938964844, 0.6899303197860718]
alpha/beta optimization time: 0.14410924911499023
pruning_in_iteration open status: False
ratio of positive domain = 0 / 288 = 0.0
pruning-in-iteration extra time: 5.221366882324219e-05
Time: pickout 0.0123    branching_decision 0.0001    decision 0.0001    set_bounds 0.0067    prepare 0.0067    transfer 0.0000    finalize 0.0146    func 0.1709    solve 0.1662    add 0.0044    bab_iteration 0.1810    
Accumulated time: bab_iteration 0.1810    pickout 0.0155    decision 0.0002    branching_decision 0.0002    set_bounds 0.0136    solve 0.1662    func 0.3370    prepare 0.0088    transfer 0.0001    finalize 0.0228    add 0.0044    
max lb -5.633223533630371 min lb -13.895280838012695
Number of Verified Splits: 0 of 288
Current worst splitting domains lb-rhs (depth):
-13.89528 (5), -13.89520 (5), -13.89512 (5), -13.89393 (5), -13.89359 (5), -13.89111 (5), -13.89109 (5), -13.89089 (5), -13.89029 (5), -13.88838 (5), -13.88438 (5), -13.88112 (5), -13.86907 (5), -13.86501 (5), -13.85162 (5), -13.84721 (5), -13.84672 (5), -13.84657 (5), -13.84647 (5), -13.84646 (5), 
Current (lb-rhs): -13.895280838012695
432 domains visited
Length of domains: 288
Cumulative time: 0.41059064865112305

BaB round 3
batch: 288
splitting decisions: 
split level 0: [/26, 2667] [/input, 6170] [/26, 3409] [/26, 480] [/input, 5048] [/26, 3668] [/input, 655] [/input, 4459] [/26, 1573] [/input, 5792] 
best_l after optimization: -6042.435546875
beta sum per layer: [271.32965087890625, 279.0347595214844, 2.0126142501831055]
alpha/beta optimization time: 0.14548420906066895
pruning_in_iteration open status: False
ratio of positive domain = 0 / 576 = 0.0
pruning-in-iteration extra time: 5.316734313964844e-05
Time: pickout 0.0253    branching_decision 0.0001    decision 0.0002    set_bounds 0.0127    prepare 0.0129    transfer 0.0000    finalize 0.0279    func 0.1956    solve 0.1709    add 0.0042    bab_iteration 0.1944    
Accumulated time: bab_iteration 0.3753    pickout 0.0408    decision 0.0004    branching_decision 0.0003    set_bounds 0.0263    solve 0.3371    func 0.5326    prepare 0.0217    transfer 0.0001    finalize 0.0507    add 0.0086    
max lb -5.367558479309082 min lb -13.895227432250977
Number of Verified Splits: 0 of 576
Current worst splitting domains lb-rhs (depth):
-13.89523 (6), -13.89513 (6), -13.89512 (6), -13.89468 (6), -13.89354 (6), -13.89306 (6), -13.89290 (6), -13.89073 (6), -13.89027 (6), -13.89024 (6), -13.88966 (6), -13.88955 (6), -13.88768 (6), -13.88759 (6), -13.88757 (6), -13.88259 (6), -13.88152 (6), -13.88080 (6), -13.88040 (6), -13.87995 (6), 
Current (lb-rhs): -13.895227432250977
1008 domains visited
Length of domains: 576
Cumulative time: 0.6508557796478271

BaB round 4
batch: 576
splitting decisions: 
split level 0: [/input, 6019] [/input, 5622] [/input, 233] [/input, 5673] [/26, 5966] [/26, 3886] [/input, 347] [/26, 5610] [/26, 545] [/26, 5500] 
best_l after optimization: -12063.3525390625
beta sum per layer: [639.22021484375, 691.2261962890625, 4.849481105804443]
alpha/beta optimization time: 0.19536566734313965
pruning_in_iteration open status: False
ratio of positive domain = 0 / 1152 = 0.0
pruning-in-iteration extra time: 7.271766662597656e-05
Time: pickout 0.0483    branching_decision 0.0003    decision 0.0003    set_bounds 0.0296    prepare 0.0254    transfer 0.0000    finalize 0.0515    func 0.2840    solve 0.1957    add 0.0061    bab_iteration 0.2401    
Accumulated time: bab_iteration 0.6155    pickout 0.0891    decision 0.0007    branching_decision 0.0006    set_bounds 0.0559    solve 0.5327    func 0.8166    prepare 0.0471    transfer 0.0002    finalize 0.1023    add 0.0147    
max lb -5.199197769165039 min lb -13.895196914672852
Number of Verified Splits: 0 of 1152
Current worst splitting domains lb-rhs (depth):
-13.89520 (7), -13.89512 (7), -13.89512 (7), -13.89512 (7), -13.89476 (7), -13.89439 (7), -13.89352 (7), -13.89351 (7), -13.89298 (7), -13.89253 (7), -13.89043 (7), -13.88965 (7), -13.88893 (7), -13.88881 (7), -13.88859 (7), -13.88853 (7), -13.88697 (7), -13.88691 (7), -13.88685 (7), -13.88620 (7), 
Current (lb-rhs): -13.895196914672852
2160 domains visited
Length of domains: 1152
Cumulative time: 1.0265488624572754

BaB round 5
batch: 1152
splitting decisions: 
split level 0: [/input, 3604] [/26, 3732] [/input, 2965] [/input, 4755] [/26, 558] [/input, 5479] [/input, 4973] [/input, 645] [/input, 6065] [/input, 6059] 
best_l after optimization: -24076.630859375
beta sum per layer: [1472.5560302734375, 1685.305908203125, 11.888528823852539]
alpha/beta optimization time: 0.47681450843811035
pruning_in_iteration open status: False
ratio of positive domain = 0 / 2304 = 0.0
pruning-in-iteration extra time: 7.081031799316406e-05
Time: pickout 0.0945    branching_decision 0.0006    decision 0.0006    set_bounds 0.0517    prepare 0.0508    transfer 0.0000    finalize 0.1009    func 0.6506    solve 0.2840    add 0.0132    bab_iteration 0.3757    
Accumulated time: bab_iteration 0.9912    pickout 0.1836    decision 0.0012    branching_decision 0.0012    set_bounds 0.1075    solve 0.8167    func 1.4672    prepare 0.0979    transfer 0.0002    finalize 0.2031    add 0.0279    
max lb -4.99495792388916 min lb -13.895116806030273
Number of Verified Splits: 0 of 2304
Current worst splitting domains lb-rhs (depth):
-13.89512 (8), -13.89506 (8), -13.89476 (8), -13.89445 (8), -13.89412 (8), -13.89353 (8), -13.89349 (8), -13.89294 (8), -13.89267 (8), -13.89249 (8), -13.89237 (8), -13.89212 (8), -13.89198 (8), -13.89026 (8), -13.88978 (8), -13.88788 (8), -13.88766 (8), -13.88747 (8), -13.88642 (8), -13.88616 (8), 
Current (lb-rhs): -13.895116806030273
4464 domains visited
Length of domains: 2304
Cumulative time: 1.8452033996582031

BaB round 6
batch: 2048
splitting decisions: 
split level 0: [/input, 4664] [/26, 1706] [/26, 1505] [/input, 6119] [/26, 6014] [/26, 6222] [/26, 3665] [/input, 5546] [/26, 647] [/26, 6089] 
best_l after optimization: -42674.40625
beta sum per layer: [3019.453125, 3657.576416015625, 30.997024536132812]
alpha/beta optimization time: 0.8036923408508301
pruning_in_iteration open status: False
ratio of positive domain = 0 / 4096 = 0.0
pruning-in-iteration extra time: 5.745887756347656e-05
Time: pickout 0.1691    branching_decision 0.0009    decision 0.0009    set_bounds 0.0913    prepare 0.2304    transfer 0.0001    finalize 0.1879    func 1.2561    solve 0.6506    add 0.0207    bab_iteration 0.8187    
Accumulated time: bab_iteration 1.8098    pickout 0.3527    decision 0.0022    branching_decision 0.0021    set_bounds 0.1988    solve 1.4674    func 2.7232    prepare 0.3284    transfer 0.0003    finalize 0.3910    add 0.0486    
max lb -1.8843188285827637 min lb -13.894792556762695
Number of Verified Splits: 0 of 4096
Current worst splitting domains lb-rhs (depth):
-13.89479 (9), -13.89476 (8), -13.89442 (9), -13.89412 (9), -13.89412 (9), -13.89353 (9), -13.89322 (9), -13.89321 (9), -13.89306 (9), -13.89267 (8), -13.89249 (8), -13.89235 (9), -13.89210 (9), -13.89209 (9), -13.89198 (9), -13.89048 (9), -13.89020 (9), -13.88972 (9), -13.88954 (9), -13.88779 (9), 
Current (lb-rhs): -13.894792556762695
8560 domains visited
Length of domains: 4352
current_vram/total_varm: 9.3GB/47.7GB, batch_size increase to 4096
Cumulative time: 3.4031951427459717

BaB round 7
batch: 4096
splitting decisions: 
split level 0: [/input, 5532] [/input, 4805] [/26, 3784] [/input, 81] [/input, 751] [/input, 710] [/input, 4078] [/input, 5273] [/26, 5900] [/input, 2445] 
best_l after optimization: -85154.546875
beta sum per layer: [6824.580078125, 8501.765625, 75.08355712890625]
alpha/beta optimization time: 1.5873184204101562
pruning_in_iteration open status: False
ratio of positive domain = 0 / 8192 = 0.0
pruning-in-iteration extra time: 7.724761962890625e-05
Time: pickout 0.3429    branching_decision 0.0013    decision 0.0013    set_bounds 0.3349    prepare 0.1887    transfer 0.0001    finalize 0.4038    func 2.2434    solve 1.2561    add 0.0390    bab_iteration 1.5580    
Accumulated time: bab_iteration 3.3678    pickout 0.6956    decision 0.0035    branching_decision 0.0034    set_bounds 0.5338    solve 2.7235    func 4.9666    prepare 0.5170    transfer 0.0003    finalize 0.7947    add 0.0876    
max lb -1.6795225143432617 min lb -13.894375801086426
Number of Verified Splits: 0 of 8192
Current worst splitting domains lb-rhs (depth):
-13.89476 (8), -13.89438 (10), -13.89412 (10), -13.89412 (10), -13.89357 (10), -13.89329 (10), -13.89320 (10), -13.89289 (10), -13.89270 (10), -13.89267 (8), -13.89252 (10), -13.89252 (10), -13.89249 (8), -13.89198 (10), -13.89198 (10), -13.89197 (10), -13.89175 (10), -13.89136 (10), -13.89109 (10), -13.88989 (10), 
Current (lb-rhs): -13.894761085510254
16752 domains visited
Length of domains: 8448
current_vram/total_varm: 18.4GB/47.7GB, batch_size increase to 8192
Cumulative time: 6.393083095550537

BaB round 8
batch: 8192
splitting decisions: 
split level 0: [/input, 3880] [/input, 5429] [/input, 4336] [/26, 167] [/26, 2072] [/input, 701] [/input, 5125] [/input, 3583] [/26, 766] [/input, 730] 
best_l after optimization: -169913.15625
beta sum per layer: [15252.2421875, 19371.640625, 186.75228881835938]
alpha/beta optimization time: 3.1466054916381836
pruning_in_iteration open status: False
ratio of positive domain = 0 / 16384 = 0.0
pruning-in-iteration extra time: 6.127357482910156e-05
Time: pickout 0.8594    branching_decision 0.0023    decision 0.0023    set_bounds 0.3660    prepare 0.3775    transfer 0.0002    finalize 1.2202    func 4.8656    solve 2.2434    add 0.0644    bab_iteration 2.9899    
Accumulated time: bab_iteration 6.3577    pickout 1.5550    decision 0.0058    branching_decision 0.0056    set_bounds 0.8997    solve 4.9669    func 9.8322    prepare 0.8945    transfer 0.0005    finalize 2.0150    add 0.1520    
max lb -1.4599452018737793 min lb -13.89437484741211
Number of Verified Splits: 0 of 16384
Current worst splitting domains lb-rhs (depth):
-13.89476 (8), -13.89437 (11), -13.89412 (11), -13.89412 (11), -13.89400 (11), -13.89336 (11), -13.89320 (11), -13.89271 (11), -13.89267 (8), -13.89249 (8), -13.89239 (11), -13.89236 (11), -13.89236 (11), -13.89227 (11), -13.89198 (11), -13.89191 (11), -13.89190 (11), -13.89189 (11), -13.89186 (11), -13.89169 (11), 
Current (lb-rhs): -13.894761085510254
33136 domains visited
Length of domains: 16640
Cumulative time: 12.815025568008423

BaB round 9
batch: 8192
splitting decisions: 
split level 0: [/26, 3638] [/input, 5625] [/input, 4761] [/26, 706] [/input, 3314] [/input, 6122] [/input, 4260] [/input, 571] [/input, 70] [/26, 2086] 
best_l after optimization: -169256.78125
beta sum per layer: [17087.982421875, 22856.10546875, 242.1885528564453]
alpha/beta optimization time: 3.138279914855957
pruning_in_iteration open status: False
ratio of positive domain = 0 / 16384 = 0.0
pruning-in-iteration extra time: 6.270408630371094e-05
Time: pickout 0.9096    branching_decision 0.0023    decision 0.0023    set_bounds 0.3646    prepare 0.3805    transfer 0.0001    finalize 1.0013    func 4.6385    solve 4.8657    add 0.2933    bab_iteration 6.4219    
Accumulated time: bab_iteration 12.7796    pickout 2.4646    decision 0.0081    branching_decision 0.0079    set_bounds 1.2643    solve 9.8325    func 14.4707    prepare 1.2750    transfer 0.0006    finalize 3.0163    add 0.4453    
max lb -1.2598309516906738 min lb -13.893978118896484
Number of Verified Splits: 0 of 16384
Current worst splitting domains lb-rhs (depth):
-13.89476 (8), -13.89437 (11), -13.89412 (11), -13.89400 (11), -13.89398 (12), -13.89373 (12), -13.89336 (11), -13.89320 (11), -13.89267 (8), -13.89249 (8), -13.89236 (11), -13.89223 (12), -13.89218 (12), -13.89198 (11), -13.89191 (11), -13.89190 (11), -13.89189 (12), -13.89188 (12), -13.89169 (11), -13.89164 (12), 
Current (lb-rhs): -13.894761085510254
49520 domains visited
Length of domains: 24832
Cumulative time: 18.97871732711792

BaB round 10
batch: 8192
splitting decisions: 
split level 0: [/input, 3554] [/input, 5776] [/26, 2085] [/input, 4276] [/input, 5130] [/26, 2772] [/26, 5742] [/input, 3710] [/26, 440] [/input, 3546] 
best_l after optimization: -168543.734375
beta sum per layer: [19016.904296875, 26595.87109375, 309.2976379394531]
alpha/beta optimization time: 3.139631509780884
pruning_in_iteration open status: False
ratio of positive domain = 0 / 16384 = 0.0
pruning-in-iteration extra time: 6.127357482910156e-05
Time: pickout 0.9564    branching_decision 0.0021    decision 0.0021    set_bounds 0.3641    prepare 0.3818    transfer 0.0001    finalize 1.0532    func 4.6928    solve 4.6385    add 0.2433    bab_iteration 6.1637    
Accumulated time: bab_iteration 18.9433    pickout 3.4210    decision 0.0102    branching_decision 0.0100    set_bounds 1.6284    solve 14.4710    func 19.1635    prepare 1.6568    transfer 0.0006    finalize 4.0695    add 0.6886    
max lb -0.12440204620361328 min lb -13.893730163574219
Number of Verified Splits: 0 of 16384
Current worst splitting domains lb-rhs (depth):
-13.89476 (8), -13.89437 (11), -13.89412 (11), -13.89400 (11), -13.89398 (12), -13.89373 (13), -13.89336 (11), -13.89320 (11), -13.89267 (8), -13.89249 (8), -13.89236 (11), -13.89223 (12), -13.89218 (13), -13.89198 (11), -13.89191 (11), -13.89190 (11), -13.89189 (12), -13.89188 (12), -13.89169 (11), -13.89164 (12), 
Current (lb-rhs): -13.894761085510254
65904 domains visited
Length of domains: 33024
Cumulative time: 25.382149934768677

BaB round 11
batch: 8192
splitting decisions: 
split level 0: [/26, 88] [/input, 4448] [/26, 617] [/input, 5215] [/26, 3708] [/input, 81] [/26, 334] [/26, 2696] [/input, 3983] [/input, 4916] 
best_l after optimization: -167824.65625
beta sum per layer: [21129.962890625, 30575.3515625, 379.4969482421875]
alpha/beta optimization time: 3.1397652626037598
pruning_in_iteration open status: False
ratio of positive domain = 3 / 16384 = 0.00018310546875
pruning-in-iteration extra time: 8.511543273925781e-05
Time: pickout 0.7221    branching_decision 0.0021    decision 0.0021    set_bounds 0.6507    prepare 0.3812    transfer 0.0001    finalize 0.8063    func 4.4453    solve 4.6929    add 0.3819    bab_iteration 6.4034    
Accumulated time: bab_iteration 25.3467    pickout 4.1431    decision 0.0123    branching_decision 0.0121    set_bounds 2.2791    solve 19.1639    func 23.6087    prepare 2.0380    transfer 0.0007    finalize 4.8758    add 1.0705    
max lb 0.25209522247314453 min lb -13.8901948928833
Number of Verified Splits: 3 of 16384
Current worst splitting domains lb-rhs (depth):
-13.89476 (8), -13.89437 (11), -13.89412 (11), -13.89400 (11), -13.89398 (12), -13.89373 (13), -13.89336 (11), -13.89320 (11), -13.89267 (8), -13.89249 (8), -13.89236 (11), -13.89223 (12), -13.89218 (13), -13.89198 (11), -13.89191 (11), -13.89190 (11), -13.89189 (12), -13.89188 (12), -13.89169 (11), -13.89164 (12), 
Current (lb-rhs): -13.894761085510254
82288 domains visited
Length of domains: 41213
Cumulative time: 31.43181085586548

BaB round 12
batch: 8192
splitting decisions: 
split level 0: [/input, 5510] [/input, 639] [/26, 3902] [/26, 336] [/26, 5800] [/input, 5285] [/26, 1879] [/26, 1650] [/26, 2021] [/input, 2474] 
best_l after optimization: -167137.046875
beta sum per layer: [23345.5625, 34717.328125, 441.98712158203125]
alpha/beta optimization time: 3.1407642364501953
pruning_in_iteration open status: False
ratio of positive domain = 6 / 16384 = 0.0003662109375
pruning-in-iteration extra time: 6.031990051269531e-05
Time: pickout 1.0537    branching_decision 0.0021    decision 0.0021    set_bounds 0.3649    prepare 0.3818    transfer 0.0001    finalize 0.8085    func 4.4486    solve 4.4453    add 0.2223    bab_iteration 6.0497    
Accumulated time: bab_iteration 31.3964    pickout 5.1968    decision 0.0144    branching_decision 0.0142    set_bounds 2.6440    solve 23.6092    func 28.0573    prepare 2.4197    transfer 0.0008    finalize 5.6843    add 1.2928    
max lb 0.5240345001220703 min lb -13.890192031860352
Number of Verified Splits: 6 of 16384
Current worst splitting domains lb-rhs (depth):
-13.89476 (8), -13.89437 (11), -13.89412 (11), -13.89400 (11), -13.89398 (12), -13.89373 (13), -13.89336 (11), -13.89320 (11), -13.89267 (8), -13.89249 (8), -13.89236 (11), -13.89223 (12), -13.89218 (13), -13.89198 (11), -13.89191 (11), -13.89190 (11), -13.89189 (12), -13.89188 (12), -13.89169 (11), -13.89164 (12), 
Current (lb-rhs): -13.894761085510254
98672 domains visited
Length of domains: 49399
Cumulative time: 37.91798686981201

BaB round 13
batch: 8192
splitting decisions: 
split level 0: [/26, 2311] [/26, 1907] [/input, 5445] [/input, 6053] [/input, 4418] [/input, 5547] [/26, 30] [/input, 3791] [/input, 5709] [/26, 2562] 
best_l after optimization: -166511.0
beta sum per layer: [25597.6328125, 38556.67578125, 490.1389465332031]
alpha/beta optimization time: 3.1423110961914062
pruning_in_iteration open status: False
ratio of positive domain = 7 / 16384 = 0.00042724609375
pruning-in-iteration extra time: 6.4849853515625e-05
Time: pickout 0.7383    branching_decision 0.0021    decision 0.0021    set_bounds 0.3660    prepare 0.3838    transfer 0.0001    finalize 1.1938    func 4.8390    solve 4.4486    add 0.6094    bab_iteration 6.4862    
Accumulated time: bab_iteration 37.8826    pickout 5.9351    decision 0.0165    branching_decision 0.0163    set_bounds 3.0100    solve 28.0578    func 32.8963    prepare 2.8036    transfer 0.0009    finalize 6.8781    add 1.9022    
max lb 2.119762420654297 min lb -13.890153884887695
Number of Verified Splits: 7 of 16384
Current worst splitting domains lb-rhs (depth):
-13.89476 (8), -13.89437 (11), -13.89412 (11), -13.89400 (11), -13.89398 (12), -13.89373 (13), -13.89336 (11), -13.89320 (11), -13.89267 (8), -13.89249 (8), -13.89236 (11), -13.89223 (12), -13.89218 (13), -13.89198 (11), -13.89191 (11), -13.89190 (11), -13.89189 (12), -13.89188 (12), -13.89169 (11), -13.89164 (12), 
Current (lb-rhs): -13.894761085510254
115056 domains visited
Length of domains: 57584
Cumulative time: 44.130446672439575

BaB round 14
batch: 8192
splitting decisions: 
split level 0: [/input, 4755] [/input, 4113] [/input, 4518] [/input, 5305] [/26, 2111] [/26, 86] [/input, 4870] [/input, 4915] [/input, 2572] [/input, 373] 
best_l after optimization: -165927.6875
beta sum per layer: [27910.43359375, 42308.828125, 529.235595703125]
alpha/beta optimization time: 3.146681070327759
pruning_in_iteration open status: False
ratio of positive domain = 0 / 16384 = 0.0
pruning-in-iteration extra time: 0.0002110004425048828
Time: pickout 0.7501    branching_decision 0.0027    decision 0.0027    set_bounds 0.3713    prepare 0.3835    transfer 0.0001    finalize 1.3080    func 4.9598    solve 4.8391    add 0.2592    bab_iteration 6.2125    
Accumulated time: bab_iteration 44.0950    pickout 6.6852    decision 0.0192    branching_decision 0.0189    set_bounds 3.3813    solve 32.8969    func 37.8561    prepare 3.1871    transfer 0.0010    finalize 8.1860    add 2.1614    
max lb -0.12931394577026367 min lb -13.886232376098633
Number of Verified Splits: 0 of 16384
Current worst splitting domains lb-rhs (depth):
-13.89476 (8), -13.89437 (11), -13.89412 (11), -13.89400 (11), -13.89398 (12), -13.89373 (13), -13.89336 (11), -13.89320 (11), -13.89267 (8), -13.89249 (8), -13.89236 (11), -13.89223 (12), -13.89218 (13), -13.89198 (11), -13.89191 (11), -13.89190 (11), -13.89189 (12), -13.89188 (12), -13.89169 (11), -13.89164 (12), 
Current (lb-rhs): -13.894761085510254
131440 domains visited
Length of domains: 65776
Cumulative time: 50.94920110702515

BaB round 15
batch: 8192
splitting decisions: 
split level 0: [/input, 5735] [/input, 2414] [/input, 4598] [/26, 91] [/input, 634] [/26, 3692] [/input, 3955] [/input, 2791] [/input, 3385] [/input, 5526] 
best_l after optimization: -165220.015625
beta sum per layer: [30440.78515625, 46323.46875, 598.0635986328125]
alpha/beta optimization time: 3.1426703929901123
pruning_in_iteration open status: False
ratio of positive domain = 2 / 16384 = 0.0001220703125
pruning-in-iteration extra time: 6.580352783203125e-05
Time: pickout 0.7402    branching_decision 0.0019    decision 0.0020    set_bounds 0.3679    prepare 0.3822    transfer 0.0001    finalize 1.2623    func 4.9058    solve 4.9599    add 0.7262    bab_iteration 6.8187    
Accumulated time: bab_iteration 50.9138    pickout 7.4254    decision 0.0212    branching_decision 0.0209    set_bounds 3.7492    solve 37.8568    func 42.7619    prepare 3.5693    transfer 0.0011    finalize 9.4483    add 2.8876    
max lb 0.4021639823913574 min lb -13.875883102416992
Number of Verified Splits: 2 of 16384
Current worst splitting domains lb-rhs (depth):
-13.89476 (8), -13.89437 (11), -13.89412 (11), -13.89400 (11), -13.89398 (12), -13.89373 (13), -13.89336 (11), -13.89320 (11), -13.89267 (8), -13.89249 (8), -13.89236 (11), -13.89223 (12), -13.89218 (13), -13.89198 (11), -13.89191 (11), -13.89190 (11), -13.89189 (12), -13.89188 (12), -13.89169 (11), -13.89164 (12), 
Current (lb-rhs): -13.894761085510254
147824 domains visited
Length of domains: 73966
Time out!!!!!!!!
Result: unknown in 61.1443 seconds

 %%%%%%%%%%%%%%%%%%%%%%%%%%%%%%%%%%% idx: 8, vnnlib ID: 8 %%%%%%%%%%%%%%%%%%%%%%%%%%%%%%%%%%%
Finished vnnlib processing in 0.002147 seconds
Model: BoundedModule(
  (/input-1): BoundInput(name=/input-1, inputs=[], perturbed=True)
  (/shape): BoundBuffers(name=/shape, inputs=[], perturbed=False)
  (/12): BoundParams(name=/12, inputs=[], perturbed=False)
  (/13): BoundParams(name=/13, inputs=[], perturbed=False)
  (/14): BoundParams(name=/14, inputs=[], perturbed=False)
  (/15): BoundParams(name=/15, inputs=[], perturbed=False)
  (/16): BoundParams(name=/16, inputs=[], perturbed=False)
  (/17): BoundParams(name=/17, inputs=[], perturbed=False)
  (/18): BoundParams(name=/18, inputs=[], perturbed=False)
  (/19): BoundParams(name=/19, inputs=[], perturbed=False)
  (/20): BoundParams(name=/20, inputs=[], perturbed=False)
  (/21): BoundParams(name=/21, inputs=[], perturbed=False)
  (/input): BoundConv(name=/input, inputs=[/input-1, /12, /13], perturbed=True)
  (/input-4): BoundRelu(name=/input-4, inputs=[/input], perturbed=True)
  (/24): BoundConv(name=/24, inputs=[/input-4, /14, /15], perturbed=True)
  (/25): BoundConv(name=/25, inputs=[/input-4, /16, /17], perturbed=True)
  (/26): BoundAdd(name=/26, inputs=[/24, /25], perturbed=True)
  (/27): BoundRelu(name=/27, inputs=[/26], perturbed=True)
  (/28): BoundSplit(name=/28, inputs=[/shape], perturbed=False)
  (/29): BoundSplit(name=/29, inputs=[/shape], perturbed=False)
  (/30): BoundConstant(name=/30, value=tensor([0], device='cuda:0'))
  (/31): BoundSqueeze(name=/31, inputs=[/28, /30], perturbed=False)
  (/32): BoundConstant(name=/32, value=tensor([0], device='cuda:0'))
  (/33): BoundSqueeze(name=/33, inputs=[/29, /32], perturbed=False)
  (/34): BoundConstant(name=/34, value=tensor([0], device='cuda:0'))
  (/35): BoundUnsqueeze(name=/35, inputs=[/31, /34], perturbed=False)
  (/36): BoundConstant(name=/36, value=tensor([0], device='cuda:0'))
  (/37): BoundUnsqueeze(name=/37, inputs=[/33, /36], perturbed=False)
  (/38): BoundConcat(name=/38, inputs=[/35, /37], perturbed=False)
  (/39): BoundReshape(name=/39, inputs=[/27, /38], perturbed=True)
  (/input-8): BoundLinear(name=/input-8, inputs=[/39, /18, /19], perturbed=True)
  (/41): BoundRelu(name=/41, inputs=[/input-8], perturbed=True)
  (/42): BoundLinear(name=/42, inputs=[/41, /20, /21], perturbed=True)
)
Original output in the first batch: tensor([[ 3.65585017, -5.14713240,  3.31426501, -4.86646366,  2.25856185,
          5.49631071,  5.13770580, -2.35497022,  1.30512941, -2.77421188]],
       device='cuda:0')
Split layers:
Nonlinear functions:
   BoundRelu(name=/input-4, inputs=[/input], perturbed=True)
   BoundRelu(name=/27, inputs=[/26], perturbed=True)
   BoundRelu(name=/41, inputs=[/input-8], perturbed=True)
build batch [1/1]
layer /input-4 using sparse-features alpha with shape [3591]; unstable size 3591; total size 6272 ([1, 8, 28, 28])
layer /input-4 start_node /26 using sparse-spec alpha [2, 7, 1, 3591] with unstable size 6 total_size 8 output_shape 8
layer /input-4 start_node /input-8 using sparse-spec alpha [2, 20, 1, 3591] with unstable size 19 total_size 64 output_shape torch.Size([64])
layer /input-4 start_node /42 using full alpha [2, 9, 1, 3591] with unstable size None total_size 9 output_shape 9
layer /27 using sparse-features alpha with shape [2346]; unstable size 2346; total size 6272 ([1, 8, 28, 28])
layer /27 start_node /input-8 using sparse-spec alpha [2, 20, 1, 2346] with unstable size 19 total_size 64 output_shape torch.Size([64])
layer /27 start_node /42 using full alpha [2, 9, 1, 2346] with unstable size None total_size 9 output_shape 9
layer /41 using sparse-features alpha with shape [19]; unstable size 19; total size 64 ([1, 64])
layer /41 start_node /42 using full alpha [2, 9, 1, 19] with unstable size None total_size 9 output_shape 9
Optimizable variables initialized.
initial CROWN bounds (first 10 items): [-8.050597190856934, -1.0627779960632324, -12.108779907226562, -3.130622386932373, -8.650856018066406, -13.527713775634766, -6.519564151763916, -5.71177864074707, -5.363012313842773]
prune_after_crown optimization in use
  original spec size = torch.Size([1, 9])
  pruned spec size = torch.Size([1, 9])
Using alpha-CROWN to initialize bounds.
best_l after optimization: -57.032562255859375
alpha/beta optimization time: 1.6990869045257568
initial alpha-crown bounds (first 10 items): [-7.39068603515625, -0.24069929122924805, -11.148735046386719, -2.3958964347839355, -7.867339134216309, -12.621315002441406, -5.79210901260376, -5.002249717712402, -4.573532581329346]
Global lower bound: -12.621315002441406
0 / 9 OR specs are verified.
Verified OR indices (first 10 items): []
Verified OR lbs (first 10 items): []
Unverified OR indices (first 10 items): [0, 1, 2, 3, 4, 5, 6, 7, 8]
Unverified OR lbs (first 10 items): [[-7.39068603515625], [-0.24069929122924805], [-11.148735046386719], [-2.3958964347839355], [-7.867339134216309], [-12.621315002441406], [-5.79210901260376], [-5.002249717712402], [-4.573532581329346]]
###### Verifying property Instance 8 ######
Batch size: 9
First 10 spec matrices
C: tensor([[[-1.,  0.,  0.,  0.,  0.,  1.,  0.,  0.,  0.,  0.]],

        [[ 0., -1.,  0.,  0.,  0.,  1.,  0.,  0.,  0.,  0.]],

        [[ 0.,  0., -1.,  0.,  0.,  1.,  0.,  0.,  0.,  0.]],

        [[ 0.,  0.,  0., -1.,  0.,  1.,  0.,  0.,  0.,  0.]],

        [[ 0.,  0.,  0.,  0., -1.,  1.,  0.,  0.,  0.,  0.]],

        [[ 0.,  0.,  0.,  0.,  0.,  1., -1.,  0.,  0.,  0.]],

        [[ 0.,  0.,  0.,  0.,  0.,  1.,  0., -1.,  0.,  0.]],

        [[ 0.,  0.,  0.,  0.,  0.,  1.,  0.,  0., -1.,  0.]],

        [[ 0.,  0.,  0.,  0.,  0.,  1.,  0.,  0.,  0., -1.]]], device='cuda:0')
RHS: tensor([[0.],
        [0.],
        [0.],
        [0.],
        [0.],
        [0.],
        [0.],
        [0.],
        [0.]], device='cuda:0')
OR spec sizes: tensor([1, 1, 1, 1, 1, 1, 1, 1, 1], device='cuda:0', dtype=torch.int32)
Remaining timeout: 57.813151836395264
Model prediction is: tensor([ 3.65585017, -5.14713240,  3.31426501, -4.86646366,  2.25856185,
         5.49631071,  5.13770580, -2.35497022,  1.30512941, -2.77421188],
       device='cuda:0')
Activation BaB batch 1/1 
build_with_refined_bounds batch [1/1]
Optimizable variables initialized.
all alpha initialized
directly get lb and ub from refined bounds
c shape: torch.Size([9, 1, 10])
lA shapes: [torch.Size([9, 1, 8, 28, 28]), torch.Size([9, 1, 8, 28, 28]), torch.Size([9, 1, 64])]
(alpha-)CROWN with fixed intermediate bounds: tensor([[ -7.39068604],
        [ -0.24069929],
        [-11.14873505],
        [ -2.39589643],
        [ -7.86733913],
        [-12.62131500],
        [ -5.79210901],
        [ -5.00224972],
        [ -4.57353258]], device='cuda:0') tensor([[inf],
        [inf],
        [inf],
        [inf],
        [inf],
        [inf],
        [inf],
        [inf],
        [inf]], device='cuda:0')
Intermediate layers: /input,/26,/input-8
Keeping alphas for these layers: ['/42']
Node /input-4 input 0: size torch.Size([8, 28, 28]) unstable 3591
Node /27 input 0: size torch.Size([8, 28, 28]) unstable 2267
Node /41 input 0: size torch.Size([64]) unstable 19
-----------------
# of unstable neurons: 5877
-----------------

BaB round 1
batch: 9
splitting decisions: 
split level 0: [/26, 3880] [/input, 2962] [/input, 5386] [/input, 4246] [/26, 6101] [/26, 471] [/input, 998] [/26, 137] [/input, 92] 
split level 1: [/26, 1661] [/26, 6180] [/input, 5882] [/input, 5384] [/26, 1860] [/input, 5455] [/input, 3015] [/input, 4595] [/input, 4817] 
split level 2: [/input, 209] [/26, 328] [/input, 5614] [/26, 3441] [/26, 2588] [/input, 481] [/26, 22] [/26, 3607] [/26, 2253] 
split level 3: [/input, 5494] [/26, 705] [/input, 724] [/input, 3344] [/input, 4001] [/26, 195] [/input, 3969] [/input, 5668] [/input, 3035] 
best_l after optimization: -906.4075927734375
beta sum per layer: [33.41265869140625, 31.066082000732422, 0.0]
alpha/beta optimization time: 0.14882230758666992
pruning_in_iteration open status: False
ratio of positive domain = 0 / 144 = 0.0
pruning-in-iteration extra time: 5.435943603515625e-05
Time: pickout 0.0034    branching_decision 0.0001    decision 0.0001    set_bounds 0.0067    prepare 0.0021    transfer 0.0000    finalize 0.0152    func 0.1707    
Accumulated time: bab_iteration 0.0000    pickout 0.0034    decision 0.0001    branching_decision 0.0001    set_bounds 0.0067    solve 0.0000    func 0.1707    prepare 0.0021    transfer 0.0000    finalize 0.0152    
max lb -0.21173906326293945 min lb -12.619281768798828
Number of Verified Splits: 0 of 144
Current worst splitting domains lb-rhs (depth):
-12.61928 (4), -12.61919 (4), -12.60962 (4), -12.60952 (4), -12.56698 (4), -12.56689 (4), -12.55734 (4), -12.55725 (4), -12.47336 (4), -12.47326 (4), -12.46369 (4), -12.46360 (4), -12.42217 (4), -12.42208 (4), -12.41251 (4), -12.41241 (4), -11.14504 (4), -11.14488 (4), -11.14478 (4), -11.14463 (4), 
Current (lb-rhs): -12.619281768798828
144 domains visited
Length of domains: 144
Cumulative time: 0.2220172882080078

BaB round 2
batch: 144
splitting decisions: 
split level 0: [/input, 2859] [/input, 5435] [/input, 5250] [/input, 2770] [/26, 582] [/input, 93] [/input, 3307] [/input, 2740] [/input, 5210] [/input, 562] 
best_l after optimization: -1801.0870361328125
beta sum per layer: [94.88737487792969, 117.95491790771484, 0.5546221137046814]
alpha/beta optimization time: 0.14261722564697266
pruning_in_iteration open status: False
ratio of positive domain = 1 / 288 = 0.00347222222222221
pruning-in-iteration extra time: 8.058547973632812e-05
Time: pickout 0.0121    branching_decision 0.0001    decision 0.0001    set_bounds 0.0069    prepare 0.0067    transfer 0.0000    finalize 0.0267    func 0.1816    solve 0.1707    add 0.0015    bab_iteration 0.1825    
Accumulated time: bab_iteration 0.1825    pickout 0.0155    decision 0.0002    branching_decision 0.0002    set_bounds 0.0135    solve 0.1707    func 0.3522    prepare 0.0088    transfer 0.0001    finalize 0.0419    add 0.0015    
max lb 0.7109477519989014 min lb -12.619279861450195
Number of Verified Splits: 1 of 288
Current worst splitting domains lb-rhs (depth):
-12.61928 (5), -12.61924 (5), -12.61707 (5), -12.60961 (5), -12.60952 (5), -12.60952 (5), -12.59260 (5), -12.58434 (5), -12.56623 (5), -12.56618 (5), -12.55663 (5), -12.55658 (5), -12.55507 (5), -12.55358 (5), -12.54871 (5), -12.54164 (5), -12.44961 (5), -12.44956 (5), -12.44917 (5), -12.44000 (5), 
Current (lb-rhs): -12.619279861450195
432 domains visited
Length of domains: 287
Cumulative time: 0.4290180206298828

BaB round 3
batch: 287
splitting decisions: 
split level 0: [/input, 5659] [/input, 5385] [/26, 1924] [/26, 417] [/26, 1772] [/input, 5199] [/input, 182] [/26, 714] [/26, 686] [/input, 4331] 
best_l after optimization: -3585.018310546875
beta sum per layer: [244.841064453125, 357.37554931640625, 0.7693095803260803]
alpha/beta optimization time: 0.15213680267333984
pruning_in_iteration open status: False
ratio of positive domain = 1 / 574 = 0.0017421602787456303
pruning-in-iteration extra time: 5.3882598876953125e-05
Time: pickout 0.0245    branching_decision 0.0002    decision 0.0002    set_bounds 0.0129    prepare 0.0128    transfer 0.0000    finalize 0.0281    func 0.2022    solve 0.1816    add 0.0061    bab_iteration 0.2070    
Accumulated time: bab_iteration 0.3895    pickout 0.0400    decision 0.0004    branching_decision 0.0003    set_bounds 0.0264    solve 0.3523    func 0.5544    prepare 0.0216    transfer 0.0001    finalize 0.0700    add 0.0077    
max lb 0.07973527908325195 min lb -12.619215965270996
Number of Verified Splits: 1 of 574
Current worst splitting domains lb-rhs (depth):
-12.61922 (6), -12.61922 (6), -12.61920 (6), -12.61801 (6), -12.61606 (6), -12.60961 (6), -12.60952 (6), -12.60952 (6), -12.60939 (6), -12.60914 (6), -12.59935 (6), -12.59108 (6), -12.59002 (6), -12.58201 (6), -12.57787 (6), -12.56559 (6), -12.56550 (6), -12.56339 (6), -12.55587 (6), -12.55566 (6), 
Current (lb-rhs): -12.619215965270996
1006 domains visited
Length of domains: 573
Cumulative time: 0.6757409572601318

BaB round 4
batch: 573
splitting decisions: 
split level 0: [/input, 6202] [/input, 2607] [/input, 4746] [/input, 2993] [/input, 4739] [/26, 2321] [/26, 1656] [/input, 3683] [/input, 208] [/input, 3776] 
best_l after optimization: -7132.720703125
beta sum per layer: [612.2451171875, 950.0196533203125, 4.167468070983887]
alpha/beta optimization time: 0.19471526145935059
pruning_in_iteration open status: False
ratio of positive domain = 3 / 1146 = 0.002617801047120394
pruning-in-iteration extra time: 5.412101745605469e-05
Time: pickout 0.0474    branching_decision 0.0003    decision 0.0003    set_bounds 0.0263    prepare 0.0252    transfer 0.0000    finalize 0.0513    func 0.2828    solve 0.2022    add 0.0067    bab_iteration 0.2467    
Accumulated time: bab_iteration 0.6363    pickout 0.0874    decision 0.0007    branching_decision 0.0007    set_bounds 0.0527    solve 0.5545    func 0.8372    prepare 0.0467    transfer 0.0002    finalize 0.1213    add 0.0144    
max lb 0.04469013214111328 min lb -12.619232177734375
Number of Verified Splits: 3 of 1146
Current worst splitting domains lb-rhs (depth):
-12.61920 (7), -12.61919 (7), -12.61918 (7), -12.61862 (7), -12.61752 (7), -12.61578 (7), -12.61324 (7), -12.61145 (7), -12.60956 (7), -12.60940 (7), -12.60936 (7), -12.60909 (7), -12.60908 (7), -12.60868 (7), -12.60805 (7), -12.60724 (7), -12.59765 (7), -12.59446 (7), -12.59344 (7), -12.59072 (7), 
Current (lb-rhs): -12.619199752807617
2152 domains visited
Length of domains: 1143
Cumulative time: 1.0458593368530273

BaB round 5
batch: 1143
splitting decisions: 
split level 0: [/26, 5539] [/input, 3830] [/input, 273] [/26, 743] [/input, 4600] [/26, 6156] [/26, 727] [/input, 5521] [/26, 353] [/input, 173] 
best_l after optimization: -14185.208984375
beta sum per layer: [1489.5853271484375, 2417.5048828125, 15.801477432250977]
alpha/beta optimization time: 0.415485143661499
pruning_in_iteration open status: False
ratio of positive domain = 12 / 2286 = 0.005249343832021025
pruning-in-iteration extra time: 5.53131103515625e-05
Time: pickout 0.0930    branching_decision 0.0005    decision 0.0005    set_bounds 0.0559    prepare 0.0503    transfer 0.0000    finalize 0.1048    func 0.5907    solve 0.2829    add 0.0128    bab_iteration 0.3701    
Accumulated time: bab_iteration 1.0064    pickout 0.1804    decision 0.0013    branching_decision 0.0012    set_bounds 0.1086    solve 0.8374    func 1.4279    prepare 0.0970    transfer 0.0002    finalize 0.2261    add 0.0272    
max lb 1.8492317199707031 min lb -12.619231224060059
Number of Verified Splits: 12 of 2286
Current worst splitting domains lb-rhs (depth):
-12.61920 (8), -12.61918 (8), -12.61889 (8), -12.61866 (8), -12.61862 (8), -12.61862 (8), -12.61729 (8), -12.61578 (8), -12.61269 (8), -12.61234 (8), -12.61014 (8), -12.60916 (8), -12.60885 (8), -12.60867 (8), -12.60866 (8), -12.60865 (8), -12.60845 (8), -12.60793 (8), -12.60721 (8), -12.60671 (8), 
Current (lb-rhs): -12.619199752807617
4438 domains visited
Length of domains: 2274
Cumulative time: 1.8069956302642822

BaB round 6
batch: 2048
splitting decisions: 
split level 0: [/input, 3203] [/26, 414] [/input, 3221] [/26, 1603] [/26, 3246] [/input, 3665] [/input, 5154] [/26, 2660] [/26, 3612] [/26, 222] 
best_l after optimization: -25435.9453125
beta sum per layer: [3129.72021484375, 5353.423828125, 33.40169906616211]
alpha/beta optimization time: 0.8110995292663574
pruning_in_iteration open status: False
ratio of positive domain = 6 / 4096 = 0.00146484375
pruning-in-iteration extra time: 5.7220458984375e-05
Time: pickout 0.1682    branching_decision 0.0008    decision 0.0009    set_bounds 0.0910    prepare 0.2301    transfer 0.0001    finalize 0.1763    func 1.2550    solve 0.5907    add 0.0204    bab_iteration 0.7611    
Accumulated time: bab_iteration 1.7675    pickout 0.3486    decision 0.0021    branching_decision 0.0020    set_bounds 0.1996    solve 1.4281    func 2.6829    prepare 0.3271    transfer 0.0003    finalize 0.4024    add 0.0476    
max lb 0.6188011169433594 min lb -12.619171142578125
Number of Verified Splits: 6 of 4096
Current worst splitting domains lb-rhs (depth):
-12.61920 (8), -12.61917 (9), -12.61888 (9), -12.61883 (9), -12.61866 (9), -12.61862 (9), -12.61860 (9), -12.61793 (9), -12.61714 (9), -12.61578 (9), -12.61568 (9), -12.61400 (9), -12.61203 (9), -12.60889 (9), -12.60885 (9), -12.60866 (9), -12.60865 (9), -12.60849 (9), -12.60845 (8), -12.60831 (9), 
Current (lb-rhs): -12.619199752807617
8534 domains visited
Length of domains: 4316
current_vram/total_varm: 9.2GB/47.7GB, batch_size increase to 4096
Cumulative time: 3.361565351486206

BaB round 7
batch: 4096
splitting decisions: 
split level 0: [/26, 624] [/input, 3772] [/input, 2605] [/input, 4832] [/26, 2756] [/input, 3416] [/input, 288] [/26, 1711] [/input-8, 53] [/input, 4230] 
best_l after optimization: -50714.98046875
beta sum per layer: [7270.1953125, 12643.451171875, 76.83938598632812]
alpha/beta optimization time: 1.5650882720947266
pruning_in_iteration open status: False
ratio of positive domain = 26 / 8192 = 0.003173828125
pruning-in-iteration extra time: 5.698204040527344e-05
Time: pickout 0.3377    branching_decision 0.0012    decision 0.0012    set_bounds 0.1824    prepare 0.3468    transfer 0.0001    finalize 0.4012    func 2.3770    solve 1.2550    add 0.0379    bab_iteration 1.5546    
Accumulated time: bab_iteration 3.3221    pickout 0.6863    decision 0.0034    branching_decision 0.0032    set_bounds 0.3821    solve 2.6831    func 5.0598    prepare 0.6739    transfer 0.0003    finalize 0.8037    add 0.0855    
max lb 2.226436138153076 min lb -12.619114875793457
Number of Verified Splits: 26 of 8192
Current worst splitting domains lb-rhs (depth):
-12.61920 (8), -12.61911 (10), -12.61888 (10), -12.61888 (10), -12.61875 (10), -12.61875 (10), -12.61866 (10), -12.61865 (10), -12.61847 (10), -12.61835 (10), -12.61813 (10), -12.61793 (10), -12.61781 (10), -12.61767 (10), -12.61671 (10), -12.61602 (10), -12.61578 (10), -12.61487 (10), -12.61251 (10), -12.61172 (10), 
Current (lb-rhs): -12.619199752807617
16726 domains visited
Length of domains: 8386
current_vram/total_varm: 18.1GB/47.7GB, batch_size increase to 8192
Cumulative time: 6.325615406036377

BaB round 8
batch: 8192
splitting decisions: 
split level 0: [/26, 5779] [/26, 1714] [/input, 5264] [/input, 3565] [/input, 5313] [/26, 3907] [/input, 4716] [/input, 3763] [/26, 3879] [/input, 362] 
best_l after optimization: -101295.1484375
beta sum per layer: [16658.45703125, 29151.03515625, 173.47442626953125]
alpha/beta optimization time: 3.095294952392578
pruning_in_iteration open status: False
ratio of positive domain = 42 / 16384 = 0.0025634765625
pruning-in-iteration extra time: 6.246566772460938e-05
Time: pickout 0.8589    branching_decision 0.0024    decision 0.0024    set_bounds 0.3740    prepare 0.3767    transfer 0.0002    finalize 1.1297    func 4.7233    solve 2.3770    add 0.0631    bab_iteration 2.9640    
Accumulated time: bab_iteration 6.2861    pickout 1.5452    decision 0.0057    branching_decision 0.0056    set_bounds 0.7561    solve 5.0602    func 9.7831    prepare 1.0506    transfer 0.0005    finalize 1.9334    add 0.1486    
max lb 2.042355537414551 min lb -12.61903190612793
Number of Verified Splits: 45 of 16384
Current worst splitting domains lb-rhs (depth):
-12.61920 (8), -12.61903 (11), -12.61903 (11), -12.61888 (11), -12.61872 (11), -12.61866 (11), -12.61865 (11), -12.61851 (11), -12.61839 (11), -12.61835 (11), -12.61793 (11), -12.61777 (11), -12.61759 (11), -12.61757 (11), -12.61753 (11), -12.61736 (11), -12.61679 (11), -12.61611 (11), -12.61578 (11), -12.61572 (11), 
Current (lb-rhs): -12.619199752807617
33110 domains visited
Length of domains: 16533
Cumulative time: 12.586143970489502

BaB round 9
batch: 8192
splitting decisions: 
split level 0: [/input, 2979] [/26, 81] [/26, 5540] [/input, 328] [/input, 4831] [/input, 3369] [/26, 2928] [/input, 97] [/input, 5347] [/input, 5034] 
best_l after optimization: -100925.796875
beta sum per layer: [18998.85546875, 34026.453125, 222.77386474609375]
alpha/beta optimization time: 3.0943944454193115
pruning_in_iteration open status: False
ratio of positive domain = 72 / 16384 = 0.00439453125
pruning-in-iteration extra time: 8.20159912109375e-05
Time: pickout 0.9065    branching_decision 0.0022    decision 0.0022    set_bounds 0.3636    prepare 0.3784    transfer 0.0001    finalize 0.7881    func 4.5776    solve 4.7233    add 0.2760    bab_iteration 6.2605    
Accumulated time: bab_iteration 12.5466    pickout 2.4516    decision 0.0079    branching_decision 0.0078    set_bounds 1.1197    solve 9.7835    func 14.3607    prepare 1.4290    transfer 0.0006    finalize 2.7214    add 0.4246    
max lb 1.8989624977111816 min lb -12.619025230407715
Number of Verified Splits: 77 of 16384
Current worst splitting domains lb-rhs (depth):
-12.61920 (8), -12.61903 (11), -12.61903 (12), -12.61888 (11), -12.61882 (12), -12.61872 (11), -12.61862 (12), -12.61861 (12), -12.61851 (11), -12.61839 (11), -12.61835 (11), -12.61832 (12), -12.61793 (12), -12.61793 (12), -12.61777 (12), -12.61772 (12), -12.61757 (11), -12.61753 (12), -12.61744 (12), -12.61736 (11), 
Current (lb-rhs): -12.619199752807617
49494 domains visited
Length of domains: 24648
Cumulative time: 18.680171251296997

BaB round 10
batch: 8192
splitting decisions: 
split level 0: [/input, 3450] [/input, 4020] [/input, 4793] [/input, 5621] [/26, 3418] [/input, 4855] [/26, 1617] [/input, 5016] [/input, 4219] [/input, 6184] 
best_l after optimization: -100845.6875
beta sum per layer: [21368.63671875, 39194.578125, 269.5268859863281]
alpha/beta optimization time: 3.095506191253662
pruning_in_iteration open status: False
ratio of positive domain = 67 / 16384 = 0.00408935546875
pruning-in-iteration extra time: 7.796287536621094e-05
Time: pickout 0.9427    branching_decision 0.0020    decision 0.0021    set_bounds 0.3644    prepare 0.3808    transfer 0.0001    finalize 1.0268    func 4.6213    solve 4.5777    add 0.2388    bab_iteration 6.0940    
Accumulated time: bab_iteration 18.6407    pickout 3.3943    decision 0.0100    branching_decision 0.0098    set_bounds 1.4840    solve 14.3611    func 18.9820    prepare 1.8098    transfer 0.0007    finalize 3.7483    add 0.6634    
max lb 1.6501703262329102 min lb -12.61860466003418
Number of Verified Splits: 71 of 16384
Current worst splitting domains lb-rhs (depth):
-12.61920 (8), -12.61903 (11), -12.61903 (12), -12.61888 (11), -12.61872 (11), -12.61861 (12), -12.61860 (13), -12.61851 (11), -12.61839 (11), -12.61835 (11), -12.61832 (12), -12.61793 (12), -12.61793 (13), -12.61777 (12), -12.61757 (11), -12.61753 (13), -12.61753 (13), -12.61744 (12), -12.61744 (13), -12.61736 (11), 
Current (lb-rhs): -12.619199752807617
65878 domains visited
Length of domains: 32769
Cumulative time: 24.979480266571045

BaB round 11
batch: 8192
splitting decisions: 
split level 0: [/input, 3014] [/input, 2494] [/input, 5582] [/input, 2991] [/input, 5780] [/input, 2992] [/input, 2738] [/input, 3306] [/input, 5715] [/26, 702] 
best_l after optimization: -100802.421875
beta sum per layer: [23891.400390625, 44569.58203125, 291.3575439453125]
alpha/beta optimization time: 3.0956766605377197
pruning_in_iteration open status: False
ratio of positive domain = 59 / 16384 = 0.00360107421875
pruning-in-iteration extra time: 5.984306335449219e-05
Time: pickout 0.7173    branching_decision 0.0020    decision 0.0020    set_bounds 0.6503    prepare 0.3810    transfer 0.0001    finalize 0.8022    func 4.3964    solve 4.6213    add 0.3628    bab_iteration 6.2993    
Accumulated time: bab_iteration 24.9400    pickout 4.1116    decision 0.0120    branching_decision 0.0118    set_bounds 2.1343    solve 18.9825    func 23.3784    prepare 2.1907    transfer 0.0008    finalize 4.5504    add 1.0263    
max lb 2.055403709411621 min lb -12.618494033813477
Number of Verified Splits: 61 of 16384
Current worst splitting domains lb-rhs (depth):
-12.61920 (8), -12.61903 (11), -12.61903 (12), -12.61888 (11), -12.61872 (11), -12.61861 (12), -12.61851 (11), -12.61849 (14), -12.61839 (11), -12.61835 (11), -12.61832 (12), -12.61814 (14), -12.61793 (12), -12.61777 (12), -12.61757 (11), -12.61753 (13), -12.61749 (14), -12.61744 (12), -12.61744 (13), -12.61740 (14), 
Current (lb-rhs): -12.619199752807617
82262 domains visited
Length of domains: 40900
Cumulative time: 30.97491693496704

BaB round 12
batch: 8192
splitting decisions: 
split level 0: [/input, 5534] [/26, 3413] [/26, 2555] [/input, 4279] [/input, 3446] [/26, 355] [/input, 4733] [/26, 16] [/input, 5578] [/26, 1616] 
best_l after optimization: -100572.3515625
beta sum per layer: [26445.66796875, 50037.546875, 335.85247802734375]
alpha/beta optimization time: 3.0970664024353027
pruning_in_iteration open status: False
ratio of positive domain = 76 / 16384 = 0.004638671875
pruning-in-iteration extra time: 8.988380432128906e-05
Time: pickout 1.0331    branching_decision 0.0020    decision 0.0021    set_bounds 0.3659    prepare 0.3812    transfer 0.0001    finalize 0.7902    func 4.3858    solve 4.3965    add 0.2227    bab_iteration 5.9954    
Accumulated time: bab_iteration 30.9354    pickout 5.1447    decision 0.0141    branching_decision 0.0138    set_bounds 2.5002    solve 23.3789    func 27.7642    prepare 2.5719    transfer 0.0008    finalize 5.3406    add 1.2489    
max lb 1.8332769870758057 min lb -12.618144035339355
Number of Verified Splits: 77 of 16384
Current worst splitting domains lb-rhs (depth):
-12.61920 (8), -12.61903 (11), -12.61903 (12), -12.61888 (11), -12.61872 (11), -12.61861 (12), -12.61851 (11), -12.61849 (14), -12.61839 (11), -12.61835 (11), -12.61832 (12), -12.61814 (15), -12.61793 (12), -12.61777 (12), -12.61757 (11), -12.61753 (13), -12.61749 (14), -12.61744 (12), -12.61744 (13), -12.61736 (11), 
Current (lb-rhs): -12.619199752807617
98646 domains visited
Length of domains: 49015
Cumulative time: 37.36236596107483

BaB round 13
batch: 8192
splitting decisions: 
split level 0: [/26, 3781] [/input, 4934] [/26, 3166] [/input, 5084] [/26, 5528] [/input, 2933] [/input, 3486] [/input, 3838] [/input, 4643] [/26, 1578] 
best_l after optimization: -100530.1953125
beta sum per layer: [29157.294921875, 55807.34375, 389.0897216796875]
alpha/beta optimization time: 3.097743272781372
pruning_in_iteration open status: False
ratio of positive domain = 63 / 16384 = 0.00384521484375
pruning-in-iteration extra time: 6.103515625e-05
Time: pickout 0.7242    branching_decision 0.0020    decision 0.0020    set_bounds 0.3686    prepare 0.3807    transfer 0.0001    finalize 0.7899    func 4.7909    solve 4.3859    add 0.5931    bab_iteration 6.3874    
Accumulated time: bab_iteration 37.3228    pickout 5.8689    decision 0.0160    branching_decision 0.0158    set_bounds 2.8688    solve 27.7648    func 32.5551    prepare 2.9526    transfer 0.0009    finalize 6.1305    add 1.8421    
max lb 1.237227439880371 min lb -12.618144035339355
Number of Verified Splits: 68 of 16384
Current worst splitting domains lb-rhs (depth):
-12.61920 (8), -12.61903 (11), -12.61903 (12), -12.61888 (11), -12.61872 (11), -12.61861 (12), -12.61851 (11), -12.61849 (14), -12.61839 (11), -12.61835 (11), -12.61832 (12), -12.61814 (16), -12.61793 (12), -12.61777 (12), -12.61757 (11), -12.61753 (13), -12.61749 (14), -12.61744 (12), -12.61744 (13), -12.61736 (11), 
Current (lb-rhs): -12.619199752807617
115030 domains visited
Length of domains: 57139
Cumulative time: 43.5197479724884

BaB round 14
batch: 8192
splitting decisions: 
split level 0: [/input, 3022] [/26, 3916] [/input, 5441] [/26, 1688] [/input, 3863] [/26, 726] [/input, 156] [/input, 4766] [/input, 4315] [/input, 4605] 
best_l after optimization: -100365.375
beta sum per layer: [32061.953125, 61806.65234375, 427.9225769042969]
alpha/beta optimization time: 3.0964016914367676
pruning_in_iteration open status: False
ratio of positive domain = 70 / 16384 = 0.0042724609375
pruning-in-iteration extra time: 6.079673767089844e-05
Time: pickout 0.7337    branching_decision 0.0020    decision 0.0020    set_bounds 0.3667    prepare 0.3814    transfer 0.0001    finalize 1.2327    func 4.8291    solve 4.7910    add 0.2637    bab_iteration 6.1574    
Accumulated time: bab_iteration 43.4802    pickout 6.6026    decision 0.0180    branching_decision 0.0178    set_bounds 3.2355    solve 32.5557    func 37.3842    prepare 3.3340    transfer 0.0010    finalize 7.3632    add 2.1058    
max lb 0.7418618202209473 min lb -12.618144035339355
Number of Verified Splits: 74 of 16384
Current worst splitting domains lb-rhs (depth):
-12.61920 (8), -12.61903 (11), -12.61903 (12), -12.61888 (11), -12.61872 (11), -12.61861 (12), -12.61851 (11), -12.61849 (14), -12.61839 (11), -12.61835 (11), -12.61832 (12), -12.61814 (17), -12.61793 (12), -12.61777 (12), -12.61757 (11), -12.61753 (13), -12.61749 (14), -12.61744 (12), -12.61744 (13), -12.61736 (11), 
Current (lb-rhs): -12.619199752807617
131414 domains visited
Length of domains: 65257
Cumulative time: 49.72589612007141

BaB round 15
batch: 8192
splitting decisions: 
split level 0: [/26, 1889] [/26, 3779] [/input, 3771] [/input, 6203] [/input, 731] [/input, 6243] [/input, 757] [/input, 4012] [/26, 2786] [/input, 4854] 
best_l after optimization: -100237.65625
beta sum per layer: [35058.703125, 68228.359375, 476.760009765625]
alpha/beta optimization time: 3.0969042778015137
pruning_in_iteration open status: False
ratio of positive domain = 74 / 16384 = 0.0045166015625
pruning-in-iteration extra time: 6.222724914550781e-05
Time: pickout 0.7361    branching_decision 0.0022    decision 0.0022    set_bounds 0.3660    prepare 0.3818    transfer 0.0001    finalize 1.2830    func 4.8812    solve 4.8292    add 0.2659    bab_iteration 6.2061    
Accumulated time: bab_iteration 49.6864    pickout 7.3387    decision 0.0202    branching_decision 0.0199    set_bounds 3.6015    solve 37.3849    func 42.2654    prepare 3.7159    transfer 0.0011    finalize 8.6462    add 2.3717    
max lb 0.650629997253418 min lb -12.618144035339355
Number of Verified Splits: 78 of 16384
Current worst splitting domains lb-rhs (depth):
-12.61920 (8), -12.61903 (11), -12.61903 (12), -12.61888 (11), -12.61872 (11), -12.61861 (12), -12.61851 (11), -12.61849 (14), -12.61839 (11), -12.61835 (11), -12.61832 (12), -12.61814 (18), -12.61793 (12), -12.61777 (12), -12.61777 (18), -12.61757 (11), -12.61753 (13), -12.61749 (14), -12.61744 (12), -12.61744 (13), 
Current (lb-rhs): -12.619199752807617
147798 domains visited
Length of domains: 73371
Cumulative time: 56.48211646080017

BaB round 16
batch: 8192
splitting decisions: 
split level 0: [/input, 5140] [/input, 4417] [/input, 4815] [/input, 729] [/26, 5548] [/input, 5089] [/input, 5122] [/26, 612] [/26, 3801] [/input, 782] 
best_l after optimization: -100083.8125
beta sum per layer: [38281.78125, 74967.6328125, 530.3707275390625]
alpha/beta optimization time: 3.1015400886535645
pruning_in_iteration open status: False
ratio of positive domain = 57 / 16384 = 0.00347900390625
pruning-in-iteration extra time: 7.200241088867188e-05
Time: pickout 0.7621    branching_decision 0.0023    decision 0.0024    set_bounds 0.3707    prepare 0.3993    transfer 0.0001    finalize 0.8083    func 4.4326    solve 4.8812    add 0.7615    bab_iteration 6.7562    
Accumulated time: bab_iteration 56.4426    pickout 8.1008    decision 0.0226    branching_decision 0.0223    set_bounds 3.9722    solve 42.2661    func 46.6980    prepare 4.1152    transfer 0.0012    finalize 9.4545    add 3.1332    
max lb 2.024232864379883 min lb -12.617664337158203
Number of Verified Splits: 59 of 16384
Current worst splitting domains lb-rhs (depth):
-12.61920 (8), -12.61903 (11), -12.61903 (12), -12.61888 (11), -12.61872 (11), -12.61861 (12), -12.61851 (11), -12.61849 (14), -12.61839 (11), -12.61835 (11), -12.61832 (12), -12.61814 (18), -12.61793 (12), -12.61777 (12), -12.61766 (19), -12.61760 (19), -12.61757 (11), -12.61753 (13), -12.61749 (14), -12.61744 (12), 
Current (lb-rhs): -12.619199752807617
164182 domains visited
Length of domains: 81504
Time out!!!!!!!!
Result: unknown in 65.2592 seconds

 %%%%%%%%%%%%%%%%%%%%%%%%%%%%%%%%%%% idx: 9, vnnlib ID: 9 %%%%%%%%%%%%%%%%%%%%%%%%%%%%%%%%%%%
Finished vnnlib processing in 0.001665 seconds
Model: BoundedModule(
  (/input-1): BoundInput(name=/input-1, inputs=[], perturbed=True)
  (/shape): BoundBuffers(name=/shape, inputs=[], perturbed=False)
  (/12): BoundParams(name=/12, inputs=[], perturbed=False)
  (/13): BoundParams(name=/13, inputs=[], perturbed=False)
  (/14): BoundParams(name=/14, inputs=[], perturbed=False)
  (/15): BoundParams(name=/15, inputs=[], perturbed=False)
  (/16): BoundParams(name=/16, inputs=[], perturbed=False)
  (/17): BoundParams(name=/17, inputs=[], perturbed=False)
  (/18): BoundParams(name=/18, inputs=[], perturbed=False)
  (/19): BoundParams(name=/19, inputs=[], perturbed=False)
  (/20): BoundParams(name=/20, inputs=[], perturbed=False)
  (/21): BoundParams(name=/21, inputs=[], perturbed=False)
  (/input): BoundConv(name=/input, inputs=[/input-1, /12, /13], perturbed=True)
  (/input-4): BoundRelu(name=/input-4, inputs=[/input], perturbed=True)
  (/24): BoundConv(name=/24, inputs=[/input-4, /14, /15], perturbed=True)
  (/25): BoundConv(name=/25, inputs=[/input-4, /16, /17], perturbed=True)
  (/26): BoundAdd(name=/26, inputs=[/24, /25], perturbed=True)
  (/27): BoundRelu(name=/27, inputs=[/26], perturbed=True)
  (/28): BoundSplit(name=/28, inputs=[/shape], perturbed=False)
  (/29): BoundSplit(name=/29, inputs=[/shape], perturbed=False)
  (/30): BoundConstant(name=/30, value=tensor([0], device='cuda:0'))
  (/31): BoundSqueeze(name=/31, inputs=[/28, /30], perturbed=False)
  (/32): BoundConstant(name=/32, value=tensor([0], device='cuda:0'))
  (/33): BoundSqueeze(name=/33, inputs=[/29, /32], perturbed=False)
  (/34): BoundConstant(name=/34, value=tensor([0], device='cuda:0'))
  (/35): BoundUnsqueeze(name=/35, inputs=[/31, /34], perturbed=False)
  (/36): BoundConstant(name=/36, value=tensor([0], device='cuda:0'))
  (/37): BoundUnsqueeze(name=/37, inputs=[/33, /36], perturbed=False)
  (/38): BoundConcat(name=/38, inputs=[/35, /37], perturbed=False)
  (/39): BoundReshape(name=/39, inputs=[/27, /38], perturbed=True)
  (/input-8): BoundLinear(name=/input-8, inputs=[/39, /18, /19], perturbed=True)
  (/41): BoundRelu(name=/41, inputs=[/input-8], perturbed=True)
  (/42): BoundLinear(name=/42, inputs=[/41, /20, /21], perturbed=True)
)
Original output in the first batch: tensor([[ 1.23097944, -7.62678480, -2.71381640,  0.13640879,  5.57753944,
          1.72110915, -2.49914432,  8.81508923,  2.57029605,  8.75908852]],
       device='cuda:0')
Split layers:
Nonlinear functions:
   BoundRelu(name=/input-4, inputs=[/input], perturbed=True)
   BoundRelu(name=/27, inputs=[/26], perturbed=True)
   BoundRelu(name=/41, inputs=[/input-8], perturbed=True)
build batch [1/1]
layer /input-4 using sparse-features alpha with shape [3614]; unstable size 3614; total size 6272 ([1, 8, 28, 28])
layer /input-4 start_node /26 using sparse-spec alpha [2, 7, 1, 3614] with unstable size 6 total_size 8 output_shape 8
layer /input-4 start_node /input-8 using sparse-spec alpha [2, 19, 1, 3614] with unstable size 18 total_size 64 output_shape torch.Size([64])
layer /input-4 start_node /42 using full alpha [2, 9, 1, 3614] with unstable size None total_size 9 output_shape 9
layer /27 using sparse-features alpha with shape [2328]; unstable size 2328; total size 6272 ([1, 8, 28, 28])
layer /27 start_node /input-8 using sparse-spec alpha [2, 19, 1, 2328] with unstable size 18 total_size 64 output_shape torch.Size([64])
layer /27 start_node /42 using full alpha [2, 9, 1, 2328] with unstable size None total_size 9 output_shape 9
layer /41 using sparse-features alpha with shape [18]; unstable size 18; total size 64 ([1, 64])
layer /41 start_node /42 using full alpha [2, 9, 1, 18] with unstable size None total_size 9 output_shape 9
Optimizable variables initialized.
initial CROWN bounds (first 10 items): [-7.471096515655518, -0.02742290496826172, -7.213701248168945, -7.217533588409424, -8.139945030212402, -8.455949783325195, -7.237154960632324, -10.486751556396484, -5.242608547210693]
prune_after_crown optimization in use
  original spec size = torch.Size([1, 9])
  pruned spec size = torch.Size([1, 9])
Using alpha-CROWN to initialize bounds.
best_l after optimization: -55.516510009765625
alpha/beta optimization time: 1.683440923690796
initial alpha-crown bounds (first 10 items): [-6.736881256103516, 0.668034553527832, -6.456132888793945, -6.470166206359863, -7.545773983001709, -7.789739608764648, -6.44422721862793, -10.035133361816406, -4.706491470336914]
Global lower bound: -10.035133361816406
1 / 9 OR specs are verified.
Verified OR indices (first 10 items): [1]
Verified OR lbs (first 10 items): [[0.668034553527832]]
Unverified OR indices (first 10 items): [0, 2, 3, 4, 5, 6, 7, 8]
Unverified OR lbs (first 10 items): [[-6.736881256103516], [-6.456132888793945], [-6.470166206359863], [-7.545773983001709], [-7.789739608764648], [-6.44422721862793], [-10.035133361816406], [-4.706491470336914]]
###### Verifying property Instance 9 ######
Batch size: 8
First 10 spec matrices
C: tensor([[[-1.,  0.,  0.,  0.,  0.,  0.,  0.,  0.,  0.,  1.]],

        [[ 0.,  0., -1.,  0.,  0.,  0.,  0.,  0.,  0.,  1.]],

        [[ 0.,  0.,  0., -1.,  0.,  0.,  0.,  0.,  0.,  1.]],

        [[ 0.,  0.,  0.,  0., -1.,  0.,  0.,  0.,  0.,  1.]],

        [[ 0.,  0.,  0.,  0.,  0., -1.,  0.,  0.,  0.,  1.]],

        [[ 0.,  0.,  0.,  0.,  0.,  0., -1.,  0.,  0.,  1.]],

        [[ 0.,  0.,  0.,  0.,  0.,  0.,  0., -1.,  0.,  1.]],

        [[ 0.,  0.,  0.,  0.,  0.,  0.,  0.,  0., -1.,  1.]]], device='cuda:0')
RHS: tensor([[0.],
        [0.],
        [0.],
        [0.],
        [0.],
        [0.],
        [0.],
        [0.]], device='cuda:0')
OR spec sizes: tensor([1, 1, 1, 1, 1, 1, 1, 1], device='cuda:0', dtype=torch.int32)
Remaining timeout: 57.77946352958679
Model prediction is: tensor([ 1.23097944, -7.62678480, -2.71381640,  0.13640879,  5.57753944,
         1.72110915, -2.49914432,  8.81508923,  2.57029605,  8.75908852],
       device='cuda:0')
Activation BaB batch 1/1 
build_with_refined_bounds batch [1/1]
Optimizable variables initialized.
all alpha initialized
directly get lb and ub from refined bounds
c shape: torch.Size([8, 1, 10])
lA shapes: [torch.Size([8, 1, 8, 28, 28]), torch.Size([8, 1, 8, 28, 28]), torch.Size([8, 1, 64])]
(alpha-)CROWN with fixed intermediate bounds: tensor([[ -6.73688126],
        [ -6.45613289],
        [ -6.47016621],
        [ -7.54577398],
        [ -7.78973961],
        [ -6.44422722],
        [-10.03513336],
        [ -4.70649147]], device='cuda:0') tensor([[inf],
        [inf],
        [inf],
        [inf],
        [inf],
        [inf],
        [inf],
        [inf]], device='cuda:0')
Intermediate layers: /input,/26,/input-8
Keeping alphas for these layers: ['/42']
Node /input-4 input 0: size torch.Size([8, 28, 28]) unstable 3614
Node /27 input 0: size torch.Size([8, 28, 28]) unstable 2267
Node /41 input 0: size torch.Size([64]) unstable 18
-----------------
# of unstable neurons: 5899
-----------------

BaB round 1
batch: 8
splitting decisions: 
split level 0: [/26, 2311] [/input, 6015] [/26, 3391] [/26, 3389] [/input, 186] [/input, 4877] [/input, 5207] [/26, 5637] 
split level 1: [/26, 6105] [/26, 1571] [/input, 3997] [/input, 4454] [/input, 5602] [/input, 387] [/input, 6023] [/input, 478] 
split level 2: [/26, 3308] [/input, 701] [/input, 3194] [/input, 4614] [/26, 3732] [/input, 250] [/input, 1023] [/26, 192] 
split level 3: [/26, 583] [/input, 255] [/26, 5559] [/input, 3705] [/26, 5621] [/input, 3258] [/input, 110] [/input, 3814] 
best_l after optimization: -890.3509521484375
beta sum per layer: [35.498077392578125, 29.80583953857422, 0.0]
alpha/beta optimization time: 0.14490056037902832
pruning_in_iteration open status: False
ratio of positive domain = 0 / 128 = 0.0
pruning-in-iteration extra time: 5.2928924560546875e-05
Time: pickout 0.0038    branching_decision 0.0001    decision 0.0001    set_bounds 0.0059    prepare 0.0018    transfer 0.0000    finalize 0.0061    func 0.1571    
Accumulated time: bab_iteration 0.0000    pickout 0.0038    decision 0.0001    branching_decision 0.0001    set_bounds 0.0059    solve 0.0000    func 0.1571    prepare 0.0018    transfer 0.0000    finalize 0.0061    
max lb -4.501283645629883 min lb -10.030309677124023
Number of Verified Splits: 0 of 128
Current worst splitting domains lb-rhs (depth):
-10.03031 (4), -10.02865 (4), -10.02698 (4), -10.02614 (4), -10.02547 (4), -10.02458 (4), -10.02292 (4), -10.02144 (4), -9.90097 (4), -9.89980 (4), -9.89763 (4), -9.89701 (4), -9.89645 (4), -9.89584 (4), -9.89368 (4), -9.89251 (4), -7.78565 (4), -7.78559 (4), -7.76432 (4), -7.76423 (4), 
Current (lb-rhs): -10.030309677124023
128 domains visited
Length of domains: 128
Cumulative time: 0.20380735397338867

BaB round 2
batch: 128
splitting decisions: 
split level 0: [/26, 2240] [/input, 2413] [/input, 2767] [/input, 4966] [/input, 6191] [/input, 505] [/26, 2052] [/26, 6074] [/input, 5010] [/26, 2124] 
best_l after optimization: -1771.223876953125
beta sum per layer: [101.72004699707031, 91.48472595214844, 0.5984537601470947]
alpha/beta optimization time: 0.1435256004333496
pruning_in_iteration open status: False
ratio of positive domain = 0 / 256 = 0.0
pruning-in-iteration extra time: 5.1975250244140625e-05
Time: pickout 0.0107    branching_decision 0.0001    decision 0.0001    set_bounds 0.0060    prepare 0.0059    transfer 0.0000    finalize 0.0374    func 0.1921    solve 0.1571    add 0.0018    bab_iteration 0.1687    
Accumulated time: bab_iteration 0.1687    pickout 0.0144    decision 0.0002    branching_decision 0.0002    set_bounds 0.0118    solve 0.1571    func 0.3491    prepare 0.0077    transfer 0.0001    finalize 0.0434    add 0.0018    
max lb -4.176999568939209 min lb -10.03040599822998
Number of Verified Splits: 0 of 256
Current worst splitting domains lb-rhs (depth):
-10.03031 (5), -10.03031 (5), -10.02865 (5), -10.02863 (5), -10.02687 (5), -10.02621 (5), -10.02598 (5), -10.02449 (5), -10.02442 (5), -10.02435 (5), -10.02236 (5), -10.02133 (5), -10.02123 (5), -10.01137 (5), -9.95387 (5), -9.94892 (5), -9.85868 (5), -9.85713 (5), -9.85696 (5), -9.85522 (5), 
Current (lb-rhs): -10.030309677124023
384 domains visited
Length of domains: 256
Cumulative time: 0.41951966285705566

BaB round 3
batch: 256
splitting decisions: 
split level 0: [/26, 367] [/26, 33] [/input, 4950] [/input, 675] [/26, 702] [/input, 401] [/input, 3889] [/input, 2745] [/input, 3203] [/input, 3281] 
best_l after optimization: -3533.91552734375
beta sum per layer: [260.64617919921875, 215.3023681640625, 1.6270225048065186]
alpha/beta optimization time: 0.14582085609436035
pruning_in_iteration open status: False
ratio of positive domain = 0 / 512 = 0.0
pruning-in-iteration extra time: 5.125999450683594e-05
Time: pickout 0.0219    branching_decision 0.0001    decision 0.0002    set_bounds 0.0112    prepare 0.0114    transfer 0.0000    finalize 0.0256    func 0.1899    solve 0.1921    add 0.0067    bab_iteration 0.2157    
Accumulated time: bab_iteration 0.3844    pickout 0.0363    decision 0.0004    branching_decision 0.0003    set_bounds 0.0230    solve 0.3492    func 0.5391    prepare 0.0191    transfer 0.0001    finalize 0.0691    add 0.0084    
max lb -4.103293418884277 min lb -10.030404090881348
Number of Verified Splits: 0 of 512
Current worst splitting domains lb-rhs (depth):
-10.03031 (6), -10.03009 (6), -10.02862 (6), -10.02860 (6), -10.02785 (6), -10.02732 (6), -10.02609 (6), -10.02608 (6), -10.02573 (6), -10.02449 (6), -10.02424 (6), -10.02340 (6), -10.02306 (6), -10.02214 (6), -10.02210 (6), -10.02208 (6), -10.02078 (6), -10.02046 (6), -10.02045 (6), -10.01930 (6), 
Current (lb-rhs): -10.030309677124023
896 domains visited
Length of domains: 512
Cumulative time: 0.6474542617797852

BaB round 4
batch: 512
splitting decisions: 
split level 0: [/26, 1576] [/input, 3148] [/input, 2558] [/26, 742] [/input, 327] [/input, 676] [/input, 3272] [/26, 5532] [/26, 2614] [/26, 5678] 
best_l after optimization: -7042.548828125
beta sum per layer: [613.2463989257812, 511.400390625, 3.9368655681610107]
alpha/beta optimization time: 0.16911077499389648
pruning_in_iteration open status: False
ratio of positive domain = 0 / 1024 = 0.0
pruning-in-iteration extra time: 7.224082946777344e-05
Time: pickout 0.0427    branching_decision 0.0003    decision 0.0003    set_bounds 0.0235    prepare 0.0226    transfer 0.0000    finalize 0.0457    func 0.2483    solve 0.1900    add 0.0045    bab_iteration 0.2279    
Accumulated time: bab_iteration 0.6123    pickout 0.0791    decision 0.0006    branching_decision 0.0006    set_bounds 0.0465    solve 0.5392    func 0.7873    prepare 0.0417    transfer 0.0002    finalize 0.1148    add 0.0129    
max lb -1.4163546562194824 min lb -10.029847145080566
Number of Verified Splits: 0 of 1024
Current worst splitting domains lb-rhs (depth):
-10.02985 (7), -10.02952 (7), -10.02860 (7), -10.02764 (7), -10.02739 (7), -10.02699 (7), -10.02608 (7), -10.02607 (7), -10.02593 (7), -10.02582 (7), -10.02526 (7), -10.02447 (7), -10.02423 (7), -10.02376 (7), -10.02324 (7), -10.02211 (7), -10.02207 (7), -10.02176 (7), -10.02164 (7), -10.02154 (7), 
Current (lb-rhs): -10.029847145080566
1920 domains visited
Length of domains: 1024
Cumulative time: 0.9725775718688965

BaB round 5
batch: 1024
splitting decisions: 
split level 0: [/input, 5478] [/input, 3255] [/26, 608] [/input, 5855] [/input, 6251] [/input, 302] [/input, 5686] [/26, 1569] [/26, 3638] [/26, 447] 
best_l after optimization: -14030.3056640625
beta sum per layer: [1445.6131591796875, 1209.48828125, 11.529060363769531]
alpha/beta optimization time: 0.3636646270751953
pruning_in_iteration open status: False
ratio of positive domain = 0 / 2048 = 0.0
pruning-in-iteration extra time: 0.00011920928955078125
Time: pickout 0.0810    branching_decision 0.0005    decision 0.0005    set_bounds 0.0459    prepare 0.0455    transfer 0.0000    finalize 0.0894    func 0.5168    solve 0.2483    add 0.0099    bab_iteration 0.3251    
Accumulated time: bab_iteration 0.9375    pickout 0.1601    decision 0.0011    branching_decision 0.0010    set_bounds 0.0924    solve 0.7875    func 1.3042    prepare 0.0872    transfer 0.0002    finalize 0.2043    add 0.0229    
max lb -0.9235081672668457 min lb -10.0299072265625
Number of Verified Splits: 0 of 2048
Current worst splitting domains lb-rhs (depth):
-10.02985 (8), -10.02985 (8), -10.02851 (8), -10.02764 (8), -10.02670 (8), -10.02631 (8), -10.02573 (8), -10.02543 (8), -10.02518 (8), -10.02509 (8), -10.02489 (8), -10.02488 (8), -10.02457 (8), -10.02391 (8), -10.02303 (8), -10.02297 (8), -10.02293 (8), -10.02253 (8), -10.02201 (8), -10.02156 (8), 
Current (lb-rhs): -10.029847145080566
3968 domains visited
Length of domains: 2048
Cumulative time: 1.635427474975586

BaB round 6
batch: 2048
splitting decisions: 
split level 0: [/input, 5406] [/input, 5881] [/26, 3004] [/input, 3282] [/26, 1901] [/input, 3263] [/input, 4445] [/input, 3348] [/input, 4956] [/26, 702] 
best_l after optimization: -27957.2109375
beta sum per layer: [3296.1923828125, 2791.753173828125, 28.983627319335938]
alpha/beta optimization time: 0.8217065334320068
pruning_in_iteration open status: False
ratio of positive domain = 0 / 4096 = 0.0
pruning-in-iteration extra time: 7.200241088867188e-05
Time: pickout 0.1618    branching_decision 0.0009    decision 0.0009    set_bounds 0.0969    prepare 0.0917    transfer 0.0000    finalize 0.3350    func 1.2850    solve 0.5169    add 0.0180    bab_iteration 0.6628    
Accumulated time: bab_iteration 1.6003    pickout 0.3219    decision 0.0020    branching_decision 0.0019    set_bounds 0.1893    solve 1.3044    func 2.5891    prepare 0.1789    transfer 0.0003    finalize 0.5392    add 0.0409    
max lb -0.7815780639648438 min lb -10.029682159423828
Number of Verified Splits: 0 of 4096
Current worst splitting domains lb-rhs (depth):
-10.02968 (9), -10.02943 (9), -10.02849 (9), -10.02703 (9), -10.02651 (9), -10.02600 (9), -10.02600 (9), -10.02599 (9), -10.02552 (9), -10.02543 (9), -10.02539 (9), -10.02519 (9), -10.02507 (9), -10.02488 (9), -10.02458 (9), -10.02404 (9), -10.02386 (9), -10.02366 (9), -10.02353 (9), -10.02265 (9), 
Current (lb-rhs): -10.029682159423828
8064 domains visited
Length of domains: 4096
current_vram/total_varm: 8.6GB/47.7GB, batch_size increase to 4096
Cumulative time: 3.2128310203552246

BaB round 7
batch: 4096
splitting decisions: 
split level 0: [/26, 3634] [/26, 5599] [/26, 2539] [/input, 5347] [/26, 2063] [/input, 5776] [/input, 4936] [/input, 3438] [/input, 651] [/input, 571] 
best_l after optimization: -55668.7578125
beta sum per layer: [7478.80078125, 6457.34619140625, 76.1990966796875]
alpha/beta optimization time: 1.5649473667144775
pruning_in_iteration open status: False
ratio of positive domain = 2 / 8192 = 0.000244140625
pruning-in-iteration extra time: 7.867813110351562e-05
Time: pickout 0.3315    branching_decision 0.0015    decision 0.0015    set_bounds 0.1819    prepare 0.1881    transfer 0.0001    finalize 0.5375    func 2.3539    solve 1.2850    add 0.0311    bab_iteration 1.5774    
Accumulated time: bab_iteration 3.1777    pickout 0.6534    decision 0.0036    branching_decision 0.0034    set_bounds 0.3713    solve 2.5894    func 4.9430    prepare 0.3670    transfer 0.0003    finalize 1.0767    add 0.0719    
max lb 0.042026519775390625 min lb -10.029581069946289
Number of Verified Splits: 2 of 8192
Current worst splitting domains lb-rhs (depth):
-10.02958 (10), -10.02923 (10), -10.02875 (10), -10.02812 (10), -10.02651 (10), -10.02600 (10), -10.02585 (10), -10.02583 (10), -10.02583 (10), -10.02566 (10), -10.02541 (10), -10.02530 (10), -10.02517 (10), -10.02510 (10), -10.02507 (10), -10.02503 (10), -10.02483 (10), -10.02483 (10), -10.02471 (10), -10.02447 (10), 
Current (lb-rhs): -10.029581069946289
16256 domains visited
Length of domains: 8190
current_vram/total_varm: 17.5GB/47.7GB, batch_size increase to 8192
Cumulative time: 6.1433424949646

BaB round 8
batch: 8190
splitting decisions: 
split level 0: [/input, 3956] [/input, 5477] [/26, 43] [/26, 3528] [/input, 4984] [/input, 2949] [/26, 3639] [/input, 3263] [/input, 4914] [/26, 3242] 
best_l after optimization: -110893.96875
beta sum per layer: [16665.212890625, 14706.65234375, 179.89370727539062]
alpha/beta optimization time: 3.100770950317383
pruning_in_iteration open status: False
ratio of positive domain = 13 / 16380 = 0.0007936507936507908
pruning-in-iteration extra time: 5.984306335449219e-05
Time: pickout 0.8501    branching_decision 0.0023    decision 0.0023    set_bounds 0.3666    prepare 0.3792    transfer 0.0002    finalize 0.9920    func 4.5939    solve 2.3539    add 0.0590    bab_iteration 2.9305    
Accumulated time: bab_iteration 6.1082    pickout 1.5035    decision 0.0059    branching_decision 0.0057    set_bounds 0.7379    solve 4.9433    func 9.5369    prepare 0.7462    transfer 0.0005    finalize 2.0687    add 0.1310    
max lb 1.7634286880493164 min lb -10.029708862304688
Number of Verified Splits: 13 of 16380
Current worst splitting domains lb-rhs (depth):
-10.02958 (11), -10.02958 (11), -10.02888 (11), -10.02871 (11), -10.02852 (11), -10.02781 (11), -10.02651 (11), -10.02583 (11), -10.02583 (11), -10.02536 (11), -10.02530 (11), -10.02530 (11), -10.02522 (11), -10.02510 (11), -10.02510 (11), -10.02509 (11), -10.02489 (11), -10.02483 (11), -10.02479 (11), -10.02456 (11), 
Current (lb-rhs): -10.029581069946289
32636 domains visited
Length of domains: 16367
Cumulative time: 12.236877918243408

BaB round 9
batch: 8192
splitting decisions: 
split level 0: [/input, 5402] [/input, 6186] [/input, 1304] [/26, 1817] [/26, 2922] [/input, 6184] [/input, 541] [/input, 2559] [/26, 257] [/input, 4766] 
best_l after optimization: -110414.4453125
beta sum per layer: [18544.279296875, 17471.11328125, 207.96531677246094]
alpha/beta optimization time: 3.094923257827759
pruning_in_iteration open status: False
ratio of positive domain = 6 / 16384 = 0.0003662109375
pruning-in-iteration extra time: 6.532669067382812e-05
Time: pickout 0.9077    branching_decision 0.0022    decision 0.0022    set_bounds 0.3653    prepare 0.3810    transfer 0.0001    finalize 0.9769    func 4.5711    solve 4.5939    add 0.2708    bab_iteration 6.0935    
Accumulated time: bab_iteration 12.2018    pickout 2.4112    decision 0.0081    branching_decision 0.0080    set_bounds 1.1032    solve 9.5372    func 14.1080    prepare 1.1272    transfer 0.0005    finalize 3.0457    add 0.4018    
max lb 0.6026992797851562 min lb -10.029540061950684
Number of Verified Splits: 6 of 16384
Current worst splitting domains lb-rhs (depth):
-10.02958 (11), -10.02954 (12), -10.02888 (11), -10.02852 (11), -10.02846 (12), -10.02781 (11), -10.02647 (12), -10.02583 (11), -10.02573 (12), -10.02536 (11), -10.02530 (11), -10.02530 (11), -10.02522 (11), -10.02510 (11), -10.02510 (11), -10.02501 (12), -10.02489 (11), -10.02479 (11), -10.02456 (11), -10.02452 (11), 
Current (lb-rhs): -10.029581069946289
49020 domains visited
Length of domains: 24553
Cumulative time: 18.383971691131592

BaB round 10
batch: 8192
splitting decisions: 
split level 0: [/26, 5571] [/26, 2053] [/26, 6013] [/input, 2414] [/26, 127] [/input, 4559] [/input, 3390] [/input, 739] [/input, 2414] [/input, 5126] 
best_l after optimization: -109803.34375
beta sum per layer: [20523.1640625, 20456.2734375, 245.41949462890625]
alpha/beta optimization time: 3.093985080718994
pruning_in_iteration open status: False
ratio of positive domain = 9 / 16384 = 0.00054931640625
pruning-in-iteration extra time: 6.031990051269531e-05
Time: pickout 0.9485    branching_decision 0.0021    decision 0.0021    set_bounds 0.3656    prepare 0.3814    transfer 0.0001    finalize 1.0325    func 4.6255    solve 4.5712    add 0.2956    bab_iteration 6.1471    
Accumulated time: bab_iteration 18.3488    pickout 3.3597    decision 0.0102    branching_decision 0.0101    set_bounds 1.4688    solve 14.1084    func 18.7335    prepare 1.5086    transfer 0.0006    finalize 4.0782    add 0.6973    
max lb 2.1474227905273438 min lb -10.024506568908691
Number of Verified Splits: 9 of 16384
Current worst splitting domains lb-rhs (depth):
-10.02958 (11), -10.02954 (12), -10.02888 (11), -10.02852 (11), -10.02846 (12), -10.02781 (11), -10.02647 (12), -10.02583 (11), -10.02573 (12), -10.02536 (11), -10.02530 (11), -10.02530 (11), -10.02522 (11), -10.02510 (11), -10.02510 (11), -10.02501 (12), -10.02489 (11), -10.02479 (11), -10.02456 (11), -10.02452 (11), 
Current (lb-rhs): -10.029581069946289
65404 domains visited
Length of domains: 32736
Cumulative time: 24.589057207107544

BaB round 11
batch: 8192
splitting decisions: 
split level 0: [/26, 759] [/26, 1643] [/input, 3100] [/26, 3338] [/input, 250] [/26, 5497] [/input, 3094] [/26, 3661] [/input, 5735] [/input, 594] 
best_l after optimization: -109209.984375
beta sum per layer: [22551.1015625, 23748.421875, 278.5469970703125]
alpha/beta optimization time: 3.0953454971313477
pruning_in_iteration open status: False
ratio of positive domain = 12 / 16384 = 0.000732421875
pruning-in-iteration extra time: 8.893013000488281e-05
Time: pickout 0.7095    branching_decision 0.0021    decision 0.0021    set_bounds 0.6493    prepare 0.3807    transfer 0.0001    finalize 0.7916    func 4.3850    solve 4.6256    add 0.2574    bab_iteration 6.2051    
Accumulated time: bab_iteration 24.5539    pickout 4.0691    decision 0.0123    branching_decision 0.0122    set_bounds 2.1181    solve 18.7340    func 23.1185    prepare 1.8892    transfer 0.0007    finalize 4.8698    add 0.9548    
max lb 0.555478572845459 min lb -10.022906303405762
Number of Verified Splits: 12 of 16384
Current worst splitting domains lb-rhs (depth):
-10.02958 (11), -10.02954 (12), -10.02888 (11), -10.02852 (11), -10.02846 (12), -10.02781 (11), -10.02647 (12), -10.02583 (11), -10.02573 (12), -10.02536 (11), -10.02530 (11), -10.02530 (11), -10.02522 (11), -10.02510 (11), -10.02510 (11), -10.02501 (12), -10.02489 (11), -10.02479 (11), -10.02456 (11), -10.02452 (11), 
Current (lb-rhs): -10.029581069946289
81788 domains visited
Length of domains: 40916
Cumulative time: 30.773924350738525

BaB round 12
batch: 8192
splitting decisions: 
split level 0: [/input, 3485] [/input, 4894] [/26, 3367] [/input, 3842] [/input, 452] [/26, 1703] [/input, 4128] [/26, 2070] [/26, 6092] [/26, 3252] 
best_l after optimization: -108643.140625
beta sum per layer: [24748.25, 27146.33984375, 303.89117431640625]
alpha/beta optimization time: 3.09566330909729
pruning_in_iteration open status: False
ratio of positive domain = 6 / 16384 = 0.0003662109375
pruning-in-iteration extra time: 8.034706115722656e-05
Time: pickout 1.0358    branching_decision 0.0021    decision 0.0021    set_bounds 0.3673    prepare 0.3804    transfer 0.0001    finalize 0.7900    func 4.3830    solve 4.3851    add 0.4324    bab_iteration 6.1849    
Accumulated time: bab_iteration 30.7388    pickout 5.1050    decision 0.0145    branching_decision 0.0143    set_bounds 2.4854    solve 23.1191    func 27.5015    prepare 2.2696    transfer 0.0008    finalize 5.6597    add 1.3872    
max lb 0.728607177734375 min lb -10.019779205322266
Number of Verified Splits: 6 of 16384
Current worst splitting domains lb-rhs (depth):
-10.02958 (11), -10.02954 (12), -10.02888 (11), -10.02852 (11), -10.02846 (12), -10.02781 (11), -10.02647 (12), -10.02583 (11), -10.02573 (12), -10.02536 (11), -10.02530 (11), -10.02530 (11), -10.02522 (11), -10.02510 (11), -10.02510 (11), -10.02501 (12), -10.02489 (11), -10.02479 (11), -10.02456 (11), -10.02452 (11), 
Current (lb-rhs): -10.029581069946289
98172 domains visited
Length of domains: 49102
Cumulative time: 37.065977811813354

BaB round 13
batch: 8192
splitting decisions: 
split level 0: [/input, 3339] [/input, 4938] [/26, 778] [/input, 2448] [/26, 2707] [/26, 770] [/26, 1820] [/26, 3641] [/input, 2933] [/26, 486] 
best_l after optimization: -107983.4765625
beta sum per layer: [27002.900390625, 30743.876953125, 351.3774719238281]
alpha/beta optimization time: 3.0983500480651855
pruning_in_iteration open status: False
ratio of positive domain = 14 / 16384 = 0.0008544921875
pruning-in-iteration extra time: 5.9604644775390625e-05
Time: pickout 0.7225    branching_decision 0.0021    decision 0.0021    set_bounds 0.3680    prepare 0.3843    transfer 0.0001    finalize 0.7965    func 4.7946    solve 4.3830    add 0.4967    bab_iteration 6.2920    
Accumulated time: bab_iteration 37.0308    pickout 5.8274    decision 0.0166    branching_decision 0.0163    set_bounds 2.8534    solve 27.5021    func 32.2961    prepare 2.6539    transfer 0.0009    finalize 6.4562    add 1.8838    
max lb 1.7447805404663086 min lb -10.015342712402344
Number of Verified Splits: 14 of 16384
Current worst splitting domains lb-rhs (depth):
-10.02958 (11), -10.02954 (12), -10.02888 (11), -10.02852 (11), -10.02846 (12), -10.02781 (11), -10.02647 (12), -10.02583 (11), -10.02573 (12), -10.02536 (11), -10.02530 (11), -10.02530 (11), -10.02522 (11), -10.02510 (11), -10.02510 (11), -10.02501 (12), -10.02489 (11), -10.02479 (11), -10.02456 (11), -10.02452 (11), 
Current (lb-rhs): -10.029581069946289
114556 domains visited
Length of domains: 57280
Cumulative time: 43.225959062576294

BaB round 14
batch: 8192
splitting decisions: 
split level 0: [/input, 150] [/26, 1573] [/26, 1666] [/input, 6150] [/26, 780] [/26, 3747] [/26, 5524] [/input, 4390] [/26, 3900] [/input, 3598] 
best_l after optimization: -107376.109375
beta sum per layer: [29339.044921875, 34495.8125, 379.09930419921875]
alpha/beta optimization time: 3.0968170166015625
pruning_in_iteration open status: False
ratio of positive domain = 11 / 16384 = 0.00067138671875
pruning-in-iteration extra time: 5.936622619628906e-05
Time: pickout 0.7308    branching_decision 0.0020    decision 0.0021    set_bounds 0.3669    prepare 0.3810    transfer 0.0001    finalize 1.2091    func 4.8057    solve 4.7947    add 0.2650    bab_iteration 6.1600    
Accumulated time: bab_iteration 43.1908    pickout 6.5583    decision 0.0186    branching_decision 0.0184    set_bounds 3.2204    solve 32.2968    func 37.1018    prepare 3.0349    transfer 0.0009    finalize 7.6653    add 2.1488    
max lb 1.2459754943847656 min lb -10.010332107543945
Number of Verified Splits: 11 of 16384
Current worst splitting domains lb-rhs (depth):
-10.02958 (11), -10.02954 (12), -10.02888 (11), -10.02852 (11), -10.02846 (12), -10.02781 (11), -10.02647 (12), -10.02583 (11), -10.02573 (12), -10.02536 (11), -10.02530 (11), -10.02530 (11), -10.02522 (11), -10.02510 (11), -10.02510 (11), -10.02501 (12), -10.02489 (11), -10.02479 (11), -10.02456 (11), -10.02452 (11), 
Current (lb-rhs): -10.029581069946289
130940 domains visited
Length of domains: 65461
Cumulative time: 49.40942168235779

BaB round 15
batch: 8192
splitting decisions: 
split level 0: [/26, 53] [/26, 3785] [/input, 752] [/26, 779] [/26, 1738] [/input, 2808] [/input, 4878] [/26, 5997] [/input, 4841] [/26, 171] 
best_l after optimization: -106759.734375
beta sum per layer: [31790.21875, 38432.3046875, 416.77276611328125]
alpha/beta optimization time: 3.098679304122925
pruning_in_iteration open status: False
ratio of positive domain = 13 / 16384 = 0.00079345703125
pruning-in-iteration extra time: 5.9604644775390625e-05
Time: pickout 0.7355    branching_decision 0.0020    decision 0.0020    set_bounds 0.3667    prepare 0.3806    transfer 0.0001    finalize 1.2419    func 4.8401    solve 4.8057    add 0.2696    bab_iteration 6.1835    
Accumulated time: bab_iteration 49.3743    pickout 7.2938    decision 0.0207    branching_decision 0.0204    set_bounds 3.5870    solve 37.1025    func 41.9419    prepare 3.4156    transfer 0.0010    finalize 8.9072    add 2.4185    
max lb 1.3352890014648438 min lb -10.007336616516113
Number of Verified Splits: 13 of 16384
Current worst splitting domains lb-rhs (depth):
-10.02958 (11), -10.02954 (12), -10.02888 (11), -10.02852 (11), -10.02846 (12), -10.02781 (11), -10.02647 (12), -10.02583 (11), -10.02573 (12), -10.02536 (11), -10.02530 (11), -10.02530 (11), -10.02522 (11), -10.02510 (11), -10.02510 (11), -10.02501 (12), -10.02489 (11), -10.02479 (11), -10.02456 (11), -10.02452 (11), 
Current (lb-rhs): -10.029581069946289
147324 domains visited
Length of domains: 73640
Cumulative time: 56.095869064331055

BaB round 16
batch: 8192
splitting decisions: 
split level 0: [/input, 4012] [/input, 5067] [/input, 4764] [/input, 3858] [/input, 4033] [/26, 469] [/input, 4805] [/input, 4736] [/26, 125] [/input, 4126] 
best_l after optimization: -106129.8125
beta sum per layer: [34316.140625, 42515.22265625, 437.8307800292969]
alpha/beta optimization time: 3.1020514965057373
pruning_in_iteration open status: False
ratio of positive domain = 8 / 16384 = 0.00048828125
pruning-in-iteration extra time: 8.344650268554688e-05
Time: pickout 0.7416    branching_decision 0.0020    decision 0.0020    set_bounds 0.3743    prepare 0.3868    transfer 0.0001    finalize 0.7911    func 5.0704    solve 4.8402    add 0.7274    bab_iteration 6.6864    
Accumulated time: bab_iteration 56.0607    pickout 8.0353    decision 0.0227    branching_decision 0.0224    set_bounds 3.9613    solve 41.9426    func 47.0123    prepare 3.8024    transfer 0.0011    finalize 9.6983    add 3.1458    
max lb 0.8991460800170898 min lb -10.00458812713623
Number of Verified Splits: 8 of 16384
Current worst splitting domains lb-rhs (depth):
-10.02958 (11), -10.02954 (12), -10.02888 (11), -10.02852 (11), -10.02846 (12), -10.02781 (11), -10.02647 (12), -10.02583 (11), -10.02573 (12), -10.02536 (11), -10.02530 (11), -10.02530 (11), -10.02522 (11), -10.02510 (11), -10.02510 (11), -10.02501 (12), -10.02489 (11), -10.02479 (11), -10.02456 (11), -10.02452 (11), 
Current (lb-rhs): -10.029581069946289
163708 domains visited
Length of domains: 81824
Time out!!!!!!!!
Result: unknown in 64.9416 seconds
############# Summary #############
Final verified acc: 0.0% (total 10 examples)
Problem instances count: 10 , total verified (safe/unsat): 0 , total falsified (unsafe/sat): 0 , timeout: 10
mean time for ALL instances (total 10):63.846919538166524, max time: 66.16395044326782
unknown (total 10), index: [0, 1, 2, 3, 4, 5, 6, 7, 8, 9]

=== STDERR ===
/mmfs1/gscratch/scrubbed/sgvtc/E-graphs for Verifiability/alpha-beta-CROWN/.venv/lib/python3.11/site-packages/torch/jit/_script.py:1488: DeprecationWarning: `torch.jit.script` is deprecated. Please switch to `torch.compile` or `torch.export`.
  warnings.warn(
/mmfs1/gscratch/scrubbed/sgvtc/E-graphs for Verifiability/alpha-beta-CROWN/.venv/lib/python3.11/site-packages/onnx2pytorch/convert/layer.py:31: UserWarning: The given NumPy array is not writable, and PyTorch does not support non-writable tensors. This means writing to this tensor will result in undefined behavior. You may want to copy the array to protect its data or make it writable before converting it to a tensor. This type of warning will be suppressed for the rest of this program. (Triggered internally at /pytorch/torch/csrc/utils/tensor_numpy.cpp:213.)
  layer.bias.data = torch.from_numpy(numpy_helper.to_array(bias))
/mmfs1/gscratch/scrubbed/sgvtc/E-graphs for Verifiability/alpha-beta-CROWN/.venv/lib/python3.11/site-packages/onnx2pytorch/convert/model.py:151: UserWarning: Using experimental implementation that allows 'batch_size > 1'.Batchnorm layers could potentially produce false outputs.
  warnings.warn(
/mmfs1/gscratch/scrubbed/sgvtc/E-graphs for Verifiability/alpha-beta-CROWN/complete_verifier/specifications.py:342: UserWarning: Creating a tensor from a list of numpy.ndarrays is extremely slow. Please consider converting the list to a single numpy.ndarray with numpy.array() before converting to a tensor. (Triggered internally at /pytorch/torch/csrc/utils/tensor_new.cpp:253.)
  x_range_list = torch.Tensor(x_range_list).to(dtype=dtype, device=device).view(input_shape + [2])
/mmfs1/gscratch/scrubbed/sgvtc/E-graphs for Verifiability/alpha-beta-CROWN/.venv/lib/python3.11/site-packages/onnx2pytorch/utils.py:21: TracerWarning: Converting a tensor to a Python boolean might cause the trace to be incorrect. We can't record the data flow of Python values, so this value will be treated as a constant in the future. This means that the trace might not generalize to other inputs!
  return value.ndim == 0 or value.shape == torch.Size([1])
/mmfs1/gscratch/scrubbed/sgvtc/E-graphs for Verifiability/alpha-beta-CROWN/.venv/lib/python3.11/site-packages/onnx2pytorch/operations/add.py:34: TracerWarning: Converting a tensor to a Python boolean might cause the trace to be incorrect. We can't record the data flow of Python values, so this value will be treated as a constant in the future. This means that the trace might not generalize to other inputs!
  elif all(x == 1 for x in input[0].shape):
/mmfs1/gscratch/scrubbed/sgvtc/E-graphs for Verifiability/alpha-beta-CROWN/.venv/lib/python3.11/site-packages/onnx2pytorch/operations/reshape.py:36: TracerWarning: Converting a tensor to a Python boolean might cause the trace to be incorrect. We can't record the data flow of Python values, so this value will be treated as a constant in the future. This means that the trace might not generalize to other inputs!
  if shape[0] == 1 and len(shape) in [2, 3, 4, 5] and self.quirks.get("fix_batch_size") is True:
/mmfs1/gscratch/scrubbed/sgvtc/E-graphs for Verifiability/alpha-beta-CROWN/.venv/lib/python3.11/site-packages/onnx2pytorch/operations/reshape.py:54: TracerWarning: torch.tensor results are registered as constants in the trace. You can safely ignore this warning if you use this function to create tensors out of constant variables that would be the same every time you call this function. In any other case, this might cause the trace to be incorrect.
  if (torch.prod(torch.tensor(input.shape)) != torch.prod(shape) and len(input.size()) == len(shape) + 1
/mmfs1/gscratch/scrubbed/sgvtc/E-graphs for Verifiability/alpha-beta-CROWN/.venv/lib/python3.11/site-packages/onnx2pytorch/operations/reshape.py:54: TracerWarning: Using len to get tensor shape might cause the trace to be incorrect. Recommended usage would be tensor.shape[0]. Passing a tensor of different shape might lead to errors or silently give incorrect results.
  if (torch.prod(torch.tensor(input.shape)) != torch.prod(shape) and len(input.size()) == len(shape) + 1
/mmfs1/gscratch/scrubbed/sgvtc/E-graphs for Verifiability/alpha-beta-CROWN/.venv/lib/python3.11/site-packages/onnx2pytorch/operations/reshape.py:58: TracerWarning: Iterating over a tensor might cause the trace to be incorrect. Passing a tensor of different shape won't change the number of iterations executed (and might lead to errors or silently give incorrect results).
  shape = [x if x != 0 else input.size(i) for i, x in enumerate(shape)]
/mmfs1/gscratch/scrubbed/sgvtc/E-graphs for Verifiability/alpha-beta-CROWN/complete_verifier/auto_LiRPA/operators/leaf.py:93: UserWarning: The "has_batchdim" option for BoundBuffers is deprecated. It may be removed from the next release.
  warnings.warn('The "has_batchdim" option for BoundBuffers is deprecated.'

