$ /mmfs1/gscratch/scrubbed/sgvtc/E-graphs for Verifiability/alpha-beta-CROWN/.venv/bin/python abcrown.py --config exp_configs/beta_crown/abcrown_config_resnet2b_unfused.yaml --onnx_path /mmfs1/gscratch/scrubbed/sgvtc/E-graphs for Verifiability/NNs/resnet2b_regen_simplified.onnx --epsilon 0.031 --start 0 --end 10
(cwd=/mmfs1/gscratch/scrubbed/sgvtc/E-graphs for Verifiability/alpha-beta-CROWN/complete_verifier)

=== STDOUT ===
INFO     16:11:16     [tensor_storage.py:70] Hugepage enabled for branch-and-bound domains.
Configurations:

general:
  device: cuda
  seed: 100
  conv_mode: patches
  deterministic: false
  double_fp: false
  loss_reduction_func: sum
  sparse_alpha: true
  sparse_interm: true
  save_adv_example: false
  verify_onnxruntime_output: false
  eval_adv_example: false
  onnx_adv_example: false
  show_adv_example: false
  precompile_jit: false
  reset_seed_after_precompile: false
  prepare_only: false
  complete_verifier: bab
  enable_incomplete_verification: true
  csv_name: null
  results_file: out.txt
  root_path: ''
  deterministic_opt: false
  graph_optimizer: 'Customized("custom_graph_optimizer", "default_optimizer")'
  buffer_has_batchdim: false
  save_output: false
  output_file: out.pkl
  return_optimized_model: false
  store_all_specs_on_cpu: false
  adhoc_tuning: null
model:
  name: null
  path: null
  onnx_path: /mmfs1/gscratch/scrubbed/sgvtc/E-graphs for Verifiability/NNs/resnet2b_regen_simplified.onnx
  onnx_path_prefix: ''
  cache_onnx_conversion: false
  debug_onnx: false
  onnx_quirks: null
  input_shape: null
  onnx_loader: default_onnx_and_vnnlib_loader
  onnx_optimization_flags: []
  onnx_vnnlib_joint_optimization_flags: none
  check_optimized: false
  flatten_final_output: false
  optimize_graph: null
  with_jacobian: false
  bound_opts: null
data:
  start: 0
  end: 10
  select_instance: null
  num_outputs: 10
  mean: [0.0, 0.0, 0.0]
  std: [1.0, 1.0, 1.0]
  pkl_path: null
  dataset: CIFAR
  data_filter_path: null
  data_idx_file: null
specification:
  type: lp
  robustness_type: verified-acc
  norm: .inf
  epsilon: 0.031
  epsilon_min: 0.0
  vnnlib_path: null
  vnnlib_path_prefix: ''
  shrink_eps: null
  rhs_offset: null
solver:
  batch_size: 2048
  auto_enlarge_batch_size: true
  batched_crown_auto_enlarge_max_vram_ratio: 0.9
  min_batch_size_ratio: 0.1
  use_float64_in_last_iteration: false
  early_stop_patience: 10
  start_save_best: 0.5
  bound_prop_method: alpha-crown
  init_bound_prop_method: same
  prune_after_crown: true
  optimize_disjuncts_separately: false
  build_batch_size: 1000000
  skip_with_refined_bound: true
  forward_before_compute_bounds: false
  crown:
    batch_size: 1000000000
    max_crown_size: 1000000000
    activation_bound_option: adaptive
    compare_crown_with_ibp: false
  alpha-crown:
    alpha: true
    lr_alpha: 0.1
    iteration: 100
    share_alphas: false
    lr_decay: 0.98
    full_conv_alpha: true
    max_coeff_mul: .inf
    matmul_share_alphas: false
    disable_optimization: []
    max_time: 1.0
    alpha_dtype: float16
    input_split_alpha_iteration: 5
    input_split_lr_alpha: 0.05
  invprop:
    apply_output_constraints_to: []
    tighten_input_bounds: false
    best_of_oc_and_no_oc: false
    directly_optimize: []
    oc_lr: 0.1
    share_gammas: false
  beta-crown:
    lr_alpha: 0.01
    lr_beta: 0.05
    lr_decay: 0.98
    optimizer: adam
    iteration: 20
    beta: true
    beta_warmup: true
    enable_opt_interm_bounds: false
    all_node_split_LP: false
  forward:
    refine: false
    max_dim: 10000
    reset_threshold: 1.0
  mip:
    unstable_neuron_threshold: 0
    parallel_solvers: null
    solver_threads: 1
    refine_neuron_timeout: 15
    refine_neuron_time_percentage: 0.8
    early_stop: true
    adv_warmup: true
    mip_solver: gurobi
    skip_unsafe: false
    topk_filter: 1.0
    sliding_window: -1
    extra_constraint: false
    refine_neuron_timeout_increasement: 0
    timeout_neuron_percentage: 0.3
    remaining_timeout_threshold: 1
    remove_unstable_neurons: false
    formulation: mip
    output_cut: false
bab:
  max_domains: .inf
  decision_thresh: 0
  timeout: 60
  timeout_scale: 1
  max_iterations: -1
  override_timeout: null
  get_upper_bound: false
  pruning_in_iteration: true
  pruning_in_iteration_ratio: 0.2
  sort_targets: false
  batched_domain_list: true
  optimized_interm: ''
  interm_transfer: true
  recompute_interm: false
  sort_domain_interval: -1
  tree_traversal: depth_first
  hugetensor_allocator: true
  cut:
    enabled: false
    cuts_path: null
    bab_cut: false
    lp_cut: false
    lr: 0.01
    lr_decay: 1.0
    iteration: 100
    bab_iteration: -1
    early_stop_patience: -1
    lr_beta: 0.02
    number_cuts: 50
    topk_cuts_in_filter: 1000
    batch_size_primal: 100
    max_num: 1000000000
    patches_cut: false
    cplex_cuts: false
    cplex_cuts_wait: 0
    cplex_cuts_revpickup: true
    cut_reference_bounds: true
    fix_intermediate_bounds: false
    manual_cuts: null
    record_cplex_cut_to: null
    read_cplex_cut_from: null
    biccos:
      enabled: false
      auto_param: true
      constraint_strengthening: true
      drop_ratio: 0.5
      max_infer_iter: 20
      max_domain: 10000.0
      heuristic: neuron_influence_score
      save_cuts: false
      multi_tree_branching:
        enabled: false
        restore_best_tree: true
        keep_n_best_domains: 50
        target_batch_size: 200
        iterations: 3
  clip_n_verify:
    rearrange_constraints: false
    alpha_crown: false
    prune: false
    final_layer: false
    clip_input_domain:
      enabled: false
      clip_type: relaxed
      clip_neuron_selection_type: ratio
      clip_neuron_selection_value: -1.0
      clip_iterations: 1
      clip_calculate_volume_metrics: false
    clip_interm_domain:
      enabled: false
      with_input: false
      clip_in_alpha_crown: false
      topk_objective: 20
  branching:
    method: random
    candidates: 3
    reduceop: min
    enable_intermediate_bound_opt: false
    branching_input_and_activation: false
    branching_input_and_activation_order: [input, relu]
    branching_input_iterations: 30
    branching_relu_iterations: 50
    save_visited_domains_to: ''
    nonlinear_split:
      method: bbps
      disable: false
      branching_point_method: uniform
      num_branches: 2
      filter: false
      filter_beta: false
      filter_clamp: false
      filter_batch_size: 10000
      filter_iterations: 25
      relu_only: false
      loose_tanh_threshold: null
      branching_point:
        db_path: branching_points.pt
        num_iterations: 1000
        batch_size: 1000000
        range_l: -5.0
        range_u: 5.0
        log_interval: 100
        step_size_1d: 0.01
        step_size: 0.2
    input_split:
      split_hint: null
      enable: false
      reorder_bab: false
      input_dim_threshold: 20
      adv_check: 0
      split_partitions: 2
      sb_margin_weight: 1.0
      sb_sum: false
      sb_primary_spec: null
      bf_backup_thresh: -1
      bf_rhs_offset: 0
      bf_iters: 1000000000.0
      bf_batch_size: 100000
      bf_zero_crossing_score: false
      touch_zero_score: 0
      ibp_enhancement: true
      compare_with_old_bounds: true
      update_rhs_with_attack: false
      sb_coeff_thresh: 0.001
      sort_index: null
      sort_descending: true
      show_progress: false
      presplit_domains: null
      skip_getting_worst_domain: false
  branching_decision_precompute:
    enable: true
  attack:
    enabled: false
    beam_candidates: 8
    beam_depth: 7
    max_dive_fix_ratio: 0.8
    min_local_free_ratio: 0.2
    mip_start_iteration: 5
    mip_timeout: 30.0
    adv_pool_threshold: null
    refined_mip_attacker: false
    refined_batch_size: null
attack:
  general_attack: true
  pgd_order: skip
  pgd_steps: 100
  pgd_restarts: 50
  pgd_batch_size: 100000000
  pgd_early_stop: true
  pgd_lr_decay: 0.99
  pgd_alpha: auto
  pgd_alpha_scale: false
  pgd_loss_mode: null
  pgd_restart_when_stuck: false
  enable_mip_attack: false
  adv_saver: default_adv_saver
  adv_verifier: default_adv_verifier
  early_stop_condition: default_early_stop_condition
  adv_example_finalizer: default_adv_example_finalizer
  pgd_loss: default_pgd_loss
  cex_path: ./test_cex.txt
  attack_mode: PGD
  attack_tolerance: 0.0
  attack_func: attack_with_general_specs
  gama_lambda: 10.0
  gama_decay: 0.9
  input_split:
    pgd_steps: 100
    pgd_restarts: 30
    pgd_alpha: auto
  input_split_check_adv:
    enabled: auto
    pgd_steps: 5
    pgd_restarts: 5
    pgd_alpha: auto
    max_num_domains: 10
debug:
  view_model: false
  lp_test: null
  rescale_vnnlib_ptb: null
  test_optimized_bounds: false
  test_optimized_bounds_after_n_iterations: 0
  print_verbose_decisions: false
  biccos_mip_sanity_check: false
  sanity_check: 0
  z_split_enabled: false
  save_minimal_config: null
  save_minimal_config_omit_keys: []
solving:
  solving_mode: false
  obj_index: 0

Experiments at Mon Aug 24 16:11:16 2026 on g3104
Loading onnx /mmfs1/gscratch/scrubbed/sgvtc/E-graphs for Verifiability/NNs/resnet2b_regen_simplified.onnx with quirks {}
Finished onnx model loading in 6.8959 seconds
ConvertModel(
  (Conv_Conv117_fwd0): Conv2d(3, 8, kernel_size=(3, 3), stride=(2, 2), padding=(1, 1))
  (Relu_Relu127_fwd0): ReLU()
  (Conv_Conv128_fwd0): Conv2d(8, 16, kernel_size=(3, 3), stride=(2, 2), padding=(1, 1))
  (Conv_Conv129_fwd0): Conv2d(8, 16, kernel_size=(1, 1), stride=(2, 2))
  (Relu_Relu132_fwd0): ReLU()
  (Conv_Conv133_fwd0): Conv2d(16, 16, kernel_size=(3, 3), stride=(1, 1), padding=(1, 1))
  (Add_Add135_fwd0): Add()
  (Relu_Relu136_fwd0): ReLU()
  (Conv_Conv137_fwd0): Conv2d(16, 16, kernel_size=(3, 3), stride=(1, 1), padding=(1, 1))
  (Relu_Relu139_fwd0): ReLU()
  (Conv_Conv140_fwd0): Conv2d(16, 16, kernel_size=(3, 3), stride=(1, 1), padding=(1, 1))
  (Add_Add142_fwd0): Add()
  (Relu_Relu143_fwd0): ReLU()
  (Reshape_Reshape144_fwd0): Reshape(shape=[  -1 1024])
  (Gemm_Add146_fwd0): Linear(in_features=100, out_features=1024, bias=True)
  (Relu_Relu147_fwd0): ReLU()
  (Gemm_Add149_fwd0): Linear(in_features=10, out_features=100, bias=True)
)
Parameters:
  Conv_Conv117_fwd0.weight: shape torch.Size([8, 3, 3, 3])
  Conv_Conv117_fwd0.bias: shape torch.Size([8])
  Conv_Conv128_fwd0.weight: shape torch.Size([16, 8, 3, 3])
  Conv_Conv128_fwd0.bias: shape torch.Size([16])
  Conv_Conv129_fwd0.weight: shape torch.Size([16, 8, 1, 1])
  Conv_Conv129_fwd0.bias: shape torch.Size([16])
  Conv_Conv133_fwd0.weight: shape torch.Size([16, 16, 3, 3])
  Conv_Conv133_fwd0.bias: shape torch.Size([16])
  Conv_Conv137_fwd0.weight: shape torch.Size([16, 16, 3, 3])
  Conv_Conv137_fwd0.bias: shape torch.Size([16])
  Conv_Conv140_fwd0.weight: shape torch.Size([16, 16, 3, 3])
  Conv_Conv140_fwd0.bias: shape torch.Size([16])
  Gemm_Add146_fwd0.weight: shape torch.Size([100, 1024])
  Gemm_Add146_fwd0.bias: shape torch.Size([100])
  Gemm_Add149_fwd0.weight: shape torch.Size([10, 100])
  Gemm_Add149_fwd0.bias: shape torch.Size([10])
Trying generic MNIST/CIFAR data loader.
Internal results will be saved to out.txt.

 %%%%%%%%%%%%%%%%%%%%%%%%%%%%%%%%%%% idx: 0, vnnlib ID: 0 %%%%%%%%%%%%%%%%%%%%%%%%%%%%%%%%%%%
Finished vnnlib processing in 0.315540 seconds
Model: BoundedModule(
  (/input-1): BoundInput(name=/input-1, inputs=[], perturbed=True)
  (/shape): BoundBuffers(name=/shape, inputs=[], perturbed=False)
  (/18): BoundParams(name=/18, inputs=[], perturbed=False)
  (/19): BoundParams(name=/19, inputs=[], perturbed=False)
  (/20): BoundParams(name=/20, inputs=[], perturbed=False)
  (/21): BoundParams(name=/21, inputs=[], perturbed=False)
  (/22): BoundParams(name=/22, inputs=[], perturbed=False)
  (/23): BoundParams(name=/23, inputs=[], perturbed=False)
  (/24): BoundParams(name=/24, inputs=[], perturbed=False)
  (/25): BoundParams(name=/25, inputs=[], perturbed=False)
  (/26): BoundParams(name=/26, inputs=[], perturbed=False)
  (/27): BoundParams(name=/27, inputs=[], perturbed=False)
  (/28): BoundParams(name=/28, inputs=[], perturbed=False)
  (/29): BoundParams(name=/29, inputs=[], perturbed=False)
  (/30): BoundParams(name=/30, inputs=[], perturbed=False)
  (/31): BoundParams(name=/31, inputs=[], perturbed=False)
  (/32): BoundParams(name=/32, inputs=[], perturbed=False)
  (/33): BoundParams(name=/33, inputs=[], perturbed=False)
  (/input): BoundConv(name=/input, inputs=[/input-1, /18, /19], perturbed=True)
  (/input-4): BoundRelu(name=/input-4, inputs=[/input], perturbed=True)
  (/input-8): BoundConv(name=/input-8, inputs=[/input-4, /20, /21], perturbed=True)
  (/37): BoundConv(name=/37, inputs=[/input-4, /22, /23], perturbed=True)
  (/input-12): BoundRelu(name=/input-12, inputs=[/input-8], perturbed=True)
  (/39): BoundConv(name=/39, inputs=[/input-12, /24, /25], perturbed=True)
  (/40): BoundAdd(name=/40, inputs=[/39, /37], perturbed=True)
  (/input-16): BoundRelu(name=/input-16, inputs=[/40], perturbed=True)
  (/input-20): BoundConv(name=/input-20, inputs=[/input-16, /26, /27], perturbed=True)
  (/input-24): BoundRelu(name=/input-24, inputs=[/input-20], perturbed=True)
  (/44): BoundConv(name=/44, inputs=[/input-24, /28, /29], perturbed=True)
  (/45): BoundAdd(name=/45, inputs=[/44, /input-16], perturbed=True)
  (/46): BoundRelu(name=/46, inputs=[/45], perturbed=True)
  (/47): BoundSplit(name=/47, inputs=[/shape], perturbed=False)
  (/48): BoundSplit(name=/48, inputs=[/shape], perturbed=False)
  (/49): BoundConstant(name=/49, value=tensor([0], device='cuda:0'))
  (/50): BoundSqueeze(name=/50, inputs=[/47, /49], perturbed=False)
  (/51): BoundConstant(name=/51, value=tensor([0], device='cuda:0'))
  (/52): BoundSqueeze(name=/52, inputs=[/48, /51], perturbed=False)
  (/53): BoundConstant(name=/53, value=tensor([0], device='cuda:0'))
  (/54): BoundUnsqueeze(name=/54, inputs=[/50, /53], perturbed=False)
  (/55): BoundConstant(name=/55, value=tensor([0], device='cuda:0'))
  (/56): BoundUnsqueeze(name=/56, inputs=[/52, /55], perturbed=False)
  (/57): BoundConcat(name=/57, inputs=[/54, /56], perturbed=False)
  (/58): BoundReshape(name=/58, inputs=[/46, /57], perturbed=True)
  (/input-28): BoundLinear(name=/input-28, inputs=[/58, /30, /31], perturbed=True)
  (/60): BoundRelu(name=/60, inputs=[/input-28], perturbed=True)
  (/61): BoundLinear(name=/61, inputs=[/60, /32, /33], perturbed=True)
)
Original output in the first batch: tensor([[ 1.55648744, -3.81894684,  2.31169367,  1.09785819,  1.70328903,
          0.88070744,  0.73953742, -1.60579729,  0.77694249, -3.64183092]],
       device='cuda:0')
Split layers:
Nonlinear functions:
   BoundRelu(name=/input-4, inputs=[/input], perturbed=True)
   BoundRelu(name=/input-12, inputs=[/input-8], perturbed=True)
   BoundRelu(name=/input-16, inputs=[/40], perturbed=True)
   BoundRelu(name=/input-24, inputs=[/input-20], perturbed=True)
   BoundRelu(name=/46, inputs=[/45], perturbed=True)
   BoundRelu(name=/60, inputs=[/input-28], perturbed=True)
build batch [1/1]
layer /input-4 using sparse-features alpha with shape [317]; unstable size 317; total size 2048 ([1, 8, 16, 16])
layer /input-4 start_node /input-8 using sparse-spec alpha [2, 351, 1, 317] with unstable size 350 total_size 1024 output_shape (16, 8, 8)
layer /input-4 start_node /40 using sparse-spec alpha [2, 283, 1, 317] with unstable size 282 total_size 1024 output_shape (16, 8, 8)
layer /input-4 start_node /input-20 using sparse-spec alpha [2, 236, 1, 317] with unstable size 235 total_size 1024 output_shape (16, 8, 8)
layer /input-4 start_node /45 using sparse-spec alpha [2, 432, 1, 317] with unstable size 431 total_size 1024 output_shape (16, 8, 8)
layer /input-4 start_node /input-28 using sparse-spec alpha [2, 61, 1, 317] with unstable size 60 total_size 100 output_shape torch.Size([100])
layer /input-4 start_node /61 using full alpha [2, 9, 1, 317] with unstable size None total_size 9 output_shape 9
layer /input-12 using sparse-features alpha with shape [350]; unstable size 350; total size 1024 ([1, 16, 8, 8])
layer /input-12 start_node /40 using sparse-spec alpha [2, 283, 1, 350] with unstable size 282 total_size 1024 output_shape (16, 8, 8)
layer /input-12 start_node /input-20 using sparse-spec alpha [2, 236, 1, 350] with unstable size 235 total_size 1024 output_shape (16, 8, 8)
layer /input-12 start_node /45 using sparse-spec alpha [2, 432, 1, 350] with unstable size 431 total_size 1024 output_shape (16, 8, 8)
layer /input-12 start_node /input-28 using sparse-spec alpha [2, 61, 1, 350] with unstable size 60 total_size 100 output_shape torch.Size([100])
layer /input-12 start_node /61 using full alpha [2, 9, 1, 350] with unstable size None total_size 9 output_shape 9
layer /input-16 using sparse-features alpha with shape [282]; unstable size 282; total size 1024 ([1, 16, 8, 8])
layer /input-16 start_node /input-20 using sparse-spec alpha [2, 236, 1, 282] with unstable size 235 total_size 1024 output_shape (16, 8, 8)
layer /input-16 start_node /45 using sparse-spec alpha [2, 432, 1, 282] with unstable size 431 total_size 1024 output_shape (16, 8, 8)
layer /input-16 start_node /input-28 using sparse-spec alpha [2, 61, 1, 282] with unstable size 60 total_size 100 output_shape torch.Size([100])
layer /input-16 start_node /61 using full alpha [2, 9, 1, 282] with unstable size None total_size 9 output_shape 9
layer /input-24 using sparse-features alpha with shape [235]; unstable size 235; total size 1024 ([1, 16, 8, 8])
layer /input-24 start_node /45 using sparse-spec alpha [2, 432, 1, 235] with unstable size 431 total_size 1024 output_shape (16, 8, 8)
layer /input-24 start_node /input-28 using sparse-spec alpha [2, 61, 1, 235] with unstable size 60 total_size 100 output_shape torch.Size([100])
layer /input-24 start_node /61 using full alpha [2, 9, 1, 235] with unstable size None total_size 9 output_shape 9
layer /46 using sparse-features alpha with shape [431]; unstable size 431; total size 1024 ([1, 16, 8, 8])
layer /46 start_node /input-28 using sparse-spec alpha [2, 61, 1, 431] with unstable size 60 total_size 100 output_shape torch.Size([100])
layer /46 start_node /61 using full alpha [2, 9, 1, 431] with unstable size None total_size 9 output_shape 9
layer /60 using sparse-features alpha with shape [60]; unstable size 60; total size 100 ([1, 100])
layer /60 start_node /61 using full alpha [2, 9, 1, 60] with unstable size None total_size 9 output_shape 9
Optimizable variables initialized.
initial CROWN bounds (first 10 items): [-4.019348621368408, 1.2322428226470947, -3.918962240219116, -3.0447046756744385, -0.9957448244094849, -1.8876829147338867, -0.6283676624298096, -3.6760520935058594, 1.4672858715057373]
prune_after_crown optimization in use
  original spec size = torch.Size([1, 9])
  pruned spec size = torch.Size([1, 7])
Using alpha-CROWN to initialize bounds.
best_l after optimization: -12.832561492919922
alpha/beta optimization time: 7.240588903427124
initial alpha-crown bounds (first 10 items): [-3.0390963554382324, -3.1658859252929688, -2.330911159515381, -0.6729867458343506, -1.2515950202941895, 0.3515854477882385, -2.7236709594726562]
Global lower bound: -3.1658859252929688
3 / 9 OR specs are verified.
Verified OR indices (first 10 items): [1, 6, 8]
Verified OR lbs (first 10 items): [[inf], [0.3515854477882385], [inf]]
Unverified OR indices (first 10 items): [0, 2, 3, 4, 5, 7]
Unverified OR lbs (first 10 items): [[-3.0390963554382324], [-3.1658859252929688], [-2.330911159515381], [-0.6729867458343506], [-1.2515950202941895], [-2.7236709594726562]]
###### Verifying property Instance 0 ######
Batch size: 6
First 10 spec matrices
C: tensor([[[-1.,  0.,  0.,  1.,  0.,  0.,  0.,  0.,  0.,  0.]],

        [[ 0.,  0., -1.,  1.,  0.,  0.,  0.,  0.,  0.,  0.]],

        [[ 0.,  0.,  0.,  1., -1.,  0.,  0.,  0.,  0.,  0.]],

        [[ 0.,  0.,  0.,  1.,  0., -1.,  0.,  0.,  0.,  0.]],

        [[ 0.,  0.,  0.,  1.,  0.,  0., -1.,  0.,  0.,  0.]],

        [[ 0.,  0.,  0.,  1.,  0.,  0.,  0.,  0., -1.,  0.]]], device='cuda:0')
RHS: tensor([[0.],
        [0.],
        [0.],
        [0.],
        [0.],
        [0.]], device='cuda:0')
OR spec sizes: tensor([1, 1, 1, 1, 1, 1], device='cuda:0', dtype=torch.int32)
Remaining timeout: 48.257633686065674
Model prediction is: tensor([ 1.55648744, -3.81894684,  2.31169367,  1.09785819,  1.70328903,
         0.88070744,  0.73953742, -1.60579729,  0.77694249, -3.64183092],
       device='cuda:0')
Activation BaB batch 1/1 
build_with_refined_bounds batch [1/1]
Optimizable variables initialized.
all alpha initialized
directly get lb and ub from refined bounds
c shape: torch.Size([6, 1, 10])
lA shapes: [torch.Size([6, 1, 8, 16, 16]), torch.Size([6, 1, 16, 8, 8]), torch.Size([6, 1, 16, 8, 8]), torch.Size([6, 1, 16, 8, 8]), torch.Size([6, 1, 16, 8, 8]), torch.Size([6, 1, 100])]
(alpha-)CROWN with fixed intermediate bounds: tensor([[-3.03909636],
        [-3.16588593],
        [-2.33091116],
        [-0.67298675],
        [-1.25159502],
        [-2.72367096]], device='cuda:0') tensor([[inf],
        [inf],
        [inf],
        [inf],
        [inf],
        [inf]], device='cuda:0')
Intermediate layers: /input,/input-8,/40,/input-20,/45,/input-28
Keeping alphas for these layers: ['/61']
Node /input-4 input 0: size torch.Size([8, 16, 16]) unstable 317
Node /input-12 input 0: size torch.Size([16, 8, 8]) unstable 341
Node /input-16 input 0: size torch.Size([16, 8, 8]) unstable 268
Node /input-24 input 0: size torch.Size([16, 8, 8]) unstable 221
Node /46 input 0: size torch.Size([16, 8, 8]) unstable 377
Node /60 input 0: size torch.Size([100]) unstable 50
-----------------
# of unstable neurons: 1574
-----------------

BaB round 1
batch: 6
splitting decisions: 
split level 0: [/input, 1355] [/input-8, 1021] [/45, 978] [/45, 196] [/45, 798] [/input, 1051] 
split level 1: [/40, 651] [/45, 949] [/input, 884] [/input, 1112] [/45, 767] [/input, 1096] 
split level 2: [/input-8, 437] [/40, 395] [/45, 925] [/45, 88] [/input-8, 610] [/45, 957] 
split level 3: [/input-8, 401] [/45, 268] [/input-8, 539] [/input-20, 39] [/input, 996] [/input-20, 216] 
split level 4: [/40, 94] [/input, 1099] [/input-20, 866] [/40, 526] [/45, 56] [/40, 363] 
best_l after optimization: -417.10565185546875
beta sum per layer: [10.181388854980469, 8.510891914367676, 26.557903289794922, 18.067161560058594, 28.474328994750977, 0.0]
alpha/beta optimization time: 11.490082025527954
pruning_in_iteration open status: False
ratio of positive domain = 0 / 192 = 0.0
pruning-in-iteration extra time: 7.05718994140625e-05
Time: pickout 0.0023    branching_decision 0.0001    decision 0.0001    set_bounds 0.0123    prepare 0.0051    transfer 0.0000    finalize 0.9065    func 12.4084    
Accumulated time: bab_iteration 0.0000    pickout 0.0023    decision 0.0001    branching_decision 0.0001    set_bounds 0.0123    solve 0.0000    func 12.4084    prepare 0.0051    transfer 0.0000    finalize 0.9065    
max lb -0.6677566170692444 min lb -3.1637308597564697
Number of Verified Splits: 0 of 192
Current worst splitting domains lb-rhs (depth):
-3.16373 (5), -3.16372 (5), -3.16330 (5), -3.16328 (5), -3.16311 (5), -3.16310 (5), -3.16309 (5), -3.16304 (5), -3.16278 (5), -3.16277 (5), -3.16265 (5), -3.16261 (5), -3.16257 (5), -3.16256 (5), -3.16247 (5), -3.16241 (5), -3.16216 (5), -3.16215 (5), -3.16215 (5), -3.16214 (5), 
Current (lb-rhs): -3.1637308597564697
192 domains visited
Length of domains: 192
Cumulative time: 15.757874250411987

BaB round 2
batch: 192
splitting decisions: 
split level 0: [/input-20, 377] [/40, 532] [/input, 1023] [/45, 625] [/input, 859] [/input-8, 635] [/45, 486] [/45, 628] [/40, 95] [/input-8, 622] 
best_l after optimization: -829.41357421875
beta sum per layer: [21.49258804321289, 22.246437072753906, 62.65003204345703, 60.45036697387695, 69.334716796875, 3.0530717372894287]
alpha/beta optimization time: 0.21553325653076172
pruning_in_iteration open status: False
ratio of positive domain = 0 / 384 = 0.0
pruning-in-iteration extra time: 5.3882598876953125e-05
Time: pickout 0.0275    branching_decision 0.0001    decision 0.0002    set_bounds 0.0087    prepare 0.0182    transfer 0.0000    finalize 0.0292    func 0.2706    solve 12.4084    add 0.0025    bab_iteration 12.4259    
Accumulated time: bab_iteration 12.4259    pickout 0.0299    decision 0.0003    branching_decision 0.0002    set_bounds 0.0210    solve 12.4084    func 12.6790    prepare 0.0233    transfer 0.0001    finalize 0.9357    add 0.0025    
max lb -0.59016352891922 min lb -3.1637895107269287
Number of Verified Splits: 0 of 384
Current worst splitting domains lb-rhs (depth):
-3.16373 (6), -3.16373 (6), -3.16329 (6), -3.16328 (6), -3.16309 (6), -3.16307 (6), -3.16305 (6), -3.16277 (6), -3.16276 (6), -3.16263 (6), -3.16248 (6), -3.16238 (6), -3.16230 (6), -3.16207 (6), -3.16206 (6), -3.16196 (6), -3.16188 (6), -3.16184 (6), -3.16181 (6), -3.16169 (6), 
Current (lb-rhs): -3.1637308597564697
576 domains visited
Length of domains: 384
Cumulative time: 16.067702293395996

BaB round 3
batch: 384
splitting decisions: 
split level 0: [/45, 1017] [/40, 959] [/40, 102] [/45, 795] [/input-20, 614] [/45, 927] [/input-8, 911] [/input, 1428] [/input-8, 63] [/input-8, 202] 
best_l after optimization: -1648.58154296875
beta sum per layer: [46.632415771484375, 69.56802368164062, 153.19970703125, 184.63023376464844, 185.8360595703125, 11.663028717041016]
alpha/beta optimization time: 0.21686077117919922
pruning_in_iteration open status: False
ratio of positive domain = 0 / 768 = 0.0
pruning-in-iteration extra time: 7.271766662597656e-05
Time: pickout 0.0540    branching_decision 0.0002    decision 0.0002    set_bounds 0.0157    prepare 0.0341    transfer 0.0000    finalize 0.0606    func 0.3214    solve 0.2707    add 0.0026    bab_iteration 0.3098    
Accumulated time: bab_iteration 12.7357    pickout 0.0838    decision 0.0005    branching_decision 0.0004    set_bounds 0.0367    solve 12.6791    func 13.0004    prepare 0.0574    transfer 0.0001    finalize 0.9963    add 0.0051    
max lb -0.5407170057296753 min lb -3.1638143062591553
Number of Verified Splits: 0 of 768
Current worst splitting domains lb-rhs (depth):
-3.16373 (7), -3.16336 (7), -3.16328 (7), -3.16328 (7), -3.16307 (7), -3.16305 (7), -3.16303 (7), -3.16277 (7), -3.16277 (7), -3.16273 (7), -3.16262 (7), -3.16237 (7), -3.16234 (7), -3.16219 (7), -3.16207 (7), -3.16206 (7), -3.16204 (7), -3.16204 (7), -3.16198 (7), -3.16194 (7), 
Current (lb-rhs): -3.1637308597564697
1344 domains visited
Length of domains: 768
Cumulative time: 16.463162660598755

BaB round 4
batch: 768
splitting decisions: 
split level 0: [/45, 32] [/45, 50] [/input, 1814] [/input-8, 437] [/input, 1752] [/input-8, 873] [/input-20, 390] [/input-20, 110] [/input, 997] [/40, 911] 
best_l after optimization: -3271.240234375
beta sum per layer: [107.30084228515625, 193.98300170898438, 369.52117919921875, 504.2569580078125, 492.00177001953125, 41.08039855957031]
alpha/beta optimization time: 0.22123169898986816
pruning_in_iteration open status: False
ratio of positive domain = 0 / 1536 = 0.0
pruning-in-iteration extra time: 5.507469177246094e-05
Time: pickout 0.1079    branching_decision 0.0003    decision 0.0003    set_bounds 0.0317    prepare 0.0699    transfer 0.0000    finalize 0.1166    func 0.4239    solve 0.3215    add 0.0039    bab_iteration 0.3955    
Accumulated time: bab_iteration 13.1312    pickout 0.1917    decision 0.0008    branching_decision 0.0007    set_bounds 0.0684    solve 13.0005    func 13.4243    prepare 0.1273    transfer 0.0002    finalize 1.1130    add 0.0090    
max lb -0.4138467609882355 min lb -3.1638143062591553
Number of Verified Splits: 0 of 1536
Current worst splitting domains lb-rhs (depth):
-3.16373 (8), -3.16328 (8), -3.16328 (8), -3.16316 (8), -3.16304 (8), -3.16304 (8), -3.16299 (8), -3.16297 (8), -3.16277 (8), -3.16273 (8), -3.16262 (8), -3.16233 (8), -3.16223 (8), -3.16210 (8), -3.16207 (8), -3.16206 (8), -3.16204 (8), -3.16203 (8), -3.16203 (8), -3.16198 (8), 
Current (lb-rhs): -3.1637308597564697
2880 domains visited
Length of domains: 1536
Cumulative time: 17.038281202316284

BaB round 5
batch: 1536
splitting decisions: 
split level 0: [/45, 17] [/input, 1358] [/input-20, 553] [/input-8, 983] [/input, 1016] [/40, 900] [/input-20, 596] [/45, 60] [/input, 1164] [/input-8, 142] 
best_l after optimization: -6483.8720703125
beta sum per layer: [249.4326171875, 494.0464782714844, 880.7210693359375, 1320.28857421875, 1301.128173828125, 128.25015258789062]
alpha/beta optimization time: 0.2829091548919678
pruning_in_iteration open status: False
ratio of positive domain = 0 / 3072 = 0.0
pruning-in-iteration extra time: 6.67572021484375e-05
Time: pickout 0.2168    branching_decision 0.0005    decision 0.0005    set_bounds 0.0632    prepare 0.1414    transfer 0.0001    finalize 0.2335    func 0.8173    solve 0.4239    add 0.0108    bab_iteration 0.5751    
Accumulated time: bab_iteration 13.7063    pickout 0.4085    decision 0.0013    branching_decision 0.0011    set_bounds 0.1315    solve 13.4245    func 14.2416    prepare 0.2687    transfer 0.0002    finalize 1.3464    add 0.0198    
max lb -0.28674131631851196 min lb -3.1637954711914062
Number of Verified Splits: 0 of 3072
Current worst splitting domains lb-rhs (depth):
-3.16373 (9), -3.16326 (9), -3.16303 (9), -3.16300 (9), -3.16299 (9), -3.16298 (9), -3.16298 (9), -3.16291 (9), -3.16279 (9), -3.16277 (9), -3.16272 (9), -3.16264 (9), -3.16260 (9), -3.16246 (9), -3.16242 (9), -3.16231 (9), -3.16221 (9), -3.16208 (9), -3.16206 (9), -3.16205 (9), 
Current (lb-rhs): -3.1637308597564697
5952 domains visited
Length of domains: 3072
Cumulative time: 18.151444673538208

BaB round 6
batch: 2048
splitting decisions: 
split level 0: [/input-8, 874] [/input, 1559] [/input-8, 873] [/input, 915] [/40, 950] [/input, 859] [/45, 732] [/40, 903] [/input, 1384] [/input-8, 878] 
best_l after optimization: -8578.1572265625
beta sum per layer: [379.4418029785156, 798.6487426757812, 1380.455810546875, 2231.561767578125, 2179.87744140625, 211.27159118652344]
alpha/beta optimization time: 0.29273009300231934
pruning_in_iteration open status: False
ratio of positive domain = 0 / 4096 = 0.0
pruning-in-iteration extra time: 7.700920104980469e-05
Time: pickout 0.3004    branching_decision 0.0006    decision 0.0006    set_bounds 0.0851    prepare 0.1913    transfer 0.0001    finalize 0.3185    func 0.8314    solve 0.8174    add 0.0147    bab_iteration 1.1132    
Accumulated time: bab_iteration 14.8194    pickout 0.7089    decision 0.0019    branching_decision 0.0017    set_bounds 0.2167    solve 14.2419    func 15.0730    prepare 0.4600    transfer 0.0003    finalize 1.6650    add 0.0345    
max lb -0.18794816732406616 min lb -3.1637954711914062
Number of Verified Splits: 0 of 4096
Current worst splitting domains lb-rhs (depth):
-3.16373 (10), -3.16301 (10), -3.16300 (9), -3.16299 (9), -3.16298 (9), -3.16298 (10), -3.16293 (10), -3.16286 (10), -3.16279 (10), -3.16271 (10), -3.16260 (9), -3.16258 (10), -3.16257 (10), -3.16254 (10), -3.16246 (10), -3.16242 (9), -3.16231 (9), -3.16221 (10), -3.16208 (10), -3.16206 (10), 
Current (lb-rhs): -3.1637308597564697
10048 domains visited
Length of domains: 5120
current_vram/total_varm: 2.7GB/47.7GB, batch_size increase to 4096
Cumulative time: 19.391114711761475

BaB round 7
batch: 4096
splitting decisions: 
split level 0: [/input-8, 431] [/45, 50] [/45, 633] [/input-20, 451] [/input, 965] [/45, 343] [/input-8, 339] [/input, 1445] [/input-8, 567] [/input-8, 861] 
best_l after optimization: -16990.08984375
beta sum per layer: [869.7020263671875, 1964.9041748046875, 3238.78076171875, 5519.53515625, 5481.7705078125, 555.1964721679688]
alpha/beta optimization time: 0.6869628429412842
pruning_in_iteration open status: False
ratio of positive domain = 3 / 8192 = 0.0003662109375
pruning-in-iteration extra time: 5.841255187988281e-05
Time: pickout 0.7592    branching_decision 0.0010    decision 0.0011    set_bounds 0.1726    prepare 0.3915    transfer 0.0001    finalize 0.8017    func 1.9334    solve 0.8315    add 0.0207    bab_iteration 1.2397    
Accumulated time: bab_iteration 16.0591    pickout 1.4681    decision 0.0029    branching_decision 0.0028    set_bounds 0.3893    solve 15.0734    func 17.0065    prepare 0.8515    transfer 0.0004    finalize 2.4667    add 0.0552    
max lb 0.12146878242492676 min lb -3.1637954711914062
Number of Verified Splits: 3 of 8192
Current worst splitting domains lb-rhs (depth):
-3.16373 (11), -3.16301 (11), -3.16300 (9), -3.16299 (9), -3.16298 (9), -3.16292 (11), -3.16287 (11), -3.16278 (11), -3.16277 (11), -3.16271 (11), -3.16260 (9), -3.16257 (11), -3.16254 (11), -3.16252 (11), -3.16246 (11), -3.16242 (9), -3.16232 (11), -3.16231 (9), -3.16220 (11), -3.16215 (11), 
Current (lb-rhs): -3.1637308597564697
18240 domains visited
Length of domains: 9213
current_vram/total_varm: 5.7GB/47.7GB, batch_size increase to 8192
Cumulative time: 22.295162439346313

BaB round 8
batch: 8192
splitting decisions: 
split level 0: [/45, 942] [/45, 227] [/45, 171] [/40, 420] [/input-8, 423] [/input-8, 714] [/input, 851] [/input-8, 743] [/input, 942] [/input, 1599] 
best_l after optimization: -33632.8828125
beta sum per layer: [2008.4268798828125, 4776.95068359375, 7612.8994140625, 13313.373046875, 13526.8076171875, 1402.732666015625]
alpha/beta optimization time: 1.4850413799285889
pruning_in_iteration open status: False
ratio of positive domain = 5 / 16384 = 0.00030517578125
pruning-in-iteration extra time: 6.079673767089844e-05
Time: pickout 1.4394    branching_decision 0.0020    decision 0.0020    set_bounds 0.3560    prepare 0.7963    transfer 0.0001    finalize 1.5044    func 3.8917    solve 1.9335    add 0.0361    bab_iteration 2.9040    
Accumulated time: bab_iteration 18.9632    pickout 2.9075    decision 0.0050    branching_decision 0.0048    set_bounds 0.7453    solve 17.0069    func 20.8982    prepare 1.6478    transfer 0.0005    finalize 3.9711    add 0.0913    
max lb 0.0489349365234375 min lb -3.1637954711914062
Number of Verified Splits: 5 of 16384
Current worst splitting domains lb-rhs (depth):
-3.16373 (12), -3.16301 (12), -3.16300 (9), -3.16299 (9), -3.16298 (9), -3.16287 (12), -3.16282 (12), -3.16276 (12), -3.16275 (12), -3.16269 (12), -3.16260 (9), -3.16257 (12), -3.16257 (12), -3.16251 (12), -3.16251 (12), -3.16246 (12), -3.16242 (9), -3.16231 (9), -3.16220 (12), -3.16214 (12), 
Current (lb-rhs): -3.1637308597564697
34624 domains visited
Length of domains: 17400
current_vram/total_varm: 12.1GB/47.7GB, batch_size increase to 16384
Cumulative time: 28.256720066070557

BaB round 9
batch: 16384
splitting decisions: 
split level 0: [/input, 1772] [/input-8, 234] [/input-8, 149] [/45, 478] [/input-20, 529] [/40, 798] [/input-28, 87] [/input-8, 873] [/40, 183] [/40, 122] 
best_l after optimization: -66492.703125
beta sum per layer: [4629.611328125, 11416.7333984375, 17823.078125, 31464.337890625, 32911.359375, 3469.52197265625]
alpha/beta optimization time: 3.7681686878204346
pruning_in_iteration open status: False
ratio of positive domain = 27 / 32768 = 0.000823974609375
pruning-in-iteration extra time: 5.984306335449219e-05
Time: pickout 2.8749    branching_decision 0.0039    decision 0.0039    set_bounds 0.9146    prepare 1.6173    transfer 0.0003    finalize 3.2009    func 8.7941    solve 3.8918    add 0.2694    bab_iteration 5.9616    
Accumulated time: bab_iteration 24.9247    pickout 5.7824    decision 0.0089    branching_decision 0.0087    set_bounds 1.6598    solve 20.8986    func 29.6923    prepare 3.2651    transfer 0.0007    finalize 7.1720    add 0.3606    
max lb 0.3301645517349243 min lb -3.1630067825317383
Number of Verified Splits: 27 of 32768
Current worst splitting domains lb-rhs (depth):
-3.16301 (13), -3.16300 (9), -3.16299 (9), -3.16298 (9), -3.16285 (13), -3.16282 (13), -3.16272 (13), -3.16269 (13), -3.16261 (13), -3.16260 (9), -3.16257 (13), -3.16257 (13), -3.16251 (13), -3.16251 (13), -3.16242 (13), -3.16242 (9), -3.16242 (13), -3.16231 (9), -3.16231 (13), -3.16225 (13), 
Current (lb-rhs): -3.1630067825317383
67392 domains visited
Length of domains: 33757
Cumulative time: 41.23270273208618

BaB round 10
batch: 16384
splitting decisions: 
split level 0: [/40, 817] [/input, 1090] [/input, 1393] [/input-8, 352] [/input, 1372] [/45, 802] [/input-8, 358] [/input, 915] [/input, 920] [/input-8, 732] 
best_l after optimization: -65762.9296875
beta sum per layer: [5291.37451171875, 13203.365234375, 20561.685546875, 36543.484375, 38515.0390625, 4122.47705078125]
alpha/beta optimization time: 3.0610551834106445
pruning_in_iteration open status: False
ratio of positive domain = 31 / 32768 = 0.000946044921875
pruning-in-iteration extra time: 8.821487426757812e-05
Time: pickout 3.0518    branching_decision 0.0039    decision 0.0039    set_bounds 0.9978    prepare 1.6321    transfer 0.0001    finalize 3.0010    func 7.9044    solve 8.7943    add 0.3813    bab_iteration 12.9760    
Accumulated time: bab_iteration 37.9007    pickout 8.8342    decision 0.0127    branching_decision 0.0125    set_bounds 2.6577    solve 29.6929    func 37.5967    prepare 4.8972    transfer 0.0009    finalize 10.1730    add 0.7419    
max lb 0.35149502754211426 min lb -3.1630067825317383
Number of Verified Splits: 31 of 32768
Current worst splitting domains lb-rhs (depth):
-3.16301 (14), -3.16300 (9), -3.16299 (9), -3.16298 (9), -3.16285 (14), -3.16282 (13), -3.16272 (14), -3.16272 (14), -3.16269 (14), -3.16261 (13), -3.16260 (9), -3.16258 (14), -3.16257 (13), -3.16251 (13), -3.16249 (14), -3.16242 (13), -3.16242 (9), -3.16242 (13), -3.16239 (14), -3.16231 (9), 
Current (lb-rhs): -3.1630067825317383
100160 domains visited
Length of domains: 50110
Time out!!!!!!!!
Result: unknown in 65.2900 seconds

 %%%%%%%%%%%%%%%%%%%%%%%%%%%%%%%%%%% idx: 1, vnnlib ID: 1 %%%%%%%%%%%%%%%%%%%%%%%%%%%%%%%%%%%
Finished vnnlib processing in 0.003277 seconds
Model: BoundedModule(
  (/input-1): BoundInput(name=/input-1, inputs=[], perturbed=True)
  (/shape): BoundBuffers(name=/shape, inputs=[], perturbed=False)
  (/18): BoundParams(name=/18, inputs=[], perturbed=False)
  (/19): BoundParams(name=/19, inputs=[], perturbed=False)
  (/20): BoundParams(name=/20, inputs=[], perturbed=False)
  (/21): BoundParams(name=/21, inputs=[], perturbed=False)
  (/22): BoundParams(name=/22, inputs=[], perturbed=False)
  (/23): BoundParams(name=/23, inputs=[], perturbed=False)
  (/24): BoundParams(name=/24, inputs=[], perturbed=False)
  (/25): BoundParams(name=/25, inputs=[], perturbed=False)
  (/26): BoundParams(name=/26, inputs=[], perturbed=False)
  (/27): BoundParams(name=/27, inputs=[], perturbed=False)
  (/28): BoundParams(name=/28, inputs=[], perturbed=False)
  (/29): BoundParams(name=/29, inputs=[], perturbed=False)
  (/30): BoundParams(name=/30, inputs=[], perturbed=False)
  (/31): BoundParams(name=/31, inputs=[], perturbed=False)
  (/32): BoundParams(name=/32, inputs=[], perturbed=False)
  (/33): BoundParams(name=/33, inputs=[], perturbed=False)
  (/input): BoundConv(name=/input, inputs=[/input-1, /18, /19], perturbed=True)
  (/input-4): BoundRelu(name=/input-4, inputs=[/input], perturbed=True)
  (/input-8): BoundConv(name=/input-8, inputs=[/input-4, /20, /21], perturbed=True)
  (/37): BoundConv(name=/37, inputs=[/input-4, /22, /23], perturbed=True)
  (/input-12): BoundRelu(name=/input-12, inputs=[/input-8], perturbed=True)
  (/39): BoundConv(name=/39, inputs=[/input-12, /24, /25], perturbed=True)
  (/40): BoundAdd(name=/40, inputs=[/39, /37], perturbed=True)
  (/input-16): BoundRelu(name=/input-16, inputs=[/40], perturbed=True)
  (/input-20): BoundConv(name=/input-20, inputs=[/input-16, /26, /27], perturbed=True)
  (/input-24): BoundRelu(name=/input-24, inputs=[/input-20], perturbed=True)
  (/44): BoundConv(name=/44, inputs=[/input-24, /28, /29], perturbed=True)
  (/45): BoundAdd(name=/45, inputs=[/44, /input-16], perturbed=True)
  (/46): BoundRelu(name=/46, inputs=[/45], perturbed=True)
  (/47): BoundSplit(name=/47, inputs=[/shape], perturbed=False)
  (/48): BoundSplit(name=/48, inputs=[/shape], perturbed=False)
  (/49): BoundConstant(name=/49, value=tensor([0], device='cuda:0'))
  (/50): BoundSqueeze(name=/50, inputs=[/47, /49], perturbed=False)
  (/51): BoundConstant(name=/51, value=tensor([0], device='cuda:0'))
  (/52): BoundSqueeze(name=/52, inputs=[/48, /51], perturbed=False)
  (/53): BoundConstant(name=/53, value=tensor([0], device='cuda:0'))
  (/54): BoundUnsqueeze(name=/54, inputs=[/50, /53], perturbed=False)
  (/55): BoundConstant(name=/55, value=tensor([0], device='cuda:0'))
  (/56): BoundUnsqueeze(name=/56, inputs=[/52, /55], perturbed=False)
  (/57): BoundConcat(name=/57, inputs=[/54, /56], perturbed=False)
  (/58): BoundReshape(name=/58, inputs=[/46, /57], perturbed=True)
  (/input-28): BoundLinear(name=/input-28, inputs=[/58, /30, /31], perturbed=True)
  (/60): BoundRelu(name=/60, inputs=[/input-28], perturbed=True)
  (/61): BoundLinear(name=/61, inputs=[/60, /32, /33], perturbed=True)
)
Original output in the first batch: tensor([[ 2.74665785, -2.25481224,  1.07418346, -0.10593024,  0.67725098,
         -0.32976097, -1.75168288, -2.10088348,  3.57746792, -1.53257108]],
       device='cuda:0')
Split layers:
Nonlinear functions:
   BoundRelu(name=/input-4, inputs=[/input], perturbed=True)
   BoundRelu(name=/input-12, inputs=[/input-8], perturbed=True)
   BoundRelu(name=/input-16, inputs=[/40], perturbed=True)
   BoundRelu(name=/input-24, inputs=[/input-20], perturbed=True)
   BoundRelu(name=/46, inputs=[/45], perturbed=True)
   BoundRelu(name=/60, inputs=[/input-28], perturbed=True)
build batch [1/1]
layer /input-4 using sparse-features alpha with shape [362]; unstable size 362; total size 2048 ([1, 8, 16, 16])
layer /input-4 start_node /input-8 using sparse-spec alpha [2, 349, 1, 362] with unstable size 348 total_size 1024 output_shape (16, 8, 8)
layer /input-4 start_node /40 using sparse-spec alpha [2, 238, 1, 362] with unstable size 237 total_size 1024 output_shape (16, 8, 8)
layer /input-4 start_node /input-20 using sparse-spec alpha [2, 171, 1, 362] with unstable size 170 total_size 1024 output_shape (16, 8, 8)
layer /input-4 start_node /45 using sparse-spec alpha [2, 343, 1, 362] with unstable size 342 total_size 1024 output_shape (16, 8, 8)
layer /input-4 start_node /input-28 using sparse-spec alpha [2, 53, 1, 362] with unstable size 52 total_size 100 output_shape torch.Size([100])
layer /input-4 start_node /61 using full alpha [2, 9, 1, 362] with unstable size None total_size 9 output_shape 9
layer /input-12 using sparse-features alpha with shape [348]; unstable size 348; total size 1024 ([1, 16, 8, 8])
layer /input-12 start_node /40 using sparse-spec alpha [2, 238, 1, 348] with unstable size 237 total_size 1024 output_shape (16, 8, 8)
layer /input-12 start_node /input-20 using sparse-spec alpha [2, 171, 1, 348] with unstable size 170 total_size 1024 output_shape (16, 8, 8)
layer /input-12 start_node /45 using sparse-spec alpha [2, 343, 1, 348] with unstable size 342 total_size 1024 output_shape (16, 8, 8)
layer /input-12 start_node /input-28 using sparse-spec alpha [2, 53, 1, 348] with unstable size 52 total_size 100 output_shape torch.Size([100])
layer /input-12 start_node /61 using full alpha [2, 9, 1, 348] with unstable size None total_size 9 output_shape 9
layer /input-16 using sparse-features alpha with shape [237]; unstable size 237; total size 1024 ([1, 16, 8, 8])
layer /input-16 start_node /input-20 using sparse-spec alpha [2, 171, 1, 237] with unstable size 170 total_size 1024 output_shape (16, 8, 8)
layer /input-16 start_node /45 using sparse-spec alpha [2, 343, 1, 237] with unstable size 342 total_size 1024 output_shape (16, 8, 8)
layer /input-16 start_node /input-28 using sparse-spec alpha [2, 53, 1, 237] with unstable size 52 total_size 100 output_shape torch.Size([100])
layer /input-16 start_node /61 using full alpha [2, 9, 1, 237] with unstable size None total_size 9 output_shape 9
layer /input-24 using sparse-features alpha with shape [170]; unstable size 170; total size 1024 ([1, 16, 8, 8])
layer /input-24 start_node /45 using sparse-spec alpha [2, 343, 1, 170] with unstable size 342 total_size 1024 output_shape (16, 8, 8)
layer /input-24 start_node /input-28 using sparse-spec alpha [2, 53, 1, 170] with unstable size 52 total_size 100 output_shape torch.Size([100])
layer /input-24 start_node /61 using full alpha [2, 9, 1, 170] with unstable size None total_size 9 output_shape 9
layer /46 using sparse-features alpha with shape [342]; unstable size 342; total size 1024 ([1, 16, 8, 8])
layer /46 start_node /input-28 using sparse-spec alpha [2, 53, 1, 342] with unstable size 52 total_size 100 output_shape torch.Size([100])
layer /46 start_node /61 using full alpha [2, 9, 1, 342] with unstable size None total_size 9 output_shape 9
layer /60 using sparse-features alpha with shape [52]; unstable size 52; total size 100 ([1, 100])
layer /60 start_node /61 using full alpha [2, 9, 1, 52] with unstable size None total_size 9 output_shape 9
Optimizable variables initialized.
initial CROWN bounds (first 10 items): [-2.0409929752349854, 2.8407135009765625, -1.2984495162963867, -0.0765073299407959, -0.6797540187835693, -0.14594769477844238, 1.222848653793335, 1.599034070968628, 2.7289023399353027]
prune_after_crown optimization in use
  original spec size = torch.Size([1, 9])
  pruned spec size = torch.Size([1, 5])
Using alpha-CROWN to initialize bounds.
best_l after optimization: -0.9787750244140625
alpha/beta optimization time: 5.245526075363159
initial alpha-crown bounds (first 10 items): [-1.5459457635879517, -0.610527515411377, 0.6067889928817749, -0.013778209686279297, 0.5846874713897705]
Global lower bound: -1.5459457635879517
6 / 9 OR specs are verified.
Verified OR indices (first 10 items): [1, 3, 5, 6, 7, 8]
Verified OR lbs (first 10 items): [[inf], [0.6067889928817749], [0.5846874713897705], [inf], [inf], [inf]]
Unverified OR indices (first 10 items): [0, 2, 4]
Unverified OR lbs (first 10 items): [[-1.5459457635879517], [-0.610527515411377], [-0.013778209686279297]]
###### Verifying property Instance 1 ######
Batch size: 3
First 10 spec matrices
C: tensor([[[-1.,  0.,  0.,  0.,  0.,  0.,  0.,  0.,  1.,  0.]],

        [[ 0.,  0., -1.,  0.,  0.,  0.,  0.,  0.,  1.,  0.]],

        [[ 0.,  0.,  0.,  0., -1.,  0.,  0.,  0.,  1.,  0.]]], device='cuda:0')
RHS: tensor([[0.],
        [0.],
        [0.]], device='cuda:0')
OR spec sizes: tensor([1, 1, 1], device='cuda:0', dtype=torch.int32)
Remaining timeout: 54.0929012298584
Model prediction is: tensor([ 2.74665785, -2.25481224,  1.07418346, -0.10593024,  0.67725098,
        -0.32976097, -1.75168288, -2.10088348,  3.57746792, -1.53257108],
       device='cuda:0')
Activation BaB batch 1/1 
build_with_refined_bounds batch [1/1]
Optimizable variables initialized.
all alpha initialized
directly get lb and ub from refined bounds
c shape: torch.Size([3, 1, 10])
lA shapes: [torch.Size([3, 1, 8, 16, 16]), torch.Size([3, 1, 16, 8, 8]), torch.Size([3, 1, 16, 8, 8]), torch.Size([3, 1, 16, 8, 8]), torch.Size([3, 1, 16, 8, 8]), torch.Size([3, 1, 100])]
(alpha-)CROWN with fixed intermediate bounds: tensor([[-1.54594576],
        [-0.61052752],
        [-0.01377821]], device='cuda:0') tensor([[inf],
        [inf],
        [inf]], device='cuda:0')
Intermediate layers: /input,/input-8,/40,/input-20,/45,/input-28
Keeping alphas for these layers: ['/61']
Node /input-4 input 0: size torch.Size([8, 16, 16]) unstable 362
Node /input-12 input 0: size torch.Size([16, 8, 8]) unstable 344
Node /input-16 input 0: size torch.Size([16, 8, 8]) unstable 224
Node /input-24 input 0: size torch.Size([16, 8, 8]) unstable 161
Node /46 input 0: size torch.Size([16, 8, 8]) unstable 319
Node /60 input 0: size torch.Size([100]) unstable 45
-----------------
# of unstable neurons: 1455
-----------------

BaB round 1
batch: 3
splitting decisions: 
split level 0: [/input, 1424] [/input, 1694] [/45, 905] 
split level 1: [/input-20, 97] [/45, 996] [/40, 573] 
split level 2: [/input, 1673] [/input-8, 138] [/45, 947] 
split level 3: [/45, 42] [/input-8, 1013] [/input, 1409] 
split level 4: [/input, 823] [/input-28, 53] [/input-20, 569] 
split level 5: [/input, 1647] [/45, 115] [/40, 255] 
best_l after optimization: -123.13609313964844
beta sum per layer: [4.207135200500488, 22.466415405273438, 0.13958464562892914, 4.791608810424805, 46.95426940917969, 23.020015716552734]
alpha/beta optimization time: 1.1547629833221436
pruning_in_iteration open status: True
ratio of positive domain = 54 / 192 = 0.28125
pruning-in-iteration extra time: 0.007758140563964844
Time: pickout 0.0019    branching_decision 0.0001    decision 0.0001    set_bounds 0.0133    prepare 0.0049    transfer 0.0000    finalize 0.0104    func 1.1765    
Accumulated time: bab_iteration 0.0000    pickout 0.0019    decision 0.0001    branching_decision 0.0001    set_bounds 0.0133    solve 0.0000    func 1.1765    prepare 0.0049    transfer 0.0000    finalize 0.0104    
max lb 9.999999747378752e-05 min lb -1.5435385704040527
Number of Verified Splits: 54 of 192
Current worst splitting domains lb-rhs (depth):
-1.54354 (6), -1.54351 (6), -1.54328 (6), -1.54325 (6), -1.54316 (6), -1.54312 (6), -1.54291 (6), -1.54290 (6), -1.54257 (6), -1.54255 (6), -1.54238 (6), -1.54234 (6), -1.54223 (6), -1.54220 (6), -1.54202 (6), -1.54198 (6), -1.53823 (6), -1.53803 (6), -1.53794 (6), -1.53775 (6), 
Current (lb-rhs): -1.5435385704040527
192 domains visited
Length of domains: 138
Cumulative time: 1.2532994747161865

BaB round 2
batch: 138
splitting decisions: 
split level 0: [/input, 1457] [/input-28, 29] [/input, 1774] [/input, 1359] [/input, 1350] [/input, 1585] [/45, 790] [/input, 1479] [/input-8, 164] [/45, 980] 
best_l after optimization: -239.95217895507812
beta sum per layer: [12.024457931518555, 47.2861213684082, 7.961207866668701, 14.207080841064453, 147.54153442382812, 62.809967041015625]
alpha/beta optimization time: 0.21861505508422852
pruning_in_iteration open status: False
ratio of positive domain = 8 / 276 = 0.02898550724637683
pruning-in-iteration extra time: 5.626678466796875e-05
Time: pickout 0.0210    branching_decision 0.0001    decision 0.0001    set_bounds 0.0062    prepare 0.0124    transfer 0.0000    finalize 0.0199    func 0.2584    solve 1.1765    add 0.0017    bab_iteration 1.1937    
Accumulated time: bab_iteration 1.1937    pickout 0.0229    decision 0.0002    branching_decision 0.0002    set_bounds 0.0195    solve 1.1765    func 1.4349    prepare 0.0173    transfer 0.0001    finalize 0.0302    add 0.0017    
max lb 0.07764434814453125 min lb -1.5434868335723877
Number of Verified Splits: 9 of 276
Current worst splitting domains lb-rhs (depth):
-1.54349 (7), -1.54335 (7), -1.54328 (7), -1.54322 (7), -1.54289 (7), -1.54259 (7), -1.54257 (7), -1.54257 (7), -1.54232 (7), -1.54219 (7), -1.54219 (7), -1.54211 (7), -1.54201 (7), -1.54198 (7), -1.54192 (7), -1.54185 (7), -1.54145 (7), -1.54071 (7), -1.53884 (7), -1.53808 (7), 
Current (lb-rhs): -1.5434868335723877
468 domains visited
Length of domains: 267
Cumulative time: 1.541269302368164

BaB round 3
batch: 267
splitting decisions: 
split level 0: [/input-8, 675] [/40, 114] [/input, 1487] [/45, 63] [/45, 322] [/input-20, 877] [/input-8, 498] [/input, 1507] [/input, 1534] [/input-8, 46] 
best_l after optimization: -469.9355163574219
beta sum per layer: [30.368572235107422, 119.90565490722656, 42.92613220214844, 43.99016189575195, 389.3775634765625, 132.2871551513672]
alpha/beta optimization time: 0.2162003517150879
pruning_in_iteration open status: False
ratio of positive domain = 13 / 534 = 0.02434456928838946
pruning-in-iteration extra time: 5.7697296142578125e-05
Time: pickout 0.0383    branching_decision 0.0001    decision 0.0002    set_bounds 0.0105    prepare 0.0240    transfer 0.0001    finalize 0.0395    func 0.2883    solve 0.2585    add 0.0020    bab_iteration 0.2880    
Accumulated time: bab_iteration 1.4817    pickout 0.0612    decision 0.0004    branching_decision 0.0003    set_bounds 0.0300    solve 1.4350    func 1.7232    prepare 0.0414    transfer 0.0001    finalize 0.0698    add 0.0037    
max lb 0.13327568769454956 min lb -1.5434730052947998
Number of Verified Splits: 14 of 534
Current worst splitting domains lb-rhs (depth):
-1.54347 (8), -1.54335 (8), -1.54307 (8), -1.54307 (8), -1.54259 (8), -1.54257 (8), -1.54256 (8), -1.54232 (8), -1.54219 (8), -1.54211 (8), -1.54206 (8), -1.54198 (8), -1.54192 (8), -1.54156 (8), -1.54152 (8), -1.54145 (8), -1.54141 (8), -1.54136 (8), -1.54076 (8), -1.54070 (8), 
Current (lb-rhs): -1.5434730052947998
1002 domains visited
Length of domains: 520
Cumulative time: 1.8816673755645752

BaB round 4
batch: 520
splitting decisions: 
split level 0: [/45, 955] [/input-20, 629] [/40, 219] [/input-8, 708] [/40, 89] [/input-28, 34] [/input, 1287] [/input-28, 9] [/input-28, 14] [/input, 1341] 
best_l after optimization: -921.9164428710938
beta sum per layer: [75.96551513671875, 281.5089111328125, 136.59890747070312, 125.45160675048828, 881.4456787109375, 267.58197021484375]
alpha/beta optimization time: 0.21893882751464844
pruning_in_iteration open status: False
ratio of positive domain = 11 / 1040 = 0.01057692307692304
pruning-in-iteration extra time: 8.153915405273438e-05
Time: pickout 0.0738    branching_decision 0.0002    decision 0.0003    set_bounds 0.0206    prepare 0.0473    transfer 0.0000    finalize 0.0786    func 0.3584    solve 0.2884    add 0.0028    bab_iteration 0.3404    
Accumulated time: bab_iteration 1.8221    pickout 0.1350    decision 0.0006    branching_decision 0.0006    set_bounds 0.0506    solve 1.7234    func 2.0816    prepare 0.0886    transfer 0.0002    finalize 0.1484    add 0.0065    
max lb 0.1331954002380371 min lb -1.5434556007385254
Number of Verified Splits: 12 of 1040
Current worst splitting domains lb-rhs (depth):
-1.54346 (9), -1.54333 (9), -1.54305 (9), -1.54281 (9), -1.54274 (9), -1.54257 (9), -1.54230 (9), -1.54222 (9), -1.54208 (9), -1.54205 (9), -1.54196 (9), -1.54194 (9), -1.54190 (9), -1.54151 (9), -1.54141 (9), -1.54141 (9), -1.54141 (9), -1.54136 (9), -1.54113 (9), -1.54077 (9), 
Current (lb-rhs): -1.5434556007385254
2042 domains visited
Length of domains: 1028
Cumulative time: 2.3407444953918457

BaB round 5
batch: 1028
splitting decisions: 
split level 0: [/input-8, 486] [/input, 1329] [/40, 149] [/input, 1493] [/input, 1490] [/input-8, 181] [/input-20, 77] [/input, 1392] [/input-8, 598] [/input, 948] 
best_l after optimization: -1803.4354248046875
beta sum per layer: [181.6578369140625, 682.786865234375, 376.99920654296875, 340.39227294921875, 2041.1988525390625, 560.5516967773438]
alpha/beta optimization time: 0.22324061393737793
pruning_in_iteration open status: False
ratio of positive domain = 41 / 2056 = 0.019941634241245176
pruning-in-iteration extra time: 7.581710815429688e-05
Time: pickout 0.1478    branching_decision 0.0005    decision 0.0005    set_bounds 0.0414    prepare 0.0958    transfer 0.0000    finalize 0.1566    func 0.4938    solve 0.3584    add 0.0057    bab_iteration 0.4591    
Accumulated time: bab_iteration 2.2811    pickout 0.2828    decision 0.0011    branching_decision 0.0010    set_bounds 0.0919    solve 2.0818    func 2.5754    prepare 0.1844    transfer 0.0002    finalize 0.3050    add 0.0123    
max lb 0.12767744064331055 min lb -1.543431282043457
Number of Verified Splits: 43 of 2056
Current worst splitting domains lb-rhs (depth):
-1.54343 (10), -1.54288 (10), -1.54274 (10), -1.54271 (10), -1.54257 (10), -1.54230 (10), -1.54216 (10), -1.54197 (10), -1.54190 (10), -1.54167 (10), -1.54152 (10), -1.54151 (10), -1.54141 (10), -1.54136 (10), -1.54135 (10), -1.54130 (10), -1.54125 (10), -1.54121 (10), -1.54088 (10), -1.54086 (10), 
Current (lb-rhs): -1.543431282043457
4098 domains visited
Length of domains: 2013
Cumulative time: 3.0328190326690674

BaB round 6
batch: 2013
splitting decisions: 
split level 0: [/input-20, 597] [/40, 427] [/input-28, 58] [/input-8, 413] [/input, 1457] [/input-20, 687] [/input-8, 244] [/45, 274] [/45, 170] [/input, 1265] 
best_l after optimization: -3524.253173828125
beta sum per layer: [429.3750915527344, 1542.7607421875, 952.7947998046875, 891.6411743164062, 4640.404296875, 1134.8720703125]
alpha/beta optimization time: 0.28595900535583496
pruning_in_iteration open status: False
ratio of positive domain = 78 / 4026 = 0.019374068554396384
pruning-in-iteration extra time: 5.340576171875e-05
Time: pickout 0.4267    branching_decision 0.0009    decision 0.0009    set_bounds 0.0821    prepare 0.1915    transfer 0.0001    finalize 0.3086    func 0.8156    solve 0.4938    add 0.0080    bab_iteration 0.6921    
Accumulated time: bab_iteration 2.9732    pickout 0.7096    decision 0.0020    branching_decision 0.0019    set_bounds 0.1740    solve 2.5756    func 3.3910    prepare 0.3759    transfer 0.0003    finalize 0.6137    add 0.0203    
max lb 0.24512600898742676 min lb -1.5431890487670898
Number of Verified Splits: 79 of 4026
Current worst splitting domains lb-rhs (depth):
-1.54319 (11), -1.54288 (11), -1.54274 (11), -1.54271 (11), -1.54257 (11), -1.54243 (11), -1.54230 (11), -1.54196 (11), -1.54193 (11), -1.54171 (11), -1.54166 (11), -1.54166 (11), -1.54148 (11), -1.54145 (11), -1.54135 (11), -1.54135 (11), -1.54133 (11), -1.54121 (11), -1.54110 (11), -1.54090 (11), 
Current (lb-rhs): -1.5431890487670898
8124 domains visited
Length of domains: 3947
Cumulative time: 4.379380702972412

BaB round 7
batch: 2048
splitting decisions: 
split level 0: [/45, 248] [/input-28, 83] [/input, 978] [/45, 1012] [/input, 1332] [/input, 1226] [/45, 630] [/input, 1679] [/45, 271] [/input-8, 131] 
best_l after optimization: -3579.0859375
beta sum per layer: [503.27667236328125, 1760.4185791015625, 1206.55517578125, 1055.395751953125, 5325.80078125, 1204.303466796875]
alpha/beta optimization time: 0.28418898582458496
pruning_in_iteration open status: False
ratio of positive domain = 84 / 4096 = 0.0205078125
pruning-in-iteration extra time: 5.1975250244140625e-05
Time: pickout 0.3070    branching_decision 0.0006    decision 0.0006    set_bounds 0.0850    prepare 0.1945    transfer 0.0001    finalize 0.4641    func 0.9709    solve 0.8156    add 0.0204    bab_iteration 1.3466    
Accumulated time: bab_iteration 4.3198    pickout 1.0166    decision 0.0026    branching_decision 0.0025    set_bounds 0.2590    solve 3.3913    func 4.3619    prepare 0.5704    transfer 0.0003    finalize 1.0778    add 0.0407    
max lb 0.1997535228729248 min lb -1.542122483253479
Number of Verified Splits: 84 of 4096
Current worst splitting domains lb-rhs (depth):
-1.54319 (11), -1.54274 (11), -1.54271 (11), -1.54212 (12), -1.54207 (12), -1.54193 (11), -1.54160 (12), -1.54157 (12), -1.54135 (11), -1.54135 (12), -1.54130 (12), -1.54122 (12), -1.54121 (11), -1.54120 (12), -1.54111 (12), -1.54101 (12), -1.54093 (12), -1.54090 (11), -1.54086 (11), -1.54078 (12), 
Current (lb-rhs): -1.5431890487670898
12220 domains visited
Length of domains: 5911
current_vram/total_varm: 2.7GB/47.7GB, batch_size increase to 4096
Cumulative time: 5.767394065856934

BaB round 8
batch: 4096
splitting decisions: 
split level 0: [/40, 525] [/40, 812] [/input, 883] [/45, 840] [/40, 565] [/45, 224] [/45, 389] [/45, 1015] [/input, 1759] [/45, 45] 
best_l after optimization: -7143.35791015625
beta sum per layer: [1192.508056640625, 4031.926025390625, 3010.759765625, 2520.595703125, 12106.703125, 2448.748291015625]
alpha/beta optimization time: 0.6769299507141113
pruning_in_iteration open status: False
ratio of positive domain = 149 / 8192 = 0.0181884765625
pruning-in-iteration extra time: 5.602836608886719e-05
Time: pickout 0.6309    branching_decision 0.0010    decision 0.0010    set_bounds 0.3362    prepare 0.4003    transfer 0.0001    finalize 0.6512    func 1.7811    solve 0.9709    add 0.0233    bab_iteration 1.3880    
Accumulated time: bab_iteration 5.7078    pickout 1.6475    decision 0.0036    branching_decision 0.0034    set_bounds 0.5952    solve 4.3622    func 6.1429    prepare 0.9707    transfer 0.0004    finalize 1.7290    add 0.0640    
max lb 0.22696131467819214 min lb -1.541978359222412
Number of Verified Splits: 150 of 8192
Current worst splitting domains lb-rhs (depth):
-1.54319 (11), -1.54271 (11), -1.54198 (13), -1.54193 (11), -1.54135 (11), -1.54124 (12), -1.54121 (11), -1.54114 (13), -1.54111 (13), -1.54101 (13), -1.54096 (13), -1.54093 (13), -1.54090 (11), -1.54090 (13), -1.54086 (11), -1.54076 (13), -1.54071 (13), -1.54070 (11), -1.54068 (11), -1.54067 (13), 
Current (lb-rhs): -1.5431890487670898
20412 domains visited
Length of domains: 9857
current_vram/total_varm: 5.7GB/47.7GB, batch_size increase to 8192
Cumulative time: 8.549664735794067

BaB round 9
batch: 8192
splitting decisions: 
split level 0: [/input, 1313] [/input-8, 315] [/input-8, 190] [/input, 1477] [/input-8, 554] [/input, 1287] [/45, 265] [/40, 116] [/input, 1582] [/45, 52] 
best_l after optimization: -14215.615234375
beta sum per layer: [2753.57421875, 8987.720703125, 7328.0263671875, 6042.181640625, 27169.841796875, 5018.73388671875]
alpha/beta optimization time: 1.4641237258911133
pruning_in_iteration open status: False
ratio of positive domain = 338 / 16384 = 0.0206298828125
pruning-in-iteration extra time: 8.0108642578125e-05
Time: pickout 1.4785    branching_decision 0.0021    decision 0.0021    set_bounds 0.5358    prepare 0.8129    transfer 0.0001    finalize 1.3232    func 3.9162    solve 1.7811    add 0.0313    bab_iteration 2.7823    
Accumulated time: bab_iteration 8.4900    pickout 3.1260    decision 0.0056    branching_decision 0.0055    set_bounds 1.1311    solve 6.1433    func 10.0591    prepare 1.7836    transfer 0.0005    finalize 3.0522    add 0.0953    
max lb 0.3316352367401123 min lb -1.5409955978393555
Number of Verified Splits: 340 of 16384
Current worst splitting domains lb-rhs (depth):
-1.54319 (11), -1.54271 (11), -1.54193 (11), -1.54135 (11), -1.54121 (11), -1.54100 (14), -1.54096 (14), -1.54092 (14), -1.54091 (14), -1.54090 (11), -1.54086 (11), -1.54079 (13), -1.54078 (14), -1.54073 (14), -1.54070 (11), -1.54068 (11), -1.54065 (14), -1.54063 (14), -1.54059 (14), -1.54049 (14), 
Current (lb-rhs): -1.5431890487670898
36796 domains visited
Length of domains: 17709
current_vram/total_varm: 11.8GB/47.7GB, batch_size increase to 16384
Cumulative time: 14.54418659210205

BaB round 10
batch: 16384
splitting decisions: 
split level 0: [/input-8, 235] [/45, 741] [/40, 397] [/input-8, 850] [/input, 1615] [/input-20, 118] [/input-20, 425] [/input-8, 843] [/input-8, 144] [/40, 740] 
best_l after optimization: -28300.73046875
beta sum per layer: [6357.88671875, 19803.83984375, 17615.01171875, 14283.03515625, 60436.2421875, 10279.6220703125]
alpha/beta optimization time: 3.0279109477996826
pruning_in_iteration open status: False
ratio of positive domain = 616 / 32768 = 0.018798828125
pruning-in-iteration extra time: 5.8650970458984375e-05
Time: pickout 3.2296    branching_decision 0.0038    decision 0.0038    set_bounds 0.9580    prepare 1.6527    transfer 0.0007    finalize 2.9353    func 7.8264    solve 3.9162    add 0.0589    bab_iteration 5.9945    
Accumulated time: bab_iteration 14.4846    pickout 6.3556    decision 0.0095    branching_decision 0.0093    set_bounds 2.0891    solve 10.0595    func 17.8855    prepare 3.4364    transfer 0.0012    finalize 5.9875    add 0.1542    
max lb 0.2471996545791626 min lb -1.5427019596099854
Number of Verified Splits: 620 of 32768
Current worst splitting domains lb-rhs (depth):
-1.54319 (11), -1.54270 (12), -1.54193 (11), -1.54135 (11), -1.54121 (11), -1.54086 (11), -1.54086 (15), -1.54083 (15), -1.54073 (15), -1.54070 (11), -1.54068 (12), -1.54066 (15), -1.54060 (15), -1.54059 (15), -1.54055 (14), -1.54054 (15), -1.54051 (15), -1.54049 (15), -1.54049 (14), -1.54040 (15), 
Current (lb-rhs): -1.5431890487670898
69564 domains visited
Length of domains: 33473
Cumulative time: 26.675339698791504

BaB round 11
batch: 16384
splitting decisions: 
split level 0: [/45, 289] [/input, 1346] [/input-8, 766] [/40, 957] [/input, 1302] [/input-8, 186] [/input, 1662] [/input, 1175] [/40, 829] [/input-8, 624] 
best_l after optimization: -28200.1953125
beta sum per layer: [7066.880859375, 21604.59375, 20581.96484375, 16186.7861328125, 66664.15625, 10525.1259765625]
alpha/beta optimization time: 3.0240840911865234
pruning_in_iteration open status: False
ratio of positive domain = 628 / 32768 = 0.0191650390625
pruning-in-iteration extra time: 9.179115295410156e-05
Time: pickout 3.4086    branching_decision 0.0039    decision 0.0039    set_bounds 0.7072    prepare 1.6769    transfer 0.0001    finalize 2.9962    func 7.9080    solve 7.8264    add 0.1067    bab_iteration 12.1311    
Accumulated time: bab_iteration 26.6157    pickout 9.7642    decision 0.0134    branching_decision 0.0132    set_bounds 2.7963    solve 17.8859    func 25.7935    prepare 5.1133    transfer 0.0013    finalize 8.9837    add 0.2609    
max lb 0.240706205368042 min lb -1.5427019596099854
Number of Verified Splits: 635 of 32768
Current worst splitting domains lb-rhs (depth):
-1.54319 (11), -1.54270 (13), -1.54264 (13), -1.54193 (11), -1.54135 (11), -1.54121 (11), -1.54086 (11), -1.54086 (15), -1.54072 (16), -1.54070 (11), -1.54068 (12), -1.54057 (16), -1.54056 (16), -1.54054 (15), -1.54049 (15), -1.54049 (14), -1.54047 (16), -1.54040 (15), -1.54032 (16), -1.54023 (11), 
Current (lb-rhs): -1.5431890487670898
102332 domains visited
Length of domains: 49222
Cumulative time: 39.15233588218689

BaB round 12
batch: 16384
splitting decisions: 
split level 0: [/45, 955] [/input-20, 687] [/input, 1193] [/input-20, 114] [/input, 940] [/input-8, 557] [/40, 813] [/input, 1603] [/45, 444] [/input-8, 764] 
best_l after optimization: -28053.427734375
beta sum per layer: [7868.22265625, 23423.20703125, 23615.6640625, 18239.556640625, 72702.21875, 10898.7890625]
alpha/beta optimization time: 3.0250048637390137
pruning_in_iteration open status: False
ratio of positive domain = 697 / 32768 = 0.021270751953125
pruning-in-iteration extra time: 7.319450378417969e-05
Time: pickout 3.2798    branching_decision 0.0039    decision 0.0039    set_bounds 0.7251    prepare 1.6904    transfer 0.0001    finalize 3.1353    func 8.0617    solve 7.9081    add 0.4410    bab_iteration 12.4770    
Accumulated time: bab_iteration 39.0927    pickout 13.0440    decision 0.0173    branching_decision 0.0171    set_bounds 3.5213    solve 25.7940    func 33.8552    prepare 6.8037    transfer 0.0015    finalize 12.1190    add 0.7019    
max lb 0.2998526096343994 min lb -1.5426342487335205
Number of Verified Splits: 705 of 32768
Current worst splitting domains lb-rhs (depth):
-1.54319 (11), -1.54270 (13), -1.54263 (14), -1.54193 (11), -1.54135 (11), -1.54121 (11), -1.54086 (11), -1.54086 (15), -1.54070 (11), -1.54068 (12), -1.54064 (17), -1.54057 (16), -1.54055 (17), -1.54054 (15), -1.54049 (15), -1.54049 (14), -1.54040 (15), -1.54032 (16), -1.54023 (11), -1.54014 (17), 
Current (lb-rhs): -1.5431890487670898
135100 domains visited
Length of domains: 64901
Cumulative time: 51.327486753463745

BaB round 13
batch: 16384
splitting decisions: 
split level 0: [/input-20, 619] [/input-28, 42] [/40, 356] [/40, 947] [/input-28, 54] [/45, 181] [/input, 1334] [/40, 545] [/40, 569] [/input-20, 244] 
best_l after optimization: -28005.56640625
beta sum per layer: [8594.6552734375, 24981.705078125, 26707.77734375, 20432.416015625, 78881.625, 11037.7509765625]
alpha/beta optimization time: 3.024181604385376
pruning_in_iteration open status: False
ratio of positive domain = 647 / 32768 = 0.019744873046875
pruning-in-iteration extra time: 6.341934204101562e-05
Time: pickout 3.4369    branching_decision 0.0038    decision 0.0039    set_bounds 1.2101    prepare 1.7091    transfer 0.0001    finalize 2.7408    func 7.6840    solve 8.0618    add 0.0956    bab_iteration 12.1751    
Accumulated time: bab_iteration 51.2678    pickout 16.4808    decision 0.0212    branching_decision 0.0209    set_bounds 4.7315    solve 33.8558    func 41.5391    prepare 8.5129    transfer 0.0016    finalize 14.8597    add 0.7975    
max lb 0.21438229084014893 min lb -1.5409934520721436
Number of Verified Splits: 650 of 32768
Current worst splitting domains lb-rhs (depth):
-1.54319 (11), -1.54270 (13), -1.54193 (11), -1.54135 (11), -1.54121 (11), -1.54099 (15), -1.54086 (11), -1.54086 (15), -1.54070 (11), -1.54068 (12), -1.54057 (16), -1.54054 (15), -1.54049 (15), -1.54049 (14), -1.54044 (15), -1.54040 (15), -1.54038 (18), -1.54032 (16), -1.54023 (11), -1.54014 (17), 
Current (lb-rhs): -1.5431890487670898
167868 domains visited
Length of domains: 80635
Time out!!!!!!!!
Result: unknown in 70.1152 seconds

 %%%%%%%%%%%%%%%%%%%%%%%%%%%%%%%%%%% idx: 2, vnnlib ID: 2 %%%%%%%%%%%%%%%%%%%%%%%%%%%%%%%%%%%
Finished vnnlib processing in 0.003152 seconds
Model: BoundedModule(
  (/input-1): BoundInput(name=/input-1, inputs=[], perturbed=True)
  (/shape): BoundBuffers(name=/shape, inputs=[], perturbed=False)
  (/18): BoundParams(name=/18, inputs=[], perturbed=False)
  (/19): BoundParams(name=/19, inputs=[], perturbed=False)
  (/20): BoundParams(name=/20, inputs=[], perturbed=False)
  (/21): BoundParams(name=/21, inputs=[], perturbed=False)
  (/22): BoundParams(name=/22, inputs=[], perturbed=False)
  (/23): BoundParams(name=/23, inputs=[], perturbed=False)
  (/24): BoundParams(name=/24, inputs=[], perturbed=False)
  (/25): BoundParams(name=/25, inputs=[], perturbed=False)
  (/26): BoundParams(name=/26, inputs=[], perturbed=False)
  (/27): BoundParams(name=/27, inputs=[], perturbed=False)
  (/28): BoundParams(name=/28, inputs=[], perturbed=False)
  (/29): BoundParams(name=/29, inputs=[], perturbed=False)
  (/30): BoundParams(name=/30, inputs=[], perturbed=False)
  (/31): BoundParams(name=/31, inputs=[], perturbed=False)
  (/32): BoundParams(name=/32, inputs=[], perturbed=False)
  (/33): BoundParams(name=/33, inputs=[], perturbed=False)
  (/input): BoundConv(name=/input, inputs=[/input-1, /18, /19], perturbed=True)
  (/input-4): BoundRelu(name=/input-4, inputs=[/input], perturbed=True)
  (/input-8): BoundConv(name=/input-8, inputs=[/input-4, /20, /21], perturbed=True)
  (/37): BoundConv(name=/37, inputs=[/input-4, /22, /23], perturbed=True)
  (/input-12): BoundRelu(name=/input-12, inputs=[/input-8], perturbed=True)
  (/39): BoundConv(name=/39, inputs=[/input-12, /24, /25], perturbed=True)
  (/40): BoundAdd(name=/40, inputs=[/39, /37], perturbed=True)
  (/input-16): BoundRelu(name=/input-16, inputs=[/40], perturbed=True)
  (/input-20): BoundConv(name=/input-20, inputs=[/input-16, /26, /27], perturbed=True)
  (/input-24): BoundRelu(name=/input-24, inputs=[/input-20], perturbed=True)
  (/44): BoundConv(name=/44, inputs=[/input-24, /28, /29], perturbed=True)
  (/45): BoundAdd(name=/45, inputs=[/44, /input-16], perturbed=True)
  (/46): BoundRelu(name=/46, inputs=[/45], perturbed=True)
  (/47): BoundSplit(name=/47, inputs=[/shape], perturbed=False)
  (/48): BoundSplit(name=/48, inputs=[/shape], perturbed=False)
  (/49): BoundConstant(name=/49, value=tensor([0], device='cuda:0'))
  (/50): BoundSqueeze(name=/50, inputs=[/47, /49], perturbed=False)
  (/51): BoundConstant(name=/51, value=tensor([0], device='cuda:0'))
  (/52): BoundSqueeze(name=/52, inputs=[/48, /51], perturbed=False)
  (/53): BoundConstant(name=/53, value=tensor([0], device='cuda:0'))
  (/54): BoundUnsqueeze(name=/54, inputs=[/50, /53], perturbed=False)
  (/55): BoundConstant(name=/55, value=tensor([0], device='cuda:0'))
  (/56): BoundUnsqueeze(name=/56, inputs=[/52, /55], perturbed=False)
  (/57): BoundConcat(name=/57, inputs=[/54, /56], perturbed=False)
  (/58): BoundReshape(name=/58, inputs=[/46, /57], perturbed=True)
  (/input-28): BoundLinear(name=/input-28, inputs=[/58, /30, /31], perturbed=True)
  (/60): BoundRelu(name=/60, inputs=[/input-28], perturbed=True)
  (/61): BoundLinear(name=/61, inputs=[/60, /32, /33], perturbed=True)
)
Original output in the first batch: tensor([[ 2.47049618, -2.69689941,  1.32025707,  0.03818086,  1.07948875,
          0.00401103, -1.39397991, -1.68625128,  2.86806560, -2.00344133]],
       device='cuda:0')
Split layers:
Nonlinear functions:
   BoundRelu(name=/input-4, inputs=[/input], perturbed=True)
   BoundRelu(name=/input-12, inputs=[/input-8], perturbed=True)
   BoundRelu(name=/input-16, inputs=[/40], perturbed=True)
   BoundRelu(name=/input-24, inputs=[/input-20], perturbed=True)
   BoundRelu(name=/46, inputs=[/45], perturbed=True)
   BoundRelu(name=/60, inputs=[/input-28], perturbed=True)
build batch [1/1]
layer /input-4 using sparse-features alpha with shape [382]; unstable size 382; total size 2048 ([1, 8, 16, 16])
layer /input-4 start_node /input-8 using sparse-spec alpha [2, 382, 1, 382] with unstable size 381 total_size 1024 output_shape (16, 8, 8)
layer /input-4 start_node /40 using sparse-spec alpha [2, 279, 1, 382] with unstable size 278 total_size 1024 output_shape (16, 8, 8)
layer /input-4 start_node /input-20 using sparse-spec alpha [2, 161, 1, 382] with unstable size 160 total_size 1024 output_shape (16, 8, 8)
layer /input-4 start_node /45 using sparse-spec alpha [2, 342, 1, 382] with unstable size 341 total_size 1024 output_shape (16, 8, 8)
layer /input-4 start_node /input-28 using sparse-spec alpha [2, 54, 1, 382] with unstable size 53 total_size 100 output_shape torch.Size([100])
layer /input-4 start_node /61 using full alpha [2, 9, 1, 382] with unstable size None total_size 9 output_shape 9
layer /input-12 using sparse-features alpha with shape [381]; unstable size 381; total size 1024 ([1, 16, 8, 8])
layer /input-12 start_node /40 using sparse-spec alpha [2, 279, 1, 381] with unstable size 278 total_size 1024 output_shape (16, 8, 8)
layer /input-12 start_node /input-20 using sparse-spec alpha [2, 161, 1, 381] with unstable size 160 total_size 1024 output_shape (16, 8, 8)
layer /input-12 start_node /45 using sparse-spec alpha [2, 342, 1, 381] with unstable size 341 total_size 1024 output_shape (16, 8, 8)
layer /input-12 start_node /input-28 using sparse-spec alpha [2, 54, 1, 381] with unstable size 53 total_size 100 output_shape torch.Size([100])
layer /input-12 start_node /61 using full alpha [2, 9, 1, 381] with unstable size None total_size 9 output_shape 9
layer /input-16 using sparse-features alpha with shape [278]; unstable size 278; total size 1024 ([1, 16, 8, 8])
layer /input-16 start_node /input-20 using sparse-spec alpha [2, 161, 1, 278] with unstable size 160 total_size 1024 output_shape (16, 8, 8)
layer /input-16 start_node /45 using sparse-spec alpha [2, 342, 1, 278] with unstable size 341 total_size 1024 output_shape (16, 8, 8)
layer /input-16 start_node /input-28 using sparse-spec alpha [2, 54, 1, 278] with unstable size 53 total_size 100 output_shape torch.Size([100])
layer /input-16 start_node /61 using full alpha [2, 9, 1, 278] with unstable size None total_size 9 output_shape 9
layer /input-24 using sparse-features alpha with shape [160]; unstable size 160; total size 1024 ([1, 16, 8, 8])
layer /input-24 start_node /45 using sparse-spec alpha [2, 342, 1, 160] with unstable size 341 total_size 1024 output_shape (16, 8, 8)
layer /input-24 start_node /input-28 using sparse-spec alpha [2, 54, 1, 160] with unstable size 53 total_size 100 output_shape torch.Size([100])
layer /input-24 start_node /61 using full alpha [2, 9, 1, 160] with unstable size None total_size 9 output_shape 9
layer /46 using sparse-features alpha with shape [341]; unstable size 341; total size 1024 ([1, 16, 8, 8])
layer /46 start_node /input-28 using sparse-spec alpha [2, 54, 1, 341] with unstable size 53 total_size 100 output_shape torch.Size([100])
layer /46 start_node /61 using full alpha [2, 9, 1, 341] with unstable size None total_size 9 output_shape 9
layer /60 using sparse-features alpha with shape [53]; unstable size 53; total size 100 ([1, 100])
layer /60 start_node /61 using full alpha [2, 9, 1, 53] with unstable size None total_size 9 output_shape 9
Optimizable variables initialized.
initial CROWN bounds (first 10 items): [-2.216991901397705, 2.967716693878174, -2.2200145721435547, -0.8931414484977722, -1.4761874675750732, -1.064011573791504, 0.574592113494873, 0.5628951787948608, 2.4542908668518066]
prune_after_crown optimization in use
  original spec size = torch.Size([1, 9])
  pruned spec size = torch.Size([1, 5])
Using alpha-CROWN to initialize bounds.
best_l after optimization: -4.7225189208984375
alpha/beta optimization time: 5.290029048919678
initial alpha-crown bounds (first 10 items): [-1.6939876079559326, -1.5219488143920898, -0.25097569823265076, -0.8775882720947266, -0.37801849842071533]
Global lower bound: -1.6939876079559326
4 / 9 OR specs are verified.
Verified OR indices (first 10 items): [1, 6, 7, 8]
Verified OR lbs (first 10 items): [[inf], [inf], [inf], [inf]]
Unverified OR indices (first 10 items): [0, 2, 3, 4, 5]
Unverified OR lbs (first 10 items): [[-1.6939876079559326], [-1.5219488143920898], [-0.25097569823265076], [-0.8775882720947266], [-0.37801849842071533]]
###### Verifying property Instance 2 ######
Batch size: 5
First 10 spec matrices
C: tensor([[[-1.,  0.,  0.,  0.,  0.,  0.,  0.,  0.,  1.,  0.]],

        [[ 0.,  0., -1.,  0.,  0.,  0.,  0.,  0.,  1.,  0.]],

        [[ 0.,  0.,  0., -1.,  0.,  0.,  0.,  0.,  1.,  0.]],

        [[ 0.,  0.,  0.,  0., -1.,  0.,  0.,  0.,  1.,  0.]],

        [[ 0.,  0.,  0.,  0.,  0., -1.,  0.,  0.,  1.,  0.]]], device='cuda:0')
RHS: tensor([[0.],
        [0.],
        [0.],
        [0.],
        [0.]], device='cuda:0')
OR spec sizes: tensor([1, 1, 1, 1, 1], device='cuda:0', dtype=torch.int32)
Remaining timeout: 54.137171506881714
Model prediction is: tensor([ 2.47049618, -2.69689941,  1.32025707,  0.03818086,  1.07948875,
         0.00401103, -1.39397991, -1.68625128,  2.86806560, -2.00344133],
       device='cuda:0')
Activation BaB batch 1/1 
build_with_refined_bounds batch [1/1]
Optimizable variables initialized.
all alpha initialized
directly get lb and ub from refined bounds
c shape: torch.Size([5, 1, 10])
lA shapes: [torch.Size([5, 1, 8, 16, 16]), torch.Size([5, 1, 16, 8, 8]), torch.Size([5, 1, 16, 8, 8]), torch.Size([5, 1, 16, 8, 8]), torch.Size([5, 1, 16, 8, 8]), torch.Size([5, 1, 100])]
(alpha-)CROWN with fixed intermediate bounds: tensor([[-1.69398761],
        [-1.52194881],
        [-0.25097570],
        [-0.87758827],
        [-0.37801850]], device='cuda:0') tensor([[inf],
        [inf],
        [inf],
        [inf],
        [inf]], device='cuda:0')
Intermediate layers: /input,/input-8,/40,/input-20,/45,/input-28
Keeping alphas for these layers: ['/61']
Node /input-4 input 0: size torch.Size([8, 16, 16]) unstable 382
Node /input-12 input 0: size torch.Size([16, 8, 8]) unstable 373
Node /input-16 input 0: size torch.Size([16, 8, 8]) unstable 259
Node /input-24 input 0: size torch.Size([16, 8, 8]) unstable 150
Node /46 input 0: size torch.Size([16, 8, 8]) unstable 314
Node /60 input 0: size torch.Size([100]) unstable 46
-----------------
# of unstable neurons: 1524
-----------------

BaB round 1
batch: 5
splitting decisions: 
split level 0: [/45, 333] [/input-8, 310] [/input-20, 799] [/40, 950] [/40, 749] 
split level 1: [/input-8, 911] [/input-8, 254] [/input-20, 636] [/input, 904] [/input-8, 846] 
split level 2: [/input-28, 56] [/input, 1213] [/input-8, 1023] [/40, 439] [/40, 440] 
split level 3: [/input-8, 501] [/40, 376] [/40, 435] [/input-28, 17] [/input-20, 18] 
split level 4: [/input-8, 980] [/40, 442] [/45, 83] [/40, 513] [/40, 126] 
best_l after optimization: -133.99005126953125
beta sum per layer: [3.709232807159424, 19.844030380249023, 51.554237365722656, 9.34517765045166, 11.574581146240234, 16.55634307861328]
alpha/beta optimization time: 0.21660566329956055
pruning_in_iteration open status: False
ratio of positive domain = 8 / 160 = 0.050000000000000044
pruning-in-iteration extra time: 5.364418029785156e-05
Time: pickout 0.0021    branching_decision 0.0001    decision 0.0001    set_bounds 0.0098    prepare 0.0039    transfer 0.0000    finalize 0.0104    func 0.2369    
Accumulated time: bab_iteration 0.0000    pickout 0.0021    decision 0.0001    branching_decision 0.0001    set_bounds 0.0098    solve 0.0000    func 0.2369    prepare 0.0039    transfer 0.0000    finalize 0.0104    
max lb 0.006161808967590332 min lb -1.6806191205978394
Number of Verified Splits: 8 of 160
Current worst splitting domains lb-rhs (depth):
-1.68062 (5), -1.67902 (5), -1.67898 (5), -1.67715 (5), -1.67621 (5), -1.67461 (5), -1.67358 (5), -1.67272 (5), -1.67213 (5), -1.67198 (5), -1.67103 (5), -1.67026 (5), -1.66931 (5), -1.66770 (5), -1.66572 (5), -1.66410 (5), -1.51992 (5), -1.51982 (5), -1.51822 (5), -1.51811 (5), 
Current (lb-rhs): -1.6806191205978394
160 domains visited
Length of domains: 152
Cumulative time: 0.2778007984161377

BaB round 2
batch: 152
splitting decisions: 
split level 0: [/45, 604] [/input-8, 514] [/input, 852] [/input-20, 25] [/45, 428] [/input-8, 163] [/input-20, 888] [/input, 1520] [/40, 774] [/40, 416] 
best_l after optimization: -257.7231750488281
beta sum per layer: [9.299863815307617, 51.16017532348633, 147.20782470703125, 13.780767440795898, 30.9260196685791, 59.2498893737793]
alpha/beta optimization time: 0.21429729461669922
pruning_in_iteration open status: False
ratio of positive domain = 11 / 304 = 0.03618421052631582
pruning-in-iteration extra time: 5.125999450683594e-05
Time: pickout 0.0219    branching_decision 0.0001    decision 0.0001    set_bounds 0.0064    prepare 0.0133    transfer 0.0000    finalize 0.0213    func 0.2564    solve 0.2370    add 0.0015    bab_iteration 0.2506    
Accumulated time: bab_iteration 0.2506    pickout 0.0240    decision 0.0002    branching_decision 0.0002    set_bounds 0.0162    solve 0.2370    func 0.4934    prepare 0.0172    transfer 0.0001    finalize 0.0317    add 0.0015    
max lb 0.18022829294204712 min lb -1.6804641485214233
Number of Verified Splits: 11 of 304
Current worst splitting domains lb-rhs (depth):
-1.68046 (6), -1.67901 (6), -1.67880 (6), -1.67708 (6), -1.67675 (6), -1.67617 (6), -1.67599 (6), -1.67534 (6), -1.67450 (6), -1.67294 (6), -1.67258 (6), -1.67238 (6), -1.67213 (6), -1.67074 (6), -1.67069 (6), -1.67011 (6), -1.66978 (6), -1.66917 (6), -1.66837 (6), -1.66810 (6), 
Current (lb-rhs): -1.6804641485214233
464 domains visited
Length of domains: 293
Cumulative time: 0.5647757053375244

BaB round 3
batch: 293
splitting decisions: 
split level 0: [/40, 539] [/input-8, 996] [/45, 224] [/input, 852] [/40, 935] [/45, 667] [/45, 260] [/input-8, 221] [/input, 1029] [/45, 18] 
best_l after optimization: -502.85443115234375
beta sum per layer: [22.47089385986328, 134.04307556152344, 363.7354736328125, 46.454769134521484, 75.15814208984375, 166.480224609375]
alpha/beta optimization time: 0.21628689765930176
pruning_in_iteration open status: False
ratio of positive domain = 14 / 586 = 0.023890784982935176
pruning-in-iteration extra time: 7.2479248046875e-05
Time: pickout 0.0399    branching_decision 0.0002    decision 0.0002    set_bounds 0.0108    prepare 0.0258    transfer 0.0001    finalize 0.0433    func 0.2944    solve 0.2564    add 0.0019    bab_iteration 0.2870    
Accumulated time: bab_iteration 0.5376    pickout 0.0639    decision 0.0004    branching_decision 0.0003    set_bounds 0.0270    solve 0.4934    func 0.7877    prepare 0.0430    transfer 0.0001    finalize 0.0750    add 0.0034    
max lb 0.07903468608856201 min lb -1.6804593801498413
Number of Verified Splits: 14 of 586
Current worst splitting domains lb-rhs (depth):
-1.68046 (7), -1.67989 (7), -1.67899 (7), -1.67877 (7), -1.67810 (7), -1.67675 (7), -1.67608 (7), -1.67530 (7), -1.67519 (7), -1.67441 (7), -1.67275 (7), -1.67258 (7), -1.67238 (7), -1.67238 (7), -1.67181 (7), -1.67141 (7), -1.67085 (7), -1.67070 (7), -1.67038 (7), -1.67023 (7), 
Current (lb-rhs): -1.6804593801498413
1050 domains visited
Length of domains: 572
Cumulative time: 0.9129137992858887

BaB round 4
batch: 572
splitting decisions: 
split level 0: [/45, 617] [/input-8, 186] [/input, 1571] [/input-8, 522] [/input-20, 117] [/input-8, 12] [/45, 61] [/45, 1011] [/input, 1437] [/input, 1308] 
best_l after optimization: -981.2060546875
beta sum per layer: [56.135711669921875, 324.4532470703125, 885.751953125, 129.88259887695312, 208.89498901367188, 353.78204345703125]
alpha/beta optimization time: 0.22066116333007812
pruning_in_iteration open status: False
ratio of positive domain = 7 / 1144 = 0.006118881118881148
pruning-in-iteration extra time: 5.316734313964844e-05
Time: pickout 0.0792    branching_decision 0.0003    decision 0.0003    set_bounds 0.0222    prepare 0.0516    transfer 0.0000    finalize 0.0847    func 0.3696    solve 0.2944    add 0.0026    bab_iteration 0.3481    
Accumulated time: bab_iteration 0.8857    pickout 0.1431    decision 0.0007    branching_decision 0.0006    set_bounds 0.0492    solve 0.7878    func 1.1573    prepare 0.0946    transfer 0.0002    finalize 0.1598    add 0.0060    
max lb 0.18402349948883057 min lb -1.6804590225219727
Number of Verified Splits: 7 of 1144
Current worst splitting domains lb-rhs (depth):
-1.68046 (8), -1.67988 (8), -1.67957 (8), -1.67899 (8), -1.67875 (8), -1.67782 (8), -1.67731 (8), -1.67675 (8), -1.67617 (8), -1.67529 (8), -1.67435 (8), -1.67397 (8), -1.67346 (8), -1.67341 (8), -1.67340 (8), -1.67258 (8), -1.67181 (8), -1.67180 (8), -1.67177 (8), -1.67168 (8), 
Current (lb-rhs): -1.6804590225219727
2194 domains visited
Length of domains: 1137
Cumulative time: 1.3903508186340332

BaB round 5
batch: 1137
splitting decisions: 
split level 0: [/45, 595] [/input, 1686] [/input-28, 67] [/45, 299] [/input-8, 292] [/input-28, 13] [/40, 653] [/input, 1274] [/input, 1360] [/input-20, 531] 
best_l after optimization: -1912.6260986328125
beta sum per layer: [150.5175323486328, 804.99951171875, 2095.92919921875, 343.3249816894531, 634.6227416992188, 765.7305297851562]
alpha/beta optimization time: 0.25550222396850586
pruning_in_iteration open status: False
ratio of positive domain = 29 / 2274 = 0.012752858399296407
pruning-in-iteration extra time: 7.772445678710938e-05
Time: pickout 0.1595    branching_decision 0.0005    decision 0.0005    set_bounds 0.0450    prepare 0.1064    transfer 0.0000    finalize 0.1704    func 0.5531    solve 0.3697    add 0.0057    bab_iteration 0.4774    
Accumulated time: bab_iteration 1.3632    pickout 0.3026    decision 0.0013    branching_decision 0.0012    set_bounds 0.0942    solve 1.1575    func 1.7105    prepare 0.2010    transfer 0.0002    finalize 0.3301    add 0.0117    
max lb 0.2508541941642761 min lb -1.6804590225219727
Number of Verified Splits: 29 of 2274
Current worst splitting domains lb-rhs (depth):
-1.68046 (9), -1.67925 (9), -1.67924 (9), -1.67899 (9), -1.67870 (9), -1.67867 (9), -1.67859 (9), -1.67855 (9), -1.67771 (9), -1.67733 (9), -1.67730 (9), -1.67700 (9), -1.67684 (9), -1.67675 (9), -1.67595 (9), -1.67435 (9), -1.67334 (9), -1.67327 (9), -1.67325 (9), -1.67324 (9), 
Current (lb-rhs): -1.6804590225219727
4468 domains visited
Length of domains: 2245
Cumulative time: 2.157339096069336

BaB round 6
batch: 2048
splitting decisions: 
split level 0: [/45, 782] [/input, 1609] [/input-8, 539] [/45, 1003] [/45, 534] [/input-20, 78] [/input, 1038] [/input, 1572] [/input-20, 120] [/input, 1171] 
best_l after optimization: -3404.151611328125
beta sum per layer: [313.7337646484375, 1785.001953125, 4362.27685546875, 775.0415649414062, 1599.9017333984375, 1436.7158203125]
alpha/beta optimization time: 0.31325507164001465
pruning_in_iteration open status: False
ratio of positive domain = 33 / 4096 = 0.008056640625
pruning-in-iteration extra time: 8.392333984375e-05
Time: pickout 0.2944    branching_decision 0.0007    decision 0.0007    set_bounds 0.2228    prepare 0.1933    transfer 0.0001    finalize 0.3117    func 0.8490    solve 0.5532    add 0.0081    bab_iteration 0.7670    
Accumulated time: bab_iteration 2.1301    pickout 0.5970    decision 0.0019    branching_decision 0.0018    set_bounds 0.3170    solve 1.7107    func 2.5594    prepare 0.3943    transfer 0.0003    finalize 0.6418    add 0.0198    
max lb 0.16290318965911865 min lb -1.6803231239318848
Number of Verified Splits: 34 of 4096
Current worst splitting domains lb-rhs (depth):
-1.68032 (10), -1.67969 (10), -1.67925 (10), -1.67925 (10), -1.67924 (9), -1.67899 (10), -1.67899 (10), -1.67870 (10), -1.67859 (10), -1.67858 (10), -1.67815 (10), -1.67771 (10), -1.67771 (10), -1.67750 (10), -1.67733 (10), -1.67730 (10), -1.67730 (10), -1.67687 (10), -1.67666 (10), -1.67629 (10), 
Current (lb-rhs): -1.6803231239318848
8564 domains visited
Length of domains: 4259
current_vram/total_varm: 2.5GB/47.7GB, batch_size increase to 4096
Cumulative time: 3.5391368865966797

BaB round 7
batch: 4096
splitting decisions: 
split level 0: [/40, 430] [/45, 322] [/45, 21] [/40, 121] [/45, 633] [/input, 830] [/input, 1324] [/45, 113] [/input, 1773] [/45, 593] 
best_l after optimization: -6686.2099609375
beta sum per layer: [772.2196044921875, 4332.998046875, 10019.775390625, 1957.822998046875, 4253.95703125, 3069.71484375]
alpha/beta optimization time: 0.6824600696563721
pruning_in_iteration open status: False
ratio of positive domain = 77 / 8192 = 0.0093994140625
pruning-in-iteration extra time: 5.555152893066406e-05
Time: pickout 0.6051    branching_decision 0.0011    decision 0.0011    set_bounds 0.3161    prepare 0.3931    transfer 0.0001    finalize 0.6338    func 1.7628    solve 0.8490    add 0.0138    bab_iteration 1.3818    
Accumulated time: bab_iteration 3.5119    pickout 1.2021    decision 0.0031    branching_decision 0.0029    set_bounds 0.6331    solve 2.5597    func 4.3222    prepare 0.7874    transfer 0.0003    finalize 1.2756    add 0.0336    
max lb 0.20717215538024902 min lb -1.6803150177001953
Number of Verified Splits: 77 of 8192
Current worst splitting domains lb-rhs (depth):
-1.68032 (11), -1.67964 (11), -1.67925 (11), -1.67924 (9), -1.67920 (11), -1.67901 (11), -1.67898 (11), -1.67894 (11), -1.67854 (11), -1.67846 (11), -1.67837 (11), -1.67815 (11), -1.67804 (11), -1.67789 (11), -1.67763 (11), -1.67750 (11), -1.67744 (11), -1.67730 (11), -1.67723 (11), -1.67720 (11), 
Current (lb-rhs): -1.6803150177001953
16756 domains visited
Length of domains: 8278
current_vram/total_varm: 5.6GB/47.7GB, batch_size increase to 8192
Cumulative time: 6.253596305847168

BaB round 8
batch: 8192
splitting decisions: 
split level 0: [/input-8, 164] [/input, 817] [/45, 738] [/input-8, 947] [/input, 1768] [/input-28, 39] [/40, 730] [/45, 931] [/input, 840] [/input, 1773] 
best_l after optimization: -13127.8603515625
beta sum per layer: [1864.010986328125, 10301.6787109375, 22602.0, 4793.96142578125, 10953.3056640625, 6583.73974609375]
alpha/beta optimization time: 1.4716448783874512
pruning_in_iteration open status: False
ratio of positive domain = 191 / 16384 = 0.01165771484375
pruning-in-iteration extra time: 8.416175842285156e-05
Time: pickout 1.4325    branching_decision 0.0022    decision 0.0023    set_bounds 0.5107    prepare 0.8022    transfer 0.0001    finalize 1.4981    func 3.8751    solve 1.7628    add 0.0275    bab_iteration 2.7145    
Accumulated time: bab_iteration 6.2264    pickout 2.6346    decision 0.0053    branching_decision 0.0052    set_bounds 1.1439    solve 4.3225    func 8.1973    prepare 1.5896    transfer 0.0005    finalize 2.7737    add 0.0611    
max lb 0.22273123264312744 min lb -1.6803078651428223
Number of Verified Splits: 191 of 16384
Current worst splitting domains lb-rhs (depth):
-1.68031 (12), -1.67964 (12), -1.67964 (12), -1.67924 (10), -1.67920 (10), -1.67919 (12), -1.67916 (12), -1.67902 (12), -1.67898 (12), -1.67891 (12), -1.67859 (12), -1.67854 (12), -1.67846 (12), -1.67846 (12), -1.67827 (12), -1.67815 (12), -1.67804 (12), -1.67795 (12), -1.67774 (12), -1.67755 (12), 
Current (lb-rhs): -1.6803078651428223
33140 domains visited
Length of domains: 16279
current_vram/total_varm: 12.2GB/47.7GB, batch_size increase to 16384
Cumulative time: 12.130572319030762

BaB round 9
batch: 16279
splitting decisions: 
split level 0: [/input, 1439] [/40, 567] [/input, 1014] [/input, 1373] [/input-8, 669] [/40, 341] [/input-28, 11] [/input-8, 191] [/40, 123] [/45, 979] 
best_l after optimization: -25647.40234375
beta sum per layer: [4460.21240234375, 23838.66015625, 50582.6953125, 11235.17578125, 26899.005859375, 14035.451171875]
alpha/beta optimization time: 3.0266034603118896
pruning_in_iteration open status: False
ratio of positive domain = 500 / 32558 = 0.015357208673751455
pruning-in-iteration extra time: 5.650520324707031e-05
Time: pickout 3.0623    branching_decision 0.0038    decision 0.0038    set_bounds 0.9198    prepare 1.6245    transfer 0.0006    finalize 2.8634    func 7.7287    solve 3.8752    add 0.0534    bab_iteration 5.8770    
Accumulated time: bab_iteration 12.1034    pickout 5.6969    decision 0.0091    branching_decision 0.0090    set_bounds 2.0637    solve 8.1977    func 15.9260    prepare 3.2140    transfer 0.0011    finalize 5.6371    add 0.1144    
max lb 0.3198610544204712 min lb -1.6797033548355103
Number of Verified Splits: 501 of 32558
Current worst splitting domains lb-rhs (depth):
-1.67964 (13), -1.67964 (13), -1.67964 (13), -1.67936 (13), -1.67924 (11), -1.67924 (11), -1.67919 (11), -1.67919 (13), -1.67916 (13), -1.67891 (13), -1.67888 (13), -1.67871 (13), -1.67859 (13), -1.67854 (13), -1.67846 (13), -1.67845 (13), -1.67845 (13), -1.67844 (13), -1.67815 (13), -1.67806 (13), 
Current (lb-rhs): -1.6796437501907349
65698 domains visited
Length of domains: 32057
Cumulative time: 24.22334361076355

BaB round 10
batch: 16384
splitting decisions: 
split level 0: [/45, 730] [/45, 918] [/input-8, 275] [/input-8, 850] [/input-20, 620] [/input-8, 1023] [/input-20, 39] [/input, 853] [/40, 225] [/input-8, 632] 
best_l after optimization: -25522.53515625
beta sum per layer: [4943.3095703125, 27025.361328125, 56637.95703125, 12780.369140625, 31474.0, 14951.1611328125]
alpha/beta optimization time: 3.044074058532715
pruning_in_iteration open status: False
ratio of positive domain = 545 / 32768 = 0.016632080078125
pruning-in-iteration extra time: 6.222724914550781e-05
Time: pickout 3.0255    branching_decision 0.0037    decision 0.0038    set_bounds 1.0167    prepare 1.6578    transfer 0.0001    finalize 2.9663    func 7.8747    solve 7.7288    add 0.3718    bab_iteration 12.0928    
Accumulated time: bab_iteration 24.1961    pickout 8.7224    decision 0.0129    branching_decision 0.0127    set_bounds 3.0804    solve 15.9265    func 23.8008    prepare 4.8718    transfer 0.0012    finalize 8.6034    add 0.4863    
max lb 0.42625999450683594 min lb -1.6794182062149048
Number of Verified Splits: 546 of 32768
Current worst splitting domains lb-rhs (depth):
-1.67964 (13), -1.67942 (14), -1.67939 (14), -1.67936 (13), -1.67924 (11), -1.67923 (12), -1.67919 (13), -1.67919 (12), -1.67916 (13), -1.67911 (14), -1.67884 (14), -1.67871 (13), -1.67859 (14), -1.67854 (14), -1.67845 (13), -1.67845 (13), -1.67838 (14), -1.67827 (14), -1.67815 (14), -1.67806 (13), 
Current (lb-rhs): -1.6796437501907349
98466 domains visited
Length of domains: 47895
Cumulative time: 36.2706093788147

BaB round 11
batch: 16384
splitting decisions: 
split level 0: [/input, 1146] [/input-8, 425] [/input, 1612] [/input, 822] [/input, 1208] [/45, 114] [/input-8, 741] [/input-20, 93] [/input-8, 330] [/input-8, 179] 
best_l after optimization: -25264.83203125
beta sum per layer: [5420.83740234375, 30263.84765625, 62068.5546875, 14461.578125, 35790.4921875, 15807.0859375]
alpha/beta optimization time: 3.044895648956299
pruning_in_iteration open status: False
ratio of positive domain = 550 / 32768 = 0.01678466796875
pruning-in-iteration extra time: 5.936622619628906e-05
Time: pickout 3.1676    branching_decision 0.0039    decision 0.0039    set_bounds 1.1116    prepare 1.6739    transfer 0.0001    finalize 2.6896    func 7.6128    solve 7.8748    add 0.1194    bab_iteration 12.0473    
Accumulated time: bab_iteration 36.2434    pickout 11.8900    decision 0.0168    branching_decision 0.0166    set_bounds 4.1921    solve 23.8013    func 31.4135    prepare 6.5457    transfer 0.0014    finalize 11.2929    add 0.6057    
max lb 0.25958847999572754 min lb -1.67923104763031
Number of Verified Splits: 550 of 32768
Current worst splitting domains lb-rhs (depth):
-1.67964 (13), -1.67939 (14), -1.67936 (13), -1.67924 (11), -1.67923 (13), -1.67919 (13), -1.67919 (12), -1.67916 (15), -1.67916 (13), -1.67914 (15), -1.67884 (15), -1.67884 (15), -1.67871 (13), -1.67859 (14), -1.67854 (15), -1.67854 (15), -1.67845 (13), -1.67845 (13), -1.67838 (14), -1.67827 (14), 
Current (lb-rhs): -1.6796437501907349
131234 domains visited
Length of domains: 63729
Cumulative time: 48.66619110107422

BaB round 12
batch: 16384
splitting decisions: 
split level 0: [/input-8, 486] [/40, 931] [/input-8, 713] [/40, 333] [/input, 891] [/40, 693] [/input-20, 126] [/input, 1360] [/input, 1345] [/input-8, 630] 
best_l after optimization: -25013.27734375
beta sum per layer: [5912.61328125, 33464.65234375, 67562.6875, 16268.8037109375, 40126.3515625, 16540.017578125]
alpha/beta optimization time: 3.0440495014190674
pruning_in_iteration open status: False
ratio of positive domain = 566 / 32768 = 0.01727294921875
pruning-in-iteration extra time: 5.888938903808594e-05
Time: pickout 2.8468    branching_decision 0.0039    decision 0.0040    set_bounds 1.1883    prepare 1.6932    transfer 0.0001    finalize 3.2004    func 8.1475    solve 7.6128    add 0.4910    bab_iteration 12.3956    
Accumulated time: bab_iteration 48.6390    pickout 14.7368    decision 0.0208    branching_decision 0.0206    set_bounds 5.3804    solve 31.4141    func 39.5610    prepare 8.2388    transfer 0.0015    finalize 14.4934    add 1.0967    
max lb 0.2832362651824951 min lb -1.6785374879837036
Number of Verified Splits: 567 of 32768
Current worst splitting domains lb-rhs (depth):
-1.67964 (13), -1.67939 (14), -1.67936 (13), -1.67924 (11), -1.67919 (13), -1.67919 (12), -1.67916 (15), -1.67916 (13), -1.67884 (15), -1.67871 (13), -1.67859 (14), -1.67854 (15), -1.67854 (16), -1.67845 (13), -1.67845 (13), -1.67838 (16), -1.67838 (14), -1.67832 (16), -1.67830 (16), -1.67827 (14), 
Current (lb-rhs): -1.6796437501907349
164002 domains visited
Length of domains: 79546
Time out!!!!!!!!
Result: unknown in 67.2673 seconds

 %%%%%%%%%%%%%%%%%%%%%%%%%%%%%%%%%%% idx: 3, vnnlib ID: 3 %%%%%%%%%%%%%%%%%%%%%%%%%%%%%%%%%%%
Finished vnnlib processing in 0.003074 seconds
Model: BoundedModule(
  (/input-1): BoundInput(name=/input-1, inputs=[], perturbed=True)
  (/shape): BoundBuffers(name=/shape, inputs=[], perturbed=False)
  (/18): BoundParams(name=/18, inputs=[], perturbed=False)
  (/19): BoundParams(name=/19, inputs=[], perturbed=False)
  (/20): BoundParams(name=/20, inputs=[], perturbed=False)
  (/21): BoundParams(name=/21, inputs=[], perturbed=False)
  (/22): BoundParams(name=/22, inputs=[], perturbed=False)
  (/23): BoundParams(name=/23, inputs=[], perturbed=False)
  (/24): BoundParams(name=/24, inputs=[], perturbed=False)
  (/25): BoundParams(name=/25, inputs=[], perturbed=False)
  (/26): BoundParams(name=/26, inputs=[], perturbed=False)
  (/27): BoundParams(name=/27, inputs=[], perturbed=False)
  (/28): BoundParams(name=/28, inputs=[], perturbed=False)
  (/29): BoundParams(name=/29, inputs=[], perturbed=False)
  (/30): BoundParams(name=/30, inputs=[], perturbed=False)
  (/31): BoundParams(name=/31, inputs=[], perturbed=False)
  (/32): BoundParams(name=/32, inputs=[], perturbed=False)
  (/33): BoundParams(name=/33, inputs=[], perturbed=False)
  (/input): BoundConv(name=/input, inputs=[/input-1, /18, /19], perturbed=True)
  (/input-4): BoundRelu(name=/input-4, inputs=[/input], perturbed=True)
  (/input-8): BoundConv(name=/input-8, inputs=[/input-4, /20, /21], perturbed=True)
  (/37): BoundConv(name=/37, inputs=[/input-4, /22, /23], perturbed=True)
  (/input-12): BoundRelu(name=/input-12, inputs=[/input-8], perturbed=True)
  (/39): BoundConv(name=/39, inputs=[/input-12, /24, /25], perturbed=True)
  (/40): BoundAdd(name=/40, inputs=[/39, /37], perturbed=True)
  (/input-16): BoundRelu(name=/input-16, inputs=[/40], perturbed=True)
  (/input-20): BoundConv(name=/input-20, inputs=[/input-16, /26, /27], perturbed=True)
  (/input-24): BoundRelu(name=/input-24, inputs=[/input-20], perturbed=True)
  (/44): BoundConv(name=/44, inputs=[/input-24, /28, /29], perturbed=True)
  (/45): BoundAdd(name=/45, inputs=[/44, /input-16], perturbed=True)
  (/46): BoundRelu(name=/46, inputs=[/45], perturbed=True)
  (/47): BoundSplit(name=/47, inputs=[/shape], perturbed=False)
  (/48): BoundSplit(name=/48, inputs=[/shape], perturbed=False)
  (/49): BoundConstant(name=/49, value=tensor([0], device='cuda:0'))
  (/50): BoundSqueeze(name=/50, inputs=[/47, /49], perturbed=False)
  (/51): BoundConstant(name=/51, value=tensor([0], device='cuda:0'))
  (/52): BoundSqueeze(name=/52, inputs=[/48, /51], perturbed=False)
  (/53): BoundConstant(name=/53, value=tensor([0], device='cuda:0'))
  (/54): BoundUnsqueeze(name=/54, inputs=[/50, /53], perturbed=False)
  (/55): BoundConstant(name=/55, value=tensor([0], device='cuda:0'))
  (/56): BoundUnsqueeze(name=/56, inputs=[/52, /55], perturbed=False)
  (/57): BoundConcat(name=/57, inputs=[/54, /56], perturbed=False)
  (/58): BoundReshape(name=/58, inputs=[/46, /57], perturbed=True)
  (/input-28): BoundLinear(name=/input-28, inputs=[/58, /30, /31], perturbed=True)
  (/60): BoundRelu(name=/60, inputs=[/input-28], perturbed=True)
  (/61): BoundLinear(name=/61, inputs=[/60, /32, /33], perturbed=True)
)
Original output in the first batch: tensor([[ 2.54190612, -2.87040710,  1.45196748,  0.25163090,  0.95170808,
          0.07792120, -1.20852244, -2.02169228,  3.13912177, -2.31372547]],
       device='cuda:0')
Split layers:
Nonlinear functions:
   BoundRelu(name=/input-4, inputs=[/input], perturbed=True)
   BoundRelu(name=/input-12, inputs=[/input-8], perturbed=True)
   BoundRelu(name=/input-16, inputs=[/40], perturbed=True)
   BoundRelu(name=/input-24, inputs=[/input-20], perturbed=True)
   BoundRelu(name=/46, inputs=[/45], perturbed=True)
   BoundRelu(name=/60, inputs=[/input-28], perturbed=True)
build batch [1/1]
layer /input-4 using sparse-features alpha with shape [362]; unstable size 362; total size 2048 ([1, 8, 16, 16])
layer /input-4 start_node /input-8 using sparse-spec alpha [2, 367, 1, 362] with unstable size 366 total_size 1024 output_shape (16, 8, 8)
layer /input-4 start_node /40 using sparse-spec alpha [2, 202, 1, 362] with unstable size 201 total_size 1024 output_shape (16, 8, 8)
layer /input-4 start_node /input-20 using sparse-spec alpha [2, 148, 1, 362] with unstable size 147 total_size 1024 output_shape (16, 8, 8)
layer /input-4 start_node /45 using sparse-spec alpha [2, 302, 1, 362] with unstable size 301 total_size 1024 output_shape (16, 8, 8)
layer /input-4 start_node /input-28 using sparse-spec alpha [2, 44, 1, 362] with unstable size 43 total_size 100 output_shape torch.Size([100])
layer /input-4 start_node /61 using full alpha [2, 9, 1, 362] with unstable size None total_size 9 output_shape 9
layer /input-12 using sparse-features alpha with shape [366]; unstable size 366; total size 1024 ([1, 16, 8, 8])
layer /input-12 start_node /40 using sparse-spec alpha [2, 202, 1, 366] with unstable size 201 total_size 1024 output_shape (16, 8, 8)
layer /input-12 start_node /input-20 using sparse-spec alpha [2, 148, 1, 366] with unstable size 147 total_size 1024 output_shape (16, 8, 8)
layer /input-12 start_node /45 using sparse-spec alpha [2, 302, 1, 366] with unstable size 301 total_size 1024 output_shape (16, 8, 8)
layer /input-12 start_node /input-28 using sparse-spec alpha [2, 44, 1, 366] with unstable size 43 total_size 100 output_shape torch.Size([100])
layer /input-12 start_node /61 using full alpha [2, 9, 1, 366] with unstable size None total_size 9 output_shape 9
layer /input-16 using sparse-features alpha with shape [201]; unstable size 201; total size 1024 ([1, 16, 8, 8])
layer /input-16 start_node /input-20 using sparse-spec alpha [2, 148, 1, 201] with unstable size 147 total_size 1024 output_shape (16, 8, 8)
layer /input-16 start_node /45 using sparse-spec alpha [2, 302, 1, 201] with unstable size 301 total_size 1024 output_shape (16, 8, 8)
layer /input-16 start_node /input-28 using sparse-spec alpha [2, 44, 1, 201] with unstable size 43 total_size 100 output_shape torch.Size([100])
layer /input-16 start_node /61 using full alpha [2, 9, 1, 201] with unstable size None total_size 9 output_shape 9
layer /input-24 using sparse-features alpha with shape [147]; unstable size 147; total size 1024 ([1, 16, 8, 8])
layer /input-24 start_node /45 using sparse-spec alpha [2, 302, 1, 147] with unstable size 301 total_size 1024 output_shape (16, 8, 8)
layer /input-24 start_node /input-28 using sparse-spec alpha [2, 44, 1, 147] with unstable size 43 total_size 100 output_shape torch.Size([100])
layer /input-24 start_node /61 using full alpha [2, 9, 1, 147] with unstable size None total_size 9 output_shape 9
layer /46 using sparse-features alpha with shape [301]; unstable size 301; total size 1024 ([1, 16, 8, 8])
layer /46 start_node /input-28 using sparse-spec alpha [2, 44, 1, 301] with unstable size 43 total_size 100 output_shape torch.Size([100])
layer /46 start_node /61 using full alpha [2, 9, 1, 301] with unstable size None total_size 9 output_shape 9
layer /60 using sparse-features alpha with shape [43]; unstable size 43; total size 100 ([1, 100])
layer /60 start_node /61 using full alpha [2, 9, 1, 43] with unstable size None total_size 9 output_shape 9
Optimizable variables initialized.
initial CROWN bounds (first 10 items): [3.508617877960205, -0.9335455894470215, 0.08599001169204712, -0.34474778175354004, 0.05049538612365723, 1.3246711492538452, 2.0108892917633057, -2.637434959411621, 3.209351062774658]
prune_after_crown optimization in use
  original spec size = torch.Size([1, 9])
  pruned spec size = torch.Size([1, 3])
Using alpha-CROWN to initialize bounds.
best_l after optimization: -2.953470468521118
alpha/beta optimization time: 5.189816951751709
initial alpha-crown bounds (first 10 items): [-0.5942392945289612, -0.044118642807006836, -2.315112590789795]
Global lower bound: -2.315112590789795
6 / 9 OR specs are verified.
Verified OR indices (first 10 items): [0, 2, 4, 5, 6, 8]
Verified OR lbs (first 10 items): [[inf], [inf], [inf], [inf], [inf], [inf]]
Unverified OR indices (first 10 items): [1, 3, 7]
Unverified OR lbs (first 10 items): [[-0.5942392945289612], [-0.044118642807006836], [-2.315112590789795]]
###### Verifying property Instance 3 ######
Batch size: 3
First 10 spec matrices
C: tensor([[[ 1.,  0., -1.,  0.,  0.,  0.,  0.,  0.,  0.,  0.]],

        [[ 1.,  0.,  0.,  0., -1.,  0.,  0.,  0.,  0.,  0.]],

        [[ 1.,  0.,  0.,  0.,  0.,  0.,  0.,  0., -1.,  0.]]], device='cuda:0')
RHS: tensor([[0.],
        [0.],
        [0.]], device='cuda:0')
OR spec sizes: tensor([1, 1, 1], device='cuda:0', dtype=torch.int32)
Remaining timeout: 54.35308218002319
Model prediction is: tensor([ 2.54190612, -2.87040710,  1.45196748,  0.25163090,  0.95170808,
         0.07792120, -1.20852244, -2.02169228,  3.13912177, -2.31372547],
       device='cuda:0')
Activation BaB batch 1/1 
build_with_refined_bounds batch [1/1]
Optimizable variables initialized.
all alpha initialized
directly get lb and ub from refined bounds
c shape: torch.Size([3, 1, 10])
lA shapes: [torch.Size([3, 1, 8, 16, 16]), torch.Size([3, 1, 16, 8, 8]), torch.Size([3, 1, 16, 8, 8]), torch.Size([3, 1, 16, 8, 8]), torch.Size([3, 1, 16, 8, 8]), torch.Size([3, 1, 100])]
(alpha-)CROWN with fixed intermediate bounds: tensor([[-0.59423929],
        [-0.04411864],
        [-2.31511259]], device='cuda:0') tensor([[inf],
        [inf],
        [inf]], device='cuda:0')
Intermediate layers: /input,/input-8,/40,/input-20,/45,/input-28
Keeping alphas for these layers: ['/61']
Node /input-4 input 0: size torch.Size([8, 16, 16]) unstable 362
Node /input-12 input 0: size torch.Size([16, 8, 8]) unstable 355
Node /input-16 input 0: size torch.Size([16, 8, 8]) unstable 189
Node /input-24 input 0: size torch.Size([16, 8, 8]) unstable 139
Node /46 input 0: size torch.Size([16, 8, 8]) unstable 276
Node /60 input 0: size torch.Size([100]) unstable 40
-----------------
# of unstable neurons: 1361
-----------------

BaB round 1
batch: 3
splitting decisions: 
split level 0: [/40, 173] [/45, 121] [/45, 269] 
split level 1: [/input-8, 156] [/40, 330] [/45, 547] 
split level 2: [/input-8, 342] [/input-20, 538] [/input-8, 715] 
split level 3: [/45, 237] [/input-8, 506] [/input-8, 55] 
split level 4: [/input-20, 681] [/input-28, 55] [/input, 1481] 
split level 5: [/input, 1235] [/input, 1478] [/input-8, 843] 
best_l after optimization: -180.15017700195312
beta sum per layer: [18.388416290283203, 14.46682357788086, 3.883181095123291, 5.648046493530273, 60.85852813720703, 0.0]
alpha/beta optimization time: 0.2430119514465332
pruning_in_iteration open status: True
ratio of positive domain = 64 / 192 = 0.33333333333333337
pruning-in-iteration extra time: 0.00733494758605957
Time: pickout 0.0019    branching_decision 0.0001    decision 0.0001    set_bounds 0.0143    prepare 0.0057    transfer 0.0000    finalize 0.0097    func 0.2650    
Accumulated time: bab_iteration 0.0000    pickout 0.0019    decision 0.0001    branching_decision 0.0001    set_bounds 0.0143    solve 0.0000    func 0.2650    prepare 0.0057    transfer 0.0000    finalize 0.0097    
max lb 9.999999747378752e-05 min lb -2.314894676208496
Number of Verified Splits: 64 of 192
Current worst splitting domains lb-rhs (depth):
-2.31489 (6), -2.31484 (6), -2.31483 (6), -2.31478 (6), -2.31442 (6), -2.31439 (6), -2.31430 (6), -2.31427 (6), -2.30060 (6), -2.30060 (6), -2.30059 (6), -2.30053 (6), -2.30020 (6), -2.30015 (6), -2.30015 (6), -2.30014 (6), -2.29058 (6), -2.29055 (6), -2.29055 (6), -2.29054 (6), 
Current (lb-rhs): -2.314894676208496
192 domains visited
Length of domains: 128
Cumulative time: 0.36332201957702637

BaB round 2
batch: 128
splitting decisions: 
split level 0: [/input, 1407] [/45, 675] [/45, 516] [/input, 1400] [/input, 1455] [/input-20, 199] [/40, 924] [/45, 996] [/input-20, 77] [/input-8, 934] 
best_l after optimization: -355.6058044433594
beta sum per layer: [29.048166275024414, 33.700706481933594, 13.170122146606445, 18.00806427001953, 172.7097930908203, 3.689535140991211]
alpha/beta optimization time: 0.21371197700500488
pruning_in_iteration open status: False
ratio of positive domain = 2 / 256 = 0.0078125
pruning-in-iteration extra time: 5.2928924560546875e-05
Time: pickout 0.0201    branching_decision 0.0001    decision 0.0001    set_bounds 0.0062    prepare 0.0118    transfer 0.0000    finalize 0.0198    func 0.2522    solve 0.2650    add 0.0013    bab_iteration 0.2828    
Accumulated time: bab_iteration 0.2828    pickout 0.0220    decision 0.0002    branching_decision 0.0002    set_bounds 0.0205    solve 0.2650    func 0.5172    prepare 0.0175    transfer 0.0001    finalize 0.0296    add 0.0013    
max lb 0.014508605003356934 min lb -2.3148233890533447
Number of Verified Splits: 2 of 256
Current worst splitting domains lb-rhs (depth):
-2.31482 (7), -2.31478 (7), -2.31476 (7), -2.31439 (7), -2.31435 (7), -2.31435 (7), -2.31430 (7), -2.31429 (7), -2.31425 (7), -2.31349 (7), -2.31347 (7), -2.31279 (7), -2.30698 (7), -2.30631 (7), -2.30039 (7), -2.30004 (7), -2.29991 (7), -2.29991 (7), -2.29984 (7), -2.29968 (7), 
Current (lb-rhs): -2.3148233890533447
448 domains visited
Length of domains: 254
Cumulative time: 0.6437277793884277

BaB round 3
batch: 254
splitting decisions: 
split level 0: [/45, 950] [/input, 1462] [/input-20, 547] [/input-8, 397] [/input, 945] [/45, 78] [/input, 944] [/45, 429] [/input, 1435] [/input, 1503] 
best_l after optimization: -705.1522216796875
beta sum per layer: [70.90233612060547, 80.95833587646484, 42.4129638671875, 45.81486511230469, 378.9847717285156, 10.4990816116333]
alpha/beta optimization time: 0.21557974815368652
pruning_in_iteration open status: False
ratio of positive domain = 0 / 508 = 0.0
pruning-in-iteration extra time: 6.866455078125e-05
Time: pickout 0.0371    branching_decision 0.0002    decision 0.0002    set_bounds 0.0113    prepare 0.0235    transfer 0.0001    finalize 0.0384    func 0.2863    solve 0.2522    add 0.0017    bab_iteration 0.2804    
Accumulated time: bab_iteration 0.5632    pickout 0.0591    decision 0.0004    branching_decision 0.0003    set_bounds 0.0318    solve 0.5173    func 0.8034    prepare 0.0410    transfer 0.0001    finalize 0.0679    add 0.0030    
max lb -0.18820786476135254 min lb -2.3148231506347656
Number of Verified Splits: 0 of 508
Current worst splitting domains lb-rhs (depth):
-2.31482 (8), -2.31478 (8), -2.31476 (8), -2.31437 (8), -2.31435 (8), -2.31426 (8), -2.31426 (8), -2.31425 (8), -2.31352 (8), -2.31345 (8), -2.31262 (8), -2.31260 (8), -2.31252 (8), -2.31221 (8), -2.31064 (8), -2.30703 (8), -2.30687 (8), -2.30465 (8), -2.30384 (8), -2.30357 (8), 
Current (lb-rhs): -2.3148231506347656
956 domains visited
Length of domains: 508
Cumulative time: 0.981163501739502

BaB round 4
batch: 508
splitting decisions: 
split level 0: [/45, 926] [/input-8, 437] [/40, 236] [/45, 118] [/40, 724] [/input, 1553] [/input, 1464] [/input-8, 559] [/input, 1492] [/input, 1569] 
best_l after optimization: -1395.2611083984375
beta sum per layer: [156.80685424804688, 202.19650268554688, 124.14852905273438, 123.81253051757812, 862.5408325195312, 35.72687911987305]
alpha/beta optimization time: 0.23803925514221191
pruning_in_iteration open status: False
ratio of positive domain = 0 / 1016 = 0.0
pruning-in-iteration extra time: 5.14984130859375e-05
Time: pickout 0.0736    branching_decision 0.0003    decision 0.0003    set_bounds 0.0217    prepare 0.0465    transfer 0.0000    finalize 0.0760    func 0.3722    solve 0.2863    add 0.0023    bab_iteration 0.3374    
Accumulated time: bab_iteration 0.9007    pickout 0.1327    decision 0.0007    branching_decision 0.0006    set_bounds 0.0535    solve 0.8035    func 1.1757    prepare 0.0875    transfer 0.0002    finalize 0.1439    add 0.0053    
max lb -0.0070809125900268555 min lb -2.314805507659912
Number of Verified Splits: 0 of 1016
Current worst splitting domains lb-rhs (depth):
-2.31481 (9), -2.31478 (9), -2.31435 (9), -2.31426 (9), -2.31425 (9), -2.31425 (9), -2.31415 (9), -2.31355 (9), -2.31346 (9), -2.31328 (9), -2.31272 (9), -2.31257 (9), -2.31254 (9), -2.31242 (9), -2.31213 (9), -2.31146 (9), -2.31098 (9), -2.31094 (9), -2.31061 (9), -2.31061 (9), 
Current (lb-rhs): -2.314805507659912
1972 domains visited
Length of domains: 1016
Cumulative time: 1.452709436416626

BaB round 5
batch: 1016
splitting decisions: 
split level 0: [/input, 1623] [/input-8, 874] [/input-8, 704] [/input-20, 86] [/input, 1342] [/input-8, 525] [/input-8, 762] [/45, 989] [/45, 784] [/input-8, 614] 
best_l after optimization: -2758.78369140625
beta sum per layer: [339.18603515625, 482.7086181640625, 358.1842956542969, 331.6977233886719, 1975.8792724609375, 102.91508483886719]
alpha/beta optimization time: 0.2298274040222168
pruning_in_iteration open status: False
ratio of positive domain = 8 / 2032 = 0.003937007874015741
pruning-in-iteration extra time: 5.316734313964844e-05
Time: pickout 0.1466    branching_decision 0.0005    decision 0.0005    set_bounds 0.0426    prepare 0.0941    transfer 0.0000    finalize 0.1526    func 0.4956    solve 0.3723    add 0.0034    bab_iteration 0.4715    
Accumulated time: bab_iteration 1.3722    pickout 0.2793    decision 0.0011    branching_decision 0.0011    set_bounds 0.0960    solve 1.1758    func 1.6713    prepare 0.1816    transfer 0.0002    finalize 0.2965    add 0.0087    
max lb 0.08959710597991943 min lb -2.3147788047790527
Number of Verified Splits: 8 of 2032
Current worst splitting domains lb-rhs (depth):
-2.31478 (10), -2.31434 (10), -2.31426 (10), -2.31425 (10), -2.31354 (10), -2.31344 (10), -2.31328 (10), -2.31323 (10), -2.31310 (10), -2.31250 (10), -2.31240 (10), -2.31233 (10), -2.31216 (10), -2.31203 (10), -2.31167 (10), -2.31115 (10), -2.31094 (10), -2.31087 (10), -2.31083 (10), -2.31081 (10), 
Current (lb-rhs): -2.3147785663604736
4004 domains visited
Length of domains: 2024
Cumulative time: 2.145946502685547

BaB round 6
batch: 2024
splitting decisions: 
split level 0: [/input-20, 867] [/input-20, 614] [/45, 60] [/40, 755] [/input, 1293] [/40, 695] [/input-20, 55] [/input-20, 593] [/input-8, 154] [/input-20, 580] 
best_l after optimization: -5449.2822265625
beta sum per layer: [750.5576171875, 1136.6627197265625, 965.5997924804688, 861.041259765625, 4498.818359375, 254.37808227539062]
alpha/beta optimization time: 0.31215643882751465
pruning_in_iteration open status: False
ratio of positive domain = 7 / 4048 = 0.0017292490118576698
pruning-in-iteration extra time: 5.6743621826171875e-05
Time: pickout 0.2956    branching_decision 0.0008    decision 0.0008    set_bounds 0.2206    prepare 0.1895    transfer 0.0001    finalize 0.3066    func 0.8396    solve 0.4957    add 0.0073    bab_iteration 0.6932    
Accumulated time: bab_iteration 2.0655    pickout 0.5749    decision 0.0020    branching_decision 0.0019    set_bounds 0.3166    solve 1.6715    func 2.5109    prepare 0.3711    transfer 0.0003    finalize 0.6031    add 0.0160    
max lb 0.1632673740386963 min lb -2.314610004425049
Number of Verified Splits: 7 of 4048
Current worst splitting domains lb-rhs (depth):
-2.31461 (11), -2.31426 (11), -2.31425 (11), -2.31422 (11), -2.31408 (11), -2.31346 (11), -2.31344 (11), -2.31328 (11), -2.31290 (11), -2.31270 (11), -2.31243 (11), -2.31238 (11), -2.31203 (11), -2.31199 (11), -2.31167 (11), -2.31140 (11), -2.31087 (11), -2.31068 (11), -2.31065 (11), -2.31062 (11), 
Current (lb-rhs): -2.314610004425049
8052 domains visited
Length of domains: 4041
Cumulative time: 3.515582323074341

BaB round 7
batch: 2048
splitting decisions: 
split level 0: [/40, 522] [/input-20, 416] [/input-8, 695] [/40, 125] [/input, 1561] [/input-20, 577] [/input-8, 396] [/45, 959] [/input-8, 878] [/input-8, 637] 
best_l after optimization: -5452.2958984375
beta sum per layer: [822.561279296875, 1273.264404296875, 1274.975830078125, 1098.657958984375, 5174.978515625, 327.41375732421875]
alpha/beta optimization time: 0.2815582752227783
pruning_in_iteration open status: False
ratio of positive domain = 19 / 4096 = 0.004638671875
pruning-in-iteration extra time: 5.316734313964844e-05
Time: pickout 0.3079    branching_decision 0.0006    decision 0.0007    set_bounds 0.0874    prepare 0.1919    transfer 0.0000    finalize 0.4593    func 0.9612    solve 0.8396    add 0.0120    bab_iteration 1.3696    
Accumulated time: bab_iteration 3.4351    pickout 0.8828    decision 0.0027    branching_decision 0.0025    set_bounds 0.4041    solve 2.5112    func 3.4722    prepare 0.5631    transfer 0.0003    finalize 1.0624    add 0.0280    
max lb 0.17268240451812744 min lb -2.314610004425049
Number of Verified Splits: 19 of 4096
Current worst splitting domains lb-rhs (depth):
-2.31461 (12), -2.31426 (11), -2.31422 (11), -2.31418 (12), -2.31408 (11), -2.31346 (12), -2.31344 (12), -2.31328 (12), -2.31290 (11), -2.31255 (12), -2.31243 (11), -2.31233 (12), -2.31199 (11), -2.31198 (12), -2.31195 (12), -2.31167 (11), -2.31140 (11), -2.31077 (12), -2.31072 (12), -2.31065 (12), 
Current (lb-rhs): -2.314610004425049
12148 domains visited
Length of domains: 6070
current_vram/total_varm: 2.6GB/47.7GB, batch_size increase to 4096
Cumulative time: 4.8898680210113525

BaB round 8
batch: 4096
splitting decisions: 
split level 0: [/input, 901] [/input, 1750] [/input-8, 149] [/40, 564] [/input-20, 780] [/input-8, 751] [/input-8, 10] [/input-20, 629] [/45, 929] [/40, 915] 
best_l after optimization: -10795.5546875
beta sum per layer: [1842.4769287109375, 2992.80029296875, 3191.70068359375, 2698.03466796875, 11716.123046875, 763.8726806640625]
alpha/beta optimization time: 0.697608470916748
pruning_in_iteration open status: False
ratio of positive domain = 52 / 8192 = 0.00634765625
pruning-in-iteration extra time: 5.412101745605469e-05
Time: pickout 0.6263    branching_decision 0.0011    decision 0.0011    set_bounds 0.1739    prepare 0.5597    transfer 0.0001    finalize 0.6258    func 1.9358    solve 0.9613    add 0.0157    bab_iteration 1.3743    
Accumulated time: bab_iteration 4.8094    pickout 1.5091    decision 0.0037    branching_decision 0.0035    set_bounds 0.5780    solve 3.4725    func 5.4080    prepare 1.1228    transfer 0.0004    finalize 1.6881    add 0.0437    
max lb 0.12548387050628662 min lb -2.3146097660064697
Number of Verified Splits: 52 of 8192
Current worst splitting domains lb-rhs (depth):
-2.31461 (13), -2.31426 (11), -2.31422 (11), -2.31413 (13), -2.31408 (11), -2.31346 (13), -2.31346 (13), -2.31344 (13), -2.31328 (13), -2.31290 (11), -2.31243 (11), -2.31239 (13), -2.31233 (13), -2.31199 (11), -2.31195 (13), -2.31180 (13), -2.31167 (11), -2.31140 (11), -2.31062 (11), -2.31061 (13), 
Current (lb-rhs): -2.3146097660064697
20340 domains visited
Length of domains: 10114
current_vram/total_varm: 5.2GB/47.7GB, batch_size increase to 8192
Cumulative time: 7.6571364402771

BaB round 9
batch: 8192
splitting decisions: 
split level 0: [/45, 757] [/input, 1183] [/input, 1483] [/input-28, 59] [/input-8, 1004] [/input-20, 126] [/45, 815] [/input-20, 578] [/45, 907] [/45, 629] 
best_l after optimization: -21414.23828125
beta sum per layer: [4186.330078125, 7039.1484375, 7759.5087890625, 6523.03515625, 26337.376953125, 1773.1590576171875]
alpha/beta optimization time: 1.455841064453125
pruning_in_iteration open status: False
ratio of positive domain = 73 / 16384 = 0.00445556640625
pruning-in-iteration extra time: 5.5789947509765625e-05
Time: pickout 1.4670    branching_decision 0.0021    decision 0.0021    set_bounds 0.5317    prepare 0.7905    transfer 0.0001    finalize 1.4742    func 3.8233    solve 1.9359    add 0.0282    bab_iteration 2.7673    
Accumulated time: bab_iteration 7.5766    pickout 2.9760    decision 0.0059    branching_decision 0.0057    set_bounds 1.1097    solve 5.4083    func 9.2313    prepare 1.9133    transfer 0.0005    finalize 3.1624    add 0.0719    
max lb 0.21341896057128906 min lb -2.314610004425049
Number of Verified Splits: 73 of 16384
Current worst splitting domains lb-rhs (depth):
-2.31461 (14), -2.31426 (11), -2.31422 (11), -2.31413 (14), -2.31408 (11), -2.31344 (14), -2.31294 (14), -2.31284 (14), -2.31282 (14), -2.31266 (12), -2.31243 (11), -2.31239 (14), -2.31233 (14), -2.31199 (11), -2.31195 (14), -2.31170 (14), -2.31168 (14), -2.31167 (11), -2.31148 (14), -2.31140 (11), 
Current (lb-rhs): -2.3146097660064697
36724 domains visited
Length of domains: 18233
current_vram/total_varm: 11.7GB/47.7GB, batch_size increase to 16384
Cumulative time: 13.539509296417236

BaB round 10
batch: 16384
splitting decisions: 
split level 0: [/input, 1452] [/input-8, 303] [/input, 1431] [/input-8, 747] [/input-20, 596] [/input, 1529] [/45, 956] [/input-8, 845] [/input, 1509] [/input-20, 585] 
best_l after optimization: -42331.46875
beta sum per layer: [9488.97265625, 16499.1328125, 18306.140625, 15532.642578125, 59224.41796875, 4260.662109375]
alpha/beta optimization time: 3.003054141998291
pruning_in_iteration open status: False
ratio of positive domain = 160 / 32768 = 0.0048828125
pruning-in-iteration extra time: 5.7220458984375e-05
Time: pickout 3.1966    branching_decision 0.0038    decision 0.0038    set_bounds 0.9561    prepare 1.6116    transfer 0.0003    finalize 2.8840    func 7.7067    solve 3.8234    add 0.0550    bab_iteration 5.8824    
Accumulated time: bab_iteration 13.4590    pickout 6.1727    decision 0.0097    branching_decision 0.0095    set_bounds 2.0658    solve 9.2317    func 16.9381    prepare 3.5249    transfer 0.0008    finalize 6.0464    add 0.1269    
max lb 0.23747992515563965 min lb -2.31459379196167
Number of Verified Splits: 160 of 32768
Current worst splitting domains lb-rhs (depth):
-2.31459 (15), -2.31455 (15), -2.31426 (11), -2.31422 (11), -2.31413 (15), -2.31413 (15), -2.31408 (11), -2.31344 (15), -2.31324 (15), -2.31287 (15), -2.31284 (15), -2.31251 (13), -2.31248 (15), -2.31243 (12), -2.31243 (12), -2.31240 (15), -2.31233 (15), -2.31233 (15), -2.31199 (11), -2.31185 (15), 
Current (lb-rhs): -2.31459379196167
69492 domains visited
Length of domains: 34457
Cumulative time: 25.516906261444092

BaB round 11
batch: 16384
splitting decisions: 
split level 0: [/input, 958] [/input-8, 147] [/input-8, 427] [/45, 624] [/45, 980] [/input, 1591] [/input, 1752] [/input, 1396] [/input-20, 627] [/input-8, 847] 
best_l after optimization: -41867.0546875
beta sum per layer: [10379.669921875, 18267.3828125, 21268.33984375, 18287.55078125, 66120.125, 4945.6611328125]
alpha/beta optimization time: 3.003005266189575
pruning_in_iteration open status: False
ratio of positive domain = 240 / 32768 = 0.00732421875
pruning-in-iteration extra time: 9.393692016601562e-05
Time: pickout 3.4740    branching_decision 0.0040    decision 0.0040    set_bounds 0.7105    prepare 1.9718    transfer 0.0001    finalize 2.6345    func 8.1883    solve 7.7068    add 0.1063    bab_iteration 11.9774    
Accumulated time: bab_iteration 25.4364    pickout 9.6467    decision 0.0137    branching_decision 0.0134    set_bounds 2.7763    solve 16.9385    func 25.1264    prepare 5.4967    transfer 0.0010    finalize 8.6809    add 0.2333    
max lb 0.18670260906219482 min lb -2.3138351440429688
Number of Verified Splits: 240 of 32768
Current worst splitting domains lb-rhs (depth):
-2.31455 (15), -2.31426 (11), -2.31422 (11), -2.31413 (15), -2.31408 (11), -2.31384 (16), -2.31344 (15), -2.31343 (16), -2.31321 (16), -2.31277 (16), -2.31277 (16), -2.31251 (13), -2.31248 (15), -2.31243 (12), -2.31240 (15), -2.31233 (15), -2.31233 (16), -2.31220 (16), -2.31199 (11), -2.31185 (16), 
Current (lb-rhs): -2.3145527839660645
102260 domains visited
Length of domains: 50601
Cumulative time: 37.993186712265015

BaB round 12
batch: 16384
splitting decisions: 
split level 0: [/45, 346] [/input, 1455] [/input-8, 731] [/input, 942] [/45, 31] [/input-20, 882] [/input, 1758] [/45, 807] [/40, 557] [/input-8, 980] 
best_l after optimization: -41486.6796875
beta sum per layer: [11220.802734375, 20124.369140625, 24581.787109375, 21005.677734375, 72882.125, 5732.474609375]
alpha/beta optimization time: 3.0053024291992188
pruning_in_iteration open status: False
ratio of positive domain = 241 / 32768 = 0.007354736328125
pruning-in-iteration extra time: 6.175041198730469e-05
Time: pickout 3.2764    branching_decision 0.0038    decision 0.0039    set_bounds 0.7157    prepare 1.6506    transfer 0.0001    finalize 3.0624    func 7.9383    solve 8.1884    add 0.0918    bab_iteration 12.4763    
Accumulated time: bab_iteration 37.9127    pickout 12.9231    decision 0.0176    branching_decision 0.0173    set_bounds 3.4920    solve 25.1269    func 33.0647    prepare 7.1473    transfer 0.0011    finalize 11.7433    add 0.3250    
max lb 0.358567476272583 min lb -2.3132057189941406
Number of Verified Splits: 241 of 32768
Current worst splitting domains lb-rhs (depth):
-2.31455 (15), -2.31426 (11), -2.31422 (11), -2.31413 (15), -2.31408 (11), -2.31384 (16), -2.31344 (15), -2.31343 (16), -2.31321 (17), -2.31277 (16), -2.31251 (13), -2.31248 (15), -2.31243 (12), -2.31240 (15), -2.31233 (15), -2.31231 (17), -2.31220 (17), -2.31199 (11), -2.31185 (16), -2.31167 (11), 
Current (lb-rhs): -2.3145527839660645
135028 domains visited
Length of domains: 66744
Cumulative time: 50.06955671310425

BaB round 13
batch: 16384
splitting decisions: 
split level 0: [/input-8, 18] [/40, 529] [/input-8, 692] [/40, 146] [/input, 1167] [/input, 1359] [/input-8, 730] [/45, 93] [/input-8, 999] [/input-8, 561] 
best_l after optimization: -41076.9140625
beta sum per layer: [12123.4873046875, 21869.51953125, 28031.052734375, 23878.3203125, 80262.734375, 6422.8125]
alpha/beta optimization time: 3.0051207542419434
pruning_in_iteration open status: False
ratio of positive domain = 322 / 32768 = 0.00982666015625
pruning-in-iteration extra time: 5.984306335449219e-05
Time: pickout 3.3987    branching_decision 0.0039    decision 0.0039    set_bounds 1.1889    prepare 1.6562    transfer 0.0001    finalize 2.6734    func 8.0662    solve 7.9384    add 0.1332    bab_iteration 12.0764    
Accumulated time: bab_iteration 49.9890    pickout 16.3218    decision 0.0215    branching_decision 0.0212    set_bounds 4.6809    solve 33.0652    func 41.1309    prepare 8.8035    transfer 0.0012    finalize 14.4167    add 0.4582    
max lb 0.2701683044433594 min lb -2.313201427459717
Number of Verified Splits: 322 of 32768
Current worst splitting domains lb-rhs (depth):
-2.31455 (15), -2.31426 (11), -2.31422 (11), -2.31413 (15), -2.31408 (11), -2.31384 (16), -2.31344 (15), -2.31343 (16), -2.31320 (18), -2.31277 (16), -2.31251 (13), -2.31248 (15), -2.31243 (12), -2.31240 (15), -2.31233 (15), -2.31231 (17), -2.31199 (11), -2.31185 (16), -2.31167 (11), -2.31163 (16), 
Current (lb-rhs): -2.3145527839660645
167796 domains visited
Length of domains: 82806
Time out!!!!!!!!
Result: unknown in 68.8859 seconds

 %%%%%%%%%%%%%%%%%%%%%%%%%%%%%%%%%%% idx: 4, vnnlib ID: 4 %%%%%%%%%%%%%%%%%%%%%%%%%%%%%%%%%%%
Finished vnnlib processing in 0.003161 seconds
Model: BoundedModule(
  (/input-1): BoundInput(name=/input-1, inputs=[], perturbed=True)
  (/shape): BoundBuffers(name=/shape, inputs=[], perturbed=False)
  (/18): BoundParams(name=/18, inputs=[], perturbed=False)
  (/19): BoundParams(name=/19, inputs=[], perturbed=False)
  (/20): BoundParams(name=/20, inputs=[], perturbed=False)
  (/21): BoundParams(name=/21, inputs=[], perturbed=False)
  (/22): BoundParams(name=/22, inputs=[], perturbed=False)
  (/23): BoundParams(name=/23, inputs=[], perturbed=False)
  (/24): BoundParams(name=/24, inputs=[], perturbed=False)
  (/25): BoundParams(name=/25, inputs=[], perturbed=False)
  (/26): BoundParams(name=/26, inputs=[], perturbed=False)
  (/27): BoundParams(name=/27, inputs=[], perturbed=False)
  (/28): BoundParams(name=/28, inputs=[], perturbed=False)
  (/29): BoundParams(name=/29, inputs=[], perturbed=False)
  (/30): BoundParams(name=/30, inputs=[], perturbed=False)
  (/31): BoundParams(name=/31, inputs=[], perturbed=False)
  (/32): BoundParams(name=/32, inputs=[], perturbed=False)
  (/33): BoundParams(name=/33, inputs=[], perturbed=False)
  (/input): BoundConv(name=/input, inputs=[/input-1, /18, /19], perturbed=True)
  (/input-4): BoundRelu(name=/input-4, inputs=[/input], perturbed=True)
  (/input-8): BoundConv(name=/input-8, inputs=[/input-4, /20, /21], perturbed=True)
  (/37): BoundConv(name=/37, inputs=[/input-4, /22, /23], perturbed=True)
  (/input-12): BoundRelu(name=/input-12, inputs=[/input-8], perturbed=True)
  (/39): BoundConv(name=/39, inputs=[/input-12, /24, /25], perturbed=True)
  (/40): BoundAdd(name=/40, inputs=[/39, /37], perturbed=True)
  (/input-16): BoundRelu(name=/input-16, inputs=[/40], perturbed=True)
  (/input-20): BoundConv(name=/input-20, inputs=[/input-16, /26, /27], perturbed=True)
  (/input-24): BoundRelu(name=/input-24, inputs=[/input-20], perturbed=True)
  (/44): BoundConv(name=/44, inputs=[/input-24, /28, /29], perturbed=True)
  (/45): BoundAdd(name=/45, inputs=[/44, /input-16], perturbed=True)
  (/46): BoundRelu(name=/46, inputs=[/45], perturbed=True)
  (/47): BoundSplit(name=/47, inputs=[/shape], perturbed=False)
  (/48): BoundSplit(name=/48, inputs=[/shape], perturbed=False)
  (/49): BoundConstant(name=/49, value=tensor([0], device='cuda:0'))
  (/50): BoundSqueeze(name=/50, inputs=[/47, /49], perturbed=False)
  (/51): BoundConstant(name=/51, value=tensor([0], device='cuda:0'))
  (/52): BoundSqueeze(name=/52, inputs=[/48, /51], perturbed=False)
  (/53): BoundConstant(name=/53, value=tensor([0], device='cuda:0'))
  (/54): BoundUnsqueeze(name=/54, inputs=[/50, /53], perturbed=False)
  (/55): BoundConstant(name=/55, value=tensor([0], device='cuda:0'))
  (/56): BoundUnsqueeze(name=/56, inputs=[/52, /55], perturbed=False)
  (/57): BoundConcat(name=/57, inputs=[/54, /56], perturbed=False)
  (/58): BoundReshape(name=/58, inputs=[/46, /57], perturbed=True)
  (/input-28): BoundLinear(name=/input-28, inputs=[/58, /30, /31], perturbed=True)
  (/60): BoundRelu(name=/60, inputs=[/input-28], perturbed=True)
  (/61): BoundLinear(name=/61, inputs=[/60, /32, /33], perturbed=True)
)
Original output in the first batch: tensor([[ 1.76583600, -3.89251709,  2.16676378,  0.82750559,  1.87872553,
          0.73827708,  0.14989424, -1.38728845,  0.74401230, -2.99125290]],
       device='cuda:0')
Split layers:
Nonlinear functions:
   BoundRelu(name=/input-4, inputs=[/input], perturbed=True)
   BoundRelu(name=/input-12, inputs=[/input-8], perturbed=True)
   BoundRelu(name=/input-16, inputs=[/40], perturbed=True)
   BoundRelu(name=/input-24, inputs=[/input-20], perturbed=True)
   BoundRelu(name=/46, inputs=[/45], perturbed=True)
   BoundRelu(name=/60, inputs=[/input-28], perturbed=True)
build batch [1/1]
layer /input-4 using sparse-features alpha with shape [385]; unstable size 385; total size 2048 ([1, 8, 16, 16])
layer /input-4 start_node /input-8 using sparse-spec alpha [2, 371, 1, 385] with unstable size 370 total_size 1024 output_shape (16, 8, 8)
layer /input-4 start_node /40 using sparse-spec alpha [2, 337, 1, 385] with unstable size 336 total_size 1024 output_shape (16, 8, 8)
layer /input-4 start_node /input-20 using sparse-spec alpha [2, 228, 1, 385] with unstable size 227 total_size 1024 output_shape (16, 8, 8)
layer /input-4 start_node /45 using sparse-spec alpha [2, 409, 1, 385] with unstable size 408 total_size 1024 output_shape (16, 8, 8)
layer /input-4 start_node /input-28 using sparse-spec alpha [2, 64, 1, 385] with unstable size 63 total_size 100 output_shape torch.Size([100])
layer /input-4 start_node /61 using full alpha [2, 9, 1, 385] with unstable size None total_size 9 output_shape 9
layer /input-12 using sparse-features alpha with shape [370]; unstable size 370; total size 1024 ([1, 16, 8, 8])
layer /input-12 start_node /40 using sparse-spec alpha [2, 337, 1, 370] with unstable size 336 total_size 1024 output_shape (16, 8, 8)
layer /input-12 start_node /input-20 using sparse-spec alpha [2, 228, 1, 370] with unstable size 227 total_size 1024 output_shape (16, 8, 8)
layer /input-12 start_node /45 using sparse-spec alpha [2, 409, 1, 370] with unstable size 408 total_size 1024 output_shape (16, 8, 8)
layer /input-12 start_node /input-28 using sparse-spec alpha [2, 64, 1, 370] with unstable size 63 total_size 100 output_shape torch.Size([100])
layer /input-12 start_node /61 using full alpha [2, 9, 1, 370] with unstable size None total_size 9 output_shape 9
layer /input-16 using sparse-features alpha with shape [336]; unstable size 336; total size 1024 ([1, 16, 8, 8])
layer /input-16 start_node /input-20 using sparse-spec alpha [2, 228, 1, 336] with unstable size 227 total_size 1024 output_shape (16, 8, 8)
layer /input-16 start_node /45 using sparse-spec alpha [2, 409, 1, 336] with unstable size 408 total_size 1024 output_shape (16, 8, 8)
layer /input-16 start_node /input-28 using sparse-spec alpha [2, 64, 1, 336] with unstable size 63 total_size 100 output_shape torch.Size([100])
layer /input-16 start_node /61 using full alpha [2, 9, 1, 336] with unstable size None total_size 9 output_shape 9
layer /input-24 using sparse-features alpha with shape [227]; unstable size 227; total size 1024 ([1, 16, 8, 8])
layer /input-24 start_node /45 using sparse-spec alpha [2, 409, 1, 227] with unstable size 408 total_size 1024 output_shape (16, 8, 8)
layer /input-24 start_node /input-28 using sparse-spec alpha [2, 64, 1, 227] with unstable size 63 total_size 100 output_shape torch.Size([100])
layer /input-24 start_node /61 using full alpha [2, 9, 1, 227] with unstable size None total_size 9 output_shape 9
layer /46 using sparse-features alpha with shape [408]; unstable size 408; total size 1024 ([1, 16, 8, 8])
layer /46 start_node /input-28 using sparse-spec alpha [2, 64, 1, 408] with unstable size 63 total_size 100 output_shape torch.Size([100])
layer /46 start_node /61 using full alpha [2, 9, 1, 408] with unstable size None total_size 9 output_shape 9
layer /60 using sparse-features alpha with shape [63]; unstable size 63; total size 100 ([1, 100])
layer /60 start_node /61 using full alpha [2, 9, 1, 63] with unstable size None total_size 9 output_shape 9
Optimizable variables initialized.
initial CROWN bounds (first 10 items): [-5.659152984619141, -0.10670429468154907, -5.266919136047363, -3.558192253112793, -4.709813594818115, -3.9065768718719482, -2.850665330886841, -4.998734474182129, -0.690984845161438]
prune_after_crown optimization in use
  original spec size = torch.Size([1, 9])
  pruned spec size = torch.Size([1, 9])
Using alpha-CROWN to initialize bounds.
best_l after optimization: -23.292638778686523
alpha/beta optimization time: 5.18023419380188
initial alpha-crown bounds (first 10 items): [-4.476418495178223, 0.9814870357513428, -4.496443748474121, -2.909119129180908, -3.9344100952148438, -3.1538279056549072, -1.8067867755889893, -3.8377552032470703, 0.34063541889190674]
Global lower bound: -4.496443748474121
2 / 9 OR specs are verified.
Verified OR indices (first 10 items): [1, 8]
Verified OR lbs (first 10 items): [[0.9814870357513428], [0.34063541889190674]]
Unverified OR indices (first 10 items): [0, 2, 3, 4, 5, 6, 7]
Unverified OR lbs (first 10 items): [[-4.476418495178223], [-4.496443748474121], [-2.909119129180908], [-3.9344100952148438], [-3.1538279056549072], [-1.8067867755889893], [-3.8377552032470703]]
###### Verifying property Instance 4 ######
Batch size: 7
First 10 spec matrices
C: tensor([[[-1.,  0.,  0.,  0.,  0.,  0.,  1.,  0.,  0.,  0.]],

        [[ 0.,  0., -1.,  0.,  0.,  0.,  1.,  0.,  0.,  0.]],

        [[ 0.,  0.,  0., -1.,  0.,  0.,  1.,  0.,  0.,  0.]],

        [[ 0.,  0.,  0.,  0., -1.,  0.,  1.,  0.,  0.,  0.]],

        [[ 0.,  0.,  0.,  0.,  0., -1.,  1.,  0.,  0.,  0.]],

        [[ 0.,  0.,  0.,  0.,  0.,  0.,  1., -1.,  0.,  0.]],

        [[ 0.,  0.,  0.,  0.,  0.,  0.,  1.,  0., -1.,  0.]]], device='cuda:0')
RHS: tensor([[0.],
        [0.],
        [0.],
        [0.],
        [0.],
        [0.],
        [0.]], device='cuda:0')
OR spec sizes: tensor([1, 1, 1, 1, 1, 1, 1], device='cuda:0', dtype=torch.int32)
Remaining timeout: 54.34857773780823
Model prediction is: tensor([ 1.76583600, -3.89251709,  2.16676378,  0.82750559,  1.87872553,
         0.73827708,  0.14989424, -1.38728845,  0.74401230, -2.99125290],
       device='cuda:0')
Activation BaB batch 1/1 
build_with_refined_bounds batch [1/1]
Optimizable variables initialized.
all alpha initialized
directly get lb and ub from refined bounds
c shape: torch.Size([7, 1, 10])
lA shapes: [torch.Size([7, 1, 8, 16, 16]), torch.Size([7, 1, 16, 8, 8]), torch.Size([7, 1, 16, 8, 8]), torch.Size([7, 1, 16, 8, 8]), torch.Size([7, 1, 16, 8, 8]), torch.Size([7, 1, 100])]
(alpha-)CROWN with fixed intermediate bounds: tensor([[-4.47641850],
        [-4.49644375],
        [-2.90911913],
        [-3.93441010],
        [-3.15382791],
        [-1.80678678],
        [-3.83775520]], device='cuda:0') tensor([[inf],
        [inf],
        [inf],
        [inf],
        [inf],
        [inf],
        [inf]], device='cuda:0')
Intermediate layers: /input,/input-8,/40,/input-20,/45,/input-28
Keeping alphas for these layers: ['/61']
Node /input-4 input 0: size torch.Size([8, 16, 16]) unstable 385
Node /input-12 input 0: size torch.Size([16, 8, 8]) unstable 364
Node /input-16 input 0: size torch.Size([16, 8, 8]) unstable 322
Node /input-24 input 0: size torch.Size([16, 8, 8]) unstable 201
Node /46 input 0: size torch.Size([16, 8, 8]) unstable 343
Node /60 input 0: size torch.Size([100]) unstable 53
-----------------
# of unstable neurons: 1668
-----------------

BaB round 1
batch: 7
splitting decisions: 
split level 0: [/input, 1393] [/input-8, 28] [/input, 1788] [/input-20, 845] [/input-8, 435] [/40, 810] [/input-8, 677] 
split level 1: [/45, 452] [/input-28, 13] [/input, 838] [/input-20, 853] [/input-8, 365] [/input-8, 700] [/45, 627] 
split level 2: [/40, 185] [/40, 780] [/input-20, 296] [/input-8, 341] [/input, 846] [/input-20, 523] [/input-20, 323] 
split level 3: [/input, 1314] [/input-28, 33] [/input-8, 156] [/input-8, 34] [/40, 652] [/input-20, 194] [/45, 1012] 
best_l after optimization: -384.0208740234375
beta sum per layer: [2.6103320121765137, 12.349167823791504, 10.367046356201172, 22.65814971923828, 13.918523788452148, 8.477240562438965]
alpha/beta optimization time: 0.2280738353729248
pruning_in_iteration open status: False
ratio of positive domain = 0 / 112 = 0.0
pruning-in-iteration extra time: 7.05718994140625e-05
Time: pickout 0.0022    branching_decision 0.0001    decision 0.0001    set_bounds 0.0064    prepare 0.0028    transfer 0.0000    finalize 0.0077    func 0.2444    
Accumulated time: bab_iteration 0.0000    pickout 0.0022    decision 0.0001    branching_decision 0.0001    set_bounds 0.0064    solve 0.0000    func 0.2444    prepare 0.0028    transfer 0.0000    finalize 0.0077    
max lb -1.701524257659912 min lb -4.4763617515563965
Number of Verified Splits: 0 of 112
Current worst splitting domains lb-rhs (depth):
-4.47636 (4), -4.47458 (4), -4.47435 (4), -4.47267 (4), -4.44404 (4), -4.44222 (4), -4.44207 (4), -4.44028 (4), -4.42603 (4), -4.42424 (4), -4.42403 (4), -4.42236 (4), -4.39370 (4), -4.39191 (4), -4.39174 (4), -4.38996 (4), -4.36919 (4), -4.36919 (4), -4.35280 (4), -4.35280 (4), 
Current (lb-rhs): -4.4763617515563965
112 domains visited
Length of domains: 112
Cumulative time: 0.33628058433532715

BaB round 2
batch: 112
splitting decisions: 
split level 0: [/40, 822] [/input, 968] [/input-8, 458] [/input-28, 4] [/input, 1146] [/45, 625] [/input, 967] [/input-8, 731] [/input, 1656] [/45, 61] 
best_l after optimization: -760.6124267578125
beta sum per layer: [7.550821304321289, 29.7878475189209, 27.849899291992188, 73.86666107177734, 45.5301513671875, 25.786884307861328]
alpha/beta optimization time: 0.2175443172454834
pruning_in_iteration open status: False
ratio of positive domain = 0 / 224 = 0.0
pruning-in-iteration extra time: 7.62939453125e-05
Time: pickout 0.0168    branching_decision 0.0001    decision 0.0001    set_bounds 0.0049    prepare 0.0098    transfer 0.0000    finalize 0.0154    func 0.2493    solve 0.2445    add 0.0013    bab_iteration 0.2546    
Accumulated time: bab_iteration 0.2546    pickout 0.0191    decision 0.0002    branching_decision 0.0002    set_bounds 0.0113    solve 0.2445    func 0.4938    prepare 0.0127    transfer 0.0001    finalize 0.0231    add 0.0013    
max lb -0.9918287992477417 min lb -4.476249694824219
Number of Verified Splits: 0 of 224
Current worst splitting domains lb-rhs (depth):
-4.47625 (5), -4.47508 (5), -4.47423 (5), -4.47422 (5), -4.47414 (5), -4.47239 (5), -4.47234 (5), -4.43893 (5), -4.43743 (5), -4.43699 (5), -4.43522 (5), -4.43372 (5), -4.42340 (5), -4.42287 (5), -4.42284 (5), -4.42168 (5), -4.42063 (5), -4.41225 (5), -4.41100 (5), -4.40923 (5), 
Current (lb-rhs): -4.476249694824219
336 domains visited
Length of domains: 224
Cumulative time: 0.6094164848327637

BaB round 3
batch: 224
splitting decisions: 
split level 0: [/40, 244] [/45, 114] [/input-8, 43] [/40, 326] [/40, 682] [/45, 650] [/40, 427] [/input-8, 393] [/input-28, 53] [/40, 542] 
best_l after optimization: -1508.8592529296875
beta sum per layer: [15.340880393981934, 74.30924224853516, 82.2656021118164, 206.10116577148438, 127.51771545410156, 64.57771301269531]
alpha/beta optimization time: 0.22192025184631348
pruning_in_iteration open status: False
ratio of positive domain = 0 / 448 = 0.0
pruning-in-iteration extra time: 7.486343383789062e-05
Time: pickout 0.0310    branching_decision 0.0002    decision 0.0002    set_bounds 0.0088    prepare 0.0194    transfer 0.0000    finalize 0.0312    func 0.2825    solve 0.2494    add 0.0017    bab_iteration 0.2731    
Accumulated time: bab_iteration 0.5278    pickout 0.0501    decision 0.0004    branching_decision 0.0003    set_bounds 0.0201    solve 0.4939    func 0.7762    prepare 0.0321    transfer 0.0001    finalize 0.0543    add 0.0030    
max lb -0.8478031158447266 min lb -4.4762420654296875
Number of Verified Splits: 0 of 448
Current worst splitting domains lb-rhs (depth):
-4.47624 (6), -4.47507 (6), -4.47411 (6), -4.47409 (6), -4.47401 (6), -4.47394 (6), -4.47203 (6), -4.47202 (6), -4.47177 (6), -4.45870 (6), -4.44865 (6), -4.43670 (6), -4.43528 (6), -4.43439 (6), -4.43277 (6), -4.43234 (6), -4.43060 (6), -4.43025 (6), -4.42294 (6), -4.42292 (6), 
Current (lb-rhs): -4.4762420654296875
784 domains visited
Length of domains: 448
Cumulative time: 0.9343905448913574

BaB round 4
batch: 448
splitting decisions: 
split level 0: [/input-28, 10] [/input-20, 84] [/45, 725] [/input-8, 698] [/input-8, 759] [/input-20, 845] [/input, 1501] [/40, 106] [/input, 1393] [/input-8, 36] 
best_l after optimization: -2992.7470703125
beta sum per layer: [42.11614227294922, 184.40896606445312, 228.04238891601562, 528.7122802734375, 352.2321472167969, 161.19888305664062]
alpha/beta optimization time: 0.2189464569091797
pruning_in_iteration open status: False
ratio of positive domain = 0 / 896 = 0.0
pruning-in-iteration extra time: 6.222724914550781e-05
Time: pickout 0.0610    branching_decision 0.0003    decision 0.0003    set_bounds 0.0176    prepare 0.0395    transfer 0.0000    finalize 0.0642    func 0.3345    solve 0.2825    add 0.0023    bab_iteration 0.3250    
Accumulated time: bab_iteration 0.8527    pickout 0.1111    decision 0.0006    branching_decision 0.0006    set_bounds 0.0376    solve 0.7764    func 1.1108    prepare 0.0716    transfer 0.0002    finalize 0.1184    add 0.0053    
max lb -0.3400092124938965 min lb -4.4762420654296875
Number of Verified Splits: 0 of 896
Current worst splitting domains lb-rhs (depth):
-4.47624 (7), -4.47620 (7), -4.47446 (7), -4.47411 (7), -4.47390 (7), -4.47388 (7), -4.47387 (7), -4.47202 (7), -4.47187 (7), -4.46882 (7), -4.46811 (7), -4.46714 (7), -4.46690 (7), -4.46600 (7), -4.46446 (7), -4.45835 (7), -4.44847 (7), -4.44671 (7), -4.44168 (7), -4.43351 (7), 
Current (lb-rhs): -4.4762420654296875
1680 domains visited
Length of domains: 896
Cumulative time: 1.3516929149627686

BaB round 5
batch: 896
splitting decisions: 
split level 0: [/40, 648] [/input-8, 687] [/40, 546] [/45, 3] [/input-8, 319] [/input-8, 443] [/45, 589] [/input, 907] [/45, 674] [/45, 452] 
best_l after optimization: -5929.9814453125
beta sum per layer: [99.12120819091797, 454.61407470703125, 601.2223510742188, 1297.315185546875, 949.2845458984375, 398.2896728515625]
alpha/beta optimization time: 0.2190403938293457
pruning_in_iteration open status: False
ratio of positive domain = 0 / 1792 = 0.0
pruning-in-iteration extra time: 5.4836273193359375e-05
Time: pickout 0.1233    branching_decision 0.0005    decision 0.0005    set_bounds 0.0355    prepare 0.0811    transfer 0.0000    finalize 0.1319    func 0.4505    solve 0.3346    add 0.0035    bab_iteration 0.4173    
Accumulated time: bab_iteration 1.2700    pickout 0.2344    decision 0.0011    branching_decision 0.0010    set_bounds 0.0731    solve 1.1110    func 1.5613    prepare 0.1527    transfer 0.0002    finalize 0.2503    add 0.0088    
max lb -0.16994285583496094 min lb -4.476286888122559
Number of Verified Splits: 0 of 1792
Current worst splitting domains lb-rhs (depth):
-4.47624 (8), -4.47624 (8), -4.47619 (8), -4.47446 (8), -4.47387 (8), -4.47377 (8), -4.47370 (8), -4.47367 (8), -4.47337 (8), -4.47202 (8), -4.47187 (8), -4.46871 (8), -4.46700 (8), -4.46669 (8), -4.46669 (8), -4.46569 (8), -4.46565 (8), -4.46555 (8), -4.46434 (8), -4.46412 (8), 
Current (lb-rhs): -4.4762420654296875
3472 domains visited
Length of domains: 1792
Cumulative time: 1.9689664840698242

BaB round 6
batch: 1792
splitting decisions: 
split level 0: [/input-8, 233] [/45, 664] [/45, 292] [/input, 1476] [/40, 948] [/input-20, 106] [/input, 1651] [/input-8, 713] [/input-20, 23] [/input-28, 73] 
best_l after optimization: -11748.970703125
beta sum per layer: [247.0916748046875, 1104.9189453125, 1517.2276611328125, 3122.453369140625, 2489.244140625, 958.565673828125]
alpha/beta optimization time: 0.262603759765625
pruning_in_iteration open status: False
ratio of positive domain = 0 / 3584 = 0.0
pruning-in-iteration extra time: 7.724761962890625e-05
Time: pickout 0.2520    branching_decision 0.0008    decision 0.0008    set_bounds 0.0719    prepare 0.1651    transfer 0.0001    finalize 0.4048    func 0.8598    solve 0.4506    add 0.0069    bab_iteration 0.6173    
Accumulated time: bab_iteration 1.8873    pickout 0.4864    decision 0.0020    branching_decision 0.0019    set_bounds 0.1450    solve 1.5615    func 2.4211    prepare 0.3178    transfer 0.0003    finalize 0.6551    add 0.0157    
max lb -0.05807352066040039 min lb -4.476194858551025
Number of Verified Splits: 0 of 3584
Current worst splitting domains lb-rhs (depth):
-4.47619 (9), -4.47603 (9), -4.47589 (9), -4.47561 (9), -4.47446 (9), -4.47374 (9), -4.47358 (9), -4.47337 (9), -4.47275 (9), -4.47175 (9), -4.47173 (9), -4.47056 (9), -4.47021 (9), -4.46928 (9), -4.46727 (9), -4.46673 (9), -4.46642 (9), -4.46609 (9), -4.46587 (9), -4.46582 (9), 
Current (lb-rhs): -4.476194858551025
7056 domains visited
Length of domains: 3584
Cumulative time: 3.1664648056030273

BaB round 7
batch: 2048
splitting decisions: 
split level 0: [/input, 1520] [/40, 812] [/input-8, 690] [/45, 90] [/input-8, 29] [/input-8, 370] [/input-20, 325] [/input, 1501] [/45, 52] [/input-8, 365] 
best_l after optimization: -13313.091796875
beta sum per layer: [303.45306396484375, 1488.1473388671875, 2101.21142578125, 4258.60546875, 3495.44287109375, 1260.816162109375]
alpha/beta optimization time: 0.29055166244506836
pruning_in_iteration open status: False
ratio of positive domain = 2 / 4096 = 0.00048828125
pruning-in-iteration extra time: 5.412101745605469e-05
Time: pickout 0.2986    branching_decision 0.0006    decision 0.0007    set_bounds 0.0837    prepare 0.1938    transfer 0.0001    finalize 0.3145    func 0.8282    solve 0.8598    add 0.0120    bab_iteration 1.1975    
Accumulated time: bab_iteration 3.0848    pickout 0.7850    decision 0.0026    branching_decision 0.0025    set_bounds 0.2287    solve 2.4214    func 3.2493    prepare 0.5116    transfer 0.0003    finalize 0.9697    add 0.0278    
max lb 0.02120208740234375 min lb -4.476195335388184
Number of Verified Splits: 2 of 4096
Current worst splitting domains lb-rhs (depth):
-4.47619 (10), -4.47603 (9), -4.47589 (10), -4.47561 (10), -4.47560 (10), -4.47550 (10), -4.47408 (10), -4.47358 (10), -4.47331 (10), -4.47324 (10), -4.47289 (10), -4.47275 (9), -4.47175 (10), -4.47170 (10), -4.47153 (10), -4.47086 (10), -4.47056 (9), -4.47029 (10), -4.47021 (9), -4.46928 (9), 
Current (lb-rhs): -4.476194858551025
11152 domains visited
Length of domains: 5630
current_vram/total_varm: 2.9GB/47.7GB, batch_size increase to 4096
Cumulative time: 4.394777774810791

BaB round 8
batch: 4096
splitting decisions: 
split level 0: [/40, 367] [/input, 1586] [/input-20, 573] [/40, 816] [/40, 189] [/input-8, 1010] [/45, 31] [/45, 306] [/45, 941] [/input-8, 668] 
best_l after optimization: -26371.830078125
beta sum per layer: [754.4692993164062, 3576.80859375, 5161.587890625, 9817.7900390625, 8598.6240234375, 2883.65087890625]
alpha/beta optimization time: 0.6953432559967041
pruning_in_iteration open status: False
ratio of positive domain = 10 / 8192 = 0.001220703125
pruning-in-iteration extra time: 5.698204040527344e-05
Time: pickout 0.7693    branching_decision 0.0011    decision 0.0011    set_bounds 0.1690    prepare 0.3896    transfer 0.0001    finalize 0.8063    func 1.9450    solve 0.8282    add 0.0160    bab_iteration 1.2283    
Accumulated time: bab_iteration 4.3131    pickout 1.5543    decision 0.0037    branching_decision 0.0036    set_bounds 0.3977    solve 3.2496    func 5.1943    prepare 0.9012    transfer 0.0004    finalize 1.7760    add 0.0438    
max lb 0.19864106178283691 min lb -4.475892543792725
Number of Verified Splits: 10 of 8192
Current worst splitting domains lb-rhs (depth):
-4.47603 (9), -4.47589 (11), -4.47561 (11), -4.47560 (11), -4.47550 (11), -4.47433 (11), -4.47408 (11), -4.47408 (11), -4.47365 (11), -4.47358 (11), -4.47290 (11), -4.47279 (11), -4.47275 (9), -4.47272 (11), -4.47271 (11), -4.47261 (11), -4.47175 (11), -4.47170 (11), -4.47153 (11), -4.47153 (11), 
Current (lb-rhs): -4.476033687591553
19344 domains visited
Length of domains: 9716
current_vram/total_varm: 6.1GB/47.7GB, batch_size increase to 8192
Cumulative time: 7.314165830612183

BaB round 9
batch: 8192
splitting decisions: 
split level 0: [/input, 1196] [/input, 1652] [/input, 988] [/input-8, 148] [/input-20, 93] [/40, 806] [/45, 299] [/45, 24] [/45, 24] [/40, 340] 
best_l after optimization: -52251.8359375
beta sum per layer: [1842.8140869140625, 8556.251953125, 12393.9140625, 22336.95703125, 20694.791015625, 6473.4443359375]
alpha/beta optimization time: 1.4914133548736572
pruning_in_iteration open status: False
ratio of positive domain = 35 / 16384 = 0.00213623046875
pruning-in-iteration extra time: 8.511543273925781e-05
Time: pickout 1.4456    branching_decision 0.0021    decision 0.0021    set_bounds 0.3418    prepare 0.7968    transfer 0.0001    finalize 1.3095    func 3.9025    solve 1.9451    add 0.0331    bab_iteration 2.9194    
Accumulated time: bab_iteration 7.2325    pickout 2.9999    decision 0.0059    branching_decision 0.0057    set_bounds 0.7395    solve 5.1947    func 9.0968    prepare 1.6980    transfer 0.0005    finalize 3.0855    add 0.0769    
max lb 0.36470532417297363 min lb -4.475953102111816
Number of Verified Splits: 35 of 16384
Current worst splitting domains lb-rhs (depth):
-4.47603 (9), -4.47589 (12), -4.47589 (12), -4.47561 (12), -4.47560 (12), -4.47550 (12), -4.47550 (12), -4.47408 (12), -4.47389 (12), -4.47357 (12), -4.47354 (12), -4.47291 (12), -4.47281 (12), -4.47277 (12), -4.47275 (9), -4.47272 (12), -4.47271 (12), -4.47247 (12), -4.47240 (12), -4.47238 (12), 
Current (lb-rhs): -4.476033687591553
35728 domains visited
Length of domains: 17873
current_vram/total_varm: 12.8GB/47.7GB, batch_size increase to 16384
Cumulative time: 13.272797346115112

BaB round 10
batch: 16384
splitting decisions: 
split level 0: [/input, 1443] [/40, 157] [/45, 788] [/45, 625] [/input-20, 858] [/40, 806] [/input-28, 23] [/45, 57] [/40, 541] [/input-20, 581] 
best_l after optimization: -103552.1875
beta sum per layer: [4440.5888671875, 20265.1328125, 29240.076171875, 50225.0078125, 49122.48828125, 14357.236328125]
alpha/beta optimization time: 3.0821659564971924
pruning_in_iteration open status: False
ratio of positive domain = 75 / 32768 = 0.002288818359375
pruning-in-iteration extra time: 5.650520324707031e-05
Time: pickout 2.8963    branching_decision 0.0038    decision 0.0038    set_bounds 0.9252    prepare 1.6282    transfer 0.0003    finalize 3.1888    func 8.1076    solve 3.9026    add 0.2635    bab_iteration 5.9586    
Accumulated time: bab_iteration 13.1911    pickout 5.8962    decision 0.0097    branching_decision 0.0095    set_bounds 1.6647    solve 9.0972    func 17.2044    prepare 3.3261    transfer 0.0008    finalize 6.2743    add 0.3404    
max lb 0.28365373611450195 min lb -4.475948333740234
Number of Verified Splits: 75 of 32768
Current worst splitting domains lb-rhs (depth):
-4.47603 (9), -4.47589 (13), -4.47589 (13), -4.47561 (13), -4.47561 (13), -4.47560 (13), -4.47550 (13), -4.47540 (13), -4.47539 (13), -4.47449 (13), -4.47407 (13), -4.47357 (13), -4.47357 (13), -4.47328 (13), -4.47299 (13), -4.47277 (13), -4.47275 (9), -4.47274 (13), -4.47271 (13), -4.47266 (13), 
Current (lb-rhs): -4.476033687591553
68496 domains visited
Length of domains: 34182
Cumulative time: 25.321629524230957

BaB round 11
batch: 16384
splitting decisions: 
split level 0: [/45, 939] [/45, 981] [/input, 1094] [/45, 226] [/45, 674] [/input-20, 611] [/input-8, 722] [/input, 1477] [/40, 351] [/45, 331] 
best_l after optimization: -102669.25
beta sum per layer: [5062.35205078125, 23335.99609375, 33805.796875, 56372.9765625, 56798.8125, 15755.3134765625]
alpha/beta optimization time: 3.082423448562622
pruning_in_iteration open status: False
ratio of positive domain = 60 / 32768 = 0.0018310546875
pruning-in-iteration extra time: 5.7697296142578125e-05
Time: pickout 3.0486    branching_decision 0.0039    decision 0.0039    set_bounds 1.0193    prepare 1.6491    transfer 0.0001    finalize 3.0103    func 7.9460    solve 8.1076    add 0.1092    bab_iteration 12.0488    
Accumulated time: bab_iteration 25.2399    pickout 8.9448    decision 0.0136    branching_decision 0.0134    set_bounds 2.6841    solve 17.2049    func 25.1504    prepare 4.9753    transfer 0.0009    finalize 9.2845    add 0.4496    
max lb 0.21394634246826172 min lb -4.4758453369140625
Number of Verified Splits: 60 of 32768
Current worst splitting domains lb-rhs (depth):
-4.47603 (9), -4.47585 (14), -4.47561 (13), -4.47540 (13), -4.47539 (13), -4.47536 (14), -4.47536 (14), -4.47449 (13), -4.47428 (14), -4.47406 (14), -4.47357 (13), -4.47275 (9), -4.47274 (14), -4.47274 (13), -4.47271 (13), -4.47268 (14), -4.47264 (14), -4.47260 (14), -4.47243 (14), -4.47240 (14), 
Current (lb-rhs): -4.476033687591553
101264 domains visited
Length of domains: 50506
Cumulative time: 37.44750452041626

BaB round 12
batch: 16384
splitting decisions: 
split level 0: [/input-8, 698] [/45, 126] [/input-8, 755] [/input, 1178] [/input-8, 9] [/40, 154] [/45, 748] [/input-8, 713] [/40, 124] [/input, 1704] 
best_l after optimization: -101711.6953125
beta sum per layer: [5731.3515625, 26561.28515625, 38706.11328125, 62954.3125, 64858.265625, 17307.193359375]
alpha/beta optimization time: 3.080678701400757
pruning_in_iteration open status: False
ratio of positive domain = 57 / 32768 = 0.001739501953125
pruning-in-iteration extra time: 5.91278076171875e-05
Time: pickout 3.1898    branching_decision 0.3956    decision 0.3956    set_bounds 0.7073    prepare 1.6697    transfer 0.0001    finalize 3.1770    func 8.1360    solve 7.9461    add 0.1006    bab_iteration 12.1259    
Accumulated time: bab_iteration 37.3658    pickout 12.1346    decision 0.4093    branching_decision 0.4090    set_bounds 3.3913    solve 25.1509    func 33.2864    prepare 6.6450    transfer 0.0011    finalize 12.4615    add 0.5502    
max lb 0.29013538360595703 min lb -4.475794792175293
Number of Verified Splits: 57 of 32768
Current worst splitting domains lb-rhs (depth):
-4.47603 (9), -4.47579 (15), -4.47577 (15), -4.47561 (13), -4.47540 (13), -4.47539 (13), -4.47536 (14), -4.47535 (15), -4.47449 (13), -4.47428 (15), -4.47399 (15), -4.47391 (15), -4.47357 (13), -4.47275 (9), -4.47274 (13), -4.47271 (13), -4.47268 (15), -4.47264 (15), -4.47260 (14), -4.47260 (15), 
Current (lb-rhs): -4.476033687591553
134032 domains visited
Length of domains: 66833
Cumulative time: 50.02824902534485

BaB round 13
batch: 16384
splitting decisions: 
split level 0: [/40, 908] [/40, 357] [/input, 1707] [/45, 682] [/input-8, 1005] [/input-20, 383] [/input, 1425] [/input-8, 545] [/40, 533] [/40, 328] 
best_l after optimization: -100655.75
beta sum per layer: [6526.3916015625, 30101.07421875, 44156.296875, 70165.75, 73510.171875, 18879.728515625]
alpha/beta optimization time: 3.081998825073242
pruning_in_iteration open status: False
ratio of positive domain = 63 / 32768 = 0.001922607421875
pruning-in-iteration extra time: 5.7697296142578125e-05
Time: pickout 3.3917    branching_decision 0.0040    decision 0.0040    set_bounds 0.7132    prepare 1.6870    transfer 0.0001    finalize 2.7428    func 8.2272    solve 8.1361    add 0.1430    bab_iteration 12.5807    
Accumulated time: bab_iteration 49.9465    pickout 15.5262    decision 0.4133    branching_decision 0.4131    set_bounds 4.1045    solve 33.2870    func 41.5136    prepare 8.3319    transfer 0.0012    finalize 15.2043    add 0.6933    
max lb 0.17983531951904297 min lb -4.474855899810791
Number of Verified Splits: 63 of 32768
Current worst splitting domains lb-rhs (depth):
-4.47603 (9), -4.47579 (15), -4.47561 (13), -4.47540 (13), -4.47539 (13), -4.47536 (14), -4.47535 (15), -4.47486 (16), -4.47449 (13), -4.47428 (15), -4.47397 (16), -4.47391 (15), -4.47357 (13), -4.47275 (9), -4.47274 (13), -4.47271 (13), -4.47268 (15), -4.47260 (14), -4.47260 (16), -4.47255 (16), 
Current (lb-rhs): -4.476033687591553
166800 domains visited
Length of domains: 83154
Time out!!!!!!!!
Result: unknown in 68.5286 seconds

 %%%%%%%%%%%%%%%%%%%%%%%%%%%%%%%%%%% idx: 5, vnnlib ID: 5 %%%%%%%%%%%%%%%%%%%%%%%%%%%%%%%%%%%
Finished vnnlib processing in 0.003097 seconds
Model: BoundedModule(
  (/input-1): BoundInput(name=/input-1, inputs=[], perturbed=True)
  (/shape): BoundBuffers(name=/shape, inputs=[], perturbed=False)
  (/18): BoundParams(name=/18, inputs=[], perturbed=False)
  (/19): BoundParams(name=/19, inputs=[], perturbed=False)
  (/20): BoundParams(name=/20, inputs=[], perturbed=False)
  (/21): BoundParams(name=/21, inputs=[], perturbed=False)
  (/22): BoundParams(name=/22, inputs=[], perturbed=False)
  (/23): BoundParams(name=/23, inputs=[], perturbed=False)
  (/24): BoundParams(name=/24, inputs=[], perturbed=False)
  (/25): BoundParams(name=/25, inputs=[], perturbed=False)
  (/26): BoundParams(name=/26, inputs=[], perturbed=False)
  (/27): BoundParams(name=/27, inputs=[], perturbed=False)
  (/28): BoundParams(name=/28, inputs=[], perturbed=False)
  (/29): BoundParams(name=/29, inputs=[], perturbed=False)
  (/30): BoundParams(name=/30, inputs=[], perturbed=False)
  (/31): BoundParams(name=/31, inputs=[], perturbed=False)
  (/32): BoundParams(name=/32, inputs=[], perturbed=False)
  (/33): BoundParams(name=/33, inputs=[], perturbed=False)
  (/input): BoundConv(name=/input, inputs=[/input-1, /18, /19], perturbed=True)
  (/input-4): BoundRelu(name=/input-4, inputs=[/input], perturbed=True)
  (/input-8): BoundConv(name=/input-8, inputs=[/input-4, /20, /21], perturbed=True)
  (/37): BoundConv(name=/37, inputs=[/input-4, /22, /23], perturbed=True)
  (/input-12): BoundRelu(name=/input-12, inputs=[/input-8], perturbed=True)
  (/39): BoundConv(name=/39, inputs=[/input-12, /24, /25], perturbed=True)
  (/40): BoundAdd(name=/40, inputs=[/39, /37], perturbed=True)
  (/input-16): BoundRelu(name=/input-16, inputs=[/40], perturbed=True)
  (/input-20): BoundConv(name=/input-20, inputs=[/input-16, /26, /27], perturbed=True)
  (/input-24): BoundRelu(name=/input-24, inputs=[/input-20], perturbed=True)
  (/44): BoundConv(name=/44, inputs=[/input-24, /28, /29], perturbed=True)
  (/45): BoundAdd(name=/45, inputs=[/44, /input-16], perturbed=True)
  (/46): BoundRelu(name=/46, inputs=[/45], perturbed=True)
  (/47): BoundSplit(name=/47, inputs=[/shape], perturbed=False)
  (/48): BoundSplit(name=/48, inputs=[/shape], perturbed=False)
  (/49): BoundConstant(name=/49, value=tensor([0], device='cuda:0'))
  (/50): BoundSqueeze(name=/50, inputs=[/47, /49], perturbed=False)
  (/51): BoundConstant(name=/51, value=tensor([0], device='cuda:0'))
  (/52): BoundSqueeze(name=/52, inputs=[/48, /51], perturbed=False)
  (/53): BoundConstant(name=/53, value=tensor([0], device='cuda:0'))
  (/54): BoundUnsqueeze(name=/54, inputs=[/50, /53], perturbed=False)
  (/55): BoundConstant(name=/55, value=tensor([0], device='cuda:0'))
  (/56): BoundUnsqueeze(name=/56, inputs=[/52, /55], perturbed=False)
  (/57): BoundConcat(name=/57, inputs=[/54, /56], perturbed=False)
  (/58): BoundReshape(name=/58, inputs=[/46, /57], perturbed=True)
  (/input-28): BoundLinear(name=/input-28, inputs=[/58, /30, /31], perturbed=True)
  (/60): BoundRelu(name=/60, inputs=[/input-28], perturbed=True)
  (/61): BoundLinear(name=/61, inputs=[/60, /32, /33], perturbed=True)
)
Original output in the first batch: tensor([[ 1.34149778, -3.79872751,  2.15164661,  0.93109095,  1.76455402,
          0.78581756,  0.29515195, -1.15832913,  0.83580643, -3.14855385]],
       device='cuda:0')
Split layers:
Nonlinear functions:
   BoundRelu(name=/input-4, inputs=[/input], perturbed=True)
   BoundRelu(name=/input-12, inputs=[/input-8], perturbed=True)
   BoundRelu(name=/input-16, inputs=[/40], perturbed=True)
   BoundRelu(name=/input-24, inputs=[/input-20], perturbed=True)
   BoundRelu(name=/46, inputs=[/45], perturbed=True)
   BoundRelu(name=/60, inputs=[/input-28], perturbed=True)
build batch [1/1]
layer /input-4 using sparse-features alpha with shape [277]; unstable size 277; total size 2048 ([1, 8, 16, 16])
layer /input-4 start_node /input-8 using sparse-spec alpha [2, 419, 1, 277] with unstable size 418 total_size 1024 output_shape (16, 8, 8)
layer /input-4 start_node /40 using sparse-spec alpha [2, 281, 1, 277] with unstable size 280 total_size 1024 output_shape (16, 8, 8)
layer /input-4 start_node /input-20 using sparse-spec alpha [2, 237, 1, 277] with unstable size 236 total_size 1024 output_shape (16, 8, 8)
layer /input-4 start_node /45 using sparse-spec alpha [2, 393, 1, 277] with unstable size 392 total_size 1024 output_shape (16, 8, 8)
layer /input-4 start_node /input-28 using sparse-spec alpha [2, 62, 1, 277] with unstable size 61 total_size 100 output_shape torch.Size([100])
layer /input-4 start_node /61 using full alpha [2, 9, 1, 277] with unstable size None total_size 9 output_shape 9
layer /input-12 using sparse-features alpha with shape [418]; unstable size 418; total size 1024 ([1, 16, 8, 8])
layer /input-12 start_node /40 using sparse-spec alpha [2, 281, 1, 418] with unstable size 280 total_size 1024 output_shape (16, 8, 8)
layer /input-12 start_node /input-20 using sparse-spec alpha [2, 237, 1, 418] with unstable size 236 total_size 1024 output_shape (16, 8, 8)
layer /input-12 start_node /45 using sparse-spec alpha [2, 393, 1, 418] with unstable size 392 total_size 1024 output_shape (16, 8, 8)
layer /input-12 start_node /input-28 using sparse-spec alpha [2, 62, 1, 418] with unstable size 61 total_size 100 output_shape torch.Size([100])
layer /input-12 start_node /61 using full alpha [2, 9, 1, 418] with unstable size None total_size 9 output_shape 9
layer /input-16 using sparse-features alpha with shape [280]; unstable size 280; total size 1024 ([1, 16, 8, 8])
layer /input-16 start_node /input-20 using sparse-spec alpha [2, 237, 1, 280] with unstable size 236 total_size 1024 output_shape (16, 8, 8)
layer /input-16 start_node /45 using sparse-spec alpha [2, 393, 1, 280] with unstable size 392 total_size 1024 output_shape (16, 8, 8)
layer /input-16 start_node /input-28 using sparse-spec alpha [2, 62, 1, 280] with unstable size 61 total_size 100 output_shape torch.Size([100])
layer /input-16 start_node /61 using full alpha [2, 9, 1, 280] with unstable size None total_size 9 output_shape 9
layer /input-24 using sparse-features alpha with shape [236]; unstable size 236; total size 1024 ([1, 16, 8, 8])
layer /input-24 start_node /45 using sparse-spec alpha [2, 393, 1, 236] with unstable size 392 total_size 1024 output_shape (16, 8, 8)
layer /input-24 start_node /input-28 using sparse-spec alpha [2, 62, 1, 236] with unstable size 61 total_size 100 output_shape torch.Size([100])
layer /input-24 start_node /61 using full alpha [2, 9, 1, 236] with unstable size None total_size 9 output_shape 9
layer /46 using sparse-features alpha with shape [392]; unstable size 392; total size 1024 ([1, 16, 8, 8])
layer /46 start_node /input-28 using sparse-spec alpha [2, 62, 1, 392] with unstable size 61 total_size 100 output_shape torch.Size([100])
layer /46 start_node /61 using full alpha [2, 9, 1, 392] with unstable size None total_size 9 output_shape 9
layer /60 using sparse-features alpha with shape [61]; unstable size 61; total size 100 ([1, 100])
layer /60 start_node /61 using full alpha [2, 9, 1, 61] with unstable size None total_size 9 output_shape 9
Optimizable variables initialized.
initial CROWN bounds (first 10 items): [-5.537233829498291, -0.22828960418701172, -5.253115653991699, -3.5808591842651367, -4.621589660644531, -3.853668451309204, -3.460423469543457, -4.847752094268799, -0.8121668100357056]
prune_after_crown optimization in use
  original spec size = torch.Size([1, 9])
  pruned spec size = torch.Size([1, 9])
Using alpha-CROWN to initialize bounds.
best_l after optimization: -23.537277221679688
alpha/beta optimization time: 5.168452978134155
initial alpha-crown bounds (first 10 items): [-4.447713851928711, 0.832605242729187, -4.457202434539795, -2.853109121322632, -3.7695655822753906, -3.0444092750549316, -2.216066360473633, -3.8281466960906982, 0.24632921814918518]
Global lower bound: -4.457202434539795
2 / 9 OR specs are verified.
Verified OR indices (first 10 items): [1, 8]
Verified OR lbs (first 10 items): [[0.832605242729187], [0.24632921814918518]]
Unverified OR indices (first 10 items): [0, 2, 3, 4, 5, 6, 7]
Unverified OR lbs (first 10 items): [[-4.447713851928711], [-4.457202434539795], [-2.853109121322632], [-3.7695655822753906], [-3.0444092750549316], [-2.216066360473633], [-3.8281466960906982]]
###### Verifying property Instance 5 ######
Batch size: 7
First 10 spec matrices
C: tensor([[[-1.,  0.,  0.,  0.,  0.,  0.,  1.,  0.,  0.,  0.]],

        [[ 0.,  0., -1.,  0.,  0.,  0.,  1.,  0.,  0.,  0.]],

        [[ 0.,  0.,  0., -1.,  0.,  0.,  1.,  0.,  0.,  0.]],

        [[ 0.,  0.,  0.,  0., -1.,  0.,  1.,  0.,  0.,  0.]],

        [[ 0.,  0.,  0.,  0.,  0., -1.,  1.,  0.,  0.,  0.]],

        [[ 0.,  0.,  0.,  0.,  0.,  0.,  1., -1.,  0.,  0.]],

        [[ 0.,  0.,  0.,  0.,  0.,  0.,  1.,  0., -1.,  0.]]], device='cuda:0')
RHS: tensor([[0.],
        [0.],
        [0.],
        [0.],
        [0.],
        [0.],
        [0.]], device='cuda:0')
OR spec sizes: tensor([1, 1, 1, 1, 1, 1, 1], device='cuda:0', dtype=torch.int32)
Remaining timeout: 54.27606391906738
Model prediction is: tensor([ 1.34149778, -3.79872751,  2.15164661,  0.93109095,  1.76455402,
         0.78581756,  0.29515195, -1.15832913,  0.83580643, -3.14855385],
       device='cuda:0')
Activation BaB batch 1/1 
build_with_refined_bounds batch [1/1]
Optimizable variables initialized.
all alpha initialized
directly get lb and ub from refined bounds
c shape: torch.Size([7, 1, 10])
lA shapes: [torch.Size([7, 1, 8, 16, 16]), torch.Size([7, 1, 16, 8, 8]), torch.Size([7, 1, 16, 8, 8]), torch.Size([7, 1, 16, 8, 8]), torch.Size([7, 1, 16, 8, 8]), torch.Size([7, 1, 100])]
(alpha-)CROWN with fixed intermediate bounds: tensor([[-4.44771385],
        [-4.45720243],
        [-2.85310912],
        [-3.76956558],
        [-3.04440928],
        [-2.21606636],
        [-3.82814670]], device='cuda:0') tensor([[inf],
        [inf],
        [inf],
        [inf],
        [inf],
        [inf],
        [inf]], device='cuda:0')
Intermediate layers: /input,/input-8,/40,/input-20,/45,/input-28
Keeping alphas for these layers: ['/61']
Node /input-4 input 0: size torch.Size([8, 16, 16]) unstable 277
Node /input-12 input 0: size torch.Size([16, 8, 8]) unstable 415
Node /input-16 input 0: size torch.Size([16, 8, 8]) unstable 259
Node /input-24 input 0: size torch.Size([16, 8, 8]) unstable 215
Node /46 input 0: size torch.Size([16, 8, 8]) unstable 343
Node /60 input 0: size torch.Size([100]) unstable 56
-----------------
# of unstable neurons: 1565
-----------------

BaB round 1
batch: 7
splitting decisions: 
split level 0: [/input-8, 314] [/40, 274] [/input-8, 340] [/input-8, 982] [/45, 992] [/45, 275] [/input, 1250] 
split level 1: [/input-20, 37] [/40, 136] [/input, 1694] [/input-8, 668] [/input-8, 652] [/45, 811] [/45, 49] 
split level 2: [/input-8, 979] [/input-8, 253] [/input, 1276] [/45, 278] [/input-8, 601] [/45, 932] [/input-28, 27] 
split level 3: [/input-8, 758] [/45, 114] [/45, 921] [/45, 84] [/40, 786] [/input-20, 14] [/input-8, 6] 
best_l after optimization: -389.20172119140625
beta sum per layer: [2.7645602226257324, 13.023120880126953, 13.054193496704102, 6.746511459350586, 25.62003517150879, 0.13836437463760376]
alpha/beta optimization time: 0.22281408309936523
pruning_in_iteration open status: False
ratio of positive domain = 0 / 112 = 0.0
pruning-in-iteration extra time: 5.245208740234375e-05
Time: pickout 0.0022    branching_decision 0.0001    decision 0.0001    set_bounds 0.0062    prepare 0.0028    transfer 0.0000    finalize 0.0075    func 0.2388    
Accumulated time: bab_iteration 0.0000    pickout 0.0022    decision 0.0001    branching_decision 0.0001    set_bounds 0.0062    solve 0.0000    func 0.2388    prepare 0.0028    transfer 0.0000    finalize 0.0075    
max lb -2.0165059566497803 min lb -4.457199573516846
Number of Verified Splits: 0 of 112
Current worst splitting domains lb-rhs (depth):
-4.45720 (4), -4.45719 (4), -4.45717 (4), -4.45716 (4), -4.44276 (4), -4.44275 (4), -4.44272 (4), -4.44272 (4), -4.44105 (4), -4.44067 (4), -4.43711 (4), -4.43675 (4), -4.43467 (4), -4.43428 (4), -4.43085 (4), -4.43046 (4), -4.42297 (4), -4.42296 (4), -4.42292 (4), -4.42291 (4), 
Current (lb-rhs): -4.457199573516846
112 domains visited
Length of domains: 112
Cumulative time: 0.303264856338501

BaB round 2
batch: 112
splitting decisions: 
split level 0: [/45, 262] [/45, 946] [/45, 947] [/45, 282] [/40, 929] [/45, 195] [/input-8, 722] [/input-20, 578] [/input, 1270] [/input-20, 626] 
best_l after optimization: -772.4735107421875
beta sum per layer: [7.625033855438232, 29.403526306152344, 48.475372314453125, 14.3198881149292, 88.61656951904297, 4.654121398925781]
alpha/beta optimization time: 0.21140432357788086
pruning_in_iteration open status: False
ratio of positive domain = 0 / 224 = 0.0
pruning-in-iteration extra time: 5.1975250244140625e-05
Time: pickout 0.0167    branching_decision 0.0001    decision 0.0001    set_bounds 0.0046    prepare 0.0099    transfer 0.0000    finalize 0.0152    func 0.2431    solve 0.2388    add 0.0012    bab_iteration 0.2487    
Accumulated time: bab_iteration 0.2487    pickout 0.0189    decision 0.0002    branching_decision 0.0002    set_bounds 0.0108    solve 0.2388    func 0.4819    prepare 0.0126    transfer 0.0001    finalize 0.0227    add 0.0012    
max lb -1.8542239665985107 min lb -4.457222938537598
Number of Verified Splits: 0 of 224
Current worst splitting domains lb-rhs (depth):
-4.45719 (5), -4.45719 (5), -4.45716 (5), -4.45657 (5), -4.45499 (5), -4.45229 (5), -4.44627 (5), -4.44231 (5), -4.44221 (5), -4.44221 (5), -4.44219 (5), -4.44216 (5), -4.44214 (5), -4.44194 (5), -4.44132 (5), -4.44098 (5), -4.44062 (5), -4.43662 (5), -4.43640 (5), -4.43631 (5), 
Current (lb-rhs): -4.457185745239258
336 domains visited
Length of domains: 224
Cumulative time: 0.5695910453796387

BaB round 3
batch: 224
splitting decisions: 
split level 0: [/input-8, 135] [/input-8, 35] [/input, 1277] [/40, 546] [/input-28, 14] [/input-20, 488] [/40, 789] [/input-8, 920] [/40, 371] [/45, 948] 
best_l after optimization: -1534.191162109375
beta sum per layer: [21.372257232666016, 77.82241821289062, 140.3537139892578, 42.92708969116211, 259.1649169921875, 17.556053161621094]
alpha/beta optimization time: 0.2170705795288086
pruning_in_iteration open status: False
ratio of positive domain = 0 / 448 = 0.0
pruning-in-iteration extra time: 5.269050598144531e-05
Time: pickout 0.0311    branching_decision 0.0001    decision 0.0001    set_bounds 0.0089    prepare 0.0194    transfer 0.0001    finalize 0.0307    func 0.2773    solve 0.2432    add 0.0016    bab_iteration 0.2663    
Accumulated time: bab_iteration 0.5150    pickout 0.0500    decision 0.0004    branching_decision 0.0003    set_bounds 0.0197    solve 0.4820    func 0.7592    prepare 0.0320    transfer 0.0001    finalize 0.0534    add 0.0028    
max lb -1.739020586013794 min lb -4.45725679397583
Number of Verified Splits: 0 of 448
Current worst splitting domains lb-rhs (depth):
-4.45719 (6), -4.45719 (6), -4.45714 (6), -4.45657 (6), -4.45655 (6), -4.45596 (6), -4.45376 (6), -4.45215 (6), -4.44622 (6), -4.44600 (6), -4.44211 (6), -4.44206 (6), -4.44202 (6), -4.44195 (6), -4.44180 (6), -4.44173 (6), -4.44111 (6), -4.44068 (6), -4.44037 (6), -4.44033 (6), 
Current (lb-rhs): -4.457185745239258
784 domains visited
Length of domains: 448
Cumulative time: 0.8902158737182617

BaB round 4
batch: 448
splitting decisions: 
split level 0: [/input-8, 645] [/input-20, 10] [/input-8, 362] [/input-20, 571] [/input, 1023] [/input-20, 386] [/45, 896] [/input, 1014] [/40, 546] [/input, 1655] 
best_l after optimization: -3045.20751953125
beta sum per layer: [50.8366813659668, 194.40225219726562, 363.66290283203125, 131.54241943359375, 700.623291015625, 49.343109130859375]
alpha/beta optimization time: 0.2124180793762207
pruning_in_iteration open status: False
ratio of positive domain = 0 / 896 = 0.0
pruning-in-iteration extra time: 5.602836608886719e-05
Time: pickout 0.0597    branching_decision 0.0002    decision 0.0003    set_bounds 0.0179    prepare 0.0397    transfer 0.0000    finalize 0.0632    func 0.3265    solve 0.2773    add 0.0029    bab_iteration 0.3206    
Accumulated time: bab_iteration 0.8356    pickout 0.1097    decision 0.0006    branching_decision 0.0005    set_bounds 0.0376    solve 0.7593    func 1.0856    prepare 0.0718    transfer 0.0002    finalize 0.1166    add 0.0058    
max lb -1.318650245666504 min lb -4.457215785980225
Number of Verified Splits: 0 of 896
Current worst splitting domains lb-rhs (depth):
-4.45719 (7), -4.45706 (7), -4.45704 (7), -4.45700 (7), -4.45655 (7), -4.45651 (7), -4.45649 (7), -4.45621 (7), -4.45599 (7), -4.45596 (7), -4.45317 (7), -4.45183 (7), -4.45175 (7), -4.45006 (7), -4.44636 (7), -4.44620 (7), -4.44619 (7), -4.44585 (7), -4.44199 (7), -4.44184 (7), 
Current (lb-rhs): -4.457185745239258
1680 domains visited
Length of domains: 896
Cumulative time: 1.298123836517334

BaB round 5
batch: 896
splitting decisions: 
split level 0: [/45, 27] [/input, 1031] [/40, 558] [/40, 171] [/input-8, 897] [/input-20, 886] [/input, 807] [/40, 389] [/input-8, 538] [/input, 1781] 
best_l after optimization: -6041.6611328125
beta sum per layer: [119.49790954589844, 481.3885498046875, 927.9683837890625, 356.4281005859375, 1799.77197265625, 136.6639404296875]
alpha/beta optimization time: 0.2134230136871338
pruning_in_iteration open status: False
ratio of positive domain = 0 / 1792 = 0.0
pruning-in-iteration extra time: 5.435943603515625e-05
Time: pickout 0.1218    branching_decision 0.0005    decision 0.0005    set_bounds 0.0355    prepare 0.0812    transfer 0.0000    finalize 0.1300    func 0.4416    solve 0.3265    add 0.0032    bab_iteration 0.4079    
Accumulated time: bab_iteration 1.2435    pickout 0.2315    decision 0.0011    branching_decision 0.0010    set_bounds 0.0731    solve 1.0858    func 1.5272    prepare 0.1530    transfer 0.0002    finalize 0.2465    add 0.0090    
max lb -0.9392310380935669 min lb -4.457101345062256
Number of Verified Splits: 0 of 1792
Current worst splitting domains lb-rhs (depth):
-4.45710 (8), -4.45705 (8), -4.45704 (8), -4.45700 (8), -4.45655 (8), -4.45599 (8), -4.45595 (8), -4.45589 (8), -4.45555 (8), -4.45498 (8), -4.45487 (8), -4.45426 (8), -4.45366 (8), -4.45311 (8), -4.45311 (8), -4.45306 (8), -4.45247 (8), -4.45169 (8), -4.45152 (8), -4.45120 (8), 
Current (lb-rhs): -4.457101345062256
3472 domains visited
Length of domains: 1792
Cumulative time: 1.9049708843231201

BaB round 6
batch: 1792
splitting decisions: 
split level 0: [/45, 304] [/40, 816] [/input-8, 279] [/45, 271] [/input, 1113] [/45, 302] [/40, 815] [/input-20, 389] [/40, 946] [/input-8, 62] 
best_l after optimization: -11973.576171875
beta sum per layer: [281.26434326171875, 1172.880126953125, 2273.098388671875, 929.9171142578125, 4393.5078125, 365.5810241699219]
alpha/beta optimization time: 0.3158087730407715
pruning_in_iteration open status: False
ratio of positive domain = 0 / 3584 = 0.0
pruning-in-iteration extra time: 5.245208740234375e-05
Time: pickout 0.2490    branching_decision 0.0008    decision 0.0008    set_bounds 0.0709    prepare 0.1642    transfer 0.0001    finalize 0.3998    func 0.9099    solve 0.4416    add 0.0069    bab_iteration 0.6068    
Accumulated time: bab_iteration 1.8504    pickout 0.4805    decision 0.0020    branching_decision 0.0019    set_bounds 0.1441    solve 1.5274    func 2.4371    prepare 0.3172    transfer 0.0003    finalize 0.6463    add 0.0159    
max lb -0.5190572738647461 min lb -4.457220554351807
Number of Verified Splits: 0 of 3584
Current worst splitting domains lb-rhs (depth):
-4.45710 (9), -4.45710 (9), -4.45704 (9), -4.45704 (9), -4.45689 (9), -4.45595 (9), -4.45589 (9), -4.45582 (9), -4.45522 (9), -4.45498 (9), -4.45498 (9), -4.45483 (9), -4.45428 (9), -4.45426 (9), -4.45363 (9), -4.45304 (9), -4.45285 (9), -4.45260 (9), -4.45221 (9), -4.45207 (9), 
Current (lb-rhs): -4.457101345062256
7056 domains visited
Length of domains: 3584
Cumulative time: 3.1482419967651367

BaB round 7
batch: 2048
splitting decisions: 
split level 0: [/input-8, 491] [/45, 589] [/input-8, 662] [/45, 747] [/input-20, 760] [/45, 709] [/input-28, 56] [/input-20, 627] [/input-8, 671] [/input-8, 1018] 
best_l after optimization: -13584.443359375
beta sum per layer: [364.8203125, 1540.2703857421875, 3022.77880859375, 1284.223876953125, 5873.220703125, 514.9796142578125]
alpha/beta optimization time: 0.2958550453186035
pruning_in_iteration open status: False
ratio of positive domain = 0 / 4096 = 0.0
pruning-in-iteration extra time: 7.891654968261719e-05
Time: pickout 0.2951    branching_decision 0.0007    decision 0.0007    set_bounds 0.0826    prepare 0.1913    transfer 0.0001    finalize 0.3097    func 0.8281    solve 0.9100    add 0.0116    bab_iteration 1.2433    
Accumulated time: bab_iteration 3.0937    pickout 0.7756    decision 0.0027    branching_decision 0.0025    set_bounds 0.2267    solve 2.4374    func 3.2652    prepare 0.5084    transfer 0.0003    finalize 0.9560    add 0.0275    
max lb -0.11449873447418213 min lb -4.457054138183594
Number of Verified Splits: 0 of 4096
Current worst splitting domains lb-rhs (depth):
-4.45710 (9), -4.45704 (10), -4.45704 (10), -4.45689 (9), -4.45611 (10), -4.45609 (10), -4.45595 (9), -4.45589 (10), -4.45542 (10), -4.45529 (10), -4.45522 (10), -4.45498 (10), -4.45498 (9), -4.45498 (10), -4.45483 (9), -4.45426 (9), -4.45273 (10), -4.45271 (10), -4.45260 (9), -4.45246 (10), 
Current (lb-rhs): -4.457101345062256
11152 domains visited
Length of domains: 5632
current_vram/total_varm: 2.9GB/47.7GB, batch_size increase to 4096
Cumulative time: 4.522680044174194

BaB round 8
batch: 4096
splitting decisions: 
split level 0: [/40, 924] [/40, 387] [/input-8, 58] [/input-8, 30] [/45, 255] [/input-28, 15] [/40, 149] [/45, 755] [/input-20, 231] [/45, 657] 
best_l after optimization: -26913.390625
beta sum per layer: [849.7471923828125, 3639.3447265625, 7065.2138671875, 3179.737060546875, 13844.20703125, 1255.954833984375]
alpha/beta optimization time: 0.6867690086364746
pruning_in_iteration open status: False
ratio of positive domain = 12 / 8192 = 0.00146484375
pruning-in-iteration extra time: 8.845329284667969e-05
Time: pickout 0.6051    branching_decision 0.0012    decision 0.0012    set_bounds 0.1677    prepare 0.3891    transfer 0.0001    finalize 0.7893    func 1.9181    solve 0.8282    add 0.1667    bab_iteration 1.3744    
Accumulated time: bab_iteration 4.4681    pickout 1.3807    decision 0.0038    branching_decision 0.0037    set_bounds 0.3944    solve 3.2656    func 5.1834    prepare 0.8975    transfer 0.0004    finalize 1.7454    add 0.1941    
max lb 0.1334936022758484 min lb -4.457054138183594
Number of Verified Splits: 12 of 8192
Current worst splitting domains lb-rhs (depth):
-4.45710 (9), -4.45704 (11), -4.45689 (9), -4.45626 (11), -4.45601 (11), -4.45595 (9), -4.45593 (11), -4.45589 (11), -4.45589 (11), -4.45542 (11), -4.45505 (11), -4.45504 (11), -4.45498 (9), -4.45496 (11), -4.45485 (11), -4.45483 (9), -4.45426 (9), -4.45272 (11), -4.45265 (11), -4.45260 (9), 
Current (lb-rhs): -4.457101345062256
19344 domains visited
Length of domains: 9716
current_vram/total_varm: 5.8GB/47.7GB, batch_size increase to 8192
Cumulative time: 7.245735168457031

BaB round 9
batch: 8192
splitting decisions: 
split level 0: [/input-20, 551] [/input-8, 1004] [/input, 841] [/40, 149] [/45, 358] [/input-8, 468] [/45, 1] [/input-8, 227] [/45, 55] [/40, 677] 
best_l after optimization: -53381.34375
beta sum per layer: [1967.73388671875, 8511.548828125, 16397.04296875, 7635.67919921875, 31897.09375, 3032.72607421875]
alpha/beta optimization time: 1.4779489040374756
pruning_in_iteration open status: False
ratio of positive domain = 0 / 16384 = 0.0
pruning-in-iteration extra time: 8.368492126464844e-05
Time: pickout 1.4256    branching_decision 0.0021    decision 0.0021    set_bounds 0.5442    prepare 0.7967    transfer 0.0001    finalize 1.2942    func 3.6731    solve 1.9182    add 0.0291    bab_iteration 2.7231    
Accumulated time: bab_iteration 7.1911    pickout 2.8063    decision 0.0060    branching_decision 0.0058    set_bounds 0.9385    solve 5.1837    func 8.8565    prepare 1.6942    transfer 0.0005    finalize 3.0396    add 0.2233    
max lb -0.25782299041748047 min lb -4.45682430267334
Number of Verified Splits: 0 of 16384
Current worst splitting domains lb-rhs (depth):
-4.45710 (9), -4.45689 (9), -4.45682 (12), -4.45647 (12), -4.45595 (9), -4.45593 (12), -4.45577 (12), -4.45562 (12), -4.45553 (12), -4.45549 (12), -4.45542 (12), -4.45498 (12), -4.45498 (9), -4.45498 (12), -4.45485 (12), -4.45483 (9), -4.45465 (12), -4.45442 (12), -4.45430 (12), -4.45426 (9), 
Current (lb-rhs): -4.457101345062256
35728 domains visited
Length of domains: 17908
current_vram/total_varm: 12.6GB/47.7GB, batch_size increase to 16384
Cumulative time: 13.16589069366455

BaB round 10
batch: 16384
splitting decisions: 
split level 0: [/40, 86] [/input-20, 570] [/input-8, 307] [/40, 524] [/input-8, 724] [/40, 86] [/40, 825] [/45, 501] [/input-20, 112] [/45, 598] 
best_l after optimization: -105633.140625
beta sum per layer: [4527.97998046875, 19859.09765625, 37657.3828125, 18355.390625, 73506.328125, 7241.20703125]
alpha/beta optimization time: 3.0541858673095703
pruning_in_iteration open status: False
ratio of positive domain = 1 / 32768 = 3.0517578125e-05
pruning-in-iteration extra time: 6.4849853515625e-05
Time: pickout 2.8667    branching_decision 0.0040    decision 0.0040    set_bounds 0.9270    prepare 1.6284    transfer 0.0003    finalize 3.2526    func 8.1498    solve 3.6732    add 0.2713    bab_iteration 5.9201    
Accumulated time: bab_iteration 13.1113    pickout 5.6730    decision 0.0100    branching_decision 0.0098    set_bounds 1.8655    solve 8.8569    func 17.0063    prepare 3.3226    transfer 0.0008    finalize 6.2921    add 0.4945    
max lb 0.2957956790924072 min lb -4.4563093185424805
Number of Verified Splits: 1 of 32768
Current worst splitting domains lb-rhs (depth):
-4.45710 (9), -4.45689 (9), -4.45631 (13), -4.45615 (13), -4.45595 (9), -4.45593 (13), -4.45577 (13), -4.45560 (13), -4.45553 (13), -4.45549 (13), -4.45542 (13), -4.45498 (9), -4.45498 (13), -4.45498 (13), -4.45485 (13), -4.45483 (13), -4.45483 (9), -4.45431 (13), -4.45426 (9), -4.45380 (13), 
Current (lb-rhs): -4.457101345062256
68496 domains visited
Length of domains: 34291
Cumulative time: 25.233015298843384

BaB round 11
batch: 16384
splitting decisions: 
split level 0: [/40, 788] [/input-28, 78] [/input, 1578] [/input-8, 652] [/input-8, 970] [/input-8, 63] [/input-20, 201] [/input-8, 651] [/40, 365] [/input-8, 45] 
best_l after optimization: -104610.15625
beta sum per layer: [5060.0498046875, 22523.830078125, 42462.7109375, 21485.21484375, 83127.1171875, 8501.69921875]
alpha/beta optimization time: 3.0546512603759766
pruning_in_iteration open status: False
ratio of positive domain = 25 / 32768 = 0.000762939453125
pruning-in-iteration extra time: 0.000102996826171875
Time: pickout 3.0729    branching_decision 0.0040    decision 0.0040    set_bounds 1.0385    prepare 1.6501    transfer 0.0001    finalize 3.0332    func 7.9470    solve 8.1499    add 0.1114    bab_iteration 12.0671    
Accumulated time: bab_iteration 25.1784    pickout 8.7459    decision 0.0140    branching_decision 0.0138    set_bounds 2.9040    solve 17.0068    func 24.9533    prepare 4.9727    transfer 0.0010    finalize 9.3253    add 0.6059    
max lb 0.26439952850341797 min lb -4.456310272216797
Number of Verified Splits: 25 of 32768
Current worst splitting domains lb-rhs (depth):
-4.45710 (9), -4.45689 (9), -4.45631 (14), -4.45615 (13), -4.45595 (9), -4.45593 (14), -4.45562 (14), -4.45560 (13), -4.45553 (13), -4.45549 (13), -4.45542 (13), -4.45498 (9), -4.45498 (14), -4.45498 (13), -4.45485 (13), -4.45483 (9), -4.45483 (14), -4.45439 (14), -4.45431 (14), -4.45426 (9), 
Current (lb-rhs): -4.457101345062256
101264 domains visited
Length of domains: 50650
Cumulative time: 37.40717649459839

BaB round 12
batch: 16384
splitting decisions: 
split level 0: [/45, 220] [/45, 747] [/input-8, 305] [/input-8, 547] [/input-20, 196] [/input, 1739] [/45, 366] [/input, 1581] [/input-8, 286] [/40, 106] 
best_l after optimization: -103623.7890625
beta sum per layer: [5618.3671875, 25225.98046875, 47523.421875, 24717.49609375, 92919.484375, 9772.1181640625]
alpha/beta optimization time: 3.0535056591033936
pruning_in_iteration open status: False
ratio of positive domain = 41 / 32768 = 0.001251220703125
pruning-in-iteration extra time: 6.008148193359375e-05
Time: pickout 3.2032    branching_decision 0.0039    decision 0.0039    set_bounds 1.1173    prepare 1.6728    transfer 0.0001    finalize 3.1408    func 8.0744    solve 7.9470    add 0.1039    bab_iteration 12.1742    
Accumulated time: bab_iteration 37.3526    pickout 11.9491    decision 0.0179    branching_decision 0.0177    set_bounds 4.0213    solve 24.9538    func 33.0277    prepare 6.6455    transfer 0.0011    finalize 12.4662    add 0.7098    
max lb 0.2316950559616089 min lb -4.455928325653076
Number of Verified Splits: 41 of 32768
Current worst splitting domains lb-rhs (depth):
-4.45710 (9), -4.45689 (9), -4.45631 (14), -4.45615 (13), -4.45595 (9), -4.45593 (15), -4.45560 (13), -4.45553 (13), -4.45550 (15), -4.45549 (13), -4.45542 (13), -4.45498 (9), -4.45498 (13), -4.45485 (13), -4.45483 (15), -4.45483 (9), -4.45439 (14), -4.45431 (14), -4.45426 (9), -4.45380 (14), 
Current (lb-rhs): -4.457101345062256
134032 domains visited
Length of domains: 66993
Cumulative time: 49.954798460006714

BaB round 13
batch: 16384
splitting decisions: 
split level 0: [/45, 174] [/input-8, 761] [/input-8, 129] [/input-20, 636] [/45, 919] [/input-20, 241] [/input-20, 12] [/45, 683] [/input-8, 162] [/input, 1255] 
best_l after optimization: -102619.453125
beta sum per layer: [6221.0966796875, 28228.130859375, 52940.9453125, 28124.26953125, 102868.6875, 11082.943359375]
alpha/beta optimization time: 3.054579257965088
pruning_in_iteration open status: False
ratio of positive domain = 48 / 32768 = 0.00146484375
pruning-in-iteration extra time: 6.580352783203125e-05
Time: pickout 3.3376    branching_decision 0.0039    decision 0.0039    set_bounds 0.7099    prepare 1.6838    transfer 0.0001    finalize 3.2373    func 8.1844    solve 8.0745    add 0.1397    bab_iteration 12.5476    
Accumulated time: bab_iteration 49.9002    pickout 15.2867    decision 0.0218    branching_decision 0.0216    set_bounds 4.7312    solve 33.0282    func 41.2120    prepare 8.3294    transfer 0.0013    finalize 15.7035    add 0.8496    
max lb 0.2665426731109619 min lb -4.454829216003418
Number of Verified Splits: 48 of 32768
Current worst splitting domains lb-rhs (depth):
-4.45710 (9), -4.45689 (9), -4.45631 (14), -4.45615 (13), -4.45595 (9), -4.45593 (15), -4.45560 (13), -4.45553 (13), -4.45550 (15), -4.45549 (13), -4.45542 (13), -4.45498 (9), -4.45498 (13), -4.45485 (13), -4.45483 (9), -4.45483 (16), -4.45439 (14), -4.45431 (14), -4.45426 (9), -4.45380 (14), 
Current (lb-rhs): -4.457101345062256
166800 domains visited
Length of domains: 83329
Time out!!!!!!!!
Result: unknown in 68.4371 seconds

 %%%%%%%%%%%%%%%%%%%%%%%%%%%%%%%%%%% idx: 6, vnnlib ID: 6 %%%%%%%%%%%%%%%%%%%%%%%%%%%%%%%%%%%
Finished vnnlib processing in 0.003199 seconds
Model: BoundedModule(
  (/input-1): BoundInput(name=/input-1, inputs=[], perturbed=True)
  (/shape): BoundBuffers(name=/shape, inputs=[], perturbed=False)
  (/18): BoundParams(name=/18, inputs=[], perturbed=False)
  (/19): BoundParams(name=/19, inputs=[], perturbed=False)
  (/20): BoundParams(name=/20, inputs=[], perturbed=False)
  (/21): BoundParams(name=/21, inputs=[], perturbed=False)
  (/22): BoundParams(name=/22, inputs=[], perturbed=False)
  (/23): BoundParams(name=/23, inputs=[], perturbed=False)
  (/24): BoundParams(name=/24, inputs=[], perturbed=False)
  (/25): BoundParams(name=/25, inputs=[], perturbed=False)
  (/26): BoundParams(name=/26, inputs=[], perturbed=False)
  (/27): BoundParams(name=/27, inputs=[], perturbed=False)
  (/28): BoundParams(name=/28, inputs=[], perturbed=False)
  (/29): BoundParams(name=/29, inputs=[], perturbed=False)
  (/30): BoundParams(name=/30, inputs=[], perturbed=False)
  (/31): BoundParams(name=/31, inputs=[], perturbed=False)
  (/32): BoundParams(name=/32, inputs=[], perturbed=False)
  (/33): BoundParams(name=/33, inputs=[], perturbed=False)
  (/input): BoundConv(name=/input, inputs=[/input-1, /18, /19], perturbed=True)
  (/input-4): BoundRelu(name=/input-4, inputs=[/input], perturbed=True)
  (/input-8): BoundConv(name=/input-8, inputs=[/input-4, /20, /21], perturbed=True)
  (/37): BoundConv(name=/37, inputs=[/input-4, /22, /23], perturbed=True)
  (/input-12): BoundRelu(name=/input-12, inputs=[/input-8], perturbed=True)
  (/39): BoundConv(name=/39, inputs=[/input-12, /24, /25], perturbed=True)
  (/40): BoundAdd(name=/40, inputs=[/39, /37], perturbed=True)
  (/input-16): BoundRelu(name=/input-16, inputs=[/40], perturbed=True)
  (/input-20): BoundConv(name=/input-20, inputs=[/input-16, /26, /27], perturbed=True)
  (/input-24): BoundRelu(name=/input-24, inputs=[/input-20], perturbed=True)
  (/44): BoundConv(name=/44, inputs=[/input-24, /28, /29], perturbed=True)
  (/45): BoundAdd(name=/45, inputs=[/44, /input-16], perturbed=True)
  (/46): BoundRelu(name=/46, inputs=[/45], perturbed=True)
  (/47): BoundSplit(name=/47, inputs=[/shape], perturbed=False)
  (/48): BoundSplit(name=/48, inputs=[/shape], perturbed=False)
  (/49): BoundConstant(name=/49, value=tensor([0], device='cuda:0'))
  (/50): BoundSqueeze(name=/50, inputs=[/47, /49], perturbed=False)
  (/51): BoundConstant(name=/51, value=tensor([0], device='cuda:0'))
  (/52): BoundSqueeze(name=/52, inputs=[/48, /51], perturbed=False)
  (/53): BoundConstant(name=/53, value=tensor([0], device='cuda:0'))
  (/54): BoundUnsqueeze(name=/54, inputs=[/50, /53], perturbed=False)
  (/55): BoundConstant(name=/55, value=tensor([0], device='cuda:0'))
  (/56): BoundUnsqueeze(name=/56, inputs=[/52, /55], perturbed=False)
  (/57): BoundConcat(name=/57, inputs=[/54, /56], perturbed=False)
  (/58): BoundReshape(name=/58, inputs=[/46, /57], perturbed=True)
  (/input-28): BoundLinear(name=/input-28, inputs=[/58, /30, /31], perturbed=True)
  (/60): BoundRelu(name=/60, inputs=[/input-28], perturbed=True)
  (/61): BoundLinear(name=/61, inputs=[/60, /32, /33], perturbed=True)
)
Original output in the first batch: tensor([[ 1.36480141, -3.13689137,  2.14093018,  1.41923749,  1.65374923,
          1.23408484,  0.33483505, -1.17649257, -0.19144250, -3.64283419]],
       device='cuda:0')
Split layers:
Nonlinear functions:
   BoundRelu(name=/input-4, inputs=[/input], perturbed=True)
   BoundRelu(name=/input-12, inputs=[/input-8], perturbed=True)
   BoundRelu(name=/input-16, inputs=[/40], perturbed=True)
   BoundRelu(name=/input-24, inputs=[/input-20], perturbed=True)
   BoundRelu(name=/46, inputs=[/45], perturbed=True)
   BoundRelu(name=/60, inputs=[/input-28], perturbed=True)
build batch [1/1]
layer /input-4 using sparse-features alpha with shape [364]; unstable size 364; total size 2048 ([1, 8, 16, 16])
layer /input-4 start_node /input-8 using sparse-spec alpha [2, 347, 1, 364] with unstable size 346 total_size 1024 output_shape (16, 8, 8)
layer /input-4 start_node /40 using sparse-spec alpha [2, 287, 1, 364] with unstable size 286 total_size 1024 output_shape (16, 8, 8)
layer /input-4 start_node /input-20 using sparse-spec alpha [2, 254, 1, 364] with unstable size 253 total_size 1024 output_shape (16, 8, 8)
layer /input-4 start_node /45 using sparse-spec alpha [2, 435, 1, 364] with unstable size 434 total_size 1024 output_shape (16, 8, 8)
layer /input-4 start_node /input-28 using sparse-spec alpha [2, 69, 1, 364] with unstable size 68 total_size 100 output_shape torch.Size([100])
layer /input-4 start_node /61 using full alpha [2, 9, 1, 364] with unstable size None total_size 9 output_shape 9
layer /input-12 using sparse-features alpha with shape [346]; unstable size 346; total size 1024 ([1, 16, 8, 8])
layer /input-12 start_node /40 using sparse-spec alpha [2, 287, 1, 346] with unstable size 286 total_size 1024 output_shape (16, 8, 8)
layer /input-12 start_node /input-20 using sparse-spec alpha [2, 254, 1, 346] with unstable size 253 total_size 1024 output_shape (16, 8, 8)
layer /input-12 start_node /45 using sparse-spec alpha [2, 435, 1, 346] with unstable size 434 total_size 1024 output_shape (16, 8, 8)
layer /input-12 start_node /input-28 using sparse-spec alpha [2, 69, 1, 346] with unstable size 68 total_size 100 output_shape torch.Size([100])
layer /input-12 start_node /61 using full alpha [2, 9, 1, 346] with unstable size None total_size 9 output_shape 9
layer /input-16 using sparse-features alpha with shape [286]; unstable size 286; total size 1024 ([1, 16, 8, 8])
layer /input-16 start_node /input-20 using sparse-spec alpha [2, 254, 1, 286] with unstable size 253 total_size 1024 output_shape (16, 8, 8)
layer /input-16 start_node /45 using sparse-spec alpha [2, 435, 1, 286] with unstable size 434 total_size 1024 output_shape (16, 8, 8)
layer /input-16 start_node /input-28 using sparse-spec alpha [2, 69, 1, 286] with unstable size 68 total_size 100 output_shape torch.Size([100])
layer /input-16 start_node /61 using full alpha [2, 9, 1, 286] with unstable size None total_size 9 output_shape 9
layer /input-24 using sparse-features alpha with shape [253]; unstable size 253; total size 1024 ([1, 16, 8, 8])
layer /input-24 start_node /45 using sparse-spec alpha [2, 435, 1, 253] with unstable size 434 total_size 1024 output_shape (16, 8, 8)
layer /input-24 start_node /input-28 using sparse-spec alpha [2, 69, 1, 253] with unstable size 68 total_size 100 output_shape torch.Size([100])
layer /input-24 start_node /61 using full alpha [2, 9, 1, 253] with unstable size None total_size 9 output_shape 9
layer /46 using sparse-features alpha with shape [434]; unstable size 434; total size 1024 ([1, 16, 8, 8])
layer /46 start_node /input-28 using sparse-spec alpha [2, 69, 1, 434] with unstable size 68 total_size 100 output_shape torch.Size([100])
layer /46 start_node /61 using full alpha [2, 9, 1, 434] with unstable size None total_size 9 output_shape 9
layer /60 using sparse-features alpha with shape [68]; unstable size 68; total size 100 ([1, 100])
layer /60 start_node /61 using full alpha [2, 9, 1, 68] with unstable size None total_size 9 output_shape 9
Optimizable variables initialized.
initial CROWN bounds (first 10 items): [-8.682580947875977, -10.866678237915039, -9.249069213867188, -9.700145721435547, -9.561607360839844, -8.383152961730957, -7.781181812286377, -7.3675537109375, -2.8885905742645264]
prune_after_crown optimization in use
  original spec size = torch.Size([1, 9])
  pruned spec size = torch.Size([1, 9])
Using alpha-CROWN to initialize bounds.
best_l after optimization: -65.02262878417969
alpha/beta optimization time: 5.18178653717041
initial alpha-crown bounds (first 10 items): [-7.701103687286377, -9.684199333190918, -8.277235984802246, -8.541191101074219, -8.464208602905273, -7.333498954772949, -6.44824743270874, -6.434812545776367, -2.138129711151123]
Global lower bound: -9.684199333190918
0 / 9 OR specs are verified.
Verified OR indices (first 10 items): []
Verified OR lbs (first 10 items): []
Unverified OR indices (first 10 items): [0, 1, 2, 3, 4, 5, 6, 7, 8]
Unverified OR lbs (first 10 items): [[-7.701103687286377], [-9.684199333190918], [-8.277235984802246], [-8.541191101074219], [-8.464208602905273], [-7.333498954772949], [-6.44824743270874], [-6.434812545776367], [-2.138129711151123]]
###### Verifying property Instance 6 ######
Batch size: 9
First 10 spec matrices
C: tensor([[[-1.,  1.,  0.,  0.,  0.,  0.,  0.,  0.,  0.,  0.]],

        [[ 0.,  1., -1.,  0.,  0.,  0.,  0.,  0.,  0.,  0.]],

        [[ 0.,  1.,  0., -1.,  0.,  0.,  0.,  0.,  0.,  0.]],

        [[ 0.,  1.,  0.,  0., -1.,  0.,  0.,  0.,  0.,  0.]],

        [[ 0.,  1.,  0.,  0.,  0., -1.,  0.,  0.,  0.,  0.]],

        [[ 0.,  1.,  0.,  0.,  0.,  0., -1.,  0.,  0.,  0.]],

        [[ 0.,  1.,  0.,  0.,  0.,  0.,  0., -1.,  0.,  0.]],

        [[ 0.,  1.,  0.,  0.,  0.,  0.,  0.,  0., -1.,  0.]],

        [[ 0.,  1.,  0.,  0.,  0.,  0.,  0.,  0.,  0., -1.]]], device='cuda:0')
RHS: tensor([[0.],
        [0.],
        [0.],
        [0.],
        [0.],
        [0.],
        [0.],
        [0.],
        [0.]], device='cuda:0')
OR spec sizes: tensor([1, 1, 1, 1, 1, 1, 1, 1, 1], device='cuda:0', dtype=torch.int32)
Remaining timeout: 54.26037549972534
Model prediction is: tensor([ 1.36480141, -3.13689137,  2.14093018,  1.41923749,  1.65374923,
         1.23408484,  0.33483505, -1.17649257, -0.19144250, -3.64283419],
       device='cuda:0')
Activation BaB batch 1/1 
build_with_refined_bounds batch [1/1]
Optimizable variables initialized.
all alpha initialized
directly get lb and ub from refined bounds
c shape: torch.Size([9, 1, 10])
lA shapes: [torch.Size([9, 1, 8, 16, 16]), torch.Size([9, 1, 16, 8, 8]), torch.Size([9, 1, 16, 8, 8]), torch.Size([9, 1, 16, 8, 8]), torch.Size([9, 1, 16, 8, 8]), torch.Size([9, 1, 100])]
(alpha-)CROWN with fixed intermediate bounds: tensor([[-7.70110369],
        [-9.68419933],
        [-8.27723598],
        [-8.54119110],
        [-8.46420860],
        [-7.33349895],
        [-6.44824743],
        [-6.43481255],
        [-2.13812971]], device='cuda:0') tensor([[inf],
        [inf],
        [inf],
        [inf],
        [inf],
        [inf],
        [inf],
        [inf],
        [inf]], device='cuda:0')
Intermediate layers: /input,/input-8,/40,/input-20,/45,/input-28
Keeping alphas for these layers: ['/61']
Node /input-4 input 0: size torch.Size([8, 16, 16]) unstable 364
Node /input-12 input 0: size torch.Size([16, 8, 8]) unstable 341
Node /input-16 input 0: size torch.Size([16, 8, 8]) unstable 276
Node /input-24 input 0: size torch.Size([16, 8, 8]) unstable 242
Node /46 input 0: size torch.Size([16, 8, 8]) unstable 390
Node /60 input 0: size torch.Size([100]) unstable 55
-----------------
# of unstable neurons: 1668
-----------------

BaB round 1
batch: 9
splitting decisions: 
split level 0: [/input-8, 991] [/input-8, 923] [/input-8, 355] [/input, 947] [/input, 1039] [/45, 708] [/45, 907] [/input-20, 586] [/40, 213] 
split level 1: [/40, 656] [/input, 790] [/45, 403] [/input, 1045] [/input, 1763] [/40, 356] [/input-8, 362] [/40, 551] [/input-8, 691] 
split level 2: [/input, 1176] [/input-8, 889] [/45, 548] [/input-8, 180] [/input-8, 275] [/input-8, 299] [/input-20, 122] [/40, 243] [/input, 1383] 
split level 3: [/input-20, 562] [/input-28, 32] [/input, 1444] [/45, 958] [/input-8, 137] [/input-8, 206] [/input, 1204] [/input, 1729] [/45, 1003] 
best_l after optimization: -1034.733154296875
beta sum per layer: [5.983126163482666, 13.992481231689453, 19.413909912109375, 5.840490341186523, 25.952861785888672, 2.624488353729248]
alpha/beta optimization time: 0.2167196273803711
pruning_in_iteration open status: False
ratio of positive domain = 0 / 144 = 0.0
pruning-in-iteration extra time: 5.221366882324219e-05
Time: pickout 0.0024    branching_decision 0.0001    decision 0.0001    set_bounds 0.0081    prepare 0.0037    transfer 0.0000    finalize 0.0101    func 0.2365    
Accumulated time: bab_iteration 0.0000    pickout 0.0024    decision 0.0001    branching_decision 0.0001    set_bounds 0.0081    solve 0.0000    func 0.2365    prepare 0.0037    transfer 0.0000    finalize 0.0101    
max lb -1.9971998929977417 min lb -9.68409538269043
Number of Verified Splits: 0 of 144
Current worst splitting domains lb-rhs (depth):
-9.68410 (4), -9.68409 (4), -9.68218 (4), -9.68217 (4), -9.67604 (4), -9.67604 (4), -9.67424 (4), -9.67424 (4), -9.66538 (4), -9.66527 (4), -9.66377 (4), -9.66366 (4), -9.65688 (4), -9.65680 (4), -9.65527 (4), -9.65517 (4), -8.53452 (4), -8.53433 (4), -8.53428 (4), -8.53412 (4), 
Current (lb-rhs): -9.68409538269043
144 domains visited
Length of domains: 144
Cumulative time: 0.3110818862915039

BaB round 2
batch: 144
splitting decisions: 
split level 0: [/45, 543] [/40, 526] [/40, 790] [/input-8, 890] [/input, 1834] [/45, 254] [/40, 915] [/40, 540] [/45, 955] [/input, 1267] 
best_l after optimization: -2060.87890625
beta sum per layer: [13.727631568908691, 32.469322204589844, 81.1808090209961, 32.17703628540039, 79.34286499023438, 8.103248596191406]
alpha/beta optimization time: 0.21550393104553223
pruning_in_iteration open status: False
ratio of positive domain = 0 / 288 = 0.0
pruning-in-iteration extra time: 7.653236389160156e-05
Time: pickout 0.0207    branching_decision 0.0001    decision 0.0001    set_bounds 0.0060    prepare 0.0129    transfer 0.0000    finalize 0.0206    func 0.2567    solve 0.2365    add 0.0013    bab_iteration 0.2486    
Accumulated time: bab_iteration 0.2486    pickout 0.0231    decision 0.0002    branching_decision 0.0002    set_bounds 0.0141    solve 0.2365    func 0.4932    prepare 0.0165    transfer 0.0001    finalize 0.0306    add 0.0013    
max lb -1.8768093585968018 min lb -9.68409252166748
Number of Verified Splits: 0 of 288
Current worst splitting domains lb-rhs (depth):
-9.68409 (5), -9.68213 (5), -9.68040 (5), -9.67914 (5), -9.67582 (5), -9.67516 (5), -9.67515 (5), -9.67480 (5), -9.67386 (5), -9.67384 (5), -9.67321 (5), -9.67305 (5), -9.67247 (5), -9.67130 (5), -9.67124 (5), -9.66364 (5), -9.66343 (5), -9.66336 (5), -9.66171 (5), -9.66145 (5), 
Current (lb-rhs): -9.684091567993164
432 domains visited
Length of domains: 288
Cumulative time: 0.5967831611633301

BaB round 3
batch: 288
splitting decisions: 
split level 0: [/input, 1727] [/40, 902] [/input-8, 904] [/input, 1101] [/45, 367] [/input-8, 985] [/input, 1355] [/input-8, 9] [/input-20, 52] [/40, 781] 
best_l after optimization: -4106.55224609375
beta sum per layer: [34.610111236572266, 80.8994140625, 244.12789916992188, 110.01795959472656, 225.64898681640625, 27.31961441040039]
alpha/beta optimization time: 0.21695423126220703
pruning_in_iteration open status: False
ratio of positive domain = 0 / 576 = 0.0
pruning-in-iteration extra time: 5.1975250244140625e-05
Time: pickout 0.0389    branching_decision 0.0002    decision 0.0002    set_bounds 0.0115    prepare 0.0259    transfer 0.0000    finalize 0.0419    func 0.2942    solve 0.2568    add 0.0019    bab_iteration 0.2857    
Accumulated time: bab_iteration 0.5343    pickout 0.0620    decision 0.0004    branching_decision 0.0004    set_bounds 0.0257    solve 0.4933    func 0.7874    prepare 0.0424    transfer 0.0001    finalize 0.0725    add 0.0032    
max lb -1.6846857070922852 min lb -9.68409252166748
Number of Verified Splits: 0 of 576
Current worst splitting domains lb-rhs (depth):
-9.68409 (6), -9.68210 (6), -9.68148 (6), -9.68029 (6), -9.67902 (6), -9.67817 (6), -9.67579 (6), -9.67502 (6), -9.67452 (6), -9.67415 (6), -9.67361 (6), -9.67360 (6), -9.67336 (6), -9.67278 (6), -9.67236 (6), -9.67221 (6), -9.67219 (6), -9.67219 (6), -9.67130 (6), -9.67094 (6), 
Current (lb-rhs): -9.684091567993164
1008 domains visited
Length of domains: 576
Cumulative time: 0.9448482990264893

BaB round 4
batch: 576
splitting decisions: 
split level 0: [/input-8, 215] [/40, 690] [/45, 397] [/40, 669] [/45, 957] [/input-20, 504] [/input-8, 534] [/40, 352] [/45, 674] [/40, 427] 
best_l after optimization: -8182.451171875
beta sum per layer: [90.53936767578125, 203.21884155273438, 657.01708984375, 321.4371337890625, 601.1282958984375, 80.67259216308594]
alpha/beta optimization time: 0.21916556358337402
pruning_in_iteration open status: False
ratio of positive domain = 0 / 1152 = 0.0
pruning-in-iteration extra time: 5.7220458984375e-05
Time: pickout 0.0784    branching_decision 0.0003    decision 0.0003    set_bounds 0.0232    prepare 0.0528    transfer 0.0000    finalize 0.0851    func 0.3696    solve 0.2943    add 0.0029    bab_iteration 0.3481    
Accumulated time: bab_iteration 0.8824    pickout 0.1404    decision 0.0007    branching_decision 0.0007    set_bounds 0.0488    solve 0.7875    func 1.1571    prepare 0.0952    transfer 0.0002    finalize 0.1576    add 0.0062    
max lb -1.5807400941848755 min lb -9.684011459350586
Number of Verified Splits: 0 of 1152
Current worst splitting domains lb-rhs (depth):
-9.68401 (7), -9.68256 (7), -9.68100 (7), -9.67924 (7), -9.67911 (7), -9.67890 (7), -9.67868 (7), -9.67800 (7), -9.67554 (7), -9.67492 (7), -9.67437 (7), -9.67400 (7), -9.67400 (7), -9.67377 (7), -9.67355 (7), -9.67353 (7), -9.67288 (7), -9.67225 (7), -9.67207 (7), -9.67207 (7), 
Current (lb-rhs): -9.684011459350586
2160 domains visited
Length of domains: 1152
Cumulative time: 1.4216666221618652

BaB round 5
batch: 1152
splitting decisions: 
split level 0: [/input, 1147] [/input-8, 269] [/45, 707] [/input, 1618] [/input-8, 217] [/40, 419] [/input-20, 878] [/40, 650] [/40, 102] [/input-20, 18] 
best_l after optimization: -16299.13671875
beta sum per layer: [213.58468627929688, 493.73529052734375, 1662.5234375, 864.348388671875, 1536.7421875, 220.18118286132812]
alpha/beta optimization time: 0.2271876335144043
pruning_in_iteration open status: False
ratio of positive domain = 0 / 2304 = 0.0
pruning-in-iteration extra time: 5.316734313964844e-05
Time: pickout 0.1592    branching_decision 0.0006    decision 0.0006    set_bounds 0.0467    prepare 0.1069    transfer 0.0000    finalize 0.1728    func 0.5277    solve 0.3697    add 0.0049    bab_iteration 0.4768    
Accumulated time: bab_iteration 1.3592    pickout 0.2995    decision 0.0013    branching_decision 0.0012    set_bounds 0.0956    solve 1.1572    func 1.6848    prepare 0.2021    transfer 0.0002    finalize 0.3304    add 0.0111    
max lb -1.4799509048461914 min lb -9.684011459350586
Number of Verified Splits: 0 of 2304
Current worst splitting domains lb-rhs (depth):
-9.68401 (8), -9.68376 (8), -9.68255 (8), -9.68091 (8), -9.68088 (8), -9.67911 (8), -9.67886 (8), -9.67861 (8), -9.67803 (8), -9.67608 (8), -9.67553 (8), -9.67482 (8), -9.67394 (8), -9.67389 (8), -9.67380 (8), -9.67341 (8), -9.67340 (8), -9.67271 (8), -9.67268 (8), -9.67239 (8), 
Current (lb-rhs): -9.684011459350586
4464 domains visited
Length of domains: 2304
Cumulative time: 2.1650350093841553

BaB round 6
batch: 2048
splitting decisions: 
split level 0: [/45, 213] [/input, 1651] [/input, 1082] [/40, 186] [/input-8, 199] [/45, 106] [/input, 1629] [/40, 929] [/45, 182] [/input-20, 738] 
best_l after optimization: -28858.515625
beta sum per layer: [439.45428466796875, 1032.207763671875, 3549.7890625, 1943.477294921875, 3345.813232421875, 492.4107666015625]
alpha/beta optimization time: 0.28987860679626465
pruning_in_iteration open status: False
ratio of positive domain = 0 / 4096 = 0.0
pruning-in-iteration extra time: 5.316734313964844e-05
Time: pickout 0.4296    branching_decision 0.0008    decision 0.0008    set_bounds 0.0862    prepare 0.1921    transfer 0.0000    finalize 0.3108    func 0.8236    solve 0.5278    add 0.0084    bab_iteration 0.7434    
Accumulated time: bab_iteration 2.1026    pickout 0.7291    decision 0.0022    branching_decision 0.0020    set_bounds 0.1818    solve 1.6850    func 2.5084    prepare 0.3942    transfer 0.0003    finalize 0.6412    add 0.0195    
max lb -1.2271637916564941 min lb -9.683992385864258
Number of Verified Splits: 0 of 4096
Current worst splitting domains lb-rhs (depth):
-9.68399 (9), -9.68362 (9), -9.68080 (9), -9.68056 (9), -9.68033 (9), -9.67911 (8), -9.67878 (9), -9.67861 (9), -9.67846 (9), -9.67553 (9), -9.67531 (9), -9.67512 (9), -9.67471 (9), -9.67418 (9), -9.67394 (9), -9.67330 (9), -9.67326 (9), -9.67325 (9), -9.67323 (9), -9.67322 (9), 
Current (lb-rhs): -9.683992385864258
8560 domains visited
Length of domains: 4352
current_vram/total_varm: 2.6GB/47.7GB, batch_size increase to 4096
Cumulative time: 3.5244412422180176

BaB round 7
batch: 4096
splitting decisions: 
split level 0: [/input-8, 861] [/40, 656] [/40, 371] [/input-20, 224] [/input-8, 501] [/input, 1838] [/input-8, 332] [/40, 898] [/40, 914] [/input, 1446] 
best_l after optimization: -57465.48046875
beta sum per layer: [1059.7271728515625, 2446.653076171875, 8224.8798828125, 4807.87548828125, 8150.12841796875, 1241.5859375]
alpha/beta optimization time: 0.7313082218170166
pruning_in_iteration open status: False
ratio of positive domain = 0 / 8192 = 0.0
pruning-in-iteration extra time: 5.221366882324219e-05
Time: pickout 0.5969    branching_decision 0.1472    decision 0.1472    set_bounds 0.1707    prepare 0.3933    transfer 0.0001    finalize 0.6397    func 1.8182    solve 0.8237    add 0.0179    bab_iteration 1.3594    
Accumulated time: bab_iteration 3.4620    pickout 1.3260    decision 0.1494    branching_decision 0.1492    set_bounds 0.3525    solve 2.5087    func 4.3266    prepare 0.7876    transfer 0.0003    finalize 1.2809    add 0.0375    
max lb -0.9375920295715332 min lb -9.683992385864258
Number of Verified Splits: 0 of 8192
Current worst splitting domains lb-rhs (depth):
-9.68399 (10), -9.68141 (10), -9.68039 (10), -9.68031 (10), -9.67958 (10), -9.67911 (8), -9.67830 (10), -9.67826 (10), -9.67819 (10), -9.67582 (10), -9.67513 (10), -9.67462 (10), -9.67455 (10), -9.67450 (10), -9.67450 (10), -9.67449 (10), -9.67393 (10), -9.67371 (10), -9.67358 (10), -9.67326 (10), 
Current (lb-rhs): -9.683992385864258
16752 domains visited
Length of domains: 8448
current_vram/total_varm: 5.6GB/47.7GB, batch_size increase to 8192
Cumulative time: 6.449740171432495

BaB round 8
batch: 8192
splitting decisions: 
split level 0: [/input-20, 862] [/input-8, 210] [/input-20, 215] [/input-8, 404] [/input, 1455] [/input-20, 556] [/40, 922] [/input-8, 625] [/input-20, 866] [/input-8, 213] 
best_l after optimization: -114407.828125
beta sum per layer: [2472.51318359375, 5776.5546875, 18974.24609375, 11652.66015625, 19505.9453125, 3054.6884765625]
alpha/beta optimization time: 1.5304961204528809
pruning_in_iteration open status: False
ratio of positive domain = 0 / 16384 = 0.0
pruning-in-iteration extra time: 5.5789947509765625e-05
Time: pickout 1.4126    branching_decision 0.0022    decision 0.0022    set_bounds 0.3399    prepare 0.7936    transfer 0.0001    finalize 1.4837    func 3.9120    solve 1.8182    add 0.1904    bab_iteration 2.9253    
Accumulated time: bab_iteration 6.3873    pickout 2.7386    decision 0.1516    branching_decision 0.1515    set_bounds 0.6925    solve 4.3269    func 8.2386    prepare 1.5811    transfer 0.0004    finalize 2.7647    add 0.2279    
max lb -0.7659268379211426 min lb -9.683460235595703
Number of Verified Splits: 0 of 16384
Current worst splitting domains lb-rhs (depth):
-9.68346 (11), -9.68189 (11), -9.68141 (11), -9.68031 (11), -9.68031 (11), -9.67940 (11), -9.67924 (11), -9.67911 (8), -9.67830 (11), -9.67820 (11), -9.67803 (11), -9.67782 (11), -9.67640 (11), -9.67572 (11), -9.67513 (11), -9.67513 (11), -9.67455 (11), -9.67449 (11), -9.67440 (11), -9.67396 (11), 
Current (lb-rhs): -9.683460235595703
33136 domains visited
Length of domains: 16640
current_vram/total_varm: 12.3GB/47.7GB, batch_size increase to 16384
Cumulative time: 12.178886413574219

BaB round 9
batch: 16384
splitting decisions: 
split level 0: [/input-20, 74] [/input, 1617] [/input-8, 398] [/40, 673] [/40, 949] [/input-20, 772] [/input-8, 267] [/40, 328] [/input-8, 188] [/45, 929] 
best_l after optimization: -227732.28125
beta sum per layer: [5769.71337890625, 13524.51171875, 43433.6953125, 27689.71875, 46003.1328125, 7287.740234375]
alpha/beta optimization time: 3.07838773727417
pruning_in_iteration open status: False
ratio of positive domain = 0 / 32768 = 0.0
pruning-in-iteration extra time: 5.698204040527344e-05
Time: pickout 3.0497    branching_decision 0.0040    decision 0.0040    set_bounds 0.9289    prepare 1.6245    transfer 0.0008    finalize 2.9496    func 8.3814    solve 3.9121    add 0.0579    bab_iteration 5.7291    
Accumulated time: bab_iteration 12.1164    pickout 5.7883    decision 0.1557    branching_decision 0.1555    set_bounds 1.6214    solve 8.2389    func 16.6200    prepare 3.2056    transfer 0.0013    finalize 5.7143    add 0.2858    
max lb -0.4593639373779297 min lb -9.683459281921387
Number of Verified Splits: 0 of 32768
Current worst splitting domains lb-rhs (depth):
-9.68346 (12), -9.68133 (12), -9.68064 (12), -9.67966 (12), -9.67959 (12), -9.67940 (12), -9.67911 (8), -9.67907 (12), -9.67858 (12), -9.67830 (12), -9.67823 (12), -9.67814 (12), -9.67813 (12), -9.67798 (12), -9.67778 (12), -9.67775 (12), -9.67766 (12), -9.67763 (12), -9.67565 (12), -9.67538 (12), 
Current (lb-rhs): -9.683459281921387
65904 domains visited
Length of domains: 33024
Cumulative time: 24.657777070999146

BaB round 10
batch: 16384
splitting decisions: 
split level 0: [/45, 126] [/40, 919] [/input, 1839] [/45, 986] [/45, 38] [/input, 1036] [/45, 195] [/45, 797] [/input, 1068] [/45, 989] 
best_l after optimization: -226777.34375
beta sum per layer: [6455.2685546875, 15476.3359375, 48809.84375, 31919.517578125, 53007.09765625, 8434.5234375]
alpha/beta optimization time: 3.0784780979156494
pruning_in_iteration open status: False
ratio of positive domain = 0 / 32768 = 0.0
pruning-in-iteration extra time: 6.0558319091796875e-05
Time: pickout 3.0099    branching_decision 0.0039    decision 0.0039    set_bounds 1.0182    prepare 1.6517    transfer 0.0001    finalize 3.0457    func 7.9851    solve 8.3815    add 0.1066    bab_iteration 12.4789    
Accumulated time: bab_iteration 24.5953    pickout 8.7982    decision 0.1596    branching_decision 0.1594    set_bounds 2.6396    solve 16.6204    func 24.6051    prepare 4.8574    transfer 0.0014    finalize 8.7599    add 0.3923    
max lb -0.041225433349609375 min lb -9.681177139282227
Number of Verified Splits: 0 of 32768
Current worst splitting domains lb-rhs (depth):
-9.68133 (12), -9.68118 (13), -9.68011 (13), -9.67978 (13), -9.67966 (12), -9.67916 (13), -9.67911 (8), -9.67906 (13), -9.67877 (13), -9.67858 (12), -9.67851 (13), -9.67823 (12), -9.67814 (13), -9.67813 (12), -9.67795 (13), -9.67785 (13), -9.67778 (12), -9.67775 (12), -9.67766 (12), -9.67751 (13), 
Current (lb-rhs): -9.681330680847168
98672 domains visited
Length of domains: 49408
Cumulative time: 36.784037590026855

BaB round 11
batch: 16384
splitting decisions: 
split level 0: [/45, 542] [/45, 462] [/45, 989] [/input-8, 25] [/input, 1032] [/45, 678] [/input, 1404] [/input-8, 210] [/input-8, 218] [/input-8, 142] 
best_l after optimization: -225808.4375
beta sum per layer: [7230.23828125, 17561.4296875, 54410.98046875, 36336.8984375, 60572.05859375, 9563.373046875]
alpha/beta optimization time: 3.078317880630493
pruning_in_iteration open status: False
ratio of positive domain = 4 / 32768 = 0.0001220703125
pruning-in-iteration extra time: 5.745887756347656e-05
Time: pickout 3.1485    branching_decision 0.0039    decision 0.0039    set_bounds 1.1144    prepare 1.6732    transfer 0.0001    finalize 3.1882    func 8.1503    solve 7.9852    add 0.1002    bab_iteration 12.1263    
Accumulated time: bab_iteration 36.7216    pickout 11.9467    decision 0.1635    branching_decision 0.1632    set_bounds 3.7540    solve 24.6056    func 32.7554    prepare 6.5306    transfer 0.0015    finalize 11.9481    add 0.4925    
max lb 0.10165739059448242 min lb -9.68107795715332
Number of Verified Splits: 4 of 32768
Current worst splitting domains lb-rhs (depth):
-9.68133 (12), -9.68108 (14), -9.68010 (14), -9.67978 (13), -9.67966 (12), -9.67916 (13), -9.67911 (8), -9.67906 (14), -9.67858 (12), -9.67854 (14), -9.67851 (13), -9.67823 (12), -9.67814 (13), -9.67813 (12), -9.67795 (14), -9.67778 (12), -9.67778 (14), -9.67775 (12), -9.67766 (12), -9.67751 (14), 
Current (lb-rhs): -9.681330680847168
131440 domains visited
Length of domains: 65788
Cumulative time: 49.35022783279419

BaB round 12
batch: 16384
splitting decisions: 
split level 0: [/input, 1387] [/45, 674] [/input-20, 44] [/input, 1416] [/45, 122] [/40, 434] [/40, 107] [/40, 658] [/input-20, 586] [/45, 209] 
best_l after optimization: -224863.21875
beta sum per layer: [8044.04638671875, 19868.0625, 60155.171875, 40845.1171875, 68368.4375, 10708.58984375]
alpha/beta optimization time: 3.078700065612793
pruning_in_iteration open status: False
ratio of positive domain = 5 / 32768 = 0.000152587890625
pruning-in-iteration extra time: 9.298324584960938e-05
Time: pickout 3.3233    branching_decision 0.0040    decision 0.0040    set_bounds 0.7142    prepare 1.6821    transfer 0.0001    finalize 3.3201    func 8.2978    solve 8.1503    add 0.1397    bab_iteration 12.5662    
Accumulated time: bab_iteration 49.2877    pickout 15.2700    decision 0.1675    branching_decision 0.1672    set_bounds 4.4682    solve 32.7559    func 41.0532    prepare 8.2126    transfer 0.0017    finalize 15.2682    add 0.6322    
max lb 0.38024723529815674 min lb -9.681078910827637
Number of Verified Splits: 5 of 32768
Current worst splitting domains lb-rhs (depth):
-9.68133 (12), -9.68108 (15), -9.68010 (14), -9.67978 (13), -9.67966 (12), -9.67916 (13), -9.67911 (8), -9.67906 (14), -9.67858 (12), -9.67851 (13), -9.67842 (15), -9.67823 (12), -9.67822 (15), -9.67814 (13), -9.67813 (12), -9.67795 (14), -9.67778 (12), -9.67775 (12), -9.67766 (12), -9.67751 (15), 
Current (lb-rhs): -9.681330680847168
164208 domains visited
Length of domains: 82167
Time out!!!!!!!!
Result: unknown in 67.9769 seconds

 %%%%%%%%%%%%%%%%%%%%%%%%%%%%%%%%%%% idx: 7, vnnlib ID: 7 %%%%%%%%%%%%%%%%%%%%%%%%%%%%%%%%%%%
Finished vnnlib processing in 0.003398 seconds
Model: BoundedModule(
  (/input-1): BoundInput(name=/input-1, inputs=[], perturbed=True)
  (/shape): BoundBuffers(name=/shape, inputs=[], perturbed=False)
  (/18): BoundParams(name=/18, inputs=[], perturbed=False)
  (/19): BoundParams(name=/19, inputs=[], perturbed=False)
  (/20): BoundParams(name=/20, inputs=[], perturbed=False)
  (/21): BoundParams(name=/21, inputs=[], perturbed=False)
  (/22): BoundParams(name=/22, inputs=[], perturbed=False)
  (/23): BoundParams(name=/23, inputs=[], perturbed=False)
  (/24): BoundParams(name=/24, inputs=[], perturbed=False)
  (/25): BoundParams(name=/25, inputs=[], perturbed=False)
  (/26): BoundParams(name=/26, inputs=[], perturbed=False)
  (/27): BoundParams(name=/27, inputs=[], perturbed=False)
  (/28): BoundParams(name=/28, inputs=[], perturbed=False)
  (/29): BoundParams(name=/29, inputs=[], perturbed=False)
  (/30): BoundParams(name=/30, inputs=[], perturbed=False)
  (/31): BoundParams(name=/31, inputs=[], perturbed=False)
  (/32): BoundParams(name=/32, inputs=[], perturbed=False)
  (/33): BoundParams(name=/33, inputs=[], perturbed=False)
  (/input): BoundConv(name=/input, inputs=[/input-1, /18, /19], perturbed=True)
  (/input-4): BoundRelu(name=/input-4, inputs=[/input], perturbed=True)
  (/input-8): BoundConv(name=/input-8, inputs=[/input-4, /20, /21], perturbed=True)
  (/37): BoundConv(name=/37, inputs=[/input-4, /22, /23], perturbed=True)
  (/input-12): BoundRelu(name=/input-12, inputs=[/input-8], perturbed=True)
  (/39): BoundConv(name=/39, inputs=[/input-12, /24, /25], perturbed=True)
  (/40): BoundAdd(name=/40, inputs=[/39, /37], perturbed=True)
  (/input-16): BoundRelu(name=/input-16, inputs=[/40], perturbed=True)
  (/input-20): BoundConv(name=/input-20, inputs=[/input-16, /26, /27], perturbed=True)
  (/input-24): BoundRelu(name=/input-24, inputs=[/input-20], perturbed=True)
  (/44): BoundConv(name=/44, inputs=[/input-24, /28, /29], perturbed=True)
  (/45): BoundAdd(name=/45, inputs=[/44, /input-16], perturbed=True)
  (/46): BoundRelu(name=/46, inputs=[/45], perturbed=True)
  (/47): BoundSplit(name=/47, inputs=[/shape], perturbed=False)
  (/48): BoundSplit(name=/48, inputs=[/shape], perturbed=False)
  (/49): BoundConstant(name=/49, value=tensor([0], device='cuda:0'))
  (/50): BoundSqueeze(name=/50, inputs=[/47, /49], perturbed=False)
  (/51): BoundConstant(name=/51, value=tensor([0], device='cuda:0'))
  (/52): BoundSqueeze(name=/52, inputs=[/48, /51], perturbed=False)
  (/53): BoundConstant(name=/53, value=tensor([0], device='cuda:0'))
  (/54): BoundUnsqueeze(name=/54, inputs=[/50, /53], perturbed=False)
  (/55): BoundConstant(name=/55, value=tensor([0], device='cuda:0'))
  (/56): BoundUnsqueeze(name=/56, inputs=[/52, /55], perturbed=False)
  (/57): BoundConcat(name=/57, inputs=[/54, /56], perturbed=False)
  (/58): BoundReshape(name=/58, inputs=[/46, /57], perturbed=True)
  (/input-28): BoundLinear(name=/input-28, inputs=[/58, /30, /31], perturbed=True)
  (/60): BoundRelu(name=/60, inputs=[/input-28], perturbed=True)
  (/61): BoundLinear(name=/61, inputs=[/60, /32, /33], perturbed=True)
)
Original output in the first batch: tensor([[ 1.49128604, -3.93772888,  2.28527236,  0.67974061,  2.04021549,
          0.37759352,  0.49023026, -1.34010291,  1.07943070, -3.16597986]],
       device='cuda:0')
Split layers:
Nonlinear functions:
   BoundRelu(name=/input-4, inputs=[/input], perturbed=True)
   BoundRelu(name=/input-12, inputs=[/input-8], perturbed=True)
   BoundRelu(name=/input-16, inputs=[/40], perturbed=True)
   BoundRelu(name=/input-24, inputs=[/input-20], perturbed=True)
   BoundRelu(name=/46, inputs=[/45], perturbed=True)
   BoundRelu(name=/60, inputs=[/input-28], perturbed=True)
build batch [1/1]
layer /input-4 using sparse-features alpha with shape [409]; unstable size 409; total size 2048 ([1, 8, 16, 16])
layer /input-4 start_node /input-8 using sparse-spec alpha [2, 405, 1, 409] with unstable size 404 total_size 1024 output_shape (16, 8, 8)
layer /input-4 start_node /40 using sparse-spec alpha [2, 263, 1, 409] with unstable size 262 total_size 1024 output_shape (16, 8, 8)
layer /input-4 start_node /input-20 using sparse-spec alpha [2, 209, 1, 409] with unstable size 208 total_size 1024 output_shape (16, 8, 8)
layer /input-4 start_node /45 using sparse-spec alpha [2, 349, 1, 409] with unstable size 348 total_size 1024 output_shape (16, 8, 8)
layer /input-4 start_node /input-28 using sparse-spec alpha [2, 51, 1, 409] with unstable size 50 total_size 100 output_shape torch.Size([100])
layer /input-4 start_node /61 using full alpha [2, 9, 1, 409] with unstable size None total_size 9 output_shape 9
layer /input-12 using sparse-features alpha with shape [404]; unstable size 404; total size 1024 ([1, 16, 8, 8])
layer /input-12 start_node /40 using sparse-spec alpha [2, 263, 1, 404] with unstable size 262 total_size 1024 output_shape (16, 8, 8)
layer /input-12 start_node /input-20 using sparse-spec alpha [2, 209, 1, 404] with unstable size 208 total_size 1024 output_shape (16, 8, 8)
layer /input-12 start_node /45 using sparse-spec alpha [2, 349, 1, 404] with unstable size 348 total_size 1024 output_shape (16, 8, 8)
layer /input-12 start_node /input-28 using sparse-spec alpha [2, 51, 1, 404] with unstable size 50 total_size 100 output_shape torch.Size([100])
layer /input-12 start_node /61 using full alpha [2, 9, 1, 404] with unstable size None total_size 9 output_shape 9
layer /input-16 using sparse-features alpha with shape [262]; unstable size 262; total size 1024 ([1, 16, 8, 8])
layer /input-16 start_node /input-20 using sparse-spec alpha [2, 209, 1, 262] with unstable size 208 total_size 1024 output_shape (16, 8, 8)
layer /input-16 start_node /45 using sparse-spec alpha [2, 349, 1, 262] with unstable size 348 total_size 1024 output_shape (16, 8, 8)
layer /input-16 start_node /input-28 using sparse-spec alpha [2, 51, 1, 262] with unstable size 50 total_size 100 output_shape torch.Size([100])
layer /input-16 start_node /61 using full alpha [2, 9, 1, 262] with unstable size None total_size 9 output_shape 9
layer /input-24 using sparse-features alpha with shape [208]; unstable size 208; total size 1024 ([1, 16, 8, 8])
layer /input-24 start_node /45 using sparse-spec alpha [2, 349, 1, 208] with unstable size 348 total_size 1024 output_shape (16, 8, 8)
layer /input-24 start_node /input-28 using sparse-spec alpha [2, 51, 1, 208] with unstable size 50 total_size 100 output_shape torch.Size([100])
layer /input-24 start_node /61 using full alpha [2, 9, 1, 208] with unstable size None total_size 9 output_shape 9
layer /46 using sparse-features alpha with shape [348]; unstable size 348; total size 1024 ([1, 16, 8, 8])
layer /46 start_node /input-28 using sparse-spec alpha [2, 51, 1, 348] with unstable size 50 total_size 100 output_shape torch.Size([100])
layer /46 start_node /61 using full alpha [2, 9, 1, 348] with unstable size None total_size 9 output_shape 9
layer /60 using sparse-features alpha with shape [50]; unstable size 50; total size 100 ([1, 100])
layer /60 start_node /61 using full alpha [2, 9, 1, 50] with unstable size None total_size 9 output_shape 9
Optimizable variables initialized.
initial CROWN bounds (first 10 items): [-4.767246723175049, 0.41115808486938477, -4.698150157928467, -2.5316991806030273, -4.197900295257568, -2.5618581771850586, -2.0853095054626465, -4.2419257164001465, 0.06435161828994751]
prune_after_crown optimization in use
  original spec size = torch.Size([1, 9])
  pruned spec size = torch.Size([1, 7])
Using alpha-CROWN to initialize bounds.
best_l after optimization: -19.584300994873047
alpha/beta optimization time: 5.190837621688843
initial alpha-crown bounds (first 10 items): [-3.7685139179229736, -3.9943618774414062, -1.9951958656311035, -3.4859418869018555, -1.952484130859375, -1.0656317472457886, -3.3221702575683594]
Global lower bound: -3.9943618774414062
2 / 9 OR specs are verified.
Verified OR indices (first 10 items): [1, 8]
Verified OR lbs (first 10 items): [[inf], [inf]]
Unverified OR indices (first 10 items): [0, 2, 3, 4, 5, 6, 7]
Unverified OR lbs (first 10 items): [[-3.7685139179229736], [-3.9943618774414062], [-1.9951958656311035], [-3.4859418869018555], [-1.952484130859375], [-1.0656317472457886], [-3.3221702575683594]]
###### Verifying property Instance 7 ######
Batch size: 7
First 10 spec matrices
C: tensor([[[-1.,  0.,  0.,  0.,  0.,  0.,  1.,  0.,  0.,  0.]],

        [[ 0.,  0., -1.,  0.,  0.,  0.,  1.,  0.,  0.,  0.]],

        [[ 0.,  0.,  0., -1.,  0.,  0.,  1.,  0.,  0.,  0.]],

        [[ 0.,  0.,  0.,  0., -1.,  0.,  1.,  0.,  0.,  0.]],

        [[ 0.,  0.,  0.,  0.,  0., -1.,  1.,  0.,  0.,  0.]],

        [[ 0.,  0.,  0.,  0.,  0.,  0.,  1., -1.,  0.,  0.]],

        [[ 0.,  0.,  0.,  0.,  0.,  0.,  1.,  0., -1.,  0.]]], device='cuda:0')
RHS: tensor([[0.],
        [0.],
        [0.],
        [0.],
        [0.],
        [0.],
        [0.]], device='cuda:0')
OR spec sizes: tensor([1, 1, 1, 1, 1, 1, 1], device='cuda:0', dtype=torch.int32)
Remaining timeout: 54.28684997558594
Model prediction is: tensor([ 1.49128604, -3.93772888,  2.28527236,  0.67974061,  2.04021549,
         0.37759352,  0.49023026, -1.34010291,  1.07943070, -3.16597986],
       device='cuda:0')
Activation BaB batch 1/1 
build_with_refined_bounds batch [1/1]
Optimizable variables initialized.
all alpha initialized
directly get lb and ub from refined bounds
c shape: torch.Size([7, 1, 10])
lA shapes: [torch.Size([7, 1, 8, 16, 16]), torch.Size([7, 1, 16, 8, 8]), torch.Size([7, 1, 16, 8, 8]), torch.Size([7, 1, 16, 8, 8]), torch.Size([7, 1, 16, 8, 8]), torch.Size([7, 1, 100])]
(alpha-)CROWN with fixed intermediate bounds: tensor([[-3.76851392],
        [-3.99436188],
        [-1.99519587],
        [-3.48594189],
        [-1.95248413],
        [-1.06563175],
        [-3.32217026]], device='cuda:0') tensor([[inf],
        [inf],
        [inf],
        [inf],
        [inf],
        [inf],
        [inf]], device='cuda:0')
Intermediate layers: /input,/input-8,/40,/input-20,/45,/input-28
Keeping alphas for these layers: ['/61']
Node /input-4 input 0: size torch.Size([8, 16, 16]) unstable 409
Node /input-12 input 0: size torch.Size([16, 8, 8]) unstable 400
Node /input-16 input 0: size torch.Size([16, 8, 8]) unstable 245
Node /input-24 input 0: size torch.Size([16, 8, 8]) unstable 193
Node /46 input 0: size torch.Size([16, 8, 8]) unstable 302
Node /60 input 0: size torch.Size([100]) unstable 44
-----------------
# of unstable neurons: 1593
-----------------

BaB round 1
batch: 7
splitting decisions: 
split level 0: [/40, 178] [/40, 673] [/40, 66] [/45, 205] [/input-20, 225] [/input, 973] [/40, 391] 
split level 1: [/input, 1381] [/input, 1499] [/input-8, 735] [/input, 1578] [/input-28, 78] [/40, 444] [/input, 1180] 
split level 2: [/input, 1577] [/input-20, 304] [/input-8, 421] [/input-20, 553] [/input, 953] [/45, 949] [/45, 475] 
split level 3: [/input, 1071] [/input, 1424] [/45, 101] [/40, 234] [/input-20, 884] [/input-20, 84] [/input-8, 939] 
best_l after optimization: -307.8919982910156
beta sum per layer: [7.800240516662598, 7.255494594573975, 26.493621826171875, 12.051996231079102, 12.759943008422852, 5.1554036140441895]
alpha/beta optimization time: 0.2221202850341797
pruning_in_iteration open status: False
ratio of positive domain = 0 / 112 = 0.0
pruning-in-iteration extra time: 0.00010061264038085938
Time: pickout 0.0023    branching_decision 0.0001    decision 0.0001    set_bounds 0.0065    prepare 0.0030    transfer 0.0000    finalize 0.0081    func 0.2392    
Accumulated time: bab_iteration 0.0000    pickout 0.0023    decision 0.0001    branching_decision 0.0001    set_bounds 0.0065    solve 0.0000    func 0.2392    prepare 0.0030    transfer 0.0000    finalize 0.0081    
max lb -1.0307316780090332 min lb -3.99420166015625
Number of Verified Splits: 0 of 112
Current worst splitting domains lb-rhs (depth):
-3.99420 (4), -3.99408 (4), -3.99269 (4), -3.99256 (4), -3.97221 (4), -3.97214 (4), -3.96562 (4), -3.96550 (4), -3.94486 (4), -3.94476 (4), -3.94180 (4), -3.94170 (4), -3.91316 (4), -3.91305 (4), -3.90656 (4), -3.90645 (4), -3.76835 (4), -3.76832 (4), -3.76807 (4), -3.76802 (4), 
Current (lb-rhs): -3.99420166015625
112 domains visited
Length of domains: 112
Cumulative time: 0.30548810958862305

BaB round 2
batch: 112
splitting decisions: 
split level 0: [/input-8, 314] [/input, 1677] [/input-8, 575] [/40, 356] [/input-8, 656] [/input-8, 43] [/input, 1360] [/45, 355] [/input-20, 387] [/45, 1012] 
best_l after optimization: -610.3997192382812
beta sum per layer: [21.05517578125, 18.12975311279297, 92.65574645996094, 53.85029602050781, 55.96855163574219, 13.631536483764648]
alpha/beta optimization time: 0.21099162101745605
pruning_in_iteration open status: False
ratio of positive domain = 0 / 224 = 0.0
pruning-in-iteration extra time: 8.320808410644531e-05
Time: pickout 0.0178    branching_decision 0.0001    decision 0.0001    set_bounds 0.0050    prepare 0.0102    transfer 0.0000    finalize 0.0165    func 0.2444    solve 0.2392    add 0.0014    bab_iteration 0.2496    
Accumulated time: bab_iteration 0.2496    pickout 0.0200    decision 0.0002    branching_decision 0.0002    set_bounds 0.0115    solve 0.2392    func 0.4835    prepare 0.0132    transfer 0.0001    finalize 0.0247    add 0.0014    
max lb -0.7690393328666687 min lb -3.994192361831665
Number of Verified Splits: 0 of 224
Current worst splitting domains lb-rhs (depth):
-3.99419 (5), -3.99330 (5), -3.99268 (5), -3.99001 (5), -3.98941 (5), -3.98618 (5), -3.97113 (5), -3.96965 (5), -3.96906 (5), -3.96424 (5), -3.96417 (5), -3.96413 (5), -3.95980 (5), -3.94188 (5), -3.93814 (5), -3.92847 (5), -3.92808 (5), -3.92394 (5), -3.92389 (5), -3.92293 (5), 
Current (lb-rhs): -3.994192361831665
336 domains visited
Length of domains: 224
Cumulative time: 0.5745933055877686

BaB round 3
batch: 224
splitting decisions: 
split level 0: [/input-8, 309] [/40, 90] [/input, 1304] [/45, 802] [/input-20, 841] [/40, 698] [/input-20, 200] [/40, 395] [/40, 391] [/input-8, 651] 
best_l after optimization: -1211.64892578125
beta sum per layer: [55.45793533325195, 45.64697265625, 237.62496948242188, 166.91978454589844, 174.77386474609375, 36.393272399902344]
alpha/beta optimization time: 0.2173151969909668
pruning_in_iteration open status: False
ratio of positive domain = 0 / 448 = 0.0
pruning-in-iteration extra time: 7.295608520507812e-05
Time: pickout 0.0317    branching_decision 0.0001    decision 0.0002    set_bounds 0.0100    prepare 0.0199    transfer 0.0000    finalize 0.0330    func 0.2803    solve 0.2444    add 0.0017    bab_iteration 0.2691    
Accumulated time: bab_iteration 0.5187    pickout 0.0517    decision 0.0004    branching_decision 0.0003    set_bounds 0.0215    solve 0.4836    func 0.7639    prepare 0.0331    transfer 0.0001    finalize 0.0577    add 0.0031    
max lb -0.5719785690307617 min lb -3.9941911697387695
Number of Verified Splits: 0 of 448
Current worst splitting domains lb-rhs (depth):
-3.99419 (6), -3.99417 (6), -3.99330 (6), -3.99263 (6), -3.99059 (6), -3.99001 (6), -3.99001 (6), -3.98978 (6), -3.98889 (6), -3.98600 (6), -3.98563 (6), -3.98549 (6), -3.97035 (6), -3.96900 (6), -3.96897 (6), -3.96820 (6), -3.96353 (6), -3.96340 (6), -3.96312 (6), -3.96303 (6), 
Current (lb-rhs): -3.9941911697387695
784 domains visited
Length of domains: 448
Cumulative time: 0.8995270729064941

BaB round 4
batch: 448
splitting decisions: 
split level 0: [/input, 1284] [/input-8, 999] [/input, 1344] [/input-8, 302] [/input-8, 982] [/40, 77] [/input, 1327] [/45, 69] [/40, 547] [/40, 374] 
best_l after optimization: -2403.38134765625
beta sum per layer: [128.65982055664062, 123.38811492919922, 604.722900390625, 446.465087890625, 477.5391540527344, 89.56167602539062]
alpha/beta optimization time: 0.21782374382019043
pruning_in_iteration open status: False
ratio of positive domain = 0 / 896 = 0.0
pruning-in-iteration extra time: 7.200241088867188e-05
Time: pickout 0.0621    branching_decision 0.0003    decision 0.0003    set_bounds 0.0184    prepare 0.0411    transfer 0.0000    finalize 0.0659    func 0.3369    solve 0.2804    add 0.0025    bab_iteration 0.3249    
Accumulated time: bab_iteration 0.8437    pickout 0.1139    decision 0.0006    branching_decision 0.0006    set_bounds 0.0399    solve 0.7640    func 1.1008    prepare 0.0742    transfer 0.0002    finalize 0.1236    add 0.0056    
max lb -0.3984375 min lb -3.9941940307617188
Number of Verified Splits: 0 of 896
Current worst splitting domains lb-rhs (depth):
-3.99419 (7), -3.99419 (7), -3.99415 (7), -3.99398 (7), -3.99329 (7), -3.99263 (7), -3.99263 (7), -3.99036 (7), -3.98974 (7), -3.98973 (7), -3.98936 (7), -3.98883 (7), -3.98844 (7), -3.98726 (7), -3.98684 (7), -3.98535 (7), -3.98484 (7), -3.98475 (7), -3.98462 (7), -3.98329 (7), 
Current (lb-rhs): -3.9941911697387695
1680 domains visited
Length of domains: 896
Cumulative time: 1.3214976787567139

BaB round 5
batch: 896
splitting decisions: 
split level 0: [/input-8, 606] [/40, 547] [/40, 80] [/input-8, 683] [/input, 819] [/input-8, 357] [/40, 125] [/input, 1365] [/input-20, 256] [/input-8, 711] 
best_l after optimization: -4765.0771484375
beta sum per layer: [320.629150390625, 323.091064453125, 1503.636962890625, 1143.098876953125, 1248.390380859375, 216.240234375]
alpha/beta optimization time: 0.21315646171569824
pruning_in_iteration open status: False
ratio of positive domain = 0 / 1792 = 0.0
pruning-in-iteration extra time: 5.1975250244140625e-05
Time: pickout 0.1243    branching_decision 0.0005    decision 0.0005    set_bounds 0.0365    prepare 0.0830    transfer 0.0000    finalize 0.1346    func 0.4493    solve 0.3370    add 0.0039    bab_iteration 0.4220    
Accumulated time: bab_iteration 1.2656    pickout 0.2381    decision 0.0011    branching_decision 0.0011    set_bounds 0.0763    solve 1.1009    func 1.5501    prepare 0.1572    transfer 0.0002    finalize 0.2581    add 0.0095    
max lb -0.33441340923309326 min lb -3.9941134452819824
Number of Verified Splits: 0 of 1792
Current worst splitting domains lb-rhs (depth):
-3.99411 (8), -3.99398 (8), -3.99347 (8), -3.99329 (8), -3.99250 (8), -3.99246 (8), -3.99227 (8), -3.99170 (8), -3.99167 (8), -3.99048 (8), -3.98968 (8), -3.98968 (8), -3.98948 (8), -3.98936 (8), -3.98865 (8), -3.98865 (8), -3.98831 (8), -3.98828 (8), -3.98706 (8), -3.98692 (8), 
Current (lb-rhs): -3.9941134452819824
3472 domains visited
Length of domains: 1792
Cumulative time: 1.940408706665039

BaB round 6
batch: 1792
splitting decisions: 
split level 0: [/input-8, 682] [/input-8, 302] [/input-8, 585] [/input, 1006] [/input, 1413] [/input, 1365] [/input-28, 82] [/input, 1738] [/input-8, 696] [/input, 866] 
best_l after optimization: -9448.685546875
beta sum per layer: [751.3453369140625, 834.190185546875, 3624.960205078125, 2818.14111328125, 3131.99658203125, 509.05517578125]
alpha/beta optimization time: 0.2634882926940918
pruning_in_iteration open status: False
ratio of positive domain = 0 / 3584 = 0.0
pruning-in-iteration extra time: 5.1975250244140625e-05
Time: pickout 0.2540    branching_decision 0.0009    decision 0.0009    set_bounds 0.0738    prepare 0.1676    transfer 0.0000    finalize 0.4110    func 0.8704    solve 0.4493    add 0.0078    bab_iteration 0.6189    
Accumulated time: bab_iteration 1.8845    pickout 0.4921    decision 0.0020    branching_decision 0.0019    set_bounds 0.1501    solve 1.5503    func 2.4205    prepare 0.3248    transfer 0.0003    finalize 0.6692    add 0.0173    
max lb -0.24557054042816162 min lb -3.994019031524658
Number of Verified Splits: 0 of 3584
Current worst splitting domains lb-rhs (depth):
-3.99398 (9), -3.99373 (9), -3.99337 (9), -3.99333 (9), -3.99329 (9), -3.99329 (9), -3.99249 (9), -3.99246 (9), -3.99238 (9), -3.99227 (9), -3.99194 (9), -3.99170 (9), -3.99167 (9), -3.99012 (9), -3.98954 (9), -3.98936 (9), -3.98936 (9), -3.98883 (9), -3.98863 (9), -3.98863 (9), 
Current (lb-rhs): -3.993980646133423
7056 domains visited
Length of domains: 3584
Cumulative time: 3.1523635387420654

BaB round 7
batch: 2048
splitting decisions: 
split level 0: [/input, 1287] [/40, 104] [/input-8, 156] [/input-20, 224] [/input-8, 904] [/40, 680] [/input, 853] [/input-8, 314] [/input, 1402] [/input-8, 479] 
best_l after optimization: -10699.533203125
beta sum per layer: [1002.9337158203125, 1102.140625, 4890.70166015625, 3899.8798828125, 4376.43359375, 678.703125]
alpha/beta optimization time: 0.2884500026702881
pruning_in_iteration open status: False
ratio of positive domain = 0 / 4096 = 0.0
pruning-in-iteration extra time: 5.5789947509765625e-05
Time: pickout 0.3007    branching_decision 0.0007    decision 0.0007    set_bounds 0.0859    prepare 0.1967    transfer 0.0001    finalize 0.3187    func 0.8332    solve 0.8705    add 0.0119    bab_iteration 1.2120    
Accumulated time: bab_iteration 3.0965    pickout 0.7928    decision 0.0027    branching_decision 0.0026    set_bounds 0.2360    solve 2.4208    func 3.2537    prepare 0.5215    transfer 0.0003    finalize 0.9879    add 0.0292    
max lb -0.17447173595428467 min lb -3.993729591369629
Number of Verified Splits: 0 of 4096
Current worst splitting domains lb-rhs (depth):
-3.99373 (10), -3.99357 (10), -3.99354 (10), -3.99337 (10), -3.99333 (10), -3.99329 (9), -3.99249 (10), -3.99246 (9), -3.99238 (9), -3.99226 (10), -3.99201 (10), -3.99198 (10), -3.99198 (10), -3.99194 (9), -3.99184 (10), -3.99170 (9), -3.99167 (10), -3.99125 (10), -3.98996 (10), -3.98982 (10), 
Current (lb-rhs): -3.993729591369629
11152 domains visited
Length of domains: 5632
current_vram/total_varm: 2.8GB/47.7GB, batch_size increase to 4096
Cumulative time: 4.392886161804199

BaB round 8
batch: 4096
splitting decisions: 
split level 0: [/45, 517] [/40, 66] [/40, 689] [/40, 153] [/input, 1781] [/input-8, 551] [/40, 564] [/input-20, 538] [/40, 115] [/45, 459] 
best_l after optimization: -21184.5
beta sum per layer: [2329.376953125, 2707.84716796875, 11404.322265625, 9174.798828125, 10480.5166015625, 1565.40966796875]
alpha/beta optimization time: 0.6884300708770752
pruning_in_iteration open status: False
ratio of positive domain = 1 / 8192 = 0.0001220703125
pruning-in-iteration extra time: 5.650520324707031e-05
Time: pickout 0.7783    branching_decision 0.0011    decision 0.0012    set_bounds 0.1710    prepare 0.4114    transfer 0.0001    finalize 0.8169    func 1.9706    solve 0.8332    add 0.0189    bab_iteration 1.2405    
Accumulated time: bab_iteration 4.3370    pickout 1.5711    decision 0.0039    branching_decision 0.0037    set_bounds 0.4069    solve 3.2540    func 5.2243    prepare 0.9329    transfer 0.0004    finalize 1.8048    add 0.0481    
max lb 0.06307011842727661 min lb -3.9936556816101074
Number of Verified Splits: 1 of 8192
Current worst splitting domains lb-rhs (depth):
-3.99360 (11), -3.99359 (11), -3.99354 (11), -3.99354 (11), -3.99337 (11), -3.99329 (9), -3.99319 (11), -3.99319 (11), -3.99246 (9), -3.99245 (11), -3.99238 (9), -3.99217 (11), -3.99198 (11), -3.99197 (11), -3.99194 (9), -3.99184 (11), -3.99183 (11), -3.99180 (11), -3.99170 (9), -3.99164 (11), 
Current (lb-rhs): -3.993603229522705
19344 domains visited
Length of domains: 9727
current_vram/total_varm: 5.8GB/47.7GB, batch_size increase to 8192
Cumulative time: 7.3541340827941895

BaB round 9
batch: 8192
splitting decisions: 
split level 0: [/45, 959] [/input-20, 18] [/45, 1003] [/input-8, 343] [/input-8, 434] [/input-8, 764] [/input-8, 268] [/45, 1012] [/input, 1376] [/input, 821] 
best_l after optimization: -41923.90625
beta sum per layer: [5421.36962890625, 6580.5458984375, 26112.9296875, 21297.15234375, 24791.947265625, 3588.97265625]
alpha/beta optimization time: 1.480297565460205
pruning_in_iteration open status: False
ratio of positive domain = 9 / 16384 = 0.00054931640625
pruning-in-iteration extra time: 5.626678466796875e-05
Time: pickout 1.4592    branching_decision 0.0021    decision 0.0021    set_bounds 0.3445    prepare 0.8021    transfer 0.0001    finalize 1.3151    func 3.8929    solve 1.9706    add 0.0383    bab_iteration 2.9612    
Accumulated time: bab_iteration 7.2983    pickout 3.0303    decision 0.0060    branching_decision 0.0058    set_bounds 0.7514    solve 5.2247    func 9.1172    prepare 1.7351    transfer 0.0005    finalize 3.1199    add 0.0864    
max lb 0.07349848747253418 min lb -3.9935927391052246
Number of Verified Splits: 9 of 16384
Current worst splitting domains lb-rhs (depth):
-3.99359 (12), -3.99359 (12), -3.99358 (12), -3.99348 (12), -3.99339 (12), -3.99329 (9), -3.99317 (12), -3.99316 (12), -3.99315 (12), -3.99304 (12), -3.99289 (12), -3.99286 (12), -3.99246 (9), -3.99238 (9), -3.99208 (12), -3.99207 (12), -3.99198 (12), -3.99197 (12), -3.99194 (9), -3.99180 (12), 
Current (lb-rhs): -3.9935927391052246
35728 domains visited
Length of domains: 17910
current_vram/total_varm: 12.5GB/47.7GB, batch_size increase to 16384
Cumulative time: 13.319023370742798

BaB round 10
batch: 16384
splitting decisions: 
split level 0: [/input, 996] [/input, 1452] [/input-8, 428] [/input-8, 676] [/40, 370] [/input, 1734] [/input, 1182] [/input, 995] [/input-8, 141] [/input-8, 294] 
best_l after optimization: -82954.09375
beta sum per layer: [12459.640625, 15716.1162109375, 59067.83984375, 48721.6796875, 57798.3828125, 8109.62451171875]
alpha/beta optimization time: 3.058422327041626
pruning_in_iteration open status: False
ratio of positive domain = 54 / 32768 = 0.00164794921875
pruning-in-iteration extra time: 5.6743621826171875e-05
Time: pickout 2.9082    branching_decision 0.0038    decision 0.0038    set_bounds 0.9319    prepare 1.6326    transfer 0.0002    finalize 3.1891    func 8.0889    solve 3.8930    add 0.2630    bab_iteration 5.9649    
Accumulated time: bab_iteration 13.2631    pickout 5.9385    decision 0.0098    branching_decision 0.0097    set_bounds 1.6833    solve 9.1176    func 17.2061    prepare 3.3677    transfer 0.0008    finalize 6.3090    add 0.3495    
max lb 0.20338106155395508 min lb -3.9935758113861084
Number of Verified Splits: 54 of 32768
Current worst splitting domains lb-rhs (depth):
-3.99358 (13), -3.99344 (13), -3.99339 (13), -3.99338 (13), -3.99336 (13), -3.99329 (9), -3.99315 (13), -3.99311 (13), -3.99310 (13), -3.99304 (13), -3.99289 (13), -3.99284 (13), -3.99280 (13), -3.99261 (13), -3.99261 (13), -3.99249 (13), -3.99246 (9), -3.99238 (9), -3.99233 (13), -3.99198 (13), 
Current (lb-rhs): -3.9935758113861084
68496 domains visited
Length of domains: 34240
Cumulative time: 25.372156858444214

BaB round 11
batch: 16384
splitting decisions: 
split level 0: [/40, 547] [/input-20, 586] [/input, 1444] [/45, 989] [/input, 1316] [/45, 68] [/input-8, 937] [/40, 929] [/45, 945] [/input-8, 670] 
best_l after optimization: -82104.3984375
beta sum per layer: [14239.490234375, 17811.2890625, 66576.34375, 55223.5390625, 66382.9296875, 9015.1572265625]
alpha/beta optimization time: 3.059356689453125
pruning_in_iteration open status: False
ratio of positive domain = 58 / 32768 = 0.00177001953125
pruning-in-iteration extra time: 5.817413330078125e-05
Time: pickout 3.3929    branching_decision 0.0040    decision 0.0040    set_bounds 0.7084    prepare 1.6577    transfer 0.0001    finalize 3.0672    func 7.9945    solve 8.0889    add 0.1137    bab_iteration 12.0531    
Accumulated time: bab_iteration 25.3163    pickout 9.3314    decision 0.0138    branching_decision 0.0136    set_bounds 2.3917    solve 17.2065    func 25.2006    prepare 5.0253    transfer 0.0009    finalize 9.3762    add 0.4631    
max lb 0.1761922836303711 min lb -3.9933037757873535
Number of Verified Splits: 58 of 32768
Current worst splitting domains lb-rhs (depth):
-3.99358 (13), -3.99338 (13), -3.99336 (13), -3.99330 (14), -3.99329 (9), -3.99310 (13), -3.99307 (14), -3.99304 (14), -3.99302 (14), -3.99299 (14), -3.99289 (13), -3.99284 (13), -3.99261 (13), -3.99257 (14), -3.99246 (9), -3.99238 (9), -3.99224 (14), -3.99219 (14), -3.99194 (9), -3.99193 (14), 
Current (lb-rhs): -3.9935758113861084
101264 domains visited
Length of domains: 50566
Cumulative time: 37.93811011314392

BaB round 12
batch: 16384
splitting decisions: 
split level 0: [/45, 67] [/40, 438] [/45, 248] [/input-8, 291] [/45, 67] [/input, 1249] [/input-8, 292] [/input, 904] [/45, 112] [/input, 1290] 
best_l after optimization: -81219.8125
beta sum per layer: [16048.083984375, 20126.85546875, 74565.453125, 61835.89453125, 75468.6875, 10054.177734375]
alpha/beta optimization time: 3.058878183364868
pruning_in_iteration open status: False
ratio of positive domain = 74 / 32768 = 0.00225830078125
pruning-in-iteration extra time: 8.654594421386719e-05
Time: pickout 3.2131    branching_decision 0.0039    decision 0.0039    set_bounds 0.7156    prepare 1.6638    transfer 0.0001    finalize 3.1399    func 8.0727    solve 7.9945    add 0.4580    bab_iteration 12.5659    
Accumulated time: bab_iteration 37.8822    pickout 12.5445    decision 0.0177    branching_decision 0.0175    set_bounds 3.1073    solve 25.2011    func 33.2732    prepare 6.6891    transfer 0.0010    finalize 12.5161    add 0.9212    
max lb 0.19013568758964539 min lb -3.9933037757873535
Number of Verified Splits: 74 of 32768
Current worst splitting domains lb-rhs (depth):
-3.99358 (13), -3.99338 (13), -3.99336 (13), -3.99330 (15), -3.99330 (15), -3.99329 (9), -3.99310 (13), -3.99305 (15), -3.99301 (15), -3.99299 (14), -3.99293 (15), -3.99289 (13), -3.99284 (13), -3.99261 (13), -3.99255 (15), -3.99246 (9), -3.99238 (9), -3.99224 (15), -3.99219 (14), -3.99194 (9), 
Current (lb-rhs): -3.9935758113861084
134032 domains visited
Length of domains: 66876
Cumulative time: 50.10339403152466

BaB round 13
batch: 16384
splitting decisions: 
split level 0: [/45, 896] [/45, 310] [/45, 931] [/input-20, 884] [/input-8, 35] [/40, 70] [/input-8, 167] [/input, 1308] [/input, 1569] [/40, 88] 
best_l after optimization: -80313.953125
beta sum per layer: [18080.6640625, 22562.205078125, 83164.40625, 68851.15625, 85078.9296875, 11130.177734375]
alpha/beta optimization time: 3.060290813446045
pruning_in_iteration open status: False
ratio of positive domain = 83 / 32768 = 0.002532958984375
pruning-in-iteration extra time: 6.127357482910156e-05
Time: pickout 3.3580    branching_decision 0.0039    decision 0.0039    set_bounds 1.2091    prepare 1.6876    transfer 0.0001    finalize 2.7921    func 7.7480    solve 8.0727    add 0.1503    bab_iteration 12.1653    
Accumulated time: bab_iteration 50.0475    pickout 15.9024    decision 0.0216    branching_decision 0.0214    set_bounds 4.3164    solve 33.2738    func 41.0212    prepare 8.3767    transfer 0.0012    finalize 15.3082    add 1.0715    
max lb 0.217451810836792 min lb -3.993211269378662
Number of Verified Splits: 83 of 32768
Current worst splitting domains lb-rhs (depth):
-3.99358 (13), -3.99338 (13), -3.99336 (13), -3.99330 (15), -3.99329 (9), -3.99321 (16), -3.99316 (16), -3.99310 (13), -3.99301 (16), -3.99300 (16), -3.99299 (14), -3.99299 (16), -3.99293 (15), -3.99289 (13), -3.99284 (13), -3.99261 (13), -3.99255 (15), -3.99246 (9), -3.99238 (9), -3.99224 (16), 
Current (lb-rhs): -3.9935758113861084
166800 domains visited
Length of domains: 83177
Time out!!!!!!!!
Result: unknown in 69.1408 seconds

 %%%%%%%%%%%%%%%%%%%%%%%%%%%%%%%%%%% idx: 8, vnnlib ID: 8 %%%%%%%%%%%%%%%%%%%%%%%%%%%%%%%%%%%
Finished vnnlib processing in 0.003135 seconds
Model: BoundedModule(
  (/input-1): BoundInput(name=/input-1, inputs=[], perturbed=True)
  (/shape): BoundBuffers(name=/shape, inputs=[], perturbed=False)
  (/18): BoundParams(name=/18, inputs=[], perturbed=False)
  (/19): BoundParams(name=/19, inputs=[], perturbed=False)
  (/20): BoundParams(name=/20, inputs=[], perturbed=False)
  (/21): BoundParams(name=/21, inputs=[], perturbed=False)
  (/22): BoundParams(name=/22, inputs=[], perturbed=False)
  (/23): BoundParams(name=/23, inputs=[], perturbed=False)
  (/24): BoundParams(name=/24, inputs=[], perturbed=False)
  (/25): BoundParams(name=/25, inputs=[], perturbed=False)
  (/26): BoundParams(name=/26, inputs=[], perturbed=False)
  (/27): BoundParams(name=/27, inputs=[], perturbed=False)
  (/28): BoundParams(name=/28, inputs=[], perturbed=False)
  (/29): BoundParams(name=/29, inputs=[], perturbed=False)
  (/30): BoundParams(name=/30, inputs=[], perturbed=False)
  (/31): BoundParams(name=/31, inputs=[], perturbed=False)
  (/32): BoundParams(name=/32, inputs=[], perturbed=False)
  (/33): BoundParams(name=/33, inputs=[], perturbed=False)
  (/input): BoundConv(name=/input, inputs=[/input-1, /18, /19], perturbed=True)
  (/input-4): BoundRelu(name=/input-4, inputs=[/input], perturbed=True)
  (/input-8): BoundConv(name=/input-8, inputs=[/input-4, /20, /21], perturbed=True)
  (/37): BoundConv(name=/37, inputs=[/input-4, /22, /23], perturbed=True)
  (/input-12): BoundRelu(name=/input-12, inputs=[/input-8], perturbed=True)
  (/39): BoundConv(name=/39, inputs=[/input-12, /24, /25], perturbed=True)
  (/40): BoundAdd(name=/40, inputs=[/39, /37], perturbed=True)
  (/input-16): BoundRelu(name=/input-16, inputs=[/40], perturbed=True)
  (/input-20): BoundConv(name=/input-20, inputs=[/input-16, /26, /27], perturbed=True)
  (/input-24): BoundRelu(name=/input-24, inputs=[/input-20], perturbed=True)
  (/44): BoundConv(name=/44, inputs=[/input-24, /28, /29], perturbed=True)
  (/45): BoundAdd(name=/45, inputs=[/44, /input-16], perturbed=True)
  (/46): BoundRelu(name=/46, inputs=[/45], perturbed=True)
  (/47): BoundSplit(name=/47, inputs=[/shape], perturbed=False)
  (/48): BoundSplit(name=/48, inputs=[/shape], perturbed=False)
  (/49): BoundConstant(name=/49, value=tensor([0], device='cuda:0'))
  (/50): BoundSqueeze(name=/50, inputs=[/47, /49], perturbed=False)
  (/51): BoundConstant(name=/51, value=tensor([0], device='cuda:0'))
  (/52): BoundSqueeze(name=/52, inputs=[/48, /51], perturbed=False)
  (/53): BoundConstant(name=/53, value=tensor([0], device='cuda:0'))
  (/54): BoundUnsqueeze(name=/54, inputs=[/50, /53], perturbed=False)
  (/55): BoundConstant(name=/55, value=tensor([0], device='cuda:0'))
  (/56): BoundUnsqueeze(name=/56, inputs=[/52, /55], perturbed=False)
  (/57): BoundConcat(name=/57, inputs=[/54, /56], perturbed=False)
  (/58): BoundReshape(name=/58, inputs=[/46, /57], perturbed=True)
  (/input-28): BoundLinear(name=/input-28, inputs=[/58, /30, /31], perturbed=True)
  (/60): BoundRelu(name=/60, inputs=[/input-28], perturbed=True)
  (/61): BoundLinear(name=/61, inputs=[/60, /32, /33], perturbed=True)
)
Original output in the first batch: tensor([[ 1.79798532, -3.58696127,  1.84465027,  0.95825368,  1.24472809,
          1.03987217, -0.19030601, -1.34864700,  0.93730015, -2.69693470]],
       device='cuda:0')
Split layers:
Nonlinear functions:
   BoundRelu(name=/input-4, inputs=[/input], perturbed=True)
   BoundRelu(name=/input-12, inputs=[/input-8], perturbed=True)
   BoundRelu(name=/input-16, inputs=[/40], perturbed=True)
   BoundRelu(name=/input-24, inputs=[/input-20], perturbed=True)
   BoundRelu(name=/46, inputs=[/45], perturbed=True)
   BoundRelu(name=/60, inputs=[/input-28], perturbed=True)
build batch [1/1]
layer /input-4 using sparse-features alpha with shape [377]; unstable size 377; total size 2048 ([1, 8, 16, 16])
layer /input-4 start_node /input-8 using sparse-spec alpha [2, 415, 1, 377] with unstable size 414 total_size 1024 output_shape (16, 8, 8)
layer /input-4 start_node /40 using sparse-spec alpha [2, 280, 1, 377] with unstable size 279 total_size 1024 output_shape (16, 8, 8)
layer /input-4 start_node /input-20 using sparse-spec alpha [2, 183, 1, 377] with unstable size 182 total_size 1024 output_shape (16, 8, 8)
layer /input-4 start_node /45 using sparse-spec alpha [2, 384, 1, 377] with unstable size 383 total_size 1024 output_shape (16, 8, 8)
layer /input-4 start_node /input-28 using sparse-spec alpha [2, 57, 1, 377] with unstable size 56 total_size 100 output_shape torch.Size([100])
layer /input-4 start_node /61 using full alpha [2, 9, 1, 377] with unstable size None total_size 9 output_shape 9
layer /input-12 using sparse-features alpha with shape [414]; unstable size 414; total size 1024 ([1, 16, 8, 8])
layer /input-12 start_node /40 using sparse-spec alpha [2, 280, 1, 414] with unstable size 279 total_size 1024 output_shape (16, 8, 8)
layer /input-12 start_node /input-20 using sparse-spec alpha [2, 183, 1, 414] with unstable size 182 total_size 1024 output_shape (16, 8, 8)
layer /input-12 start_node /45 using sparse-spec alpha [2, 384, 1, 414] with unstable size 383 total_size 1024 output_shape (16, 8, 8)
layer /input-12 start_node /input-28 using sparse-spec alpha [2, 57, 1, 414] with unstable size 56 total_size 100 output_shape torch.Size([100])
layer /input-12 start_node /61 using full alpha [2, 9, 1, 414] with unstable size None total_size 9 output_shape 9
layer /input-16 using sparse-features alpha with shape [279]; unstable size 279; total size 1024 ([1, 16, 8, 8])
layer /input-16 start_node /input-20 using sparse-spec alpha [2, 183, 1, 279] with unstable size 182 total_size 1024 output_shape (16, 8, 8)
layer /input-16 start_node /45 using sparse-spec alpha [2, 384, 1, 279] with unstable size 383 total_size 1024 output_shape (16, 8, 8)
layer /input-16 start_node /input-28 using sparse-spec alpha [2, 57, 1, 279] with unstable size 56 total_size 100 output_shape torch.Size([100])
layer /input-16 start_node /61 using full alpha [2, 9, 1, 279] with unstable size None total_size 9 output_shape 9
layer /input-24 using sparse-features alpha with shape [182]; unstable size 182; total size 1024 ([1, 16, 8, 8])
layer /input-24 start_node /45 using sparse-spec alpha [2, 384, 1, 182] with unstable size 383 total_size 1024 output_shape (16, 8, 8)
layer /input-24 start_node /input-28 using sparse-spec alpha [2, 57, 1, 182] with unstable size 56 total_size 100 output_shape torch.Size([100])
layer /input-24 start_node /61 using full alpha [2, 9, 1, 182] with unstable size None total_size 9 output_shape 9
layer /46 using sparse-features alpha with shape [383]; unstable size 383; total size 1024 ([1, 16, 8, 8])
layer /46 start_node /input-28 using sparse-spec alpha [2, 57, 1, 383] with unstable size 56 total_size 100 output_shape torch.Size([100])
layer /46 start_node /61 using full alpha [2, 9, 1, 383] with unstable size None total_size 9 output_shape 9
layer /60 using sparse-features alpha with shape [56]; unstable size 56; total size 100 ([1, 100])
layer /60 start_node /61 using full alpha [2, 9, 1, 56] with unstable size None total_size 9 output_shape 9
Optimizable variables initialized.
initial CROWN bounds (first 10 items): [-4.114972114562988, 1.400086522102356, -3.262544631958008, -2.6419193744659424, -0.9275321364402771, -0.8365545272827148, -0.7045191526412964, -3.320138931274414, 1.2911252975463867]
prune_after_crown optimization in use
  original spec size = torch.Size([1, 9])
  pruned spec size = torch.Size([1, 7])
Using alpha-CROWN to initialize bounds.
best_l after optimization: -11.201183319091797
alpha/beta optimization time: 5.175516843795776
initial alpha-crown bounds (first 10 items): [-3.0706841945648193, -2.7054786682128906, -2.050384521484375, -0.7334242463111877, -0.2913917303085327, 0.023173928260803223, -2.3729937076568604]
Global lower bound: -3.0706841945648193
3 / 9 OR specs are verified.
Verified OR indices (first 10 items): [1, 6, 8]
Verified OR lbs (first 10 items): [[inf], [0.023173928260803223], [inf]]
Unverified OR indices (first 10 items): [0, 2, 3, 4, 5, 7]
Unverified OR lbs (first 10 items): [[-3.0706841945648193], [-2.7054786682128906], [-2.050384521484375], [-0.7334242463111877], [-0.2913917303085327], [-2.3729937076568604]]
###### Verifying property Instance 8 ######
Batch size: 6
First 10 spec matrices
C: tensor([[[-1.,  0.,  0.,  1.,  0.,  0.,  0.,  0.,  0.,  0.]],

        [[ 0.,  0., -1.,  1.,  0.,  0.,  0.,  0.,  0.,  0.]],

        [[ 0.,  0.,  0.,  1., -1.,  0.,  0.,  0.,  0.,  0.]],

        [[ 0.,  0.,  0.,  1.,  0., -1.,  0.,  0.,  0.,  0.]],

        [[ 0.,  0.,  0.,  1.,  0.,  0., -1.,  0.,  0.,  0.]],

        [[ 0.,  0.,  0.,  1.,  0.,  0.,  0.,  0., -1.,  0.]]], device='cuda:0')
RHS: tensor([[0.],
        [0.],
        [0.],
        [0.],
        [0.],
        [0.]], device='cuda:0')
OR spec sizes: tensor([1, 1, 1, 1, 1, 1], device='cuda:0', dtype=torch.int32)
Remaining timeout: 54.26384711265564
Model prediction is: tensor([ 1.79798532, -3.58696127,  1.84465027,  0.95825368,  1.24472809,
         1.03987217, -0.19030601, -1.34864700,  0.93730015, -2.69693470],
       device='cuda:0')
Activation BaB batch 1/1 
build_with_refined_bounds batch [1/1]
Optimizable variables initialized.
all alpha initialized
directly get lb and ub from refined bounds
c shape: torch.Size([6, 1, 10])
lA shapes: [torch.Size([6, 1, 8, 16, 16]), torch.Size([6, 1, 16, 8, 8]), torch.Size([6, 1, 16, 8, 8]), torch.Size([6, 1, 16, 8, 8]), torch.Size([6, 1, 16, 8, 8]), torch.Size([6, 1, 100])]
(alpha-)CROWN with fixed intermediate bounds: tensor([[-3.07068419],
        [-2.70547867],
        [-2.05038452],
        [-0.73342425],
        [-0.29139173],
        [-2.37299371]], device='cuda:0') tensor([[inf],
        [inf],
        [inf],
        [inf],
        [inf],
        [inf]], device='cuda:0')
Intermediate layers: /input,/input-8,/40,/input-20,/45,/input-28
Keeping alphas for these layers: ['/61']
Node /input-4 input 0: size torch.Size([8, 16, 16]) unstable 377
Node /input-12 input 0: size torch.Size([16, 8, 8]) unstable 401
Node /input-16 input 0: size torch.Size([16, 8, 8]) unstable 262
Node /input-24 input 0: size torch.Size([16, 8, 8]) unstable 165
Node /46 input 0: size torch.Size([16, 8, 8]) unstable 340
Node /60 input 0: size torch.Size([100]) unstable 51
-----------------
# of unstable neurons: 1596
-----------------

BaB round 1
batch: 6
splitting decisions: 
split level 0: [/40, 922] [/input, 1073] [/45, 925] [/input, 1416] [/input, 1686] [/45, 92] 
split level 1: [/40, 393] [/40, 337] [/45, 837] [/40, 949] [/input-8, 901] [/input-8, 225] 
split level 2: [/input-8, 165] [/45, 294] [/input-8, 987] [/input-8, 364] [/45, 804] [/input-8, 707] 
split level 3: [/45, 292] [/input, 1342] [/input-8, 985] [/input-8, 381] [/45, 277] [/input-8, 1020] 
split level 4: [/input, 989] [/input-8, 545] [/45, 196] [/40, 395] [/input-8, 330] [/45, 913] 
best_l after optimization: -348.78155517578125
beta sum per layer: [3.13450288772583, 17.45842170715332, 20.993179321289062, 0.0, 80.35528564453125, 0.0]
alpha/beta optimization time: 0.2117319107055664
pruning_in_iteration open status: False
ratio of positive domain = 0 / 192 = 0.0
pruning-in-iteration extra time: 5.650520324707031e-05
Time: pickout 0.0022    branching_decision 0.0001    decision 0.0001    set_bounds 0.0115    prepare 0.0044    transfer 0.0000    finalize 0.0124    func 0.2347    
Accumulated time: bab_iteration 0.0000    pickout 0.0022    decision 0.0001    branching_decision 0.0001    set_bounds 0.0115    solve 0.0000    func 0.2347    prepare 0.0044    transfer 0.0000    finalize 0.0124    
max lb -0.07086718082427979 min lb -3.060237407684326
Number of Verified Splits: 0 of 192
Current worst splitting domains lb-rhs (depth):
-3.06024 (5), -3.06023 (5), -3.05973 (5), -3.05972 (5), -3.04847 (5), -3.04847 (5), -3.04799 (5), -3.04798 (5), -3.00273 (5), -3.00273 (5), -3.00223 (5), -3.00223 (5), -2.99859 (5), -2.99858 (5), -2.99849 (5), -2.99849 (5), -2.99108 (5), -2.99108 (5), -2.99056 (5), -2.99055 (5), 
Current (lb-rhs): -3.060237407684326
192 domains visited
Length of domains: 192
Cumulative time: 0.30632686614990234

BaB round 2
batch: 192
splitting decisions: 
split level 0: [/input-8, 683] [/input-8, 20] [/input-20, 611] [/input, 1333] [/input-20, 561] [/45, 657] [/45, 390] [/45, 31] [/input-8, 194] [/45, 62] 
best_l after optimization: -691.2473754882812
beta sum per layer: [9.823835372924805, 38.93341827392578, 64.25872039794922, 3.91151762008667, 266.2776184082031, 2.031883716583252]
alpha/beta optimization time: 0.2102670669555664
pruning_in_iteration open status: False
ratio of positive domain = 3 / 384 = 0.0078125
pruning-in-iteration extra time: 5.6743621826171875e-05
Time: pickout 0.0261    branching_decision 0.0001    decision 0.0001    set_bounds 0.0087    prepare 0.0166    transfer 0.0000    finalize 0.0254    func 0.2600    solve 0.2348    add 0.0015    bab_iteration 0.2501    
Accumulated time: bab_iteration 0.2501    pickout 0.0283    decision 0.0002    branching_decision 0.0002    set_bounds 0.0201    solve 0.2348    func 0.4947    prepare 0.0210    transfer 0.0001    finalize 0.0378    add 0.0015    
max lb 0.01399850845336914 min lb -3.0601210594177246
Number of Verified Splits: 3 of 384
Current worst splitting domains lb-rhs (depth):
-3.06012 (6), -3.05997 (6), -3.05990 (6), -3.05953 (6), -3.05952 (6), -3.05952 (6), -3.05715 (6), -3.05004 (6), -3.04791 (6), -3.04766 (6), -3.04742 (6), -3.04741 (6), -3.04656 (6), -3.04436 (6), -3.00143 (6), -2.99673 (6), -2.99672 (6), -2.99623 (6), -2.99456 (6), -2.99452 (6), 
Current (lb-rhs): -3.0601210594177246
576 domains visited
Length of domains: 381
Cumulative time: 0.6035146713256836

BaB round 3
batch: 381
splitting decisions: 
split level 0: [/40, 110] [/input-8, 238] [/45, 268] [/40, 239] [/45, 321] [/40, 152] [/input, 1096] [/input-8, 220] [/input-8, 425] [/45, 19] 
best_l after optimization: -1370.68115234375
beta sum per layer: [23.727569580078125, 99.11367797851562, 173.52850341796875, 19.908069610595703, 669.7339477539062, 10.401247024536133]
alpha/beta optimization time: 0.21734929084777832
pruning_in_iteration open status: False
ratio of positive domain = 28 / 762 = 0.03674540682414695
pruning-in-iteration extra time: 5.3882598876953125e-05
Time: pickout 0.0515    branching_decision 0.0002    decision 0.0002    set_bounds 0.0152    prepare 0.0329    transfer 0.0000    finalize 0.0505    func 0.3109    solve 0.2600    add 0.0021    bab_iteration 0.2972    
Accumulated time: bab_iteration 0.5473    pickout 0.0797    decision 0.0005    branching_decision 0.0004    set_bounds 0.0354    solve 0.4948    func 0.8056    prepare 0.0538    transfer 0.0001    finalize 0.0884    add 0.0035    
max lb 0.07530286908149719 min lb -3.0601248741149902
Number of Verified Splits: 28 of 762
Current worst splitting domains lb-rhs (depth):
-3.06012 (7), -3.06011 (7), -3.05996 (7), -3.05990 (7), -3.05951 (7), -3.05951 (7), -3.05949 (7), -3.05906 (7), -3.05689 (7), -3.05356 (7), -3.05352 (7), -3.05296 (7), -3.04757 (7), -3.04736 (7), -3.04723 (7), -3.04721 (7), -3.04704 (7), -3.04699 (7), -3.04613 (7), -3.04550 (7), 
Current (lb-rhs): -3.0601210594177246
1338 domains visited
Length of domains: 734
Cumulative time: 0.9846019744873047

BaB round 4
batch: 734
splitting decisions: 
split level 0: [/input, 1254] [/input, 1771] [/input-8, 645] [/input-8, 360] [/40, 558] [/input-8, 699] [/input-8, 524] [/40, 128] [/45, 45] [/input-8, 245] 
best_l after optimization: -2719.20703125
beta sum per layer: [58.59173583984375, 245.13162231445312, 430.6427307128906, 68.30271911621094, 1393.3758544921875, 41.2219123840332]
alpha/beta optimization time: 0.22076106071472168
pruning_in_iteration open status: False
ratio of positive domain = 1 / 1468 = 0.0006811989100817817
pruning-in-iteration extra time: 7.176399230957031e-05
Time: pickout 0.0994    branching_decision 0.0004    decision 0.0004    set_bounds 0.0295    prepare 0.0647    transfer 0.0000    finalize 0.1014    func 0.4026    solve 0.3109    add 0.0029    bab_iteration 0.3811    
Accumulated time: bab_iteration 0.9284    pickout 0.1792    decision 0.0009    branching_decision 0.0008    set_bounds 0.0649    solve 0.8057    func 1.2083    prepare 0.1185    transfer 0.0002    finalize 0.1897    add 0.0064    
max lb 0.008770942687988281 min lb -3.0601115226745605
Number of Verified Splits: 1 of 1468
Current worst splitting domains lb-rhs (depth):
-3.06011 (8), -3.06011 (8), -3.05994 (8), -3.05990 (8), -3.05988 (8), -3.05985 (8), -3.05951 (8), -3.05949 (8), -3.05949 (8), -3.05856 (8), -3.05790 (8), -3.05747 (8), -3.05600 (8), -3.05333 (8), -3.05283 (8), -3.05243 (8), -3.05086 (8), -3.05070 (8), -3.04938 (8), -3.04811 (8), 
Current (lb-rhs): -3.0601086616516113
2806 domains visited
Length of domains: 1467
Cumulative time: 1.523125410079956

BaB round 5
batch: 1467
splitting decisions: 
split level 0: [/input, 931] [/45, 37] [/input-28, 1] [/input-20, 82] [/40, 151] [/input, 1361] [/40, 778] [/input-8, 364] [/input, 1663] [/40, 250] 
best_l after optimization: -5387.96533203125
beta sum per layer: [147.88043212890625, 615.827880859375, 1048.0810546875, 218.91165161132812, 3315.587890625, 137.9994354248047]
alpha/beta optimization time: 0.24875807762145996
pruning_in_iteration open status: False
ratio of positive domain = 9 / 2934 = 0.0030674846625766694
pruning-in-iteration extra time: 7.82012939453125e-05
Time: pickout 0.2007    branching_decision 0.0007    decision 0.0007    set_bounds 0.0586    prepare 0.1326    transfer 0.0000    finalize 0.2083    func 0.6129    solve 0.4027    add 0.0061    bab_iteration 0.5385    
Accumulated time: bab_iteration 1.4669    pickout 0.3799    decision 0.0016    branching_decision 0.0015    set_bounds 0.1235    solve 1.2084    func 1.8212    prepare 0.2511    transfer 0.0002    finalize 0.3981    add 0.0125    
max lb 0.05407705903053284 min lb -3.0601110458374023
Number of Verified Splits: 9 of 2934
Current worst splitting domains lb-rhs (depth):
-3.06011 (9), -3.05994 (9), -3.05992 (9), -3.05990 (9), -3.05985 (9), -3.05981 (9), -3.05951 (9), -3.05950 (9), -3.05948 (9), -3.05945 (9), -3.05930 (9), -3.05897 (9), -3.05811 (9), -3.05726 (9), -3.05722 (9), -3.05625 (9), -3.05613 (9), -3.05600 (9), -3.05575 (9), -3.05543 (9), 
Current (lb-rhs): -3.0601086616516113
5740 domains visited
Length of domains: 2925
Cumulative time: 2.5433077812194824

BaB round 6
batch: 2048
splitting decisions: 
split level 0: [/45, 622] [/45, 84] [/input, 1009] [/input-8, 626] [/input-8, 524] [/40, 438] [/input-28, 92] [/input-28, 17] [/45, 669] [/45, 51] 
best_l after optimization: -7466.21533203125
beta sum per layer: [252.0587921142578, 1038.05908203125, 1733.44189453125, 424.1685485839844, 5389.6669921875, 262.8055419921875]
alpha/beta optimization time: 0.29612207412719727
pruning_in_iteration open status: False
ratio of positive domain = 11 / 4096 = 0.002685546875
pruning-in-iteration extra time: 5.2928924560546875e-05
Time: pickout 0.2906    branching_decision 0.0007    decision 0.0007    set_bounds 0.0827    prepare 0.1870    transfer 0.0001    finalize 0.3006    func 0.8147    solve 0.6130    add 0.1465    bab_iteration 1.0202    
Accumulated time: bab_iteration 2.4871    pickout 0.6704    decision 0.0023    branching_decision 0.0022    set_bounds 0.2062    solve 1.8214    func 2.6359    prepare 0.4381    transfer 0.0003    finalize 0.6987    add 0.1590    
max lb 0.06341439485549927 min lb -3.0602049827575684
Number of Verified Splits: 11 of 4096
Current worst splitting domains lb-rhs (depth):
-3.06011 (10), -3.06011 (10), -3.05988 (10), -3.05985 (9), -3.05951 (10), -3.05950 (10), -3.05948 (10), -3.05946 (10), -3.05944 (10), -3.05932 (10), -3.05928 (10), -3.05923 (10), -3.05922 (10), -3.05897 (9), -3.05819 (10), -3.05811 (10), -3.05800 (10), -3.05722 (9), -3.05695 (10), -3.05620 (10), 
Current (lb-rhs): -3.0601086616516113
9836 domains visited
Length of domains: 4962
current_vram/total_varm: 2.7GB/47.7GB, batch_size increase to 4096
Cumulative time: 3.7528460025787354

BaB round 7
batch: 4096
splitting decisions: 
split level 0: [/input-8, 1022] [/input-8, 643] [/input-20, 18] [/45, 391] [/40, 227] [/input, 968] [/40, 949] [/40, 922] [/input, 1175] [/input-8, 613] 
best_l after optimization: -14809.349609375
beta sum per layer: [615.3688354492188, 2548.62158203125, 4145.40283203125, 1191.195556640625, 12532.7060546875, 696.1177368164062]
alpha/beta optimization time: 0.6891593933105469
pruning_in_iteration open status: False
ratio of positive domain = 36 / 8192 = 0.00439453125
pruning-in-iteration extra time: 5.602836608886719e-05
Time: pickout 0.7478    branching_decision 0.0012    decision 0.0012    set_bounds 0.1665    prepare 0.3814    transfer 0.0001    finalize 0.7724    func 1.8960    solve 0.8148    add 0.0196    bab_iteration 1.2095    
Accumulated time: bab_iteration 3.6966    pickout 1.4182    decision 0.0035    branching_decision 0.0033    set_bounds 0.3727    solve 2.6362    func 4.5319    prepare 0.8195    transfer 0.0003    finalize 1.4710    add 0.1786    
max lb 0.19704046845436096 min lb -3.0603344440460205
Number of Verified Splits: 36 of 8192
Current worst splitting domains lb-rhs (depth):
-3.06011 (11), -3.06011 (11), -3.06011 (11), -3.05988 (11), -3.05985 (9), -3.05972 (11), -3.05948 (11), -3.05948 (11), -3.05941 (11), -3.05935 (11), -3.05925 (11), -3.05917 (11), -3.05917 (11), -3.05904 (11), -3.05897 (9), -3.05894 (11), -3.05838 (11), -3.05820 (11), -3.05811 (11), -3.05758 (11), 
Current (lb-rhs): -3.0601086616516113
18028 domains visited
Length of domains: 9022
current_vram/total_varm: 5.8GB/47.7GB, batch_size increase to 8192
Cumulative time: 6.600593090057373

BaB round 8
batch: 8192
splitting decisions: 
split level 0: [/input-20, 340] [/45, 209] [/input-8, 686] [/input-20, 604] [/input-20, 378] [/45, 603] [/45, 404] [/40, 381] [/input, 1118] [/40, 778] 
best_l after optimization: -29423.62890625
beta sum per layer: [1512.675048828125, 6195.4267578125, 9846.31640625, 3116.973876953125, 28828.64453125, 1771.4912109375]
alpha/beta optimization time: 1.4812142848968506
pruning_in_iteration open status: False
ratio of positive domain = 70 / 16384 = 0.0042724609375
pruning-in-iteration extra time: 5.888938903808594e-05
Time: pickout 1.4002    branching_decision 0.0023    decision 0.0023    set_bounds 0.3381    prepare 0.7815    transfer 0.0001    finalize 1.4292    func 3.7953    solve 1.8960    add 0.0344    bab_iteration 2.8477    
Accumulated time: bab_iteration 6.5444    pickout 2.8184    decision 0.0058    branching_decision 0.0057    set_bounds 0.7108    solve 4.5322    func 8.3272    prepare 1.6011    transfer 0.0004    finalize 2.9002    add 0.2130    
max lb 0.21167142689228058 min lb -3.060295343399048
Number of Verified Splits: 70 of 16384
Current worst splitting domains lb-rhs (depth):
-3.06011 (12), -3.06011 (12), -3.06011 (12), -3.06011 (12), -3.05988 (12), -3.05987 (12), -3.05985 (12), -3.05985 (9), -3.05972 (12), -3.05948 (12), -3.05948 (12), -3.05948 (12), -3.05940 (12), -3.05930 (12), -3.05925 (12), -3.05917 (12), -3.05897 (9), -3.05865 (12), -3.05818 (12), -3.05811 (12), 
Current (lb-rhs): -3.0601086616516113
34412 domains visited
Length of domains: 17144
current_vram/total_varm: 12.2GB/47.7GB, batch_size increase to 16384
Cumulative time: 12.408987522125244

BaB round 9
batch: 16384
splitting decisions: 
split level 0: [/input-8, 682] [/input, 999] [/45, 516] [/input-28, 39] [/40, 685] [/input-8, 975] [/input, 978] [/40, 938] [/input-8, 874] [/input-8, 44] 
best_l after optimization: -58402.25
beta sum per layer: [3665.348876953125, 14914.9169921875, 23261.640625, 7958.353515625, 65737.125, 4315.0283203125]
alpha/beta optimization time: 3.062891721725464
pruning_in_iteration open status: False
ratio of positive domain = 162 / 32768 = 0.00494384765625
pruning-in-iteration extra time: 5.984306335449219e-05
Time: pickout 2.8055    branching_decision 0.0039    decision 0.0039    set_bounds 0.9150    prepare 1.5877    transfer 0.0003    finalize 2.7923    func 7.9516    solve 3.7954    add 0.2682    bab_iteration 5.8084    
Accumulated time: bab_iteration 12.3528    pickout 5.6240    decision 0.0097    branching_decision 0.0095    set_bounds 1.6258    solve 8.3276    func 16.2788    prepare 3.1888    transfer 0.0008    finalize 5.6925    add 0.4812    
max lb 0.18960511684417725 min lb -3.0602293014526367
Number of Verified Splits: 162 of 32768
Current worst splitting domains lb-rhs (depth):
-3.06011 (13), -3.06011 (13), -3.06011 (13), -3.06011 (13), -3.05995 (13), -3.05988 (13), -3.05985 (9), -3.05972 (13), -3.05959 (13), -3.05955 (13), -3.05948 (13), -3.05948 (13), -3.05948 (13), -3.05933 (13), -3.05929 (13), -3.05920 (13), -3.05917 (13), -3.05908 (13), -3.05897 (9), -3.05872 (13), 
Current (lb-rhs): -3.0601086616516113
67180 domains visited
Length of domains: 33366
Cumulative time: 24.198747634887695

BaB round 10
batch: 16384
splitting decisions: 
split level 0: [/input-8, 664] [/45, 664] [/45, 117] [/45, 285] [/input-8, 944] [/input-8, 284] [/45, 645] [/40, 404] [/input-20, 637] [/input-8, 61] 
best_l after optimization: -57992.65234375
beta sum per layer: [4390.54443359375, 17470.033203125, 26946.11328125, 9715.904296875, 73967.6875, 5100.6669921875]
alpha/beta optimization time: 3.0632805824279785
pruning_in_iteration open status: False
ratio of positive domain = 187 / 32768 = 0.005706787109375
pruning-in-iteration extra time: 5.6743621826171875e-05
Time: pickout 3.0198    branching_decision 0.0039    decision 0.0039    set_bounds 1.0084    prepare 1.6120    transfer 0.0001    finalize 2.8934    func 7.7767    solve 7.9517    add 0.1068    bab_iteration 11.7898    
Accumulated time: bab_iteration 24.1425    pickout 8.6438    decision 0.0136    branching_decision 0.0134    set_bounds 2.6342    solve 16.2793    func 24.0555    prepare 4.8008    transfer 0.0009    finalize 8.5859    add 0.5881    
max lb 0.25683820247650146 min lb -3.060180425643921
Number of Verified Splits: 188 of 32768
Current worst splitting domains lb-rhs (depth):
-3.06011 (13), -3.06011 (14), -3.06007 (14), -3.05988 (14), -3.05985 (9), -3.05983 (14), -3.05982 (14), -3.05972 (13), -3.05959 (14), -3.05955 (14), -3.05948 (13), -3.05946 (14), -3.05933 (14), -3.05925 (14), -3.05920 (13), -3.05917 (13), -3.05908 (14), -3.05897 (9), -3.05872 (13), -3.05870 (14), 
Current (lb-rhs): -3.0601086616516113
99948 domains visited
Length of domains: 49562
Cumulative time: 36.11705684661865

BaB round 11
batch: 16384
splitting decisions: 
split level 0: [/input-8, 502] [/40, 196] [/45, 257] [/input-20, 569] [/input-8, 947] [/input-8, 178] [/input-8, 189] [/input-8, 717] [/40, 325] [/input-8, 1010] 
best_l after optimization: -57602.390625
beta sum per layer: [5195.6640625, 20191.705078125, 30982.40625, 11684.326171875, 82405.796875, 5896.2646484375]
alpha/beta optimization time: 3.064318895339966
pruning_in_iteration open status: False
ratio of positive domain = 229 / 32768 = 0.006988525390625
pruning-in-iteration extra time: 9.202957153320312e-05
Time: pickout 3.1329    branching_decision 0.0039    decision 0.0039    set_bounds 1.0999    prepare 1.6366    transfer 0.0001    finalize 3.0430    func 7.9547    solve 7.7768    add 0.1014    bab_iteration 11.9183    
Accumulated time: bab_iteration 36.0608    pickout 11.7767    decision 0.0175    branching_decision 0.0173    set_bounds 3.7341    solve 24.0560    func 32.0102    prepare 6.4374    transfer 0.0010    finalize 11.6288    add 0.6895    
max lb 0.19404137134552002 min lb -3.0601773262023926
Number of Verified Splits: 231 of 32768
Current worst splitting domains lb-rhs (depth):
-3.06011 (13), -3.06011 (15), -3.06005 (15), -3.05988 (14), -3.05985 (9), -3.05983 (15), -3.05982 (15), -3.05982 (15), -3.05972 (13), -3.05959 (14), -3.05955 (14), -3.05953 (15), -3.05948 (13), -3.05946 (14), -3.05933 (15), -3.05920 (13), -3.05919 (15), -3.05919 (15), -3.05917 (13), -3.05908 (15), 
Current (lb-rhs): -3.0601086616516113
132716 domains visited
Length of domains: 65715
Cumulative time: 48.459312200546265

BaB round 12
batch: 16384
splitting decisions: 
split level 0: [/input, 1362] [/45, 100] [/input, 786] [/input, 1373] [/input-8, 211] [/40, 173] [/input-8, 948] [/input-8, 38] [/40, 420] [/45, 804] 
best_l after optimization: -57247.26953125
beta sum per layer: [6105.5068359375, 23118.076171875, 35471.46484375, 13753.630859375, 90849.203125, 6713.31982421875]
alpha/beta optimization time: 3.066230297088623
pruning_in_iteration open status: False
ratio of positive domain = 208 / 32768 = 0.00634765625
pruning-in-iteration extra time: 6.437301635742188e-05
Time: pickout 3.3052    branching_decision 0.0051    decision 0.0051    set_bounds 0.7135    prepare 1.6596    transfer 0.0001    finalize 3.2099    func 8.1471    solve 7.9547    add 0.1413    bab_iteration 12.3422    
Accumulated time: bab_iteration 48.4031    pickout 15.0819    decision 0.0226    branching_decision 0.0224    set_bounds 4.4476    solve 32.0108    func 40.1573    prepare 8.0969    transfer 0.0012    finalize 14.8387    add 0.8308    
max lb 0.27344757318496704 min lb -3.059856414794922
Number of Verified Splits: 209 of 32768
Current worst splitting domains lb-rhs (depth):
-3.06011 (13), -3.06011 (15), -3.06005 (15), -3.05988 (14), -3.05985 (9), -3.05983 (16), -3.05982 (15), -3.05982 (16), -3.05972 (13), -3.05959 (14), -3.05955 (14), -3.05953 (16), -3.05948 (13), -3.05946 (14), -3.05933 (15), -3.05920 (13), -3.05919 (15), -3.05918 (16), -3.05917 (13), -3.05914 (16), 
Current (lb-rhs): -3.0601086616516113
165484 domains visited
Length of domains: 81890
Time out!!!!!!!!
Result: unknown in 66.9101 seconds

 %%%%%%%%%%%%%%%%%%%%%%%%%%%%%%%%%%% idx: 9, vnnlib ID: 9 %%%%%%%%%%%%%%%%%%%%%%%%%%%%%%%%%%%
Finished vnnlib processing in 0.003281 seconds
Model: BoundedModule(
  (/input-1): BoundInput(name=/input-1, inputs=[], perturbed=True)
  (/shape): BoundBuffers(name=/shape, inputs=[], perturbed=False)
  (/18): BoundParams(name=/18, inputs=[], perturbed=False)
  (/19): BoundParams(name=/19, inputs=[], perturbed=False)
  (/20): BoundParams(name=/20, inputs=[], perturbed=False)
  (/21): BoundParams(name=/21, inputs=[], perturbed=False)
  (/22): BoundParams(name=/22, inputs=[], perturbed=False)
  (/23): BoundParams(name=/23, inputs=[], perturbed=False)
  (/24): BoundParams(name=/24, inputs=[], perturbed=False)
  (/25): BoundParams(name=/25, inputs=[], perturbed=False)
  (/26): BoundParams(name=/26, inputs=[], perturbed=False)
  (/27): BoundParams(name=/27, inputs=[], perturbed=False)
  (/28): BoundParams(name=/28, inputs=[], perturbed=False)
  (/29): BoundParams(name=/29, inputs=[], perturbed=False)
  (/30): BoundParams(name=/30, inputs=[], perturbed=False)
  (/31): BoundParams(name=/31, inputs=[], perturbed=False)
  (/32): BoundParams(name=/32, inputs=[], perturbed=False)
  (/33): BoundParams(name=/33, inputs=[], perturbed=False)
  (/input): BoundConv(name=/input, inputs=[/input-1, /18, /19], perturbed=True)
  (/input-4): BoundRelu(name=/input-4, inputs=[/input], perturbed=True)
  (/input-8): BoundConv(name=/input-8, inputs=[/input-4, /20, /21], perturbed=True)
  (/37): BoundConv(name=/37, inputs=[/input-4, /22, /23], perturbed=True)
  (/input-12): BoundRelu(name=/input-12, inputs=[/input-8], perturbed=True)
  (/39): BoundConv(name=/39, inputs=[/input-12, /24, /25], perturbed=True)
  (/40): BoundAdd(name=/40, inputs=[/39, /37], perturbed=True)
  (/input-16): BoundRelu(name=/input-16, inputs=[/40], perturbed=True)
  (/input-20): BoundConv(name=/input-20, inputs=[/input-16, /26, /27], perturbed=True)
  (/input-24): BoundRelu(name=/input-24, inputs=[/input-20], perturbed=True)
  (/44): BoundConv(name=/44, inputs=[/input-24, /28, /29], perturbed=True)
  (/45): BoundAdd(name=/45, inputs=[/44, /input-16], perturbed=True)
  (/46): BoundRelu(name=/46, inputs=[/45], perturbed=True)
  (/47): BoundSplit(name=/47, inputs=[/shape], perturbed=False)
  (/48): BoundSplit(name=/48, inputs=[/shape], perturbed=False)
  (/49): BoundConstant(name=/49, value=tensor([0], device='cuda:0'))
  (/50): BoundSqueeze(name=/50, inputs=[/47, /49], perturbed=False)
  (/51): BoundConstant(name=/51, value=tensor([0], device='cuda:0'))
  (/52): BoundSqueeze(name=/52, inputs=[/48, /51], perturbed=False)
  (/53): BoundConstant(name=/53, value=tensor([0], device='cuda:0'))
  (/54): BoundUnsqueeze(name=/54, inputs=[/50, /53], perturbed=False)
  (/55): BoundConstant(name=/55, value=tensor([0], device='cuda:0'))
  (/56): BoundUnsqueeze(name=/56, inputs=[/52, /55], perturbed=False)
  (/57): BoundConcat(name=/57, inputs=[/54, /56], perturbed=False)
  (/58): BoundReshape(name=/58, inputs=[/46, /57], perturbed=True)
  (/input-28): BoundLinear(name=/input-28, inputs=[/58, /30, /31], perturbed=True)
  (/60): BoundRelu(name=/60, inputs=[/input-28], perturbed=True)
  (/61): BoundLinear(name=/61, inputs=[/60, /32, /33], perturbed=True)
)
Original output in the first batch: tensor([[ 1.90982556, -2.78704214,  1.36984813,  0.44487268,  1.02803302,
          0.20639700, -0.21871442, -1.73205125,  2.09156132, -2.31281090]],
       device='cuda:0')
Split layers:
Nonlinear functions:
   BoundRelu(name=/input-4, inputs=[/input], perturbed=True)
   BoundRelu(name=/input-12, inputs=[/input-8], perturbed=True)
   BoundRelu(name=/input-16, inputs=[/40], perturbed=True)
   BoundRelu(name=/input-24, inputs=[/input-20], perturbed=True)
   BoundRelu(name=/46, inputs=[/45], perturbed=True)
   BoundRelu(name=/60, inputs=[/input-28], perturbed=True)
build batch [1/1]
layer /input-4 using sparse-features alpha with shape [427]; unstable size 427; total size 2048 ([1, 8, 16, 16])
layer /input-4 start_node /input-8 using sparse-spec alpha [2, 353, 1, 427] with unstable size 352 total_size 1024 output_shape (16, 8, 8)
layer /input-4 start_node /40 using sparse-spec alpha [2, 298, 1, 427] with unstable size 297 total_size 1024 output_shape (16, 8, 8)
layer /input-4 start_node /input-20 using sparse-spec alpha [2, 189, 1, 427] with unstable size 188 total_size 1024 output_shape (16, 8, 8)
layer /input-4 start_node /45 using sparse-spec alpha [2, 473, 1, 427] with unstable size 472 total_size 1024 output_shape (16, 8, 8)
layer /input-4 start_node /input-28 using sparse-spec alpha [2, 65, 1, 427] with unstable size 64 total_size 100 output_shape torch.Size([100])
layer /input-4 start_node /61 using full alpha [2, 9, 1, 427] with unstable size None total_size 9 output_shape 9
layer /input-12 using sparse-features alpha with shape [352]; unstable size 352; total size 1024 ([1, 16, 8, 8])
layer /input-12 start_node /40 using sparse-spec alpha [2, 298, 1, 352] with unstable size 297 total_size 1024 output_shape (16, 8, 8)
layer /input-12 start_node /input-20 using sparse-spec alpha [2, 189, 1, 352] with unstable size 188 total_size 1024 output_shape (16, 8, 8)
layer /input-12 start_node /45 using sparse-spec alpha [2, 473, 1, 352] with unstable size 472 total_size 1024 output_shape (16, 8, 8)
layer /input-12 start_node /input-28 using sparse-spec alpha [2, 65, 1, 352] with unstable size 64 total_size 100 output_shape torch.Size([100])
layer /input-12 start_node /61 using full alpha [2, 9, 1, 352] with unstable size None total_size 9 output_shape 9
layer /input-16 using sparse-features alpha with shape [297]; unstable size 297; total size 1024 ([1, 16, 8, 8])
layer /input-16 start_node /input-20 using sparse-spec alpha [2, 189, 1, 297] with unstable size 188 total_size 1024 output_shape (16, 8, 8)
layer /input-16 start_node /45 using sparse-spec alpha [2, 473, 1, 297] with unstable size 472 total_size 1024 output_shape (16, 8, 8)
layer /input-16 start_node /input-28 using sparse-spec alpha [2, 65, 1, 297] with unstable size 64 total_size 100 output_shape torch.Size([100])
layer /input-16 start_node /61 using full alpha [2, 9, 1, 297] with unstable size None total_size 9 output_shape 9
layer /input-24 using sparse-features alpha with shape [188]; unstable size 188; total size 1024 ([1, 16, 8, 8])
layer /input-24 start_node /45 using sparse-spec alpha [2, 473, 1, 188] with unstable size 472 total_size 1024 output_shape (16, 8, 8)
layer /input-24 start_node /input-28 using sparse-spec alpha [2, 65, 1, 188] with unstable size 64 total_size 100 output_shape torch.Size([100])
layer /input-24 start_node /61 using full alpha [2, 9, 1, 188] with unstable size None total_size 9 output_shape 9
layer /46 using sparse-features alpha with shape [472]; unstable size 472; total size 1024 ([1, 16, 8, 8])
layer /46 start_node /input-28 using sparse-spec alpha [2, 65, 1, 472] with unstable size 64 total_size 100 output_shape torch.Size([100])
layer /46 start_node /61 using full alpha [2, 9, 1, 472] with unstable size None total_size 9 output_shape 9
layer /60 using sparse-features alpha with shape [64]; unstable size 64; total size 100 ([1, 100])
layer /60 start_node /61 using full alpha [2, 9, 1, 64] with unstable size None total_size 9 output_shape 9
Optimizable variables initialized.
initial CROWN bounds (first 10 items): [-8.59154987335205, -9.26321029663086, -7.759768962860107, -8.469682693481445, -7.738669395446777, -7.230157852172852, -6.543322563171387, -8.809158325195312, -3.081547737121582]
prune_after_crown optimization in use
  original spec size = torch.Size([1, 9])
  pruned spec size = torch.Size([1, 9])
Using alpha-CROWN to initialize bounds.
best_l after optimization: -57.798667907714844
alpha/beta optimization time: 5.195451021194458
initial alpha-crown bounds (first 10 items): [-7.6013078689575195, -7.9436492919921875, -6.741141319274902, -7.28501033782959, -6.661019802093506, -6.2362871170043945, -5.213313102722168, -7.8097076416015625, -2.30723237991333]
Global lower bound: -7.9436492919921875
0 / 9 OR specs are verified.
Verified OR indices (first 10 items): []
Verified OR lbs (first 10 items): []
Unverified OR indices (first 10 items): [0, 1, 2, 3, 4, 5, 6, 7, 8]
Unverified OR lbs (first 10 items): [[-7.6013078689575195], [-7.9436492919921875], [-6.741141319274902], [-7.28501033782959], [-6.661019802093506], [-6.2362871170043945], [-5.213313102722168], [-7.8097076416015625], [-2.30723237991333]]
###### Verifying property Instance 9 ######
Batch size: 9
First 10 spec matrices
C: tensor([[[-1.,  1.,  0.,  0.,  0.,  0.,  0.,  0.,  0.,  0.]],

        [[ 0.,  1., -1.,  0.,  0.,  0.,  0.,  0.,  0.,  0.]],

        [[ 0.,  1.,  0., -1.,  0.,  0.,  0.,  0.,  0.,  0.]],

        [[ 0.,  1.,  0.,  0., -1.,  0.,  0.,  0.,  0.,  0.]],

        [[ 0.,  1.,  0.,  0.,  0., -1.,  0.,  0.,  0.,  0.]],

        [[ 0.,  1.,  0.,  0.,  0.,  0., -1.,  0.,  0.,  0.]],

        [[ 0.,  1.,  0.,  0.,  0.,  0.,  0., -1.,  0.,  0.]],

        [[ 0.,  1.,  0.,  0.,  0.,  0.,  0.,  0., -1.,  0.]],

        [[ 0.,  1.,  0.,  0.,  0.,  0.,  0.,  0.,  0., -1.]]], device='cuda:0')
RHS: tensor([[0.],
        [0.],
        [0.],
        [0.],
        [0.],
        [0.],
        [0.],
        [0.],
        [0.]], device='cuda:0')
OR spec sizes: tensor([1, 1, 1, 1, 1, 1, 1, 1, 1], device='cuda:0', dtype=torch.int32)
Remaining timeout: 54.2629668712616
Model prediction is: tensor([ 1.90982556, -2.78704214,  1.36984813,  0.44487268,  1.02803302,
         0.20639700, -0.21871442, -1.73205125,  2.09156132, -2.31281090],
       device='cuda:0')
Activation BaB batch 1/1 
build_with_refined_bounds batch [1/1]
Optimizable variables initialized.
all alpha initialized
directly get lb and ub from refined bounds
c shape: torch.Size([9, 1, 10])
lA shapes: [torch.Size([9, 1, 8, 16, 16]), torch.Size([9, 1, 16, 8, 8]), torch.Size([9, 1, 16, 8, 8]), torch.Size([9, 1, 16, 8, 8]), torch.Size([9, 1, 16, 8, 8]), torch.Size([9, 1, 100])]
(alpha-)CROWN with fixed intermediate bounds: tensor([[-7.60130787],
        [-7.94364929],
        [-6.74114132],
        [-7.28501034],
        [-6.66101980],
        [-6.23628712],
        [-5.21331310],
        [-7.80970764],
        [-2.30723238]], device='cuda:0') tensor([[inf],
        [inf],
        [inf],
        [inf],
        [inf],
        [inf],
        [inf],
        [inf],
        [inf]], device='cuda:0')
Intermediate layers: /input,/input-8,/40,/input-20,/45,/input-28
Keeping alphas for these layers: ['/61']
Node /input-4 input 0: size torch.Size([8, 16, 16]) unstable 427
Node /input-12 input 0: size torch.Size([16, 8, 8]) unstable 344
Node /input-16 input 0: size torch.Size([16, 8, 8]) unstable 285
Node /input-24 input 0: size torch.Size([16, 8, 8]) unstable 175
Node /46 input 0: size torch.Size([16, 8, 8]) unstable 429
Node /60 input 0: size torch.Size([100]) unstable 55
-----------------
# of unstable neurons: 1715
-----------------

BaB round 1
batch: 9
splitting decisions: 
split level 0: [/input, 828] [/input, 853] [/input-8, 358] [/input-8, 730] [/45, 63] [/input-8, 929] [/input-20, 362] [/40, 558] [/40, 919] 
split level 1: [/input-8, 248] [/input, 1520] [/40, 342] [/input-20, 44] [/45, 246] [/input, 1425] [/40, 820] [/input, 1444] [/input, 1523] 
split level 2: [/input, 1533] [/input, 1540] [/input-8, 636] [/input-8, 422] [/45, 481] [/input-8, 930] [/input, 1146] [/40, 370] [/45, 21] 
split level 3: [/45, 37] [/45, 807] [/input-20, 21] [/input, 1078] [/45, 757] [/40, 372] [/40, 445] [/input, 857] [/45, 582] 
best_l after optimization: -920.542236328125
beta sum per layer: [3.8256478309631348, 12.943506240844727, 18.093429565429688, 8.374970436096191, 25.76034164428711, 0.0]
alpha/beta optimization time: 0.2117140293121338
pruning_in_iteration open status: False
ratio of positive domain = 0 / 144 = 0.0
pruning-in-iteration extra time: 5.8650970458984375e-05
Time: pickout 0.0024    branching_decision 0.0001    decision 0.0001    set_bounds 0.0075    prepare 0.0033    transfer 0.0000    finalize 0.0092    func 0.2301    
Accumulated time: bab_iteration 0.0000    pickout 0.0024    decision 0.0001    branching_decision 0.0001    set_bounds 0.0075    solve 0.0000    func 0.2301    prepare 0.0033    transfer 0.0000    finalize 0.0092    
max lb -2.2910804748535156 min lb -7.943432331085205
Number of Verified Splits: 0 of 144
Current worst splitting domains lb-rhs (depth):
-7.94343 (4), -7.94313 (4), -7.94278 (4), -7.94253 (4), -7.94161 (4), -7.94130 (4), -7.94094 (4), -7.94070 (4), -7.90886 (4), -7.90863 (4), -7.90823 (4), -7.90801 (4), -7.90703 (4), -7.90672 (4), -7.90637 (4), -7.90617 (4), -7.80881 (4), -7.80843 (4), -7.80827 (4), -7.80789 (4), 
Current (lb-rhs): -7.943432331085205
144 domains visited
Length of domains: 144
Cumulative time: 0.3002743721008301

BaB round 2
batch: 144
splitting decisions: 
split level 0: [/input-20, 296] [/45, 692] [/45, 926] [/45, 575] [/40, 442] [/input-8, 603] [/45, 115] [/input, 1469] [/input, 1528] [/input, 1432] 
best_l after optimization: -1836.0673828125
beta sum per layer: [7.701419830322266, 27.699661254882812, 63.257110595703125, 24.094968795776367, 101.54922485351562, 0.8338673114776611]
alpha/beta optimization time: 0.2088944911956787
pruning_in_iteration open status: False
ratio of positive domain = 0 / 288 = 0.0
pruning-in-iteration extra time: 5.1975250244140625e-05
Time: pickout 0.0198    branching_decision 0.0001    decision 0.0001    set_bounds 0.0061    prepare 0.0120    transfer 0.0000    finalize 0.0240    func 0.2527    solve 0.2302    add 0.0014    bab_iteration 0.2418    
Accumulated time: bab_iteration 0.2418    pickout 0.0222    decision 0.0002    branching_decision 0.0002    set_bounds 0.0136    solve 0.2302    func 0.4828    prepare 0.0152    transfer 0.0001    finalize 0.0333    add 0.0014    
max lb -2.253070592880249 min lb -7.943422317504883
Number of Verified Splits: 0 of 288
Current worst splitting domains lb-rhs (depth):
-7.94342 (5), -7.94337 (5), -7.94278 (5), -7.94248 (5), -7.94239 (5), -7.94180 (5), -7.94153 (5), -7.94120 (5), -7.94097 (5), -7.94094 (5), -7.94058 (5), -7.93930 (5), -7.93847 (5), -7.93787 (5), -7.93236 (5), -7.92302 (5), -7.90562 (5), -7.90542 (5), -7.90531 (5), -7.90471 (5), 
Current (lb-rhs): -7.943422317504883
432 domains visited
Length of domains: 288
Cumulative time: 0.580974817276001

BaB round 3
batch: 288
splitting decisions: 
split level 0: [/40, 335] [/45, 254] [/input, 1174] [/40, 542] [/45, 804] [/45, 972] [/input-8, 921] [/input-8, 673] [/45, 489] [/45, 254] 
best_l after optimization: -3659.734375
beta sum per layer: [18.523483276367188, 75.18276977539062, 167.64353942871094, 65.46353912353516, 312.67864990234375, 6.49249267578125]
alpha/beta optimization time: 0.21068549156188965
pruning_in_iteration open status: False
ratio of positive domain = 0 / 576 = 0.0
pruning-in-iteration extra time: 5.340576171875e-05
Time: pickout 0.0374    branching_decision 0.0002    decision 0.0002    set_bounds 0.0107    prepare 0.0243    transfer 0.0000    finalize 0.0392    func 0.2832    solve 0.2527    add 0.0018    bab_iteration 0.2807    
Accumulated time: bab_iteration 0.5225    pickout 0.0596    decision 0.0004    branching_decision 0.0004    set_bounds 0.0243    solve 0.4829    func 0.7661    prepare 0.0396    transfer 0.0001    finalize 0.0725    add 0.0032    
max lb -2.050070285797119 min lb -7.943394660949707
Number of Verified Splits: 0 of 576
Current worst splitting domains lb-rhs (depth):
-7.94339 (6), -7.94337 (6), -7.94244 (6), -7.94176 (6), -7.94161 (6), -7.94094 (6), -7.94094 (6), -7.94083 (6), -7.94081 (6), -7.94023 (6), -7.94017 (6), -7.93990 (6), -7.93986 (6), -7.93976 (6), -7.93956 (6), -7.93944 (6), -7.93904 (6), -7.93865 (6), -7.93788 (6), -7.93735 (6), 
Current (lb-rhs): -7.943394660949707
1008 domains visited
Length of domains: 576
Cumulative time: 0.9155161380767822

BaB round 4
batch: 576
splitting decisions: 
split level 0: [/input-8, 422] [/40, 395] [/input-20, 610] [/input-8, 30] [/input, 1435] [/input, 1295] [/40, 412] [/input-8, 185] [/input-8, 224] [/input-8, 165] 
best_l after optimization: -7295.2109375
beta sum per layer: [47.178096771240234, 196.39968872070312, 410.6329650878906, 173.84307861328125, 857.9469604492188, 26.00790786743164]
alpha/beta optimization time: 0.2260420322418213
pruning_in_iteration open status: False
ratio of positive domain = 0 / 1152 = 0.0
pruning-in-iteration extra time: 5.316734313964844e-05
Time: pickout 0.0753    branching_decision 0.0004    decision 0.0004    set_bounds 0.0221    prepare 0.0503    transfer 0.0001    finalize 0.0800    func 0.3690    solve 0.2833    add 0.0027    bab_iteration 0.3345    
Accumulated time: bab_iteration 0.8570    pickout 0.1349    decision 0.0008    branching_decision 0.0007    set_bounds 0.0464    solve 0.7662    func 1.1351    prepare 0.0899    transfer 0.0002    finalize 0.1525    add 0.0059    
max lb -2.0265746116638184 min lb -7.943386077880859
Number of Verified Splits: 0 of 1152
Current worst splitting domains lb-rhs (depth):
-7.94339 (7), -7.94337 (7), -7.94337 (7), -7.94255 (7), -7.94244 (7), -7.94176 (7), -7.94129 (7), -7.94090 (7), -7.94081 (7), -7.94078 (7), -7.94053 (7), -7.94047 (7), -7.94030 (7), -7.94022 (7), -7.94016 (7), -7.94016 (7), -7.93984 (7), -7.93976 (7), -7.93968 (7), -7.93897 (7), 
Current (lb-rhs): -7.943386077880859
2160 domains visited
Length of domains: 1152
Cumulative time: 1.3905153274536133

BaB round 5
batch: 1152
splitting decisions: 
split level 0: [/input-8, 180] [/input, 1527] [/40, 931] [/input, 1406] [/input, 814] [/input, 1407] [/45, 609] [/45, 702] [/input-8, 393] [/input, 794] 
best_l after optimization: -14542.3798828125
beta sum per layer: [113.05685424804688, 490.4668273925781, 967.8232421875, 448.2611083984375, 2197.556640625, 79.94995880126953]
alpha/beta optimization time: 0.22060775756835938
pruning_in_iteration open status: False
ratio of positive domain = 0 / 2304 = 0.0
pruning-in-iteration extra time: 7.414817810058594e-05
Time: pickout 0.1527    branching_decision 0.0006    decision 0.0006    set_bounds 0.0449    prepare 0.1059    transfer 0.0001    finalize 0.1645    func 0.5115    solve 0.3691    add 0.0078    bab_iteration 0.4750    
Accumulated time: bab_iteration 1.3320    pickout 0.2876    decision 0.0014    branching_decision 0.0013    set_bounds 0.0913    solve 1.1352    func 1.6465    prepare 0.1957    transfer 0.0003    finalize 0.3170    add 0.0137    
max lb -2.0121471881866455 min lb -7.94337797164917
Number of Verified Splits: 0 of 2304
Current worst splitting domains lb-rhs (depth):
-7.94338 (8), -7.94337 (8), -7.94336 (8), -7.94332 (8), -7.94244 (8), -7.94241 (8), -7.94222 (8), -7.94176 (8), -7.94129 (8), -7.94105 (8), -7.94078 (8), -7.94078 (8), -7.94064 (8), -7.94044 (8), -7.94031 (8), -7.94030 (8), -7.94019 (8), -7.94015 (8), -7.94005 (8), -7.93985 (8), 
Current (lb-rhs): -7.94337797164917
4464 domains visited
Length of domains: 2304
Cumulative time: 2.1120238304138184

BaB round 6
batch: 2048
splitting decisions: 
split level 0: [/input-8, 531] [/input-8, 533] [/input-20, 245] [/input, 1463] [/45, 355] [/45, 252] [/input-20, 21] [/45, 102] [/input-8, 724] [/40, 738] 
best_l after optimization: -25756.1640625
beta sum per layer: [238.206298828125, 1057.8175048828125, 2001.844482421875, 1003.592041015625, 4808.44189453125, 194.8750457763672]
alpha/beta optimization time: 0.2913503646850586
pruning_in_iteration open status: False
ratio of positive domain = 0 / 4096 = 0.0
pruning-in-iteration extra time: 6.413459777832031e-05
Time: pickout 0.2807    branching_decision 0.0009    decision 0.0010    set_bounds 0.2223    prepare 0.1868    transfer 0.0001    finalize 0.2977    func 0.8070    solve 0.5115    add 0.0111    bab_iteration 0.7215    
Accumulated time: bab_iteration 2.0535    pickout 0.5683    decision 0.0024    branching_decision 0.0023    set_bounds 0.3136    solve 1.6467    func 2.4535    prepare 0.3826    transfer 0.0004    finalize 0.6147    add 0.0248    
max lb -1.7747938632965088 min lb -7.9433770179748535
Number of Verified Splits: 0 of 4096
Current worst splitting domains lb-rhs (depth):
-7.94338 (9), -7.94337 (9), -7.94332 (9), -7.94303 (9), -7.94292 (9), -7.94234 (9), -7.94218 (9), -7.94203 (9), -7.94197 (9), -7.94176 (9), -7.94168 (9), -7.94129 (8), -7.94110 (9), -7.94079 (9), -7.94078 (9), -7.94077 (9), -7.94071 (9), -7.94060 (9), -7.94043 (9), -7.94030 (8), 
Current (lb-rhs): -7.9433770179748535
8560 domains visited
Length of domains: 4352
current_vram/total_varm: 2.6GB/47.7GB, batch_size increase to 4096
Cumulative time: 3.448230266571045

BaB round 7
batch: 4096
splitting decisions: 
split level 0: [/input-20, 877] [/40, 431] [/input-8, 196] [/40, 535] [/45, 499] [/40, 370] [/input, 1735] [/input-8, 610] [/input-28, 29] [/45, 42] 
best_l after optimization: -51310.90625
beta sum per layer: [583.359375, 2601.7705078125, 4665.5654296875, 2463.90771484375, 11568.3408203125, 536.4235229492188]
alpha/beta optimization time: 0.6942980289459229
pruning_in_iteration open status: False
ratio of positive domain = 0 / 8192 = 0.0
pruning-in-iteration extra time: 8.130073547363281e-05
Time: pickout 0.5776    branching_decision 0.0012    decision 0.0013    set_bounds 0.3157    prepare 0.3854    transfer 0.0001    finalize 0.6069    func 1.7408    solve 0.8070    add 0.0241    bab_iteration 1.3362    
Accumulated time: bab_iteration 3.3897    pickout 1.1459    decision 0.0036    branching_decision 0.0035    set_bounds 0.6293    solve 2.4537    func 4.1943    prepare 0.7680    transfer 0.0005    finalize 1.2216    add 0.0489    
max lb -1.6653382778167725 min lb -7.943366527557373
Number of Verified Splits: 0 of 8192
Current worst splitting domains lb-rhs (depth):
-7.94337 (10), -7.94331 (10), -7.94328 (10), -7.94280 (10), -7.94219 (10), -7.94211 (10), -7.94205 (10), -7.94203 (10), -7.94173 (10), -7.94168 (10), -7.94156 (10), -7.94129 (8), -7.94118 (10), -7.94097 (10), -7.94080 (10), -7.94078 (10), -7.94076 (10), -7.94071 (10), -7.94071 (10), -7.94061 (10), 
Current (lb-rhs): -7.943365573883057
16752 domains visited
Length of domains: 8448
current_vram/total_varm: 5.6GB/47.7GB, batch_size increase to 8192
Cumulative time: 6.119337320327759

BaB round 8
batch: 8192
splitting decisions: 
split level 0: [/input, 1253] [/input-8, 214] [/input, 1222] [/40, 359] [/45, 790] [/input-8, 152] [/40, 103] [/input-20, 557] [/45, 979] [/input, 1282] 
best_l after optimization: -102209.8515625
beta sum per layer: [1410.9349365234375, 6244.1708984375, 10735.0966796875, 5947.1533203125, 27349.375, 1378.0850830078125]
alpha/beta optimization time: 1.492940902709961
pruning_in_iteration open status: False
ratio of positive domain = 0 / 16384 = 0.0
pruning-in-iteration extra time: 5.9604644775390625e-05
Time: pickout 1.3650    branching_decision 0.0021    decision 0.0022    set_bounds 0.5074    prepare 0.7923    transfer 0.0001    finalize 1.4898    func 3.8839    solve 1.7409    add 0.0339    bab_iteration 2.6711    
Accumulated time: bab_iteration 6.0608    pickout 2.5109    decision 0.0058    branching_decision 0.0057    set_bounds 1.1367    solve 4.1946    func 8.0782    prepare 1.5602    transfer 0.0006    finalize 2.7114    add 0.0828    
max lb -1.5827326774597168 min lb -7.943366527557373
Number of Verified Splits: 0 of 16384
Current worst splitting domains lb-rhs (depth):
-7.94337 (11), -7.94331 (11), -7.94331 (11), -7.94323 (11), -7.94317 (11), -7.94317 (11), -7.94211 (11), -7.94205 (11), -7.94194 (11), -7.94184 (11), -7.94176 (11), -7.94168 (11), -7.94168 (11), -7.94156 (11), -7.94156 (11), -7.94138 (11), -7.94129 (8), -7.94125 (11), -7.94110 (11), -7.94071 (11), 
Current (lb-rhs): -7.943365573883057
33136 domains visited
Length of domains: 16640
current_vram/total_varm: 12.5GB/47.7GB, batch_size increase to 16384
Cumulative time: 12.30504560470581

BaB round 9
batch: 16384
splitting decisions: 
split level 0: [/input-8, 693] [/45, 981] [/input-28, 42] [/input-20, 26] [/45, 921] [/45, 289] [/45, 923] [/input-8, 905] [/input, 1174] [/45, 110] 
best_l after optimization: -203535.15625
beta sum per layer: [3360.10009765625, 14657.177734375, 24575.32421875, 14165.138671875, 63652.4296875, 3408.815185546875]
alpha/beta optimization time: 3.0862178802490234
pruning_in_iteration open status: False
ratio of positive domain = 0 / 32768 = 0.0
pruning-in-iteration extra time: 5.841255187988281e-05
Time: pickout 2.9724    branching_decision 0.0041    decision 0.0042    set_bounds 0.9375    prepare 1.5869    transfer 0.0003    finalize 2.8198    func 7.7030    solve 3.8839    add 0.4242    bab_iteration 6.1857    
Accumulated time: bab_iteration 12.2465    pickout 5.4833    decision 0.0100    branching_decision 0.0097    set_bounds 2.0742    solve 8.0785    func 15.7811    prepare 3.1472    transfer 0.0008    finalize 5.5312    add 0.5070    
max lb -1.4036545753479004 min lb -7.943419933319092
Number of Verified Splits: 0 of 32768
Current worst splitting domains lb-rhs (depth):
-7.94337 (12), -7.94331 (12), -7.94331 (12), -7.94314 (12), -7.94305 (12), -7.94208 (12), -7.94207 (12), -7.94191 (12), -7.94184 (12), -7.94183 (12), -7.94181 (12), -7.94175 (12), -7.94171 (12), -7.94163 (12), -7.94161 (12), -7.94156 (12), -7.94129 (8), -7.94115 (12), -7.94114 (12), -7.94104 (12), 
Current (lb-rhs): -7.943365573883057
65904 domains visited
Length of domains: 33024
Cumulative time: 24.042513608932495

BaB round 10
batch: 16384
splitting decisions: 
split level 0: [/input, 1460] [/input, 1670] [/40, 194] [/input, 1347] [/input, 1414] [/input, 1038] [/45, 435] [/45, 725] [/45, 106] [/45, 588] 
best_l after optimization: -202722.890625
beta sum per layer: [3793.72802734375, 16829.94140625, 28000.470703125, 16590.13671875, 72158.09375, 3982.7880859375]
alpha/beta optimization time: 3.0870461463928223
pruning_in_iteration open status: False
ratio of positive domain = 0 / 32768 = 0.0
pruning-in-iteration extra time: 5.841255187988281e-05
Time: pickout 3.2275    branching_decision 0.0040    decision 0.0040    set_bounds 0.6892    prepare 1.6105    transfer 0.0001    finalize 2.6376    func 8.2435    solve 7.7030    add 0.1131    bab_iteration 11.7375    
Accumulated time: bab_iteration 23.9840    pickout 8.7108    decision 0.0139    branching_decision 0.0137    set_bounds 2.7634    solve 15.7815    func 24.0247    prepare 4.7576    transfer 0.0010    finalize 8.1688    add 0.6201    
max lb -1.28486967086792 min lb -7.9433207511901855
Number of Verified Splits: 0 of 32768
Current worst splitting domains lb-rhs (depth):
-7.94337 (12), -7.94331 (12), -7.94331 (13), -7.94330 (13), -7.94306 (13), -7.94305 (13), -7.94304 (13), -7.94265 (13), -7.94208 (12), -7.94207 (13), -7.94191 (12), -7.94187 (13), -7.94184 (13), -7.94184 (13), -7.94183 (12), -7.94175 (13), -7.94171 (12), -7.94164 (13), -7.94161 (12), -7.94156 (13), 
Current (lb-rhs): -7.943365573883057
98672 domains visited
Length of domains: 49408
Cumulative time: 36.32269263267517

BaB round 11
batch: 16384
splitting decisions: 
split level 0: [/input-8, 763] [/40, 771] [/45, 947] [/input, 1299] [/input-20, 51] [/45, 115] [/40, 189] [/input-28, 5] [/input, 1082] [/input-28, 92] 
best_l after optimization: -201891.203125
beta sum per layer: [4233.83740234375, 19097.58203125, 31793.8203125, 19207.4453125, 80810.828125, 4586.02001953125]
alpha/beta optimization time: 3.0871894359588623
pruning_in_iteration open status: False
ratio of positive domain = 0 / 32768 = 0.0
pruning-in-iteration extra time: 5.8650970458984375e-05
Time: pickout 3.0950    branching_decision 0.0037    decision 0.0037    set_bounds 0.7002    prepare 1.6301    transfer 0.0001    finalize 3.0790    func 8.0071    solve 8.2436    add 0.1070    bab_iteration 12.2802    
Accumulated time: bab_iteration 36.2641    pickout 11.8058    decision 0.0177    branching_decision 0.0174    set_bounds 3.4636    solve 24.0251    func 32.0318    prepare 6.3878    transfer 0.0011    finalize 11.2478    add 0.7271    
max lb -1.0340948104858398 min lb -7.942648410797119
Number of Verified Splits: 0 of 32768
Current worst splitting domains lb-rhs (depth):
-7.94337 (12), -7.94331 (12), -7.94331 (13), -7.94305 (13), -7.94304 (13), -7.94265 (14), -7.94247 (14), -7.94208 (12), -7.94196 (14), -7.94191 (12), -7.94187 (13), -7.94184 (14), -7.94184 (14), -7.94184 (13), -7.94183 (12), -7.94175 (14), -7.94171 (12), -7.94166 (14), -7.94161 (12), -7.94161 (14), 
Current (lb-rhs): -7.943365573883057
131440 domains visited
Length of domains: 65792
Cumulative time: 48.28290677070618

BaB round 12
batch: 16384
splitting decisions: 
split level 0: [/input-20, 91] [/input-8, 283] [/input-28, 66] [/input-8, 545] [/40, 338] [/45, 254] [/input-8, 869] [/40, 748] [/input, 828] [/45, 597] 
best_l after optimization: -200983.296875
beta sum per layer: [4776.20947265625, 21681.212890625, 35995.51171875, 22147.37890625, 89986.046875, 5295.1630859375]
alpha/beta optimization time: 3.087404251098633
pruning_in_iteration open status: False
ratio of positive domain = 0 / 32768 = 0.0
pruning-in-iteration extra time: 5.7220458984375e-05
Time: pickout 3.2452    branching_decision 0.0039    decision 0.0039    set_bounds 1.2018    prepare 1.6464    transfer 0.0001    finalize 2.7003    func 7.6428    solve 8.0072    add 0.1442    bab_iteration 11.9602    
Accumulated time: bab_iteration 48.2243    pickout 15.0510    decision 0.0215    branching_decision 0.0213    set_bounds 4.6654    solve 32.0323    func 39.6746    prepare 8.0342    transfer 0.0012    finalize 13.9481    add 0.8713    
max lb -1.015411376953125 min lb -7.941835880279541
Number of Verified Splits: 0 of 32768
Current worst splitting domains lb-rhs (depth):
-7.94337 (12), -7.94331 (12), -7.94331 (13), -7.94305 (13), -7.94304 (13), -7.94265 (14), -7.94247 (14), -7.94208 (12), -7.94191 (12), -7.94187 (13), -7.94184 (14), -7.94184 (13), -7.94184 (15), -7.94183 (12), -7.94175 (15), -7.94171 (12), -7.94166 (14), -7.94161 (12), -7.94161 (15), -7.94158 (14), 
Current (lb-rhs): -7.943365573883057
164208 domains visited
Length of domains: 82176
Time out!!!!!!!!
Result: unknown in 66.6459 seconds
############# Summary #############
Final verified acc: 0.0% (total 10 examples)
Problem instances count: 10 , total verified (safe/unsat): 0 , total falsified (unsafe/sat): 0 , timeout: 10
mean time for ALL instances (total 10):67.9197214422323, max time: 70.11516857147217
unknown (total 10), index: [0, 1, 2, 3, 4, 5, 6, 7, 8, 9]

=== STDERR ===
/mmfs1/gscratch/scrubbed/sgvtc/E-graphs for Verifiability/alpha-beta-CROWN/.venv/lib/python3.11/site-packages/torch/jit/_script.py:1488: DeprecationWarning: `torch.jit.script` is deprecated. Please switch to `torch.compile` or `torch.export`.
  warnings.warn(
/mmfs1/gscratch/scrubbed/sgvtc/E-graphs for Verifiability/alpha-beta-CROWN/.venv/lib/python3.11/site-packages/onnx2pytorch/convert/layer.py:31: UserWarning: The given NumPy array is not writable, and PyTorch does not support non-writable tensors. This means writing to this tensor will result in undefined behavior. You may want to copy the array to protect its data or make it writable before converting it to a tensor. This type of warning will be suppressed for the rest of this program. (Triggered internally at /pytorch/torch/csrc/utils/tensor_numpy.cpp:213.)
  layer.bias.data = torch.from_numpy(numpy_helper.to_array(bias))
/mmfs1/gscratch/scrubbed/sgvtc/E-graphs for Verifiability/alpha-beta-CROWN/.venv/lib/python3.11/site-packages/onnx2pytorch/convert/model.py:151: UserWarning: Using experimental implementation that allows 'batch_size > 1'.Batchnorm layers could potentially produce false outputs.
  warnings.warn(
/mmfs1/gscratch/scrubbed/sgvtc/E-graphs for Verifiability/alpha-beta-CROWN/complete_verifier/specifications.py:342: UserWarning: Creating a tensor from a list of numpy.ndarrays is extremely slow. Please consider converting the list to a single numpy.ndarray with numpy.array() before converting to a tensor. (Triggered internally at /pytorch/torch/csrc/utils/tensor_new.cpp:253.)
  x_range_list = torch.Tensor(x_range_list).to(dtype=dtype, device=device).view(input_shape + [2])
/mmfs1/gscratch/scrubbed/sgvtc/E-graphs for Verifiability/alpha-beta-CROWN/.venv/lib/python3.11/site-packages/onnx2pytorch/utils.py:21: TracerWarning: Converting a tensor to a Python boolean might cause the trace to be incorrect. We can't record the data flow of Python values, so this value will be treated as a constant in the future. This means that the trace might not generalize to other inputs!
  return value.ndim == 0 or value.shape == torch.Size([1])
/mmfs1/gscratch/scrubbed/sgvtc/E-graphs for Verifiability/alpha-beta-CROWN/.venv/lib/python3.11/site-packages/onnx2pytorch/operations/add.py:34: TracerWarning: Converting a tensor to a Python boolean might cause the trace to be incorrect. We can't record the data flow of Python values, so this value will be treated as a constant in the future. This means that the trace might not generalize to other inputs!
  elif all(x == 1 for x in input[0].shape):
/mmfs1/gscratch/scrubbed/sgvtc/E-graphs for Verifiability/alpha-beta-CROWN/.venv/lib/python3.11/site-packages/onnx2pytorch/operations/reshape.py:36: TracerWarning: Converting a tensor to a Python boolean might cause the trace to be incorrect. We can't record the data flow of Python values, so this value will be treated as a constant in the future. This means that the trace might not generalize to other inputs!
  if shape[0] == 1 and len(shape) in [2, 3, 4, 5] and self.quirks.get("fix_batch_size") is True:
/mmfs1/gscratch/scrubbed/sgvtc/E-graphs for Verifiability/alpha-beta-CROWN/.venv/lib/python3.11/site-packages/onnx2pytorch/operations/reshape.py:54: TracerWarning: torch.tensor results are registered as constants in the trace. You can safely ignore this warning if you use this function to create tensors out of constant variables that would be the same every time you call this function. In any other case, this might cause the trace to be incorrect.
  if (torch.prod(torch.tensor(input.shape)) != torch.prod(shape) and len(input.size()) == len(shape) + 1
/mmfs1/gscratch/scrubbed/sgvtc/E-graphs for Verifiability/alpha-beta-CROWN/.venv/lib/python3.11/site-packages/onnx2pytorch/operations/reshape.py:54: TracerWarning: Using len to get tensor shape might cause the trace to be incorrect. Recommended usage would be tensor.shape[0]. Passing a tensor of different shape might lead to errors or silently give incorrect results.
  if (torch.prod(torch.tensor(input.shape)) != torch.prod(shape) and len(input.size()) == len(shape) + 1
/mmfs1/gscratch/scrubbed/sgvtc/E-graphs for Verifiability/alpha-beta-CROWN/.venv/lib/python3.11/site-packages/onnx2pytorch/operations/reshape.py:58: TracerWarning: Iterating over a tensor might cause the trace to be incorrect. Passing a tensor of different shape won't change the number of iterations executed (and might lead to errors or silently give incorrect results).
  shape = [x if x != 0 else input.size(i) for i, x in enumerate(shape)]
/mmfs1/gscratch/scrubbed/sgvtc/E-graphs for Verifiability/alpha-beta-CROWN/complete_verifier/auto_LiRPA/operators/leaf.py:93: UserWarning: The "has_batchdim" option for BoundBuffers is deprecated. It may be removed from the next release.
  warnings.warn('The "has_batchdim" option for BoundBuffers is deprecated.'

